parameter,base_value,range_or_distribution,unit,status,source_or_rationale,doi_or_source,sensitivity_included,manuscript_location,action
years,100,100; audited at shorter horizons in quick tests,years,C,Illustrative century-scale decision horizon.,none; synthetic design choice,no,Methods: model design,Label as synthetic horizon; do not treat as forecast period.
initial_budget,100.0,30-220,abstract budget units per year,C,Dimensionless resource constraint used for policy contrasts.,none; synthetic design choice,yes; Latin hypercube,Methods: finite resources,Retain only as a normalized resource index.
max_individuals,1200,1200; audited at 2400,individuals,C,Synthetic computational population cap.,none; implementation convenience,twofold population-cap audit,Reproducibility repository: computation,"Base conclusions on endpoint robustness, not capped abundance."
observation_noise,0.18,lognormal sigma 0-0.18; perfect-observation ablation at 0,log-scale standard deviation,C,Illustrative abundance-observation uncertainty.,none; synthetic assumption,ablation,Methods: partial observability,Describe as synthetic and report perfect-observation contrast.
quality_observation_noise,0.1,"normal sigma 0-0.10, clipped to [0,1]",quality-index standard deviation,C,Illustrative habitat-quality measurement error.,none; synthetic assumption,ablation,Methods: partial observability,Describe as synthetic and test leakage.
observation_delay,1,0-1,years,C,One-step reporting delay.,none; synthetic assumption,perfect-observation ablation,Methods: partial observability,Report delay explicitly.
background_detection_probability,0.005,0-0.005 per year before survey effects,probability per latent species-year,C,Synthetic incidental detection floor.,none; synthetic assumption,EBD boundary audit,Methods: discovery,Separate incidental detection from funded survey effects.
climate_velocity,0.012,0-0.05,quality-index displacement per year,C,Synthetic directional environmental-change gradient.,none; not calibrated to geographic climate velocity,yes; Latin hypercube and sweep,Methods: environmental change,Avoid physical climate-velocity interpretation.
habitat_deterioration,0.006,0-0.025,quality-index loss per year,C,Synthetic habitat-quality trajectory.,none; synthetic assumption,yes; Latin hypercube and sweep,Methods: environmental change,"Base conclusions on reversal regions, not the point value."
relocation_mortality,0.025,0-0.20,probability per moved individual,C,Synthetic immediate movement-associated mortality.,none; synthetic assumption,yes; Latin hypercube and sweep,Methods: movement,Keep individual-specific implementation and label synthetic.
relocation_stress,0.1,0-0.55,health-index decrement scale,C,Synthetic relocation burden moderated by stress tolerance.,none; synthetic assumption,yes; Latin hypercube and sweep,Methods: movement and welfare,Report alternative high-harm conditions.
movement_disease_risk,0.03,0-0.40,infection probability per moved susceptible individual,C,Synthetic transit-associated infection risk.,none; synthetic assumption,yes; Latin hypercube,Methods: disease,Do not describe as empirically calibrated.
quarantine_effectiveness,0.65,0-1,fraction of movement infection risk prevented,C,Synthetic quarantine effectiveness.,none; synthetic assumption,disease feature audit,Reproducibility repository: disease module,Do not interpret as a measured quarantine effect.
quarantine_cost_per_move,0.25,0-1,budget units per moved individual,C,Synthetic resource accounting within rescue spending.,none; synthetic assumption,disease feature audit,Reproducibility repository: disease module,"Report as relative cost, not currency."
infection_fertility_penalty,0.3,0-0.6,proportional fertility reduction,C,Synthetic disease-demography coupling.,none; synthetic assumption,disease feature audit,Reproducibility repository: disease module,Retain as illustrative.
s3_refuge_trigger,0.48,0.48; scenario-specific alternatives,observed origin suitability-quality index,C,Operational threshold defining when return-to-origin enters refuge mode.,none; policy-archetype definition,S3 failure decomposition,Methods: S3 policy,Label as an archetype threshold.
s3_return_threshold,0.62,0.62; scenario-specific alternatives,observed origin suitability-quality index,C,Operational threshold for return after refuge.,none; policy-archetype definition,S3 failure decomposition,Methods: S3 policy,Label as an archetype threshold.
s3_return_delay,5,0-5,years,C,Minimum delay before return is considered.,none; policy-archetype definition,S3 failure decomposition,Methods: S3 policy,Report timing sensitivity.
captivity_welfare_penalty,0.12,0-0.50,welfare-index decrement scale,C,Synthetic restriction burden moderated by stress tolerance.,none; synthetic normative coding,yes; Latin hypercube and sweep,Methods: welfare,Test alternative welfare definitions and avoid calibration language.
wild_predation_welfare_weight,0.1,0-0.25,welfare decrement per predation-risk unit,C,Synthetic wild-hazard welfare burden.,none; normative synthetic weight,alternative welfare definitions,Reproducibility repository: welfare module,Report welfare rankings across alternative weights.
food_insecurity_welfare_weight,0.18,0-0.35,welfare decrement per habitat shortfall,C,Synthetic food and habitat insecurity burden.,none; normative synthetic weight,alternative welfare definitions,Reproducibility repository: welfare module,Report welfare rankings across alternative weights.
managed_crowding_welfare_weight,0.12,0-0.3,welfare decrement per occupancy ratio,C,Synthetic managed crowding burden.,none; normative synthetic weight,alternative welfare definitions,Reproducibility repository: welfare module,Report welfare rankings across alternative weights.
managed_restriction_welfare_weight,0.12,0-0.3,welfare decrement per migration-need unit,C,Synthetic behavioral-restriction burden.,none; normative synthetic weight,alternative welfare definitions,Reproducibility repository: welfare module,Report welfare rankings across alternative weights.
infection_welfare_weight,0.16,0-0.3,welfare decrement while infected,C,Synthetic disease welfare burden.,none; normative synthetic weight,alternative welfare definitions,Reproducibility repository: welfare module,Report welfare rankings across alternative weights.
habituation_welfare_weight,0.1,0-0.25,welfare decrement scale,C,Synthetic habituation-by-migration-need burden.,none; normative synthetic weight,alternative welfare definitions,Reproducibility repository: welfare module,Report welfare rankings across alternative weights.
relocation_welfare_weight,0.12,0-0.3,welfare decrement per relocation-stress unit,C,Synthetic acute movement burden.,none; normative synthetic weight,alternative welfare definitions,Reproducibility repository: welfare module,Report welfare rankings across alternative weights.
ex_situ_breeding_benefit,0.22,0-0.55,fertility multiplier increment,C,Synthetic managed-breeding benefit.,none; synthetic assumption,yes; Latin hypercube and sweep,Methods: reproduction,Report zero-benefit adverse condition.
inbreeding_fertility_penalty,0.35,0-0.7,proportional fertility reduction,C,Synthetic inbreeding-depression mechanism.,none; synthetic assumption,genetics feature audit,Reproducibility repository: genetics module,Do not interpret as a taxon-specific estimate.
inbreeding_mortality_penalty,0.08,0-0.2,annual mortality increment per inbreeding unit,C,Synthetic inbreeding-depression mechanism.,none; synthetic assumption,genetics feature audit,Reproducibility repository: genetics module,Do not interpret as a taxon-specific estimate.
release_survival_penalty,0.08,0-0.30,probability per released individual,C,Synthetic immediate release-associated mortality.,none; synthetic assumption,yes; Latin hypercube and S3 audit,Methods: movement,Keep release-specific implementation.
survey_cost,10.0,0.5-60,budget units per survey scale,C,Synthetic trade-off between survey effort and other actions.,none; normalized cost,yes; Latin hypercube and sweep,Methods: discovery,Interpret only relative to normalized budget.
engagement_coefficient,0.08,-0.15 to 0.25,budget-feedback coefficient,C,"Hypothetical positive, null, or negative public-engagement feedback.",none; exploratory hypothesis,"yes; Latin hypercube, sweep, ablation, adverse condition",Methods: engagement,Remove causal educational claims and retain as exploratory.
engagement_habitat_feedback,0.02,0-0.04,engagement change per habitat-index year,C,Synthetic non-exposure feedback.,none; synthetic assumption,engagement feature audit,Reproducibility repository: engagement module,Disable with engagement coefficient for the feature-off case.
habitat_protection_efficiency,0.025,0.005-0.08,quality-index gain per normalized investment,C,Synthetic habitat-investment response.,none; synthetic assumption,yes; Latin hypercube and sweep,Methods: habitat investment,Report efficient-restoration adverse condition.
biobank_future_value,0.05,0-0.05,future-option index per covered species,C,Exploratory option-value increment; no resurrection mechanism.,none; synthetic exploratory index,feature-off ablation,Methods: biobank,Keep in exploratory interpretation.
biobank_annual_decay,0.01,0-0.05,annual viability fraction lost,C,Synthetic storage viability decay.,none; synthetic assumption,biobank feature audit,Reproducibility repository: biobank module,"Treat coverage as option value, not resurrection."
catastrophe_probability,0.035,0-0.035 annually,probability per year,C,Synthetic environmental shock frequency.,none; synthetic assumption,S0 and adverse-condition controls,Methods: stochastic environment,Do not map to a specific disturbance regime.
funding_collapse_probability,0.015,0-0.015 annually,probability per year,C,Synthetic resource-shock frequency.,none; synthetic assumption,benign controls,Methods: finite resources,Label as synthetic.
origin_fidelity,0.2,0-0.20,node-choice score increment,C,Normative preference for historical origin.,none; normative policy weight,feature-off ablation,Methods: origin fidelity,Never present as an empirical ecological coefficient.
mortality_multiplier,1.0,0.75-1 in S0 controls,multiplier,C,Diagnostic control for benign demography.,none; audit control,S0 audit,Reproducibility repository: S0 audit,Use only for structural diagnostics.
anthropogenic_pressure_multiplier,1.0,0-1,multiplier,C,Diagnostic control for anthropogenic pressure.,none; audit control,S0 audit,Reproducibility repository: S0 audit,Use only for structural diagnostics.
predation_multiplier,1.0,0.5-1 in S0 controls,multiplier,C,Diagnostic control for wild predation burden.,none; audit control,S0 audit,Reproducibility repository: S0 audit,Use only for structural diagnostics.
scenario,directional_change,"stationary, slow deterioration, rapid deterioration, restoration, directional change, abrupt collapse",categorical,C,Synthetic environmental scenario family.,none; scenario design,adverse conditions and S0/S3 audits,Methods: scenarios,Frame conclusions as conditional on scenario families.
information_utility_weights.survival_100,0.35,fixed declared normative weight,proportion,C,Declared multiattribute weighting for the diagnostic current-state-information comparison.,none; normative analysis choice,component outcomes reported separately,"Methods: Outcomes, comparison, and uncertainty",Do not interpret as stakeholder preferences; obtain stakeholder-derived weights for applied use.
information_utility_weights.future_option_value,0.2,fixed declared normative weight,proportion,C,Declared multiattribute weighting for the diagnostic current-state-information comparison.,none; normative analysis choice,component outcomes reported separately,"Methods: Outcomes, comparison, and uncertainty",Do not interpret as stakeholder preferences; obtain stakeholder-derived weights for applied use.
information_utility_weights.habitat_integrity,0.15,fixed declared normative weight,proportion,C,Declared multiattribute weighting for the diagnostic current-state-information comparison.,none; normative analysis choice,component outcomes reported separately,"Methods: Outcomes, comparison, and uncertainty",Do not interpret as stakeholder preferences; obtain stakeholder-derived weights for applied use.
information_utility_weights.ebd_avoidance,0.15,fixed declared normative weight,proportion,C,Declared multiattribute weighting for the diagnostic current-state-information comparison.,none; normative analysis choice,component outcomes reported separately,"Methods: Outcomes, comparison, and uncertainty",Do not interpret as stakeholder preferences; obtain stakeholder-derived weights for applied use.
information_utility_weights.mean_individual_welfare,0.15,fixed declared normative weight,proportion,C,Declared multiattribute weighting for the diagnostic current-state-information comparison.,none; normative analysis choice,component outcomes reported separately,"Methods: Outcomes, comparison, and uncertainty",Do not interpret as stakeholder preferences; obtain stakeholder-derived weights for applied use.
budget_diagnostic_utility_weights.survival_100,0.4,fixed declared normative weight,proportion,C,Declared multiattribute weighting used only to select budget-robustness candidates for held-out comparison.,none; normative audit choice,component outcomes and alternative allocations reported,Reproducibility repository: policy-budget fairness audit,Do not interpret as stakeholder preferences or use it to rank policy classes.
budget_diagnostic_utility_weights.species_retained_100,0.25,fixed declared normative weight,proportion,C,Declared multiattribute weighting used only to select budget-robustness candidates for held-out comparison.,none; normative audit choice,component outcomes and alternative allocations reported,Reproducibility repository: policy-budget fairness audit,Do not interpret as stakeholder preferences or use it to rank policy classes.
budget_diagnostic_utility_weights.mean_individual_welfare,0.15,fixed declared normative weight,proportion,C,Declared multiattribute weighting used only to select budget-robustness candidates for held-out comparison.,none; normative audit choice,component outcomes and alternative allocations reported,Reproducibility repository: policy-budget fairness audit,Do not interpret as stakeholder preferences or use it to rank policy classes.
budget_diagnostic_utility_weights.future_option_value,0.1,fixed declared normative weight,proportion,C,Declared multiattribute weighting used only to select budget-robustness candidates for held-out comparison.,none; normative audit choice,component outcomes and alternative allocations reported,Reproducibility repository: policy-budget fairness audit,Do not interpret as stakeholder preferences or use it to rank policy classes.
budget_diagnostic_utility_weights.ebd_avoidance,0.1,fixed declared normative weight,proportion,C,Declared multiattribute weighting used only to select budget-robustness candidates for held-out comparison.,none; normative audit choice,component outcomes and alternative allocations reported,Reproducibility repository: policy-budget fairness audit,Do not interpret as stakeholder preferences or use it to rank policy classes.
species.sp_generalist.known,True,known or latent at initialization,categorical indicator,C,Synthetic initial information-state assignment.,none; synthetic species archetypes,EBD boundary audit,Reproducibility repository: species configuration,Do not interpret as taxonomic discovery status.
species.sp_generalist.initial_n,58,32-58,individuals,C,Illustrative synthetic interspecific heterogeneity.,none; synthetic species archetypes,indirectly through species heterogeneity,Reproducibility repository: species configuration,Do not interpret as estimates for named taxa.
species.sp_generalist.growth,0.2,0.09-0.2,annual intrinsic growth scale,C,Illustrative synthetic interspecific heterogeneity.,none; synthetic species archetypes,indirectly through species heterogeneity,Reproducibility repository: species configuration,Do not interpret as estimates for named taxa.
species.sp_generalist.mortality,0.1,0.07-0.13,annual probability,C,Illustrative synthetic interspecific heterogeneity.,none; synthetic species archetypes,indirectly through species heterogeneity,Reproducibility repository: species configuration,Do not interpret as estimates for named taxa.
species.sp_generalist.niche_breadth,0.8,0.22-0.8,index,C,Illustrative synthetic interspecific heterogeneity.,none; synthetic species archetypes,indirectly through species heterogeneity,Reproducibility repository: species configuration,Do not interpret as estimates for named taxa.
species.sp_generalist.habitat_specificity,0.25,0.25-0.9,index,C,Illustrative synthetic interspecific heterogeneity.,none; synthetic species archetypes,indirectly through species heterogeneity,Reproducibility repository: species configuration,Do not interpret as estimates for named taxa.
species.sp_generalist.climate_sensitivity,0.25,0.25-0.72,index,C,Illustrative synthetic interspecific heterogeneity.,none; synthetic species archetypes,indirectly through species heterogeneity,Reproducibility repository: species configuration,Do not interpret as estimates for named taxa.
species.sp_generalist.anthropogenic_sensitivity,0.35000000000000003,0.35-0.78,index,C,Illustrative synthetic interspecific heterogeneity.,none; synthetic species archetypes,indirectly through species heterogeneity,Reproducibility repository: species configuration,Do not interpret as estimates for named taxa.
species.sp_generalist.dispersal,0.7000000000000001,0.18-0.9,index,C,Illustrative synthetic interspecific heterogeneity.,none; synthetic species archetypes,indirectly through species heterogeneity,Reproducibility repository: species configuration,Do not interpret as estimates for named taxa.
species.sp_generalist.detectability,0.85,0.18-0.85,index,C,Illustrative synthetic interspecific heterogeneity.,none; synthetic species archetypes,indirectly through species heterogeneity,Reproducibility repository: species configuration,Do not interpret as estimates for named taxa.
species.sp_generalist.fertility,0.65,0.28-0.65,birth probability scale,C,Illustrative synthetic interspecific heterogeneity.,none; synthetic species archetypes,indirectly through species heterogeneity,Reproducibility repository: species configuration,Do not interpret as estimates for named taxa.
species.sp_generalist.social_dependence,0.35000000000000003,0.25-0.7,index,C,Illustrative synthetic interspecific heterogeneity.,none; synthetic species archetypes,indirectly through species heterogeneity,Reproducibility repository: species configuration,Do not interpret as estimates for named taxa.
species.sp_generalist.migration_need,0.15,0-0.85,index,C,Illustrative synthetic interspecific heterogeneity.,none; synthetic species archetypes,indirectly through species heterogeneity,Reproducibility repository: species configuration,Do not interpret as estimates for named taxa.
species.sp_generalist.captivity_tolerance,0.7000000000000001,0.35-0.7,index,C,Illustrative synthetic interspecific heterogeneity.,none; synthetic species archetypes,indirectly through species heterogeneity,Reproducibility repository: species configuration,Do not interpret as estimates for named taxa.
species.sp_forest_specialist.known,True,known or latent at initialization,categorical indicator,C,Synthetic initial information-state assignment.,none; synthetic species archetypes,EBD boundary audit,Reproducibility repository: species configuration,Do not interpret as taxonomic discovery status.
species.sp_forest_specialist.initial_n,48,32-58,individuals,C,Illustrative synthetic interspecific heterogeneity.,none; synthetic species archetypes,indirectly through species heterogeneity,Reproducibility repository: species configuration,Do not interpret as estimates for named taxa.
species.sp_forest_specialist.growth,0.16,0.09-0.2,annual intrinsic growth scale,C,Illustrative synthetic interspecific heterogeneity.,none; synthetic species archetypes,indirectly through species heterogeneity,Reproducibility repository: species configuration,Do not interpret as estimates for named taxa.
species.sp_forest_specialist.mortality,0.11,0.07-0.13,annual probability,C,Illustrative synthetic interspecific heterogeneity.,none; synthetic species archetypes,indirectly through species heterogeneity,Reproducibility repository: species configuration,Do not interpret as estimates for named taxa.
species.sp_forest_specialist.niche_breadth,0.35000000000000003,0.22-0.8,index,C,Illustrative synthetic interspecific heterogeneity.,none; synthetic species archetypes,indirectly through species heterogeneity,Reproducibility repository: species configuration,Do not interpret as estimates for named taxa.
species.sp_forest_specialist.habitat_specificity,0.8,0.25-0.9,index,C,Illustrative synthetic interspecific heterogeneity.,none; synthetic species archetypes,indirectly through species heterogeneity,Reproducibility repository: species configuration,Do not interpret as estimates for named taxa.
species.sp_forest_specialist.climate_sensitivity,0.55,0.25-0.72,index,C,Illustrative synthetic interspecific heterogeneity.,none; synthetic species archetypes,indirectly through species heterogeneity,Reproducibility repository: species configuration,Do not interpret as estimates for named taxa.
species.sp_forest_specialist.anthropogenic_sensitivity,0.7000000000000001,0.35-0.78,index,C,Illustrative synthetic interspecific heterogeneity.,none; synthetic species archetypes,indirectly through species heterogeneity,Reproducibility repository: species configuration,Do not interpret as estimates for named taxa.
species.sp_forest_specialist.dispersal,0.35000000000000003,0.18-0.9,index,C,Illustrative synthetic interspecific heterogeneity.,none; synthetic species archetypes,indirectly through species heterogeneity,Reproducibility repository: species configuration,Do not interpret as estimates for named taxa.
species.sp_forest_specialist.detectability,0.6,0.18-0.85,index,C,Illustrative synthetic interspecific heterogeneity.,none; synthetic species archetypes,indirectly through species heterogeneity,Reproducibility repository: species configuration,Do not interpret as estimates for named taxa.
species.sp_forest_specialist.fertility,0.5,0.28-0.65,birth probability scale,C,Illustrative synthetic interspecific heterogeneity.,none; synthetic species archetypes,indirectly through species heterogeneity,Reproducibility repository: species configuration,Do not interpret as estimates for named taxa.
species.sp_forest_specialist.social_dependence,0.55,0.25-0.7,index,C,Illustrative synthetic interspecific heterogeneity.,none; synthetic species archetypes,indirectly through species heterogeneity,Reproducibility repository: species configuration,Do not interpret as estimates for named taxa.
species.sp_forest_specialist.migration_need,0.1,0-0.85,index,C,Illustrative synthetic interspecific heterogeneity.,none; synthetic species archetypes,indirectly through species heterogeneity,Reproducibility repository: species configuration,Do not interpret as estimates for named taxa.
species.sp_forest_specialist.captivity_tolerance,0.55,0.35-0.7,index,C,Illustrative synthetic interspecific heterogeneity.,none; synthetic species archetypes,indirectly through species heterogeneity,Reproducibility repository: species configuration,Do not interpret as estimates for named taxa.
species.sp_migrant.known,True,known or latent at initialization,categorical indicator,C,Synthetic initial information-state assignment.,none; synthetic species archetypes,EBD boundary audit,Reproducibility repository: species configuration,Do not interpret as taxonomic discovery status.
species.sp_migrant.initial_n,54,32-58,individuals,C,Illustrative synthetic interspecific heterogeneity.,none; synthetic species archetypes,indirectly through species heterogeneity,Reproducibility repository: species configuration,Do not interpret as estimates for named taxa.
species.sp_migrant.growth,0.17,0.09-0.2,annual intrinsic growth scale,C,Illustrative synthetic interspecific heterogeneity.,none; synthetic species archetypes,indirectly through species heterogeneity,Reproducibility repository: species configuration,Do not interpret as estimates for named taxa.
species.sp_migrant.mortality,0.12,0.07-0.13,annual probability,C,Illustrative synthetic interspecific heterogeneity.,none; synthetic species archetypes,indirectly through species heterogeneity,Reproducibility repository: species configuration,Do not interpret as estimates for named taxa.
species.sp_migrant.niche_breadth,0.65,0.22-0.8,index,C,Illustrative synthetic interspecific heterogeneity.,none; synthetic species archetypes,indirectly through species heterogeneity,Reproducibility repository: species configuration,Do not interpret as estimates for named taxa.
species.sp_migrant.habitat_specificity,0.45,0.25-0.9,index,C,Illustrative synthetic interspecific heterogeneity.,none; synthetic species archetypes,indirectly through species heterogeneity,Reproducibility repository: species configuration,Do not interpret as estimates for named taxa.
species.sp_migrant.climate_sensitivity,0.6,0.25-0.72,index,C,Illustrative synthetic interspecific heterogeneity.,none; synthetic species archetypes,indirectly through species heterogeneity,Reproducibility repository: species configuration,Do not interpret as estimates for named taxa.
species.sp_migrant.anthropogenic_sensitivity,0.45,0.35-0.78,index,C,Illustrative synthetic interspecific heterogeneity.,none; synthetic species archetypes,indirectly through species heterogeneity,Reproducibility repository: species configuration,Do not interpret as estimates for named taxa.
species.sp_migrant.dispersal,0.9,0.18-0.9,index,C,Illustrative synthetic interspecific heterogeneity.,none; synthetic species archetypes,indirectly through species heterogeneity,Reproducibility repository: species configuration,Do not interpret as estimates for named taxa.
species.sp_migrant.detectability,0.72,0.18-0.85,index,C,Illustrative synthetic interspecific heterogeneity.,none; synthetic species archetypes,indirectly through species heterogeneity,Reproducibility repository: species configuration,Do not interpret as estimates for named taxa.
species.sp_migrant.fertility,0.55,0.28-0.65,birth probability scale,C,Illustrative synthetic interspecific heterogeneity.,none; synthetic species archetypes,indirectly through species heterogeneity,Reproducibility repository: species configuration,Do not interpret as estimates for named taxa.
species.sp_migrant.social_dependence,0.5,0.25-0.7,index,C,Illustrative synthetic interspecific heterogeneity.,none; synthetic species archetypes,indirectly through species heterogeneity,Reproducibility repository: species configuration,Do not interpret as estimates for named taxa.
species.sp_migrant.migration_need,0.85,0-0.85,index,C,Illustrative synthetic interspecific heterogeneity.,none; synthetic species archetypes,indirectly through species heterogeneity,Reproducibility repository: species configuration,Do not interpret as estimates for named taxa.
species.sp_migrant.captivity_tolerance,0.35000000000000003,0.35-0.7,index,C,Illustrative synthetic interspecific heterogeneity.,none; synthetic species archetypes,indirectly through species heterogeneity,Reproducibility repository: species configuration,Do not interpret as estimates for named taxa.
species.sp_slow_breeder.known,True,known or latent at initialization,categorical indicator,C,Synthetic initial information-state assignment.,none; synthetic species archetypes,EBD boundary audit,Reproducibility repository: species configuration,Do not interpret as taxonomic discovery status.
species.sp_slow_breeder.initial_n,42,32-58,individuals,C,Illustrative synthetic interspecific heterogeneity.,none; synthetic species archetypes,indirectly through species heterogeneity,Reproducibility repository: species configuration,Do not interpret as estimates for named taxa.
species.sp_slow_breeder.growth,0.09,0.09-0.2,annual intrinsic growth scale,C,Illustrative synthetic interspecific heterogeneity.,none; synthetic species archetypes,indirectly through species heterogeneity,Reproducibility repository: species configuration,Do not interpret as estimates for named taxa.
species.sp_slow_breeder.mortality,0.07,0.07-0.13,annual probability,C,Illustrative synthetic interspecific heterogeneity.,none; synthetic species archetypes,indirectly through species heterogeneity,Reproducibility repository: species configuration,Do not interpret as estimates for named taxa.
species.sp_slow_breeder.niche_breadth,0.5,0.22-0.8,index,C,Illustrative synthetic interspecific heterogeneity.,none; synthetic species archetypes,indirectly through species heterogeneity,Reproducibility repository: species configuration,Do not interpret as estimates for named taxa.
species.sp_slow_breeder.habitat_specificity,0.58,0.25-0.9,index,C,Illustrative synthetic interspecific heterogeneity.,none; synthetic species archetypes,indirectly through species heterogeneity,Reproducibility repository: species configuration,Do not interpret as estimates for named taxa.
species.sp_slow_breeder.climate_sensitivity,0.48,0.25-0.72,index,C,Illustrative synthetic interspecific heterogeneity.,none; synthetic species archetypes,indirectly through species heterogeneity,Reproducibility repository: species configuration,Do not interpret as estimates for named taxa.
species.sp_slow_breeder.anthropogenic_sensitivity,0.68,0.35-0.78,index,C,Illustrative synthetic interspecific heterogeneity.,none; synthetic species archetypes,indirectly through species heterogeneity,Reproducibility repository: species configuration,Do not interpret as estimates for named taxa.
species.sp_slow_breeder.dispersal,0.45,0.18-0.9,index,C,Illustrative synthetic interspecific heterogeneity.,none; synthetic species archetypes,indirectly through species heterogeneity,Reproducibility repository: species configuration,Do not interpret as estimates for named taxa.
species.sp_slow_breeder.detectability,0.75,0.18-0.85,index,C,Illustrative synthetic interspecific heterogeneity.,none; synthetic species archetypes,indirectly through species heterogeneity,Reproducibility repository: species configuration,Do not interpret as estimates for named taxa.
species.sp_slow_breeder.fertility,0.28,0.28-0.65,birth probability scale,C,Illustrative synthetic interspecific heterogeneity.,none; synthetic species archetypes,indirectly through species heterogeneity,Reproducibility repository: species configuration,Do not interpret as estimates for named taxa.
species.sp_slow_breeder.social_dependence,0.65,0.25-0.7,index,C,Illustrative synthetic interspecific heterogeneity.,none; synthetic species archetypes,indirectly through species heterogeneity,Reproducibility repository: species configuration,Do not interpret as estimates for named taxa.
species.sp_slow_breeder.migration_need,0.2,0-0.85,index,C,Illustrative synthetic interspecific heterogeneity.,none; synthetic species archetypes,indirectly through species heterogeneity,Reproducibility repository: species configuration,Do not interpret as estimates for named taxa.
species.sp_slow_breeder.captivity_tolerance,0.62,0.35-0.7,index,C,Illustrative synthetic interspecific heterogeneity.,none; synthetic species archetypes,indirectly through species heterogeneity,Reproducibility repository: species configuration,Do not interpret as estimates for named taxa.
species.sp_disease_sensitive.known,True,known or latent at initialization,categorical indicator,C,Synthetic initial information-state assignment.,none; synthetic species archetypes,EBD boundary audit,Reproducibility repository: species configuration,Do not interpret as taxonomic discovery status.
species.sp_disease_sensitive.initial_n,50,32-58,individuals,C,Illustrative synthetic interspecific heterogeneity.,none; synthetic species archetypes,indirectly through species heterogeneity,Reproducibility repository: species configuration,Do not interpret as estimates for named taxa.
species.sp_disease_sensitive.growth,0.18,0.09-0.2,annual intrinsic growth scale,C,Illustrative synthetic interspecific heterogeneity.,none; synthetic species archetypes,indirectly through species heterogeneity,Reproducibility repository: species configuration,Do not interpret as estimates for named taxa.
species.sp_disease_sensitive.mortality,0.1,0.07-0.13,annual probability,C,Illustrative synthetic interspecific heterogeneity.,none; synthetic species archetypes,indirectly through species heterogeneity,Reproducibility repository: species configuration,Do not interpret as estimates for named taxa.
species.sp_disease_sensitive.niche_breadth,0.58,0.22-0.8,index,C,Illustrative synthetic interspecific heterogeneity.,none; synthetic species archetypes,indirectly through species heterogeneity,Reproducibility repository: species configuration,Do not interpret as estimates for named taxa.
species.sp_disease_sensitive.habitat_specificity,0.52,0.25-0.9,index,C,Illustrative synthetic interspecific heterogeneity.,none; synthetic species archetypes,indirectly through species heterogeneity,Reproducibility repository: species configuration,Do not interpret as estimates for named taxa.
species.sp_disease_sensitive.climate_sensitivity,0.4,0.25-0.72,index,C,Illustrative synthetic interspecific heterogeneity.,none; synthetic species archetypes,indirectly through species heterogeneity,Reproducibility repository: species configuration,Do not interpret as estimates for named taxa.
species.sp_disease_sensitive.anthropogenic_sensitivity,0.5,0.35-0.78,index,C,Illustrative synthetic interspecific heterogeneity.,none; synthetic species archetypes,indirectly through species heterogeneity,Reproducibility repository: species configuration,Do not interpret as estimates for named taxa.
species.sp_disease_sensitive.dispersal,0.55,0.18-0.9,index,C,Illustrative synthetic interspecific heterogeneity.,none; synthetic species archetypes,indirectly through species heterogeneity,Reproducibility repository: species configuration,Do not interpret as estimates for named taxa.
species.sp_disease_sensitive.detectability,0.67,0.18-0.85,index,C,Illustrative synthetic interspecific heterogeneity.,none; synthetic species archetypes,indirectly through species heterogeneity,Reproducibility repository: species configuration,Do not interpret as estimates for named taxa.
species.sp_disease_sensitive.fertility,0.6,0.28-0.65,birth probability scale,C,Illustrative synthetic interspecific heterogeneity.,none; synthetic species archetypes,indirectly through species heterogeneity,Reproducibility repository: species configuration,Do not interpret as estimates for named taxa.
species.sp_disease_sensitive.social_dependence,0.7000000000000001,0.25-0.7,index,C,Illustrative synthetic interspecific heterogeneity.,none; synthetic species archetypes,indirectly through species heterogeneity,Reproducibility repository: species configuration,Do not interpret as estimates for named taxa.
species.sp_disease_sensitive.migration_need,0.05,0-0.85,index,C,Illustrative synthetic interspecific heterogeneity.,none; synthetic species archetypes,indirectly through species heterogeneity,Reproducibility repository: species configuration,Do not interpret as estimates for named taxa.
species.sp_disease_sensitive.captivity_tolerance,0.58,0.35-0.7,index,C,Illustrative synthetic interspecific heterogeneity.,none; synthetic species archetypes,indirectly through species heterogeneity,Reproducibility repository: species configuration,Do not interpret as estimates for named taxa.
species.latent_cryptic.known,False,known or latent at initialization,categorical indicator,C,Synthetic initial information-state assignment.,none; synthetic species archetypes,EBD boundary audit,Reproducibility repository: species configuration,Do not interpret as taxonomic discovery status.
species.latent_cryptic.initial_n,36,32-58,individuals,C,Illustrative synthetic interspecific heterogeneity.,none; synthetic species archetypes,indirectly through species heterogeneity,Reproducibility repository: species configuration,Do not interpret as estimates for named taxa.
species.latent_cryptic.growth,0.14,0.09-0.2,annual intrinsic growth scale,C,Illustrative synthetic interspecific heterogeneity.,none; synthetic species archetypes,indirectly through species heterogeneity,Reproducibility repository: species configuration,Do not interpret as estimates for named taxa.
species.latent_cryptic.mortality,0.12,0.07-0.13,annual probability,C,Illustrative synthetic interspecific heterogeneity.,none; synthetic species archetypes,indirectly through species heterogeneity,Reproducibility repository: species configuration,Do not interpret as estimates for named taxa.
species.latent_cryptic.niche_breadth,0.3,0.22-0.8,index,C,Illustrative synthetic interspecific heterogeneity.,none; synthetic species archetypes,indirectly through species heterogeneity,Reproducibility repository: species configuration,Do not interpret as estimates for named taxa.
species.latent_cryptic.habitat_specificity,0.8200000000000001,0.25-0.9,index,C,Illustrative synthetic interspecific heterogeneity.,none; synthetic species archetypes,indirectly through species heterogeneity,Reproducibility repository: species configuration,Do not interpret as estimates for named taxa.
species.latent_cryptic.climate_sensitivity,0.62,0.25-0.72,index,C,Illustrative synthetic interspecific heterogeneity.,none; synthetic species archetypes,indirectly through species heterogeneity,Reproducibility repository: species configuration,Do not interpret as estimates for named taxa.
species.latent_cryptic.anthropogenic_sensitivity,0.72,0.35-0.78,index,C,Illustrative synthetic interspecific heterogeneity.,none; synthetic species archetypes,indirectly through species heterogeneity,Reproducibility repository: species configuration,Do not interpret as estimates for named taxa.
species.latent_cryptic.dispersal,0.25,0.18-0.9,index,C,Illustrative synthetic interspecific heterogeneity.,none; synthetic species archetypes,indirectly through species heterogeneity,Reproducibility repository: species configuration,Do not interpret as estimates for named taxa.
species.latent_cryptic.detectability,0.18,0.18-0.85,index,C,Illustrative synthetic interspecific heterogeneity.,none; synthetic species archetypes,indirectly through species heterogeneity,Reproducibility repository: species configuration,Do not interpret as estimates for named taxa.
species.latent_cryptic.fertility,0.48,0.28-0.65,birth probability scale,C,Illustrative synthetic interspecific heterogeneity.,none; synthetic species archetypes,indirectly through species heterogeneity,Reproducibility repository: species configuration,Do not interpret as estimates for named taxa.
species.latent_cryptic.social_dependence,0.35000000000000003,0.25-0.7,index,C,Illustrative synthetic interspecific heterogeneity.,none; synthetic species archetypes,indirectly through species heterogeneity,Reproducibility repository: species configuration,Do not interpret as estimates for named taxa.
species.latent_cryptic.migration_need,0.05,0-0.85,index,C,Illustrative synthetic interspecific heterogeneity.,none; synthetic species archetypes,indirectly through species heterogeneity,Reproducibility repository: species configuration,Do not interpret as estimates for named taxa.
species.latent_cryptic.captivity_tolerance,0.42,0.35-0.7,index,C,Illustrative synthetic interspecific heterogeneity.,none; synthetic species archetypes,indirectly through species heterogeneity,Reproducibility repository: species configuration,Do not interpret as estimates for named taxa.
species.latent_range_restricted.known,False,known or latent at initialization,categorical indicator,C,Synthetic initial information-state assignment.,none; synthetic species archetypes,EBD boundary audit,Reproducibility repository: species configuration,Do not interpret as taxonomic discovery status.
species.latent_range_restricted.initial_n,32,32-58,individuals,C,Illustrative synthetic interspecific heterogeneity.,none; synthetic species archetypes,indirectly through species heterogeneity,Reproducibility repository: species configuration,Do not interpret as estimates for named taxa.
species.latent_range_restricted.growth,0.11,0.09-0.2,annual intrinsic growth scale,C,Illustrative synthetic interspecific heterogeneity.,none; synthetic species archetypes,indirectly through species heterogeneity,Reproducibility repository: species configuration,Do not interpret as estimates for named taxa.
species.latent_range_restricted.mortality,0.13,0.07-0.13,annual probability,C,Illustrative synthetic interspecific heterogeneity.,none; synthetic species archetypes,indirectly through species heterogeneity,Reproducibility repository: species configuration,Do not interpret as estimates for named taxa.
species.latent_range_restricted.niche_breadth,0.22,0.22-0.8,index,C,Illustrative synthetic interspecific heterogeneity.,none; synthetic species archetypes,indirectly through species heterogeneity,Reproducibility repository: species configuration,Do not interpret as estimates for named taxa.
species.latent_range_restricted.habitat_specificity,0.9,0.25-0.9,index,C,Illustrative synthetic interspecific heterogeneity.,none; synthetic species archetypes,indirectly through species heterogeneity,Reproducibility repository: species configuration,Do not interpret as estimates for named taxa.
species.latent_range_restricted.climate_sensitivity,0.72,0.25-0.72,index,C,Illustrative synthetic interspecific heterogeneity.,none; synthetic species archetypes,indirectly through species heterogeneity,Reproducibility repository: species configuration,Do not interpret as estimates for named taxa.
species.latent_range_restricted.anthropogenic_sensitivity,0.78,0.35-0.78,index,C,Illustrative synthetic interspecific heterogeneity.,none; synthetic species archetypes,indirectly through species heterogeneity,Reproducibility repository: species configuration,Do not interpret as estimates for named taxa.
species.latent_range_restricted.dispersal,0.18,0.18-0.9,index,C,Illustrative synthetic interspecific heterogeneity.,none; synthetic species archetypes,indirectly through species heterogeneity,Reproducibility repository: species configuration,Do not interpret as estimates for named taxa.
species.latent_range_restricted.detectability,0.28,0.18-0.85,index,C,Illustrative synthetic interspecific heterogeneity.,none; synthetic species archetypes,indirectly through species heterogeneity,Reproducibility repository: species configuration,Do not interpret as estimates for named taxa.
species.latent_range_restricted.fertility,0.38,0.28-0.65,birth probability scale,C,Illustrative synthetic interspecific heterogeneity.,none; synthetic species archetypes,indirectly through species heterogeneity,Reproducibility repository: species configuration,Do not interpret as estimates for named taxa.
species.latent_range_restricted.social_dependence,0.45,0.25-0.7,index,C,Illustrative synthetic interspecific heterogeneity.,none; synthetic species archetypes,indirectly through species heterogeneity,Reproducibility repository: species configuration,Do not interpret as estimates for named taxa.
species.latent_range_restricted.migration_need,0.0,0-0.85,index,C,Illustrative synthetic interspecific heterogeneity.,none; synthetic species archetypes,indirectly through species heterogeneity,Reproducibility repository: species configuration,Do not interpret as estimates for named taxa.
species.latent_range_restricted.captivity_tolerance,0.38,0.35-0.7,index,C,Illustrative synthetic interspecific heterogeneity.,none; synthetic species archetypes,indirectly through species heterogeneity,Reproducibility repository: species configuration,Do not interpret as estimates for named taxa.
species.latent_widespread.known,False,known or latent at initialization,categorical indicator,C,Synthetic initial information-state assignment.,none; synthetic species archetypes,EBD boundary audit,Reproducibility repository: species configuration,Do not interpret as taxonomic discovery status.
species.latent_widespread.initial_n,44,32-58,individuals,C,Illustrative synthetic interspecific heterogeneity.,none; synthetic species archetypes,indirectly through species heterogeneity,Reproducibility repository: species configuration,Do not interpret as estimates for named taxa.
species.latent_widespread.growth,0.19,0.09-0.2,annual intrinsic growth scale,C,Illustrative synthetic interspecific heterogeneity.,none; synthetic species archetypes,indirectly through species heterogeneity,Reproducibility repository: species configuration,Do not interpret as estimates for named taxa.
species.latent_widespread.mortality,0.11,0.07-0.13,annual probability,C,Illustrative synthetic interspecific heterogeneity.,none; synthetic species archetypes,indirectly through species heterogeneity,Reproducibility repository: species configuration,Do not interpret as estimates for named taxa.
species.latent_widespread.niche_breadth,0.72,0.22-0.8,index,C,Illustrative synthetic interspecific heterogeneity.,none; synthetic species archetypes,indirectly through species heterogeneity,Reproducibility repository: species configuration,Do not interpret as estimates for named taxa.
species.latent_widespread.habitat_specificity,0.32,0.25-0.9,index,C,Illustrative synthetic interspecific heterogeneity.,none; synthetic species archetypes,indirectly through species heterogeneity,Reproducibility repository: species configuration,Do not interpret as estimates for named taxa.
species.latent_widespread.climate_sensitivity,0.38,0.25-0.72,index,C,Illustrative synthetic interspecific heterogeneity.,none; synthetic species archetypes,indirectly through species heterogeneity,Reproducibility repository: species configuration,Do not interpret as estimates for named taxa.
species.latent_widespread.anthropogenic_sensitivity,0.42,0.35-0.78,index,C,Illustrative synthetic interspecific heterogeneity.,none; synthetic species archetypes,indirectly through species heterogeneity,Reproducibility repository: species configuration,Do not interpret as estimates for named taxa.
species.latent_widespread.dispersal,0.68,0.18-0.9,index,C,Illustrative synthetic interspecific heterogeneity.,none; synthetic species archetypes,indirectly through species heterogeneity,Reproducibility repository: species configuration,Do not interpret as estimates for named taxa.
species.latent_widespread.detectability,0.22,0.18-0.85,index,C,Illustrative synthetic interspecific heterogeneity.,none; synthetic species archetypes,indirectly through species heterogeneity,Reproducibility repository: species configuration,Do not interpret as estimates for named taxa.
species.latent_widespread.fertility,0.62,0.28-0.65,birth probability scale,C,Illustrative synthetic interspecific heterogeneity.,none; synthetic species archetypes,indirectly through species heterogeneity,Reproducibility repository: species configuration,Do not interpret as estimates for named taxa.
species.latent_widespread.social_dependence,0.25,0.25-0.7,index,C,Illustrative synthetic interspecific heterogeneity.,none; synthetic species archetypes,indirectly through species heterogeneity,Reproducibility repository: species configuration,Do not interpret as estimates for named taxa.
species.latent_widespread.migration_need,0.12,0-0.85,index,C,Illustrative synthetic interspecific heterogeneity.,none; synthetic species archetypes,indirectly through species heterogeneity,Reproducibility repository: species configuration,Do not interpret as estimates for named taxa.
species.latent_widespread.captivity_tolerance,0.6,0.35-0.7,index,C,Illustrative synthetic interspecific heterogeneity.,none; synthetic species archetypes,indirectly through species heterogeneity,Reproducibility repository: species configuration,Do not interpret as estimates for named taxa.
node.origin.type,original_wild_habitat,fixed node classification,categorical indicator,C,Synthetic conservation-node archetype definition.,none; synthetic node archetypes,indirectly through node heterogeneity,Reproducibility repository: node configuration,Do not interpret as a classification of a named facility.
node.origin.wild,True,fixed node classification,categorical indicator,C,Synthetic conservation-node archetype definition.,none; synthetic node archetypes,indirectly through node heterogeneity,Reproducibility repository: node configuration,Do not interpret as a classification of a named facility.
node.origin.managed,False,fixed node classification,categorical indicator,C,Synthetic conservation-node archetype definition.,none; synthetic node archetypes,indirectly through node heterogeneity,Reproducibility repository: node configuration,Do not interpret as a classification of a named facility.
node.origin.base_quality,0.76,0-0.82,index,C,Illustrative synthetic conservation-node archetype.,none; synthetic node archetypes,indirectly through node heterogeneity,Reproducibility repository: node configuration,Do not interpret as facility or habitat measurements.
node.origin.capacity,260,0-260,individuals per species,C,Illustrative synthetic conservation-node archetype.,none; synthetic node archetypes,indirectly through node heterogeneity,Reproducibility repository: node configuration,Do not interpret as facility or habitat measurements.
node.origin.disease,0.08,0-0.14,transmission scale,C,Illustrative synthetic conservation-node archetype.,none; synthetic node archetypes,indirectly through node heterogeneity,Reproducibility repository: node configuration,Do not interpret as facility or habitat measurements.
node.origin.predation,0.16,0-0.18,mortality-risk scale,C,Illustrative synthetic conservation-node archetype.,none; synthetic node archetypes,indirectly through node heterogeneity,Reproducibility repository: node configuration,Do not interpret as facility or habitat measurements.
node.origin.anthropogenic,0.25,0-0.25,pressure scale,C,Illustrative synthetic conservation-node archetype.,none; synthetic node archetypes,indirectly through node heterogeneity,Reproducibility repository: node configuration,Do not interpret as facility or habitat measurements.
node.origin.welfare,0.8300000000000001,0-0.86,welfare index,C,Illustrative synthetic conservation-node archetype.,none; synthetic node archetypes,indirectly through node heterogeneity,Reproducibility repository: node configuration,Do not interpret as facility or habitat measurements.
node.origin.cost,0.6,0.55-1.55,relative cost index,C,Illustrative synthetic conservation-node archetype.,none; synthetic node archetypes,indirectly through node heterogeneity,Reproducibility repository: node configuration,Do not interpret as facility or habitat measurements.
node.origin.connectivity,0.55,0-0.55,index,C,Illustrative synthetic conservation-node archetype.,none; synthetic node archetypes,indirectly through node heterogeneity,Reproducibility repository: node configuration,Do not interpret as facility or habitat measurements.
node.origin.research,0.25,0.2-0.95,support index,C,Illustrative synthetic conservation-node archetype.,none; synthetic node archetypes,indirectly through node heterogeneity,Reproducibility repository: node configuration,Do not interpret as facility or habitat measurements.
node.origin.visitor_exposure,0.05,0-0.95,index,C,Illustrative synthetic conservation-node archetype.,none; synthetic node archetypes,indirectly through node heterogeneity,Reproducibility repository: node configuration,Do not interpret as facility or habitat measurements.
node.origin.restoration,0.72,0-0.82,index,C,Illustrative synthetic conservation-node archetype.,none; synthetic node archetypes,indirectly through node heterogeneity,Reproducibility repository: node configuration,Do not interpret as facility or habitat measurements.
node.alternative.type,alternative_wild_habitat,fixed node classification,categorical indicator,C,Synthetic conservation-node archetype definition.,none; synthetic node archetypes,indirectly through node heterogeneity,Reproducibility repository: node configuration,Do not interpret as a classification of a named facility.
node.alternative.wild,True,fixed node classification,categorical indicator,C,Synthetic conservation-node archetype definition.,none; synthetic node archetypes,indirectly through node heterogeneity,Reproducibility repository: node configuration,Do not interpret as a classification of a named facility.
node.alternative.managed,False,fixed node classification,categorical indicator,C,Synthetic conservation-node archetype definition.,none; synthetic node archetypes,indirectly through node heterogeneity,Reproducibility repository: node configuration,Do not interpret as a classification of a named facility.
node.alternative.base_quality,0.68,0-0.82,index,C,Illustrative synthetic conservation-node archetype.,none; synthetic node archetypes,indirectly through node heterogeneity,Reproducibility repository: node configuration,Do not interpret as facility or habitat measurements.
node.alternative.capacity,220,0-260,individuals per species,C,Illustrative synthetic conservation-node archetype.,none; synthetic node archetypes,indirectly through node heterogeneity,Reproducibility repository: node configuration,Do not interpret as facility or habitat measurements.
node.alternative.disease,0.09,0-0.14,transmission scale,C,Illustrative synthetic conservation-node archetype.,none; synthetic node archetypes,indirectly through node heterogeneity,Reproducibility repository: node configuration,Do not interpret as facility or habitat measurements.
node.alternative.predation,0.18,0-0.18,mortality-risk scale,C,Illustrative synthetic conservation-node archetype.,none; synthetic node archetypes,indirectly through node heterogeneity,Reproducibility repository: node configuration,Do not interpret as facility or habitat measurements.
node.alternative.anthropogenic,0.18,0-0.25,pressure scale,C,Illustrative synthetic conservation-node archetype.,none; synthetic node archetypes,indirectly through node heterogeneity,Reproducibility repository: node configuration,Do not interpret as facility or habitat measurements.
node.alternative.welfare,0.8,0-0.86,welfare index,C,Illustrative synthetic conservation-node archetype.,none; synthetic node archetypes,indirectly through node heterogeneity,Reproducibility repository: node configuration,Do not interpret as facility or habitat measurements.
node.alternative.cost,0.8,0.55-1.55,relative cost index,C,Illustrative synthetic conservation-node archetype.,none; synthetic node archetypes,indirectly through node heterogeneity,Reproducibility repository: node configuration,Do not interpret as facility or habitat measurements.
node.alternative.connectivity,0.42,0-0.55,index,C,Illustrative synthetic conservation-node archetype.,none; synthetic node archetypes,indirectly through node heterogeneity,Reproducibility repository: node configuration,Do not interpret as facility or habitat measurements.
node.alternative.research,0.2,0.2-0.95,support index,C,Illustrative synthetic conservation-node archetype.,none; synthetic node archetypes,indirectly through node heterogeneity,Reproducibility repository: node configuration,Do not interpret as facility or habitat measurements.
node.alternative.visitor_exposure,0.03,0-0.95,index,C,Illustrative synthetic conservation-node archetype.,none; synthetic node archetypes,indirectly through node heterogeneity,Reproducibility repository: node configuration,Do not interpret as facility or habitat measurements.
node.alternative.restoration,0.62,0-0.82,index,C,Illustrative synthetic conservation-node archetype.,none; synthetic node archetypes,indirectly through node heterogeneity,Reproducibility repository: node configuration,Do not interpret as facility or habitat measurements.
node.reserve.type,protected_reserve,fixed node classification,categorical indicator,C,Synthetic conservation-node archetype definition.,none; synthetic node archetypes,indirectly through node heterogeneity,Reproducibility repository: node configuration,Do not interpret as a classification of a named facility.
node.reserve.wild,True,fixed node classification,categorical indicator,C,Synthetic conservation-node archetype definition.,none; synthetic node archetypes,indirectly through node heterogeneity,Reproducibility repository: node configuration,Do not interpret as a classification of a named facility.
node.reserve.managed,True,fixed node classification,categorical indicator,C,Synthetic conservation-node archetype definition.,none; synthetic node archetypes,indirectly through node heterogeneity,Reproducibility repository: node configuration,Do not interpret as a classification of a named facility.
node.reserve.base_quality,0.8200000000000001,0-0.82,index,C,Illustrative synthetic conservation-node archetype.,none; synthetic node archetypes,indirectly through node heterogeneity,Reproducibility repository: node configuration,Do not interpret as facility or habitat measurements.
node.reserve.capacity,220,0-260,individuals per species,C,Illustrative synthetic conservation-node archetype.,none; synthetic node archetypes,indirectly through node heterogeneity,Reproducibility repository: node configuration,Do not interpret as facility or habitat measurements.
node.reserve.disease,0.07,0-0.14,transmission scale,C,Illustrative synthetic conservation-node archetype.,none; synthetic node archetypes,indirectly through node heterogeneity,Reproducibility repository: node configuration,Do not interpret as facility or habitat measurements.
node.reserve.predation,0.12,0-0.18,mortality-risk scale,C,Illustrative synthetic conservation-node archetype.,none; synthetic node archetypes,indirectly through node heterogeneity,Reproducibility repository: node configuration,Do not interpret as facility or habitat measurements.
node.reserve.anthropogenic,0.08,0-0.25,pressure scale,C,Illustrative synthetic conservation-node archetype.,none; synthetic node archetypes,indirectly through node heterogeneity,Reproducibility repository: node configuration,Do not interpret as facility or habitat measurements.
node.reserve.welfare,0.86,0-0.86,welfare index,C,Illustrative synthetic conservation-node archetype.,none; synthetic node archetypes,indirectly through node heterogeneity,Reproducibility repository: node configuration,Do not interpret as facility or habitat measurements.
node.reserve.cost,1.0,0.55-1.55,relative cost index,C,Illustrative synthetic conservation-node archetype.,none; synthetic node archetypes,indirectly through node heterogeneity,Reproducibility repository: node configuration,Do not interpret as facility or habitat measurements.
node.reserve.connectivity,0.38,0-0.55,index,C,Illustrative synthetic conservation-node archetype.,none; synthetic node archetypes,indirectly through node heterogeneity,Reproducibility repository: node configuration,Do not interpret as facility or habitat measurements.
node.reserve.research,0.5,0.2-0.95,support index,C,Illustrative synthetic conservation-node archetype.,none; synthetic node archetypes,indirectly through node heterogeneity,Reproducibility repository: node configuration,Do not interpret as facility or habitat measurements.
node.reserve.visitor_exposure,0.18,0-0.95,index,C,Illustrative synthetic conservation-node archetype.,none; synthetic node archetypes,indirectly through node heterogeneity,Reproducibility repository: node configuration,Do not interpret as facility or habitat measurements.
node.reserve.restoration,0.8200000000000001,0-0.82,index,C,Illustrative synthetic conservation-node archetype.,none; synthetic node archetypes,indirectly through node heterogeneity,Reproducibility repository: node configuration,Do not interpret as facility or habitat measurements.
node.zoo.type,conventional_zoo,fixed node classification,categorical indicator,C,Synthetic conservation-node archetype definition.,none; synthetic node archetypes,indirectly through node heterogeneity,Reproducibility repository: node configuration,Do not interpret as a classification of a named facility.
node.zoo.wild,False,fixed node classification,categorical indicator,C,Synthetic conservation-node archetype definition.,none; synthetic node archetypes,indirectly through node heterogeneity,Reproducibility repository: node configuration,Do not interpret as a classification of a named facility.
node.zoo.managed,True,fixed node classification,categorical indicator,C,Synthetic conservation-node archetype definition.,none; synthetic node archetypes,indirectly through node heterogeneity,Reproducibility repository: node configuration,Do not interpret as a classification of a named facility.
node.zoo.base_quality,0.54,0-0.82,index,C,Illustrative synthetic conservation-node archetype.,none; synthetic node archetypes,indirectly through node heterogeneity,Reproducibility repository: node configuration,Do not interpret as facility or habitat measurements.
node.zoo.capacity,120,0-260,individuals per species,C,Illustrative synthetic conservation-node archetype.,none; synthetic node archetypes,indirectly through node heterogeneity,Reproducibility repository: node configuration,Do not interpret as facility or habitat measurements.
node.zoo.disease,0.12,0-0.14,transmission scale,C,Illustrative synthetic conservation-node archetype.,none; synthetic node archetypes,indirectly through node heterogeneity,Reproducibility repository: node configuration,Do not interpret as facility or habitat measurements.
node.zoo.predation,0.01,0-0.18,mortality-risk scale,C,Illustrative synthetic conservation-node archetype.,none; synthetic node archetypes,indirectly through node heterogeneity,Reproducibility repository: node configuration,Do not interpret as facility or habitat measurements.
node.zoo.anthropogenic,0.04,0-0.25,pressure scale,C,Illustrative synthetic conservation-node archetype.,none; synthetic node archetypes,indirectly through node heterogeneity,Reproducibility repository: node configuration,Do not interpret as facility or habitat measurements.
node.zoo.welfare,0.6,0-0.86,welfare index,C,Illustrative synthetic conservation-node archetype.,none; synthetic node archetypes,indirectly through node heterogeneity,Reproducibility repository: node configuration,Do not interpret as facility or habitat measurements.
node.zoo.cost,1.25,0.55-1.55,relative cost index,C,Illustrative synthetic conservation-node archetype.,none; synthetic node archetypes,indirectly through node heterogeneity,Reproducibility repository: node configuration,Do not interpret as facility or habitat measurements.
node.zoo.connectivity,0.18,0-0.55,index,C,Illustrative synthetic conservation-node archetype.,none; synthetic node archetypes,indirectly through node heterogeneity,Reproducibility repository: node configuration,Do not interpret as facility or habitat measurements.
node.zoo.research,0.62,0.2-0.95,support index,C,Illustrative synthetic conservation-node archetype.,none; synthetic node archetypes,indirectly through node heterogeneity,Reproducibility repository: node configuration,Do not interpret as facility or habitat measurements.
node.zoo.visitor_exposure,0.9500000000000001,0-0.95,index,C,Illustrative synthetic conservation-node archetype.,none; synthetic node archetypes,indirectly through node heterogeneity,Reproducibility repository: node configuration,Do not interpret as facility or habitat measurements.
node.zoo.restoration,0.05,0-0.82,index,C,Illustrative synthetic conservation-node archetype.,none; synthetic node archetypes,indirectly through node heterogeneity,Reproducibility repository: node configuration,Do not interpret as facility or habitat measurements.
node.conservation_zoo.type,conservation_zoo,fixed node classification,categorical indicator,C,Synthetic conservation-node archetype definition.,none; synthetic node archetypes,indirectly through node heterogeneity,Reproducibility repository: node configuration,Do not interpret as a classification of a named facility.
node.conservation_zoo.wild,False,fixed node classification,categorical indicator,C,Synthetic conservation-node archetype definition.,none; synthetic node archetypes,indirectly through node heterogeneity,Reproducibility repository: node configuration,Do not interpret as a classification of a named facility.
node.conservation_zoo.managed,True,fixed node classification,categorical indicator,C,Synthetic conservation-node archetype definition.,none; synthetic node archetypes,indirectly through node heterogeneity,Reproducibility repository: node configuration,Do not interpret as a classification of a named facility.
node.conservation_zoo.base_quality,0.68,0-0.82,index,C,Illustrative synthetic conservation-node archetype.,none; synthetic node archetypes,indirectly through node heterogeneity,Reproducibility repository: node configuration,Do not interpret as facility or habitat measurements.
node.conservation_zoo.capacity,130,0-260,individuals per species,C,Illustrative synthetic conservation-node archetype.,none; synthetic node archetypes,indirectly through node heterogeneity,Reproducibility repository: node configuration,Do not interpret as facility or habitat measurements.
node.conservation_zoo.disease,0.09,0-0.14,transmission scale,C,Illustrative synthetic conservation-node archetype.,none; synthetic node archetypes,indirectly through node heterogeneity,Reproducibility repository: node configuration,Do not interpret as facility or habitat measurements.
node.conservation_zoo.predation,0.01,0-0.18,mortality-risk scale,C,Illustrative synthetic conservation-node archetype.,none; synthetic node archetypes,indirectly through node heterogeneity,Reproducibility repository: node configuration,Do not interpret as facility or habitat measurements.
node.conservation_zoo.anthropogenic,0.03,0-0.25,pressure scale,C,Illustrative synthetic conservation-node archetype.,none; synthetic node archetypes,indirectly through node heterogeneity,Reproducibility repository: node configuration,Do not interpret as facility or habitat measurements.
node.conservation_zoo.welfare,0.74,0-0.86,welfare index,C,Illustrative synthetic conservation-node archetype.,none; synthetic node archetypes,indirectly through node heterogeneity,Reproducibility repository: node configuration,Do not interpret as facility or habitat measurements.
node.conservation_zoo.cost,1.35,0.55-1.55,relative cost index,C,Illustrative synthetic conservation-node archetype.,none; synthetic node archetypes,indirectly through node heterogeneity,Reproducibility repository: node configuration,Do not interpret as facility or habitat measurements.
node.conservation_zoo.connectivity,0.3,0-0.55,index,C,Illustrative synthetic conservation-node archetype.,none; synthetic node archetypes,indirectly through node heterogeneity,Reproducibility repository: node configuration,Do not interpret as facility or habitat measurements.
node.conservation_zoo.research,0.8200000000000001,0.2-0.95,support index,C,Illustrative synthetic conservation-node archetype.,none; synthetic node archetypes,indirectly through node heterogeneity,Reproducibility repository: node configuration,Do not interpret as facility or habitat measurements.
node.conservation_zoo.visitor_exposure,0.58,0-0.95,index,C,Illustrative synthetic conservation-node archetype.,none; synthetic node archetypes,indirectly through node heterogeneity,Reproducibility repository: node configuration,Do not interpret as facility or habitat measurements.
node.conservation_zoo.restoration,0.12,0-0.82,index,C,Illustrative synthetic conservation-node archetype.,none; synthetic node archetypes,indirectly through node heterogeneity,Reproducibility repository: node configuration,Do not interpret as facility or habitat measurements.
node.breeding.type,breeding_center,fixed node classification,categorical indicator,C,Synthetic conservation-node archetype definition.,none; synthetic node archetypes,indirectly through node heterogeneity,Reproducibility repository: node configuration,Do not interpret as a classification of a named facility.
node.breeding.wild,False,fixed node classification,categorical indicator,C,Synthetic conservation-node archetype definition.,none; synthetic node archetypes,indirectly through node heterogeneity,Reproducibility repository: node configuration,Do not interpret as a classification of a named facility.
node.breeding.managed,True,fixed node classification,categorical indicator,C,Synthetic conservation-node archetype definition.,none; synthetic node archetypes,indirectly through node heterogeneity,Reproducibility repository: node configuration,Do not interpret as a classification of a named facility.
node.breeding.base_quality,0.65,0-0.82,index,C,Illustrative synthetic conservation-node archetype.,none; synthetic node archetypes,indirectly through node heterogeneity,Reproducibility repository: node configuration,Do not interpret as facility or habitat measurements.
node.breeding.capacity,150,0-260,individuals per species,C,Illustrative synthetic conservation-node archetype.,none; synthetic node archetypes,indirectly through node heterogeneity,Reproducibility repository: node configuration,Do not interpret as facility or habitat measurements.
node.breeding.disease,0.08,0-0.14,transmission scale,C,Illustrative synthetic conservation-node archetype.,none; synthetic node archetypes,indirectly through node heterogeneity,Reproducibility repository: node configuration,Do not interpret as facility or habitat measurements.
node.breeding.predation,0.01,0-0.18,mortality-risk scale,C,Illustrative synthetic conservation-node archetype.,none; synthetic node archetypes,indirectly through node heterogeneity,Reproducibility repository: node configuration,Do not interpret as facility or habitat measurements.
node.breeding.anthropogenic,0.02,0-0.25,pressure scale,C,Illustrative synthetic conservation-node archetype.,none; synthetic node archetypes,indirectly through node heterogeneity,Reproducibility repository: node configuration,Do not interpret as facility or habitat measurements.
node.breeding.welfare,0.72,0-0.86,welfare index,C,Illustrative synthetic conservation-node archetype.,none; synthetic node archetypes,indirectly through node heterogeneity,Reproducibility repository: node configuration,Do not interpret as facility or habitat measurements.
node.breeding.cost,1.45,0.55-1.55,relative cost index,C,Illustrative synthetic conservation-node archetype.,none; synthetic node archetypes,indirectly through node heterogeneity,Reproducibility repository: node configuration,Do not interpret as facility or habitat measurements.
node.breeding.connectivity,0.25,0-0.55,index,C,Illustrative synthetic conservation-node archetype.,none; synthetic node archetypes,indirectly through node heterogeneity,Reproducibility repository: node configuration,Do not interpret as facility or habitat measurements.
node.breeding.research,0.88,0.2-0.95,support index,C,Illustrative synthetic conservation-node archetype.,none; synthetic node archetypes,indirectly through node heterogeneity,Reproducibility repository: node configuration,Do not interpret as facility or habitat measurements.
node.breeding.visitor_exposure,0.04,0-0.95,index,C,Illustrative synthetic conservation-node archetype.,none; synthetic node archetypes,indirectly through node heterogeneity,Reproducibility repository: node configuration,Do not interpret as facility or habitat measurements.
node.breeding.restoration,0.08,0-0.82,index,C,Illustrative synthetic conservation-node archetype.,none; synthetic node archetypes,indirectly through node heterogeneity,Reproducibility repository: node configuration,Do not interpret as facility or habitat measurements.
node.semiwild.type,semi_wild_pre_release,fixed node classification,categorical indicator,C,Synthetic conservation-node archetype definition.,none; synthetic node archetypes,indirectly through node heterogeneity,Reproducibility repository: node configuration,Do not interpret as a classification of a named facility.
node.semiwild.wild,True,fixed node classification,categorical indicator,C,Synthetic conservation-node archetype definition.,none; synthetic node archetypes,indirectly through node heterogeneity,Reproducibility repository: node configuration,Do not interpret as a classification of a named facility.
node.semiwild.managed,True,fixed node classification,categorical indicator,C,Synthetic conservation-node archetype definition.,none; synthetic node archetypes,indirectly through node heterogeneity,Reproducibility repository: node configuration,Do not interpret as a classification of a named facility.
node.semiwild.base_quality,0.73,0-0.82,index,C,Illustrative synthetic conservation-node archetype.,none; synthetic node archetypes,indirectly through node heterogeneity,Reproducibility repository: node configuration,Do not interpret as facility or habitat measurements.
node.semiwild.capacity,130,0-260,individuals per species,C,Illustrative synthetic conservation-node archetype.,none; synthetic node archetypes,indirectly through node heterogeneity,Reproducibility repository: node configuration,Do not interpret as facility or habitat measurements.
node.semiwild.disease,0.08,0-0.14,transmission scale,C,Illustrative synthetic conservation-node archetype.,none; synthetic node archetypes,indirectly through node heterogeneity,Reproducibility repository: node configuration,Do not interpret as facility or habitat measurements.
node.semiwild.predation,0.08,0-0.18,mortality-risk scale,C,Illustrative synthetic conservation-node archetype.,none; synthetic node archetypes,indirectly through node heterogeneity,Reproducibility repository: node configuration,Do not interpret as facility or habitat measurements.
node.semiwild.anthropogenic,0.04,0-0.25,pressure scale,C,Illustrative synthetic conservation-node archetype.,none; synthetic node archetypes,indirectly through node heterogeneity,Reproducibility repository: node configuration,Do not interpret as facility or habitat measurements.
node.semiwild.welfare,0.8,0-0.86,welfare index,C,Illustrative synthetic conservation-node archetype.,none; synthetic node archetypes,indirectly through node heterogeneity,Reproducibility repository: node configuration,Do not interpret as facility or habitat measurements.
node.semiwild.cost,1.2,0.55-1.55,relative cost index,C,Illustrative synthetic conservation-node archetype.,none; synthetic node archetypes,indirectly through node heterogeneity,Reproducibility repository: node configuration,Do not interpret as facility or habitat measurements.
node.semiwild.connectivity,0.32,0-0.55,index,C,Illustrative synthetic conservation-node archetype.,none; synthetic node archetypes,indirectly through node heterogeneity,Reproducibility repository: node configuration,Do not interpret as facility or habitat measurements.
node.semiwild.research,0.72,0.2-0.95,support index,C,Illustrative synthetic conservation-node archetype.,none; synthetic node archetypes,indirectly through node heterogeneity,Reproducibility repository: node configuration,Do not interpret as facility or habitat measurements.
node.semiwild.visitor_exposure,0.1,0-0.95,index,C,Illustrative synthetic conservation-node archetype.,none; synthetic node archetypes,indirectly through node heterogeneity,Reproducibility repository: node configuration,Do not interpret as facility or habitat measurements.
node.semiwild.restoration,0.35000000000000003,0-0.82,index,C,Illustrative synthetic conservation-node archetype.,none; synthetic node archetypes,indirectly through node heterogeneity,Reproducibility repository: node configuration,Do not interpret as facility or habitat measurements.
node.rehabilitation.type,rehabilitation_facility,fixed node classification,categorical indicator,C,Synthetic conservation-node archetype definition.,none; synthetic node archetypes,indirectly through node heterogeneity,Reproducibility repository: node configuration,Do not interpret as a classification of a named facility.
node.rehabilitation.wild,False,fixed node classification,categorical indicator,C,Synthetic conservation-node archetype definition.,none; synthetic node archetypes,indirectly through node heterogeneity,Reproducibility repository: node configuration,Do not interpret as a classification of a named facility.
node.rehabilitation.managed,True,fixed node classification,categorical indicator,C,Synthetic conservation-node archetype definition.,none; synthetic node archetypes,indirectly through node heterogeneity,Reproducibility repository: node configuration,Do not interpret as a classification of a named facility.
node.rehabilitation.base_quality,0.58,0-0.82,index,C,Illustrative synthetic conservation-node archetype.,none; synthetic node archetypes,indirectly through node heterogeneity,Reproducibility repository: node configuration,Do not interpret as facility or habitat measurements.
node.rehabilitation.capacity,70,0-260,individuals per species,C,Illustrative synthetic conservation-node archetype.,none; synthetic node archetypes,indirectly through node heterogeneity,Reproducibility repository: node configuration,Do not interpret as facility or habitat measurements.
node.rehabilitation.disease,0.14,0-0.14,transmission scale,C,Illustrative synthetic conservation-node archetype.,none; synthetic node archetypes,indirectly through node heterogeneity,Reproducibility repository: node configuration,Do not interpret as facility or habitat measurements.
node.rehabilitation.predation,0.0,0-0.18,mortality-risk scale,C,Illustrative synthetic conservation-node archetype.,none; synthetic node archetypes,indirectly through node heterogeneity,Reproducibility repository: node configuration,Do not interpret as facility or habitat measurements.
node.rehabilitation.anthropogenic,0.02,0-0.25,pressure scale,C,Illustrative synthetic conservation-node archetype.,none; synthetic node archetypes,indirectly through node heterogeneity,Reproducibility repository: node configuration,Do not interpret as facility or habitat measurements.
node.rehabilitation.welfare,0.68,0-0.86,welfare index,C,Illustrative synthetic conservation-node archetype.,none; synthetic node archetypes,indirectly through node heterogeneity,Reproducibility repository: node configuration,Do not interpret as facility or habitat measurements.
node.rehabilitation.cost,1.55,0.55-1.55,relative cost index,C,Illustrative synthetic conservation-node archetype.,none; synthetic node archetypes,indirectly through node heterogeneity,Reproducibility repository: node configuration,Do not interpret as facility or habitat measurements.
node.rehabilitation.connectivity,0.2,0-0.55,index,C,Illustrative synthetic conservation-node archetype.,none; synthetic node archetypes,indirectly through node heterogeneity,Reproducibility repository: node configuration,Do not interpret as facility or habitat measurements.
node.rehabilitation.research,0.9,0.2-0.95,support index,C,Illustrative synthetic conservation-node archetype.,none; synthetic node archetypes,indirectly through node heterogeneity,Reproducibility repository: node configuration,Do not interpret as facility or habitat measurements.
node.rehabilitation.visitor_exposure,0.02,0-0.95,index,C,Illustrative synthetic conservation-node archetype.,none; synthetic node archetypes,indirectly through node heterogeneity,Reproducibility repository: node configuration,Do not interpret as facility or habitat measurements.
node.rehabilitation.restoration,0.02,0-0.82,index,C,Illustrative synthetic conservation-node archetype.,none; synthetic node archetypes,indirectly through node heterogeneity,Reproducibility repository: node configuration,Do not interpret as facility or habitat measurements.
node.biobank.type,biobank,fixed node classification,categorical indicator,C,Synthetic conservation-node archetype definition.,none; synthetic node archetypes,indirectly through node heterogeneity,Reproducibility repository: node configuration,Do not interpret as a classification of a named facility.
node.biobank.wild,False,fixed node classification,categorical indicator,C,Synthetic conservation-node archetype definition.,none; synthetic node archetypes,indirectly through node heterogeneity,Reproducibility repository: node configuration,Do not interpret as a classification of a named facility.
node.biobank.managed,True,fixed node classification,categorical indicator,C,Synthetic conservation-node archetype definition.,none; synthetic node archetypes,indirectly through node heterogeneity,Reproducibility repository: node configuration,Do not interpret as a classification of a named facility.
node.biobank.base_quality,0.0,0-0.82,index,C,Illustrative synthetic conservation-node archetype.,none; synthetic node archetypes,indirectly through node heterogeneity,Reproducibility repository: node configuration,Do not interpret as facility or habitat measurements.
node.biobank.capacity,0,0-260,individuals per species,C,Illustrative synthetic conservation-node archetype.,none; synthetic node archetypes,indirectly through node heterogeneity,Reproducibility repository: node configuration,Do not interpret as facility or habitat measurements.
node.biobank.disease,0.0,0-0.14,transmission scale,C,Illustrative synthetic conservation-node archetype.,none; synthetic node archetypes,indirectly through node heterogeneity,Reproducibility repository: node configuration,Do not interpret as facility or habitat measurements.
node.biobank.predation,0.0,0-0.18,mortality-risk scale,C,Illustrative synthetic conservation-node archetype.,none; synthetic node archetypes,indirectly through node heterogeneity,Reproducibility repository: node configuration,Do not interpret as facility or habitat measurements.
node.biobank.anthropogenic,0.0,0-0.25,pressure scale,C,Illustrative synthetic conservation-node archetype.,none; synthetic node archetypes,indirectly through node heterogeneity,Reproducibility repository: node configuration,Do not interpret as facility or habitat measurements.
node.biobank.welfare,0.0,0-0.86,welfare index,C,Illustrative synthetic conservation-node archetype.,none; synthetic node archetypes,indirectly through node heterogeneity,Reproducibility repository: node configuration,Do not interpret as facility or habitat measurements.
node.biobank.cost,0.55,0.55-1.55,relative cost index,C,Illustrative synthetic conservation-node archetype.,none; synthetic node archetypes,indirectly through node heterogeneity,Reproducibility repository: node configuration,Do not interpret as facility or habitat measurements.
node.biobank.connectivity,0.0,0-0.55,index,C,Illustrative synthetic conservation-node archetype.,none; synthetic node archetypes,indirectly through node heterogeneity,Reproducibility repository: node configuration,Do not interpret as facility or habitat measurements.
node.biobank.research,0.9500000000000001,0.2-0.95,support index,C,Illustrative synthetic conservation-node archetype.,none; synthetic node archetypes,indirectly through node heterogeneity,Reproducibility repository: node configuration,Do not interpret as facility or habitat measurements.
node.biobank.visitor_exposure,0.0,0-0.95,index,C,Illustrative synthetic conservation-node archetype.,none; synthetic node archetypes,indirectly through node heterogeneity,Reproducibility repository: node configuration,Do not interpret as facility or habitat measurements.
node.biobank.restoration,0.0,0-0.82,index,C,Illustrative synthetic conservation-node archetype.,none; synthetic node archetypes,indirectly through node heterogeneity,Reproducibility repository: node configuration,Do not interpret as facility or habitat measurements.
policy_allocations.S0.habitat,0.0,0-1; policy shares sum to 1,proportion of annual budget,C,Declared synthetic policy-archetype allocation.,none; policy-archetype definition,policy-budget robustness and held-out allocation audit,Reproducibility repository: policy configuration,Do not interpret as an optimized or observed allocation.
policy_allocations.S0.survey,0.0,0-1; policy shares sum to 1,proportion of annual budget,C,Declared synthetic policy-archetype allocation.,none; policy-archetype definition,policy-budget robustness and held-out allocation audit,Reproducibility repository: policy configuration,Do not interpret as an optimized or observed allocation.
policy_allocations.S0.rescue,0.0,0-1; policy shares sum to 1,proportion of annual budget,C,Declared synthetic policy-archetype allocation.,none; policy-archetype definition,policy-budget robustness and held-out allocation audit,Reproducibility repository: policy configuration,Do not interpret as an optimized or observed allocation.
policy_allocations.S0.ex_situ,0.0,0-1; policy shares sum to 1,proportion of annual budget,C,Declared synthetic policy-archetype allocation.,none; policy-archetype definition,policy-budget robustness and held-out allocation audit,Reproducibility repository: policy configuration,Do not interpret as an optimized or observed allocation.
policy_allocations.S0.genetics,0.0,0-1; policy shares sum to 1,proportion of annual budget,C,Declared synthetic policy-archetype allocation.,none; policy-archetype definition,policy-budget robustness and held-out allocation audit,Reproducibility repository: policy configuration,Do not interpret as an optimized or observed allocation.
policy_allocations.S0.biobank,0.0,0-1; policy shares sum to 1,proportion of annual budget,C,Declared synthetic policy-archetype allocation.,none; policy-archetype definition,policy-budget robustness and held-out allocation audit,Reproducibility repository: policy configuration,Do not interpret as an optimized or observed allocation.
policy_allocations.S0.engagement,0.0,0-1; policy shares sum to 1,proportion of annual budget,C,Declared synthetic policy-archetype allocation.,none; policy-archetype definition,policy-budget robustness and held-out allocation audit,Reproducibility repository: policy configuration,Do not interpret as an optimized or observed allocation.
policy_allocations.S1.habitat,0.55,0-1; policy shares sum to 1,proportion of annual budget,C,Declared synthetic policy-archetype allocation.,none; policy-archetype definition,policy-budget robustness and held-out allocation audit,Reproducibility repository: policy configuration,Do not interpret as an optimized or observed allocation.
policy_allocations.S1.survey,0.16,0-1; policy shares sum to 1,proportion of annual budget,C,Declared synthetic policy-archetype allocation.,none; policy-archetype definition,policy-budget robustness and held-out allocation audit,Reproducibility repository: policy configuration,Do not interpret as an optimized or observed allocation.
policy_allocations.S1.rescue,0.08,0-1; policy shares sum to 1,proportion of annual budget,C,Declared synthetic policy-archetype allocation.,none; policy-archetype definition,policy-budget robustness and held-out allocation audit,Reproducibility repository: policy configuration,Do not interpret as an optimized or observed allocation.
policy_allocations.S1.ex_situ,0.0,0-1; policy shares sum to 1,proportion of annual budget,C,Declared synthetic policy-archetype allocation.,none; policy-archetype definition,policy-budget robustness and held-out allocation audit,Reproducibility repository: policy configuration,Do not interpret as an optimized or observed allocation.
policy_allocations.S1.genetics,0.05,0-1; policy shares sum to 1,proportion of annual budget,C,Declared synthetic policy-archetype allocation.,none; policy-archetype definition,policy-budget robustness and held-out allocation audit,Reproducibility repository: policy configuration,Do not interpret as an optimized or observed allocation.
policy_allocations.S1.biobank,0.05,0-1; policy shares sum to 1,proportion of annual budget,C,Declared synthetic policy-archetype allocation.,none; policy-archetype definition,policy-budget robustness and held-out allocation audit,Reproducibility repository: policy configuration,Do not interpret as an optimized or observed allocation.
policy_allocations.S1.engagement,0.11,0-1; policy shares sum to 1,proportion of annual budget,C,Declared synthetic policy-archetype allocation.,none; policy-archetype definition,policy-budget robustness and held-out allocation audit,Reproducibility repository: policy configuration,Do not interpret as an optimized or observed allocation.
policy_allocations.S2.habitat,0.08,0-1; policy shares sum to 1,proportion of annual budget,C,Declared synthetic policy-archetype allocation.,none; policy-archetype definition,policy-budget robustness and held-out allocation audit,Reproducibility repository: policy configuration,Do not interpret as an optimized or observed allocation.
policy_allocations.S2.survey,0.05,0-1; policy shares sum to 1,proportion of annual budget,C,Declared synthetic policy-archetype allocation.,none; policy-archetype definition,policy-budget robustness and held-out allocation audit,Reproducibility repository: policy configuration,Do not interpret as an optimized or observed allocation.
policy_allocations.S2.rescue,0.22,0-1; policy shares sum to 1,proportion of annual budget,C,Declared synthetic policy-archetype allocation.,none; policy-archetype definition,policy-budget robustness and held-out allocation audit,Reproducibility repository: policy configuration,Do not interpret as an optimized or observed allocation.
policy_allocations.S2.ex_situ,0.42,0-1; policy shares sum to 1,proportion of annual budget,C,Declared synthetic policy-archetype allocation.,none; policy-archetype definition,policy-budget robustness and held-out allocation audit,Reproducibility repository: policy configuration,Do not interpret as an optimized or observed allocation.
policy_allocations.S2.genetics,0.1,0-1; policy shares sum to 1,proportion of annual budget,C,Declared synthetic policy-archetype allocation.,none; policy-archetype definition,policy-budget robustness and held-out allocation audit,Reproducibility repository: policy configuration,Do not interpret as an optimized or observed allocation.
policy_allocations.S2.biobank,0.05,0-1; policy shares sum to 1,proportion of annual budget,C,Declared synthetic policy-archetype allocation.,none; policy-archetype definition,policy-budget robustness and held-out allocation audit,Reproducibility repository: policy configuration,Do not interpret as an optimized or observed allocation.
policy_allocations.S2.engagement,0.08,0-1; policy shares sum to 1,proportion of annual budget,C,Declared synthetic policy-archetype allocation.,none; policy-archetype definition,policy-budget robustness and held-out allocation audit,Reproducibility repository: policy configuration,Do not interpret as an optimized or observed allocation.
policy_allocations.S3.habitat,0.28,0-1; policy shares sum to 1,proportion of annual budget,C,Declared synthetic policy-archetype allocation.,none; policy-archetype definition,policy-budget robustness and held-out allocation audit,Reproducibility repository: policy configuration,Do not interpret as an optimized or observed allocation.
policy_allocations.S3.survey,0.1,0-1; policy shares sum to 1,proportion of annual budget,C,Declared synthetic policy-archetype allocation.,none; policy-archetype definition,policy-budget robustness and held-out allocation audit,Reproducibility repository: policy configuration,Do not interpret as an optimized or observed allocation.
policy_allocations.S3.rescue,0.2,0-1; policy shares sum to 1,proportion of annual budget,C,Declared synthetic policy-archetype allocation.,none; policy-archetype definition,policy-budget robustness and held-out allocation audit,Reproducibility repository: policy configuration,Do not interpret as an optimized or observed allocation.
policy_allocations.S3.ex_situ,0.18,0-1; policy shares sum to 1,proportion of annual budget,C,Declared synthetic policy-archetype allocation.,none; policy-archetype definition,policy-budget robustness and held-out allocation audit,Reproducibility repository: policy configuration,Do not interpret as an optimized or observed allocation.
policy_allocations.S3.genetics,0.08,0-1; policy shares sum to 1,proportion of annual budget,C,Declared synthetic policy-archetype allocation.,none; policy-archetype definition,policy-budget robustness and held-out allocation audit,Reproducibility repository: policy configuration,Do not interpret as an optimized or observed allocation.
policy_allocations.S3.biobank,0.05,0-1; policy shares sum to 1,proportion of annual budget,C,Declared synthetic policy-archetype allocation.,none; policy-archetype definition,policy-budget robustness and held-out allocation audit,Reproducibility repository: policy configuration,Do not interpret as an optimized or observed allocation.
policy_allocations.S3.engagement,0.11,0-1; policy shares sum to 1,proportion of annual budget,C,Declared synthetic policy-archetype allocation.,none; policy-archetype definition,policy-budget robustness and held-out allocation audit,Reproducibility repository: policy configuration,Do not interpret as an optimized or observed allocation.
policy_allocations.S4.habitat,0.22,0-1; policy shares sum to 1,proportion of annual budget,C,Declared synthetic policy-archetype allocation.,none; policy-archetype definition,policy-budget robustness and held-out allocation audit,Reproducibility repository: policy configuration,Do not interpret as an optimized or observed allocation.
policy_allocations.S4.survey,0.12,0-1; policy shares sum to 1,proportion of annual budget,C,Declared synthetic policy-archetype allocation.,none; policy-archetype definition,policy-budget robustness and held-out allocation audit,Reproducibility repository: policy configuration,Do not interpret as an optimized or observed allocation.
policy_allocations.S4.rescue,0.2,0-1; policy shares sum to 1,proportion of annual budget,C,Declared synthetic policy-archetype allocation.,none; policy-archetype definition,policy-budget robustness and held-out allocation audit,Reproducibility repository: policy configuration,Do not interpret as an optimized or observed allocation.
policy_allocations.S4.ex_situ,0.18,0-1; policy shares sum to 1,proportion of annual budget,C,Declared synthetic policy-archetype allocation.,none; policy-archetype definition,policy-budget robustness and held-out allocation audit,Reproducibility repository: policy configuration,Do not interpret as an optimized or observed allocation.
policy_allocations.S4.genetics,0.1,0-1; policy shares sum to 1,proportion of annual budget,C,Declared synthetic policy-archetype allocation.,none; policy-archetype definition,policy-budget robustness and held-out allocation audit,Reproducibility repository: policy configuration,Do not interpret as an optimized or observed allocation.
policy_allocations.S4.biobank,0.07,0-1; policy shares sum to 1,proportion of annual budget,C,Declared synthetic policy-archetype allocation.,none; policy-archetype definition,policy-budget robustness and held-out allocation audit,Reproducibility repository: policy configuration,Do not interpret as an optimized or observed allocation.
policy_allocations.S4.engagement,0.11,0-1; policy shares sum to 1,proportion of annual budget,C,Declared synthetic policy-archetype allocation.,none; policy-archetype definition,policy-budget robustness and held-out allocation audit,Reproducibility repository: policy configuration,Do not interpret as an optimized or observed allocation.
policy_allocations.S5.habitat,0.2,0-1; policy shares sum to 1,proportion of annual budget,C,Declared synthetic policy-archetype allocation.,none; policy-archetype definition,policy-budget robustness and held-out allocation audit,Reproducibility repository: policy configuration,Do not interpret as an optimized or observed allocation.
policy_allocations.S5.survey,0.14,0-1; policy shares sum to 1,proportion of annual budget,C,Declared synthetic policy-archetype allocation.,none; policy-archetype definition,policy-budget robustness and held-out allocation audit,Reproducibility repository: policy configuration,Do not interpret as an optimized or observed allocation.
policy_allocations.S5.rescue,0.22,0-1; policy shares sum to 1,proportion of annual budget,C,Declared synthetic policy-archetype allocation.,none; policy-archetype definition,policy-budget robustness and held-out allocation audit,Reproducibility repository: policy configuration,Do not interpret as an optimized or observed allocation.
policy_allocations.S5.ex_situ,0.16,0-1; policy shares sum to 1,proportion of annual budget,C,Declared synthetic policy-archetype allocation.,none; policy-archetype definition,policy-budget robustness and held-out allocation audit,Reproducibility repository: policy configuration,Do not interpret as an optimized or observed allocation.
policy_allocations.S5.genetics,0.09,0-1; policy shares sum to 1,proportion of annual budget,C,Declared synthetic policy-archetype allocation.,none; policy-archetype definition,policy-budget robustness and held-out allocation audit,Reproducibility repository: policy configuration,Do not interpret as an optimized or observed allocation.
policy_allocations.S5.biobank,0.08,0-1; policy shares sum to 1,proportion of annual budget,C,Declared synthetic policy-archetype allocation.,none; policy-archetype definition,policy-budget robustness and held-out allocation audit,Reproducibility repository: policy configuration,Do not interpret as an optimized or observed allocation.
policy_allocations.S5.engagement,0.11,0-1; policy shares sum to 1,proportion of annual budget,C,Declared synthetic policy-archetype allocation.,none; policy-archetype definition,policy-budget robustness and held-out allocation audit,Reproducibility repository: policy configuration,Do not interpret as an optimized or observed allocation.
policy_allocations.S6.habitat,0.68,0-1; policy shares sum to 1,proportion of annual budget,C,Declared synthetic policy-archetype allocation.,none; policy-archetype definition,policy-budget robustness and held-out allocation audit,Reproducibility repository: policy configuration,Do not interpret as an optimized or observed allocation.
policy_allocations.S6.survey,0.14,0-1; policy shares sum to 1,proportion of annual budget,C,Declared synthetic policy-archetype allocation.,none; policy-archetype definition,policy-budget robustness and held-out allocation audit,Reproducibility repository: policy configuration,Do not interpret as an optimized or observed allocation.
policy_allocations.S6.rescue,0.03,0-1; policy shares sum to 1,proportion of annual budget,C,Declared synthetic policy-archetype allocation.,none; policy-archetype definition,policy-budget robustness and held-out allocation audit,Reproducibility repository: policy configuration,Do not interpret as an optimized or observed allocation.
policy_allocations.S6.ex_situ,0.0,0-1; policy shares sum to 1,proportion of annual budget,C,Declared synthetic policy-archetype allocation.,none; policy-archetype definition,policy-budget robustness and held-out allocation audit,Reproducibility repository: policy configuration,Do not interpret as an optimized or observed allocation.
policy_allocations.S6.genetics,0.03,0-1; policy shares sum to 1,proportion of annual budget,C,Declared synthetic policy-archetype allocation.,none; policy-archetype definition,policy-budget robustness and held-out allocation audit,Reproducibility repository: policy configuration,Do not interpret as an optimized or observed allocation.
policy_allocations.S6.biobank,0.02,0-1; policy shares sum to 1,proportion of annual budget,C,Declared synthetic policy-archetype allocation.,none; policy-archetype definition,policy-budget robustness and held-out allocation audit,Reproducibility repository: policy configuration,Do not interpret as an optimized or observed allocation.
policy_allocations.S6.engagement,0.1,0-1; policy shares sum to 1,proportion of annual budget,C,Declared synthetic policy-archetype allocation.,none; policy-archetype definition,policy-budget robustness and held-out allocation audit,Reproducibility repository: policy configuration,Do not interpret as an optimized or observed allocation.
policy_allocations.S7.habitat,0.35,0-1; policy shares sum to 1,proportion of annual budget,C,Declared synthetic policy-archetype allocation.,none; policy-archetype definition,policy-budget robustness and held-out allocation audit,Reproducibility repository: policy configuration,Do not interpret as an optimized or observed allocation.
policy_allocations.S7.survey,0.16,0-1; policy shares sum to 1,proportion of annual budget,C,Declared synthetic policy-archetype allocation.,none; policy-archetype definition,policy-budget robustness and held-out allocation audit,Reproducibility repository: policy configuration,Do not interpret as an optimized or observed allocation.
policy_allocations.S7.rescue,0.14,0-1; policy shares sum to 1,proportion of annual budget,C,Declared synthetic policy-archetype allocation.,none; policy-archetype definition,policy-budget robustness and held-out allocation audit,Reproducibility repository: policy configuration,Do not interpret as an optimized or observed allocation.
policy_allocations.S7.ex_situ,0.1,0-1; policy shares sum to 1,proportion of annual budget,C,Declared synthetic policy-archetype allocation.,none; policy-archetype definition,policy-budget robustness and held-out allocation audit,Reproducibility repository: policy configuration,Do not interpret as an optimized or observed allocation.
policy_allocations.S7.genetics,0.08,0-1; policy shares sum to 1,proportion of annual budget,C,Declared synthetic policy-archetype allocation.,none; policy-archetype definition,policy-budget robustness and held-out allocation audit,Reproducibility repository: policy configuration,Do not interpret as an optimized or observed allocation.
policy_allocations.S7.biobank,0.08,0-1; policy shares sum to 1,proportion of annual budget,C,Declared synthetic policy-archetype allocation.,none; policy-archetype definition,policy-budget robustness and held-out allocation audit,Reproducibility repository: policy configuration,Do not interpret as an optimized or observed allocation.
policy_allocations.S7.engagement,0.09,0-1; policy shares sum to 1,proportion of annual budget,C,Declared synthetic policy-archetype allocation.,none; policy-archetype definition,policy-budget robustness and held-out allocation audit,Reproducibility repository: policy configuration,Do not interpret as an optimized or observed allocation.
