source_id,source,url,identifier_version,accessed_utc,retrieval_condition,local_path,file_size,sha256,license,completeness
gbif-match-przewalski_horse,GBIF Species API,https://api.gbif.org/v1/species/match?name=Equus+ferus+przewalskii&strict=true&verbose=true,GBIF API v1 species/match,2026-09-24T08:56:44.595460+00:00,HTTP GET; public endpoint; no authentication,/home/ubuntu/repos/wip/agentic-conservation/data/raw/20260924T085643Z/gbif_species_match_przewalski_horse.json,588,2bb2e3fe3a7aed970ff891aa592d8a0f2e50f5260ded9900cd9572a91fc892bd,GBIF terms of use; taxonomic metadata,complete API response for the exact submitted name
gbif-occurrence-przewalski_horse,GBIF Occurrence API,https://api.gbif.org/v1/occurrence/search?taxon_key=5787170&occurrence_status=present&has_coordinate=true&limit=0&facet=year&facet_limit=200,taxonKey=5787170; taxon_key=5787170&occurrence_status=present&has_coordinate=true&limit=0&facet=year&facet_limit=200,2026-09-24T08:56:45.187939+00:00,HTTP GET; public endpoint; no authentication,/home/ubuntu/repos/wip/agentic-conservation/data/raw/20260924T085643Z/gbif_occurrence_year_facet_przewalski_horse.json,378,40cca9c0db96069c4e991f7122f7ff25304cd6b5c2384f3dd4b61eb92ef5d806,Aggregate GBIF metadata; underlying records retain dataset-specific CC0/CC BY/CC BY-NC licenses,complete year-facet aggregation returned by GBIF for the recorded query; individual occurrence records were not downloaded
gbif-match-scimitar_horned_oryx,GBIF Species API,https://api.gbif.org/v1/species/match?name=Oryx+dammah&strict=true&verbose=true,GBIF API v1 species/match,2026-09-24T08:56:45.720293+00:00,HTTP GET; public endpoint; no authentication,/home/ubuntu/repos/wip/agentic-conservation/data/raw/20260924T085643Z/gbif_species_match_scimitar_horned_oryx.json,531,5be176c8d50e6a24d9fbb6fb90ac1033eeaefdb9834dbdbd3f32cec09a9996d4,GBIF terms of use; taxonomic metadata,complete API response for the exact submitted name
gbif-occurrence-scimitar_horned_oryx,GBIF Occurrence API,https://api.gbif.org/v1/occurrence/search?taxon_key=5220165&occurrence_status=present&has_coordinate=true&limit=0&facet=year&facet_limit=200,taxonKey=5220165; taxon_key=5220165&occurrence_status=present&has_coordinate=true&limit=0&facet=year&facet_limit=200,2026-09-24T08:56:46.303861+00:00,HTTP GET; public endpoint; no authentication,/home/ubuntu/repos/wip/agentic-conservation/data/raw/20260924T085643Z/gbif_occurrence_year_facet_scimitar_horned_oryx.json,375,572b70ee14f3a22db5fb4f4b6359a053fddae1415f0abd044d87bb54cf34f8e6,Aggregate GBIF metadata; underlying records retain dataset-specific CC0/CC BY/CC BY-NC licenses,complete year-facet aggregation returned by GBIF for the recorded query; individual occurrence records were not downloaded
gbif-match-california_condor,GBIF Species API,https://api.gbif.org/v1/species/match?name=Gymnogyps+californianus&strict=true&verbose=true,GBIF API v1 species/match,2026-09-24T08:56:46.839160+00:00,HTTP GET; public endpoint; no authentication,/home/ubuntu/repos/wip/agentic-conservation/data/raw/20260924T085643Z/gbif_species_match_california_condor.json,575,bf25fcd058babbef8bb2fa88c7803a4ee3ef5facda7767e49869d3954b7d7f15,GBIF terms of use; taxonomic metadata,complete API response for the exact submitted name
gbif-occurrence-california_condor,GBIF Occurrence API,https://api.gbif.org/v1/occurrence/search?taxon_key=2481920&occurrence_status=present&has_coordinate=true&limit=0&facet=year&facet_limit=200,taxonKey=2481920; taxon_key=2481920&occurrence_status=present&has_coordinate=true&limit=0&facet=year&facet_limit=200,2026-09-24T08:56:47.461119+00:00,HTTP GET; public endpoint; no authentication,/home/ubuntu/repos/wip/agentic-conservation/data/raw/20260924T085643Z/gbif_occurrence_year_facet_california_condor.json,399,d6f40ad8fd7b24c3341a386e3975efea1ec42bd426c80faf081fd0a0f6139c59,Aggregate GBIF metadata; underlying records retain dataset-specific CC0/CC BY/CC BY-NC licenses,complete year-facet aggregation returned by GBIF for the recorded query; individual occurrence records were not downloaded
crossref-przewalski_horse,Crossref REST API,https://api.crossref.org/works?query.bibliographic=Przewalski+horse+reintroduction+conservation&filter=type%3Ajournal-article&rows=20&select=DOI%2Ctitle%2Cauthor%2Cpublished%2Ccontainer-title%2CURL%2Ctype%2Cis-referenced-by-count%2Cpublisher%2Clicense,query=Przewalski horse reintroduction conservation; rows=20,2026-09-24T08:56:49.166534+00:00,HTTP GET; public endpoint; no authentication,/home/ubuntu/repos/wip/agentic-conservation/data/raw/20260924T085643Z/crossref_przewalski_horse.json,17709,d1d71b8f4d169783d7bc001f9e6fda57455a52b98797d7118b1b9046fc6836cb,Crossref metadata terms; source-article rights remain with publishers,first 20 relevance-ranked journal-article metadata records
crossref-scimitar_horned_oryx,Crossref REST API,https://api.crossref.org/works?query.bibliographic=scimitar+horned+oryx+reintroduction+conservation&filter=type%3Ajournal-article&rows=20&select=DOI%2Ctitle%2Cauthor%2Cpublished%2Ccontainer-title%2CURL%2Ctype%2Cis-referenced-by-count%2Cpublisher%2Clicense,query=scimitar horned oryx reintroduction conservation; rows=20,2026-09-24T08:56:50.589482+00:00,HTTP GET; public endpoint; no authentication,/home/ubuntu/repos/wip/agentic-conservation/data/raw/20260924T085643Z/crossref_scimitar_horned_oryx.json,17968,e1fadb68e860fa20d79830118aa6e4df79ef84307ec41fdecb3d32f6ee5fbaa8,Crossref metadata terms; source-article rights remain with publishers,first 20 relevance-ranked journal-article metadata records
crossref-california_condor,Crossref REST API,https://api.crossref.org/works?query.bibliographic=California+condor+captive+breeding+reintroduction&filter=type%3Ajournal-article&rows=20&select=DOI%2Ctitle%2Cauthor%2Cpublished%2Ccontainer-title%2CURL%2Ctype%2Cis-referenced-by-count%2Cpublisher%2Clicense,query=California condor captive breeding reintroduction; rows=20,2026-09-24T08:56:52.325145+00:00,HTTP GET; public endpoint; no authentication,/home/ubuntu/repos/wip/agentic-conservation/data/raw/20260924T085643Z/crossref_california_condor.json,12092,71a595c6c61271d10d292106756a0471822f204d84def0cda8fd9ade47a25559,Crossref metadata terms; source-article rights remain with publishers,first 20 relevance-ranked journal-article metadata records
crossref-decision_theory,Crossref REST API,https://api.crossref.org/works?query.bibliographic=conservation+decision+making+partial+observability+value+information&filter=type%3Ajournal-article&rows=20&select=DOI%2Ctitle%2Cauthor%2Cpublished%2Ccontainer-title%2CURL%2Ctype%2Cis-referenced-by-count%2Cpublisher%2Clicense,query=conservation decision making partial observability value information; rows=20,2026-09-24T08:56:53.903185+00:00,HTTP GET; public endpoint; no authentication,/home/ubuntu/repos/wip/agentic-conservation/data/raw/20260924T085643Z/crossref_decision_theory.json,26067,55ba98072492ca03e6e3eb42065ee7c7ae1b390e465d1ef682de8d934bad79de,Crossref metadata terms; source-article rights remain with publishers,first 20 relevance-ranked journal-article metadata records
gbif-match-przewalski_horse,GBIF Species API,https://api.gbif.org/v1/species/match?name=Equus+ferus+przewalskii&strict=true&verbose=true,GBIF API v1 species/match,2026-09-24T08:57:20.592882+00:00,HTTP GET; public endpoint; no authentication,/home/ubuntu/repos/wip/agentic-conservation/data/raw/20260924T085720Z/gbif_species_match_przewalski_horse.json,588,2bb2e3fe3a7aed970ff891aa592d8a0f2e50f5260ded9900cd9572a91fc892bd,GBIF terms of use; taxonomic metadata,complete API response for the exact submitted name
gbif-occurrence-przewalski_horse,GBIF Occurrence API,https://api.gbif.org/v1/occurrence/search?taxon_key=5787170&occurrence_status=present&has_coordinate=true&limit=0&facet=year&facetLimit=200,taxonKey=5787170; taxon_key=5787170&occurrence_status=present&has_coordinate=true&limit=0&facet=year&facetLimit=200,2026-09-24T08:57:21.182163+00:00,HTTP GET; public endpoint; no authentication,/home/ubuntu/repos/wip/agentic-conservation/data/raw/20260924T085720Z/gbif_occurrence_year_facet_przewalski_horse.json,717,15891025918d67b32d55240a6b2ebc4cc2fad6514886f2884dc25c04c9f9446d,Aggregate GBIF metadata; underlying records retain dataset-specific CC0/CC BY/CC BY-NC licenses,complete year-facet aggregation returned by GBIF for the recorded query; individual occurrence records were not downloaded
gbif-match-scimitar_horned_oryx,GBIF Species API,https://api.gbif.org/v1/species/match?name=Oryx+dammah&strict=true&verbose=true,GBIF API v1 species/match,2026-09-24T08:57:21.719143+00:00,HTTP GET; public endpoint; no authentication,/home/ubuntu/repos/wip/agentic-conservation/data/raw/20260924T085720Z/gbif_species_match_scimitar_horned_oryx.json,531,5be176c8d50e6a24d9fbb6fb90ac1033eeaefdb9834dbdbd3f32cec09a9996d4,GBIF terms of use; taxonomic metadata,complete API response for the exact submitted name
gbif-occurrence-scimitar_horned_oryx,GBIF Occurrence API,https://api.gbif.org/v1/occurrence/search?taxon_key=5220165&occurrence_status=present&has_coordinate=true&limit=0&facet=year&facetLimit=200,taxonKey=5220165; taxon_key=5220165&occurrence_status=present&has_coordinate=true&limit=0&facet=year&facetLimit=200,2026-09-24T08:57:22.388785+00:00,HTTP GET; public endpoint; no authentication,/home/ubuntu/repos/wip/agentic-conservation/data/raw/20260924T085720Z/gbif_occurrence_year_facet_scimitar_horned_oryx.json,765,1134b4ef8bf50979f01e6fe6d5cd44dcde97f46f2b858a98a2d26b3a922c8df3,Aggregate GBIF metadata; underlying records retain dataset-specific CC0/CC BY/CC BY-NC licenses,complete year-facet aggregation returned by GBIF for the recorded query; individual occurrence records were not downloaded
gbif-match-california_condor,GBIF Species API,https://api.gbif.org/v1/species/match?name=Gymnogyps+californianus&strict=true&verbose=true,GBIF API v1 species/match,2026-09-24T08:57:22.920276+00:00,HTTP GET; public endpoint; no authentication,/home/ubuntu/repos/wip/agentic-conservation/data/raw/20260924T085720Z/gbif_species_match_california_condor.json,575,bf25fcd058babbef8bb2fa88c7803a4ee3ef5facda7767e49869d3954b7d7f15,GBIF terms of use; taxonomic metadata,complete API response for the exact submitted name
gbif-occurrence-california_condor,GBIF Occurrence API,https://api.gbif.org/v1/occurrence/search?taxon_key=2481920&occurrence_status=present&has_coordinate=true&limit=0&facet=year&facetLimit=200,taxonKey=2481920; taxon_key=2481920&occurrence_status=present&has_coordinate=true&limit=0&facet=year&facetLimit=200,2026-09-24T08:57:23.513311+00:00,HTTP GET; public endpoint; no authentication,/home/ubuntu/repos/wip/agentic-conservation/data/raw/20260924T085720Z/gbif_occurrence_year_facet_california_condor.json,3211,46e598645d3eaca27d205aacd7b0d64b7fdc59ea8931fb790d681e76568e8402,Aggregate GBIF metadata; underlying records retain dataset-specific CC0/CC BY/CC BY-NC licenses,complete year-facet aggregation returned by GBIF for the recorded query; individual occurrence records were not downloaded
crossref-przewalski_horse,Crossref REST API,https://api.crossref.org/works?query.bibliographic=Przewalski+horse+reintroduction+conservation&filter=type%3Ajournal-article&rows=20&select=DOI%2Ctitle%2Cauthor%2Cpublished%2Ccontainer-title%2CURL%2Ctype%2Cis-referenced-by-count%2Cpublisher%2Clicense,query=Przewalski horse reintroduction conservation; rows=20,2026-09-24T08:57:24.751886+00:00,HTTP GET; public endpoint; no authentication,/home/ubuntu/repos/wip/agentic-conservation/data/raw/20260924T085720Z/crossref_przewalski_horse.json,17709,a1faeaa58e5a309808055b8ad19274cd15309f90a295fdb03061ae058f4ed4ba,Crossref metadata terms; source-article rights remain with publishers,first 20 relevance-ranked journal-article metadata records
crossref-scimitar_horned_oryx,Crossref REST API,https://api.crossref.org/works?query.bibliographic=scimitar+horned+oryx+reintroduction+conservation&filter=type%3Ajournal-article&rows=20&select=DOI%2Ctitle%2Cauthor%2Cpublished%2Ccontainer-title%2CURL%2Ctype%2Cis-referenced-by-count%2Cpublisher%2Clicense,query=scimitar horned oryx reintroduction conservation; rows=20,2026-09-24T08:57:26.340329+00:00,HTTP GET; public endpoint; no authentication,/home/ubuntu/repos/wip/agentic-conservation/data/raw/20260924T085720Z/crossref_scimitar_horned_oryx.json,17968,b6ba21b5df66997d560c0b27790be5cde5d09e39dbea980c163d2904d2a5e99b,Crossref metadata terms; source-article rights remain with publishers,first 20 relevance-ranked journal-article metadata records
crossref-california_condor,Crossref REST API,https://api.crossref.org/works?query.bibliographic=California+condor+captive+breeding+reintroduction&filter=type%3Ajournal-article&rows=20&select=DOI%2Ctitle%2Cauthor%2Cpublished%2Ccontainer-title%2CURL%2Ctype%2Cis-referenced-by-count%2Cpublisher%2Clicense,query=California condor captive breeding reintroduction; rows=20,2026-09-24T08:57:27.603809+00:00,HTTP GET; public endpoint; no authentication,/home/ubuntu/repos/wip/agentic-conservation/data/raw/20260924T085720Z/crossref_california_condor.json,12092,71a595c6c61271d10d292106756a0471822f204d84def0cda8fd9ade47a25559,Crossref metadata terms; source-article rights remain with publishers,first 20 relevance-ranked journal-article metadata records
crossref-decision_theory,Crossref REST API,https://api.crossref.org/works?query.bibliographic=conservation+decision+making+partial+observability+value+information&filter=type%3Ajournal-article&rows=20&select=DOI%2Ctitle%2Cauthor%2Cpublished%2Ccontainer-title%2CURL%2Ctype%2Cis-referenced-by-count%2Cpublisher%2Clicense,query=conservation decision making partial observability value information; rows=20,2026-09-24T08:57:29.307567+00:00,HTTP GET; public endpoint; no authentication,/home/ubuntu/repos/wip/agentic-conservation/data/raw/20260924T085720Z/crossref_decision_theory.json,26067,55ba98072492ca03e6e3eb42065ee7c7ae1b390e465d1ef682de8d934bad79de,Crossref metadata terms; source-article rights remain with publishers,first 20 relevance-ranked journal-article metadata records
gbif-match-przewalski_horse,GBIF Species API,https://api.gbif.org/v1/species/match?name=Equus+ferus+przewalskii&strict=true&verbose=true,GBIF API v1 species/match,2026-09-24T09:03:22.656940+00:00,HTTP GET; public endpoint; no authentication,/home/ubuntu/repos/wip/agentic-conservation/data/raw/20260924T090322Z/gbif_species_match_przewalski_horse.json,588,2bb2e3fe3a7aed970ff891aa592d8a0f2e50f5260ded9900cd9572a91fc892bd,GBIF terms of use; taxonomic metadata,complete API response for the exact submitted name
gbif-occurrence-przewalski_horse,GBIF Occurrence API,https://api.gbif.org/v1/occurrence/search?taxon_key=5787170&occurrence_status=present&has_coordinate=true&limit=0&facet=year&facetLimit=200,taxonKey=5787170; taxon_key=5787170&occurrence_status=present&has_coordinate=true&limit=0&facet=year&facetLimit=200,2026-09-24T09:03:23.331562+00:00,HTTP GET; public endpoint; no authentication,/home/ubuntu/repos/wip/agentic-conservation/data/raw/20260924T090322Z/gbif_occurrence_year_facet_przewalski_horse.json,717,15891025918d67b32d55240a6b2ebc4cc2fad6514886f2884dc25c04c9f9446d,Aggregate GBIF metadata; underlying records retain dataset-specific CC0/CC BY/CC BY-NC licenses,complete year-facet aggregation returned by GBIF for the recorded query; individual occurrence records were not downloaded
gbif-match-scimitar_horned_oryx,GBIF Species API,https://api.gbif.org/v1/species/match?name=Oryx+dammah&strict=true&verbose=true,GBIF API v1 species/match,2026-09-24T09:03:23.862049+00:00,HTTP GET; public endpoint; no authentication,/home/ubuntu/repos/wip/agentic-conservation/data/raw/20260924T090322Z/gbif_species_match_scimitar_horned_oryx.json,531,5be176c8d50e6a24d9fbb6fb90ac1033eeaefdb9834dbdbd3f32cec09a9996d4,GBIF terms of use; taxonomic metadata,complete API response for the exact submitted name
gbif-occurrence-scimitar_horned_oryx,GBIF Occurrence API,https://api.gbif.org/v1/occurrence/search?taxon_key=5220165&occurrence_status=present&has_coordinate=true&limit=0&facet=year&facetLimit=200,taxonKey=5220165; taxon_key=5220165&occurrence_status=present&has_coordinate=true&limit=0&facet=year&facetLimit=200,2026-09-24T09:03:24.485195+00:00,HTTP GET; public endpoint; no authentication,/home/ubuntu/repos/wip/agentic-conservation/data/raw/20260924T090322Z/gbif_occurrence_year_facet_scimitar_horned_oryx.json,765,1134b4ef8bf50979f01e6fe6d5cd44dcde97f46f2b858a98a2d26b3a922c8df3,Aggregate GBIF metadata; underlying records retain dataset-specific CC0/CC BY/CC BY-NC licenses,complete year-facet aggregation returned by GBIF for the recorded query; individual occurrence records were not downloaded
gbif-match-california_condor,GBIF Species API,https://api.gbif.org/v1/species/match?name=Gymnogyps+californianus&strict=true&verbose=true,GBIF API v1 species/match,2026-09-24T09:03:25.012610+00:00,HTTP GET; public endpoint; no authentication,/home/ubuntu/repos/wip/agentic-conservation/data/raw/20260924T090322Z/gbif_species_match_california_condor.json,575,bf25fcd058babbef8bb2fa88c7803a4ee3ef5facda7767e49869d3954b7d7f15,GBIF terms of use; taxonomic metadata,complete API response for the exact submitted name
gbif-occurrence-california_condor,GBIF Occurrence API,https://api.gbif.org/v1/occurrence/search?taxon_key=2481920&occurrence_status=present&has_coordinate=true&limit=0&facet=year&facetLimit=200,taxonKey=2481920; taxon_key=2481920&occurrence_status=present&has_coordinate=true&limit=0&facet=year&facetLimit=200,2026-09-24T09:03:25.584776+00:00,HTTP GET; public endpoint; no authentication,/home/ubuntu/repos/wip/agentic-conservation/data/raw/20260924T090322Z/gbif_occurrence_year_facet_california_condor.json,3211,46e598645d3eaca27d205aacd7b0d64b7fdc59ea8931fb790d681e76568e8402,Aggregate GBIF metadata; underlying records retain dataset-specific CC0/CC BY/CC BY-NC licenses,complete year-facet aggregation returned by GBIF for the recorded query; individual occurrence records were not downloaded
crossref-przewalski_horse,Crossref REST API,https://api.crossref.org/works?query.bibliographic=Przewalski+horse+reintroduction+conservation&filter=type%3Ajournal-article&rows=20&select=DOI%2Ctitle%2Cauthor%2Cpublished%2Ccontainer-title%2CURL%2Ctype%2Cis-referenced-by-count%2Cpublisher%2Clicense,query=Przewalski horse reintroduction conservation; rows=20,2026-09-24T09:03:27.414405+00:00,HTTP GET; public endpoint; no authentication,/home/ubuntu/repos/wip/agentic-conservation/data/raw/20260924T090322Z/crossref_przewalski_horse.json,17709,a1faeaa58e5a309808055b8ad19274cd15309f90a295fdb03061ae058f4ed4ba,Crossref metadata terms; source-article rights remain with publishers,first 20 relevance-ranked journal-article metadata records
crossref-scimitar_horned_oryx,Crossref REST API,https://api.crossref.org/works?query.bibliographic=scimitar+horned+oryx+reintroduction+conservation&filter=type%3Ajournal-article&rows=20&select=DOI%2Ctitle%2Cauthor%2Cpublished%2Ccontainer-title%2CURL%2Ctype%2Cis-referenced-by-count%2Cpublisher%2Clicense,query=scimitar horned oryx reintroduction conservation; rows=20,2026-09-24T09:03:28.369531+00:00,HTTP GET; public endpoint; no authentication,/home/ubuntu/repos/wip/agentic-conservation/data/raw/20260924T090322Z/crossref_scimitar_horned_oryx.json,17968,114314e08fb4ab9733592e9834ac7ccc34ca1da7f71ab5d558b9b6edc5427b26,Crossref metadata terms; source-article rights remain with publishers,first 20 relevance-ranked journal-article metadata records
crossref-california_condor,Crossref REST API,https://api.crossref.org/works?query.bibliographic=Gymnogyps+californianus+reintroduction+conservation&filter=type%3Ajournal-article&rows=20&select=DOI%2Ctitle%2Cauthor%2Cpublished%2Ccontainer-title%2CURL%2Ctype%2Cis-referenced-by-count%2Cpublisher%2Clicense,query=Gymnogyps californianus reintroduction conservation; rows=20,2026-09-24T09:03:30.136917+00:00,HTTP GET; public endpoint; no authentication,/home/ubuntu/repos/wip/agentic-conservation/data/raw/20260924T090322Z/crossref_california_condor.json,21132,5f1b4809e2d29a5ee9b148343eb51f1a61cadb7c507877d492b29a072d2acd3d,Crossref metadata terms; source-article rights remain with publishers,first 20 relevance-ranked journal-article metadata records
crossref-decision_theory,Crossref REST API,https://api.crossref.org/works?query.bibliographic=conservation+decision+making+partial+observability+value+information&filter=type%3Ajournal-article&rows=20&select=DOI%2Ctitle%2Cauthor%2Cpublished%2Ccontainer-title%2CURL%2Ctype%2Cis-referenced-by-count%2Cpublisher%2Clicense,query=conservation decision making partial observability value information; rows=20,2026-09-24T09:03:31.178232+00:00,HTTP GET; public endpoint; no authentication,/home/ubuntu/repos/wip/agentic-conservation/data/raw/20260924T090322Z/crossref_decision_theory.json,26067,0935b8962ad47ebe550e01b5c1c49d30e0d9fffb57149f7f3b2cf75e461009af,Crossref metadata terms; source-article rights remain with publishers,first 20 relevance-ranked journal-article metadata records
literature-audit-openalex-takhi,OpenAlex API,https://api.openalex.org/works/https://doi.org/10.1046/j.1523-1739.1996.10030728.x,DOI 10.1046/j.1523-1739.1996.10030728.x; OpenAlex work record,2026-09-25T00:46:16+00:00,HTTP GET; public API; no authentication,/home/ubuntu/repos/wip/agentic-conservation/data/raw/20260925T004616Z/literature_fulltext_audit/openalex_takhi.json,16605,e31f1207932204ffebb0d1a64ef061976be48ecd884a265e7e42101d18d01a44,OpenAlex data are CC0,complete OpenAlex work-record response
literature-audit-landing-takhi,DOI resolver and publisher landing page,https://doi.org/10.1046/j.1523-1739.1996.10030728.x,DOI 10.1046/j.1523-1739.1996.10030728.x,2026-09-25T00:46:16+00:00,HTTP GET with redirects and browser user agent,/home/ubuntu/repos/wip/agentic-conservation/data/raw/20260925T004616Z/literature_fulltext_audit/landing_takhi.html,5580,b6e9f7150fb2be2adaf8f6d3b89b0b5f3d5828af32b3b209548a6ea95a6405c3,publisher terms; local audit preservation only,complete HTTP response after DOI redirect; response may be an access-control page and is not classified as article full text
literature-audit-openalex-horse_xinjiang,OpenAlex API,https://api.openalex.org/works/https://doi.org/10.1016/j.biocon.2014.06.021,DOI 10.1016/j.biocon.2014.06.021; OpenAlex work record,2026-09-25T00:46:16+00:00,HTTP GET; public API; no authentication,/home/ubuntu/repos/wip/agentic-conservation/data/raw/20260925T004616Z/literature_fulltext_audit/openalex_horse_xinjiang.json,16225,2d0502deaf96f7b2463e1215bb44607c633f3b44a3fe809fd6ec924020bcd60d,OpenAlex data are CC0,complete OpenAlex work-record response
literature-audit-landing-horse_xinjiang,DOI resolver and publisher landing page,https://doi.org/10.1016/j.biocon.2014.06.021,DOI 10.1016/j.biocon.2014.06.021,2026-09-25T00:46:16+00:00,HTTP GET with redirects and browser user agent,/home/ubuntu/repos/wip/agentic-conservation/data/raw/20260925T004616Z/literature_fulltext_audit/landing_horse_xinjiang.html,2728,8c4da5a18833ea3d83d409e623cee18a86a63b4906d29dd627f1e697646b903c,publisher terms; local audit preservation only,complete HTTP response after DOI redirect; response may be an access-control page and is not classified as article full text
literature-audit-openalex-oryx_genetics,OpenAlex API,https://api.openalex.org/works/https://doi.org/10.1016/j.biocon.2019.108244,DOI 10.1016/j.biocon.2019.108244; OpenAlex work record,2026-09-25T00:46:16+00:00,HTTP GET; public API; no authentication,/home/ubuntu/repos/wip/agentic-conservation/data/raw/20260925T004616Z/literature_fulltext_audit/openalex_oryx_genetics.json,23819,7cf525b39bda96f55c069c64e4301998a06ada50536b95e4282131fc9e398a66,OpenAlex data are CC0,complete OpenAlex work-record response
literature-audit-landing-oryx_genetics,DOI resolver and publisher landing page,https://doi.org/10.1016/j.biocon.2019.108244,DOI 10.1016/j.biocon.2019.108244,2026-09-25T00:46:16+00:00,HTTP GET with redirects and browser user agent,/home/ubuntu/repos/wip/agentic-conservation/data/raw/20260925T004616Z/literature_fulltext_audit/landing_oryx_genetics.html,2759,0ced338547546bf10fe6ded06fbfbd2810b33dc4cf60ccf7f94537a13348cf94,publisher terms; local audit preservation only,complete HTTP response after DOI redirect; response may be an access-control page and is not classified as article full text
literature-audit-openalex-condor_niche,OpenAlex API,https://api.openalex.org/works/https://doi.org/10.1016/j.biocon.2015.01.002,DOI 10.1016/j.biocon.2015.01.002; OpenAlex work record,2026-09-25T00:46:16+00:00,HTTP GET; public API; no authentication,/home/ubuntu/repos/wip/agentic-conservation/data/raw/20260925T004616Z/literature_fulltext_audit/openalex_condor_niche.json,16895,4c651e5280a0da30a57d5ccf1a8c918cd2b4253b836cfeabc5a6f99f25936d10,OpenAlex data are CC0,complete OpenAlex work-record response
literature-audit-landing-condor_niche,DOI resolver and publisher landing page,https://doi.org/10.1016/j.biocon.2015.01.002,DOI 10.1016/j.biocon.2015.01.002,2026-09-25T00:46:16+00:00,HTTP GET with redirects and browser user agent,/home/ubuntu/repos/wip/agentic-conservation/data/raw/20260925T004616Z/literature_fulltext_audit/landing_condor_niche.html,2732,184d383f21a3bb2cb3c6ec7f18c29502edfc72f8817e510a7d2131714dd28a60,publisher terms; local audit preservation only,complete HTTP response after DOI redirect; response may be an access-control page and is not classified as article full text
literature-audit-openalex-condor_junk,OpenAlex API,https://api.openalex.org/works/https://doi.org/10.1017/s095927090700069x,DOI 10.1017/s095927090700069x; OpenAlex work record,2026-09-25T00:46:16+00:00,HTTP GET; public API; no authentication,/home/ubuntu/repos/wip/agentic-conservation/data/raw/20260925T004616Z/literature_fulltext_audit/openalex_condor_junk.json,20896,b33ab5b5e5a3a49703890b718abf1f2b868d0eda7e6815a3f58081630dfede6b,OpenAlex data are CC0,complete OpenAlex work-record response
literature-audit-landing-condor_junk,DOI resolver and publisher landing page,https://doi.org/10.1017/s095927090700069x,DOI 10.1017/s095927090700069x,2026-09-25T00:46:16+00:00,HTTP GET with redirects and browser user agent,/home/ubuntu/repos/wip/agentic-conservation/data/raw/20260925T004616Z/literature_fulltext_audit/landing_condor_junk.html,764619,bb78da45cedb82727d45da0a44b3449051b91104eecebdcf60693cdf10e32e79,publisher terms; local audit preservation only,complete HTTP response after DOI redirect; response may be an access-control page and is not classified as article full text
literature-audit-openalex-voinformation,OpenAlex API,https://api.openalex.org/works/https://doi.org/10.1111/j.1523-1739.2012.01907.x,DOI 10.1111/j.1523-1739.2012.01907.x; OpenAlex work record,2026-09-25T00:46:16+00:00,HTTP GET; public API; no authentication,/home/ubuntu/repos/wip/agentic-conservation/data/raw/20260925T004616Z/literature_fulltext_audit/openalex_voinformation.json,17705,4263b7d45cb87b4049187356c2ea81a32e16037999137d2ef760b5154cc5503c,OpenAlex data are CC0,complete OpenAlex work-record response
literature-audit-landing-voinformation,DOI resolver and publisher landing page,https://doi.org/10.1111/j.1523-1739.2012.01907.x,DOI 10.1111/j.1523-1739.2012.01907.x,2026-09-25T00:46:16+00:00,HTTP GET with redirects and browser user agent,/home/ubuntu/repos/wip/agentic-conservation/data/raw/20260925T004616Z/literature_fulltext_audit/landing_voinformation.html,5571,6d76490d29ba3ba5100b0c1ff31dba933820fd988341822b035127784043f276,publisher terms; local audit preservation only,complete HTTP response after DOI redirect; response may be an access-control page and is not classified as article full text
literature-audit-openalex-partial_observability,OpenAlex API,https://api.openalex.org/works/https://doi.org/10.1016/j.biocon.2018.05.009,DOI 10.1016/j.biocon.2018.05.009; OpenAlex work record,2026-09-25T00:46:16+00:00,HTTP GET; public API; no authentication,/home/ubuntu/repos/wip/agentic-conservation/data/raw/20260925T004616Z/literature_fulltext_audit/openalex_partial_observability.json,17261,5e239fa80b84058b9cdba9d27c9b151315466ab3fdd34670d9433a45d0cc1a23,OpenAlex data are CC0,complete OpenAlex work-record response
literature-audit-landing-partial_observability,DOI resolver and publisher landing page,https://doi.org/10.1016/j.biocon.2018.05.009,DOI 10.1016/j.biocon.2018.05.009,2026-09-25T00:46:16+00:00,HTTP GET with redirects and browser user agent,/home/ubuntu/repos/wip/agentic-conservation/data/raw/20260925T004616Z/literature_fulltext_audit/landing_partial_observability.html,2683,bf9613ab0e1ee6a99e4b367e8f685438fd6919fb9758d19e42e212d3c35241d6,publisher terms; local audit preservation only,complete HTTP response after DOI redirect; response may be an access-control page and is not classified as article full text
literature-audit-fulltext-condor-junk,Cambridge Core,https://www.cambridge.org/core/services/aop-cambridge-core/content/view/363E14BD4E4068AD8D9E5E2467905E65/S095927090700069Xa.pdf/div-class-title-junk-ingestion-and-nestling-mortality-in-a-reintroduced-population-of-california-condors-span-class-italic-gymnogyps-californianus-span-div.pdf,DOI 10.1017/s095927090700069x; publisher PDF,2026-09-25T00:46:16+00:00,HTTP GET; public publisher PDF; no authentication,/home/ubuntu/repos/wip/agentic-conservation/data/raw/20260925T004616Z/literature_fulltext_audit/condor_junk_fulltext.pdf,150894,e96e8c8e42e9838b108c3426396e6798074d8868c15119c589707c870a95dc4c,publisher terms; local audit preservation only,complete 12-page publisher PDF; redistribution not established
literature-audit-failed-oryx-author-manuscript,University of Edinburgh Research Explorer,https://www.research.ed.ac.uk/files/185094877/Manuscript_revised_R2.pdf,DOI 10.1016/j.biocon.2019.108244; attempted author manuscript,2026-09-25T00:46:16+00:00,HTTP GET; Cloudflare access-control challenge returned,/home/ubuntu/repos/wip/agentic-conservation/data/raw/20260925T004616Z/literature_fulltext_audit/oryx_genetics_failed_response.html,5876,a878d6e6339be99ca213c4a7345077e6691f89600100d616a330f62ddcbe86e9,publisher/repository terms; local audit preservation only,access-control response only; article text was not retrieved
literature-finishing-crossref-przewalski-gobi,Crossref REST API,https://api.crossref.org/works/10.22353/mjbs.2007.05.03,DOI 10.22353/mjbs.2007.05.03; exact work record,2026-09-25T04:09:07+00:00,HTTP GET; public API; no authentication,/home/ubuntu/repos/wip/agentic-conservation/data/raw/20260925T040907Z/literature_finishing_audit/crossref_verified_przewalski_gobi.json,1598,ca51b709f9f81d7d70c0f9d6ed31efca340b96a892d86f0e8e666f7171dce5d4,Crossref metadata terms; article rights remain with publisher,complete exact-DOI Crossref API response
literature-finishing-crossref-partial-observability,Crossref REST API,https://api.crossref.org/works/10.1002/ece3.9197,DOI 10.1002/ece3.9197; exact work record,2026-09-25T04:09:07+00:00,HTTP GET; public API; no authentication,/home/ubuntu/repos/wip/agentic-conservation/data/raw/20260925T040907Z/literature_finishing_audit/crossref_verified_partial_observability.json,15544,bbae9f4cb375be67b023f633feec27f308b4e5249d7dc7496de11ce0f9f9807f,Crossref metadata terms; article rights remain with publisher,complete exact-DOI Crossref API response
literature-finishing-fulltext-przewalski-gobi,PubMed Central,https://pmc.ncbi.nlm.nih.gov/articles/PMC3207201/,PMCID PMC3207201; DOI 10.22353/mjbs.2007.05.03,2026-09-25T04:09:07+00:00,HTTP GET; public full-text page; no authentication,/home/ubuntu/repos/wip/agentic-conservation/data/raw/20260925T040907Z/literature_finishing_audit/przewalski_gobi_fulltext.html,126428,96d6e6d325d0c0969169acc415178e1f5e05210af89a11a2e5c0b033175422fd,PMC copyright notice; local audit preservation only,complete article HTML including references
literature-finishing-fulltext-partial-observability,PubMed Central,https://pmc.ncbi.nlm.nih.gov/articles/PMC9468910/,PMCID PMC9468910; DOI 10.1002/ece3.9197,2026-09-25T04:09:07+00:00,HTTP GET; public full-text page; no authentication,/home/ubuntu/repos/wip/agentic-conservation/data/raw/20260925T040907Z/literature_finishing_audit/partial_observability_fulltext.html,404456,5ef8f74bb3d7ddf0c6f5851f260c713500a7973cab1142e394b059b360bd513f,Creative Commons Attribution 4.0,complete article HTML including references
literature-finishing-fulltext-condor-niche,ScholarsArchive@OSU,https://ir.library.oregonstate.edu/downloads/8w32r719m,DOI 10.1016/j.biocon.2015.01.002; repository copy,2026-09-25T04:09:07+00:00,HTTP GET; public institutional repository; no authentication,/home/ubuntu/repos/wip/agentic-conservation/data/raw/20260925T040907Z/literature_finishing_audit/condor_niche_author_manuscript.pdf,1846891,402282a4fa7b43c93f3996a7ddc9d9e64ce7dbe35d3c4a0da0d18b8a63657c6e,Oregon State University repository terms; local audit preservation only; redistribution not established,complete 11-page version-of-record PDF
literature-expansion-conde_2011_science-crossref-20261007T055717Z,Crossref REST API,https://api.crossref.org/works/10.1126%2Fscience.1200674,DOI 10.1126/science.1200674; exact-DOI API response,2026-10-07T05:57:17+00:00,HTTP GET; public endpoint; status 200,/home/ubuntu/repos/wip/agentic-conservation/data/raw/20261007T055717Z/literature_expansion/conde_2011_science_crossref.json,5736,9eea75042580c0f98bc8ef8a417a9e5b1690c569553fc55a7cc465a0f8490203,Crossref metadata terms; article rights remain with publisher,complete exact-DOI API response
literature-expansion-conde_2011_science-openalex-20261007T055717Z,OpenAlex API,https://api.openalex.org/works/doi:10.1126/science.1200674,DOI 10.1126/science.1200674; exact-DOI API response,2026-10-07T05:57:17+00:00,HTTP GET; public endpoint; status 200,/home/ubuntu/repos/wip/agentic-conservation/data/raw/20261007T055717Z/literature_expansion/conde_2011_science_openalex.json,20528,4d81f45cb92c5497e4160f23627174ce0bbc6e0a2d49264fb9379c727280824c,OpenAlex CC0 metadata; abstract text rights remain with publisher,complete exact-DOI API response
literature-expansion-conde_2011_plos-crossref-20261007T055717Z,Crossref REST API,https://api.crossref.org/works/10.1371%2Fjournal.pone.0028637,DOI 10.1371/journal.pone.0028637; exact-DOI API response,2026-10-07T05:57:18+00:00,HTTP GET; public endpoint; status 200,/home/ubuntu/repos/wip/agentic-conservation/data/raw/20261007T055717Z/literature_expansion/conde_2011_plos_crossref.json,45236,fe3133160f89855b4bf8f28db4d4b7234fa1dfad951420866ff5b49d8c4b1171,Crossref metadata terms; article rights remain with publisher,complete exact-DOI API response
literature-expansion-conde_2011_plos-openalex-20261007T055717Z,OpenAlex API,https://api.openalex.org/works/doi:10.1371/journal.pone.0028637,DOI 10.1371/journal.pone.0028637; exact-DOI API response,2026-10-07T05:57:18+00:00,HTTP GET; public endpoint; status 200,/home/ubuntu/repos/wip/agentic-conservation/data/raw/20261007T055717Z/literature_expansion/conde_2011_plos_openalex.json,38496,f6e3c51362ab69b1b2cf0828e77a2ad743a4476fe42670da40ef352ec67dfb4b,OpenAlex CC0 metadata; abstract text rights remain with publisher,complete exact-DOI API response
literature-expansion-pritchard_2012-crossref-20261007T055717Z,Crossref REST API,https://api.crossref.org/works/10.1017%2FS0030605310001766,DOI 10.1017/S0030605310001766; exact-DOI API response,2026-10-07T05:57:19+00:00,HTTP GET; public endpoint; status 200,/home/ubuntu/repos/wip/agentic-conservation/data/raw/20261007T055717Z/literature_expansion/pritchard_2012_crossref.json,11818,af08dd86e26144edcea2a390608e5d91098c6fafe8552e252f37b33a4c97f12a,Crossref metadata terms; article rights remain with publisher,complete exact-DOI API response
literature-expansion-pritchard_2012-openalex-20261007T055717Z,OpenAlex API,https://api.openalex.org/works/doi:10.1017/S0030605310001766,DOI 10.1017/S0030605310001766; exact-DOI API response,2026-10-07T05:57:19+00:00,HTTP GET; public endpoint; status 200,/home/ubuntu/repos/wip/agentic-conservation/data/raw/20261007T055717Z/literature_expansion/pritchard_2012_openalex.json,23192,6a9654bbf35fe997c2d60a58f0faf0dae8091c41bbc33f4f10ceac9b2deb04df,OpenAlex CC0 metadata; abstract text rights remain with publisher,complete exact-DOI API response
literature-expansion-redford_2012-crossref-20261007T055717Z,Crossref REST API,https://api.crossref.org/works/10.1126%2Fscience.1228899,DOI 10.1126/science.1228899; exact-DOI API response,2026-10-07T05:57:20+00:00,HTTP GET; public endpoint; status 200,/home/ubuntu/repos/wip/agentic-conservation/data/raw/20261007T055717Z/literature_expansion/redford_2012_crossref.json,4592,210aaa3416b8fd2372eb84d2721085c29eadf446f3bf70cb44a130e829272221,Crossref metadata terms; article rights remain with publisher,complete exact-DOI API response
literature-expansion-redford_2012-openalex-20261007T055717Z,OpenAlex API,https://api.openalex.org/works/doi:10.1126/science.1228899,DOI 10.1126/science.1228899; exact-DOI API response,2026-10-07T05:57:20+00:00,HTTP GET; public endpoint; status 200,/home/ubuntu/repos/wip/agentic-conservation/data/raw/20261007T055717Z/literature_expansion/redford_2012_openalex.json,14193,08df520173445f351cc39c5583f6e61f1b63749c3ca1b80ae61ad8d5aec69aff,OpenAlex CC0 metadata; abstract text rights remain with publisher,complete exact-DOI API response
literature-expansion-gilbert_2017-crossref-20261007T055717Z,Crossref REST API,https://api.crossref.org/works/10.1111%2Fizy.12159,DOI 10.1111/izy.12159; exact-DOI API response,2026-10-07T05:57:21+00:00,HTTP GET; public endpoint; status 200,/home/ubuntu/repos/wip/agentic-conservation/data/raw/20261007T055717Z/literature_expansion/gilbert_2017_crossref.json,14860,967b6595ef462ebfa06c94aa0da1dae96af29715fa0a4345b31cda136bac94ed,Crossref metadata terms; article rights remain with publisher,complete exact-DOI API response
literature-expansion-gilbert_2017-openalex-20261007T055717Z,OpenAlex API,https://api.openalex.org/works/doi:10.1111/izy.12159,DOI 10.1111/izy.12159; exact-DOI API response,2026-10-07T05:57:21+00:00,HTTP GET; public endpoint; status 200,/home/ubuntu/repos/wip/agentic-conservation/data/raw/20261007T055717Z/literature_expansion/gilbert_2017_openalex.json,20218,2b5d563a33a99b1e7acee6647743bef7b3cb24ab2082d475ff8e6ebac5dd723f,OpenAlex CC0 metadata; abstract text rights remain with publisher,complete exact-DOI API response
literature-expansion-bowkett_2009-crossref-20261007T055717Z,Crossref REST API,https://api.crossref.org/works/10.1111%2Fj.1523-1739.2008.01157.x,DOI 10.1111/j.1523-1739.2008.01157.x; exact-DOI API response,2026-10-07T05:57:22+00:00,HTTP GET; public endpoint; status 200,/home/ubuntu/repos/wip/agentic-conservation/data/raw/20261007T055717Z/literature_expansion/bowkett_2009_crossref.json,8159,db3e7572999400de1049655df57820ca91d957bc6fc365076a4376aa14470ea1,Crossref metadata terms; article rights remain with publisher,complete exact-DOI API response
literature-expansion-bowkett_2009-openalex-20261007T055717Z,OpenAlex API,https://api.openalex.org/works/doi:10.1111/j.1523-1739.2008.01157.x,DOI 10.1111/j.1523-1739.2008.01157.x; exact-DOI API response,2026-10-07T05:57:22+00:00,HTTP GET; public endpoint; status 200,/home/ubuntu/repos/wip/agentic-conservation/data/raw/20261007T055717Z/literature_expansion/bowkett_2009_openalex.json,14213,cd71bbdaadc5d4085887185f168cd8b0cbe0272cebe283ed44426c2057c92263,OpenAlex CC0 metadata; abstract text rights remain with publisher,complete exact-DOI API response
literature-expansion-snyder_1996-crossref-20261007T055717Z,Crossref REST API,https://api.crossref.org/works/10.1046%2Fj.1523-1739.1996.10020338.x,DOI 10.1046/j.1523-1739.1996.10020338.x; exact-DOI API response,2026-10-07T05:57:22+00:00,HTTP GET; public endpoint; status 200,/home/ubuntu/repos/wip/agentic-conservation/data/raw/20261007T055717Z/literature_expansion/snyder_1996_crossref.json,5262,0c551ba2c22b8a9944dca208caf1e304bb9d2cd4874ca1bcdb9a38b1b1631dd0,Crossref metadata terms; article rights remain with publisher,complete exact-DOI API response
literature-expansion-snyder_1996-openalex-20261007T055717Z,OpenAlex API,https://api.openalex.org/works/doi:10.1046/j.1523-1739.1996.10020338.x,DOI 10.1046/j.1523-1739.1996.10020338.x; exact-DOI API response,2026-10-07T05:57:23+00:00,HTTP GET; public endpoint; status 200,/home/ubuntu/repos/wip/agentic-conservation/data/raw/20261007T055717Z/literature_expansion/snyder_1996_openalex.json,20522,276af34fcfd886e37eb2748c9c95458092bc4ddba82dc30a98f087f2b6d77607,OpenAlex CC0 metadata; abstract text rights remain with publisher,complete exact-DOI API response
literature-expansion-frankham_2008-crossref-20261007T055717Z,Crossref REST API,https://api.crossref.org/works/10.1111%2Fj.1365-294X.2007.03399.x,DOI 10.1111/j.1365-294X.2007.03399.x; exact-DOI API response,2026-10-07T05:57:23+00:00,HTTP GET; public endpoint; status 429,/home/ubuntu/repos/wip/agentic-conservation/data/raw/20261007T055717Z/literature_expansion/frankham_2008_crossref.json,0,e3b0c44298fc1c149afbf4c8996fb92427ae41e4649b934ca495991b7852b855,Crossref metadata terms; article rights remain with publisher,request failed; response body retained
literature-expansion-frankham_2008-openalex-20261007T055717Z,OpenAlex API,https://api.openalex.org/works/doi:10.1111/j.1365-294X.2007.03399.x,DOI 10.1111/j.1365-294X.2007.03399.x; exact-DOI API response,2026-10-07T05:57:24+00:00,HTTP GET; public endpoint; status 200,/home/ubuntu/repos/wip/agentic-conservation/data/raw/20261007T055717Z/literature_expansion/frankham_2008_openalex.json,21578,7b921122873dc9afe5f6e74bfa4a70b3f70932dcd0b3adccb52f46b948b467c2,OpenAlex CC0 metadata; abstract text rights remain with publisher,complete exact-DOI API response
literature-expansion-araki_2007-crossref-20261007T055717Z,Crossref REST API,https://api.crossref.org/works/10.1126%2Fscience.1145621,DOI 10.1126/science.1145621; exact-DOI API response,2026-10-07T05:57:24+00:00,HTTP GET; public endpoint; status 429,/home/ubuntu/repos/wip/agentic-conservation/data/raw/20261007T055717Z/literature_expansion/araki_2007_crossref.json,0,e3b0c44298fc1c149afbf4c8996fb92427ae41e4649b934ca495991b7852b855,Crossref metadata terms; article rights remain with publisher,request failed; response body retained
literature-expansion-araki_2007-openalex-20261007T055717Z,OpenAlex API,https://api.openalex.org/works/doi:10.1126/science.1145621,DOI 10.1126/science.1145621; exact-DOI API response,2026-10-07T05:57:24+00:00,HTTP GET; public endpoint; status 200,/home/ubuntu/repos/wip/agentic-conservation/data/raw/20261007T055717Z/literature_expansion/araki_2007_openalex.json,21888,139dc297830d8fae8d985fa499da57f3c0039947f9b9145bafcd5ede47bdbd0c,OpenAlex CC0 metadata; abstract text rights remain with publisher,complete exact-DOI API response
literature-expansion-williams_hoffman_2009-crossref-20261007T055717Z,Crossref REST API,https://api.crossref.org/works/10.1016%2Fj.biocon.2009.05.034,DOI 10.1016/j.biocon.2009.05.034; exact-DOI API response,2026-10-07T05:57:25+00:00,HTTP GET; public endpoint; status 200,/home/ubuntu/repos/wip/agentic-conservation/data/raw/20261007T055717Z/literature_expansion/williams_hoffman_2009_crossref.json,54903,476f261583c4396ceac6f2ed8bdc5bd628accdb7cc727d30cf328fab497c90f7,Crossref metadata terms; article rights remain with publisher,complete exact-DOI API response
literature-expansion-williams_hoffman_2009-openalex-20261007T055717Z,OpenAlex API,https://api.openalex.org/works/doi:10.1016/j.biocon.2009.05.034,DOI 10.1016/j.biocon.2009.05.034; exact-DOI API response,2026-10-07T05:57:25+00:00,HTTP GET; public endpoint; status 200,/home/ubuntu/repos/wip/agentic-conservation/data/raw/20261007T055717Z/literature_expansion/williams_hoffman_2009_openalex.json,18834,93a99b88a5a78f9f88d3f0c42cb1d90393d9afb479c9cf79818410640bb60d0c,OpenAlex CC0 metadata; abstract text rights remain with publisher,complete exact-DOI API response
literature-expansion-hoban_2020-crossref-20261007T055717Z,Crossref REST API,https://api.crossref.org/works/10.1016%2Fj.biocon.2020.108654,DOI 10.1016/j.biocon.2020.108654; exact-DOI API response,2026-10-07T05:57:26+00:00,HTTP GET; public endpoint; status 200,/home/ubuntu/repos/wip/agentic-conservation/data/raw/20261007T055717Z/literature_expansion/hoban_2020_crossref.json,34363,b64a3159f94759c738053903cd49c855ff44d7395c3d00be8f5ca9f806ad65d2,Crossref metadata terms; article rights remain with publisher,complete exact-DOI API response
literature-expansion-hoban_2020-openalex-20261007T055717Z,OpenAlex API,https://api.openalex.org/works/doi:10.1016/j.biocon.2020.108654,DOI 10.1016/j.biocon.2020.108654; exact-DOI API response,2026-10-07T05:57:26+00:00,HTTP GET; public endpoint; status 200,/home/ubuntu/repos/wip/agentic-conservation/data/raw/20261007T055717Z/literature_expansion/hoban_2020_openalex.json,69019,fd441deb82dd1396cbc9ef3034474f468f2d654c1b55f11f57964037aacd69a5,OpenAlex CC0 metadata; abstract text rights remain with publisher,complete exact-DOI API response
literature-expansion-seddon_2014-crossref-20261007T055717Z,Crossref REST API,https://api.crossref.org/works/10.1126%2Fscience.1251818,DOI 10.1126/science.1251818; exact-DOI API response,2026-10-07T05:57:27+00:00,HTTP GET; public endpoint; status 200,/home/ubuntu/repos/wip/agentic-conservation/data/raw/20261007T055717Z/literature_expansion/seddon_2014_crossref.json,11771,beb216fa7201d117aafb27ad07bc93732e5babb7cc488294be05737f63c5648b,Crossref metadata terms; article rights remain with publisher,complete exact-DOI API response
literature-expansion-seddon_2014-openalex-20261007T055717Z,OpenAlex API,https://api.openalex.org/works/doi:10.1126/science.1251818,DOI 10.1126/science.1251818; exact-DOI API response,2026-10-07T05:57:27+00:00,HTTP GET; public endpoint; status 200,/home/ubuntu/repos/wip/agentic-conservation/data/raw/20261007T055717Z/literature_expansion/seddon_2014_openalex.json,22099,3b29b3c8cc36fd7bd6037d19a94d22ef299954660706fa6183a865ac0825c42c,OpenAlex CC0 metadata; abstract text rights remain with publisher,complete exact-DOI API response
literature-expansion-armstrong_seddon_2008-crossref-20261007T055717Z,Crossref REST API,https://api.crossref.org/works/10.1016%2Fj.tree.2007.10.003,DOI 10.1016/j.tree.2007.10.003; exact-DOI API response,2026-10-07T05:57:28+00:00,HTTP GET; public endpoint; status 200,/home/ubuntu/repos/wip/agentic-conservation/data/raw/20261007T055717Z/literature_expansion/armstrong_seddon_2008_crossref.json,2293,58e5f1b8d04ef6d7ba1f43f78c749566b97ba2ec68e958c1a5d1856811861155,Crossref metadata terms; article rights remain with publisher,complete exact-DOI API response
literature-expansion-armstrong_seddon_2008-openalex-20261007T055717Z,OpenAlex API,https://api.openalex.org/works/doi:10.1016/j.tree.2007.10.003,DOI 10.1016/j.tree.2007.10.003; exact-DOI API response,2026-10-07T05:57:28+00:00,HTTP GET; public endpoint; status 200,/home/ubuntu/repos/wip/agentic-conservation/data/raw/20261007T055717Z/literature_expansion/armstrong_seddon_2008_openalex.json,17912,7c5c4c6c45c225e8888e74521bc2c9cd90f68ec8bf698809440b249b1eec96e4,OpenAlex CC0 metadata; abstract text rights remain with publisher,complete exact-DOI API response
literature-expansion-fischer_lindenmayer_2000-crossref-20261007T055717Z,Crossref REST API,https://api.crossref.org/works/10.1016%2FS0006-3207%2800%2900048-3,DOI 10.1016/S0006-3207(00)00048-3; exact-DOI API response,2026-10-07T05:57:28+00:00,HTTP GET; public endpoint; status 200,/home/ubuntu/repos/wip/agentic-conservation/data/raw/20261007T055717Z/literature_expansion/fischer_lindenmayer_2000_crossref.json,19026,1e1d5ddd907ba20d90c5159b4a35aefe57c0e0c5d4d140031e6c12535223acf2,Crossref metadata terms; article rights remain with publisher,complete exact-DOI API response
literature-expansion-fischer_lindenmayer_2000-openalex-20261007T055717Z,OpenAlex API,https://api.openalex.org/works/doi:10.1016/S0006-3207(00)00048-3,DOI 10.1016/S0006-3207(00)00048-3; exact-DOI API response,2026-10-07T05:57:29+00:00,HTTP GET; public endpoint; status 200,/home/ubuntu/repos/wip/agentic-conservation/data/raw/20261007T055717Z/literature_expansion/fischer_lindenmayer_2000_openalex.json,13115,553acc38c3cb0f965e0edb2baaff1fc1a60d462cbbe455232a6d417143d035e5,OpenAlex CC0 metadata; abstract text rights remain with publisher,complete exact-DOI API response
literature-expansion-griffith_1989-crossref-20261007T055717Z,Crossref REST API,https://api.crossref.org/works/10.1126%2Fscience.245.4917.477,DOI 10.1126/science.245.4917.477; exact-DOI API response,2026-10-07T05:57:29+00:00,HTTP GET; public endpoint; status 200,/home/ubuntu/repos/wip/agentic-conservation/data/raw/20261007T055717Z/literature_expansion/griffith_1989_crossref.json,9356,7073de27bc0df1a0f9191e4cf0602600e910855dba6631bc29fb57f967c4a79c,Crossref metadata terms; article rights remain with publisher,complete exact-DOI API response
literature-expansion-griffith_1989-openalex-20261007T055717Z,OpenAlex API,https://api.openalex.org/works/doi:10.1126/science.245.4917.477,DOI 10.1126/science.245.4917.477; exact-DOI API response,2026-10-07T05:57:30+00:00,HTTP GET; public endpoint; status 200,/home/ubuntu/repos/wip/agentic-conservation/data/raw/20261007T055717Z/literature_expansion/griffith_1989_openalex.json,15759,84c3f84766657027b52472868be0ac10fd89a21933a4ceb1baa04dc75ae58f6a,OpenAlex CC0 metadata; abstract text rights remain with publisher,complete exact-DOI API response
literature-expansion-teixeira_2007-crossref-20261007T055717Z,Crossref REST API,https://api.crossref.org/works/10.1016%2Fj.anbehav.2006.06.002,DOI 10.1016/j.anbehav.2006.06.002; exact-DOI API response,2026-10-07T05:57:30+00:00,HTTP GET; public endpoint; status 429,/home/ubuntu/repos/wip/agentic-conservation/data/raw/20261007T055717Z/literature_expansion/teixeira_2007_crossref.json,0,e3b0c44298fc1c149afbf4c8996fb92427ae41e4649b934ca495991b7852b855,Crossref metadata terms; article rights remain with publisher,request failed; response body retained
literature-expansion-teixeira_2007-openalex-20261007T055717Z,OpenAlex API,https://api.openalex.org/works/doi:10.1016/j.anbehav.2006.06.002,DOI 10.1016/j.anbehav.2006.06.002; exact-DOI API response,2026-10-07T05:57:31+00:00,HTTP GET; public endpoint; status 200,/home/ubuntu/repos/wip/agentic-conservation/data/raw/20261007T055717Z/literature_expansion/teixeira_2007_openalex.json,20371,f010807d0984316e9da5fa92c3628eb64ea05b6c66a8dd1b65d9e2b3084a6004,OpenAlex CC0 metadata; abstract text rights remain with publisher,complete exact-DOI API response
literature-expansion-dickens_2010-crossref-20261007T055717Z,Crossref REST API,https://api.crossref.org/works/10.1016%2Fj.biocon.2010.02.032,DOI 10.1016/j.biocon.2010.02.032; exact-DOI API response,2026-10-07T05:57:31+00:00,HTTP GET; public endpoint; status 200,/home/ubuntu/repos/wip/agentic-conservation/data/raw/20261007T055717Z/literature_expansion/dickens_2010_crossref.json,67845,1173178a6e23e2a27a63a53a5d28abb55098b6ec23c36bb0f792dcf8afb562c0,Crossref metadata terms; article rights remain with publisher,complete exact-DOI API response
literature-expansion-dickens_2010-openalex-20261007T055717Z,OpenAlex API,https://api.openalex.org/works/doi:10.1016/j.biocon.2010.02.032,DOI 10.1016/j.biocon.2010.02.032; exact-DOI API response,2026-10-07T05:57:31+00:00,HTTP GET; public endpoint; status 200,/home/ubuntu/repos/wip/agentic-conservation/data/raw/20261007T055717Z/literature_expansion/dickens_2010_openalex.json,18995,68ef9263fce09efabdf790c18a9c3d3c73ed31fc5df63efb8ec3c620a5f84201,OpenAlex CC0 metadata; abstract text rights remain with publisher,complete exact-DOI API response
literature-expansion-jule_2008-crossref-20261007T055717Z,Crossref REST API,https://api.crossref.org/works/10.1016%2Fj.biocon.2007.11.007,DOI 10.1016/j.biocon.2007.11.007; exact-DOI API response,2026-10-07T05:57:32+00:00,HTTP GET; public endpoint; status 200,/home/ubuntu/repos/wip/agentic-conservation/data/raw/20261007T055717Z/literature_expansion/jule_2008_crossref.json,25498,524222e4adc768f9df622b47806601885250e2fb425ed26efa0f249355ab006f,Crossref metadata terms; article rights remain with publisher,complete exact-DOI API response
literature-expansion-jule_2008-openalex-20261007T055717Z,OpenAlex API,https://api.openalex.org/works/doi:10.1016/j.biocon.2007.11.007,DOI 10.1016/j.biocon.2007.11.007; exact-DOI API response,2026-10-07T05:57:32+00:00,HTTP GET; public endpoint; status 200,/home/ubuntu/repos/wip/agentic-conservation/data/raw/20261007T055717Z/literature_expansion/jule_2008_openalex.json,14563,439f952863f4f99ae803d9983eba3973c59a58c26a38c5f94409aa0076f5f1c8,OpenAlex CC0 metadata; abstract text rights remain with publisher,complete exact-DOI API response
literature-expansion-kock_2010-crossref-20261007T055717Z,Crossref REST API,https://api.crossref.org/works/10.20506%2Frst.29.2.1980,DOI 10.20506/rst.29.2.1980; exact-DOI API response,2026-10-07T05:57:33+00:00,HTTP GET; public endpoint; status 200,/home/ubuntu/repos/wip/agentic-conservation/data/raw/20261007T055717Z/literature_expansion/kock_2010_crossref.json,1976,e9719a8a6f9fa4c608b5575bd54adfcd1c50adbcff8a6a9fead3b5d703a95078,Crossref metadata terms; article rights remain with publisher,complete exact-DOI API response
literature-expansion-kock_2010-openalex-20261007T055717Z,OpenAlex API,https://api.openalex.org/works/doi:10.20506/rst.29.2.1980,DOI 10.20506/rst.29.2.1980; exact-DOI API response,2026-10-07T05:57:33+00:00,HTTP GET; public endpoint; status 200,/home/ubuntu/repos/wip/agentic-conservation/data/raw/20261007T055717Z/literature_expansion/kock_2010_openalex.json,23680,acb25d31d9ffb1905a658ec5505a056f6a1ad3c65deedf3b7fb0ededc1cffa88,OpenAlex CC0 metadata; abstract text rights remain with publisher,complete exact-DOI API response
literature-expansion-hoegh_guldberg_2008-crossref-20261007T055717Z,Crossref REST API,https://api.crossref.org/works/10.1126%2Fscience.1157897,DOI 10.1126/science.1157897; exact-DOI API response,2026-10-07T05:57:34+00:00,HTTP GET; public endpoint; status 200,/home/ubuntu/repos/wip/agentic-conservation/data/raw/20261007T055717Z/literature_expansion/hoegh_guldberg_2008_crossref.json,6420,afcd57154ebbd043b29053b96589311a990999e95845e0fb7cb0958f37bc0eb0,Crossref metadata terms; article rights remain with publisher,complete exact-DOI API response
literature-expansion-hoegh_guldberg_2008-openalex-20261007T055717Z,OpenAlex API,https://api.openalex.org/works/doi:10.1126/science.1157897,DOI 10.1126/science.1157897; exact-DOI API response,2026-10-07T05:57:34+00:00,HTTP GET; public endpoint; status 200,/home/ubuntu/repos/wip/agentic-conservation/data/raw/20261007T055717Z/literature_expansion/hoegh_guldberg_2008_openalex.json,22878,680bc30c93c4a166eb1fe8b1e24ef57bc97853d618f2d5cd25cdab4e660c6e15,OpenAlex CC0 metadata; abstract text rights remain with publisher,complete exact-DOI API response
literature-expansion-richardson_2009-crossref-20261007T055717Z,Crossref REST API,https://api.crossref.org/works/10.1073%2Fpnas.0902327106,DOI 10.1073/pnas.0902327106; exact-DOI API response,2026-10-07T05:57:35+00:00,HTTP GET; public endpoint; status 200,/home/ubuntu/repos/wip/agentic-conservation/data/raw/20261007T055717Z/literature_expansion/richardson_2009_crossref.json,12910,ecb34b75ecfa7bdcc79356abad5d7589465b0aea160ae9e4ee6a5b923562ea8e,Crossref metadata terms; article rights remain with publisher,complete exact-DOI API response
literature-expansion-richardson_2009-openalex-20261007T055717Z,OpenAlex API,https://api.openalex.org/works/doi:10.1073/pnas.0902327106,DOI 10.1073/pnas.0902327106; exact-DOI API response,2026-10-07T05:57:35+00:00,HTTP GET; public endpoint; status 200,/home/ubuntu/repos/wip/agentic-conservation/data/raw/20261007T055717Z/literature_expansion/richardson_2009_openalex.json,40265,fb4c336cc4cf618534eb46eebc35224d5a165765a70235a5c6f3e762557d0434,OpenAlex CC0 metadata; abstract text rights remain with publisher,complete exact-DOI API response
literature-expansion-mclachlan_2007-crossref-20261007T055717Z,Crossref REST API,https://api.crossref.org/works/10.1111%2Fj.1523-1739.2007.00676.x,DOI 10.1111/j.1523-1739.2007.00676.x; exact-DOI API response,2026-10-07T05:57:35+00:00,HTTP GET; public endpoint; status 200,/home/ubuntu/repos/wip/agentic-conservation/data/raw/20261007T055717Z/literature_expansion/mclachlan_2007_crossref.json,7285,916c65f1c6fadba485dbe6a693112230e98924617ab8c25f32a3b99a2b5e38d4,Crossref metadata terms; article rights remain with publisher,complete exact-DOI API response
literature-expansion-mclachlan_2007-openalex-20261007T055717Z,OpenAlex API,https://api.openalex.org/works/doi:10.1111/j.1523-1739.2007.00676.x,DOI 10.1111/j.1523-1739.2007.00676.x; exact-DOI API response,2026-10-07T05:57:36+00:00,HTTP GET; public endpoint; status 200,/home/ubuntu/repos/wip/agentic-conservation/data/raw/20261007T055717Z/literature_expansion/mclachlan_2007_openalex.json,52824,6a0a1a2bcfe2983267e3e785318ccde91103f01132d95066faaf8de6f3ef39ca,OpenAlex CC0 metadata; abstract text rights remain with publisher,complete exact-DOI API response
literature-expansion-thomas_2011-crossref-20261007T055717Z,Crossref REST API,https://api.crossref.org/works/10.1016%2Fj.tree.2011.02.006,DOI 10.1016/j.tree.2011.02.006; exact-DOI API response,2026-10-07T05:57:36+00:00,HTTP GET; public endpoint; status 200,/home/ubuntu/repos/wip/agentic-conservation/data/raw/20261007T055717Z/literature_expansion/thomas_2011_crossref.json,22811,4912b98461573ddf709235fbb429bd2968ae9f406ee4ee8fe03955749c7d818a,Crossref metadata terms; article rights remain with publisher,complete exact-DOI API response
literature-expansion-thomas_2011-openalex-20261007T055717Z,OpenAlex API,https://api.openalex.org/works/doi:10.1016/j.tree.2011.02.006,DOI 10.1016/j.tree.2011.02.006; exact-DOI API response,2026-10-07T05:57:37+00:00,HTTP GET; public endpoint; status 200,/home/ubuntu/repos/wip/agentic-conservation/data/raw/20261007T055717Z/literature_expansion/thomas_2011_openalex.json,16901,6e2a914df46a5ae4aa7b79c9e5465419d9a2719e8c71624e06cbbc9e9098ed2d,OpenAlex CC0 metadata; abstract text rights remain with publisher,complete exact-DOI API response
literature-expansion-pecl_2017-crossref-20261007T055717Z,Crossref REST API,https://api.crossref.org/works/10.1126%2Fscience.aai9214,DOI 10.1126/science.aai9214; exact-DOI API response,2026-10-07T05:57:37+00:00,HTTP GET; public endpoint; status 200,/home/ubuntu/repos/wip/agentic-conservation/data/raw/20261007T055717Z/literature_expansion/pecl_2017_crossref.json,74633,f95f0391e5cffced5e1314903e51904a5470205b7a89d1e44c5b875b1672581f,Crossref metadata terms; article rights remain with publisher,complete exact-DOI API response
literature-expansion-pecl_2017-openalex-20261007T055717Z,OpenAlex API,https://api.openalex.org/works/doi:10.1126/science.aai9214,DOI 10.1126/science.aai9214; exact-DOI API response,2026-10-07T05:57:38+00:00,HTTP GET; public endpoint; status 200,/home/ubuntu/repos/wip/agentic-conservation/data/raw/20261007T055717Z/literature_expansion/pecl_2017_openalex.json,91566,759350d0e44b38b37bb2a8e67939f22d7855d29b95f3f4bc46a36929b9dd89e0,OpenAlex CC0 metadata; abstract text rights remain with publisher,complete exact-DOI API response
literature-expansion-mora_2011-crossref-20261007T055717Z,Crossref REST API,https://api.crossref.org/works/10.1371%2Fjournal.pbio.1001127,DOI 10.1371/journal.pbio.1001127; exact-DOI API response,2026-10-07T05:57:38+00:00,HTTP GET; public endpoint; status 200,/home/ubuntu/repos/wip/agentic-conservation/data/raw/20261007T055717Z/literature_expansion/mora_2011_crossref.json,11220,88efeeeb97269acbdbaf873ff76ea01c7b75bf087523930c27424de4ed23a003,Crossref metadata terms; article rights remain with publisher,complete exact-DOI API response
literature-expansion-mora_2011-openalex-20261007T055717Z,OpenAlex API,https://api.openalex.org/works/doi:10.1371/journal.pbio.1001127,DOI 10.1371/journal.pbio.1001127; exact-DOI API response,2026-10-07T05:57:39+00:00,HTTP GET; public endpoint; status 200,/home/ubuntu/repos/wip/agentic-conservation/data/raw/20261007T055717Z/literature_expansion/mora_2011_openalex.json,30330,3c53a962647cce87e9d7edc286413b55082e387e5bfe0541990479ca72a74df5,OpenAlex CC0 metadata; abstract text rights remain with publisher,complete exact-DOI API response
literature-expansion-tedesco_2014-crossref-20261007T055717Z,Crossref REST API,https://api.crossref.org/works/10.1111%2Fcobi.12285,DOI 10.1111/cobi.12285; exact-DOI API response,2026-10-07T05:57:39+00:00,HTTP GET; public endpoint; status 200,/home/ubuntu/repos/wip/agentic-conservation/data/raw/20261007T055717Z/literature_expansion/tedesco_2014_crossref.json,10970,c62fd67589e73c6754ac00cb0dd06884ad99d00d0c9ec1a3a8b2e97cfd429769,Crossref metadata terms; article rights remain with publisher,complete exact-DOI API response
literature-expansion-tedesco_2014-openalex-20261007T055717Z,OpenAlex API,https://api.openalex.org/works/doi:10.1111/cobi.12285,DOI 10.1111/cobi.12285; exact-DOI API response,2026-10-07T05:57:39+00:00,HTTP GET; public endpoint; status 200,/home/ubuntu/repos/wip/agentic-conservation/data/raw/20261007T055717Z/literature_expansion/tedesco_2014_openalex.json,30727,8b29463d35c569d8890e5f6b0cd2e4ea82c1d711a760f4cee0582b4c136e0830,OpenAlex CC0 metadata; abstract text rights remain with publisher,complete exact-DOI API response
literature-expansion-boehm_cronk_2021-crossref-20261007T055717Z,Crossref REST API,https://api.crossref.org/works/10.1098%2Frsbl.2021.0007,DOI 10.1098/rsbl.2021.0007; exact-DOI API response,2026-10-07T05:57:40+00:00,HTTP GET; public endpoint; status 200,/home/ubuntu/repos/wip/agentic-conservation/data/raw/20261007T055717Z/literature_expansion/boehm_cronk_2021_crossref.json,13578,73a9a10484d8bfd3bdb2336953b26376b60193c4cdbd456a8aa961099be03dd5,Crossref metadata terms; article rights remain with publisher,complete exact-DOI API response
literature-expansion-boehm_cronk_2021-openalex-20261007T055717Z,OpenAlex API,https://api.openalex.org/works/doi:10.1098/rsbl.2021.0007,DOI 10.1098/rsbl.2021.0007; exact-DOI API response,2026-10-07T05:57:40+00:00,HTTP GET; public endpoint; status 200,/home/ubuntu/repos/wip/agentic-conservation/data/raw/20261007T055717Z/literature_expansion/boehm_cronk_2021_openalex.json,19396,ae9cd46872f8880b27b7362af9d4ab3eb79d9180eb5049d7f942a4ba9bea184e,OpenAlex CC0 metadata; abstract text rights remain with publisher,complete exact-DOI API response
literature-expansion-lees_pimm_2015-crossref-20261007T055717Z,Crossref REST API,https://api.crossref.org/works/10.1016%2Fj.cub.2014.12.017,DOI 10.1016/j.cub.2014.12.017; exact-DOI API response,2026-10-07T05:57:41+00:00,HTTP GET; public endpoint; status 200,/home/ubuntu/repos/wip/agentic-conservation/data/raw/20261007T055717Z/literature_expansion/lees_pimm_2015_crossref.json,9503,effb60c0b9dd5706c8b8ac2d0fe85e013f3a3c8530b1c0a8ac0b5449ede0b618,Crossref metadata terms; article rights remain with publisher,complete exact-DOI API response
literature-expansion-lees_pimm_2015-openalex-20261007T055717Z,OpenAlex API,https://api.openalex.org/works/doi:10.1016/j.cub.2014.12.017,DOI 10.1016/j.cub.2014.12.017; exact-DOI API response,2026-10-07T05:57:41+00:00,HTTP GET; public endpoint; status 200,/home/ubuntu/repos/wip/agentic-conservation/data/raw/20261007T055717Z/literature_expansion/lees_pimm_2015_openalex.json,15897,7e7c2f7f184fe706601001193800fb4a88303b6ac47cba2f6509e56e0219d6de,OpenAlex CC0 metadata; abstract text rights remain with publisher,complete exact-DOI API response
literature-expansion-liu_2022-crossref-20261007T055717Z,Crossref REST API,https://api.crossref.org/works/10.1111%2Fconl.12876,DOI 10.1111/conl.12876; exact-DOI API response,2026-10-07T05:57:42+00:00,HTTP GET; public endpoint; status 200,/home/ubuntu/repos/wip/agentic-conservation/data/raw/20261007T055717Z/literature_expansion/liu_2022_crossref.json,9368,24c16bc18d74d596598be8b117af42ce4cebae6de75f524342c69359a735230f,Crossref metadata terms; article rights remain with publisher,complete exact-DOI API response
literature-expansion-liu_2022-openalex-20261007T055717Z,OpenAlex API,https://api.openalex.org/works/doi:10.1111/conl.12876,DOI 10.1111/conl.12876; exact-DOI API response,2026-10-07T05:57:42+00:00,HTTP GET; public endpoint; status 200,/home/ubuntu/repos/wip/agentic-conservation/data/raw/20261007T055717Z/literature_expansion/liu_2022_openalex.json,20831,881000bf5f93e972ba9ed95914e8b2cfb9be23598032f56f362872e2a19efee8,OpenAlex CC0 metadata; abstract text rights remain with publisher,complete exact-DOI API response
literature-expansion-costello_2013-crossref-20261007T055717Z,Crossref REST API,https://api.crossref.org/works/10.1126%2Fscience.1230318,DOI 10.1126/science.1230318; exact-DOI API response,2026-10-07T05:57:42+00:00,HTTP GET; public endpoint; status 200,/home/ubuntu/repos/wip/agentic-conservation/data/raw/20261007T055717Z/literature_expansion/costello_2013_crossref.json,11014,3f8903b45b2f08ed3b37db120e3f8b4657a72f6a078aacf26efb8aa39db679fb,Crossref metadata terms; article rights remain with publisher,complete exact-DOI API response
literature-expansion-costello_2013-openalex-20261007T055717Z,OpenAlex API,https://api.openalex.org/works/doi:10.1126/science.1230318,DOI 10.1126/science.1230318; exact-DOI API response,2026-10-07T05:57:43+00:00,HTTP GET; public endpoint; status 200,/home/ubuntu/repos/wip/agentic-conservation/data/raw/20261007T055717Z/literature_expansion/costello_2013_openalex.json,20620,9e7ff6cac920bfd3b63c3481e7493634e8a1708ffa9aeee23b31dbbe2266ec2d,OpenAlex CC0 metadata; abstract text rights remain with publisher,complete exact-DOI API response
literature-expansion-hortal_2015-crossref-20261007T055717Z,Crossref REST API,https://api.crossref.org/works/10.1146%2Fannurev-ecolsys-112414-054400,DOI 10.1146/annurev-ecolsys-112414-054400; exact-DOI API response,2026-10-07T05:57:43+00:00,HTTP GET; public endpoint; status 200,/home/ubuntu/repos/wip/agentic-conservation/data/raw/20261007T055717Z/literature_expansion/hortal_2015_crossref.json,21185,a1533ea3468fe65d82cae7a3f63b34395a8d2a6a18128342f165a1585f29e325,Crossref metadata terms; article rights remain with publisher,complete exact-DOI API response
literature-expansion-hortal_2015-openalex-20261007T055717Z,OpenAlex API,https://api.openalex.org/works/doi:10.1146/annurev-ecolsys-112414-054400,DOI 10.1146/annurev-ecolsys-112414-054400; exact-DOI API response,2026-10-07T05:57:44+00:00,HTTP GET; public endpoint; status 200,/home/ubuntu/repos/wip/agentic-conservation/data/raw/20261007T055717Z/literature_expansion/hortal_2015_openalex.json,28062,de17d6f11885be3754841f70db9421bcf484a6985478ca64ba44c0abf890e38f,OpenAlex CC0 metadata; abstract text rights remain with publisher,complete exact-DOI API response
literature-expansion-chades_2008-crossref-20261007T055717Z,Crossref REST API,https://api.crossref.org/works/10.1073%2Fpnas.0805265105,DOI 10.1073/pnas.0805265105; exact-DOI API response,2026-10-07T05:57:44+00:00,HTTP GET; public endpoint; status 200,/home/ubuntu/repos/wip/agentic-conservation/data/raw/20261007T055717Z/literature_expansion/chades_2008_crossref.json,9979,ba4f3dce8cdbdb9fa089db4e544ce082cb6381d80779d0b790d0e09b30288baa,Crossref metadata terms; article rights remain with publisher,complete exact-DOI API response
literature-expansion-chades_2008-openalex-20261007T055717Z,OpenAlex API,https://api.openalex.org/works/doi:10.1073/pnas.0805265105,DOI 10.1073/pnas.0805265105; exact-DOI API response,2026-10-07T05:57:45+00:00,HTTP GET; public endpoint; status 200,/home/ubuntu/repos/wip/agentic-conservation/data/raw/20261007T055717Z/literature_expansion/chades_2008_openalex.json,25183,ab04608cb258b63204a4a0dd4b31fe83ce6229f07fd95a5a8a77a3e7970f35d9,OpenAlex CC0 metadata; abstract text rights remain with publisher,complete exact-DOI API response
literature-expansion-chades_2021-crossref-20261007T055717Z,Crossref REST API,https://api.crossref.org/works/10.1111%2F2041-210X.13692,DOI 10.1111/2041-210X.13692; exact-DOI API response,2026-10-07T05:57:45+00:00,HTTP GET; public endpoint; status 200,/home/ubuntu/repos/wip/agentic-conservation/data/raw/20261007T055717Z/literature_expansion/chades_2021_crossref.json,17485,9c3d281b1da0613b0a0f474431a7fa8f1ca21a05d651dccc0a9fd668e0c87cce,Crossref metadata terms; article rights remain with publisher,complete exact-DOI API response
literature-expansion-chades_2021-openalex-20261007T055717Z,OpenAlex API,https://api.openalex.org/works/doi:10.1111/2041-210X.13692,DOI 10.1111/2041-210X.13692; exact-DOI API response,2026-10-07T05:57:46+00:00,HTTP GET; public endpoint; status 200,/home/ubuntu/repos/wip/agentic-conservation/data/raw/20261007T055717Z/literature_expansion/chades_2021_openalex.json,20234,7b0145ac3855d7e1d96343ca6704a4f1172bb04c456205a785af3c7d83c27c61,OpenAlex CC0 metadata; abstract text rights remain with publisher,complete exact-DOI API response
literature-expansion-canessa_2015-crossref-20261007T055717Z,Crossref REST API,https://api.crossref.org/works/10.1111%2F2041-210X.12423,DOI 10.1111/2041-210X.12423; exact-DOI API response,2026-10-07T05:57:46+00:00,HTTP GET; public endpoint; status 200,/home/ubuntu/repos/wip/agentic-conservation/data/raw/20261007T055717Z/literature_expansion/canessa_2015_crossref.json,11395,293dc0656b86dee1f1865798ba34c720d2f5cbb6d1ed4b29d18ad6e19a7ca1ec,Crossref metadata terms; article rights remain with publisher,complete exact-DOI API response
literature-expansion-canessa_2015-openalex-20261007T055717Z,OpenAlex API,https://api.openalex.org/works/doi:10.1111/2041-210X.12423,DOI 10.1111/2041-210X.12423; exact-DOI API response,2026-10-07T05:57:46+00:00,HTTP GET; public endpoint; status 200,/home/ubuntu/repos/wip/agentic-conservation/data/raw/20261007T055717Z/literature_expansion/canessa_2015_openalex.json,27047,594335330a0da75ca83415cfb4463992448f1dfa2778a1504f57f06b49b269d1,OpenAlex CC0 metadata; abstract text rights remain with publisher,complete exact-DOI API response
literature-expansion-runge_2011-crossref-20261007T055717Z,Crossref REST API,https://api.crossref.org/works/10.1016%2Fj.biocon.2010.12.020,DOI 10.1016/j.biocon.2010.12.020; exact-DOI API response,2026-10-07T05:57:47+00:00,HTTP GET; public endpoint; status 200,/home/ubuntu/repos/wip/agentic-conservation/data/raw/20261007T055717Z/literature_expansion/runge_2011_crossref.json,11964,f43a632814e41a723c47cb2ba632c2109c79e5dd4b26a9f834a11a45d6b983a3,Crossref metadata terms; article rights remain with publisher,complete exact-DOI API response
literature-expansion-runge_2011-openalex-20261007T055717Z,OpenAlex API,https://api.openalex.org/works/doi:10.1016/j.biocon.2010.12.020,DOI 10.1016/j.biocon.2010.12.020; exact-DOI API response,2026-10-07T05:57:47+00:00,HTTP GET; public endpoint; status 200,/home/ubuntu/repos/wip/agentic-conservation/data/raw/20261007T055717Z/literature_expansion/runge_2011_openalex.json,18061,0e83db99b80e9a84b98b645c12ff2bf62230f193c4a4c0ea210e015e5c619a0b,OpenAlex CC0 metadata; abstract text rights remain with publisher,complete exact-DOI API response
literature-expansion-williams_2011-crossref-20261007T055717Z,Crossref REST API,https://api.crossref.org/works/10.1016%2Fj.jenvman.2010.10.041,DOI 10.1016/j.jenvman.2010.10.041; exact-DOI API response,2026-10-07T05:57:48+00:00,HTTP GET; public endpoint; status 200,/home/ubuntu/repos/wip/agentic-conservation/data/raw/20261007T055717Z/literature_expansion/williams_2011_crossref.json,16770,dbb57a68c19b6eeb7c24344dab549e98c43b4010dca20a54b01de0bae39a405b,Crossref metadata terms; article rights remain with publisher,complete exact-DOI API response
literature-expansion-williams_2011-openalex-20261007T055717Z,OpenAlex API,https://api.openalex.org/works/doi:10.1016/j.jenvman.2010.10.041,DOI 10.1016/j.jenvman.2010.10.041; exact-DOI API response,2026-10-07T05:57:48+00:00,HTTP GET; public endpoint; status 200,/home/ubuntu/repos/wip/agentic-conservation/data/raw/20261007T055717Z/literature_expansion/williams_2011_openalex.json,16212,dee8a1af09c96af1e42b4bc7518fe031b5944eaa656936d302e794bf025ae2d1,OpenAlex CC0 metadata; abstract text rights remain with publisher,complete exact-DOI API response
literature-expansion-mccarthy_possingham_2007-crossref-20261007T055717Z,Crossref REST API,https://api.crossref.org/works/10.1111%2Fj.1523-1739.2007.00677.x,DOI 10.1111/j.1523-1739.2007.00677.x; exact-DOI API response,2026-10-07T05:57:49+00:00,HTTP GET; public endpoint; status 200,/home/ubuntu/repos/wip/agentic-conservation/data/raw/20261007T055717Z/literature_expansion/mccarthy_possingham_2007_crossref.json,8073,0c52bb7404f6a48c9e8c88f3a2cd9189b8836634630600abff7b481b9159f7db,Crossref metadata terms; article rights remain with publisher,complete exact-DOI API response
literature-expansion-mccarthy_possingham_2007-openalex-20261007T055717Z,OpenAlex API,https://api.openalex.org/works/doi:10.1111/j.1523-1739.2007.00677.x,DOI 10.1111/j.1523-1739.2007.00677.x; exact-DOI API response,2026-10-07T05:57:49+00:00,HTTP GET; public endpoint; status 200,/home/ubuntu/repos/wip/agentic-conservation/data/raw/20261007T055717Z/literature_expansion/mccarthy_possingham_2007_openalex.json,16639,b91bf625a098e0b80e1b14ba0e3fc33efe200927f8b28ade43993571912f29da,OpenAlex CC0 metadata; abstract text rights remain with publisher,complete exact-DOI API response
literature-expansion-joseph_2009-crossref-20261007T055717Z,Crossref REST API,https://api.crossref.org/works/10.1111%2Fj.1523-1739.2008.01124.x,DOI 10.1111/j.1523-1739.2008.01124.x; exact-DOI API response,2026-10-07T05:57:49+00:00,HTTP GET; public endpoint; status 200,/home/ubuntu/repos/wip/agentic-conservation/data/raw/20261007T055717Z/literature_expansion/joseph_2009_crossref.json,9515,cac3ae8f1c993c92ed428d050c4614b718be030e8389083c04393a3a7770b648,Crossref metadata terms; article rights remain with publisher,complete exact-DOI API response
literature-expansion-joseph_2009-openalex-20261007T055717Z,OpenAlex API,https://api.openalex.org/works/doi:10.1111/j.1523-1739.2008.01124.x,DOI 10.1111/j.1523-1739.2008.01124.x; exact-DOI API response,2026-10-07T05:57:50+00:00,HTTP GET; public endpoint; status 200,/home/ubuntu/repos/wip/agentic-conservation/data/raw/20261007T055717Z/literature_expansion/joseph_2009_openalex.json,21956,e256a6c342a5d30da124c6af195f5c48e5759843c9184beadc60cb107cb16e46,OpenAlex CC0 metadata; abstract text rights remain with publisher,complete exact-DOI API response
literature-expansion-kennedy_2008-crossref-20261007T055717Z,Crossref REST API,https://api.crossref.org/works/10.1111%2Fj.1365-2664.2007.01367.x,DOI 10.1111/j.1365-2664.2007.01367.x; exact-DOI API response,2026-10-07T05:57:50+00:00,HTTP GET; public endpoint; status 200,/home/ubuntu/repos/wip/agentic-conservation/data/raw/20261007T055717Z/literature_expansion/kennedy_2008_crossref.json,10882,ac882ceadc559e68551a53195ddf62bd0ba0b8dce2b136a12110e2ba832a3fa3,Crossref metadata terms; article rights remain with publisher,complete exact-DOI API response
literature-expansion-kennedy_2008-openalex-20261007T055717Z,OpenAlex API,https://api.openalex.org/works/doi:10.1111/j.1365-2664.2007.01367.x,DOI 10.1111/j.1365-2664.2007.01367.x; exact-DOI API response,2026-10-07T05:57:51+00:00,HTTP GET; public endpoint; status 200,/home/ubuntu/repos/wip/agentic-conservation/data/raw/20261007T055717Z/literature_expansion/kennedy_2008_openalex.json,19996,e2f2f73f891603bcb58411f54ca75087aee54caaad8c86bce801014eac1ac62b,OpenAlex CC0 metadata; abstract text rights remain with publisher,complete exact-DOI API response
literature-expansion-mcdonald_madden_2008-crossref-20261007T055717Z,Crossref REST API,https://api.crossref.org/works/10.1111%2Fj.1365-2664.2008.01553.x,DOI 10.1111/j.1365-2664.2008.01553.x; exact-DOI API response,2026-10-07T05:57:51+00:00,HTTP GET; public endpoint; status 200,/home/ubuntu/repos/wip/agentic-conservation/data/raw/20261007T055717Z/literature_expansion/mcdonald_madden_2008_crossref.json,9439,799cc922782fe2102d0b0680485446542033bfb360993745d1e1cb448caffddd,Crossref metadata terms; article rights remain with publisher,complete exact-DOI API response
literature-expansion-mcdonald_madden_2008-openalex-20261007T055717Z,OpenAlex API,https://api.openalex.org/works/doi:10.1111/j.1365-2664.2008.01553.x,DOI 10.1111/j.1365-2664.2008.01553.x; exact-DOI API response,2026-10-07T05:57:51+00:00,HTTP GET; public endpoint; status 200,/home/ubuntu/repos/wip/agentic-conservation/data/raw/20261007T055717Z/literature_expansion/mcdonald_madden_2008_openalex.json,18443,2b2626986a9f41f62e87e5544ecc31f196726e97f53b4df585c80be7b4716ab7,OpenAlex CC0 metadata; abstract text rights remain with publisher,complete exact-DOI API response
literature-expansion-beausoleil_2018-crossref-20261007T055717Z,Crossref REST API,https://api.crossref.org/works/10.3389%2Ffvets.2018.00296,DOI 10.3389/fvets.2018.00296; exact-DOI API response,2026-10-07T05:57:52+00:00,HTTP GET; public endpoint; status 200,/home/ubuntu/repos/wip/agentic-conservation/data/raw/20261007T055717Z/literature_expansion/beausoleil_2018_crossref.json,58651,2dd4a68f3a960b0d20a4c34093bd704c0f068e734237de5f4a92e0676734508d,Crossref metadata terms; article rights remain with publisher,complete exact-DOI API response
literature-expansion-beausoleil_2018-openalex-20261007T055717Z,OpenAlex API,https://api.openalex.org/works/doi:10.3389/fvets.2018.00296,DOI 10.3389/fvets.2018.00296; exact-DOI API response,2026-10-07T05:57:52+00:00,HTTP GET; public endpoint; status 200,/home/ubuntu/repos/wip/agentic-conservation/data/raw/20261007T055717Z/literature_expansion/beausoleil_2018_openalex.json,43428,2fab5da3833719d4537e5b60414f8f028eb31e9755e80d0864b533d8772a9c75,OpenAlex CC0 metadata; abstract text rights remain with publisher,complete exact-DOI API response
literature-expansion-mellor_2020-crossref-20261007T055717Z,Crossref REST API,https://api.crossref.org/works/10.3390%2Fani10101870,DOI 10.3390/ani10101870; exact-DOI API response,2026-10-07T05:57:53+00:00,HTTP GET; public endpoint; status 200,/home/ubuntu/repos/wip/agentic-conservation/data/raw/20261007T055717Z/literature_expansion/mellor_2020_crossref.json,39009,e2bac4c9230bb3d9b861045ebb0861a0af2411f7eaab1afa52e92d5a4c592d09,Crossref metadata terms; article rights remain with publisher,complete exact-DOI API response
literature-expansion-mellor_2020-openalex-20261007T055717Z,OpenAlex API,https://api.openalex.org/works/doi:10.3390/ani10101870,DOI 10.3390/ani10101870; exact-DOI API response,2026-10-07T05:57:53+00:00,HTTP GET; public endpoint; status 200,/home/ubuntu/repos/wip/agentic-conservation/data/raw/20261007T055717Z/literature_expansion/mellor_2020_openalex.json,26145,a2d97ee3f8c799a0fc12d070e65056f58a6f37de0a4eca973beb1f249cb90b01,OpenAlex CC0 metadata; abstract text rights remain with publisher,complete exact-DOI API response
literature-expansion-harrington_2013-crossref-20261007T055717Z,Crossref REST API,https://api.crossref.org/works/10.1111%2Fcobi.12021,DOI 10.1111/cobi.12021; exact-DOI API response,2026-10-07T05:57:54+00:00,HTTP GET; public endpoint; status 200,/home/ubuntu/repos/wip/agentic-conservation/data/raw/20261007T055717Z/literature_expansion/harrington_2013_crossref.json,15031,790e178b293639da2d35152bcf886dbf56b2598c4e1b8009e2ab12253db1b3cf,Crossref metadata terms; article rights remain with publisher,complete exact-DOI API response
literature-expansion-harrington_2013-openalex-20261007T055717Z,OpenAlex API,https://api.openalex.org/works/doi:10.1111/cobi.12021,DOI 10.1111/cobi.12021; exact-DOI API response,2026-10-07T05:57:54+00:00,HTTP GET; public endpoint; status 200,/home/ubuntu/repos/wip/agentic-conservation/data/raw/20261007T055717Z/literature_expansion/harrington_2013_openalex.json,27492,fc0de2b83b700fd7c0ed2bf884a613cee1158db4966fde7cec10d368cba51c82,OpenAlex CC0 metadata; abstract text rights remain with publisher,complete exact-DOI API response
literature-expansion-clubb_mason_2003-crossref-20261007T055717Z,Crossref REST API,https://api.crossref.org/works/10.1038%2F425473a,DOI 10.1038/425473a; exact-DOI API response,2026-10-07T05:57:55+00:00,HTTP GET; public endpoint; status 200,/home/ubuntu/repos/wip/agentic-conservation/data/raw/20261007T055717Z/literature_expansion/clubb_mason_2003_crossref.json,6055,e681af01f91cff31db8d1785dce64e902c4068ebdbaa2a3384d03aeef82011c4,Crossref metadata terms; article rights remain with publisher,complete exact-DOI API response
literature-expansion-clubb_mason_2003-openalex-20261007T055717Z,OpenAlex API,https://api.openalex.org/works/doi:10.1038/425473a,DOI 10.1038/425473a; exact-DOI API response,2026-10-07T05:57:55+00:00,HTTP GET; public endpoint; status 200,/home/ubuntu/repos/wip/agentic-conservation/data/raw/20261007T055717Z/literature_expansion/clubb_mason_2003_openalex.json,18922,a91fde58cc472b7370b2dac93915e95c775eb241d91fce2b757667493e4ad954,OpenAlex CC0 metadata; abstract text rights remain with publisher,complete exact-DOI API response
literature-expansion-comizzoli_holt_2019-crossref-20261007T055717Z,Crossref REST API,https://api.crossref.org/works/10.1093%2Fbiolre%2Fioz031,DOI 10.1093/biolre/ioz031; exact-DOI API response,2026-10-07T05:57:56+00:00,HTTP GET; public endpoint; status 200,/home/ubuntu/repos/wip/agentic-conservation/data/raw/20261007T055717Z/literature_expansion/comizzoli_holt_2019_crossref.json,40353,b2e0b6b0db4a1166407caacf517f8bc7e83c6b3d8d7acb06a91a49261db11605,Crossref metadata terms; article rights remain with publisher,complete exact-DOI API response
literature-expansion-comizzoli_holt_2019-openalex-20261007T055717Z,OpenAlex API,https://api.openalex.org/works/doi:10.1093/biolre/ioz031,DOI 10.1093/biolre/ioz031; exact-DOI API response,2026-10-07T05:57:56+00:00,HTTP GET; public endpoint; status 200,/home/ubuntu/repos/wip/agentic-conservation/data/raw/20261007T055717Z/literature_expansion/comizzoli_holt_2019_openalex.json,23730,874008ddc09667f65ca7e2b19a9c9f43763653d735fe1cd6914c7a90fca9ec10,OpenAlex CC0 metadata; abstract text rights remain with publisher,complete exact-DOI API response
literature-expansion-howell_2021-crossref-20261007T055717Z,Crossref REST API,https://api.crossref.org/works/10.1111%2Fconl.12776,DOI 10.1111/conl.12776; exact-DOI API response,2026-10-07T05:57:57+00:00,HTTP GET; public endpoint; status 200,/home/ubuntu/repos/wip/agentic-conservation/data/raw/20261007T055717Z/literature_expansion/howell_2021_crossref.json,12575,c11957fda93fd3a7fc22433a0ca9133581d958507a555f11742ab9b49bc75925,Crossref metadata terms; article rights remain with publisher,complete exact-DOI API response
literature-expansion-howell_2021-openalex-20261007T055717Z,OpenAlex API,https://api.openalex.org/works/doi:10.1111/conl.12776,DOI 10.1111/conl.12776; exact-DOI API response,2026-10-07T05:57:57+00:00,HTTP GET; public endpoint; status 200,/home/ubuntu/repos/wip/agentic-conservation/data/raw/20261007T055717Z/literature_expansion/howell_2021_openalex.json,29372,99dc473a47f883a2995ffbd24af8c1d8dfa2059c6d0871aaae617c88b1163446,OpenAlex CC0 metadata; abstract text rights remain with publisher,complete exact-DOI API response
literature-expansion-bolton_2022-crossref-20261007T055717Z,Crossref REST API,https://api.crossref.org/works/10.1530%2FRAF-22-0005,DOI 10.1530/RAF-22-0005; exact-DOI API response,2026-10-07T05:57:57+00:00,HTTP GET; public endpoint; status 200,/home/ubuntu/repos/wip/agentic-conservation/data/raw/20261007T055717Z/literature_expansion/bolton_2022_crossref.json,178256,393cb27b61f405f7829122a97d9f1a9318c9931ec2df2344db4b1e7e3cb6758b,Crossref metadata terms; article rights remain with publisher,complete exact-DOI API response
literature-expansion-bolton_2022-openalex-20261007T055717Z,OpenAlex API,https://api.openalex.org/works/doi:10.1530/RAF-22-0005,DOI 10.1530/RAF-22-0005; exact-DOI API response,2026-10-07T05:57:58+00:00,HTTP GET; public endpoint; status 200,/home/ubuntu/repos/wip/agentic-conservation/data/raw/20261007T055717Z/literature_expansion/bolton_2022_openalex.json,42343,31d6f6c3a0fa166a6d31ba30aab7e185721577a54bc3e80fffc36ae3900d5c28,OpenAlex CC0 metadata; abstract text rights remain with publisher,complete exact-DOI API response
literature-expansion-moss_2015-crossref-20261007T055717Z,Crossref REST API,https://api.crossref.org/works/10.1111%2Fcobi.12383,DOI 10.1111/cobi.12383; exact-DOI API response,2026-10-07T05:57:59+00:00,HTTP GET; public endpoint; status 200,/home/ubuntu/repos/wip/agentic-conservation/data/raw/20261007T055717Z/literature_expansion/moss_2015_crossref.json,8709,e814e32e3c431c714557f67bbd22c04e1d47bd083451cea79558975c48bd8a65,Crossref metadata terms; article rights remain with publisher,complete exact-DOI API response
literature-expansion-moss_2015-openalex-20261007T055717Z,OpenAlex API,https://api.openalex.org/works/doi:10.1111/cobi.12383,DOI 10.1111/cobi.12383; exact-DOI API response,2026-10-07T05:57:59+00:00,HTTP GET; public endpoint; status 200,/home/ubuntu/repos/wip/agentic-conservation/data/raw/20261007T055717Z/literature_expansion/moss_2015_openalex.json,19398,4311dc86ca8f373bb4f1fe7dee23652b2c657aed56e0ef425496b1ddfcaa6ec8,OpenAlex CC0 metadata; abstract text rights remain with publisher,complete exact-DOI API response
literature-expansion-watson_2014-crossref-20261007T055717Z,Crossref REST API,https://api.crossref.org/works/10.1038%2Fnature13947,DOI 10.1038/nature13947; exact-DOI API response,2026-10-07T05:57:59+00:00,HTTP GET; public endpoint; status 200,/home/ubuntu/repos/wip/agentic-conservation/data/raw/20261007T055717Z/literature_expansion/watson_2014_crossref.json,38507,e2b26334ed34bb234c637cc21c6e3df5c2c747a2e79e43e75cf05b1480698de3,Crossref metadata terms; article rights remain with publisher,complete exact-DOI API response
literature-expansion-watson_2014-openalex-20261007T055717Z,OpenAlex API,https://api.openalex.org/works/doi:10.1038/nature13947,DOI 10.1038/nature13947; exact-DOI API response,2026-10-07T05:58:00+00:00,HTTP GET; public endpoint; status 200,/home/ubuntu/repos/wip/agentic-conservation/data/raw/20261007T055717Z/literature_expansion/watson_2014_openalex.json,25528,b431f8fc384df76263c283e25fdda900a1817dac9960baca5083aa18bb7c9bcd,OpenAlex CC0 metadata; abstract text rights remain with publisher,complete exact-DOI API response
literature-expansion-frankham_2008-crossref-20261007T061500Z,Crossref REST API,https://api.crossref.org/works/10.1111%2Fj.1365-294X.2007.03399.x,DOI 10.1111/j.1365-294X.2007.03399.x; exact-DOI API response,2026-10-07T05:58:49+00:00,HTTP GET; public endpoint; status 200,/home/ubuntu/repos/wip/agentic-conservation/data/raw/20261007T061500Z/literature_expansion/frankham_2008_crossref.json,15735,6d53f8d513d8b00a9e68b5b2b0d998af1547a04a8eac8eafb26f6d15d9fac46a,Crossref metadata terms; article rights remain with publisher,complete exact-DOI API response
literature-expansion-frankham_2008-openalex-20261007T061500Z,OpenAlex API,https://api.openalex.org/works/doi:10.1111/j.1365-294X.2007.03399.x,DOI 10.1111/j.1365-294X.2007.03399.x; exact-DOI API response,2026-10-07T05:58:50+00:00,HTTP GET; public endpoint; status 200,/home/ubuntu/repos/wip/agentic-conservation/data/raw/20261007T061500Z/literature_expansion/frankham_2008_openalex.json,21578,dfea1f3035ce9d372979a02a9b5963d98f92bf6169c0f747477a479c42dd34d5,OpenAlex CC0 metadata; abstract text rights remain with publisher,complete exact-DOI API response
literature-expansion-frankham_2008-semantic-20261007T061500Z,Semantic Scholar Graph API,"https://api.semanticscholar.org/graph/v1/paper/DOI:10.1111/j.1365-294X.2007.03399.x?fields=title,year,venue,authors,abstract,tldr",DOI 10.1111/j.1365-294X.2007.03399.x; exact-DOI API response,2026-10-07T05:58:52+00:00,HTTP GET; public endpoint; status 200,/home/ubuntu/repos/wip/agentic-conservation/data/raw/20261007T061500Z/literature_expansion/frankham_2008_semantic.json,1011,72834b7d1fd80b1139cddaf6a0a7553fe83f6cf13e6023248a4b93369c5d6c6f,Semantic Scholar API terms; abstract text rights remain with publisher,complete exact-DOI API response
literature-expansion-araki_2007-crossref-20261007T061500Z,Crossref REST API,https://api.crossref.org/works/10.1126%2Fscience.1145621,DOI 10.1126/science.1145621; exact-DOI API response,2026-10-07T05:58:53+00:00,HTTP GET; public endpoint; status 200,/home/ubuntu/repos/wip/agentic-conservation/data/raw/20261007T061500Z/literature_expansion/araki_2007_crossref.json,9663,71194f93acbc1328eb68eb63f9f36b914120353219e4b50ad03c089458dd2027,Crossref metadata terms; article rights remain with publisher,complete exact-DOI API response
literature-expansion-araki_2007-openalex-20261007T061500Z,OpenAlex API,https://api.openalex.org/works/doi:10.1126/science.1145621,DOI 10.1126/science.1145621; exact-DOI API response,2026-10-07T05:58:54+00:00,HTTP GET; public endpoint; status 200,/home/ubuntu/repos/wip/agentic-conservation/data/raw/20261007T061500Z/literature_expansion/araki_2007_openalex.json,21888,3aa1ce9b7b04097160d525ed430baa2714e131999dc831cbcfdad38405ae2881,OpenAlex CC0 metadata; abstract text rights remain with publisher,complete exact-DOI API response
literature-expansion-araki_2007-semantic-20261007T061500Z,Semantic Scholar Graph API,"https://api.semanticscholar.org/graph/v1/paper/DOI:10.1126/science.1145621?fields=title,year,venue,authors,abstract,tldr",DOI 10.1126/science.1145621; exact-DOI API response,2026-10-07T05:58:56+00:00,HTTP GET; public endpoint; status 200,/home/ubuntu/repos/wip/agentic-conservation/data/raw/20261007T061500Z/literature_expansion/araki_2007_semantic.json,1157,19dab3c62af8dfce07fea05ddb16e00c20f4255964cbdbde47cf6eacd358e843,Semantic Scholar API terms; abstract text rights remain with publisher,complete exact-DOI API response
literature-expansion-teixeira_2007-crossref-20261007T061500Z,Crossref REST API,https://api.crossref.org/works/10.1016%2Fj.anbehav.2006.06.002,DOI 10.1016/j.anbehav.2006.06.002; exact-DOI API response,2026-10-07T05:58:57+00:00,HTTP GET; public endpoint; status 200,/home/ubuntu/repos/wip/agentic-conservation/data/raw/20261007T061500Z/literature_expansion/teixeira_2007_crossref.json,51780,78cae1ee25345c24471015a50b448e2878b29cf9f411dba8c92b7a4e63f66ceb,Crossref metadata terms; article rights remain with publisher,complete exact-DOI API response
literature-expansion-teixeira_2007-openalex-20261007T061500Z,OpenAlex API,https://api.openalex.org/works/doi:10.1016/j.anbehav.2006.06.002,DOI 10.1016/j.anbehav.2006.06.002; exact-DOI API response,2026-10-07T05:58:59+00:00,HTTP GET; public endpoint; status 200,/home/ubuntu/repos/wip/agentic-conservation/data/raw/20261007T061500Z/literature_expansion/teixeira_2007_openalex.json,20371,381d3d37fdda783477560f717d13e3f7ff47d00c1e696169d7316163282b8d6a,OpenAlex CC0 metadata; abstract text rights remain with publisher,complete exact-DOI API response
literature-expansion-teixeira_2007-semantic-20261007T061500Z,Semantic Scholar Graph API,"https://api.semanticscholar.org/graph/v1/paper/DOI:10.1016/j.anbehav.2006.06.002?fields=title,year,venue,authors,abstract,tldr",DOI 10.1016/j.anbehav.2006.06.002; exact-DOI API response,2026-10-07T05:59:00+00:00,HTTP GET; public endpoint; status 200,/home/ubuntu/repos/wip/agentic-conservation/data/raw/20261007T061500Z/literature_expansion/teixeira_2007_semantic.json,1204,444b11348ac5afc892948d3369195af7c9e2ec278f85c56903cc7c61c7beb690,Semantic Scholar API terms; abstract text rights remain with publisher,complete exact-DOI API response
literature-expansion-conde_2013_plos-crossref-20261007T061500Z,Crossref REST API,https://api.crossref.org/works/10.1371%2Fjournal.pone.0080311,DOI 10.1371/journal.pone.0080311; exact-DOI API response,2026-10-07T05:59:01+00:00,HTTP GET; public endpoint; status 200,/home/ubuntu/repos/wip/agentic-conservation/data/raw/20261007T061500Z/literature_expansion/conde_2013_plos_crossref.json,12543,191904e8f894c1a847414599fa3e707ebc5739c3b88a6449834f735685c41866,Crossref metadata terms; article rights remain with publisher,complete exact-DOI API response
literature-expansion-conde_2013_plos-openalex-20261007T061500Z,OpenAlex API,https://api.openalex.org/works/doi:10.1371/journal.pone.0080311,DOI 10.1371/journal.pone.0080311; exact-DOI API response,2026-10-07T05:59:03+00:00,HTTP GET; public endpoint; status 200,/home/ubuntu/repos/wip/agentic-conservation/data/raw/20261007T061500Z/literature_expansion/conde_2013_plos_openalex.json,32265,ed23e692078cce615830a0407c93028c4c5b32a2f72f707bf530100eae3300c3,OpenAlex CC0 metadata; abstract text rights remain with publisher,complete exact-DOI API response
literature-expansion-conde_2013_plos-semantic-20261007T061500Z,Semantic Scholar Graph API,"https://api.semanticscholar.org/graph/v1/paper/DOI:10.1371/journal.pone.0080311?fields=title,year,venue,authors,abstract,tldr",DOI 10.1371/journal.pone.0080311; exact-DOI API response,2026-10-07T05:59:04+00:00,HTTP GET; public endpoint; status 200,/home/ubuntu/repos/wip/agentic-conservation/data/raw/20261007T061500Z/literature_expansion/conde_2013_plos_semantic.json,2902,c347edacc6598335e528009c2ec0d323864e045358ba3170475fd81c68c848db,Semantic Scholar API terms; abstract text rights remain with publisher,complete exact-DOI API response
literature-expansion-bowkett_2009-crossref-20261007T061500Z,Crossref REST API,https://api.crossref.org/works/10.1111%2Fj.1523-1739.2008.01157.x,DOI 10.1111/j.1523-1739.2008.01157.x; exact-DOI API response,2026-10-07T05:59:05+00:00,HTTP GET; public endpoint; status 200,/home/ubuntu/repos/wip/agentic-conservation/data/raw/20261007T061500Z/literature_expansion/bowkett_2009_crossref.json,8159,db3e7572999400de1049655df57820ca91d957bc6fc365076a4376aa14470ea1,Crossref metadata terms; article rights remain with publisher,complete exact-DOI API response
literature-expansion-bowkett_2009-openalex-20261007T061500Z,OpenAlex API,https://api.openalex.org/works/doi:10.1111/j.1523-1739.2008.01157.x,DOI 10.1111/j.1523-1739.2008.01157.x; exact-DOI API response,2026-10-07T05:59:07+00:00,HTTP GET; public endpoint; status 200,/home/ubuntu/repos/wip/agentic-conservation/data/raw/20261007T061500Z/literature_expansion/bowkett_2009_openalex.json,14213,cd336a78a9ac5cf95870457a5e67f957e56220221b66dc26b2aee4c0ca53b409,OpenAlex CC0 metadata; abstract text rights remain with publisher,complete exact-DOI API response
literature-expansion-bowkett_2009-semantic-20261007T061500Z,Semantic Scholar Graph API,"https://api.semanticscholar.org/graph/v1/paper/DOI:10.1111/j.1523-1739.2008.01157.x?fields=title,year,venue,authors,abstract,tldr",DOI 10.1111/j.1523-1739.2008.01157.x; exact-DOI API response,2026-10-07T05:59:08+00:00,HTTP GET; public endpoint; status 200,/home/ubuntu/repos/wip/agentic-conservation/data/raw/20261007T061500Z/literature_expansion/bowkett_2009_semantic.json,1154,78bdfe7129def594c3cf0d4aa50875d7d7bcc3bb998aaa683d246c5c8cc9bec4,Semantic Scholar API terms; abstract text rights remain with publisher,complete exact-DOI API response
literature-expansion-williams_hoffman_2009-crossref-20261007T061500Z,Crossref REST API,https://api.crossref.org/works/10.1016%2Fj.biocon.2009.05.034,DOI 10.1016/j.biocon.2009.05.034; exact-DOI API response,2026-10-07T05:59:10+00:00,HTTP GET; public endpoint; status 200,/home/ubuntu/repos/wip/agentic-conservation/data/raw/20261007T061500Z/literature_expansion/williams_hoffman_2009_crossref.json,54903,476f261583c4396ceac6f2ed8bdc5bd628accdb7cc727d30cf328fab497c90f7,Crossref metadata terms; article rights remain with publisher,complete exact-DOI API response
literature-expansion-williams_hoffman_2009-openalex-20261007T061500Z,OpenAlex API,https://api.openalex.org/works/doi:10.1016/j.biocon.2009.05.034,DOI 10.1016/j.biocon.2009.05.034; exact-DOI API response,2026-10-07T05:59:11+00:00,HTTP GET; public endpoint; status 200,/home/ubuntu/repos/wip/agentic-conservation/data/raw/20261007T061500Z/literature_expansion/williams_hoffman_2009_openalex.json,18834,115b49371b743eef9e59c6c457bf825150a9301ee40f9914d1958fd87fcef82e,OpenAlex CC0 metadata; abstract text rights remain with publisher,complete exact-DOI API response
literature-expansion-williams_hoffman_2009-semantic-20261007T061500Z,Semantic Scholar Graph API,"https://api.semanticscholar.org/graph/v1/paper/DOI:10.1016/j.biocon.2009.05.034?fields=title,year,venue,authors,abstract,tldr",DOI 10.1016/j.biocon.2009.05.034; exact-DOI API response,2026-10-07T05:59:13+00:00,HTTP GET; public endpoint; status 200,/home/ubuntu/repos/wip/agentic-conservation/data/raw/20261007T061500Z/literature_expansion/williams_hoffman_2009_semantic.json,1074,9147b14948aa17a2e56a973412a801ef1a74c441a614f313d44bf25b335e3aa9,Semantic Scholar API terms; abstract text rights remain with publisher,complete exact-DOI API response
literature-expansion-armstrong_seddon_2008-crossref-20261007T061500Z,Crossref REST API,https://api.crossref.org/works/10.1016%2Fj.tree.2007.10.003,DOI 10.1016/j.tree.2007.10.003; exact-DOI API response,2026-10-07T05:59:14+00:00,HTTP GET; public endpoint; status 200,/home/ubuntu/repos/wip/agentic-conservation/data/raw/20261007T061500Z/literature_expansion/armstrong_seddon_2008_crossref.json,2293,58e5f1b8d04ef6d7ba1f43f78c749566b97ba2ec68e958c1a5d1856811861155,Crossref metadata terms; article rights remain with publisher,complete exact-DOI API response
literature-expansion-armstrong_seddon_2008-openalex-20261007T061500Z,OpenAlex API,https://api.openalex.org/works/doi:10.1016/j.tree.2007.10.003,DOI 10.1016/j.tree.2007.10.003; exact-DOI API response,2026-10-07T05:59:15+00:00,HTTP GET; public endpoint; status 200,/home/ubuntu/repos/wip/agentic-conservation/data/raw/20261007T061500Z/literature_expansion/armstrong_seddon_2008_openalex.json,17912,99a95c0900d77616b7618ea1abcf9b6d28697de39dee311f9d9a101249323d48,OpenAlex CC0 metadata; abstract text rights remain with publisher,complete exact-DOI API response
literature-expansion-armstrong_seddon_2008-semantic-20261007T061500Z,Semantic Scholar Graph API,"https://api.semanticscholar.org/graph/v1/paper/DOI:10.1016/j.tree.2007.10.003?fields=title,year,venue,authors,abstract,tldr",DOI 10.1016/j.tree.2007.10.003; exact-DOI API response,2026-10-07T05:59:17+00:00,HTTP GET; public endpoint; status 200,/home/ubuntu/repos/wip/agentic-conservation/data/raw/20261007T061500Z/literature_expansion/armstrong_seddon_2008_semantic.json,1208,82ad033f5820249fadd2922cc520c6dd9e52e4da8a3b1929923e9d3a5c4a06c6,Semantic Scholar API terms; abstract text rights remain with publisher,complete exact-DOI API response
literature-expansion-fischer_lindenmayer_2000-crossref-20261007T061500Z,Crossref REST API,https://api.crossref.org/works/10.1016%2FS0006-3207%2800%2900048-3,DOI 10.1016/S0006-3207(00)00048-3; exact-DOI API response,2026-10-07T05:59:18+00:00,HTTP GET; public endpoint; status 200,/home/ubuntu/repos/wip/agentic-conservation/data/raw/20261007T061500Z/literature_expansion/fischer_lindenmayer_2000_crossref.json,19026,1e1d5ddd907ba20d90c5159b4a35aefe57c0e0c5d4d140031e6c12535223acf2,Crossref metadata terms; article rights remain with publisher,complete exact-DOI API response
literature-expansion-fischer_lindenmayer_2000-openalex-20261007T061500Z,OpenAlex API,https://api.openalex.org/works/doi:10.1016/S0006-3207(00)00048-3,DOI 10.1016/S0006-3207(00)00048-3; exact-DOI API response,2026-10-07T05:59:19+00:00,HTTP GET; public endpoint; status 200,/home/ubuntu/repos/wip/agentic-conservation/data/raw/20261007T061500Z/literature_expansion/fischer_lindenmayer_2000_openalex.json,13115,d69be208c8eff8e149b52296b782709df125c7c5dc01041e958cb89528410c9a,OpenAlex CC0 metadata; abstract text rights remain with publisher,complete exact-DOI API response
literature-expansion-fischer_lindenmayer_2000-semantic-20261007T061500Z,Semantic Scholar Graph API,"https://api.semanticscholar.org/graph/v1/paper/DOI:10.1016/S0006-3207(00)00048-3?fields=title,year,venue,authors,abstract,tldr",DOI 10.1016/S0006-3207(00)00048-3; exact-DOI API response,2026-10-07T05:59:21+00:00,HTTP GET; public endpoint; status 200,/home/ubuntu/repos/wip/agentic-conservation/data/raw/20261007T061500Z/literature_expansion/fischer_lindenmayer_2000_semantic.json,1207,b85417171153ab0e77f72925ff4a1a955557def0ae93d12365c92196d70503b7,Semantic Scholar API terms; abstract text rights remain with publisher,complete exact-DOI API response
literature-expansion-dickens_2010-crossref-20261007T061500Z,Crossref REST API,https://api.crossref.org/works/10.1016%2Fj.biocon.2010.02.032,DOI 10.1016/j.biocon.2010.02.032; exact-DOI API response,2026-10-07T05:59:22+00:00,HTTP GET; public endpoint; status 429,/home/ubuntu/repos/wip/agentic-conservation/data/raw/20261007T061500Z/literature_expansion/dickens_2010_crossref.json,0,e3b0c44298fc1c149afbf4c8996fb92427ae41e4649b934ca495991b7852b855,Crossref metadata terms; article rights remain with publisher,request failed; response body retained
literature-expansion-dickens_2010-openalex-20261007T061500Z,OpenAlex API,https://api.openalex.org/works/doi:10.1016/j.biocon.2010.02.032,DOI 10.1016/j.biocon.2010.02.032; exact-DOI API response,2026-10-07T05:59:24+00:00,HTTP GET; public endpoint; status 200,/home/ubuntu/repos/wip/agentic-conservation/data/raw/20261007T061500Z/literature_expansion/dickens_2010_openalex.json,18995,ae0caa6c943d7a7f51f0d219aff82e47224c7bb05daa68f9b787a66a38943ffa,OpenAlex CC0 metadata; abstract text rights remain with publisher,complete exact-DOI API response
literature-expansion-dickens_2010-semantic-20261007T061500Z,Semantic Scholar Graph API,"https://api.semanticscholar.org/graph/v1/paper/DOI:10.1016/j.biocon.2010.02.032?fields=title,year,venue,authors,abstract,tldr",DOI 10.1016/j.biocon.2010.02.032; exact-DOI API response,2026-10-07T05:59:25+00:00,HTTP GET; public endpoint; status 200,/home/ubuntu/repos/wip/agentic-conservation/data/raw/20261007T061500Z/literature_expansion/dickens_2010_semantic.json,1116,37ad4745298bfa912705dbd918df5cdea2604902a900d8352de62b0496ae8df2,Semantic Scholar API terms; abstract text rights remain with publisher,complete exact-DOI API response
literature-expansion-jule_2008-crossref-20261007T061500Z,Crossref REST API,https://api.crossref.org/works/10.1016%2Fj.biocon.2007.11.007,DOI 10.1016/j.biocon.2007.11.007; exact-DOI API response,2026-10-07T05:59:26+00:00,HTTP GET; public endpoint; status 200,/home/ubuntu/repos/wip/agentic-conservation/data/raw/20261007T061500Z/literature_expansion/jule_2008_crossref.json,25498,524222e4adc768f9df622b47806601885250e2fb425ed26efa0f249355ab006f,Crossref metadata terms; article rights remain with publisher,complete exact-DOI API response
literature-expansion-jule_2008-openalex-20261007T061500Z,OpenAlex API,https://api.openalex.org/works/doi:10.1016/j.biocon.2007.11.007,DOI 10.1016/j.biocon.2007.11.007; exact-DOI API response,2026-10-07T05:59:28+00:00,HTTP GET; public endpoint; status 200,/home/ubuntu/repos/wip/agentic-conservation/data/raw/20261007T061500Z/literature_expansion/jule_2008_openalex.json,14563,1672363ee24b30bacad1142142083e35e46013b2aa8f5e58ac622e68bdc6c4e4,OpenAlex CC0 metadata; abstract text rights remain with publisher,complete exact-DOI API response
literature-expansion-jule_2008-semantic-20261007T061500Z,Semantic Scholar Graph API,"https://api.semanticscholar.org/graph/v1/paper/DOI:10.1016/j.biocon.2007.11.007?fields=title,year,venue,authors,abstract,tldr",DOI 10.1016/j.biocon.2007.11.007; exact-DOI API response,2026-10-07T05:59:29+00:00,HTTP GET; public endpoint; status 200,/home/ubuntu/repos/wip/agentic-conservation/data/raw/20261007T061500Z/literature_expansion/jule_2008_semantic.json,1125,afc92aaa4754bf7a7c0b58a6c367051707718ebcb182738b1586fc6e849dd8ab,Semantic Scholar API terms; abstract text rights remain with publisher,complete exact-DOI API response
literature-expansion-thomas_2011-crossref-20261007T061500Z,Crossref REST API,https://api.crossref.org/works/10.1016%2Fj.tree.2011.02.006,DOI 10.1016/j.tree.2011.02.006; exact-DOI API response,2026-10-07T05:59:30+00:00,HTTP GET; public endpoint; status 200,/home/ubuntu/repos/wip/agentic-conservation/data/raw/20261007T061500Z/literature_expansion/thomas_2011_crossref.json,22811,4912b98461573ddf709235fbb429bd2968ae9f406ee4ee8fe03955749c7d818a,Crossref metadata terms; article rights remain with publisher,complete exact-DOI API response
literature-expansion-thomas_2011-openalex-20261007T061500Z,OpenAlex API,https://api.openalex.org/works/doi:10.1016/j.tree.2011.02.006,DOI 10.1016/j.tree.2011.02.006; exact-DOI API response,2026-10-07T05:59:32+00:00,HTTP GET; public endpoint; status 200,/home/ubuntu/repos/wip/agentic-conservation/data/raw/20261007T061500Z/literature_expansion/thomas_2011_openalex.json,16901,6e2a914df46a5ae4aa7b79c9e5465419d9a2719e8c71624e06cbbc9e9098ed2d,OpenAlex CC0 metadata; abstract text rights remain with publisher,complete exact-DOI API response
literature-expansion-thomas_2011-semantic-20261007T061500Z,Semantic Scholar Graph API,"https://api.semanticscholar.org/graph/v1/paper/DOI:10.1016/j.tree.2011.02.006?fields=title,year,venue,authors,abstract,tldr",DOI 10.1016/j.tree.2011.02.006; exact-DOI API response,2026-10-07T05:59:33+00:00,HTTP GET; public endpoint; status 200,/home/ubuntu/repos/wip/agentic-conservation/data/raw/20261007T061500Z/literature_expansion/thomas_2011_semantic.json,1119,a20ad5bf2ad6594520fa020c3c7922343c3725e83b797ba6a5dc0e1846f93a4c,Semantic Scholar API terms; abstract text rights remain with publisher,complete exact-DOI API response
literature-expansion-lees_pimm_2015-crossref-20261007T061500Z,Crossref REST API,https://api.crossref.org/works/10.1016%2Fj.cub.2014.12.017,DOI 10.1016/j.cub.2014.12.017; exact-DOI API response,2026-10-07T05:59:35+00:00,HTTP GET; public endpoint; status 200,/home/ubuntu/repos/wip/agentic-conservation/data/raw/20261007T061500Z/literature_expansion/lees_pimm_2015_crossref.json,9503,effb60c0b9dd5706c8b8ac2d0fe85e013f3a3c8530b1c0a8ac0b5449ede0b618,Crossref metadata terms; article rights remain with publisher,complete exact-DOI API response
literature-expansion-lees_pimm_2015-openalex-20261007T061500Z,OpenAlex API,https://api.openalex.org/works/doi:10.1016/j.cub.2014.12.017,DOI 10.1016/j.cub.2014.12.017; exact-DOI API response,2026-10-07T05:59:36+00:00,HTTP GET; public endpoint; status 200,/home/ubuntu/repos/wip/agentic-conservation/data/raw/20261007T061500Z/literature_expansion/lees_pimm_2015_openalex.json,15897,240d033b4b92dbbea3c5254d207430229f5c50dfb014798f2ac2c3904b376ba5,OpenAlex CC0 metadata; abstract text rights remain with publisher,complete exact-DOI API response
literature-expansion-lees_pimm_2015-semantic-20261007T061500Z,Semantic Scholar Graph API,"https://api.semanticscholar.org/graph/v1/paper/DOI:10.1016/j.cub.2014.12.017?fields=title,year,venue,authors,abstract,tldr",DOI 10.1016/j.cub.2014.12.017; exact-DOI API response,2026-10-07T05:59:37+00:00,HTTP GET; public endpoint; status 200,/home/ubuntu/repos/wip/agentic-conservation/data/raw/20261007T061500Z/literature_expansion/lees_pimm_2015_semantic.json,1064,1591fd2930dd6865df089b0d32aa2ce34ade23c7ff62587a760809980ea9d529,Semantic Scholar API terms; abstract text rights remain with publisher,complete exact-DOI API response
literature-expansion-runge_2011-crossref-20261007T061500Z,Crossref REST API,https://api.crossref.org/works/10.1016%2Fj.biocon.2010.12.020,DOI 10.1016/j.biocon.2010.12.020; exact-DOI API response,2026-10-07T05:59:39+00:00,HTTP GET; public endpoint; status 200,/home/ubuntu/repos/wip/agentic-conservation/data/raw/20261007T061500Z/literature_expansion/runge_2011_crossref.json,11964,f43a632814e41a723c47cb2ba632c2109c79e5dd4b26a9f834a11a45d6b983a3,Crossref metadata terms; article rights remain with publisher,complete exact-DOI API response
literature-expansion-runge_2011-openalex-20261007T061500Z,OpenAlex API,https://api.openalex.org/works/doi:10.1016/j.biocon.2010.12.020,DOI 10.1016/j.biocon.2010.12.020; exact-DOI API response,2026-10-07T05:59:40+00:00,HTTP GET; public endpoint; status 200,/home/ubuntu/repos/wip/agentic-conservation/data/raw/20261007T061500Z/literature_expansion/runge_2011_openalex.json,18061,7300803b9d9e6874aab2047da4dd1bd3736e044f34da9db8cd2b9dcd1ea78c58,OpenAlex CC0 metadata; abstract text rights remain with publisher,complete exact-DOI API response
literature-expansion-runge_2011-semantic-20261007T061500Z,Semantic Scholar Graph API,"https://api.semanticscholar.org/graph/v1/paper/DOI:10.1016/j.biocon.2010.12.020?fields=title,year,venue,authors,abstract,tldr",DOI 10.1016/j.biocon.2010.12.020; exact-DOI API response,2026-10-07T05:59:42+00:00,HTTP GET; public endpoint; status 404,/home/ubuntu/repos/wip/agentic-conservation/data/raw/20261007T061500Z/literature_expansion/runge_2011_semantic.json,69,da464b68b453f6f6c2c7736412d8b3c8435c2cf9a03d904d3ea3ad7326998661,Semantic Scholar API terms; abstract text rights remain with publisher,request failed; response body retained
literature-expansion-williams_2011-crossref-20261007T061500Z,Crossref REST API,https://api.crossref.org/works/10.1016%2Fj.jenvman.2010.10.041,DOI 10.1016/j.jenvman.2010.10.041; exact-DOI API response,2026-10-07T05:59:43+00:00,HTTP GET; public endpoint; status 200,/home/ubuntu/repos/wip/agentic-conservation/data/raw/20261007T061500Z/literature_expansion/williams_2011_crossref.json,16770,dbb57a68c19b6eeb7c24344dab549e98c43b4010dca20a54b01de0bae39a405b,Crossref metadata terms; article rights remain with publisher,complete exact-DOI API response
literature-expansion-williams_2011-openalex-20261007T061500Z,OpenAlex API,https://api.openalex.org/works/doi:10.1016/j.jenvman.2010.10.041,DOI 10.1016/j.jenvman.2010.10.041; exact-DOI API response,2026-10-07T05:59:44+00:00,HTTP GET; public endpoint; status 200,/home/ubuntu/repos/wip/agentic-conservation/data/raw/20261007T061500Z/literature_expansion/williams_2011_openalex.json,16212,6fb1ad84374a4d471d717435c96610768746ed7c1d9986e67653a97fb995bdca,OpenAlex CC0 metadata; abstract text rights remain with publisher,complete exact-DOI API response
literature-expansion-williams_2011-semantic-20261007T061500Z,Semantic Scholar Graph API,"https://api.semanticscholar.org/graph/v1/paper/DOI:10.1016/j.jenvman.2010.10.041?fields=title,year,venue,authors,abstract,tldr",DOI 10.1016/j.jenvman.2010.10.041; exact-DOI API response,2026-10-07T05:59:46+00:00,HTTP GET; public endpoint; status 200,/home/ubuntu/repos/wip/agentic-conservation/data/raw/20261007T061500Z/literature_expansion/williams_2011_semantic.json,1122,fa72770bf70394a1fb8a01b5069703da17e7330d1e77ee04b501f1cbec6125fc,Semantic Scholar API terms; abstract text rights remain with publisher,complete exact-DOI API response
literature-expansion-clubb_mason_2003-crossref-20261007T061500Z,Crossref REST API,https://api.crossref.org/works/10.1038%2F425473a,DOI 10.1038/425473a; exact-DOI API response,2026-10-07T05:59:47+00:00,HTTP GET; public endpoint; status 200,/home/ubuntu/repos/wip/agentic-conservation/data/raw/20261007T061500Z/literature_expansion/clubb_mason_2003_crossref.json,6055,e681af01f91cff31db8d1785dce64e902c4068ebdbaa2a3384d03aeef82011c4,Crossref metadata terms; article rights remain with publisher,complete exact-DOI API response
literature-expansion-clubb_mason_2003-openalex-20261007T061500Z,OpenAlex API,https://api.openalex.org/works/doi:10.1038/425473a,DOI 10.1038/425473a; exact-DOI API response,2026-10-07T05:59:48+00:00,HTTP GET; public endpoint; status 200,/home/ubuntu/repos/wip/agentic-conservation/data/raw/20261007T061500Z/literature_expansion/clubb_mason_2003_openalex.json,18922,a91fde58cc472b7370b2dac93915e95c775eb241d91fce2b757667493e4ad954,OpenAlex CC0 metadata; abstract text rights remain with publisher,complete exact-DOI API response
literature-expansion-clubb_mason_2003-semantic-20261007T061500Z,Semantic Scholar Graph API,"https://api.semanticscholar.org/graph/v1/paper/DOI:10.1038/425473a?fields=title,year,venue,authors,abstract,tldr",DOI 10.1038/425473a; exact-DOI API response,2026-10-07T05:59:50+00:00,HTTP GET; public endpoint; status 200,/home/ubuntu/repos/wip/agentic-conservation/data/raw/20261007T061500Z/literature_expansion/clubb_mason_2003_semantic.json,1200,75df1badec0fc36315441581ec1f8af56a24056a8b01d324c4e2edd7bc96ba3a,Semantic Scholar API terms; abstract text rights remain with publisher,complete exact-DOI API response
literature-expansion-watson_2014-crossref-20261007T061500Z,Crossref REST API,https://api.crossref.org/works/10.1038%2Fnature13947,DOI 10.1038/nature13947; exact-DOI API response,2026-10-07T05:59:51+00:00,HTTP GET; public endpoint; status 200,/home/ubuntu/repos/wip/agentic-conservation/data/raw/20261007T061500Z/literature_expansion/watson_2014_crossref.json,38507,e2b26334ed34bb234c637cc21c6e3df5c2c747a2e79e43e75cf05b1480698de3,Crossref metadata terms; article rights remain with publisher,complete exact-DOI API response
literature-expansion-watson_2014-openalex-20261007T061500Z,OpenAlex API,https://api.openalex.org/works/doi:10.1038/nature13947,DOI 10.1038/nature13947; exact-DOI API response,2026-10-07T05:59:53+00:00,HTTP GET; public endpoint; status 200,/home/ubuntu/repos/wip/agentic-conservation/data/raw/20261007T061500Z/literature_expansion/watson_2014_openalex.json,25528,eb9eb3f617a00cff2a4b85f59615499df2f49db01d40b970f4477388d66c7af5,OpenAlex CC0 metadata; abstract text rights remain with publisher,complete exact-DOI API response
literature-expansion-watson_2014-semantic-20261007T061500Z,Semantic Scholar Graph API,"https://api.semanticscholar.org/graph/v1/paper/DOI:10.1038/nature13947?fields=title,year,venue,authors,abstract,tldr",DOI 10.1038/nature13947; exact-DOI API response,2026-10-07T05:59:54+00:00,HTTP GET; public endpoint; status 200,/home/ubuntu/repos/wip/agentic-conservation/data/raw/20261007T061500Z/literature_expansion/watson_2014_semantic.json,1063,5692cb51c81d2ea46e2dfdb2dff0ec7d3f035d1203db5c4777e9d6d6b71fb58c,Semantic Scholar API terms; abstract text rights remain with publisher,complete exact-DOI API response
literature-expansion-kaczensky_2007-crossref-20261007T063000Z,Crossref REST API,https://api.crossref.org/works/10.22353%2Fmjbs.2007.05.03,DOI 10.22353/mjbs.2007.05.03; exact-DOI API response,2026-10-07T06:02:09+00:00,HTTP GET; public endpoint; status 200,/home/ubuntu/repos/wip/agentic-conservation/data/raw/20261007T063000Z/literature_expansion/kaczensky_2007_crossref.json,1598,ca51b709f9f81d7d70c0f9d6ed31efca340b96a892d86f0e8e666f7171dce5d4,Crossref metadata terms; article rights remain with publisher,complete exact-DOI API response
literature-expansion-kaczensky_2007-openalex-20261007T063000Z,OpenAlex API,https://api.openalex.org/works/doi:10.22353/mjbs.2007.05.03,DOI 10.22353/mjbs.2007.05.03; exact-DOI API response,2026-10-07T06:02:11+00:00,HTTP GET; public endpoint; status 200,/home/ubuntu/repos/wip/agentic-conservation/data/raw/20261007T063000Z/literature_expansion/kaczensky_2007_openalex.json,16821,fdf13789571dc26a2fa85ff6fcd220412765b5ce47059cf55ef29fc5ef5407c0,OpenAlex CC0 metadata; abstract text rights remain with publisher,complete exact-DOI API response
literature-expansion-kaczensky_2007-semantic-20261007T063000Z,Semantic Scholar Graph API,"https://api.semanticscholar.org/graph/v1/paper/DOI:10.22353/mjbs.2007.05.03?fields=title,year,venue,authors,abstract,tldr",DOI 10.22353/mjbs.2007.05.03; exact-DOI API response,2026-10-07T06:02:12+00:00,HTTP GET; public endpoint; status 200,/home/ubuntu/repos/wip/agentic-conservation/data/raw/20261007T063000Z/literature_expansion/kaczensky_2007_semantic.json,2191,7126abe4ca34943e51cf6e04a5cad38ff75d1391568d6cfd117f7c52049f52ac,Semantic Scholar API terms; abstract text rights remain with publisher,complete exact-DOI API response
literature-expansion-delia_2015-crossref-20261007T063000Z,Crossref REST API,https://api.crossref.org/works/10.1016%2Fj.biocon.2015.01.002,DOI 10.1016/j.biocon.2015.01.002; exact-DOI API response,2026-10-07T06:02:14+00:00,HTTP GET; public endpoint; status 200,/home/ubuntu/repos/wip/agentic-conservation/data/raw/20261007T063000Z/literature_expansion/delia_2015_crossref.json,24890,24eee34a60267d7c53375115b1f460b09210146c02766ebca204bbc0759a0d35,Crossref metadata terms; article rights remain with publisher,complete exact-DOI API response
literature-expansion-delia_2015-openalex-20261007T063000Z,OpenAlex API,https://api.openalex.org/works/doi:10.1016/j.biocon.2015.01.002,DOI 10.1016/j.biocon.2015.01.002; exact-DOI API response,2026-10-07T06:02:15+00:00,HTTP GET; public endpoint; status 200,/home/ubuntu/repos/wip/agentic-conservation/data/raw/20261007T063000Z/literature_expansion/delia_2015_openalex.json,16721,a0e182d3fab02287efc909827dbd930e1e0d4aa29735e3d245b414908dd90d19,OpenAlex CC0 metadata; abstract text rights remain with publisher,complete exact-DOI API response
literature-expansion-delia_2015-semantic-20261007T063000Z,Semantic Scholar Graph API,"https://api.semanticscholar.org/graph/v1/paper/DOI:10.1016/j.biocon.2015.01.002?fields=title,year,venue,authors,abstract,tldr",DOI 10.1016/j.biocon.2015.01.002; exact-DOI API response,2026-10-07T06:02:17+00:00,HTTP GET; public endpoint; status 200,/home/ubuntu/repos/wip/agentic-conservation/data/raw/20261007T063000Z/literature_expansion/delia_2015_semantic.json,1279,05bcfddf7fc3d6f68b1d90d831f830618a18063e854cfc472dc26182d914f985,Semantic Scholar API terms; abstract text rights remain with publisher,complete exact-DOI API response
literature-expansion-mee_2007-crossref-20261007T063000Z,Crossref REST API,https://api.crossref.org/works/10.1017%2Fs095927090700069x,DOI 10.1017/s095927090700069x; exact-DOI API response,2026-10-07T06:02:18+00:00,HTTP GET; public endpoint; status 200,/home/ubuntu/repos/wip/agentic-conservation/data/raw/20261007T063000Z/literature_expansion/mee_2007_crossref.json,4617,219bdd197971b8a94b1529783c7430f8ff4b18122945bcfba37eb1a9d4166608,Crossref metadata terms; article rights remain with publisher,complete exact-DOI API response
literature-expansion-mee_2007-openalex-20261007T063000Z,OpenAlex API,https://api.openalex.org/works/doi:10.1017/s095927090700069x,DOI 10.1017/s095927090700069x; exact-DOI API response,2026-10-07T06:02:19+00:00,HTTP GET; public endpoint; status 200,/home/ubuntu/repos/wip/agentic-conservation/data/raw/20261007T063000Z/literature_expansion/mee_2007_openalex.json,20856,afd87fc69f609c3db6aee99c40cae223d82095852b4cf046e64dbc3adf7a00d8,OpenAlex CC0 metadata; abstract text rights remain with publisher,complete exact-DOI API response
literature-expansion-mee_2007-semantic-20261007T063000Z,Semantic Scholar Graph API,"https://api.semanticscholar.org/graph/v1/paper/DOI:10.1017/s095927090700069x?fields=title,year,venue,authors,abstract,tldr",DOI 10.1017/s095927090700069x; exact-DOI API response,2026-10-07T06:02:21+00:00,HTTP GET; public endpoint; status 200,/home/ubuntu/repos/wip/agentic-conservation/data/raw/20261007T063000Z/literature_expansion/mee_2007_semantic.json,1631,dcf47e3c79327cdc2ab8419dab08ead4d9515d7df113f9f8ddf8438badf081ca,Semantic Scholar API terms; abstract text rights remain with publisher,complete exact-DOI API response
literature-expansion-williams_brown_2022-crossref-20261007T063000Z,Crossref REST API,https://api.crossref.org/works/10.1002%2Fece3.9197,DOI 10.1002/ece3.9197; exact-DOI API response,2026-10-07T06:02:22+00:00,HTTP GET; public endpoint; status 200,/home/ubuntu/repos/wip/agentic-conservation/data/raw/20261007T063000Z/literature_expansion/williams_brown_2022_crossref.json,15544,bbae9f4cb375be67b023f633feec27f308b4e5249d7dc7496de11ce0f9f9807f,Crossref metadata terms; article rights remain with publisher,complete exact-DOI API response
literature-expansion-williams_brown_2022-openalex-20261007T063000Z,OpenAlex API,https://api.openalex.org/works/doi:10.1002/ece3.9197,DOI 10.1002/ece3.9197; exact-DOI API response,2026-10-07T06:02:24+00:00,HTTP GET; public endpoint; status 200,/home/ubuntu/repos/wip/agentic-conservation/data/raw/20261007T063000Z/literature_expansion/williams_brown_2022_openalex.json,19473,8ad5e2c7c46abaf50fc16095450ee3bcf19e4d5ea9551cf9484795bff3a7a47f,OpenAlex CC0 metadata; abstract text rights remain with publisher,complete exact-DOI API response
literature-expansion-williams_brown_2022-semantic-20261007T063000Z,Semantic Scholar Graph API,"https://api.semanticscholar.org/graph/v1/paper/DOI:10.1002/ece3.9197?fields=title,year,venue,authors,abstract,tldr",DOI 10.1002/ece3.9197; exact-DOI API response,2026-10-07T06:02:25+00:00,HTTP GET; public endpoint; status 200,/home/ubuntu/repos/wip/agentic-conservation/data/raw/20261007T063000Z/literature_expansion/williams_brown_2022_semantic.json,2900,947399a55ad093a66be54c38778dde423f8301c7c02fe2c7fa593d5e78e9c8fc,Semantic Scholar API terms; abstract text rights remain with publisher,complete exact-DOI API response
