policy,engine,oracle,seed,survival_50,survival_100,species_retained_50,species_retained_100,total_abundance,wild_abundance,n_ebd,fraction_ebd,p_ebd,mean_time_to_ebd,lifetime_welfare,mean_individual_welfare,founder_effective,mean_inbreeding,heterozygosity_proxy,successful_reintroductions,refuge_moves,origin_returns,cost,available_budget,cost_per_species_retained,engagement,habitat_integrity,future_option_value,disease_prevalence,quarantine_cost,relocation_burden,biobank_coverage,discovered_latent,events,welfare_burden_predation,welfare_burden_food_insecurity,welfare_burden_crowding,welfare_burden_restriction,welfare_burden_infection,welfare_burden_habituation,welfare_burden_relocation,config_hash,design_id,name,overrides
S4,state_dependent_rule,False,600000,0.5,0.5,4,4,413,259,1,0.3333333333333333,1.0,20.0,191.08020760721917,0.6258287532418216,2.872936163949419,0.0026276020930298695,0.9973723979069701,186,0,0,9379.68,9379.68,2344.92,0.5,0.3017456853333332,0.30878165155544324,0.0002067760062528729,124.0,49.600000000000044,0.12438860691307851,2,1:wildfire:alternative|18:wildfire:alternative|62:funding_collapse,0.01244872779175139,0.07508479033688141,0.07435545717241847,0.015428870078047717,3.308416100045966e-05,0.0008989665232968097,0.0002128504428401484,8f9a2b060d57b2c4,0,human_feedback,"{""engagement_coefficient"": 0.0, ""engagement_habitat_feedback"": 0.0}"
S6,rule,False,600000,0.75,0.625,6,5,398,398,0,0.0,0.0,,511.98915667159037,0.7645265479227439,5.7870333043803175,0.0,1.0,0,0,0,9379.679999999998,9379.68,1875.9359999999997,0.5,0.8236418264091929,0.4308539502136006,5.4200542005420054e-05,0.0,0.0,0.04684717264439077,3,1:wildfire:alternative|18:wildfire:alternative|62:funding_collapse,0.01600000000000001,0.04848324816820721,0.0,0.0,8.672086720867208e-06,0.0009815318223282252,0.0,8f9a2b060d57b2c4,0,human_feedback,"{""engagement_coefficient"": 0.0, ""engagement_habitat_feedback"": 0.0}"
S7,forward_rollout_proxy,False,600000,0.625,0.625,5,5,765,765,0,0.0,0.0,,249.34493422824337,0.593496548619543,3.3903830334547442,0.001162675969167466,0.9988373240308326,44,0,0,9379.68,9379.68,1875.9360000000001,0.5,0.46440167333333376,0.3951974380822109,0.00014596958642240515,44.75,17.900000000000002,0.16801720207165027,3,1:wildfire:alternative|18:wildfire:alternative|62:funding_collapse,0.014067067348736983,0.05768581188756896,0.1406666588737577,0.013362853653819865,2.3355133827584823e-05,0.0009006240263605839,5.9463137095598555e-05,8f9a2b060d57b2c4,0,human_feedback,"{""engagement_coefficient"": 0.0, ""engagement_habitat_feedback"": 0.0}"
S4,state_dependent_rule,False,600001,0.25,0.125,2,1,294,117,3,1.0,1.0,28.333333333333332,162.17602024442695,0.6344789331788593,4.018410041841005,0.021161573761141025,0.978838426238859,144,0,0,9379.68,9379.68,9379.68,0.5,0.29791569600000073,0.14160382413368322,0.0002887187029367264,129.5,51.80000000000006,0.07689077057636551,0,28:flood:origin|36:heatwave:reserve|39:heatwave:semiwild|40:heatwave:reserve|57:wildfire:semiwild|75:funding_collapse|79:flood:semiwild|95:wildfire:semiwild,0.00920617979328447,0.07452869174115849,0.03006226438940012,0.009261643712438039,4.619499246987622e-05,0.0007466820470072774,0.00031462471728953197,8f9a2b060d57b2c4,0,human_feedback,"{""engagement_coefficient"": 0.0, ""engagement_habitat_feedback"": 0.0}"
S6,rule,False,600001,0.5,0.0,4,0,0,0,2,0.6666666666666666,1.0,47.5,147.70175025653808,0.5818592839293116,0.0,,,0,0,0,9379.679999999998,9379.68,9379.679999999998,0.5,0.7018186409031002,0.07362868322226804,0.0003875536582536032,0.0,0.0,0.01723409565979009,1,28:flood:origin|36:heatwave:reserve|39:heatwave:semiwild|40:heatwave:reserve|57:wildfire:semiwild|75:funding_collapse|79:flood:semiwild|95:wildfire:semiwild,0.01280000000000001,0.0685616122380328,0.0,0.0,6.20085853205765e-05,0.0007170952473349968,0.0,8f9a2b060d57b2c4,0,human_feedback,"{""engagement_coefficient"": 0.0, ""engagement_habitat_feedback"": 0.0}"
S7,forward_rollout_proxy,False,600001,0.125,0.0,1,0,0,0,2,0.6666666666666666,1.0,29.5,98.31066708807143,0.5065145763980514,0.0,,,52,0,0,9379.68,9379.68,9379.68,0.5,0.42201429357485803,0.05415688072785002,0.00013550135501355014,35.25,14.099999999999996,0.0597772568518211,1,28:flood:origin|36:heatwave:reserve|39:heatwave:semiwild|40:heatwave:reserve|57:wildfire:semiwild|75:funding_collapse|79:flood:semiwild|95:wildfire:semiwild,0.01123234914608819,0.05572614801289646,0.0003709747697520278,0.0018172935849617535,2.168021680216802e-05,0.0005651204896578096,0.0004742737425037122,8f9a2b060d57b2c4,0,human_feedback,"{""engagement_coefficient"": 0.0, ""engagement_habitat_feedback"": 0.0}"
S4,state_dependent_rule,False,600002,0.375,0.375,3,3,306,0,2,0.6666666666666666,1.0,21.0,143.77145406927391,0.6108022816025463,2.0107000824573276,0.008591470325401676,0.9914085296745984,92,0,0,9353.36,9353.36,3117.786666666667,0.5,0.2216935136147964,0.22883754426447095,0.0002043876613004536,127.25,50.90000000000006,0.08905596039208999,1,25:flood:alternative|37:flood:reserve|38:flood:semiwild|41:wildfire:origin|59:wildfire:alternative|64:funding_collapse|86:heatwave:alternative|99:funding_collapse,0.007253286205761263,0.07776919374477503,0.04483397002680011,0.008252533095647522,3.270202580807257e-05,0.0006473276761488068,0.0004009782347469812,8f9a2b060d57b2c4,0,human_feedback,"{""engagement_coefficient"": 0.0, ""engagement_habitat_feedback"": 0.0}"
S6,rule,False,600002,0.625,0.375,5,3,53,53,1,0.3333333333333333,1.0,14.0,296.81575439511676,0.7432467469403309,2.781138346489406,0.004373333333333332,0.9956266666666667,0,0,0,9353.359999999999,9353.36,3117.7866666666664,0.5,0.7695941712098993,0.28081381324888427,9.956544282857212e-05,0.0,0.0,0.036465063315001454,2,25:flood:alternative|37:flood:reserve|38:flood:semiwild|41:wildfire:origin|59:wildfire:alternative|64:funding_collapse|86:heatwave:alternative|99:funding_collapse,0.01600000000000001,0.0698049087138509,0.0,0.0,1.593047085257154e-05,0.000932413874965635,0.0,8f9a2b060d57b2c4,0,human_feedback,"{""engagement_coefficient"": 0.0, ""engagement_habitat_feedback"": 0.0}"
S7,forward_rollout_proxy,False,600002,0.5,0.25,4,2,170,27,1,0.3333333333333333,1.0,11.0,147.90290058712185,0.647239807925779,2.4789187603871348,0.04742514740570292,0.9525748525942971,137,0,0,9353.36,9353.36,4676.68,0.5,0.36760592961479704,0.19321886231086718,0.000266147423487136,91.25,36.5,0.09584540872758063,2,25:flood:alternative|37:flood:reserve|38:flood:semiwild|41:wildfire:origin|59:wildfire:alternative|64:funding_collapse|86:heatwave:alternative|99:funding_collapse,0.009038480889480565,0.0778918981094523,0.026386342185065303,0.005159226962337926,4.258358775794176e-05,0.0007109306619751513,0.0003156326789160921,8f9a2b060d57b2c4,0,human_feedback,"{""engagement_coefficient"": 0.0, ""engagement_habitat_feedback"": 0.0}"
S4,state_dependent_rule,False,600003,0.5,0.125,4,1,111,0,0,0.0,0.0,,129.48685388593145,0.6293602284601932,2.8861560084328874,0.0003516997546350844,0.9996483002453649,66,0,0,9406.0,9406.0,9406.0,0.5,0.12127542367478562,0.11213580844620732,0.0013038975964802654,110.5,44.20000000000003,0.07448352997199935,3,13:flood:reserve|14:flood:reserve|44:wildfire:origin|46:heatwave:reserve|50:flood:alternative|93:wildfire:alternative|100:flood:semiwild,0.007155789700287713,0.0829421668042675,0.022008070189380242,0.003520202674983055,0.00020862361543684242,0.0005878981804997855,0.0005083007896161706,8f9a2b060d57b2c4,0,human_feedback,"{""engagement_coefficient"": 0.0, ""engagement_habitat_feedback"": 0.0}"
S6,rule,False,600003,0.875,0.0,7,0,0,0,0,0.0,0.0,,248.6780236407892,0.6317305929257897,0.0,,,0,0,0,9405.999999999998,9406.0,9405.999999999998,0.5,0.6094609540385244,0.06748905475620516,0.0001256914294393884,0.0,0.0,0.03271479676176359,3,13:flood:reserve|14:flood:reserve|44:wildfire:origin|46:heatwave:reserve|50:flood:alternative|93:wildfire:alternative|100:flood:semiwild,0.01376000000000001,0.06730192147980714,0.0,0.0,2.011062871030214e-05,0.000987374965693079,0.0,8f9a2b060d57b2c4,0,human_feedback,"{""engagement_coefficient"": 0.0, ""engagement_habitat_feedback"": 0.0}"
S7,forward_rollout_proxy,False,600003,0.5,0.125,4,1,174,10,0,0.0,0.0,,153.5650035594703,0.6583212840294211,1.9957811470006592,0.03652569760157764,0.9634743023984224,43,0,0,9406.0,9406.0,9406.0,0.5,0.21481047359271566,0.11789775826560542,0.00029877837463177957,45.25,18.099999999999994,0.10104449718163629,3,13:flood:reserve|14:flood:reserve|44:wildfire:origin|46:heatwave:reserve|50:flood:alternative|93:wildfire:alternative|100:flood:semiwild,0.009527483268590061,0.07691978123975707,0.014633802578200126,0.007503336079029452,4.7804539941084734e-05,0.0009526487913844907,0.0004050737366640349,8f9a2b060d57b2c4,0,human_feedback,"{""engagement_coefficient"": 0.0, ""engagement_habitat_feedback"": 0.0}"
S4,state_dependent_rule,False,600004,0.375,0.375,3,3,398,57,2,0.6666666666666666,1.0,16.0,184.614229995577,0.5944260501937282,3.455842847355161,0.007452885573886831,0.9925471144261132,187,0,0,9406.0,9406.0,3135.3333333333335,0.5,0.2982148666666674,0.2510631859337357,0.0002397050698177855,138.5,55.40000000000008,0.08966635396758685,1,29:heatwave:origin|72:flood:reserve|89:heatwave:reserve,0.009538953700226921,0.07581909818313685,0.08639492049263713,0.008280132067209645,3.835281117084568e-05,0.0005302170227389532,0.00023110856591209428,8f9a2b060d57b2c4,0,human_feedback,"{""engagement_coefficient"": 0.0, ""engagement_habitat_feedback"": 0.0}"
S6,rule,False,600004,0.5,0.0,4,0,0,0,1,0.3333333333333333,1.0,28.0,144.1121229687093,0.6085581379568822,0.0,,,0,0,0,9405.999999999998,9406.0,9405.999999999998,0.5,0.6272431022393947,0.06657596873183191,0.00027310421738574236,0.0,0.0,0.019258292539462252,2,29:heatwave:origin|72:flood:reserve|89:heatwave:reserve,0.01344000000000001,0.07449871638298317,0.0,0.0,4.369667478171877e-05,0.0006594489853527935,0.0,8f9a2b060d57b2c4,0,human_feedback,"{""engagement_coefficient"": 0.0, ""engagement_habitat_feedback"": 0.0}"
S7,forward_rollout_proxy,False,600004,0.625,0.625,5,5,672,660,2,0.6666666666666666,1.0,21.0,279.0884060650417,0.6230830287983595,2.583903199623813,0.0053466901870101655,0.9946533098129898,130,0,0,9406.0,9406.0,1881.2,0.5,0.4360966824583003,0.38161205510096236,0.00013186859707052748,61.75,24.699999999999996,0.15456677429447108,1,29:heatwave:origin|72:flood:reserve|89:heatwave:reserve,0.014557425862913878,0.05787383483051135,0.10262020832500722,0.013765504458282056,2.1098975531284395e-05,0.0009274591554734864,8.80159564714301e-05,8f9a2b060d57b2c4,0,human_feedback,"{""engagement_coefficient"": 0.0, ""engagement_habitat_feedback"": 0.0}"
S4,state_dependent_rule,False,600005,0.625,0.125,5,1,65,43,3,1.0,1.0,20.0,86.46264422031167,0.6128979799812909,2.0033191085822666,0.01927630769230769,0.9807236923076923,137,0,0,9300.720000000001,9300.720000000001,9300.720000000001,0.5,0.376545917041075,0.1316273228909312,0.00040476558351472706,116.0,46.400000000000034,0.08844770050500517,0,7:heatwave:origin|15:funding_collapse|18:funding_collapse|43:flood:reserve|45:funding_collapse|66:flood:origin|88:funding_collapse,0.008547542738645579,0.08279376314557318,0.04214980367847992,0.013389848009865812,6.476249336235634e-05,0.0008961474680156103,0.0006205664075833906,8f9a2b060d57b2c4,0,human_feedback,"{""engagement_coefficient"": 0.0, ""engagement_habitat_feedback"": 0.0}"
S6,rule,False,600005,0.375,0.0,3,0,0,0,2,0.6666666666666666,1.0,16.0,105.12508985709015,0.6288719438465691,0.0,,,0,0,0,9300.72,9300.720000000001,9300.72,0.5,0.7255163056386076,0.0764319024752497,0.00028636824250521833,0.0,0.0,0.01940135955694474,1,7:heatwave:origin|15:funding_collapse|18:funding_collapse|43:flood:reserve|45:funding_collapse|66:flood:origin|88:funding_collapse,0.01392000000000001,0.07871813363021152,0.0,0.0,4.581891880083492e-05,0.0005441036044185312,0.0,8f9a2b060d57b2c4,0,human_feedback,"{""engagement_coefficient"": 0.0, ""engagement_habitat_feedback"": 0.0}"
S7,forward_rollout_proxy,False,600005,0.375,0.375,3,3,491,491,3,1.0,1.0,20.333333333333332,173.41557754346667,0.6683023662364191,3.366945479237438,0.006407311210044088,0.9935926887899559,168,0,0,9300.72,9300.720000000001,3100.24,0.5,0.5216371490410763,0.27575515506945064,0.00042646275444666807,80.25,32.10000000000001,0.1058599268648431,0,7:heatwave:origin|15:funding_collapse|18:funding_collapse|43:flood:reserve|45:funding_collapse|66:flood:origin|88:funding_collapse,0.01431690815672204,0.06531487269566061,0.04078791682105169,0.0126514326742455,6.823404071146691e-05,0.0010185221034483454,0.0002107260072844813,8f9a2b060d57b2c4,0,human_feedback,"{""engagement_coefficient"": 0.0, ""engagement_habitat_feedback"": 0.0}"
S4,state_dependent_rule,False,600006,0.625,0.375,5,3,213,0,1,0.3333333333333333,1.0,16.0,174.42144931168895,0.5805039340942826,1.4670822788716744,0.11178802278573864,0.8882119772142614,162,0,0,9379.68,9379.68,3126.56,0.5,0.23714501950603895,0.23298099604284533,0.0005278623334752053,145.0,58.00000000000007,0.1292283565176235,2,3:flood:alternative|7:funding_collapse|11:wildfire:origin|73:heatwave:origin|75:flood:reserve|79:heatwave:reserve|98:heatwave:origin,0.009024186395085464,0.07599510646804548,0.08463473431601803,0.020469359041493152,8.445797335603283e-05,0.0009515790312442224,0.00026406678539292976,8f9a2b060d57b2c4,0,human_feedback,"{""engagement_coefficient"": 0.0, ""engagement_habitat_feedback"": 0.0}"
S6,rule,False,600006,0.375,0.0,3,0,0,0,0,0.0,0.0,,130.1703762757057,0.6186325010915343,0.0,,,0,0,0,9379.679999999998,9379.68,9379.679999999998,0.5,0.5380839083850654,0.05793582257737966,0.00040016616846175315,0.0,0.0,0.020637158694365623,3,3:flood:alternative|7:funding_collapse|11:wildfire:origin|73:heatwave:origin|75:flood:reserve|79:heatwave:reserve|98:heatwave:origin,0.01360000000000001,0.072547808975435,0.0,0.0,6.402658695388049e-05,0.0006556633460768442,0.0,8f9a2b060d57b2c4,0,human_feedback,"{""engagement_coefficient"": 0.0, ""engagement_habitat_feedback"": 0.0}"
S7,forward_rollout_proxy,False,600006,0.5,0.25,4,2,31,13,0,0.0,0.0,,173.47765405471074,0.5794338753156525,2.564724919093851,0.012947763185305775,0.9870522368146942,93,0,0,9379.679999999998,9379.68,4689.839999999999,0.5,0.3834680275060394,0.20461237749555045,0.00037319053378809724,71.0,28.40000000000001,0.14059162777003992,3,3:flood:alternative|7:funding_collapse|11:wildfire:origin|73:heatwave:origin|75:flood:reserve|79:heatwave:reserve|98:heatwave:origin,0.01229013866442644,0.06962040959004606,0.1316642449872467,0.009593848720016415,5.9710485406095556e-05,0.0005868190930463109,0.00029638368078648843,8f9a2b060d57b2c4,0,human_feedback,"{""engagement_coefficient"": 0.0, ""engagement_habitat_feedback"": 0.0}"
S4,state_dependent_rule,False,600007,0.5,0.25,4,2,328,144,2,0.6666666666666666,1.0,25.0,181.3961766175619,0.6202536946887811,4.1005377049180325,0.0017252049962664469,0.9982747950037335,215,0,0,9327.04,9327.04,4663.52,0.5,0.4313482083610498,0.21806706213911653,0.00039210262513762707,152.25,60.90000000000009,0.10713432126915606,1,17:funding_collapse|22:funding_collapse|23:heatwave:origin|30:flood:origin|73:heatwave:alternative|79:funding_collapse,0.010100521815866868,0.07415501360111322,0.06290514397204257,0.012907476440920445,6.273642002202034e-05,0.0007304147691372036,0.0002566713366915628,8f9a2b060d57b2c4,0,human_feedback,"{""engagement_coefficient"": 0.0, ""engagement_habitat_feedback"": 0.0}"
S6,rule,False,600007,0.125,0.0,1,0,0,0,0,0.0,0.0,,111.32085842554972,0.3723893672955731,0.0,,,0,0,0,9327.039999999999,9327.04,9327.039999999999,0.5,0.7091244898931729,0.07368235318006129,0.00024159900833837996,0.0,0.0,0.013849520953719996,3,17:funding_collapse|22:funding_collapse|23:heatwave:origin|30:flood:origin|73:heatwave:alternative|79:funding_collapse,0.008320000000000006,0.05009895266954878,0.0,0.0,3.865584133414079e-05,0.0007530241935440236,0.0,8f9a2b060d57b2c4,0,human_feedback,"{""engagement_coefficient"": 0.0, ""engagement_habitat_feedback"": 0.0}"
S7,forward_rollout_proxy,False,600007,0.625,0.625,5,5,805,805,0,0.0,0.0,,229.00181546743457,0.5133997683587089,3.000755534821624,0.003158999867526433,0.9968410001324736,68,0,0,9327.039999999999,9327.04,1865.408,0.5,0.5768500323610514,0.4026087108137674,0.00040376883375604596,45.25,18.10000000000001,0.16833076114723,3,17:funding_collapse|22:funding_collapse|23:heatwave:origin|30:flood:origin|73:heatwave:alternative|79:funding_collapse,0.013121676642438374,0.05367456563135371,0.21390500470573703,0.019874588391230824,6.460301340096737e-05,0.0009985396583361485,7.504418694739128e-05,8f9a2b060d57b2c4,0,human_feedback,"{""engagement_coefficient"": 0.0, ""engagement_habitat_feedback"": 0.0}"
S4,state_dependent_rule,False,600008,0.5,0.375,4,3,356,0,2,0.6666666666666666,1.0,15.5,145.77503281213046,0.5540732465811509,2.621342673626294,0.0016540983485217725,0.9983459016514782,98,0,0,9379.68,9379.68,3126.56,0.5,0.2261126043860937,0.24086130593621224,0.000798209173309425,142.75,57.10000000000008,0.1164330938066996,1,6:wildfire:origin|13:wildfire:origin|22:funding_collapse|31:flood:alternative|35:heatwave:reserve|41:flood:origin|89:heatwave:origin|93:heatwave:origin|98:heatwave:reserve,0.007551852531648965,0.08074870500974335,0.10021266775190646,0.015022998922040804,0.00012771346772950804,0.0007538148569807893,0.00028316303494383603,8f9a2b060d57b2c4,0,human_feedback,"{""engagement_coefficient"": 0.0, ""engagement_habitat_feedback"": 0.0}"
S6,rule,False,600008,0.0,0.0,0,0,0,0,2,0.6666666666666666,1.0,15.5,34.15423823235939,0.24977524479940968,0.0,,,0,0,0,9379.679999999998,9379.68,9379.679999999998,0.5,0.5608466323438014,0.05752686086669323,0.00022276485591702985,0.0,0.0,0.0072109881615654665,1,6:wildfire:origin|13:wildfire:origin|22:funding_collapse|31:flood:alternative|35:heatwave:reserve|41:flood:origin|89:heatwave:origin|93:heatwave:origin|98:heatwave:reserve,0.005760000000000004,0.04290761338418621,0.0,0.0,3.564237694672478e-05,0.0003214994394573608,0.0,8f9a2b060d57b2c4,0,human_feedback,"{""engagement_coefficient"": 0.0, ""engagement_habitat_feedback"": 0.0}"
S7,forward_rollout_proxy,False,600008,0.625,0.5,5,4,266,205,2,0.6666666666666666,1.0,14.0,190.89010845362722,0.5387882352472783,2.6009767491135785,0.019477773014952477,0.9805222269850475,154,0,0,9379.679999999998,9379.68,2344.9199999999996,0.5,0.37243561238609457,0.3179136153473643,0.00023212134370016266,84.0,33.599999999999994,0.14830143308809518,1,6:wildfire:origin|13:wildfire:origin|22:funding_collapse|31:flood:alternative|35:heatwave:reserve|41:flood:origin|89:heatwave:origin|93:heatwave:origin|98:heatwave:reserve,0.01205243860636437,0.0730723944802441,0.1602982825216474,0.021141956566452253,3.713941499202603e-05,0.0009100053324921538,0.00012277346612620582,8f9a2b060d57b2c4,0,human_feedback,"{""engagement_coefficient"": 0.0, ""engagement_habitat_feedback"": 0.0}"
S4,state_dependent_rule,False,600009,0.0,0.0,0,0,0,0,1,0.3333333333333333,1.0,29.0,32.06552126050809,0.28075510701922385,0.0,,,71,0,0,9353.36,9353.36,9353.36,0.5,0.3551092035257532,0.042201076442293366,0.0006540306281380488,50.75,20.299999999999994,0.033450780448590206,2,4:wildfire:origin|11:heatwave:alternative|14:flood:reserve|46:funding_collapse|48:heatwave:origin|51:wildfire:semiwild|57:flood:semiwild|58:funding_collapse,0.004308766466969515,0.04605888399729032,0.0020620320458694355,0.003473435741646961,0.00010464490050208781,0.0007130313996535082,0.0009135299967603932,8f9a2b060d57b2c4,0,human_feedback,"{""engagement_coefficient"": 0.0, ""engagement_habitat_feedback"": 0.0}"
S6,rule,False,600009,0.25,0.0,2,0,0,0,0,0.0,0.0,,51.06808908630062,0.5340476880292898,0.0,,,0,0,0,9353.359999999999,9353.36,9353.359999999999,0.5,0.7328537285422945,0.07604309378639822,0.0005990258459382326,0.0,0.0,0.013788604660843796,3,4:wildfire:origin|11:heatwave:alternative|14:flood:reserve|46:funding_collapse|48:heatwave:origin|51:wildfire:semiwild|57:flood:semiwild|58:funding_collapse,0.012000000000000009,0.07566612808058476,0.0,0.0,9.584413535011724e-05,0.0006903397547755894,0.0,8f9a2b060d57b2c4,0,human_feedback,"{""engagement_coefficient"": 0.0, ""engagement_habitat_feedback"": 0.0}"
S7,forward_rollout_proxy,False,600009,0.125,0.125,1,1,369,222,0,0.0,0.0,,96.81376315950722,0.6172727020065908,2.92561397477493,0.022389399019741827,0.9776106009802582,181,0,0,9353.36,9353.36,9353.36,0.5,0.5010216195257547,0.14775339566858484,0.001036520802331499,110.25,44.10000000000001,0.06072546984130031,3,4:wildfire:origin|11:heatwave:alternative|14:flood:reserve|46:funding_collapse|48:heatwave:origin|51:wildfire:semiwild|57:flood:semiwild|58:funding_collapse,0.007305085184023389,0.08057166466134841,0.023954140692012526,0.011584078111649205,0.00016584332837303982,0.000940394810773095,0.0005344258397667739,8f9a2b060d57b2c4,0,human_feedback,"{""engagement_coefficient"": 0.0, ""engagement_habitat_feedback"": 0.0}"
S4,state_dependent_rule,False,600010,0.5,0.125,4,1,10,0,1,0.3333333333333333,1.0,15.0,111.3137859928597,0.6658392507871711,1.0,0.2051591270203615,0.7948408729796386,112,0,0,9379.68,9379.68,9379.68,0.5,0.41832019982681024,0.12537144844873915,0.0014801164231648145,89.0,35.59999999999999,0.08644714233029063,2,23:funding_collapse|45:wildfire:reserve,0.009707360384263106,0.08251965797535751,0.007588519913802812,0.004648810767489462,0.00023681862770637036,0.0007051491619509158,0.0005090727539416076,8f9a2b060d57b2c4,0,human_feedback,"{""engagement_coefficient"": 0.0, ""engagement_habitat_feedback"": 0.0}"
S6,rule,False,600010,0.875,0.75,7,6,481,481,1,0.3333333333333333,1.0,17.0,504.3975094790926,0.7639670055431779,3.5519321223991125,0.006803790251160756,0.9931962097488393,0,0,0,9379.679999999998,9379.68,1563.2799999999997,0.5,0.8873576106666666,0.47126072576456546,0.0005609411734850713,0.0,0.0,0.047528217369538085,2,23:funding_collapse|45:wildfire:reserve,0.01600000000000001,0.04900746943441237,0.0,0.0,8.97505877576114e-05,0.0009357744346523037,0.0,8f9a2b060d57b2c4,0,human_feedback,"{""engagement_coefficient"": 0.0, ""engagement_habitat_feedback"": 0.0}"
S7,forward_rollout_proxy,False,600010,0.625,0.375,5,3,476,476,1,0.3333333333333333,1.0,14.0,209.69515336368934,0.7328361535978629,2.284191547888955,0.0027000063168157794,0.9972999936831842,108,0,0,9379.679999999998,9379.68,3126.5599999999995,0.5,0.5953672744934767,0.27978258270482154,0.0006460426474613929,56.5,22.60000000000001,0.14326969888292151,2,23:funding_collapse|45:wildfire:reserve,0.01623771972901838,0.06555013697113557,0.001381966058847907,0.0005798243324344842,0.00010336682359382286,0.0009546841891484553,0.00016351597628088928,8f9a2b060d57b2c4,0,human_feedback,"{""engagement_coefficient"": 0.0, ""engagement_habitat_feedback"": 0.0}"
S4,state_dependent_rule,False,600011,0.5,0.375,4,3,267,0,1,0.3333333333333333,1.0,28.0,143.6193685028115,0.6285109700553904,2.4309174891516236,0.025884862887691196,0.9741151371123088,99,0,0,9353.36,9353.36,3117.786666666667,0.5,0.0884448293333333,0.2240635450080421,0.00039738403594322835,141.0,56.40000000000006,0.11079943591596254,2,14:wildfire:alternative|31:funding_collapse|35:flood:semiwild|47:heatwave:reserve|68:flood:reserve|70:flood:alternative|74:wildfire:reserve|75:funding_collapse|86:heatwave:origin,0.007947025493925702,0.0794643922129534,0.030245548901550214,0.007801669045417788,6.358144575091652e-05,0.0008390274765201894,0.00039367595907432496,8f9a2b060d57b2c4,0,human_feedback,"{""engagement_coefficient"": 0.0, ""engagement_habitat_feedback"": 0.0}"
S6,rule,False,600011,0.625,0.5,5,4,43,43,0,0.0,0.0,,467.99887052983155,0.7559602717360722,2.6335594670578173,0.0,1.0,0,0,0,9353.359999999999,9353.36,2338.3399999999997,0.5,0.5703119593930545,0.3169289440055279,0.00024079300126993088,0.0,0.0,0.04281076697822121,3,14:wildfire:alternative|31:funding_collapse|35:flood:semiwild|47:heatwave:reserve|68:flood:reserve|70:flood:alternative|74:wildfire:reserve|75:funding_collapse|86:heatwave:origin,0.01600000000000001,0.05707096990363983,0.0,0.0,3.8526880203188944e-05,0.000930231480084732,0.0,8f9a2b060d57b2c4,0,human_feedback,"{""engagement_coefficient"": 0.0, ""engagement_habitat_feedback"": 0.0}"
S7,forward_rollout_proxy,False,600011,0.625,0.25,5,2,66,0,0,0.0,0.0,,190.1620095362561,0.6763797937453678,1.4110320284697508,0.06433734398487248,0.9356626560151275,101,0,0,9353.359999999999,9353.36,4676.679999999999,0.5,0.14080687490240731,0.166266435374972,0.000290047928143662,90.25,36.1,0.12787713800016873,3,14:wildfire:alternative|31:funding_collapse|35:flood:semiwild|47:heatwave:reserve|68:flood:reserve|70:flood:alternative|74:wildfire:reserve|75:funding_collapse|86:heatwave:origin,0.01136666314078741,0.08081985661388749,0.014862567026359418,0.004286648128690407,4.640766850298593e-05,0.0007623426537038072,0.00034773143113771927,8f9a2b060d57b2c4,0,human_feedback,"{""engagement_coefficient"": 0.0, ""engagement_habitat_feedback"": 0.0}"
S4,state_dependent_rule,False,600100,0.5,0.375,4,3,351,190,0,0.0,0.0,,160.84194884189804,0.6174658410911735,2.4149698942653184,0.03656523189588902,0.963434768104111,241,0,0,11184.265108337437,11184.265108337437,3728.088369445812,1.5,0.4708822811029701,0.26320173362253885,0.0004940499414678055,146.25,58.499999999999964,0.11606903284794316,0,7:funding_collapse|39:wildfire:reserve|77:heatwave:origin,0.009276694898700692,0.07512701455449729,0.05582871114596342,0.008400952320449559,7.904799063484888e-05,0.0008222823343081239,0.00031266625281088563,07708b6408ad7dbe,1,latent_species,"{""latent_fraction_proxy"": 0.0}"
S6,rule,False,600100,0.75,0.75,6,6,413,413,0,0.0,0.0,,583.9564920463397,0.769576829294224,4.495119581981089,0.002499086666666666,0.9975009133333333,0,0,0,11228.763180985454,11228.763180985456,1871.4605301642423,1.5,0.8858771292350228,0.48129602912986713,0.0002157507686472098,0.0,0.0,0.051285601932769445,0,7:funding_collapse|39:wildfire:reserve|77:heatwave:origin,0.01600000000000001,0.043420683790968584,0.0,0.0,3.4520122983553566e-05,0.0009679667918236659,0.0,07708b6408ad7dbe,1,latent_species,"{""latent_fraction_proxy"": 0.0}"
S7,forward_rollout_proxy,False,600100,0.625,0.5,5,4,770,754,0,0.0,0.0,,272.7977381057076,0.7379658914544674,3.050484702448646,0.012071819826353596,0.9879281801736464,108,0,0,11184.44743282332,11184.44743282332,2796.11185820583,1.5,0.6118123833445526,0.3491002522997537,0.00035742071125845107,78.5,31.40000000000003,0.16207083470405997,0,7:funding_collapse|39:wildfire:reserve|77:heatwave:origin,0.01617049082858213,0.06171737194394054,0.0011558527058581293,0.0007975579053905951,5.718731380135218e-05,0.000710365151506237,0.00013618226542301944,07708b6408ad7dbe,1,latent_species,"{""latent_fraction_proxy"": 0.0}"
S4,state_dependent_rule,False,600101,0.5,0.5,4,4,571,490,0,0.0,0.0,,232.6672541799943,0.5780559655207971,3.9357835173805116,0.0005033040622797437,0.9994966959377203,242,0,0,11199.259180081788,11199.259180081788,2799.814795020447,1.5,0.42638378262777527,0.33289321300832775,0.00020848872688936833,140.75,56.29999999999998,0.12948499785872572,0,39:wildfire:origin|67:funding_collapse|71:wildfire:alternative,0.012696728568592268,0.06732394816417288,0.13075962196449925,0.019035473251154598,3.335819630229893e-05,0.0010325762705617086,0.00015834608976980093,07708b6408ad7dbe,1,latent_species,"{""latent_fraction_proxy"": 0.0}"
S6,rule,False,600101,0.75,0.5,6,4,318,318,0,0.0,0.0,,344.14738664391524,0.7511078977112848,4.560355253667531,0.0,1.0,0,0,0,11223.663022331346,11223.663022331348,2805.9157555828365,1.5,0.8717437052744642,0.3665481104167882,5.464644051600574e-05,0.0,0.0,0.04385093676333206,0,39:wildfire:origin|67:funding_collapse|71:wildfire:alternative,0.01600000000000001,0.061966077148153956,0.0,0.0,8.743430482560916e-06,0.0009172817100788787,0.0,07708b6408ad7dbe,1,latent_species,"{""latent_fraction_proxy"": 0.0}"
S7,forward_rollout_proxy,False,600101,0.5,0.5,4,4,719,719,0,0.0,0.0,,244.45088312874043,0.5498169628470757,4.311952223326647,0.0003274965433354911,0.9996725034566645,34,0,0,11189.84415651641,11189.84415651641,2797.4610391291026,1.5,0.5864063554372857,0.35874447937181586,5.3128439590212515e-05,39.75,15.899999999999993,0.15992160797410426,0,39:wildfire:origin|67:funding_collapse|71:wildfire:alternative,0.013572899494462949,0.04536563691373979,0.18359146642323193,0.023314142688322232,8.500550334434003e-06,0.00126661669193423,5.905911186005371e-05,07708b6408ad7dbe,1,latent_species,"{""latent_fraction_proxy"": 0.0}"
S4,state_dependent_rule,False,600102,0.5,0.375,4,3,555,332,0,0.0,0.0,,235.07798373025472,0.6326006646595904,3.7354324392251392,0.008226441012054534,0.9917735589879455,255,0,0,11065.66584579204,11065.66584579204,3688.55528193068,1.5,0.3214695373968343,0.2651235279261539,0.00023467482647341405,176.25,70.49999999999997,0.13436124897109536,0,18:funding_collapse|30:funding_collapse|30:wildfire:semiwild|31:funding_collapse|59:wildfire:alternative|62:funding_collapse|79:heatwave:alternative|92:funding_collapse,0.01197634847610799,0.07254572090865202,0.0744307320026829,0.007200575568631708,3.754797223574624e-05,0.0006235332154577646,0.0002476313014220997,07708b6408ad7dbe,1,latent_species,"{""latent_fraction_proxy"": 0.0}"
S6,rule,False,600102,0.75,0.625,6,5,851,851,0,0.0,0.0,,633.2213383741662,0.7792368873822945,6.2514340331407725,0.0,1.0,0,0,0,11100.32329479082,11100.323294790822,2220.064658958164,1.5,0.9135423388287229,0.44539866290559743,7.751937984496124e-05,0.0,0.0,0.05140044345658709,0,18:funding_collapse|30:funding_collapse|30:wildfire:semiwild|31:funding_collapse|59:wildfire:alternative|62:funding_collapse|79:heatwave:alternative|92:funding_collapse,0.01600000000000001,0.03368184203895518,0.0,0.0,1.2403100775193798e-05,0.001068867477975643,0.0,07708b6408ad7dbe,1,latent_species,"{""latent_fraction_proxy"": 0.0}"
S7,forward_rollout_proxy,False,600102,0.5,0.5,4,4,758,758,0,0.0,0.0,,272.35350254584523,0.6028976282061161,4.029226237717969,0.0020095138797369943,0.997990486120263,47,0,0,11060.456052168945,11060.456052168945,2765.1140130422364,1.5,0.5496154497735267,0.35093711397484734,0.00020735821245946505,63.75,25.50000000000002,0.153416533101575,0,18:funding_collapse|30:funding_collapse|30:wildfire:semiwild|31:funding_collapse|59:wildfire:alternative|62:funding_collapse|79:heatwave:alternative|92:funding_collapse,0.014126486048835298,0.05099053024805248,0.13638648050318417,0.014010905903483653,3.3177313993514414e-05,0.0010379691593817891,7.21646598554011e-05,07708b6408ad7dbe,1,latent_species,"{""latent_fraction_proxy"": 0.0}"
S4,state_dependent_rule,False,600103,0.5,0.25,4,2,264,123,0,0.0,0.0,,165.50922067461633,0.6635260737561801,3.5803377526223508,0.013152233086120454,0.9868477669138795,233,0,0,11152.444593293598,11152.444593293596,5576.222296646799,1.5,0.31013618628906936,0.20132345215658143,0.0009629218110787103,160.75,64.29999999999994,0.11003228000725485,0,19:funding_collapse|42:funding_collapse|52:heatwave:reserve|62:heatwave:origin|74:wildfire:semiwild|82:heatwave:semiwild|98:flood:alternative,0.011111547493712334,0.0788584242239898,0.020433083319060907,0.005893126164828476,0.00015406748977259366,0.0007018440684776746,0.0004400175104406497,07708b6408ad7dbe,1,latent_species,"{""latent_fraction_proxy"": 0.0}"
S6,rule,False,600103,0.75,0.625,6,5,482,482,0,0.0,0.0,,534.8444650134726,0.7664176028450772,5.126682786638919,0.0,1.0,0,0,0,11195.390852191407,11195.390852191407,2239.0781704382816,1.5,0.7971142661462941,0.4218561140908746,0.0002484419034264373,0.0,0.0,0.04813929804927974,0,19:funding_collapse|42:funding_collapse|52:heatwave:reserve|62:heatwave:origin|74:wildfire:semiwild|82:heatwave:semiwild|98:flood:alternative,0.01600000000000001,0.046567137910085404,0.0,0.0,3.9750704548229976e-05,0.0009755085402892432,0.0,07708b6408ad7dbe,1,latent_species,"{""latent_fraction_proxy"": 0.0}"
S7,forward_rollout_proxy,False,600103,0.75,0.5,6,4,440,440,0,0.0,0.0,,262.7525916822457,0.7333633725152887,2.457022628638976,0.0006068461408139478,0.999393153859186,97,0,0,11154.72977114965,11154.72977114965,2788.6824427874126,1.5,0.46395465469363345,0.3294015271180306,0.0003236944575882147,59.5,23.800000000000008,0.16717917681138744,0,19:funding_collapse|42:funding_collapse|52:heatwave:reserve|62:heatwave:origin|74:wildfire:semiwild|82:heatwave:semiwild|98:flood:alternative,0.0163473439555849,0.0594584165052491,0.003431491064007457,0.004191329794929775,5.179111321411434e-05,0.0009308186142357281,0.00010992514198322413,07708b6408ad7dbe,1,latent_species,"{""latent_fraction_proxy"": 0.0}"
S4,state_dependent_rule,False,600104,0.5,0.375,4,3,380,25,0,0.0,0.0,,181.38814850799218,0.6177669907135925,3.9449974326050086,0.0018254056803116401,0.9981745943196884,199,0,0,11118.781413701385,11118.781413701385,3706.2604712337948,1.5,0.19843591076862654,0.2520479640598287,0.00033516717737104346,167.5,66.99999999999997,0.1200219932845798,0,13:flood:semiwild|19:wildfire:reserve|28:flood:reserve|46:funding_collapse|80:wildfire:reserve|94:wildfire:alternative|99:funding_collapse|99:wildfire:reserve,0.009122131504943594,0.07858820085199493,0.05182152289461489,0.005766196875864684,5.362674837936696e-05,0.0007378220095418536,0.00034226744381790587,07708b6408ad7dbe,1,latent_species,"{""latent_fraction_proxy"": 0.0}"
S6,rule,False,600104,0.75,0.75,6,6,1061,1061,0,0.0,0.0,,710.53949748357,0.7797264604976283,5.519331287040921,0.0,1.0,0,0,0,11179.02255689548,11179.022556895481,1863.1704261492466,1.5,0.7075876121099701,0.4734844792988804,5.0085251491901115e-05,0.0,0.0,0.0501620260873708,0,13:flood:semiwild|19:wildfire:reserve|28:flood:reserve|46:funding_collapse|80:wildfire:reserve|94:wildfire:alternative|99:funding_collapse|99:wildfire:reserve,0.01600000000000001,0.03328095641405644,0.0,0.0,8.013640238704178e-06,0.0009845694480765882,0.0,07708b6408ad7dbe,1,latent_species,"{""latent_fraction_proxy"": 0.0}"
S7,forward_rollout_proxy,False,600104,0.625,0.375,5,3,379,352,0,0.0,0.0,,282.61256857877675,0.738160303992187,3.6374431120112525,0.006240465534411371,0.9937595344655886,49,0,0,11120.107175406964,11120.107175406964,3706.702391802321,1.5,0.32775687271643345,0.268881870273586,0.00025093498534117727,67.5,27.000000000000018,0.1549087594091506,0,13:flood:semiwild|19:wildfire:reserve|28:flood:reserve|46:funding_collapse|80:wildfire:reserve|94:wildfire:alternative|99:funding_collapse|99:wildfire:reserve,0.016520450208524648,0.06317698511602064,6.576955960601384e-05,6.399191864430596e-05,4.014959765458836e-05,0.0007175077273794925,0.00010357835576798377,07708b6408ad7dbe,1,latent_species,"{""latent_fraction_proxy"": 0.0}"
S4,state_dependent_rule,False,600105,0.5,0.375,4,3,316,0,0,0.0,0.0,,164.22890318981558,0.5911136809355486,2.827395431024435,0.005357617760899452,0.9946423822391005,124,0,0,11135.698071086757,11135.698071086757,3711.899357028919,1.5,0.23754931911740174,0.24392479993314897,0.0003404317811152466,174.0,69.6,0.11572956855582217,0,11:flood:semiwild|26:funding_collapse|32:heatwave:alternative|39:wildfire:reserve|42:heatwave:reserve|43:heatwave:alternative|56:wildfire:semiwild|66:funding_collapse|71:funding_collapse,0.007613526076113003,0.07631316814099472,0.0672465103758354,0.010069629064201916,5.446908497843944e-05,0.0008520259036549775,0.00033726728478540303,07708b6408ad7dbe,1,latent_species,"{""latent_fraction_proxy"": 0.0}"
S6,rule,False,600105,0.875,0.875,7,7,1099,1099,0,0.0,0.0,,703.4256338944606,0.7785540645259936,4.834172939676582,0.002622958909096927,0.9973770410909031,0,0,0,11158.07833049876,11158.07833049876,1594.0111900712513,1.5,0.9596079359999998,0.5495997677772781,0.0002683012465583758,0.0,0.0,0.057736223902561556,0,11:flood:semiwild|26:funding_collapse|32:heatwave:alternative|39:wildfire:reserve|42:heatwave:reserve|43:heatwave:alternative|56:wildfire:semiwild|66:funding_collapse|71:funding_collapse,0.01600000000000001,0.03437809079601454,0.0,0.0,4.292819944934013e-05,0.0010249164785424134,0.0,07708b6408ad7dbe,1,latent_species,"{""latent_fraction_proxy"": 0.0}"
S7,forward_rollout_proxy,False,600105,0.625,0.125,5,1,82,4,0,0.0,0.0,,163.4859526062536,0.694653133719047,3.174693106704438,0.008640295586190398,0.9913597044138096,121,0,0,11112.899634998947,11112.899634998947,11112.899634998947,1.5,0.47834623371231194,0.1645365101424307,0.00034382070981805475,72.5,29.000000000000018,0.14352477852077553,0,11:flood:semiwild|26:funding_collapse|32:heatwave:alternative|39:wildfire:reserve|42:heatwave:reserve|43:heatwave:alternative|56:wildfire:semiwild|66:funding_collapse|71:funding_collapse,0.012458217940329221,0.07711673534279619,0.0092097457820256,0.003972663977510557,5.501131357088876e-05,0.000883801664699594,0.0002661860818099986,07708b6408ad7dbe,1,latent_species,"{""latent_fraction_proxy"": 0.0}"
S4,state_dependent_rule,False,600106,0.75,0.5,6,4,530,494,0,0.0,0.0,,229.65955424149425,0.5804176644805311,3.8771711750237974,0.019345280281210582,0.9806547197187894,235,0,0,11200.625136635572,11200.625136635572,2800.156284158893,1.5,0.4391873526713326,0.3365306553616157,0.00045980062115493875,151.75,60.69999999999996,0.1442010417212222,0,8:flood:alternative|22:heatwave:semiwild,0.012858815013165513,0.06828769745780627,0.12821216112161132,0.01993203871196062,7.356809938479018e-05,0.0010172445819464251,0.00018370284516095362,07708b6408ad7dbe,1,latent_species,"{""latent_fraction_proxy"": 0.0}"
S6,rule,False,600106,0.75,0.625,6,5,980,980,0,0.0,0.0,,621.7195155062486,0.7801621067617137,5.871230801316379,0.0,1.0,0,0,0,11220.951262955074,11220.951262955074,2244.1902525910145,1.5,0.9618319999999998,0.4452428058540771,0.0003479159418164767,0.0,0.0,0.045486489204566646,0,8:flood:alternative|22:heatwave:semiwild,0.01600000000000001,0.0327770436979208,0.0,0.0,5.566655069063627e-05,0.0010051829896748808,0.0,07708b6408ad7dbe,1,latent_species,"{""latent_fraction_proxy"": 0.0}"
S7,forward_rollout_proxy,False,600106,0.625,0.5,5,4,797,797,0,0.0,0.0,,258.4931317948132,0.5827561849813828,3.355967805329584,0.0018175837085087022,0.9981824162914913,34,0,0,11173.057774172807,11173.057774172808,2793.2644435432017,1.5,0.6681711904047392,0.3566809986409402,0.0003792835151648464,56.5,22.600000000000012,0.15652100773585237,0,8:flood:alternative|22:heatwave:semiwild,0.013988566596617309,0.04823692790605255,0.15722063063542055,0.016340654815267627,6.068536242637544e-05,0.0010320754067237952,7.005614780189232e-05,07708b6408ad7dbe,1,latent_species,"{""latent_fraction_proxy"": 0.0}"
S4,state_dependent_rule,False,600107,0.5,0.25,4,2,546,267,0,0.0,0.0,,176.11653124310016,0.631673667648716,3.586303848318468,0.0032981184842989265,0.996701881515701,213,0,0,11102.750393843678,11102.750393843678,5551.375196921839,1.5,0.4527940607962166,0.2149674331418865,0.0006669224005176351,157.75,63.099999999999966,0.10662494289540071,0,5:flood:reserve|27:funding_collapse|47:heatwave:semiwild|80:funding_collapse,0.00956760549083279,0.07664272661046227,0.03941264773752056,0.006846846586041098,0.0001067075840828216,0.0008793302317784432,0.0003398788153169647,07708b6408ad7dbe,1,latent_species,"{""latent_fraction_proxy"": 0.0}"
S6,rule,False,600107,0.75,0.75,6,6,1049,1049,0,0.0,0.0,,711.8990719434461,0.7783997561439463,6.683361148105189,0.0,1.0,0,0,0,11162.63170107109,11162.63170107109,1860.4386168451817,1.5,0.9601020400703669,0.5102950316155788,0.00016663564139258083,0.0,0.0,0.04975608063745087,0,5:flood:reserve|27:funding_collapse|47:heatwave:semiwild|80:funding_collapse,0.01600000000000001,0.03465163375395066,0.0,0.0,2.666170262281293e-05,0.0009219483994800966,0.0,07708b6408ad7dbe,1,latent_species,"{""latent_fraction_proxy"": 0.0}"
S7,forward_rollout_proxy,False,600107,0.625,0.375,5,3,549,549,0,0.0,0.0,,256.43134987114576,0.7428070647343169,3.7332405739449435,0.0006864039983073574,0.9993135960016927,20,0,0,11102.983907537,11102.983907537,3700.994635845667,1.5,0.6617571442456143,0.30294942340915487,0.0002461643931557072,41.0,16.400000000000002,0.15345651622571993,0,5:flood:reserve|27:funding_collapse|47:heatwave:semiwild|80:funding_collapse,0.01661661410891824,0.05942296070360038,1.7189520332903383e-05,9.65839531754282e-05,3.938630290491315e-05,0.0007807391578242226,8.288560521054057e-05,07708b6408ad7dbe,1,latent_species,"{""latent_fraction_proxy"": 0.0}"
S4,state_dependent_rule,False,600108,0.5,0.375,4,3,246,8,0,0.0,0.0,,205.72614434755235,0.6088142811128175,3.9284696906480776,0.000711193481544541,0.9992888065184554,138,0,0,11201.127643521328,11201.127643521326,3733.709214507109,1.5,0.32754231641512443,0.267139243534845,0.00020753585375461427,146.0,58.39999999999996,0.13175157493425863,0,40:funding_collapse|50:heatwave:alternative|82:heatwave:reserve,0.01180026912579928,0.07325928033313414,0.09255960848720741,0.012448436813300778,3.320573660073828e-05,0.0008441358451715205,0.00022358627952011795,07708b6408ad7dbe,1,latent_species,"{""latent_fraction_proxy"": 0.0}"
S6,rule,False,600108,0.75,0.625,6,5,883,883,0,0.0,0.0,,648.2854654705412,0.7802986922196767,5.7179047343618565,0.0,1.0,0,0,0,11225.036934328436,11225.03693432844,2245.0073868656873,1.5,0.926676517409728,0.440930966800451,5.405405405405406e-05,0.0,0.0,0.04917133857929841,0,40:funding_collapse|50:heatwave:alternative|82:heatwave:reserve,0.01600000000000001,0.03268936520321587,0.0,0.0,8.64864864864865e-06,0.0010032939284592422,0.0,07708b6408ad7dbe,1,latent_species,"{""latent_fraction_proxy"": 0.0}"
S7,forward_rollout_proxy,False,600108,0.625,0.625,5,5,488,458,0,0.0,0.0,,267.9669089706976,0.5958511683061838,4.155205593898792,0.0024287658914515066,0.9975712341085485,84,0,0,11192.719646563308,11192.71964656331,2238.5439293126615,1.5,0.5716405510263157,0.41536833873027046,0.0001732925284639225,96.75,38.700000000000045,0.1770111384432549,0,40:funding_collapse|50:heatwave:alternative|82:heatwave:reserve,0.013818024306497598,0.059055989027298146,0.1311006586386295,0.016908647999311837,2.772680455422759e-05,0.0010612396667222942,9.174066857124822e-05,07708b6408ad7dbe,1,latent_species,"{""latent_fraction_proxy"": 0.0}"
S4,state_dependent_rule,False,600109,0.5,0.25,4,2,188,0,0,0.0,0.0,,93.05518220911418,0.5918423969357961,2.7654276763585077,0.005345046857185539,0.9946549531428145,90,0,0,11120.596211254331,11120.596211254331,5560.298105627166,1.5,0.12134460086938138,0.17073024264784484,0.0007200543577069314,148.5,59.39999999999999,0.09220752898660817,0,1:flood:alternative|10:heatwave:origin|18:wildfire:alternative|36:heatwave:reserve|38:heatwave:reserve|45:wildfire:reserve|54:funding_collapse|63:wildfire:reserve|79:funding_collapse,0.005653033382078652,0.08175014407369474,0.044861817759588536,0.012242270248343174,0.00011520869723310904,0.0007946553744161419,0.000561973586303938,07708b6408ad7dbe,1,latent_species,"{""latent_fraction_proxy"": 0.0}"
S6,rule,False,600109,0.375,0.25,3,2,260,260,0,0.0,0.0,,218.20900661633618,0.747621007157495,4.539076854835688,0.0,1.0,0,0,0,11059.929698856487,11059.92969885649,5529.964849428244,1.5,0.7455318788967288,0.23899953304749563,0.0002105383620505721,0.0,0.0,0.03277788304732943,0,1:flood:alternative|10:heatwave:origin|18:wildfire:alternative|36:heatwave:reserve|38:heatwave:reserve|45:wildfire:reserve|54:funding_collapse|63:wildfire:reserve|79:funding_collapse,0.01600000000000001,0.0653242688504832,0.0,0.0,3.368613792809154e-05,0.0010210378540937537,0.0,07708b6408ad7dbe,1,latent_species,"{""latent_fraction_proxy"": 0.0}"
S7,forward_rollout_proxy,False,600109,0.375,0.125,3,1,85,0,0,0.0,0.0,,85.5761309073074,0.6152202935321069,2.8300039169604383,0.004013880890194612,0.9959861191098054,90,0,0,11102.742538925868,11102.74253892587,11102.742538925868,1.5,0.21576873360585305,0.12416533639315191,0.0002075725248432974,104.0,41.60000000000004,0.09019211931481111,0,1:flood:alternative|10:heatwave:origin|18:wildfire:alternative|36:heatwave:reserve|38:heatwave:reserve|45:wildfire:reserve|54:funding_collapse|63:wildfire:reserve|79:funding_collapse,0.006729972670568102,0.08616456708964434,0.02552777169732804,0.009608058486552462,3.321160397492758e-05,0.0007349755200485573,0.0006239492603359398,07708b6408ad7dbe,1,latent_species,"{""latent_fraction_proxy"": 0.0}"
S4,state_dependent_rule,False,600110,0.375,0.375,3,3,498,430,0,0.0,0.0,,165.75711618275972,0.5815442297134998,3.4466200147336123,0.0006683410191605834,0.9993316589808394,122,0,0,11219.813166080037,11219.813166080037,3739.9377220266792,1.5,0.5441697342511805,0.27774669354286746,0.00036717170885457775,88.5,35.399999999999984,0.10056759985206633,0,3:flood:semiwild|5:flood:origin|14:funding_collapse|22:wildfire:origin|45:wildfire:origin|55:flood:origin|62:funding_collapse|87:heatwave:origin,0.012457078528654946,0.06689399881061543,0.12081860480026048,0.025149600218887028,5.874747341673246e-05,0.0011394651268843937,0.00017746159056231944,07708b6408ad7dbe,1,latent_species,"{""latent_fraction_proxy"": 0.0}"
S6,rule,False,600110,0.0,0.0,0,0,0,0,0,0.0,0.0,,32.81368475048992,0.26419552036540933,0.0,,,0,0,0,11127.261224072978,11127.26122407298,11127.261224072978,1.5,0.6699999999999999,0.06887835881239943,0.000126246719160105,0.0,0.0,0.00939179406199718,0,3:flood:semiwild|5:flood:origin|14:funding_collapse|22:wildfire:origin|45:wildfire:origin|55:flood:origin|62:funding_collapse|87:heatwave:origin,0.006080000000000005,0.0448047668314484,0.0,0.0,2.01994750656168e-05,0.00029951332807664794,0.0,07708b6408ad7dbe,1,latent_species,"{""latent_fraction_proxy"": 0.0}"
S7,forward_rollout_proxy,False,600110,0.5,0.5,4,4,746,746,0,0.0,0.0,,215.38979600260262,0.48026514873003967,3.0513225957521337,0.0,1.0,24,0,0,11219.989129962407,11219.989129962409,2804.9972824906017,1.5,0.6699999999999999,0.35271761137602187,0.00012645502645502646,30.5,12.199999999999992,0.15102192709250267,0,3:flood:semiwild|5:flood:origin|14:funding_collapse|22:wildfire:origin|45:wildfire:origin|55:flood:origin|62:funding_collapse|87:heatwave:origin,0.012521106281291619,0.04400371074801843,0.2628819700707717,0.011095380556779269,2.0232804232804236e-05,0.0005388086715973914,7.328234827484175e-05,07708b6408ad7dbe,1,latent_species,"{""latent_fraction_proxy"": 0.0}"
S4,state_dependent_rule,False,600111,0.5,0.25,4,2,298,219,0,0.0,0.0,,192.59311605898836,0.6441160247832116,2.760681762429237,0.006476057419910746,0.9935239425800892,230,0,0,11049.524857129652,11049.52485712965,5524.762428564826,1.5,0.4441704103609431,0.20648934178665598,0.0007771490475357927,157.5,62.99999999999996,0.10982741563134654,0,8:heatwave:alternative|40:funding_collapse|42:heatwave:origin|49:funding_collapse|51:funding_collapse|94:funding_collapse,0.011421205578470652,0.075503144758413,0.04278328145962765,0.017980545691126556,0.00012434384760572686,0.0009697712997848501,0.0002761623236096788,07708b6408ad7dbe,1,latent_species,"{""latent_fraction_proxy"": 0.0}"
S6,rule,False,600111,1.0,0.5,8,4,304,304,0,0.0,0.0,,382.880093429569,0.7546597900991631,5.060129992006739,0.0,1.0,0,0,0,11092.705703366391,11092.705703366393,2773.176425841598,1.5,0.8775250564280733,0.3727123575634516,0.00023084127326331822,0.0,0.0,0.046792760002884376,0,8:heatwave:alternative|40:funding_collapse|42:heatwave:origin|49:funding_collapse|51:funding_collapse|94:funding_collapse,0.01600000000000001,0.0584944281049169,0.0,0.0,3.693460372213092e-05,0.0008088471921978591,0.0,07708b6408ad7dbe,1,latent_species,"{""latent_fraction_proxy"": 0.0}"
S7,forward_rollout_proxy,False,600111,0.5,0.5,4,4,786,786,0,0.0,0.0,,256.56432332144357,0.5599753955772082,3.981829749466722,0.0006699125344747428,0.9993300874655252,31,0,0,11043.229629823467,11043.229629823467,2760.8074074558667,1.5,0.6054946899386929,0.3580755750392377,0.000205130957177234,34.25,13.699999999999996,0.1635390427535058,0,8:heatwave:alternative|40:funding_collapse|42:heatwave:origin|49:funding_collapse|51:funding_collapse|94:funding_collapse,0.013873221910241991,0.049131683599567814,0.17562585704493394,0.018825086318012902,3.282095314835744e-05,0.0010830478313789086,5.998772219097561e-05,07708b6408ad7dbe,1,latent_species,"{""latent_fraction_proxy"": 0.0}"
S4,state_dependent_rule,False,600200,0.5,0.375,4,3,317,306,1,0.3333333333333333,1.0,18.0,205.27494037663135,0.6203168897543382,3.0869748668145944,0.25072007752619824,0.7492799224738018,194,0,0,11231.195234200293,11231.195234200293,3743.7317447334312,1.5,0.4401479410016935,0.26516300739713783,0.00012854717746615818,134.0,53.599999999999966,0.10764232314411251,2,95:wildfire:alternative|96:flood:origin,0.012410640216164875,0.06808438581107831,0.0842274849077331,0.01949549033035537,2.0567548394585315e-05,0.001043001698675304,0.0001898071977106414,4215f4c39dfc4fa9,2,genetics,"{""genetics_enabled"": false}"
S6,rule,False,600200,0.75,0.625,6,5,495,495,0,0.0,0.0,,564.628228410942,0.7794555496527529,3.3363612479267957,0.21747772373711957,0.7825222762628804,0,0,0,11257.357186533314,11257.357186533316,2251.4714373066627,1.5,0.8048791342119032,0.40425126345758905,0.00016876756317309657,0.0,0.0,0.04574868778565387,3,95:wildfire:alternative|96:flood:origin,0.01600000000000001,0.03341024513809192,0.0,0.0,2.700281010769545e-05,0.0011072023990473037,0.0,4215f4c39dfc4fa9,2,genetics,"{""genetics_enabled"": false}"
S7,forward_rollout_proxy,False,600200,0.625,0.625,5,5,799,799,0,0.0,0.0,,281.6104208009827,0.5940385033313753,3.0924426972087056,0.32255464481300045,0.6774453551869996,37,0,0,11222.710897354726,11222.710897354726,2244.542179470945,1.5,0.5816907201521379,0.40293023571708453,9.785498798384209e-05,62.0,24.800000000000015,0.16293368364891814,3,95:wildfire:alternative|96:flood:origin,0.014002391198458097,0.05007014500433729,0.14966764538078128,0.01045309970611034,1.5656798077414736e-05,0.0008640620193373047,6.852539547738928e-05,4215f4c39dfc4fa9,2,genetics,"{""genetics_enabled"": false}"
S4,state_dependent_rule,False,600201,0.625,0.25,5,2,114,14,0,0.0,0.0,,184.72617489948098,0.6346757486828067,1.76064845333138,0.38642830616829904,0.613571693831701,136,0,0,11222.088294945,11222.088294945002,5611.0441474725,1.5,0.2404143180537672,0.18038554960283237,0.0007078817516767393,136.0,54.39999999999998,0.1311881663207093,3,40:wildfire:semiwild|59:wildfire:origin|63:heatwave:alternative|73:heatwave:origin|89:flood:reserve|100:flood:alternative,0.01268704399309462,0.0738799081243317,0.06535771788489542,0.018129197403573365,0.0001132610802682783,0.0011767549924644012,0.0002767113681775098,4215f4c39dfc4fa9,2,genetics,"{""genetics_enabled"": false}"
S6,rule,False,600201,0.75,0.125,6,1,3,3,0,0.0,0.0,,376.1403265532565,0.7456960338254778,1.7999999999999998,0.09797495524088541,0.9020250447591146,0,0,0,11257.357186533314,11257.357186533316,11257.357186533314,1.5,0.6345382259872276,0.14542589491794938,0.0002552533963062632,0.0,0.0,0.038610361596133104,3,40:wildfire:semiwild|59:wildfire:origin|63:heatwave:alternative|73:heatwave:origin|89:flood:reserve|100:flood:alternative,0.01600000000000001,0.06733937340965046,0.0,0.0,4.084054340900211e-05,0.0009237522214627443,0.0,4215f4c39dfc4fa9,2,genetics,"{""genetics_enabled"": false}"
S7,forward_rollout_proxy,False,600201,0.5,0.5,4,4,314,303,0,0.0,0.0,,245.92571703872895,0.6200998864565698,2.775768145194696,0.3356632628208039,0.6643367371791962,64,0,0,11212.028781730918,11212.028781730918,2803.0071954327295,1.5,0.41010137420351844,0.32390132768384344,0.00039666636979511787,53.75,21.500000000000007,0.150667544057723,3,40:wildfire:semiwild|59:wildfire:origin|63:heatwave:alternative|73:heatwave:origin|89:flood:reserve|100:flood:alternative,0.014122348278622788,0.05643927888457851,0.11455317529881871,0.01384954573553734,6.346661916721887e-05,0.0009311106726389702,7.890646047678777e-05,4215f4c39dfc4fa9,2,genetics,"{""genetics_enabled"": false}"
S4,state_dependent_rule,False,600202,0.5,0.375,4,3,340,274,1,0.3333333333333333,1.0,23.0,215.2762332706965,0.6511081299549052,3.0324174152414067,0.28973597279440166,0.7102640272055983,225,0,0,11187.111421804886,11187.111421804886,3729.037140601629,1.5,0.39127465917527854,0.26065358961666674,0.0002722732811424608,140.0,55.99999999999997,0.11225974773362399,2,69:wildfire:alternative|84:flood:alternative|96:funding_collapse,0.012541966079244207,0.07094359655263667,0.06252977294291492,0.00784911544738026,4.3563724982793724e-05,0.0006768342826371578,0.00021380779988393287,4215f4c39dfc4fa9,2,genetics,"{""genetics_enabled"": false}"
S6,rule,False,600202,0.875,0.75,7,6,823,823,0,0.0,0.0,,643.5075239901803,0.7798871633512622,5.357721375806772,0.2709709436652434,0.7290290563347566,0,0,0,11224.317186533313,11224.317186533315,1870.7195310888856,1.5,0.9462588803062956,0.4957112085626262,0.0004481639793061605,0.0,0.0,0.05004053386964431,3,69:wildfire:alternative|84:flood:alternative|96:funding_collapse,0.01600000000000001,0.03301834838682244,0.0,0.0,7.170623668898568e-05,0.0010227820252264805,0.0,4215f4c39dfc4fa9,2,genetics,"{""genetics_enabled"": false}"
S7,forward_rollout_proxy,False,600202,0.625,0.625,5,5,786,786,0,0.0,0.0,,258.36369538296617,0.5760178225998525,2.477595019335263,0.34199692720188335,0.6580030727981167,38,0,0,11183.531376070137,11183.531376070136,2236.7062752140273,1.5,0.6210246022543688,0.40213376403962253,0.0003410527712441666,52.25,20.900000000000002,0.1700267681041648,3,69:wildfire:alternative|84:flood:alternative|96:funding_collapse,0.01390865909011798,0.04803767559964234,0.16495097393359057,0.014731495597649871,5.456844339906666e-05,0.0009671527256513942,6.61059070277682e-05,4215f4c39dfc4fa9,2,genetics,"{""genetics_enabled"": false}"
S4,state_dependent_rule,False,600203,0.25,0.25,2,2,135,0,0,0.0,0.0,,114.1677438974865,0.5964310584899801,2.109483995448474,0.4256420333058319,0.574357966694168,58,0,0,11085.103613257374,11085.103613257374,5542.551806628687,1.5,0.2783432627680204,0.1771920718767038,0.00010582010582010581,139.0,55.59999999999999,0.07881452822708515,3,9:wildfire:reserve|23:flood:alternative|26:wildfire:origin|36:heatwave:reserve|42:funding_collapse|74:funding_collapse|85:funding_collapse|96:funding_collapse,0.0053287375104224335,0.07748290280243895,0.04196657091216074,0.009535845700180078,1.693121693121693e-05,0.0007321922893477406,0.0004991857893226139,4215f4c39dfc4fa9,2,genetics,"{""genetics_enabled"": false}"
S6,rule,False,600203,0.5,0.25,4,2,103,103,0,0.0,0.0,,221.6276945918128,0.7421964235482552,2.0281920326864147,0.2671960717424185,0.7328039282575816,0,0,0,11081.304833512873,11081.304833512873,5540.652416756437,1.5,0.8587766753361277,0.2247739418389969,0.00012376543209876542,0.0,0.0,0.030571769892600034,3,9:wildfire:reserve|23:flood:alternative|26:wildfire:origin|36:heatwave:reserve|42:funding_collapse|74:funding_collapse|85:funding_collapse|96:funding_collapse,0.01600000000000001,0.07104858961495707,0.0,0.0,1.9802469135802472e-05,0.0007351843676519005,0.0,4215f4c39dfc4fa9,2,genetics,"{""genetics_enabled"": false}"
S7,forward_rollout_proxy,False,600203,0.125,0.125,1,1,137,8,0,0.0,0.0,,110.38314084234162,0.6176706961806812,2.8870942931856636,0.31990470713099645,0.6800952928690036,92,0,0,11061.898041854003,11061.898041854005,11061.898041854003,1.5,0.45029624513589334,0.1445033867018219,0.00012977431775385741,82.25,32.90000000000003,0.07176409628187953,3,9:wildfire:reserve|23:flood:alternative|26:wildfire:origin|36:heatwave:reserve|42:funding_collapse|74:funding_collapse|85:funding_collapse|96:funding_collapse,0.006541200479428728,0.07560038303812963,0.03055299797014412,0.011041559485197992,2.0763890840617183e-05,0.0008025842618983747,0.0004200042383902919,4215f4c39dfc4fa9,2,genetics,"{""genetics_enabled"": false}"
S4,state_dependent_rule,False,600204,0.5,0.375,4,3,142,25,2,0.6666666666666666,1.0,23.5,192.2203731166961,0.6469448769080433,1.4481160885406794,0.4251924495621,0.5748075504379,197,0,0,11147.381727633316,11147.381727633316,3715.793909211105,1.5,0.3612917920329935,0.2407140672353278,0.00017441364644614463,160.0,63.99999999999996,0.10676863573310814,1,54:flood:alternative|60:funding_collapse|68:funding_collapse|77:funding_collapse|88:wildfire:semiwild|89:wildfire:reserve|97:wildfire:semiwild,0.011749669146612837,0.07074327806962681,0.059983130526477545,0.008906415508731213,2.7906183431383137e-05,0.0006847299107177618,0.00028475308194195583,4215f4c39dfc4fa9,2,genetics,"{""genetics_enabled"": false}"
S6,rule,False,600204,0.75,0.75,6,6,811,811,2,0.6666666666666666,1.0,41.0,615.029703449371,0.7803871639615427,4.379252456475778,0.21014275341019614,0.7898572465898038,0,0,0,11158.237186533313,11158.237186533315,1859.7061977555522,1.5,0.9149426483326182,0.48205833021355904,0.00011403156768325307,0.0,0.0,0.04635770407769695,1,54:flood:alternative|60:funding_collapse|68:funding_collapse|77:funding_collapse|88:wildfire:semiwild|89:wildfire:reserve|97:wildfire:semiwild,0.01600000000000001,0.032598946085928476,0.0,0.0,1.824505082932049e-05,0.0009956449016996413,0.0,4215f4c39dfc4fa9,2,genetics,"{""genetics_enabled"": false}"
S7,forward_rollout_proxy,False,600204,0.625,0.625,5,5,389,388,2,0.6666666666666666,1.0,27.5,262.1614099698174,0.6031016800937121,2.168383927903895,0.43967516736389295,0.560324832636107,67,0,0,11124.31099725815,11124.310997258151,2224.8621994516297,1.5,0.5996420692329787,0.3948831121945364,0.00018907284987885401,63.25,25.30000000000002,0.15992532996099806,1,54:flood:alternative|60:funding_collapse|68:funding_collapse|77:funding_collapse|88:wildfire:semiwild|89:wildfire:reserve|97:wildfire:semiwild,0.013992023533245164,0.05447294082461614,0.13404679345482826,0.012872149228881247,3.0251655980616637e-05,0.0008117483274636099,7.731876905844344e-05,4215f4c39dfc4fa9,2,genetics,"{""genetics_enabled"": false}"
S4,state_dependent_rule,False,600205,0.625,0.5,5,4,323,284,1,0.3333333333333333,1.0,34.0,209.60630332532475,0.6218948395598141,2.243542786592595,0.4429287187975214,0.5570712812024786,237,0,0,11197.013106012284,11197.013106012284,2799.253276503071,1.5,0.5435678126653919,0.32710030924980915,0.0001998457396967517,134.5,53.799999999999976,0.12654050058672012,2,82:funding_collapse|86:wildfire:origin,0.012641746240535994,0.06783076104359952,0.08599288458297619,0.01818999745589893,3.1975318351480266e-05,0.0010825673488002192,0.00019578211834736043,4215f4c39dfc4fa9,2,genetics,"{""genetics_enabled"": false}"
S6,rule,False,600205,0.625,0.625,5,5,458,458,2,0.6666666666666666,1.0,25.5,533.2540637154445,0.7756277529094873,3.7005364040993562,0.2308847471161925,0.7691152528838074,0,0,0,11224.317186533313,11224.317186533315,2244.8634373066625,1.5,0.8951610008476432,0.4161767643434674,8.094170732064636e-05,0.0,0.0,0.042026501088547635,1,82:funding_collapse|86:wildfire:origin,0.01600000000000001,0.03736252063187217,0.0,0.0,1.2950673171303419e-05,0.00099677578546983,0.0,4215f4c39dfc4fa9,2,genetics,"{""genetics_enabled"": false}"
S7,forward_rollout_proxy,False,600205,0.625,0.5,5,4,699,699,1,0.3333333333333333,1.0,22.0,243.65446978282412,0.5833050267749497,2.2965633349180816,0.35505571680330206,0.6449442831966979,54,0,0,11189.152213579588,11189.15221357959,2797.288053394897,1.5,0.6743158959994817,0.3483991218541903,0.0001555971798168086,52.0,20.800000000000015,0.16500949452530667,2,82:funding_collapse|86:wildfire:origin,0.013865324701970867,0.04597287870585648,0.15644016269539462,0.017689169159433655,2.489554877068938e-05,0.0009768546214670257,7.255083203685821e-05,4215f4c39dfc4fa9,2,genetics,"{""genetics_enabled"": false}"
S4,state_dependent_rule,False,600206,0.5,0.375,4,3,219,201,1,0.3333333333333333,1.0,34.0,197.0351542666753,0.6502220831467035,2.814734991252679,0.40016250271312526,0.5998374972868747,275,0,0,11168.630314162492,11168.630314162492,3722.8767713874972,1.5,0.5428185069605573,0.27148044015561434,0.000183107322203417,158.25,63.29999999999996,0.10150619773515887,2,39:funding_collapse|41:flood:origin|55:funding_collapse|76:heatwave:origin,0.0122239243761513,0.06886222467701555,0.05215482299519311,0.014706478071837677,2.929717155254672e-05,0.0009825024437224651,0.00025492024358465056,4215f4c39dfc4fa9,2,genetics,"{""genetics_enabled"": false}"
S6,rule,False,600206,0.75,0.25,6,2,8,8,1,0.3333333333333333,1.0,37.0,326.9829615505073,0.7439982509187196,1.4,0.23844774203374983,0.7615522579662501,0,0,0,11191.940044149043,11191.940044149043,5595.970022074522,1.5,0.7913035193964643,0.21319678787976656,0.00023577017974083233,0.0,0.0,0.037832179700600634,2,39:funding_collapse|41:flood:origin|55:funding_collapse|76:heatwave:origin,0.01600000000000001,0.06908954960866855,0.0,0.0,3.772322875853318e-05,0.0008744762438539445,0.0,4215f4c39dfc4fa9,2,genetics,"{""genetics_enabled"": false}"
S7,forward_rollout_proxy,False,600206,0.625,0.5,5,4,623,623,1,0.3333333333333333,1.0,22.0,241.22639448331785,0.5720066649028276,3.2998488694439,0.29924221918197713,0.7007577808180229,42,0,0,11177.65507347938,11177.65507347938,2794.413768369845,1.5,0.6699999999999999,0.35331128974904696,0.0004162228021334852,47.5,19.000000000000007,0.1415640052730398,2,39:funding_collapse|41:flood:origin|55:funding_collapse|76:heatwave:origin,0.013482046128779918,0.046107010498236616,0.15903598451108805,0.02472986514710191,6.659564834135766e-05,0.0012085658693716456,6.742906979424565e-05,4215f4c39dfc4fa9,2,genetics,"{""genetics_enabled"": false}"
S4,state_dependent_rule,False,600207,0.625,0.25,5,2,142,0,2,0.6666666666666666,1.0,17.5,198.0498371240331,0.6148692490987622,1.8256718023482121,0.3433265593783907,0.6566734406216093,176,0,0,11243.10869578457,11243.10869578457,5621.554347892285,1.5,0.21368747103834643,0.17631253584740392,0.0003651432629697992,170.75,68.29999999999997,0.12093535360043561,1,30:heatwave:semiwild|44:heatwave:semiwild|46:flood:alternative|77:heatwave:reserve|78:flood:alternative|80:flood:semiwild|91:flood:semiwild|98:wildfire:alternative,0.010557202792729294,0.07108424691423555,0.06807050538606983,0.01927385148728183,5.8422922075167865e-05,0.0011384172164973889,0.0002656490276406829,4215f4c39dfc4fa9,2,genetics,"{""genetics_enabled"": false}"
S6,rule,False,600207,0.875,0.625,7,5,723,723,0,0.0,0.0,,585.5043103426887,0.7815424303324469,3.706516360329028,0.317936821254996,0.682063178745004,0,0,0,11257.357186533314,11257.357186533316,2251.4714373066627,1.5,0.8629443159031904,0.41406020871917293,0.0004288428891760456,0.0,0.0,0.04725306762781793,3,30:heatwave:semiwild|44:heatwave:semiwild|46:flood:alternative|77:heatwave:reserve|78:flood:alternative|80:flood:semiwild|91:flood:semiwild|98:wildfire:alternative,0.01600000000000001,0.03127344095680594,0.0,0.0,6.86148622681673e-05,0.0011155138484792383,0.0,4215f4c39dfc4fa9,2,genetics,"{""genetics_enabled"": false}"
S7,forward_rollout_proxy,False,600207,0.625,0.625,5,5,236,209,1,0.3333333333333333,1.0,20.0,266.24423919322885,0.6217221271774307,2.3924074197232845,0.47947816354094297,0.520521836459057,56,0,0,11234.96253900146,11234.96253900146,2246.992507800292,1.5,0.4593387080933918,0.383993279880718,0.000606201541914551,94.5,37.80000000000006,0.16442667437072994,2,30:heatwave:semiwild|44:heatwave:semiwild|46:flood:alternative|77:heatwave:reserve|78:flood:alternative|80:flood:semiwild|91:flood:semiwild|98:wildfire:alternative,0.013754447915621233,0.061110948978587286,0.10575693699743058,0.013690376688556488,9.69922467063282e-05,0.0009995551117707368,0.00011249400348916464,4215f4c39dfc4fa9,2,genetics,"{""genetics_enabled"": false}"
S4,state_dependent_rule,False,600208,0.625,0.375,5,3,276,239,1,0.3333333333333333,1.0,29.0,228.85856063247334,0.6156405548558294,4.083953188187053,0.20567925600753856,0.7943207439924614,157,0,0,11180.262454885813,11180.262454885811,3726.754151628604,1.5,0.3699909463392898,0.27224093141284933,0.0007406949770029411,145.0,57.999999999999964,0.128261524485249,2,1:heatwave:alternative|9:heatwave:semiwild|57:funding_collapse|67:wildfire:alternative,0.012921751093464402,0.06846217670604554,0.10418470041543865,0.009441529727863359,0.00011851119632047057,0.0006466417722606574,0.00019202353507738072,4215f4c39dfc4fa9,2,genetics,"{""genetics_enabled"": false}"
S6,rule,False,600208,0.875,0.75,7,6,753,753,0,0.0,0.0,,630.8883599803011,0.7797713262130361,4.287900484410663,0.28535435348893345,0.7146456465110665,0,0,0,11193.638067880436,11193.638067880436,1865.6063446467394,1.5,0.9613670998361882,0.48599423509502865,0.0006476132601208814,0.0,0.0,0.04739260133651577,3,1:heatwave:alternative|9:heatwave:semiwild|57:funding_collapse|67:wildfire:alternative,0.01600000000000001,0.03314889497037008,0.0,0.0,0.00010361812161934103,0.0009761606949742277,0.0,4215f4c39dfc4fa9,2,genetics,"{""genetics_enabled"": false}"
S7,forward_rollout_proxy,False,600208,0.625,0.625,5,5,822,822,1,0.3333333333333333,1.0,43.0,277.75492919102015,0.5558224634214541,3.239164541864531,0.2782823751803572,0.7217176248196429,40,0,0,11168.212533545231,11168.212533545233,2233.6425067090463,1.5,0.5993229907163627,0.40679459815442875,0.0005031948307327845,61.75,24.70000000000002,0.16610326832073577,2,1:heatwave:alternative|9:heatwave:semiwild|57:funding_collapse|67:wildfire:alternative,0.013759812831271818,0.04856664834304464,0.1847853600444104,0.014234273597573566,8.051117291724555e-05,0.0008611785572083871,6.360221244912474e-05,4215f4c39dfc4fa9,2,genetics,"{""genetics_enabled"": false}"
S4,state_dependent_rule,False,600209,0.5,0.25,4,2,159,0,2,0.6666666666666666,1.0,23.5,130.92372396973346,0.6326618020031538,1.8069212410501192,0.4367180744353916,0.5632819255646084,110,0,0,11150.107668356904,11150.107668356904,5575.053834178452,1.5,0.22867608662551284,0.1717986391001417,0.00019757948145044922,132.25,52.899999999999984,0.09180909013544605,1,7:funding_collapse|16:flood:reserve|56:flood:reserve|61:wildfire:alternative|79:funding_collapse|82:flood:reserve,0.007801568721529928,0.07585101317905724,0.027055129300092157,0.00860295459310219,3.161271703207187e-05,0.0008846235785066599,0.00043027522410802655,4215f4c39dfc4fa9,2,genetics,"{""genetics_enabled"": false}"
S6,rule,False,600209,0.875,0.625,7,5,845,845,1,0.3333333333333333,1.0,23.0,614.7287837696227,0.780125922344241,4.374928875746518,0.21655868585527638,0.7834413141447236,0,0,0,11178.041606890018,11178.04160689002,2235.6083213780034,1.5,0.91548328009751,0.42555980725921727,0.00025019557876922356,0.0,0.0,0.04506095246000545,2,7:funding_collapse|16:flood:reserve|56:flood:reserve|61:wildfire:alternative|79:funding_collapse|82:flood:reserve,0.01600000000000001,0.032810219321168586,0.0,0.0,4.003129260307577e-05,0.0010238270419873708,0.0,4215f4c39dfc4fa9,2,genetics,"{""genetics_enabled"": false}"
S7,forward_rollout_proxy,False,600209,0.5,0.125,4,1,66,34,0,0.0,0.0,,163.92288737306066,0.6979023726879495,1.095022624434389,0.5385417291866332,0.46145827081336677,79,0,0,11124.68473218633,11124.684732186332,11124.68473218633,1.5,0.39024958430215334,0.12696018590352826,0.00013631664451336581,71.5,28.600000000000016,0.10367500614484511,3,7:funding_collapse|16:flood:reserve|56:flood:reserve|61:wildfire:alternative|79:funding_collapse|82:flood:reserve,0.012640484001693644,0.07286184770580065,0.0038043454276019805,0.003973967843300481,2.181066312213853e-05,0.0008547215121808456,0.00038220228506491227,4215f4c39dfc4fa9,2,genetics,"{""genetics_enabled"": false}"
S4,state_dependent_rule,False,600210,0.5,0.375,4,3,308,261,1,0.3333333333333333,1.0,23.0,203.79387441124152,0.6160169523608772,2.671433491474808,0.2676172475721135,0.7323827524278865,127,0,0,11213.33914224097,11213.33914224097,3737.779714080323,1.5,0.45649899388056975,0.2626792661059661,0.00025886537269081944,129.75,51.89999999999998,0.10782515901580506,2,9:wildfire:alternative|45:flood:semiwild|68:flood:semiwild|88:heatwave:origin,0.012882085726690432,0.06564187244903459,0.10298509461777215,0.013451324487499673,4.1418459630531114e-05,0.0008088629700005586,0.00018173010272054427,4215f4c39dfc4fa9,2,genetics,"{""genetics_enabled"": false}"
S6,rule,False,600210,0.5,0.5,4,4,381,381,0,0.0,0.0,,497.4687139711416,0.7764025343352866,4.861192489177436,0.20009070680280136,0.7999092931971986,0,0,0,11228.99460615378,11228.99460615378,2807.248651538445,1.5,0.8837309029437649,0.36873930450591363,0.0001483679525222552,0.0,0.0,0.033771446598813586,3,9:wildfire:alternative|45:flood:semiwild|68:flood:semiwild|88:heatwave:origin,0.01600000000000001,0.036532881450187495,0.0,0.0,2.3738872403560836e-05,0.0010408453421222128,0.0,4215f4c39dfc4fa9,2,genetics,"{""genetics_enabled"": false}"
S7,forward_rollout_proxy,False,600210,0.5,0.5,4,4,662,662,1,0.3333333333333333,1.0,22.0,222.89009917476506,0.5744636824226853,2.5982063907532726,0.3269676906277415,0.6730323093722586,16,0,0,11188.920965001014,11188.920965001013,2797.2302412502536,1.5,0.6161331613091746,0.3386436264868796,0.00018191964285714285,46.75,18.700000000000006,0.130241232242147,2,9:wildfire:alternative|45:flood:semiwild|68:flood:semiwild|88:heatwave:origin,0.013733444827655745,0.04463040174258521,0.1635841485528375,0.019741292524890458,2.910714285714286e-05,0.0011298561663080522,6.97653424482621e-05,4215f4c39dfc4fa9,2,genetics,"{""genetics_enabled"": false}"
S4,state_dependent_rule,False,600211,0.5,0.125,4,1,63,31,2,0.6666666666666666,1.0,18.0,158.96157491486773,0.6815516616948136,3.624657534246576,0.28785752892287236,0.7121424710771276,268,0,0,11125.835331480981,11125.83533148098,11125.835331480981,1.5,0.43624622383006245,0.152634501037475,0.0006001809176074992,161.0,64.39999999999998,0.08256651656001492,1,53:funding_collapse|53:heatwave:origin|57:funding_collapse|61:wildfire:origin|62:wildfire:semiwild|77:heatwave:semiwild|81:funding_collapse|90:wildfire:alternative,0.01174327606057802,0.07524652757091838,0.02022622170447616,0.004937194372247036,9.602894681719985e-05,0.0006291391524415647,0.000443376179950134,4215f4c39dfc4fa9,2,genetics,"{""genetics_enabled"": false}"
S6,rule,False,600211,0.875,0.0,7,0,0,0,1,0.3333333333333333,1.0,28.0,318.88487065747324,0.578502536136301,0.0,,,0,0,0,11158.237186533313,11158.237186533315,11158.237186533313,1.5,0.6692918597094799,0.07285572160695342,0.00023104441384910252,0.0,0.0,0.029632678180027093,2,53:funding_collapse|53:heatwave:origin|57:funding_collapse|61:wildfire:origin|62:wildfire:semiwild|77:heatwave:semiwild|81:funding_collapse|90:wildfire:alternative,0.012480000000000008,0.05560617201120151,0.0,0.0,3.696710621585641e-05,0.0007743247462816537,0.0,4215f4c39dfc4fa9,2,genetics,"{""genetics_enabled"": false}"
S7,forward_rollout_proxy,False,600211,0.625,0.5,5,4,721,721,2,0.6666666666666666,1.0,19.0,259.41696566332007,0.5927617616898901,3.1118300424776777,0.24395772770413177,0.7560422722958682,21,0,0,11117.075360664592,11117.075360664592,2779.268840166148,1.5,0.5931996710789637,0.3452912790198995,0.0003034590728596696,34.75,13.899999999999995,0.1492650574361316,1,53:funding_collapse|53:heatwave:origin|57:funding_collapse|61:wildfire:origin|62:wildfire:semiwild|77:heatwave:semiwild|81:funding_collapse|90:wildfire:alternative,0.014008708808333303,0.04823469137892295,0.1459438139751803,0.017273644280937743,4.855345165754713e-05,0.0010619304623452326,4.778717522378661e-05,4215f4c39dfc4fa9,2,genetics,"{""genetics_enabled"": false}"
S4,state_dependent_rule,False,600300,0.75,0.5,6,4,509,390,1,0.3333333333333333,1.0,15.0,242.5517470743421,0.6320004689171811,3.8280487059070643,0.003181766414626155,0.9968182335853738,266,0,0,11106.193079388553,11106.193079388551,2776.5482698471383,1.5,0.49416512427935483,0.3409084462798128,8.320174936367599e-05,166.0,66.39999999999995,0.14105723396403352,2,13:funding_collapse|16:funding_collapse|39:funding_collapse|50:funding_collapse|73:flood:origin,0.013327493112183602,0.06914449216900413,0.08059666052955543,0.01724665415418659,1.3312279898188157e-05,0.0010842469731731149,0.00020249855851219942,42cc38e1cc537c0a,3,climate,"{""climate_velocity"": 0.0}"
S6,rule,False,600300,0.875,0.875,7,7,840,840,0,0.0,0.0,,643.6064242480265,0.7743405279134481,4.590965812548561,0.0006723590217849411,0.999327640978215,0,0,0,11135.369587214525,11135.369587214525,1590.7670838877893,1.5,0.9598297450022337,0.5462226229078927,5.1546391752577315e-05,0.0,0.0,0.05289995141091863,3,13:funding_collapse|16:funding_collapse|39:funding_collapse|50:funding_collapse|73:flood:origin,0.01600000000000001,0.038645910100863594,0.0,0.0,8.247422680412371e-06,0.001005314563008029,0.0,42cc38e1cc537c0a,3,climate,"{""climate_velocity"": 0.0}"
S7,forward_rollout_proxy,False,600300,0.625,0.625,5,5,852,852,1,0.3333333333333333,1.0,15.0,384.1414529630072,0.6819964385232942,4.364256705844755,0.0010978213919515852,0.9989021786080484,15,0,0,11097.774653079023,11097.774653079021,2219.5549306158046,1.5,0.7414312376934057,0.4315785165912091,8.748961093495143e-05,52.5,21.0,0.1627141288171049,2,13:funding_collapse|16:funding_collapse|39:funding_collapse|50:funding_collapse|73:flood:origin,0.01477793927829125,0.05330023389980827,0.06664013157648223,0.006073734014798433,1.3998337749592228e-05,0.0008432064637476653,4.404635416563863e-05,42cc38e1cc537c0a,3,climate,"{""climate_velocity"": 0.0}"
S4,state_dependent_rule,False,600301,0.5,0.125,4,1,135,0,1,0.3333333333333333,1.0,16.0,95.2719879485127,0.5951369586330487,2.8418836737876187,0.00877993501625478,0.9912200649837453,184,0,0,11248.215165530966,11248.215165530966,11248.215165530966,1.5,0.37170275144595183,0.139207709147042,0.0003520219084197253,178.5,71.40000000000002,0.08684298632285316,2,8:heatwave:origin|25:flood:reserve|51:heatwave:reserve|62:funding_collapse|81:wildfire:semiwild,0.0065527116658848006,0.08346054607872892,0.03995867031993578,0.018644438218730196,5.6323505347156044e-05,0.0010541535150607123,0.0006273657432339198,42cc38e1cc537c0a,3,climate,"{""climate_velocity"": 0.0}"
S6,rule,False,600301,0.5,0.5,4,4,808,808,1,0.3333333333333333,1.0,12.0,449.0611026232539,0.7703394257813438,4.7843673579558885,0.0,1.0,0,0,0,11197.232455592168,11197.23245559217,2799.308113898042,1.5,0.98,0.3778509539421486,0.00021878746247494996,0.0,0.0,0.03503640181294858,2,8:heatwave:origin|25:flood:reserve|51:heatwave:reserve|62:funding_collapse|81:wildfire:semiwild,0.01600000000000001,0.04245647219864046,0.0,0.0,3.500599399599198e-05,0.0011690960260197685,0.0,42cc38e1cc537c0a,3,climate,"{""climate_velocity"": 0.0}"
S7,forward_rollout_proxy,False,600301,0.375,0.25,3,2,98,73,1,0.3333333333333333,1.0,12.0,101.97177929903063,0.6810685105579466,1.983271375464684,0.0365218140497571,0.9634781859502429,226,0,0,11213.990075610389,11213.990075610389,5606.995037805194,1.5,0.6327548056543807,0.217140029135649,0.00021990507525405375,111.25,44.50000000000004,0.10765917407782041,2,8:heatwave:origin|25:flood:reserve|51:heatwave:reserve|62:funding_collapse|81:wildfire:semiwild,0.01300572631498843,0.08678078415901,0.019445653713106883,0.004777361123947088,3.51848120406486e-05,0.0005290666081213276,0.0004363551632872993,42cc38e1cc537c0a,3,climate,"{""climate_velocity"": 0.0}"
S4,state_dependent_rule,False,600302,0.625,0.5,5,4,660,578,2,0.6666666666666666,1.0,17.0,258.1123665090639,0.6652822634168881,3.3274745053231776,0.0013001310041541808,0.9986998689958458,199,0,0,11225.318617636935,11225.318617636935,2806.3296544092336,1.5,0.46026149563795055,0.32922465709835147,0.0004397391062062142,152.75,61.09999999999996,0.12461881240662305,1,15:flood:semiwild|22:flood:semiwild|78:wildfire:alternative|100:wildfire:alternative,0.014202719497695476,0.06993938076873979,0.05731835373387012,0.011177667704890062,7.035825699299427e-05,0.0009705357917964932,0.00018722263124943685,42cc38e1cc537c0a,3,climate,"{""climate_velocity"": 0.0}"
S6,rule,False,600302,0.875,0.875,7,7,1200,1200,1,0.3333333333333333,1.0,19.0,757.1389264067773,0.783210000502913,5.49921886837462,0.00023931666612542546,0.9997606833338746,0,0,0,11258.210208672332,11258.210208672332,1608.3157440960474,1.5,0.8413559607256804,0.5430923367210825,0.0004983333009576554,0.0,0.0,0.05107275982384112,2,15:flood:semiwild|22:flood:semiwild|78:wildfire:alternative|100:wildfire:alternative,0.01600000000000001,0.029743150836528617,0.0,0.0,7.973332815322487e-05,0.0009671153324055967,0.0,42cc38e1cc537c0a,3,climate,"{""climate_velocity"": 0.0}"
S7,forward_rollout_proxy,False,600302,0.625,0.5,5,4,914,914,2,0.6666666666666666,1.0,22.5,464.1621418065568,0.7504892266381751,5.648405987871861,0.0009984486490619623,0.999001551350938,15,0,0,11213.710162747797,11213.710162747797,2803.427540686949,1.5,0.6569399329197401,0.37751862086601656,0.00024793388429752067,19.0,7.599999999999998,0.15170283847661967,1,15:flood:semiwild|22:flood:semiwild|78:wildfire:alternative|100:wildfire:alternative,0.01558524054665319,0.05092416190667474,0.009023272250182934,0.0006402324926444884,3.9669421487603306e-05,0.0009013665392618071,1.8015845478864785e-05,42cc38e1cc537c0a,3,climate,"{""climate_velocity"": 0.0}"
S4,state_dependent_rule,False,600303,0.375,0.125,3,1,216,0,3,1.0,1.0,13.333333333333334,115.02561966060799,0.5718726768362693,2.9965317919075147,0.006291257554974999,0.993708742445025,121,0,0,11304.556280008876,11304.556280008876,11304.556280008876,1.5,0.155733002955185,0.11552850789469112,0.0007270776411913453,142.0,56.79999999999997,0.06869944840048733,0,2:flood:origin|19:flood:alternative|42:wildfire:alternative|57:heatwave:reserve|60:flood:reserve|72:heatwave:origin,0.007462071375122482,0.07378917306302588,0.07619204761925263,0.026901964240242777,0.00011633242259061525,0.001247614678808419,0.00037599919570739594,42cc38e1cc537c0a,3,climate,"{""climate_velocity"": 0.0}"
S6,rule,False,600303,0.25,0.25,2,2,377,377,2,0.6666666666666666,1.0,17.5,150.86362351456057,0.750851076666814,1.999287084819728,0.0009334111885781701,0.9990665888114219,0,0,0,11186.567506278821,11186.567506278821,5593.283753139411,1.5,0.8483279258606943,0.22137580405514712,0.00025118188807642604,0.0,0.0,0.020250703104402065,1,2:flood:origin|19:flood:alternative|42:wildfire:alternative|57:heatwave:reserve|60:flood:reserve|72:heatwave:origin,0.01600000000000001,0.06256390557586716,0.0,0.0,4.018910209222817e-05,0.0005448286552263722,0.0,42cc38e1cc537c0a,3,climate,"{""climate_velocity"": 0.0}"
S7,forward_rollout_proxy,False,600303,0.5,0.375,4,3,212,146,2,0.6666666666666666,1.0,15.0,142.99007444994237,0.5621249957343631,2.4708037107589695,0.0052944368764241785,0.9947055631235758,109,0,0,11292.854346096141,11292.854346096141,3764.284782032047,1.5,0.34388068914713527,0.2537642972767517,0.0005229782180447851,82.25,32.900000000000034,0.1295909562722424,1,2:flood:origin|19:flood:alternative|42:wildfire:alternative|57:heatwave:reserve|60:flood:reserve|72:heatwave:origin,0.011460566304529171,0.07020339260925673,0.12840477493360547,0.02714588780004891,8.367651488716562e-05,0.0011675457153760532,0.00024064978616456206,42cc38e1cc537c0a,3,climate,"{""climate_velocity"": 0.0}"
S4,state_dependent_rule,False,600304,0.5,0.375,4,3,118,0,1,0.3333333333333333,1.0,31.0,209.78786121525877,0.6695019127127075,3.473981045409617,0.004806496296917176,0.9951935037030828,148,0,0,11190.0544193772,11190.0544193772,3730.0181397924002,1.5,0.2481874296794416,0.2506347114417672,0.00031253758819155784,130.75,52.29999999999996,0.11163079009863408,2,20:heatwave:alternative|44:heatwave:alternative|54:flood:reserve|63:flood:alternative|66:wildfire:origin,0.010964551866493836,0.07796456856840678,0.022488807848359823,0.003411786922556627,5.0006014110649256e-05,0.0007676344980619257,0.0002869636015785016,42cc38e1cc537c0a,3,climate,"{""climate_velocity"": 0.0}"
S6,rule,False,600304,0.875,0.75,7,6,973,973,1,0.3333333333333333,1.0,20.0,624.2093399220928,0.7754109049666499,4.93194886738391,0.0,1.0,0,0,0,11239.047061605655,11239.047061605657,1873.1745102676093,1.5,0.7701029657228265,0.47397322593622204,4.8661800486618005e-05,0.0,0.0,0.05071720345050132,2,20:heatwave:alternative|44:heatwave:alternative|54:flood:reserve|63:flood:alternative|66:wildfire:origin,0.01600000000000001,0.037644527002316665,0.0,0.0,7.78588807785888e-06,0.0009367821429553346,0.0,42cc38e1cc537c0a,3,climate,"{""climate_velocity"": 0.0}"
S7,forward_rollout_proxy,False,600304,0.75,0.375,6,3,131,113,1,0.3333333333333333,1.0,13.0,326.0171381500079,0.7368594934957075,3.0823205761931103,0.01590122093340282,0.9840987790665972,144,0,0,11190.02843643028,11190.02843643028,3730.0094788100937,1.5,0.4398255038420203,0.27782323242767337,0.00014306062427031432,62.25,24.90000000000001,0.17133738140770124,2,20:heatwave:alternative|44:heatwave:alternative|54:flood:reserve|63:flood:alternative|66:wildfire:origin,0.015463862540557961,0.07065046149509811,0.001155833549271726,0.0005262646058374203,2.288969988325029e-05,0.0009446770583974244,0.0001005602126281469,42cc38e1cc537c0a,3,climate,"{""climate_velocity"": 0.0}"
S4,state_dependent_rule,False,600305,0.5,0.5,4,4,492,446,2,0.6666666666666666,1.0,18.0,252.59774171691774,0.6013005058098748,3.386210793747533,0.0004709242677003706,0.9995290757322997,181,0,0,11158.092043228076,11158.092043228076,2789.523010807019,1.5,0.3338475817451731,0.31620039198339006,0.0006801626629972673,128.5,51.39999999999998,0.11976762935698727,1,2:heatwave:semiwild|44:wildfire:origin|50:heatwave:origin|63:wildfire:semiwild|65:funding_collapse|70:flood:alternative|73:flood:origin|84:funding_collapse|100:flood:semiwild,0.013018917557922852,0.06904482774347075,0.1096193551032051,0.016530688386068453,0.00010882602607956279,0.0010454033657215627,0.00015223791197920878,42cc38e1cc537c0a,3,climate,"{""climate_velocity"": 0.0}"
S6,rule,False,600305,0.75,0.0,6,0,0,0,2,0.6666666666666666,1.0,19.0,274.6882382375732,0.6353857801205849,0.0,,,0,0,0,11192.13020867233,11192.130208672332,11192.13020867233,1.5,0.8413124002736904,0.08984715091123896,0.00017942528961191023,0.0,0.0,0.02857955441934954,1,2:heatwave:semiwild|44:wildfire:origin|50:heatwave:origin|63:wildfire:semiwild|65:funding_collapse|70:flood:alternative|73:flood:origin|84:funding_collapse|100:flood:semiwild,0.01376000000000001,0.06390077426775062,0.0,0.0,2.870804633790564e-05,0.0007247375653265466,0.0,42cc38e1cc537c0a,3,climate,"{""climate_velocity"": 0.0}"
S7,forward_rollout_proxy,False,600305,0.625,0.5,5,4,742,742,1,0.3333333333333333,1.0,17.0,285.9521919992994,0.563798857686992,4.00358914681354,0.0030657279548072895,0.9969342720451927,24,0,0,11148.754848799394,11148.754848799395,2787.1887121998484,1.5,0.5064260953197398,0.3442861878285699,0.0002304196595617188,28.75,11.499999999999995,0.1430384341423026,2,2:heatwave:semiwild|44:wildfire:origin|50:heatwave:origin|63:wildfire:semiwild|65:funding_collapse|70:flood:alternative|73:flood:origin|84:funding_collapse|100:flood:semiwild,0.013889913783713966,0.04548942842957413,0.17816994791278096,0.016294927768237703,3.6867145529875e-05,0.0010089169776637003,3.721855438242408e-05,42cc38e1cc537c0a,3,climate,"{""climate_velocity"": 0.0}"
S4,state_dependent_rule,False,600306,0.625,0.375,5,3,463,389,1,0.3333333333333333,1.0,25.0,205.24808039073386,0.5839393079405842,4.133317470091907,0.0031018120815263553,0.9968981879184736,168,0,0,11247.024786970947,11247.024786970946,3749.008262323649,1.5,0.5110555340093786,0.28789504289516316,0.00024549247464288005,118.5,47.400000000000006,0.13353157396653106,2,15:heatwave:origin|78:heatwave:semiwild,0.01230212228612446,0.06800487054478173,0.13059463374629884,0.011227675216010853,3.927879594286081e-05,0.0006737290916681021,0.00019177118938221572,42cc38e1cc537c0a,3,climate,"{""climate_velocity"": 0.0}"
S6,rule,False,600306,0.375,0.375,3,3,662,662,1,0.3333333333333333,1.0,47.0,365.2757034135024,0.7703660326439015,5.100318660068452,0.0,1.0,0,0,0,11239.069413820385,11239.069413820385,3746.356471273462,1.5,0.98,0.3239941100979208,0.00014552117700876826,0.0,0.0,0.03120461748618096,2,15:heatwave:origin|78:heatwave:semiwild,0.01600000000000001,0.04299203694987438,0.0,0.0,2.3283388321402927e-05,0.000618647017902872,0.0,42cc38e1cc537c0a,3,climate,"{""climate_velocity"": 0.0}"
S7,forward_rollout_proxy,False,600306,0.75,0.75,6,6,1052,1052,1,0.3333333333333333,1.0,26.0,212.8108903879786,0.42630366398010705,3.398547112207432,0.0014940285907889606,0.998505971409211,25,0,0,11237.629690076097,11237.629690076099,1872.9382816793495,1.5,0.7582107128324694,0.4854050192570961,0.0004660705826840352,35.75,14.29999999999999,0.19049238425887405,2,15:heatwave:origin|78:heatwave:semiwild,0.013061897631496703,0.0465730131144142,0.3066801635467104,0.0203973290643653,7.457129322944564e-05,0.0010321096305505107,6.89474118519435e-05,42cc38e1cc537c0a,3,climate,"{""climate_velocity"": 0.0}"
S4,state_dependent_rule,False,600307,0.5,0.5,4,4,558,495,1,0.3333333333333333,1.0,19.0,253.4627991998475,0.6749157190645322,3.985279673144985,0.0011803296472652318,0.9988196703527348,240,0,0,11184.698977629769,11184.698977629767,2796.174744407442,1.5,0.5962474128474732,0.34774100126023816,0.0006199309179638003,144.75,57.89999999999994,0.11631731622020511,2,41:heatwave:semiwild|68:wildfire:semiwild|92:funding_collapse,0.014024395868212776,0.06961652995811471,0.04635230838072509,0.011170828675275494,9.918894687420806e-05,0.0008947068037348303,0.0001812727951360972,42cc38e1cc537c0a,3,climate,"{""climate_velocity"": 0.0}"
S6,rule,False,600307,0.875,0.875,7,7,1123,1123,1,0.3333333333333333,1.0,13.0,765.3041075176056,0.783086102503577,4.704158430894777,0.0018155325812357983,0.9981844674187642,0,0,0,11225.17020867233,11225.17020867233,1603.5957440960472,1.5,0.98,0.5493086317977284,0.000201423132305269,0.0,0.0,0.05258523744390287,2,41:heatwave:semiwild|68:wildfire:semiwild|92:funding_collapse,0.01600000000000001,0.02991492819859601,0.0,0.0,3.222770116884304e-05,0.0009667415966578464,0.0,42cc38e1cc537c0a,3,climate,"{""climate_velocity"": 0.0}"
S7,forward_rollout_proxy,False,600307,0.625,0.625,5,5,917,917,0,0.0,0.0,,498.8630408934504,0.748471479055687,4.659773803401497,0.05101368445433017,0.9489863155456698,25,0,0,11182.418453275397,11182.418453275397,2236.4836906550795,1.5,0.8437128545488465,0.44444828491587623,0.00020096305811830636,24.5,9.799999999999997,0.16114630713488312,3,41:heatwave:semiwild|68:wildfire:semiwild|92:funding_collapse,0.015511991256891561,0.050627563675587066,0.011129022785477187,0.000822792434053307,3.2154089298929014e-05,0.0008817396404269951,1.9376788850462873e-05,42cc38e1cc537c0a,3,climate,"{""climate_velocity"": 0.0}"
S4,state_dependent_rule,False,600308,0.625,0.5,5,4,365,169,1,0.3333333333333333,1.0,21.0,246.63849198061627,0.6895719316884099,3.193046352168506,0.013148984695570385,0.9868510153044296,231,0,0,11136.123790777494,11136.123790777494,2784.0309476943735,1.5,0.4612226057143735,0.3286753476387739,0.00030346427671769176,118.75,47.49999999999997,0.12811311772825706,2,12:heatwave:reserve|29:wildfire:reserve|42:funding_collapse|44:heatwave:semiwild,0.013178645565994853,0.07464196672476753,0.024440251739247444,0.002377915773744725,4.855428427483068e-05,0.0007650383008366095,0.0001738254384086872,42cc38e1cc537c0a,3,climate,"{""climate_velocity"": 0.0}"
S6,rule,False,600308,0.75,0.75,6,6,1111,1111,1,0.3333333333333333,1.0,18.0,735.937642428757,0.7833459416362036,5.701614453499993,0.0,1.0,0,0,0,11205.081524988329,11205.08152498833,1867.513587498055,1.5,0.98,0.5021184459504865,0.0001900972590627763,0.0,0.0,0.0480115070774326,2,12:heatwave:reserve|29:wildfire:reserve|42:funding_collapse|44:heatwave:semiwild,0.01600000000000001,0.029723935312035835,0.0,0.0,3.0415561450044208e-05,0.0008997074903106771,0.0,42cc38e1cc537c0a,3,climate,"{""climate_velocity"": 0.0}"
S7,forward_rollout_proxy,False,600308,0.625,0.625,5,5,761,761,1,0.3333333333333333,1.0,17.0,440.4277828184586,0.7587357867454274,4.8137059906742055,0.00025097692182990904,0.99974902307817,37,0,0,11149.036237760833,11149.036237760833,2229.8072475521667,1.5,0.7226213865785174,0.4353569110627275,0.00019318783488125635,16.5,6.599999999999998,0.16853856249066862,2,12:heatwave:reserve|29:wildfire:reserve|42:funding_collapse|44:heatwave:semiwild,0.015972165935480974,0.053993139141158615,3.717493755351815e-05,6.1001775210022105e-05,3.091005358100102e-05,0.0009337703564875201,1.5555474516825263e-05,42cc38e1cc537c0a,3,climate,"{""climate_velocity"": 0.0}"
S4,state_dependent_rule,False,600309,0.625,0.5,5,4,742,581,0,0.0,0.0,,286.1344485705511,0.6652452668310399,5.260705376590101,0.004655942431640858,0.9953440575683592,245,0,0,11194.358424871398,11194.358424871396,2798.5896062178495,1.5,0.5966299269582419,0.36166145009053596,0.000262590135649035,162.0,64.79999999999994,0.12195701814405391,3,10:funding_collapse|37:heatwave:semiwild|55:heatwave:semiwild,0.013650577713338661,0.07012833135843105,0.04997439131132334,0.013913086229677914,4.201442170384561e-05,0.0010741635746553434,0.00017438597591187292,42cc38e1cc537c0a,3,climate,"{""climate_velocity"": 0.0}"
S6,rule,False,600309,1.0,0.75,8,6,1127,1127,0,0.0,0.0,,748.600837721492,0.7824221576982973,5.678248192720665,0.0002897754903952814,0.9997102245096047,0,0,0,11229.836939555991,11229.836939555993,1871.6394899259985,1.5,0.98,0.5038553864176222,0.00023026944441712727,0.0,0.0,0.057864522452077384,3,10:funding_collapse|37:heatwave:semiwild|55:heatwave:semiwild,0.01600000000000001,0.030549555771114338,0.0,0.0,3.684311110674036e-05,0.000991443419481422,0.0,42cc38e1cc537c0a,3,climate,"{""climate_velocity"": 0.0}"
S7,forward_rollout_proxy,False,600309,0.5,0.5,4,4,953,953,0,0.0,0.0,,506.8719015714902,0.7459288758232266,5.00922945729626,0.0,1.0,15,0,0,11190.088131985527,11190.088131985529,2797.5220329963818,1.5,0.844012611158434,0.3876473107357521,0.00015445368880483384,23.5,9.399999999999997,0.14076877523473064,3,10:funding_collapse|37:heatwave:semiwild|55:heatwave:semiwild,0.015425366536131586,0.050665889357247224,0.01301259279732647,0.0008715983629632,2.4712590208773415e-05,0.000924497540322183,1.9989462150536056e-05,42cc38e1cc537c0a,3,climate,"{""climate_velocity"": 0.0}"
S4,state_dependent_rule,False,600310,0.75,0.375,6,3,354,163,0,0.0,0.0,,245.35880026946828,0.6896197081571657,3.962513604044821,0.001592922853449619,0.9984070771465504,297,0,0,11104.982517326565,11104.982517326565,3701.6608391088553,1.5,0.23325243589537784,0.25639972784708503,0.00017241946825219336,152.0,60.79999999999993,0.12349674108549522,3,8:funding_collapse|15:funding_collapse|16:flood:reserve|29:flood:semiwild|32:funding_collapse|61:flood:alternative|63:heatwave:semiwild|76:flood:alternative|86:flood:reserve|91:flood:reserve,0.012791858024234201,0.07457725099369897,0.020668971631987002,0.002695502945468377,2.7587114920350937e-05,0.0007334696826105737,0.00022461300849689053,42cc38e1cc537c0a,3,climate,"{""climate_velocity"": 0.0}"
S6,rule,False,600310,0.875,0.875,7,7,1182,1182,0,0.0,0.0,,747.9986035958506,0.7829239222996524,5.183054747820768,2.158184037690615e-05,0.9999784181596231,0,0,0,11157.140876671076,11157.140876671077,1593.877268095868,1.5,0.7245221224901796,0.5289524284206908,2.5906735751295337e-05,0.0,0.0,0.054598343467325894,3,8:funding_collapse|15:funding_collapse|16:flood:reserve|29:flood:semiwild|32:funding_collapse|61:flood:alternative|63:heatwave:semiwild|76:flood:alternative|86:flood:reserve|91:flood:reserve,0.01600000000000001,0.0301144240619675,0.0,0.0,4.145077720207254e-06,0.0009575085606603269,0.0,42cc38e1cc537c0a,3,climate,"{""climate_velocity"": 0.0}"
S7,forward_rollout_proxy,False,600310,0.625,0.625,5,5,705,705,0,0.0,0.0,,412.34210220406146,0.7585869559754671,4.54253454572264,0.001980964082493591,0.9980190359175064,30,0,0,11105.425636613509,11105.425636613509,2221.0851273227017,1.5,0.39747150265135406,0.4009344358793413,0.00017325896899228973,16.5,6.599999999999997,0.17255970078489735,3,8:funding_collapse|15:funding_collapse|16:flood:reserve|29:flood:semiwild|32:funding_collapse|61:flood:alternative|63:heatwave:semiwild|76:flood:alternative|86:flood:reserve|91:flood:reserve,0.015979496670050015,0.05423086429015814,3.2554251895352545e-05,5.6999352417117564e-05,2.7721435038766358e-05,0.0009692062610363989,1.6539473327846494e-05,42cc38e1cc537c0a,3,climate,"{""climate_velocity"": 0.0}"
S4,state_dependent_rule,False,600311,0.75,0.375,6,3,534,394,2,0.6666666666666666,1.0,21.5,234.21407190969413,0.5942192513344048,3.203588406916881,0.026460627832272487,0.9735393721677275,239,0,0,11183.22069293403,11183.22069293403,3727.74023097801,1.5,0.3432851334586739,0.2633194337500962,0.0003800298263624464,171.75,68.69999999999999,0.1410251816752999,1,11:heatwave:alternative|25:flood:origin|68:heatwave:origin|77:flood:origin|86:funding_collapse,0.012177330386554277,0.06908899293591478,0.11753981815792326,0.010891925278163175,6.080477221799142e-05,0.0007049442009851799,0.00021472209505661282,42cc38e1cc537c0a,3,climate,"{""climate_velocity"": 0.0}"
S6,rule,False,600311,0.75,0.5,6,4,296,296,1,0.3333333333333333,1.0,45.0,441.00149822986697,0.7563354919541868,4.19294670252218,0.0,1.0,0,0,0,11197.815989061564,11197.815989061564,2799.453997265391,1.5,0.894603827694409,0.3652528569975273,0.00016173451870466285,0.0,0.0,0.04431503601432292,2,11:heatwave:alternative|25:flood:origin|68:heatwave:origin|77:flood:origin|86:funding_collapse,0.01600000000000001,0.05667238752886524,0.0,0.0,2.5877522992746054e-05,0.000966242993955254,0.0,42cc38e1cc537c0a,3,climate,"{""climate_velocity"": 0.0}"
S7,forward_rollout_proxy,False,600311,0.75,0.75,6,6,963,963,0,0.0,0.0,,234.35607792908687,0.500507261565422,3.252085507640702,0.0345869403030394,0.9654130596969606,55,0,0,11179.236123405464,11179.236123405466,1863.2060205675773,1.5,0.5256258777256827,0.4599319949378419,0.0004448748776355509,51.25,20.500000000000004,0.18674276044433305,3,11:heatwave:alternative|25:flood:origin|68:heatwave:origin|77:flood:origin|86:funding_collapse,0.013371871346411735,0.04654290971995462,0.23522525872258296,0.019213042763071994,7.117998042168816e-05,0.0010518307080545387,8.093335363529479e-05,42cc38e1cc537c0a,3,climate,"{""climate_velocity"": 0.0}"
S4,state_dependent_rule,False,600400,0.5,0.375,4,3,455,261,0,0.0,0.0,,179.80193830031916,0.6428866081152214,2.651645798625113,0.011057689643869719,0.9889423103561302,243,0,0,11192.254968770207,11192.254968770205,3730.7516562567357,1.5,0.4624591018058366,0.2415123681668348,0.0006941464246797349,179.25,71.69999999999997,0.0,3,61:flood:reserve|76:flood:origin|90:funding_collapse,0.010615052842478673,0.07518485972857399,0.045049240341362144,0.0064312521248438195,0.00011106342794875758,0.0006542614554388811,0.00032052347674254867,230272c1a14be090,4,biobank,"{""biobank_enabled"": false}"
S6,rule,False,600400,0.875,0.75,7,6,219,219,0,0.0,0.0,,569.7772260301762,0.7659413621710065,3.8487640731013557,0.0,1.0,0,0,0,11224.317186533313,11224.317186533315,1870.7195310888856,1.5,0.8596214060044942,0.461949781331463,0.0002131617272246502,0.0,0.0,0.0,3,61:flood:reserve|76:flood:origin|90:funding_collapse,0.01600000000000001,0.047039231362378114,0.0,0.0,3.410587635594403e-05,0.000985300590259275,0.0,230272c1a14be090,4,biobank,"{""biobank_enabled"": false}"
S7,forward_rollout_proxy,False,600400,0.625,0.5,5,4,799,799,0,0.0,0.0,,314.9826980554474,0.6847514341609784,3.8322516750995863,0.0022448041225877294,0.9977551958774122,120,0,0,11187.113253415937,11187.113253415937,2796.7783133539842,1.5,0.6032420292745012,0.323646719678446,0.00036994542197701474,87.5,35.00000000000004,0.0,3,61:flood:reserve|76:flood:origin|90:funding_collapse,0.014911104430623889,0.06135240657463826,0.04526963054373698,0.011359787223639964,5.919126751632235e-05,0.00114553139572993,9.360238748484326e-05,230272c1a14be090,4,biobank,"{""biobank_enabled"": false}"
S4,state_dependent_rule,False,600401,0.625,0.375,5,3,449,438,1,0.3333333333333333,1.0,21.0,207.83272622366158,0.6224110621387231,3.7145884427326687,0.001607232513079865,0.9983927674869202,192,0,0,11219.091006612853,11219.091006612853,3739.697002204284,1.5,0.5441506692412469,0.2603109513514514,0.0004723498131310043,130.5,52.199999999999974,0.0,2,,0.013470844910578128,0.06962808722151984,0.0908099466172159,0.017035737174063984,7.55759701009607e-05,0.0009618198529960141,0.00019700338295863782,230272c1a14be090,4,biobank,"{""biobank_enabled"": false}"
S6,rule,False,600401,0.875,0.75,7,6,992,992,0,0.0,0.0,,670.7796186882425,0.7801860186502805,5.195891910428161,0.00048534748918151833,0.9995146525108185,0,0,0,11257.357186533314,11257.357186533316,1876.2261977555524,1.5,0.9618319999999998,0.4856421191042816,0.0002151110415116878,0.0,0.0,0.0,3,,0.01600000000000001,0.03273462660784568,0.0,0.0,3.4417766641870056e-05,0.0010449369752321522,0.0,230272c1a14be090,4,biobank,"{""biobank_enabled"": false}"
S7,forward_rollout_proxy,False,600401,0.625,0.625,5,5,1200,1117,1,0.3333333333333333,1.0,20.0,347.6436676768069,0.6172408366100273,3.3716999985613283,0.0003805863775971615,0.9996194136224028,83,0,0,11220.622678922113,11220.622678922115,2244.1245357844227,1.5,0.7402997429240313,0.38899697427801644,0.0002842349933424824,71.75,28.70000000000002,0.0,2,,0.014443109530015959,0.04942666929915982,0.11997622031290954,0.015497568706520772,4.5477598934797176e-05,0.0010368141759791848,6.934424236368845e-05,230272c1a14be090,4,biobank,"{""biobank_enabled"": false}"
S4,state_dependent_rule,False,600402,0.25,0.125,2,1,275,162,3,1.0,1.0,20.666666666666668,92.78618573228754,0.6540545406743077,1.9955405441063936,0.034836280342601195,0.9651637196573988,124,0,0,11247.139909175285,11247.139909175285,11247.139909175285,1.5,0.333483799167484,0.10955378535781235,0.004326843750115326,93.75,37.500000000000014,0.0,0,18:wildfire:origin|25:flood:reserve|28:wildfire:reserve|61:heatwave:origin|68:wildfire:semiwild,0.010294913701426099,0.07643565441372209,0.008960824347546418,0.007629667558206231,0.0006922950000184521,0.0009273213744936548,0.0006700038948886515,230272c1a14be090,4,biobank,"{""biobank_enabled"": false}"
S6,rule,False,600402,0.375,0.0,3,0,0,0,1,0.3333333333333333,1.0,23.0,95.61663583934711,0.517736859158129,0.0,,,0,0,0,11211.359098506138,11211.35909850614,11211.359098506138,1.5,0.742491430313171,0.0742491430313171,7.8125e-05,0.0,0.0,0.0,2,18:wildfire:origin|25:flood:reserve|28:wildfire:reserve|61:heatwave:origin|68:wildfire:semiwild,0.011520000000000008,0.06777830779298342,0.0,0.0,1.25e-05,0.000552333048887552,0.0,230272c1a14be090,4,biobank,"{""biobank_enabled"": false}"
S7,forward_rollout_proxy,False,600402,0.125,0.0,1,0,0,0,1,0.3333333333333333,1.0,22.0,63.298745920138906,0.4126310671096743,0.0,,,34,0,0,11193.665101489665,11193.665101489665,11193.665101489665,1.5,0.4729744625758839,0.04729744625758839,0.0014293008251200206,37.75,15.099999999999996,0.0,2,18:wildfire:origin|25:flood:reserve|28:wildfire:reserve|61:heatwave:origin|68:wildfire:semiwild,0.008579526272842457,0.04756052949433402,0.0010410758738482624,0.0017666104339688269,0.00022868813201920335,0.00047356419068861095,0.0003371969626664705,230272c1a14be090,4,biobank,"{""biobank_enabled"": false}"
S4,state_dependent_rule,False,600403,0.125,0.0,1,0,0,0,2,0.6666666666666666,1.0,18.0,38.39562919647788,0.3899062735201657,0.0,,,55,0,0,11228.871387364123,11228.87138736412,11228.871387364123,1.5,0.08847169479790469,0.00884716947979047,0.00045087239106476163,54.75,21.900000000000027,0.0,1,8:heatwave:origin|9:heatwave:reserve|40:heatwave:alternative|51:flood:reserve|85:heatwave:alternative|94:heatwave:alternative|98:heatwave:alternative,0.0037751770322096197,0.054977251095184705,0.002821934980482211,0.0031731711013186924,7.213958257036187e-05,0.0004281495363346565,0.0007620966789219619,230272c1a14be090,4,biobank,"{""biobank_enabled"": false}"
S6,rule,False,600403,0.5,0.375,4,3,249,249,2,0.6666666666666666,1.0,15.5,195.58376257428748,0.7448611473286536,4.101684242965415,0.002105906699607843,0.9978940933003921,0,0,0,11200.537013614552,11200.537013614554,3733.5123378715175,1.5,0.6695607316047066,0.27672291559012485,0.0003589716161267175,0.0,0.0,0.0,1,8:heatwave:origin|9:heatwave:reserve|40:heatwave:alternative|51:flood:reserve|85:heatwave:alternative|94:heatwave:alternative|98:heatwave:alternative,0.01600000000000001,0.06831286486695382,0.0,0.0,5.7435458580274795e-05,0.0007685523458124821,0.0,230272c1a14be090,4,biobank,"{""biobank_enabled"": false}"
S7,forward_rollout_proxy,False,600403,0.125,0.125,1,1,214,0,2,0.6666666666666666,1.0,18.0,99.77827091378191,0.6033444983071063,4.375692719281483,0.003527545028033464,0.9964724549719666,93,0,0,11158.02114489242,11158.02114489242,11158.02114489242,1.5,0.18811213398987467,0.11881814059180232,0.00030561168965860405,118.5,47.40000000000007,0.0,1,8:heatwave:origin|9:heatwave:reserve|40:heatwave:alternative|51:flood:reserve|85:heatwave:alternative|94:heatwave:alternative|98:heatwave:alternative,0.007050629725974704,0.08078623435967293,0.03330710434917893,0.011794320711250347,4.889787034537665e-05,0.0008992519895870178,0.00045968480414655124,230272c1a14be090,4,biobank,"{""biobank_enabled"": false}"
S4,state_dependent_rule,False,600404,0.25,0.25,2,2,544,289,1,0.3333333333333333,1.0,26.0,212.13854133207653,0.635769864955279,3.487837938896914,0.0058047950643557045,0.9941952049356443,233,0,0,11160.639023079868,11160.639023079868,5580.319511539934,1.5,0.42464537990419443,0.18984291737938858,0.0006023419193248923,131.25,52.49999999999996,0.0,2,16:funding_collapse|19:wildfire:semiwild|33:flood:origin|79:wildfire:reserve|85:flood:semiwild|86:funding_collapse,0.011061147968520034,0.06881170960039967,0.059862729743145396,0.00984760866609844,9.637470709198275e-05,0.0006679173160813926,0.00019647114010055706,230272c1a14be090,4,biobank,"{""biobank_enabled"": false}"
S6,rule,False,600404,0.5,0.25,4,2,182,182,0,0.0,0.0,,252.41007982086415,0.7475900075334198,5.4913428009507825,0.0,1.0,0,0,0,11192.049546875796,11192.049546875796,5596.024773437898,1.5,0.8223772898137597,0.2496511569908838,0.0003036130837655926,0.0,0.0,0.0,3,16:funding_collapse|19:wildfire:semiwild|33:flood:origin|79:wildfire:reserve|85:flood:semiwild|86:funding_collapse,0.01600000000000001,0.06553843418162436,0.0,0.0,4.857809340249482e-05,0.000822980191552672,0.0,230272c1a14be090,4,biobank,"{""biobank_enabled"": false}"
S7,forward_rollout_proxy,False,600404,0.5,0.375,4,3,507,507,0,0.0,0.0,,222.78881429566118,0.6253455709530124,2.448308435429972,0.10217957930370968,0.8978204206962903,111,0,0,11150.904891281076,11150.904891281078,3716.968297093692,1.5,0.5653969850113584,0.24977278285543558,0.00035209830137904587,56.25,22.500000000000007,0.0,3,16:funding_collapse|19:wildfire:semiwild|33:flood:origin|79:wildfire:reserve|85:flood:semiwild|86:funding_collapse,0.013996315462534136,0.05672111223026091,0.11202688342448734,0.00829447208110479,5.6335728220647346e-05,0.00066047196606032,0.00010648149476978601,230272c1a14be090,4,biobank,"{""biobank_enabled"": false}"
S4,state_dependent_rule,False,600405,0.5,0.375,4,3,367,295,1,0.3333333333333333,1.0,17.0,214.75900370516467,0.6162514569180584,3.6050190443956507,0.0002659944935704572,0.9997340055064295,291,0,0,11138.496278841792,11138.496278841794,3712.8320929472643,1.5,0.44510644964326423,0.24931083540828297,0.00032943092893065204,175.0,69.99999999999999,0.0,2,5:funding_collapse|66:funding_collapse|66:flood:alternative|75:flood:semiwild|86:funding_collapse|96:heatwave:origin,0.012415046956731783,0.07200377557816295,0.07910406548187304,0.023003684363841804,5.270894862890434e-05,0.0011159938979715125,0.00023042967672946558,230272c1a14be090,4,biobank,"{""biobank_enabled"": false}"
S6,rule,False,600405,0.75,0.75,6,6,426,426,1,0.3333333333333333,1.0,30.0,606.6254332475003,0.776501858261512,4.3018564655066935,0.0,1.0,0,0,0,11163.321120386887,11163.321120386889,1860.553520064481,1.5,0.8385809507971955,0.4643766597347865,0.0001861111196687311,0.0,0.0,0.0,2,5:funding_collapse|66:funding_collapse|66:flood:alternative|75:flood:semiwild|86:funding_collapse|96:heatwave:origin,0.01600000000000001,0.0364873811463533,0.0,0.0,2.9777779146996978e-05,0.000980982812987254,0.0,230272c1a14be090,4,biobank,"{""biobank_enabled"": false}"
S7,forward_rollout_proxy,False,600405,0.625,0.5,5,4,749,749,1,0.3333333333333333,1.0,28.0,284.6614764252616,0.6009253766884627,4.258914001473423,0.0012366578155350448,0.9987633421844649,58,0,0,11131.04729564043,11131.04729564043,2782.7618239101075,1.5,0.6056699198113368,0.3281561319958679,0.00015965792587212678,71.25,28.50000000000002,0.0,2,5:funding_collapse|66:funding_collapse|66:flood:alternative|75:flood:semiwild|86:funding_collapse|96:heatwave:origin,0.013879536353697123,0.049905204644665184,0.1359160403268195,0.01627417929285306,2.5545268139540286e-05,0.000986377524706484,7.328988992461575e-05,230272c1a14be090,4,biobank,"{""biobank_enabled"": false}"
S4,state_dependent_rule,False,600406,0.5,0.5,4,4,769,600,2,0.6666666666666666,1.0,15.5,219.85193160678568,0.617977978335748,3.108651343465485,0.015706829565783145,0.9842931704342168,327,0,0,11257.98997796885,11257.98997796885,2814.4974944922124,1.5,0.5451776020850457,0.3106042736431594,0.0005698957459446108,159.75,63.89999999999992,0.0,1,73:wildfire:origin,0.012026797327983643,0.06921440720825259,0.07708222742564363,0.022223088151130863,9.118331935113771e-05,0.0011746354043510676,0.00022144495447710025,230272c1a14be090,4,biobank,"{""biobank_enabled"": false}"
S6,rule,False,600406,0.75,0.625,6,5,132,132,1,0.3333333333333333,1.0,11.0,537.4157115670614,0.7609663779761026,3.2914362069232936,1.7610529014919937e-06,0.9999982389470985,0,0,0,11257.357186533314,11257.357186533316,2251.4714373066627,1.5,0.837388872630886,0.3979032493323215,0.0003283047235818251,0.0,0.0,0.0,2,73:wildfire:origin,0.01600000000000001,0.05196656236793718,0.0,0.0,5.252875577309203e-05,0.0010145309001870406,0.0,230272c1a14be090,4,biobank,"{""biobank_enabled"": false}"
S7,forward_rollout_proxy,False,600406,0.5,0.5,4,4,1185,1185,1,0.3333333333333333,1.0,25.0,339.0615677696324,0.6306872807323309,3.305798755838295,0.061466103166823396,0.9385338968331766,19,0,0,11228.13835640968,11228.138356409681,2807.03458910242,1.5,0.6699999999999999,0.32505798755838294,0.00063434358176268,56.0,22.400000000000013,0.0,2,73:wildfire:origin,0.014408975446663674,0.048505350785645975,0.11307365918263734,0.01117371686598637,0.00010149497308202881,0.0008882208421042926,6.068660224780018e-05,230272c1a14be090,4,biobank,"{""biobank_enabled"": false}"
S4,state_dependent_rule,False,600407,0.625,0.125,5,1,250,61,1,0.3333333333333333,1.0,16.0,142.8399817937621,0.6382390094066025,4.88663017982799,0.00047108767225175136,0.9995289123277482,178,0,0,11161.346725985233,11161.346725985233,11161.346725985233,1.5,0.4246008676192688,0.1475763885602068,0.0005840632240635119,143.25,57.29999999999997,0.0,2,5:wildfire:semiwild|41:funding_collapse|44:funding_collapse|53:flood:reserve,0.00934626276281552,0.07499649978446964,0.031786169335132446,0.012442791678279887,9.345011585016192e-05,0.0009774852179345616,0.00042341707357463243,230272c1a14be090,4,biobank,"{""biobank_enabled"": false}"
S6,rule,False,600407,0.625,0.625,5,5,869,869,0,0.0,0.0,,608.6831898118014,0.7806110269570214,4.823469164550121,0.0,1.0,0,0,0,11191.902302836294,11191.902302836295,2238.3804605672585,1.5,0.9612962806223871,0.42561431970773994,0.00013210930215878935,0.0,0.0,0.0,3,5:wildfire:semiwild|41:funding_collapse|44:funding_collapse|53:flood:reserve,0.01600000000000001,0.0323367587524003,0.0,0.0,2.1137488345406296e-05,0.0010310768022329334,0.0,230272c1a14be090,4,biobank,"{""biobank_enabled"": false}"
S7,forward_rollout_proxy,False,600407,0.5,0.375,4,3,416,416,0,0.0,0.0,,228.48075342042878,0.7370628968296777,3.013542627315943,0.005902775640559572,0.9940972243594405,103,0,0,11158.616428376274,11158.616428376274,3719.538809458758,1.5,0.6345158352944938,0.2623370098026088,0.00027288809596751426,63.5,25.400000000000006,0.0,3,5:wildfire:semiwild|41:funding_collapse|44:funding_collapse|53:flood:reserve,0.016142988532676456,0.05801788379513076,0.0030029910569644262,0.0021082483208783778,4.3662095354802284e-05,0.000765933236315461,0.00014796683370107172,230272c1a14be090,4,biobank,"{""biobank_enabled"": false}"
S4,state_dependent_rule,False,600408,0.375,0.125,3,1,150,0,1,0.3333333333333333,1.0,23.0,107.08328467626443,0.5762672779338129,3.7165510406342914,0.0007325512366124307,0.9992674487633876,21,0,0,11158.470858393146,11158.470858393146,11158.470858393146,1.5,0.23097643949222044,0.11651315435556496,0.0008216199929742971,122.25,48.89999999999996,0.0,2,4:flood:reserve|18:heatwave:origin|21:heatwave:alternative|30:wildfire:origin|44:wildfire:reserve|54:funding_collapse|66:wildfire:alternative|88:funding_collapse,0.00416789262926,0.07533141718587069,0.04917545894818613,0.013070057931649968,0.00013145919887588752,0.0008671206286338973,0.0004426088632881819,230272c1a14be090,4,biobank,"{""biobank_enabled"": false}"
S6,rule,False,600408,0.125,0.0,1,0,0,0,1,0.3333333333333333,1.0,27.0,95.2710135301792,0.36653886814015585,0.0,,,0,0,0,11105.35942841052,11105.35942841052,11105.35942841052,1.5,0.7848850525555021,0.07848850525555022,0.00010256410256410256,0.0,0.0,0.0,2,4:flood:reserve|18:heatwave:origin|21:heatwave:alternative|30:wildfire:origin|44:wildfire:reserve|54:funding_collapse|66:wildfire:alternative|88:funding_collapse,0.008160000000000006,0.04818349575911331,0.0,0.0,1.641025641025641e-05,0.0004012258443206325,0.0,230272c1a14be090,4,biobank,"{""biobank_enabled"": false}"
S7,forward_rollout_proxy,False,600408,0.125,0.125,1,1,199,40,0,0.0,0.0,,105.55677255924803,0.6063419519278428,2.488594231131779,0.0049513671878572895,0.9950486328121427,80,0,0,11102.759829230085,11102.759829230085,11102.759829230085,1.5,0.402708721658304,0.1214068144771482,0.0008097304026620622,79.25,31.700000000000045,0.0,3,4:flood:reserve|18:heatwave:origin|21:heatwave:alternative|30:wildfire:origin|44:wildfire:reserve|54:funding_collapse|66:wildfire:alternative|88:funding_collapse,0.006056058520302498,0.0794373598686661,0.02530584394650454,0.014069324930874452,0.00012955686442592997,0.0012186876413946726,0.0005595376990867005,230272c1a14be090,4,biobank,"{""biobank_enabled"": false}"
S4,state_dependent_rule,False,600409,0.5,0.5,4,4,884,767,1,0.3333333333333333,1.0,22.0,248.47187797461268,0.5640222120979258,3.776087678040951,0.01872601575022897,0.9812739842497711,309,0,0,11154.805279848084,11154.805279848082,2788.701319962021,1.5,0.5424535260546572,0.3170062293858752,0.00028506246449195314,145.25,58.09999999999998,0.0,2,21:wildfire:origin|31:funding_collapse|37:wildfire:origin|41:flood:semiwild|82:funding_collapse|92:funding_collapse,0.011781979785838892,0.06729450360490585,0.12887014575998415,0.025739655002036274,4.56099943187125e-05,0.0011562932778490095,0.0001833973312801223,230272c1a14be090,4,biobank,"{""biobank_enabled"": false}"
S6,rule,False,600409,0.125,0.0,1,0,0,0,1,0.3333333333333333,1.0,15.0,101.64901100570565,0.3746770299327449,0.0,,,0,0,0,11143.29512886736,11143.29512886736,11143.29512886736,1.5,0.7457919189994544,0.07457919189994544,0.0002195183428427396,0.0,0.0,0.0,2,21:wildfire:origin|31:funding_collapse|37:wildfire:origin|41:flood:semiwild|82:funding_collapse|92:funding_collapse,0.008320000000000006,0.04806193386807698,0.0,0.0,3.5122934854838344e-05,0.0005059132643233415,0.0,230272c1a14be090,4,biobank,"{""biobank_enabled"": false}"
S7,forward_rollout_proxy,False,600409,0.5,0.5,4,4,769,769,1,0.3333333333333333,1.0,15.0,235.9674749934315,0.49905221842708614,4.070949474019211,0.0003110927983472202,0.9996889072016528,28,0,0,11137.164934703049,11137.164934703049,2784.291233675762,1.5,0.6699999999999999,0.3327094947401921,0.00017800328542678546,33.5,13.399999999999997,0.0,2,21:wildfire:origin|31:funding_collapse|37:wildfire:origin|41:flood:semiwild|82:funding_collapse|92:funding_collapse,0.013068487035527859,0.04365334920746828,0.23573348937814043,0.02128977174892382,2.8480525668285673e-05,0.0010256014158407161,5.8412328325438955e-05,230272c1a14be090,4,biobank,"{""biobank_enabled"": false}"
S4,state_dependent_rule,False,600410,0.75,0.5,6,4,237,176,2,0.6666666666666666,1.0,15.0,193.03586849269942,0.587075876518161,2.554158412334152,0.014313244215820793,0.9856867557841792,229,0,0,11204.01763532267,11204.01763532267,2801.0044088306677,1.5,0.3304875253780432,0.28359033666114586,0.000890026593870301,141.5,56.599999999999966,0.0,1,3:funding_collapse|13:heatwave:origin|87:flood:reserve|96:heatwave:origin|98:funding_collapse|100:flood:reserve,0.012776888138080813,0.07018721364673085,0.12012166509556367,0.01590879712020863,0.00014240425501924812,0.0008224999620963204,0.00023961912965964174,230272c1a14be090,4,biobank,"{""biobank_enabled"": false}"
S6,rule,False,600410,0.625,0.375,5,3,194,194,1,0.3333333333333333,1.0,25.0,247.60653466718227,0.7499306405721248,3.6471308944985474,0.0,1.0,0,0,0,11179.982678736762,11179.982678736764,3726.660892912254,1.5,0.6679081815161162,0.2720121270965971,0.00035356993587647265,0.0,0.0,0.0,2,3:funding_collapse|13:heatwave:origin|87:flood:reserve|96:heatwave:origin|98:funding_collapse|100:flood:reserve,0.01600000000000001,0.06328768667017656,0.0,0.0,5.657118974023563e-05,0.0007251015679585443,0.0,230272c1a14be090,4,biobank,"{""biobank_enabled"": false}"
S7,forward_rollout_proxy,False,600410,0.625,0.5,5,4,488,488,2,0.6666666666666666,1.0,17.0,252.75503020077235,0.5239743525225891,3.5640649010808394,0.00221617302312012,0.9977838269768798,127,0,0,11185.983499788268,11185.983499788268,2796.495874947067,1.5,0.4674549198055242,0.30738614099136086,0.0004088172310947299,67.25,26.90000000000002,0.0,1,3:funding_collapse|13:heatwave:origin|87:flood:reserve|96:heatwave:origin|98:funding_collapse|100:flood:reserve,0.013274587103902885,0.05291431871543599,0.21372803923564207,0.009611147733979865,6.541075697515679e-05,0.0005649505892387874,9.022897742168798e-05,230272c1a14be090,4,biobank,"{""biobank_enabled"": false}"
S4,state_dependent_rule,False,600411,0.625,0.375,5,3,370,310,1,0.3333333333333333,1.0,23.0,222.16134949434152,0.6160790345656169,3.8171432470036115,0.002849538702658486,0.9971504612973415,147,0,0,11131.52854841743,11131.52854841743,3710.509516139143,1.5,0.31816255784454245,0.23873768825449038,0.0007240715358660041,120.25,48.09999999999999,0.0,2,4:wildfire:alternative|31:flood:alternative|46:funding_collapse|65:heatwave:semiwild|72:wildfire:alternative|93:funding_collapse,0.013336593818670412,0.06901533642165553,0.09241602268113308,0.022261234772189664,0.00011585144573856066,0.0012931447154968599,0.00016101159037142616,230272c1a14be090,4,biobank,"{""biobank_enabled"": false}"
S6,rule,False,600411,0.875,0.875,7,7,1134,1134,1,0.3333333333333333,1.0,21.0,688.1835273260568,0.7789345603662603,4.345140670407759,0.0009428970728997534,0.9990571029271003,0,0,0,11161.57801765115,11161.578017651153,1594.5111453787358,1.5,0.9343749629129919,0.5306389029953767,0.0003687319763697959,0.0,0.0,0.0,2,4:wildfire:alternative|31:flood:alternative|46:funding_collapse|65:heatwave:semiwild|72:wildfire:alternative|93:funding_collapse,0.01600000000000001,0.03394898544242337,0.0,0.0,5.899711621916735e-05,0.0010574570750972831,0.0,230272c1a14be090,4,biobank,"{""biobank_enabled"": false}"
S7,forward_rollout_proxy,False,600411,0.75,0.75,6,6,1017,1017,1,0.3333333333333333,1.0,16.0,290.7029856009062,0.5207388179151465,4.49429503794832,0.0008945150959160446,0.9991054849040839,51,0,0,11134.56575572893,11134.56575572893,1855.7609592881552,1.5,0.5220150837257533,0.4346444587520586,0.00044604879382998465,67.25,26.900000000000023,0.0,2,4:wildfire:alternative|31:flood:alternative|46:funding_collapse|65:heatwave:semiwild|72:wildfire:alternative|93:funding_collapse,0.013770561181825734,0.0485071479511116,0.21792251719144193,0.015980255710728693,7.136780701279755e-05,0.0010839005882474146,5.915199303112511e-05,230272c1a14be090,4,biobank,"{""biobank_enabled"": false}"
S4,state_dependent_rule,False,600500,0.375,0.375,3,3,538,366,0,0.0,0.0,,215.09852929602738,0.5900499046980067,4.230191705256371,0.0019505356223291283,0.9980494643776708,253,0,0,11174.046699990158,11174.046699990158,3724.682233330053,1.5,0.3221417327449179,0.2649715444298562,0.0,0.0,59.69999999999995,0.10852727051400368,3,25:flood:origin|39:funding_collapse|40:funding_collapse|42:heatwave:alternative|76:flood:origin|88:heatwave:alternative,0.011209172158523486,0.0704628106700826,0.09495561910357665,0.02665602026771309,0.0,0.0012903205411290291,0.00022168311312124062,db696e239ab32475,5,disease,"{""disease_enabled"": false}"
S6,rule,False,600500,0.625,0.375,5,3,43,43,0,0.0,0.0,,272.13731659370916,0.7386101609896443,1.6903633491311219,0.010933333333333331,0.9890666666666666,0,0,0,11184.522464157932,11184.522464157933,3728.1741547193105,1.5,0.7790138243620831,0.27131940100761986,0.0,0.0,0.0,0.038821925400501583,3,25:flood:origin|39:funding_collapse|40:funding_collapse|42:heatwave:alternative|76:flood:origin|88:heatwave:alternative,0.01600000000000001,0.07455999788614859,0.0,0.0,0.0,0.0008298411242070674,0.0,db696e239ab32475,5,disease,"{""disease_enabled"": false}"
S7,forward_rollout_proxy,False,600500,0.5,0.5,4,4,759,759,0,0.0,0.0,,234.6281148933379,0.5129946499141025,4.196067807149693,0.0004124850045987576,0.9995875149954012,18,0,0,11155.816829150966,11155.816829150966,2788.9542072877416,1.5,0.48221458752565666,0.3452615339412512,0.0,0.0,13.5,0.15039698558594294,3,25:flood:origin|39:funding_collapse|40:funding_collapse|42:heatwave:alternative|76:flood:origin|88:heatwave:alternative,0.013372867381754243,0.04593206069450837,0.22015549581534824,0.021956061148878693,0.0,0.001146626404513462,6.979322490958832e-05,db696e239ab32475,5,disease,"{""disease_enabled"": false}"
S4,state_dependent_rule,False,600501,0.625,0.375,5,3,501,354,1,0.3333333333333333,1.0,31.0,208.7040976778364,0.6222641361083865,3.2556256394775986,0.03782247861382868,0.9621775213861713,217,0,0,11218.288678709449,11218.288678709447,3739.4295595698163,1.5,0.4006286751619905,0.26807216497241015,0.0,0.0,61.29999999999999,0.1335152053071756,2,19:wildfire:alternative|33:heatwave:alternative|37:heatwave:semiwild|43:heatwave:semiwild|73:flood:semiwild|83:wildfire:semiwild|88:wildfire:origin,0.012344875603559824,0.06867562691339182,0.08530242746954322,0.014935552632013484,0.0,0.0009258873142537794,0.00023190001256017209,db696e239ab32475,5,disease,"{""disease_enabled"": false}"
S6,rule,False,600501,0.75,0.75,6,6,589,589,0,0.0,0.0,,671.6923205618332,0.7744348156872881,5.001825933482557,0.0001194027488125429,0.9998805972511875,0,0,0,11244.483912995993,11244.483912995995,1874.0806521659988,1.5,0.8936228616397561,0.4865098496256411,0.0,0.0,0.0,0.04814652063419926,3,19:wildfire:alternative|33:heatwave:alternative|37:heatwave:semiwild|43:heatwave:semiwild|73:flood:semiwild|83:wildfire:semiwild|88:wildfire:origin,0.01600000000000001,0.03858375192017588,0.0,0.0,0.0,0.0009814323925358072,0.0,db696e239ab32475,5,disease,"{""disease_enabled"": false}"
S7,forward_rollout_proxy,False,600501,0.5,0.5,4,4,793,788,1,0.3333333333333333,1.0,32.0,269.0326100165515,0.5825878602464671,5.704466921693811,0.00046306785975302003,0.999536932140247,48,0,0,11209.077312587166,11209.077312587167,2802.2693281467914,1.5,0.5623448206507646,0.3674954768853547,0.0,0.0,29.60000000000002,0.14608162801670083,2,19:wildfire:alternative|33:heatwave:alternative|37:heatwave:semiwild|43:heatwave:semiwild|73:flood:semiwild|83:wildfire:semiwild|88:wildfire:origin,0.013966190402252695,0.04872049687889788,0.15648360891330593,0.01627389712142555,0.0,0.0011167438127229646,7.938074348897429e-05,db696e239ab32475,5,disease,"{""disease_enabled"": false}"
S4,state_dependent_rule,False,600502,0.625,0.5,5,4,537,410,2,0.6666666666666666,1.0,13.5,216.26530408943398,0.5261174533972127,3.888188055761365,0.0005892702321580811,0.999410729767842,181,0,0,11200.462938295104,11200.462938295106,2800.115734573776,1.5,0.30748502617237033,0.3228455308898227,0.0,0.0,52.59999999999999,0.14107573857486025,1,4:funding_collapse|13:funding_collapse|15:flood:origin|20:heatwave:alternative|81:wildfire:alternative,0.012282103589257519,0.06852433328629068,0.1764757834321356,0.02382705033436673,0.0,0.0010802286397893746,0.00017121702399386184,db696e239ab32475,5,disease,"{""disease_enabled"": false}"
S6,rule,False,600502,0.375,0.25,3,2,120,120,1,0.3333333333333333,1.0,18.0,156.21158431824588,0.7390014693906801,5.21309462915601,0.0,1.0,0,0,0,11156.91611015487,11156.91611015487,5578.458055077435,1.5,0.8324226964602636,0.2534442578495288,0.0,0.0,0.0,0.027855209559711606,2,4:funding_collapse|13:funding_collapse|15:flood:origin|20:heatwave:alternative|81:wildfire:alternative,0.01600000000000001,0.07396726942796356,0.0,0.0,0.0,0.0010312611813564343,0.0,db696e239ab32475,5,disease,"{""disease_enabled"": false}"
S7,forward_rollout_proxy,False,600502,0.5,0.5,4,4,729,729,1,0.3333333333333333,1.0,16.0,229.13581614285408,0.49381244037773087,4.4500375343636165,0.0,1.0,28,0,0,11184.641183983718,11184.64118398372,2796.1602959959296,1.5,0.4602553017921697,0.345094033789483,0.0,0.0,12.299999999999997,0.14784064133314934,2,4:funding_collapse|13:funding_collapse|15:flood:origin|20:heatwave:alternative|81:wildfire:alternative,0.012869981021011206,0.046190649642335796,0.2341716589155396,0.025308864593651084,0.0,0.0011023564010267898,5.778114820775044e-05,db696e239ab32475,5,disease,"{""disease_enabled"": false}"
S4,state_dependent_rule,False,600503,0.625,0.5,5,4,383,334,1,0.3333333333333333,1.0,21.0,220.2596431344802,0.6058171944732872,3.7926931087004134,0.00228820623658778,0.9977117937634122,206,0,0,11224.658797368405,11224.658797368404,2806.1646993421014,1.5,0.3257838136174102,0.32319152167392873,0.0,0.0,58.09999999999996,0.13843104612591783,2,2:flood:semiwild|80:flood:alternative|100:flood:reserve,0.013229891484437001,0.07106159042786038,0.1026240185818315,0.019176484509394603,0.0,0.0010584502173444361,0.00019435819319328876,db696e239ab32475,5,disease,"{""disease_enabled"": false}"
S6,rule,False,600503,0.75,0.75,6,6,946,946,1,0.3333333333333333,1.0,30.0,656.157013991014,0.780585514431103,5.368142795390155,0.003331219038975996,0.996668780961024,0,0,0,11257.357186533314,11257.357186533316,1876.2261977555524,1.5,0.8410016213668836,0.4850020410333425,0.0,0.0,0.0,0.048602254713762734,2,2:flood:semiwild|80:flood:alternative|100:flood:reserve,0.01600000000000001,0.03235127485931252,0.0,0.0,0.0,0.001063210709584407,0.0,db696e239ab32475,5,disease,"{""disease_enabled"": false}"
S7,forward_rollout_proxy,False,600503,0.75,0.625,6,5,805,805,0,0.0,0.0,,283.03002606868404,0.5624257620873955,3.878386681719763,0.004756138629191543,0.9952438613708084,16,0,0,11217.101750411202,11217.101750411202,2243.4203500822405,1.5,0.5566767147787871,0.412309254377029,0.0,0.0,27.30000000000002,0.18303858040976326,3,2:flood:semiwild|80:flood:alternative|100:flood:reserve,0.014121800890320368,0.05242216231627901,0.17666407920258467,0.013268370480225016,0.0,0.0009337030286145806,6.241019538839843e-05,db696e239ab32475,5,disease,"{""disease_enabled"": false}"
S4,state_dependent_rule,False,600504,0.5,0.375,4,3,457,379,1,0.3333333333333333,1.0,24.0,203.59987328723662,0.6347028503963233,2.9386636158940473,0.014889628069057595,0.9851103719309424,267,0,0,11245.558079584336,11245.558079584334,3748.5193598614455,1.5,0.5448493999676941,0.2739522672423072,0.0,0.0,58.39999999999998,0.10665345543298649,2,57:flood:origin|78:flood:origin,0.01274667160256078,0.0697548436268902,0.07181575407633925,0.01653173885003623,0.0,0.0009116737180151793,0.00022629646008802572,db696e239ab32475,5,disease,"{""disease_enabled"": false}"
S6,rule,False,600504,0.875,0.0,7,0,0,0,0,0.0,0.0,,395.7239551130107,0.7358155357526495,0.0,,,0,0,0,11257.357186533314,11257.357186533316,11257.357186533314,1.5,0.7662103466325577,0.08463965262096948,0.0,0.0,0.0,0.04009308978856855,3,57:flood:origin|78:flood:origin,0.01584000000000001,0.06918487730742262,0.0,0.0,0.0,0.0008595869399281668,0.0,db696e239ab32475,5,disease,"{""disease_enabled"": false}"
S7,forward_rollout_proxy,False,600504,0.5,0.5,4,4,755,755,1,0.3333333333333333,1.0,15.0,235.98100164265568,0.5862928099703946,3.0538728284893693,0.0013288608811308869,0.9986711391188691,27,0,0,11215.504568097465,11215.504568097465,2803.8761420243663,1.5,0.6699999999999999,0.35065297968525966,0.0,0.0,14.399999999999995,0.1405712570018298,2,57:flood:origin|78:flood:origin,0.01398601882802192,0.046923896031917905,0.1584559487969045,0.012544054071481648,0.0,0.0008527113317314748,5.374128158355468e-05,db696e239ab32475,5,disease,"{""disease_enabled"": false}"
S4,state_dependent_rule,False,600505,0.625,0.375,5,3,271,66,0,0.0,0.0,,183.57348196200118,0.6156576022768673,3.2645576103435885,0.004702623955083166,0.9952973760449169,179,0,0,11196.970944400968,11196.970944400968,3732.3236481336558,1.5,0.44428287956065765,0.26925693539937606,0.0,0.0,66.69999999999997,0.117165356699372,3,52:heatwave:reserve|53:heatwave:origin|62:heatwave:origin|73:funding_collapse,0.0094493155026449,0.07639738875256961,0.0609393308110898,0.009591768056582985,0.0,0.0008016354628120794,0.0003070800484764277,db696e239ab32475,5,disease,"{""disease_enabled"": false}"
S6,rule,False,600505,0.75,0.0,6,0,0,0,0,0.0,0.0,,325.1045725853276,0.5927424299486875,0.0,,,0,0,0,11224.317186533313,11224.317186533317,11224.317186533313,1.5,0.7279554791224481,0.07888773438761452,0.0,0.0,0.0,0.030460932376848604,3,52:heatwave:reserve|53:heatwave:origin|62:heatwave:origin|73:funding_collapse,0.01280000000000001,0.057461482772610796,0.0,0.0,0.0,0.0009960872787015578,0.0,db696e239ab32475,5,disease,"{""disease_enabled"": false}"
S7,forward_rollout_proxy,False,600505,0.75,0.5,6,4,722,722,1,0.3333333333333333,1.0,17.0,315.0126896164837,0.7089765054137602,2.694035907688244,0.004923311308634658,0.9950766886913653,170,0,0,11191.175804667135,11191.175804667135,2797.7939511667837,1.5,0.5850384679567614,0.3435951183292771,0.0,0.0,33.40000000000002,0.1657545622835924,2,52:heatwave:reserve|53:heatwave:origin|62:heatwave:origin|73:funding_collapse,0.01558354091313644,0.05872128199473406,0.022771968691202862,0.008184184046986313,0.0,0.0009849353914990718,0.00011698980016562689,db696e239ab32475,5,disease,"{""disease_enabled"": false}"
S4,state_dependent_rule,False,600506,0.625,0.5,5,4,576,504,1,0.3333333333333333,1.0,19.0,219.64664574317297,0.5509977215802839,3.2551116171440486,0.002057791497657369,0.9979422085023426,210,0,0,11156.948783595137,11156.948783595137,2789.237195898784,1.5,0.3243510420467141,0.3157408181299671,0.0,0.0,60.49999999999998,0.12877298876927595,2,13:heatwave:alternative|18:wildfire:origin|37:heatwave:alternative|41:heatwave:semiwild|56:heatwave:semiwild|57:funding_collapse|67:heatwave:alternative|74:funding_collapse,0.012334653301088405,0.06962527379371146,0.15469831989676713,0.018975347338469364,0.0,0.001007296811861568,0.00021110274136305893,db696e239ab32475,5,disease,"{""disease_enabled"": false}"
S6,rule,False,600506,0.375,0.375,3,3,312,312,0,0.0,0.0,,247.8554795162555,0.7468399045395158,4.429892486330761,0.0,1.0,0,0,0,11137.519381900705,11137.519381900707,3712.5064606335686,1.5,0.8134000009843664,0.30082971176300044,0.0,0.0,0.0,0.03220393400628085,3,13:heatwave:alternative|18:wildfire:origin|37:heatwave:alternative|41:heatwave:semiwild|56:heatwave:semiwild|57:funding_collapse|67:heatwave:alternative|74:funding_collapse,0.01600000000000001,0.06657899207979394,0.0,0.0,0.0,0.0005811033806902774,0.0,db696e239ab32475,5,disease,"{""disease_enabled"": false}"
S7,forward_rollout_proxy,False,600506,0.875,0.75,7,6,1050,1050,0,0.0,0.0,,206.51094527677043,0.4128966990039001,3.438688059480231,0.00047967139373552133,0.9995203286062645,45,0,0,11142.459250708234,11142.459250708234,1857.0765417847058,1.5,0.4358910266666666,0.4579750426415508,0.0,0.0,17.800000000000008,0.21249529690040908,3,13:heatwave:alternative|18:wildfire:origin|37:heatwave:alternative|41:heatwave:semiwild|56:heatwave:semiwild|57:funding_collapse|67:heatwave:alternative|74:funding_collapse,0.01308340595553294,0.04676689164998335,0.3196540797118504,0.021001395616996085,0.0,0.0010031910301295185,7.075527700243864e-05,db696e239ab32475,5,disease,"{""disease_enabled"": false}"
S4,state_dependent_rule,False,600507,0.5,0.25,4,2,282,262,1,0.3333333333333333,1.0,8.0,157.56648409851408,0.5923761719770628,3.3694281941941044,2.811687718995586e-06,0.999997188312281,159,0,0,11282.773115895528,11282.773115895528,5641.386557947764,1.5,0.5458318769263097,0.22071132220839595,0.0,0.0,45.7,0.0996692628691196,2,1:wildfire:origin|6:heatwave:semiwild|40:wildfire:origin|52:flood:semiwild|100:funding_collapse,0.012052381062662812,0.06784462426836524,0.12249765408031746,0.01210064819186799,0.0,0.0005902163574587178,0.00021973088071880882,db696e239ab32475,5,disease,"{""disease_enabled"": false}"
S6,rule,False,600507,0.375,0.0,3,0,0,0,1,0.3333333333333333,1.0,11.0,53.3810228510956,0.6974386417780479,0.0,,,0,0,0,11188.885302981802,11188.885302981802,11188.885302981802,1.5,0.809895566057326,0.08501486271725606,0.0,0.0,0.0,0.02012653055761723,2,1:wildfire:origin|6:heatwave:semiwild|40:wildfire:origin|52:flood:semiwild|100:funding_collapse,0.015520000000000011,0.09152382328483238,0.0,0.0,0.0,0.0006175349371200342,0.0,db696e239ab32475,5,disease,"{""disease_enabled"": false}"
S7,forward_rollout_proxy,False,600507,0.625,0.625,5,5,843,843,1,0.3333333333333333,1.0,11.0,198.96253193215136,0.4609019096194467,2.997846110590789,0.0032521234821952837,0.9967478765178047,29,0,0,11261.89254290656,11261.89254290656,2252.378508581312,1.5,0.6699999999999999,0.41190908391645026,0.0,0.0,12.499999999999998,0.1684031140527117,2,1:wildfire:origin|6:heatwave:semiwild|40:wildfire:origin|52:flood:semiwild|100:funding_collapse,0.012545462166431567,0.04588137052221361,0.2651206015774641,0.025778604142725307,0.0,0.001047960082052971,9.60457398699694e-05,db696e239ab32475,5,disease,"{""disease_enabled"": false}"
S4,state_dependent_rule,False,600508,0.25,0.25,2,2,311,178,2,0.6666666666666666,1.0,14.5,106.57449969065817,0.5851029672488355,2.4265156780180694,0.15659247459145384,0.8434075254085461,199,0,0,11242.212635976455,11242.212635976455,5621.106317988228,1.5,0.4337631322519417,0.19499782018136855,0.0,0.0,57.29999999999996,0.07428175087996836,1,6:heatwave:reserve|9:wildfire:origin|39:funding_collapse|59:heatwave:semiwild|62:flood:origin|77:flood:semiwild|82:funding_collapse,0.004781343459405399,0.07378348384623022,0.04250496566099431,0.012130751541703183,0.0,0.0008224415855541747,0.0005499694652844122,db696e239ab32475,5,disease,"{""disease_enabled"": false}"
S6,rule,False,600508,0.0,0.0,0,0,0,0,2,0.6666666666666666,1.0,19.0,37.53625975071953,0.2946752407850057,0.0,,,0,0,0,11104.992676044454,11104.992676044454,11104.992676044454,1.5,0.7889892345677457,0.08070514905048433,0.0,0.0,0.0,0.009031127968548764,1,6:heatwave:reserve|9:wildfire:origin|39:funding_collapse|59:heatwave:semiwild|62:flood:origin|77:flood:semiwild|82:funding_collapse,0.006560000000000005,0.038659880223459814,0.0,0.0,0.0,0.0004048789915346003,0.0,db696e239ab32475,5,disease,"{""disease_enabled"": false}"
S7,forward_rollout_proxy,False,600508,0.125,0.0,1,0,0,0,2,0.6666666666666666,1.0,14.0,32.822240764112316,0.39853262241576914,0.0,,,27,0,0,11151.127119662566,11151.127119662568,11151.127119662566,1.5,0.5723665089407602,0.06548145491638353,0.0,0.0,11.199999999999996,0.041224020111537515,1,6:heatwave:reserve|9:wildfire:origin|39:funding_collapse|59:heatwave:semiwild|62:flood:origin|77:flood:semiwild|82:funding_collapse,0.007285550689558493,0.04785436973332758,0.0008247197193406491,0.004204637581747482,0.0,0.0006720010844437709,0.0007488949289565951,db696e239ab32475,5,disease,"{""disease_enabled"": false}"
S4,state_dependent_rule,False,600509,0.5,0.5,4,4,692,451,0,0.0,0.0,,230.46177362711256,0.5928836818073401,2.978212066008052,0.007717373335387101,0.9922826266646129,243,0,0,11180.364794413963,11180.364794413963,2795.0911986034907,1.5,0.4230092788204421,0.321388452205961,0.0,0.0,60.09999999999996,0.12152701831918128,3,2:wildfire:semiwild|3:wildfire:semiwild|24:heatwave:alternative|30:wildfire:origin|77:funding_collapse|91:flood:origin,0.01160818488728942,0.07074172272511599,0.10287822719444645,0.0184891795628525,0.0,0.0009555100175697619,0.00020785925179380728,db696e239ab32475,5,disease,"{""disease_enabled"": false}"
S6,rule,False,600509,0.625,0.375,5,3,33,33,0,0.0,0.0,,264.7824585963111,0.7391890298481246,2.4271386430678468,0.005466666666666666,0.9945333333333334,0,0,0,11204.196656756598,11204.1966567566,3734.732218918866,1.5,0.7515846291901654,0.2757502309640235,0.0,0.0,0.0,0.037851908071642494,3,2:wildfire:semiwild|3:wildfire:semiwild|24:heatwave:alternative|30:wildfire:origin|77:funding_collapse|91:flood:origin,0.01600000000000001,0.07398350385573119,0.0,0.0,0.0,0.0008274662961439655,0.0,db696e239ab32475,5,disease,"{""disease_enabled"": false}"
S7,forward_rollout_proxy,False,600509,0.5,0.5,4,4,767,767,0,0.0,0.0,,238.66386552784502,0.5292224737772124,2.837099593471395,0.005796396780232049,0.994203603219768,79,0,0,11178.160305230807,11178.16030523081,2794.540076307702,1.5,0.5833193804341693,0.3410728002583646,0.0,0.0,17.099999999999998,0.1468493314011685,3,2:wildfire:semiwild|3:wildfire:semiwild|24:heatwave:alternative|30:wildfire:origin|77:funding_collapse|91:flood:origin,0.013225594199636205,0.04603086918354455,0.20743832615894037,0.017891377340540745,0.0,0.0009779604235734024,7.759881064107923e-05,db696e239ab32475,5,disease,"{""disease_enabled"": false}"
S4,state_dependent_rule,False,600510,0.625,0.5,5,4,429,343,2,0.6666666666666666,1.0,22.5,204.19210246811667,0.6422688729990235,2.7929584386674025,0.0787783056025985,0.9212216943974015,287,0,0,11165.44612364872,11165.446123648719,2791.36153091218,1.5,0.5427344443309938,0.3319457322875033,0.0,0.0,60.99999999999995,0.12371351733864938,1,25:funding_collapse|43:flood:origin|95:funding_collapse,0.01229593965814241,0.07101590523589099,0.06714863495598113,0.009497163343917044,0.0,0.0007537408383133886,0.00024404118829720106,db696e239ab32475,5,disease,"{""disease_enabled"": false}"
S6,rule,False,600510,0.875,0.5,7,4,413,413,1,0.3333333333333333,1.0,59.0,424.85057809684355,0.7582787015511065,5.019258204399846,0.0,1.0,0,0,0,11194.186047049365,11194.186047049367,2798.546511762341,1.5,0.8881804489114066,0.3731737001912793,0.0,0.0,0.0,0.04581536628070089,2,25:funding_collapse|43:flood:origin|95:funding_collapse,0.01600000000000001,0.05474331715266342,0.0,0.0,0.0,0.0009779812962299574,0.0,db696e239ab32475,5,disease,"{""disease_enabled"": false}"
S7,forward_rollout_proxy,False,600510,0.625,0.625,5,5,1058,1058,0,0.0,0.0,,301.61180357906727,0.5507120001253673,4.173177724210076,0.005872094177995913,0.994127905822004,19,0,0,11160.592698611257,11160.592698611257,2232.1185397222516,1.5,0.6699999999999999,0.42365727336917613,0.0,0.0,17.299999999999997,0.16837748063537697,3,25:funding_collapse|43:flood:origin|95:funding_collapse,0.013967050572135766,0.046388857915514704,0.19037017058135894,0.014698163170915513,0.0,0.0009447334885118315,4.5217610125337125e-05,db696e239ab32475,5,disease,"{""disease_enabled"": false}"
S4,state_dependent_rule,False,600511,0.625,0.5,5,4,361,194,2,0.6666666666666666,1.0,27.5,213.10832574586624,0.6242036438083336,2.7990751309529154,0.004082222088918009,0.9959177779110819,236,0,0,11241.899511933905,11241.899511933905,2810.4748779834763,1.5,0.4280296297262942,0.3215949243118825,0.0,0.0,72.59999999999998,0.12900605014861977,1,11:heatwave:semiwild|65:flood:reserve|78:wildfire:semiwild,0.011153376419114196,0.07335479005018969,0.06220340774892883,0.014577176755606457,0.0,0.0010382260495525077,0.0002877752525578963,db696e239ab32475,5,disease,"{""disease_enabled"": false}"
S6,rule,False,600511,0.625,0.625,5,5,921,921,1,0.3333333333333333,1.0,32.0,639.3061484752889,0.7806343687033112,6.078910554882061,0.0,1.0,0,0,0,11257.357186533314,11257.357186533316,2251.4714373066627,1.5,0.9618319999999998,0.44633781129362826,0.0,0.0,0.0,0.0405775287240384,2,11:heatwave:semiwild|65:flood:reserve|78:wildfire:semiwild,0.01600000000000001,0.032371913781009065,0.0,0.0,0.0,0.0009937175156797574,0.0,db696e239ab32475,5,disease,"{""disease_enabled"": false}"
S7,forward_rollout_proxy,False,600511,0.625,0.625,5,5,665,665,2,0.6666666666666666,1.0,38.0,296.58697257168205,0.6683220462409776,3.205075560582409,0.002486707784518192,0.9975132922154818,214,0,0,11226.008356944683,11226.008356944683,2245.2016713889366,1.5,0.638845024644005,0.4083604611786576,0.0,0.0,40.10000000000005,0.1558760155421649,1,11:heatwave:semiwild|65:flood:reserve|78:wildfire:semiwild,0.014621468076842907,0.06326387048751882,0.05887043685323769,0.010924902433292622,0.0,0.0009284579446752556,0.00011911355469513039,db696e239ab32475,5,disease,"{""disease_enabled"": false}"
S4,state_dependent_rule,False,600600,0.5,0.375,4,3,422,3,1,0.3333333333333333,1.0,22.0,284.4,1.0,3.463399928658985,0.01786617223501837,0.9821338277649816,147,0,0,11224.009838195821,11224.009838195821,3741.3366127319405,1.5,0.34918707010959743,0.259494710145221,0.0005966624710767367,171.5,68.59999999999997,0.10596001923835713,2,1:wildfire:semiwild|3:flood:semiwild|42:flood:reserve|45:heatwave:alternative,0.0,0.0,0.0,0.0,0.0,0.0,0.0,920c47f3f873d223,6,welfare,"{""welfare_enabled"": false}"
S6,rule,False,600600,0.75,0.75,6,6,978,978,1,0.3333333333333333,1.0,20.0,869.38,1.0,5.759464601008745,0.0,1.0,0,0,0,11257.25145857291,11257.251458572911,1876.2085764288183,1.5,0.9618319999999998,0.5006177078307528,0.0003254606593839464,0.0,0.0,0.046699309103326446,2,1:wildfire:semiwild|3:flood:semiwild|42:flood:reserve|45:heatwave:alternative,0.0,0.0,0.0,0.0,0.0,0.0,0.0,920c47f3f873d223,6,welfare,"{""welfare_enabled"": false}"
S7,forward_rollout_proxy,False,600600,0.625,0.25,5,2,253,231,1,0.3333333333333333,1.0,28.0,308.04,1.0,3.5505599082629953,0.009137100773219112,0.9908628992267808,144,0,0,11213.10313909924,11213.10313909924,5606.55156954962,1.5,0.5939653748111459,0.2329903871751663,0.00036561480484830134,86.5,34.60000000000003,0.12794125305710877,2,1:wildfire:semiwild|3:flood:semiwild|42:flood:reserve|45:heatwave:alternative,0.0,0.0,0.0,0.0,0.0,0.0,0.0,920c47f3f873d223,6,welfare,"{""welfare_enabled"": false}"
S4,state_dependent_rule,False,600601,0.625,0.375,5,3,479,192,1,0.3333333333333333,1.0,23.0,320.34,1.0,3.242961508157309,0.03427968848344474,0.9657203115165552,171,0,0,11163.98433745933,11163.98433745933,3721.328112486443,1.5,0.3598309153382617,0.2589963039891751,0.0005046249533822781,159.25,63.69999999999995,0.10916798686887905,2,2:wildfire:reserve|47:flood:origin|76:flood:reserve,0.0,0.0,0.0,0.0,0.0,0.0,0.0,920c47f3f873d223,6,welfare,"{""welfare_enabled"": false}"
S6,rule,False,600601,0.875,0.5,7,4,291,291,1,0.3333333333333333,1.0,13.0,544.71,1.0,3.979138133741249,0.0,1.0,0,0,0,11214.66503213158,11214.66503213158,2803.666258032895,1.5,0.8793636067688886,0.3614982710336886,0.00034795037510776833,0.0,0.0,0.0438526450969363,2,2:wildfire:reserve|47:flood:origin|76:flood:reserve,0.0,0.0,0.0,0.0,0.0,0.0,0.0,920c47f3f873d223,6,welfare,"{""welfare_enabled"": false}"
S7,forward_rollout_proxy,False,600601,0.5,0.5,4,4,855,740,1,0.3333333333333333,1.0,13.0,399.73,1.0,2.4894928487132066,0.013754263910251375,0.9862457360897486,132,0,0,11151.233795255534,11151.233795255535,2787.8084488138834,1.5,0.5005020704325305,0.32893914121971846,0.0007980381480635952,62.0,24.80000000000001,0.14497002844666648,2,2:wildfire:reserve|47:flood:origin|76:flood:reserve,0.0,0.0,0.0,0.0,0.0,0.0,0.0,920c47f3f873d223,6,welfare,"{""welfare_enabled"": false}"
S4,state_dependent_rule,False,600602,0.625,0.375,5,3,355,273,0,0.0,0.0,,372.25,1.0,3.4522451734549477,0.004880366458447899,0.9951196335415521,339,0,0,11166.725663944466,11166.725663944468,3722.2418879814886,1.5,0.46799953358662455,0.2725250426151168,0.0004168884771192061,195.5,78.20000000000005,0.11226318760952421,3,22:heatwave:semiwild|64:flood:origin|78:funding_collapse|88:funding_collapse|88:wildfire:alternative,0.0,0.0,0.0,0.0,0.0,0.0,0.0,920c47f3f873d223,6,welfare,"{""welfare_enabled"": false}"
S6,rule,False,600602,0.75,0.625,6,5,446,446,1,0.3333333333333333,1.0,17.0,694.92,1.0,4.709537075280661,0.0,1.0,0,0,0,11191.277186533312,11191.277186533314,2238.2554373066623,1.5,0.8752751002387216,0.42471183733034135,0.00012233950872102503,0.0,0.0,0.044194782768312714,2,22:heatwave:semiwild|64:flood:origin|78:funding_collapse|88:funding_collapse|88:wildfire:alternative,0.0,0.0,0.0,0.0,0.0,0.0,0.0,920c47f3f873d223,6,welfare,"{""welfare_enabled"": false}"
S7,forward_rollout_proxy,False,600602,0.625,0.625,5,5,900,900,1,0.3333333333333333,1.0,16.0,593.99,1.0,4.232498317252921,0.0011942035901584594,0.9988057964098416,44,0,0,11158.204674155311,11158.20467415531,2231.640934831062,1.5,0.6285959610626497,0.42005919419489673,0.00020402089416201672,58.25,23.30000000000002,0.168123074580513,2,22:heatwave:semiwild|64:flood:origin|78:funding_collapse|88:funding_collapse|88:wildfire:alternative,0.0,0.0,0.0,0.0,0.0,0.0,0.0,920c47f3f873d223,6,welfare,"{""welfare_enabled"": false}"
S4,state_dependent_rule,False,600603,0.75,0.5,6,4,124,13,0,0.0,0.0,,378.92,1.0,3.1949129543798462,0.00616743896851501,0.993832561031485,151,0,0,11189.093949088732,11189.093949088732,2797.273487272183,1.5,0.2671338277783358,0.3127495971510999,0.0004713737670232399,164.75,65.89999999999996,0.14543542414733945,3,24:flood:alternative|30:flood:alternative|46:funding_collapse|78:wildfire:reserve,0.0,0.0,0.0,0.0,0.0,0.0,0.0,920c47f3f873d223,6,welfare,"{""welfare_enabled"": false}"
S6,rule,False,600603,0.875,0.875,7,7,1141,1141,0,0.0,0.0,,936.87,1.0,5.659676803384777,0.0,1.0,0,0,0,11202.981999871121,11202.981999871125,1600.4259999815888,1.5,0.9469115251401371,0.5556917882012601,0.0002029883857497064,0.0,0.0,0.05326933826699297,3,24:flood:alternative|30:flood:alternative|46:funding_collapse|78:wildfire:reserve,0.0,0.0,0.0,0.0,0.0,0.0,0.0,920c47f3f873d223,6,welfare,"{""welfare_enabled"": false}"
S7,forward_rollout_proxy,False,600603,0.75,0.625,6,5,560,560,0,0.0,0.0,,518.9,1.0,3.7415254774491347,0.0014035663840272904,0.9985964336159727,36,0,0,11166.988691289138,11166.988691289138,2233.3977382578278,1.5,0.48956894425145786,0.4015518149404987,0.00021270777440263706,65.75,26.30000000000003,0.1696483287043078,3,24:flood:alternative|30:flood:alternative|46:funding_collapse|78:wildfire:reserve,0.0,0.0,0.0,0.0,0.0,0.0,0.0,920c47f3f873d223,6,welfare,"{""welfare_enabled"": false}"
S4,state_dependent_rule,False,600604,0.5,0.5,4,4,407,276,1,0.3333333333333333,1.0,25.0,290.45,1.0,2.9282025092364288,0.01509327402726978,0.9849067259727302,224,0,0,11206.106221857004,11206.106221857004,2801.526555464251,1.5,0.4646661636063065,0.32655964433532286,0.0005304383586625342,170.0,67.99999999999997,0.1290550144116394,2,51:heatwave:reserve|60:heatwave:origin|80:funding_collapse|86:flood:origin|91:wildfire:origin,0.0,0.0,0.0,0.0,0.0,0.0,0.0,920c47f3f873d223,6,welfare,"{""welfare_enabled"": false}"
S6,rule,False,600604,0.875,0.375,7,3,34,34,1,0.3333333333333333,1.0,23.0,635.22,1.0,3.1596611274030626,0.0,1.0,0,0,0,11224.317186533313,11224.317186533315,3741.439062177771,1.5,0.762462027179212,0.2863265290720759,0.00017242008227801899,0.0,0.0,0.04866857540062022,2,51:heatwave:reserve|60:heatwave:origin|80:funding_collapse|86:flood:origin|91:wildfire:origin,0.0,0.0,0.0,0.0,0.0,0.0,0.0,920c47f3f873d223,6,welfare,"{""welfare_enabled"": false}"
S7,forward_rollout_proxy,False,600604,0.625,0.5,5,4,890,890,1,0.3333333333333333,1.0,25.0,471.96,1.0,2.6727951216198376,0.007899402123143065,0.9921005978768569,147,0,0,11189.424715961193,11189.424715961193,2797.3561789902983,1.5,0.6051387004726868,0.34250999600072707,0.0003774292405733792,78.0,31.200000000000024,0.15134087368630011,2,51:heatwave:reserve|60:heatwave:origin|80:funding_collapse|86:flood:origin|91:wildfire:origin,0.0,0.0,0.0,0.0,0.0,0.0,0.0,920c47f3f873d223,6,welfare,"{""welfare_enabled"": false}"
S4,state_dependent_rule,False,600605,0.5,0.5,4,4,392,373,1,0.3333333333333333,1.0,35.0,348.45,1.0,3.211339392750507,0.007967270224632518,0.9920327297753675,148,0,0,11252.644700464503,11252.644700464505,2813.161175116126,1.5,0.5450364867589305,0.33552326640998886,7.876344086021507e-05,105.25,42.1,0.11953111903295367,2,9:wildfire:origin|14:funding_collapse|51:wildfire:semiwild|93:heatwave:semiwild,0.0,0.0,0.0,0.0,0.0,0.0,0.0,920c47f3f873d223,6,welfare,"{""welfare_enabled"": false}"
S6,rule,False,600605,0.125,0.0,1,0,0,0,0,0.0,0.0,,50.21,0.54,0.0,,,0,0,0,11185.919878605031,11185.919878605033,11185.919878605031,1.5,0.83440962459395,0.08545131813163348,8.057620683158702e-05,0.0,0.0,0.010051778361192408,3,9:wildfire:origin|14:funding_collapse|51:wildfire:semiwild|93:heatwave:semiwild,0.0,0.0,0.0,0.0,0.0,0.0,0.0,920c47f3f873d223,6,welfare,"{""welfare_enabled"": false}"
S7,forward_rollout_proxy,False,600605,0.625,0.625,5,5,986,986,0,0.0,0.0,,656.58,1.0,2.9376330418496357,0.0011093315565738914,0.9988906684434261,27,0,0,11243.405558575967,11243.405558575967,2248.6811117151933,1.5,0.6699999999999999,0.410755338242979,5.319148936170213e-05,30.5,12.199999999999998,0.16564503912241313,3,9:wildfire:origin|14:funding_collapse|51:wildfire:semiwild|93:heatwave:semiwild,0.0,0.0,0.0,0.0,0.0,0.0,0.0,920c47f3f873d223,6,welfare,"{""welfare_enabled"": false}"
S4,state_dependent_rule,False,600606,0.375,0.25,3,2,249,34,0,0.0,0.0,,200.49,1.0,2.7954215808365688,0.007819387714980693,0.9921806122850193,180,0,0,11194.832815086484,11194.832815086484,5597.416407543242,1.5,0.31854793299814993,0.1910406473654161,0.0005894995443647495,151.5,60.599999999999966,0.09365819128617697,3,22:heatwave:semiwild|24:wildfire:reserve|43:funding_collapse|47:heatwave:reserve|73:heatwave:reserve,0.0,0.0,0.0,0.0,0.0,0.0,0.0,920c47f3f873d223,6,welfare,"{""welfare_enabled"": false}"
S6,rule,False,600606,0.875,0.875,7,7,1162,1162,0,0.0,0.0,,944.97,1.0,4.862868557868656,0.0,1.0,0,0,0,11216.382044553693,11216.382044553695,1602.340292079099,1.5,0.887108577031268,0.5421021255434046,0.0,0.0,0.0,0.05506291130795686,3,22:heatwave:semiwild|24:wildfire:reserve|43:funding_collapse|47:heatwave:reserve|73:heatwave:reserve,0.0,0.0,0.0,0.0,0.0,0.0,0.0,920c47f3f873d223,6,welfare,"{""welfare_enabled"": false}"
S7,forward_rollout_proxy,False,600606,0.5,0.375,4,3,556,556,0,0.0,0.0,,322.8,1.0,3.402429447666917,0.0002857791752598282,0.9997142208247402,28,0,0,11161.230535600134,11161.230535600134,3720.4101785333783,1.5,0.45125100791426953,0.27534079185343807,3.472222222222222e-05,52.0,20.8,0.1372069829267097,3,22:heatwave:semiwild|24:wildfire:reserve|43:funding_collapse|47:heatwave:reserve|73:heatwave:reserve,0.0,0.0,0.0,0.0,0.0,0.0,0.0,920c47f3f873d223,6,welfare,"{""welfare_enabled"": false}"
S4,state_dependent_rule,False,600607,0.5,0.5,4,4,686,491,1,0.3333333333333333,1.0,37.0,398.26,1.0,3.0086340743458777,0.008108552334981083,0.9918914476650189,205,0,0,11170.324940593275,11170.324940593275,2792.5812351483187,1.5,0.4263190492036904,0.320084930647542,0.0006486760612919184,127.0,50.79999999999998,0.11183342491857093,2,1:heatwave:semiwild|14:heatwave:alternative|44:heatwave:origin|66:funding_collapse|66:heatwave:origin,0.0,0.0,0.0,0.0,0.0,0.0,0.0,920c47f3f873d223,6,welfare,"{""welfare_enabled"": false}"
S6,rule,False,600607,0.625,0.0,5,0,0,0,0,0.0,0.0,,365.81,0.91,0.0,,,0,0,0,11195.527607639695,11195.527607639695,11195.527607639695,1.5,0.7701352007164016,0.08266958365585554,0.00016606965872997294,0.0,0.0,0.028280317921076888,3,1:heatwave:semiwild|14:heatwave:alternative|44:heatwave:origin|66:funding_collapse|66:heatwave:origin,0.0,0.0,0.0,0.0,0.0,0.0,0.0,920c47f3f873d223,6,welfare,"{""welfare_enabled"": false}"
S7,forward_rollout_proxy,False,600607,0.5,0.5,4,4,778,778,1,0.3333333333333333,1.0,46.0,515.16,1.0,3.944157864508065,0.0010652069650199845,0.99893479303498,20,0,0,11158.912463817886,11158.912463817887,2789.7281159544714,1.5,0.5865461378260667,0.3511110417556201,0.00021402364134020136,43.0,17.200000000000003,0.14007424663966384,2,1:heatwave:semiwild|14:heatwave:alternative|44:heatwave:origin|66:funding_collapse|66:heatwave:origin,0.0,0.0,0.0,0.0,0.0,0.0,0.0,920c47f3f873d223,6,welfare,"{""welfare_enabled"": false}"
S4,state_dependent_rule,False,600608,0.5,0.25,4,2,359,54,1,0.3333333333333333,1.0,13.0,264.66,1.0,2.479498967854294,0.009946091830399255,0.9900539081696007,152,0,0,11188.171080864882,11188.171080864882,5594.085540432441,1.5,0.37723249354542027,0.193457614619522,0.00025500437772668584,160.5,64.19999999999996,0.09219687793218515,2,38:wildfire:reserve|41:heatwave:reserve|50:heatwave:origin|74:funding_collapse|76:wildfire:origin,0.0,0.0,0.0,0.0,0.0,0.0,0.0,920c47f3f873d223,6,welfare,"{""welfare_enabled"": false}"
S6,rule,False,600608,0.75,0.25,6,2,3,3,0,0.0,0.0,,465.33,1.0,1.5,0.032799999999999996,0.9672000000000001,0,0,0,11223.379258773235,11223.379258773237,5611.6896293866175,1.5,0.76292731441232,0.21171909349891097,0.0003724429172002145,0.0,0.0,0.039631810288394784,3,38:wildfire:reserve|41:heatwave:reserve|50:heatwave:origin|74:funding_collapse|76:wildfire:origin,0.0,0.0,0.0,0.0,0.0,0.0,0.0,920c47f3f873d223,6,welfare,"{""welfare_enabled"": false}"
S7,forward_rollout_proxy,False,600608,0.75,0.5,6,4,691,691,0,0.0,0.0,,394.84,1.0,3.2558922405552653,0.0,1.0,60,0,0,11178.473877420745,11178.473877420745,2794.6184693551863,1.5,0.5179166105789,0.34027631684730375,0.00040934855240894365,50.5,20.20000000000001,0.15462866691930538,3,38:wildfire:reserve|41:heatwave:reserve|50:heatwave:origin|74:funding_collapse|76:wildfire:origin,0.0,0.0,0.0,0.0,0.0,0.0,0.0,920c47f3f873d223,6,welfare,"{""welfare_enabled"": false}"
S4,state_dependent_rule,False,600609,0.375,0.25,3,2,381,216,1,0.3333333333333333,1.0,32.0,210.07,1.0,2.9071047168965127,0.03378167060265751,0.9662183293973425,255,0,0,11146.565774011999,11146.565774011997,5573.282887005999,1.5,0.35392078807097344,0.19476077126050975,0.0007566871009716214,147.75,59.099999999999966,0.08898822642223637,2,2:funding_collapse|14:wildfire:reserve|65:funding_collapse|77:wildfire:reserve,0.0,0.0,0.0,0.0,0.0,0.0,0.0,920c47f3f873d223,6,welfare,"{""welfare_enabled"": false}"
S6,rule,False,600609,0.75,0.625,6,5,934,934,1,0.3333333333333333,1.0,15.0,812.4,1.0,5.254290671577724,0.0,1.0,0,0,0,11180.915046861686,11180.915046861688,2236.1830093723374,1.5,0.9372951570503766,0.43626334953130735,0.00021746574338037756,0.0,0.0,0.04370463555246242,2,2:funding_collapse|14:wildfire:reserve|65:funding_collapse|77:wildfire:reserve,0.0,0.0,0.0,0.0,0.0,0.0,0.0,920c47f3f873d223,6,welfare,"{""welfare_enabled"": false}"
S7,forward_rollout_proxy,False,600609,0.5,0.375,4,3,488,488,0,0.0,0.0,,338.02,1.0,2.6660925547136993,0.09838572748141054,0.9016142725185895,57,0,0,11129.93535538743,11129.935355387432,3709.97845179581,1.5,0.562937714683209,0.27698720931416687,0.00016181707900161894,53.25,21.300000000000008,0.12641256149354477,3,2:funding_collapse|14:wildfire:reserve|65:funding_collapse|77:wildfire:reserve,0.0,0.0,0.0,0.0,0.0,0.0,0.0,920c47f3f873d223,6,welfare,"{""welfare_enabled"": false}"
S4,state_dependent_rule,False,600610,0.375,0.375,3,3,606,556,1,0.3333333333333333,1.0,14.0,332.4,1.0,3.543427514645405,0.00790620820913234,0.9920937917908677,326,0,0,11272.095385458157,11272.095385458157,3757.365128486052,1.5,0.5455499848427631,0.2786007996317058,0.0005092764127916392,164.0,65.59999999999997,0.09930763000487701,2,7:heatwave:origin|59:flood:semiwild|60:heatwave:semiwild|61:wildfire:semiwild,0.0,0.0,0.0,0.0,0.0,0.0,0.0,920c47f3f873d223,6,welfare,"{""welfare_enabled"": false}"
S6,rule,False,600610,0.375,0.375,3,3,372,372,0,0.0,0.0,,353.35,1.0,4.121844599044121,0.0,1.0,0,0,0,11235.798913449014,11235.798913449016,3745.2663044830047,1.5,0.9022581079065066,0.30584995215060096,0.00018184841116445334,0.0,0.0,0.028278476847545222,3,7:heatwave:origin|59:flood:semiwild|60:heatwave:semiwild|61:wildfire:semiwild,0.0,0.0,0.0,0.0,0.0,0.0,0.0,920c47f3f873d223,6,welfare,"{""welfare_enabled"": false}"
S7,forward_rollout_proxy,False,600610,0.375,0.375,3,3,481,481,0,0.0,0.0,,337.05,1.0,3.239266100111896,0.004089328299543827,0.9959106717004562,40,0,0,11246.934779253552,11246.934779253552,3748.978259751184,1.5,0.6800231426021117,0.29186119907923974,0.00023084644125175458,35.25,14.1,0.11358111908954785,3,7:heatwave:origin|59:flood:semiwild|60:heatwave:semiwild|61:wildfire:semiwild,0.0,0.0,0.0,0.0,0.0,0.0,0.0,920c47f3f873d223,6,welfare,"{""welfare_enabled"": false}"
S4,state_dependent_rule,False,600611,0.625,0.5,5,4,645,377,1,0.3333333333333333,1.0,14.0,401.38,1.0,3.895736783499248,0.003169753452498575,0.9968302465475014,290,0,0,11227.236930334817,11227.236930334817,2806.809232583704,1.5,0.4759735368360159,0.3365231309992712,0.00027070028011204485,175.75,70.3,0.12484204740338586,2,67:heatwave:origin|76:heatwave:reserve,0.0,0.0,0.0,0.0,0.0,0.0,0.0,920c47f3f873d223,6,welfare,"{""welfare_enabled"": false}"
S6,rule,False,600611,0.75,0.5,6,4,82,82,1,0.3333333333333333,1.0,29.0,603.93,1.0,3.771760512148989,0.0,1.0,0,0,0,11257.357186533314,11257.357186533316,2814.3392966333286,1.5,0.8363312877536235,0.35503322028351203,0.000379306429335173,0.0,0.0,0.04341243193329885,2,67:heatwave:origin|76:heatwave:reserve,0.0,0.0,0.0,0.0,0.0,0.0,0.0,920c47f3f873d223,6,welfare,"{""welfare_enabled"": false}"
S7,forward_rollout_proxy,False,600611,0.625,0.625,5,5,1171,1171,1,0.3333333333333333,1.0,31.0,621.16,1.0,3.7409403368599166,0.0033297422884905154,0.9966702577115095,119,0,0,11229.770874207516,11229.770874207516,2245.954174841503,1.5,0.6168531686166395,0.4119068967959375,0.0004576941741750572,74.75,29.900000000000027,0.15781088282837205,2,67:heatwave:origin|76:heatwave:reserve,0.0,0.0,0.0,0.0,0.0,0.0,0.0,920c47f3f873d223,6,welfare,"{""welfare_enabled"": false}"
S4,state_dependent_rule,False,600700,0.5,0.375,4,3,154,1,1,0.3333333333333333,1.0,17.0,182.32222974040462,0.6026088528654673,2.636525135523934,0.0,1.0,8,0,0,11208.116105668341,11208.116105668341,3736.038701889447,1.5,0.34860783480327145,0.25031324131351423,0.0002420070165616292,63.5,25.399999999999988,0.10168603238973865,2,24:flood:alternative|33:heatwave:origin|51:wildfire:semiwild|78:wildfire:reserve,0.011732466464187675,0.07480972763215132,0.09104555430463215,0.018292731647249243,3.8721122649860677e-05,0.0010516804212105625,0.0001509364692655028,58dd0e56192e9bd2,7,partial_observability,"{""observation_noise"": 0.0, ""quality_observation_noise"": 0.0}"
S6,rule,False,600700,0.75,0.5,6,4,291,291,0,0.0,0.0,,338.1760398960764,0.7538561753714026,3.603736168712883,0.0,1.0,0,0,0,11244.810378339325,11244.810378339327,2811.2025945848313,1.5,0.8561296973518905,0.35397121479404975,5.242905242905243e-05,0.0,0.0,0.03660441685865926,3,24:flood:alternative|33:heatwave:origin|51:wildfire:semiwild|78:wildfire:reserve,0.01600000000000001,0.05913379414878661,0.0,0.0,8.388648388648389e-06,0.0010016418314220921,0.0,58dd0e56192e9bd2,7,partial_observability,"{""observation_noise"": 0.0, ""quality_observation_noise"": 0.0}"
S7,forward_rollout_proxy,False,600700,0.5,0.5,4,4,487,479,0,0.0,0.0,,254.5932410182955,0.5805681812585456,3.6882073871352716,0.0015608708876746983,0.9984391291123254,117,0,0,11201.39111215333,11201.391112153331,2800.3477780383323,1.5,0.5231719963240661,0.3432268848928551,0.00012674701636529388,56.25,22.50000000000001,0.14513805694547896,3,24:flood:alternative|33:heatwave:origin|51:wildfire:semiwild|78:wildfire:reserve,0.013712737594016542,0.05975853008948796,0.14518049593040291,0.016125080711892278,2.027952261844702e-05,0.001003640866977356,8.358411588043008e-05,58dd0e56192e9bd2,7,partial_observability,"{""observation_noise"": 0.0, ""quality_observation_noise"": 0.0}"
S4,state_dependent_rule,False,600701,0.5,0.375,4,3,95,15,3,1.0,1.0,11.0,144.78858019207505,0.5466400126793424,2.5377607992947397,0.11257725377511495,0.887422746224885,28,0,0,11283.186373560215,11283.186373560213,3761.0621245200714,1.5,0.26146543709831943,0.24255264428837847,0.00019969278033794163,33.75,13.500000000000004,0.11139246292799572,0,3:heatwave:origin|5:flood:origin|14:flood:semiwild|81:flood:reserve|84:heatwave:alternative|88:wildfire:reserve|95:flood:reserve,0.011161025378195542,0.07361196578362644,0.13797465103680298,0.02703426142265652,3.195084485407066e-05,0.001139551278351102,0.00011616456322121551,58dd0e56192e9bd2,7,partial_observability,"{""observation_noise"": 0.0, ""quality_observation_noise"": 0.0}"
S6,rule,False,600701,0.0,0.0,0,0,0,0,3,1.0,1.0,10.333333333333334,13.773909287182407,0.10530558385064541,0.0,,,0,0,0,11069.741499026226,11069.74149902623,11069.741499026226,1.5,0.4685305382507015,0.04756582071204305,8.064516129032258e-05,0.0,0.0,0.0035638344348644783,0,3:heatwave:origin|5:flood:origin|14:flood:semiwild|81:flood:reserve|84:heatwave:alternative|88:wildfire:reserve|95:flood:reserve,0.002560000000000001,0.02472249455779457,0.0,0.0,1.2903225806451613e-05,0.00019901836575358104,0.0,58dd0e56192e9bd2,7,partial_observability,"{""observation_noise"": 0.0, ""quality_observation_noise"": 0.0}"
S7,forward_rollout_proxy,False,600701,0.5,0.5,4,4,160,160,3,1.0,1.0,11.0,186.53726645117098,0.4891408492852715,2.9546110176590186,0.001447513920534459,0.9985524860794656,104,0,0,11285.759476859943,11285.759476859945,2821.4398692149857,1.5,0.3414082025254008,0.3152842160955108,0.00038525579281878755,35.75,14.299999999999994,0.13298642833190283,0,3:heatwave:origin|5:flood:origin|14:flood:semiwild|81:flood:reserve|84:heatwave:alternative|88:wildfire:reserve|95:flood:reserve,0.012726444830831378,0.05631632116626686,0.2208624148609453,0.029431631040888643,6.164092685100602e-05,0.0012040643619844666,9.721852865544202e-05,58dd0e56192e9bd2,7,partial_observability,"{""observation_noise"": 0.0, ""quality_observation_noise"": 0.0}"
S4,state_dependent_rule,False,600702,0.375,0.375,3,3,255,100,0,0.0,0.0,,141.92971706708164,0.5815680899449626,2.6880894837536613,0.0043882073259409555,0.9956117926740591,75,0,0,11191.038794811466,11191.038794811466,3730.3462649371554,1.5,0.36937119940475593,0.25413799089023786,0.0005755212495617359,58.75,23.5,0.10784988056112829,3,26:wildfire:reserve|35:wildfire:reserve,0.008243705794502542,0.07519773093129489,0.08726020232916085,0.0066762013908487905,9.208339992987778e-05,0.0006376274958344323,0.00014094016685534732,58dd0e56192e9bd2,7,partial_observability,"{""observation_noise"": 0.0, ""quality_observation_noise"": 0.0}"
S6,rule,False,600702,0.75,0.75,6,6,974,974,0,0.0,0.0,,663.9398567272688,0.7800279581619772,4.829703143535353,0.00014322464385180505,0.9998567753561481,0,0,0,11250.90251355596,11250.902513555962,1875.1504189259933,1.5,0.9618319999999998,0.49195668399697534,8.152173913043478e-05,0.0,0.0,0.04988226280810926,3,26:wildfire:reserve|35:wildfire:reserve,0.01600000000000001,0.03291576623136828,0.0,0.0,1.3043478260869564e-05,0.0010432321283938128,0.0,58dd0e56192e9bd2,7,partial_observability,"{""observation_noise"": 0.0, ""quality_observation_noise"": 0.0}"
S7,forward_rollout_proxy,False,600702,0.625,0.375,5,3,540,540,1,0.3333333333333333,1.0,11.0,246.1629391849264,0.7439806389480931,3.1049186938380413,0.002668814402303236,0.9973311855976967,0,0,0,11193.184027373487,11193.184027373487,3731.061342457829,1.5,0.5800549577845922,0.2839332329345635,0.00016197869759216992,21.5,8.599999999999998,0.13064275108861953,2,26:wildfire:reserve|35:wildfire:reserve,0.01666925306886559,0.05850407875946496,0.0,0.0,2.591659161474719e-05,0.0007138539356108933,6.746266336702613e-05,58dd0e56192e9bd2,7,partial_observability,"{""observation_noise"": 0.0, ""quality_observation_noise"": 0.0}"
S4,state_dependent_rule,False,600703,0.375,0.375,3,3,203,0,1,0.3333333333333333,1.0,19.0,123.11670260164087,0.5211726343989243,3.569913013815453,0.0,1.0,0,0,0,11111.318873943947,11111.318873943947,3703.7729579813154,1.5,0.1030747182347629,0.2346282812980557,0.0006370729959582574,19.75,7.8999999999999995,0.09935839668212434,2,3:heatwave:alternative|16:wildfire:alternative|19:heatwave:reserve|25:wildfire:origin|39:funding_collapse|43:heatwave:reserve|51:funding_collapse|53:heatwave:alternative|73:wildfire:alternative|80:heatwave:origin|93:funding_collapse|100:flood:origin,0.00496677506398071,0.07479435206183617,0.12117645034193188,0.00975343025312554,0.00010193167935332118,0.0006146387812417343,6.854781824031104e-05,58dd0e56192e9bd2,7,partial_observability,"{""observation_noise"": 0.0, ""quality_observation_noise"": 0.0}"
S6,rule,False,600703,0.625,0.125,5,1,1,1,1,0.3333333333333333,1.0,16.0,247.3854879556107,0.7360758311210148,1.0,0.0,1.0,0,0,0,11069.542378920361,11069.542378920361,11069.542378920361,1.5,0.5871708954016346,0.1312367395203625,0.00022178737815796112,0.0,0.0,0.03134824990099514,2,3:heatwave:alternative|16:wildfire:alternative|19:heatwave:reserve|25:wildfire:origin|39:funding_collapse|43:heatwave:reserve|51:funding_collapse|53:heatwave:alternative|73:wildfire:alternative|80:heatwave:origin|93:funding_collapse|100:flood:origin,0.01600000000000001,0.07702277673384962,0.0,0.0,3.548598050527378e-05,0.0008659061646302976,0.0,58dd0e56192e9bd2,7,partial_observability,"{""observation_noise"": 0.0, ""quality_observation_noise"": 0.0}"
S7,forward_rollout_proxy,False,600703,0.375,0.25,3,2,109,0,1,0.3333333333333333,1.0,9.0,133.53988519948942,0.5930111125833727,2.757839721254355,0.15539784266742407,0.8446021573325759,0,0,0,11052.525158444401,11052.525158444403,5526.262579222201,1.5,0.22155149920260073,0.18081866737098506,0.00020983197155188794,10.5,4.199999999999999,0.09292560119090715,2,3:heatwave:alternative|16:wildfire:alternative|19:heatwave:reserve|25:wildfire:origin|39:funding_collapse|43:heatwave:reserve|51:funding_collapse|53:heatwave:alternative|73:wildfire:alternative|80:heatwave:origin|93:funding_collapse|100:flood:origin,0.006366287474981718,0.07454951866961897,0.0606806845602234,0.009395363703909225,3.357311544830207e-05,0.0007411371626340513,5.039777290090457e-05,58dd0e56192e9bd2,7,partial_observability,"{""observation_noise"": 0.0, ""quality_observation_noise"": 0.0}"
S4,state_dependent_rule,False,600704,0.375,0.375,3,3,328,328,0,0.0,0.0,,204.81673893893284,0.5990143832880027,3.9296420534820875,0.0,1.0,0,0,0,11121.537501196546,11121.537501196544,3707.1791670655152,1.5,0.4202560824470756,0.2710339099459717,0.00012710545504880397,43.0,17.200000000000006,0.10480940583221614,3,4:funding_collapse|31:flood:semiwild|39:flood:origin|52:heatwave:alternative|58:funding_collapse|62:funding_collapse,0.01345029831014937,0.06626021083501227,0.11255151786024906,0.02469643212200393,2.0336872807808635e-05,0.001267120210126763,6.804140151587297e-05,58dd0e56192e9bd2,7,partial_observability,"{""observation_noise"": 0.0, ""quality_observation_noise"": 0.0}"
S6,rule,False,600704,0.75,0.25,6,2,93,93,0,0.0,0.0,,270.18532518049017,0.7412661593655906,2.721270842721947,0.0,1.0,0,0,0,11162.523530384324,11162.523530384326,5581.261765192162,1.5,0.8413339476869308,0.2313298900474325,0.00013996618731262358,0.0,0.0,0.03741893425759973,3,4:funding_collapse|31:flood:semiwild|39:flood:origin|52:heatwave:alternative|58:funding_collapse|62:funding_collapse,0.01600000000000001,0.07185025859834827,0.0,0.0,2.2394589970019777e-05,0.0008611874460910918,0.0,58dd0e56192e9bd2,7,partial_observability,"{""observation_noise"": 0.0, ""quality_observation_noise"": 0.0}"
S7,forward_rollout_proxy,False,600704,0.5,0.5,4,4,798,798,0,0.0,0.0,,252.30684752364857,0.541289172002532,3.9145738411335107,0.001716842217006906,0.9982831577829931,0,0,0,11116.86110983178,11116.86110983178,2779.215277457945,1.5,0.5810107308182765,0.35110411725209895,0.00023612930684344786,16.25,6.500000000000001,0.14428652879468098,3,4:funding_collapse|31:flood:semiwild|39:flood:origin|52:heatwave:alternative|58:funding_collapse|62:funding_collapse,0.01374369354530446,0.04797745931050045,0.19428033006994105,0.019680207315757706,3.7780689094951654e-05,0.001136794061341182,4.377547617440304e-05,58dd0e56192e9bd2,7,partial_observability,"{""observation_noise"": 0.0, ""quality_observation_noise"": 0.0}"
S4,state_dependent_rule,False,600705,0.625,0.5,5,4,487,487,0,0.0,0.0,,230.5866785051415,0.5603770359986106,4.7952145058032905,0.0,1.0,0,0,0,11188.218510744076,11188.218510744075,2797.054627686019,1.5,0.31293401827818657,0.3318047036280155,0.0002242248604236452,58.25,23.3,0.13779578371081996,3,18:wildfire:semiwild|50:wildfire:alternative|75:flood:alternative|76:funding_collapse|77:heatwave:alternative|91:wildfire:origin,0.013419663465140251,0.0662398713811851,0.15112336053501743,0.023882463287434055,3.587597766778323e-05,0.0011714829880620813,7.161413267903506e-05,58dd0e56192e9bd2,7,partial_observability,"{""observation_noise"": 0.0, ""quality_observation_noise"": 0.0}"
S6,rule,False,600705,0.875,0.75,7,6,304,304,0,0.0,0.0,,649.1762248193137,0.772191771532448,5.2005049351281984,0.0,1.0,0,0,0,11224.317186533313,11224.317186533315,1870.7195310888856,1.5,0.7728176379950296,0.477478381459155,0.00022489669969579074,0.0,0.0,0.053457841541850196,3,18:wildfire:semiwild|50:wildfire:alternative|75:flood:alternative|76:funding_collapse|77:heatwave:alternative|91:wildfire:origin,0.01600000000000001,0.04082829110068099,0.0,0.0,3.598347195132652e-05,0.0009439538949199417,0.0,58dd0e56192e9bd2,7,partial_observability,"{""observation_noise"": 0.0, ""quality_observation_noise"": 0.0}"
S7,forward_rollout_proxy,False,600705,0.5,0.5,4,4,758,758,0,0.0,0.0,,237.86662973647952,0.5684745117310822,3.7812525450259686,0.0,1.0,0,0,0,11178.438322056385,11178.438322056387,2794.6095805140963,1.5,0.458842877160571,0.33726977837110983,0.00027640675447538113,44.25,17.7,0.14286482602396514,3,18:wildfire:semiwild|50:wildfire:alternative|75:flood:alternative|76:funding_collapse|77:heatwave:alternative|91:wildfire:origin,0.0140028501817837,0.046918971010123434,0.1707553042319564,0.01801127698687015,4.422508071606098e-05,0.001044811661463155,5.808935526185892e-05,58dd0e56192e9bd2,7,partial_observability,"{""observation_noise"": 0.0, ""quality_observation_noise"": 0.0}"
S4,state_dependent_rule,False,600706,0.625,0.625,5,5,467,467,1,0.3333333333333333,1.0,16.0,207.92681661179412,0.5119442681549072,2.822302561755291,0.018362946196315642,0.9816370538036844,0,0,0,11230.047986962893,11230.047986962893,2246.0095973925786,1.5,0.43460500644565037,0.3833520690499967,0.00027410409628904895,32.5,13.0,0.15209271393939378,2,12:wildfire:origin|14:funding_collapse|33:flood:origin|74:wildfire:semiwild|75:heatwave:alternative,0.012828113433703929,0.06688441556889377,0.19468896725087909,0.02561556986956756,4.385665540624783e-05,0.0011125954703505834,7.40450084549325e-05,58dd0e56192e9bd2,7,partial_observability,"{""observation_noise"": 0.0, ""quality_observation_noise"": 0.0}"
S6,rule,False,600706,0.5,0.25,4,2,90,90,0,0.0,0.0,,175.69804184472233,0.7341626782869392,4.2909813762924385,0.0,1.0,0,0,0,11211.49567981218,11211.495679812182,5605.74783990609,1.5,0.8460780312494932,0.24563115209946595,0.00019316416787049442,0.0,0.0,0.02806767605796111,3,12:wildfire:origin|14:funding_collapse|33:flood:origin|74:wildfire:semiwild|75:heatwave:alternative,0.01600000000000001,0.07906300345144193,0.0,0.0,3.0906266859279105e-05,0.0007434119947593882,0.0,58dd0e56192e9bd2,7,partial_observability,"{""observation_noise"": 0.0, ""quality_observation_noise"": 0.0}"
S7,forward_rollout_proxy,False,600706,0.5,0.5,4,4,732,732,1,0.3333333333333333,1.0,38.0,234.72255000543632,0.4873743225341805,4.282652472865479,0.0007617816418982783,0.9992382183581017,0,0,0,11223.079777399555,11223.079777399555,2805.7699443498886,1.5,0.5944157655644701,0.35445079373573907,0.0003089916134541499,31.25,12.499999999999996,0.13591346225318635,2,12:wildfire:origin|14:funding_collapse|33:flood:origin|74:wildfire:semiwild|75:heatwave:alternative,0.01296038394390061,0.04509374236087654,0.24249950000379664,0.025179836415098113,4.9438658152663984e-05,0.00108411126484623,5.926671427857075e-05,58dd0e56192e9bd2,7,partial_observability,"{""observation_noise"": 0.0, ""quality_observation_noise"": 0.0}"
S4,state_dependent_rule,False,600707,0.75,0.5,6,4,162,0,2,0.6666666666666666,1.0,20.5,178.86142329168035,0.5911277358505169,2.534119119686653,0.00918585226227617,0.9908141477377238,54,0,0,11221.920149939859,11221.920149939859,2805.4800374849647,1.5,0.18043065395808155,0.2944053662333379,0.00044473055460284234,103.5,41.399999999999984,0.13010554820331602,1,1:flood:semiwild|53:wildfire:reserve|92:flood:alternative|94:flood:alternative,0.009953535895551835,0.0761582386492667,0.08322740671998458,0.014743149707705348,7.115688873645477e-05,0.0011827743514619866,0.0001750578912994129,58dd0e56192e9bd2,7,partial_observability,"{""observation_noise"": 0.0, ""quality_observation_noise"": 0.0}"
S6,rule,False,600707,0.875,0.75,7,6,958,958,0,0.0,0.0,,674.1009007656055,0.7802099984769054,4.930604223531955,0.0,1.0,0,0,0,11257.357186533314,11257.357186533316,1876.2261977555524,1.5,0.7601242135309417,0.47279735207282325,0.00011236753020271923,0.0,0.0,0.049894442422047706,3,1:flood:semiwild|53:wildfire:reserve|92:flood:alternative|94:flood:alternative,0.01600000000000001,0.03277701160219491,0.0,0.0,1.7978804832435075e-05,0.0009950111160672924,0.0,58dd0e56192e9bd2,7,partial_observability,"{""observation_noise"": 0.0, ""quality_observation_noise"": 0.0}"
S7,forward_rollout_proxy,False,600707,0.5,0.375,4,3,97,89,0,0.0,0.0,,263.63206010643927,0.7303121942540242,3.6711740144744414,0.0004859259259259259,0.9995140740740741,59,0,0,11211.148881085224,11211.148881085224,3737.049627028408,1.5,0.41477456590841494,0.2731439455126165,0.0001112128313481805,68.5,27.40000000000002,0.13102374388515284,3,1:flood:semiwild|53:wildfire:reserve|92:flood:alternative|94:flood:alternative,0.01625546638876096,0.06756793685877722,0.0032905575930470797,0.0005230590165341616,1.7794053015708878e-05,0.0007144788002754589,0.00012826151925387044,58dd0e56192e9bd2,7,partial_observability,"{""observation_noise"": 0.0, ""quality_observation_noise"": 0.0}"
S4,state_dependent_rule,False,600708,0.375,0.375,3,3,294,294,1,0.3333333333333333,1.0,23.0,177.4581993189394,0.592883664100967,3.8409411881257305,0.0007234949450483228,0.9992765050549517,0,0,0,11198.439048105029,11198.439048105029,3732.8130160350097,1.5,0.5436054575366404,0.28073726679319855,0.00032226486338504353,18.5,7.399999999999999,0.09608654579138606,2,12:funding_collapse|23:heatwave:origin|27:wildfire:semiwild,0.013130483732500168,0.06843624416524613,0.11885636020159783,0.020623352656584396,5.156237814160697e-05,0.0010792412386571248,5.5447543511214814e-05,58dd0e56192e9bd2,7,partial_observability,"{""observation_noise"": 0.0, ""quality_observation_noise"": 0.0}"
S6,rule,False,600708,0.625,0.25,5,2,164,164,0,0.0,0.0,,218.16750147363004,0.7408815688452367,4.864918736676595,0.0,1.0,0,0,0,11216.94378242353,11216.943782423532,5608.471891211765,1.5,0.8638136222467675,0.2529948411020028,0.00024387777988210037,0.0,0.0,0.027321457552800524,3,12:funding_collapse|23:heatwave:origin|27:wildfire:semiwild,0.01600000000000001,0.07234053445077893,0.0,0.0,3.902044478113606e-05,0.0007388762592033882,0.0,58dd0e56192e9bd2,7,partial_observability,"{""observation_noise"": 0.0, ""quality_observation_noise"": 0.0}"
S7,forward_rollout_proxy,False,600708,0.75,0.75,6,6,900,900,1,0.3333333333333333,1.0,23.0,222.54473774515597,0.4659554042191253,3.040895304967075,0.10686082370346212,0.8931391762965379,0,0,0,11197.220703127643,11197.220703127643,1866.203450521274,1.5,0.6699999999999999,0.47167383716576905,0.00022682414194227188,20.5,8.2,0.18382442058049145,2,12:funding_collapse|23:heatwave:origin|27:wildfire:semiwild,0.013250019804859467,0.04669243701640702,0.2653999048577427,0.022490902355728294,3.62918627107635e-05,0.001121141474944307,5.375010303270747e-05,58dd0e56192e9bd2,7,partial_observability,"{""observation_noise"": 0.0, ""quality_observation_noise"": 0.0}"
S4,state_dependent_rule,False,600709,0.625,0.5,5,4,506,506,1,0.3333333333333333,1.0,30.0,230.38736678663565,0.5608503175496214,4.772993129884606,0.0,1.0,0,0,0,11084.253941428778,11084.253941428778,2771.0634853571946,1.5,0.48702719567690805,0.3485054564347777,0.00024720539357222344,60.75,24.300000000000004,0.1353640278412045,2,2:wildfire:semiwild|26:flood:alternative|37:funding_collapse|54:funding_collapse|60:funding_collapse|89:funding_collapse,0.013443709616882911,0.06685016590416722,0.15438939794473122,0.01947053137260893,3.9552862971555743e-05,0.0010200173243835506,8.04682898780155e-05,58dd0e56192e9bd2,7,partial_observability,"{""observation_noise"": 0.0, ""quality_observation_noise"": 0.0}"
S6,rule,False,600709,0.625,0.625,5,5,820,820,1,0.3333333333333333,1.0,19.0,618.3498897350444,0.7808055395566248,6.37397903254507,0.0,1.0,0,0,0,11121.935776705152,11121.935776705155,2224.3871553410304,1.5,0.9584416463562366,0.44922231617562264,0.0003743291164734132,0.0,0.0,0.041941806072741394,2,2:wildfire:semiwild|26:flood:alternative|37:funding_collapse|54:funding_collapse|60:funding_collapse|89:funding_collapse,0.01600000000000001,0.03202405862538827,0.0,0.0,5.989265863574611e-05,0.0011105091593512683,0.0,58dd0e56192e9bd2,7,partial_observability,"{""observation_noise"": 0.0, ""quality_observation_noise"": 0.0}"
S7,forward_rollout_proxy,False,600709,0.5,0.5,4,4,767,767,1,0.3333333333333333,1.0,25.0,277.8861427342939,0.5713866640932173,4.149542357694168,0.0002397694073649368,0.9997602305926351,0,0,0,11074.155233106967,11074.155233106969,2768.5388082767417,1.5,0.715217791983784,0.36708849599452475,0.00024720539357222344,43.75,17.5,0.14535646609602335,2,2:wildfire:semiwild|26:flood:alternative|37:funding_collapse|54:funding_collapse|60:funding_collapse|89:funding_collapse,0.014039550233149352,0.04761024183156134,0.1695104863719972,0.015938497166472776,3.9552862971555743e-05,0.000985679118107469,4.828761148705054e-05,58dd0e56192e9bd2,7,partial_observability,"{""observation_noise"": 0.0, ""quality_observation_noise"": 0.0}"
S4,state_dependent_rule,False,600710,0.5,0.25,4,2,161,0,1,0.3333333333333333,1.0,53.0,131.7243819371381,0.6074261162600271,2.8441754571277675,0.0014834391414656628,0.9985165608585344,0,0,0,11157.407956888337,11157.407956888339,5578.703978444169,1.5,0.3568089990343246,0.19349332243259,5.434822740597978e-05,9.75,3.9000000000000012,0.08435333978939934,2,19:heatwave:reserve|60:funding_collapse|80:heatwave:alternative,0.0075692394198935906,0.07509368282644897,0.056565449606510027,0.007687475153728098,8.695716384956765e-06,0.0009612792315772039,4.655632687039131e-05,58dd0e56192e9bd2,7,partial_observability,"{""observation_noise"": 0.0, ""quality_observation_noise"": 0.0}"
S6,rule,False,600710,0.75,0.75,6,6,961,961,0,0.0,0.0,,684.8514401592987,0.7795795174537062,5.618855921938983,0.057041459670121954,0.942958540329878,0,0,0,11218.083531348277,11218.083531348278,1869.680588558046,1.5,0.9302508360585171,0.4963408003631262,0.00010628362527109938,0.0,0.0,0.048135787689423504,3,19:heatwave:reserve|60:funding_collapse|80:heatwave:alternative,0.01600000000000001,0.0334411990667625,0.0,0.0,1.7005380043375903e-05,0.0009622780994879601,0.0,58dd0e56192e9bd2,7,partial_observability,"{""observation_noise"": 0.0, ""quality_observation_noise"": 0.0}"
S7,forward_rollout_proxy,False,600710,0.75,0.5,6,4,448,448,0,0.0,0.0,,250.99178011508982,0.7203218812934691,2.778639498238893,0.004485643480253755,0.9955143565197463,0,0,0,11162.7031611754,11162.7031611754,2790.67579029385,1.5,0.6001703947931883,0.3434826349338023,0.0001042583856410418,46.5,18.599999999999994,0.1533960023604727,3,19:heatwave:reserve|60:funding_collapse|80:heatwave:alternative,0.016060670761375805,0.06910621469744373,0.010982611595868427,0.003289529261010955,1.668134170256669e-05,0.0010446443855621655,0.00010535121276690731,58dd0e56192e9bd2,7,partial_observability,"{""observation_noise"": 0.0, ""quality_observation_noise"": 0.0}"
S4,state_dependent_rule,False,600711,0.5,0.375,4,3,197,0,1,0.3333333333333333,1.0,25.0,141.92172401455332,0.5673860589455277,3.5603125010312975,0.0005557119831426774,0.9994442880168574,4,0,0,11159.053098345521,11159.053098345521,3719.684366115174,1.5,0.35296429921653855,0.26254256302410844,0.0006616913902893435,60.0,24.0,0.11446504046070796,2,13:funding_collapse|26:heatwave:origin|35:flood:alternative|43:heatwave:reserve|73:funding_collapse|75:wildfire:origin|91:heatwave:origin,0.007208249999276395,0.07675081821416492,0.09331675816615766,0.00966161377070162,0.00010587062244629496,0.0006679184096002249,0.000143712555347843,58dd0e56192e9bd2,7,partial_observability,"{""observation_noise"": 0.0, ""quality_observation_noise"": 0.0}"
S6,rule,False,600711,0.625,0.125,5,1,9,9,0,0.0,0.0,,299.2367160659973,0.7375269609799081,2.454545454545454,0.0,1.0,0,0,0,11186.131328633912,11186.131328633914,11186.131328633912,1.5,0.7457773412438239,0.1629107670262454,0.00010050251256281407,0.0,0.0,0.03768789178204243,3,13:funding_collapse|26:heatwave:origin|35:flood:alternative|43:heatwave:reserve|73:funding_collapse|75:wildfire:origin|91:heatwave:origin,0.01600000000000001,0.07563537303332724,0.0,0.0,1.608040201005025e-05,0.0008215855847546511,0.0,58dd0e56192e9bd2,7,partial_observability,"{""observation_noise"": 0.0, ""quality_observation_noise"": 0.0}"
S7,forward_rollout_proxy,False,600711,0.625,0.375,5,3,485,334,0,0.0,0.0,,193.25626039385915,0.62773291545643,3.589296203496359,0.0016798355904725324,0.9983201644095274,69,0,0,11156.677897996773,11156.677897996773,3718.892632665591,1.5,0.526945769136081,0.2844978750601321,0.00023975744649935455,64.75,25.90000000000002,0.13580168055780167,3,13:funding_collapse|26:heatwave:origin|35:flood:alternative|43:heatwave:reserve|73:funding_collapse|75:wildfire:origin|91:heatwave:origin,0.011288088899701131,0.07427326915980549,0.06895965683371573,0.01115959412109178,3.836119143989673e-05,0.0007730000903965807,0.00015249109406868282,58dd0e56192e9bd2,7,partial_observability,"{""observation_noise"": 0.0, ""quality_observation_noise"": 0.0}"
S4,state_dependent_rule,False,600800,0.75,0.5,6,4,508,464,0,0.0,0.0,,220.85431977448263,0.5808234707873037,3.2079992432099615,0.00024477611940298505,0.999755223880597,206,0,0,11183.828970490616,11183.828970490616,2795.957242622654,1.5,0.4138497725848553,0.3290822050749248,0.0006049571169317241,140.25,56.099999999999966,0.15308617692169812,3,23:heatwave:origin|28:funding_collapse|36:flood:origin|47:heatwave:alternative|70:funding_collapse|73:wildfire:alternative,0.01263001221238,0.06964806054973181,0.12767887950922568,0.018153874213461194,9.679313870907586e-05,0.0009293486090167944,0.0001839496199384376,f0ed9860e36013f6,8,origin_fidelity,"{""origin_fidelity"": 0.0}"
S6,rule,False,600800,0.625,0.0,5,0,0,0,0,0.0,0.0,,147.92719059664844,0.4282378591079495,0.0,,,0,0,0,11182.8466948519,11182.846694851902,11182.8466948519,1.5,0.7813384689640226,0.0821702664749221,0.0003417148359316024,0.0,0.0,0.020182097892599154,3,23:heatwave:origin|28:funding_collapse|36:flood:origin|47:heatwave:alternative|70:funding_collapse|73:wildfire:alternative,0.009440000000000007,0.05144497905031406,0.0,0.0,5.467437374905638e-05,0.0005224874679874678,0.0,f0ed9860e36013f6,8,origin_fidelity,"{""origin_fidelity"": 0.0}"
S7,forward_rollout_proxy,False,600800,0.75,0.75,6,6,1065,1065,1,0.3333333333333333,1.0,25.0,230.59627577557913,0.43083428184714123,3.5060464156271287,0.00032473149457927026,0.9996752685054208,34,0,0,11181.842518624855,11181.842518624857,1863.640419770809,1.5,0.5741350066423672,0.4682965414262757,0.0004275888515748863,44.0,17.599999999999998,0.19161288302883817,2,23:heatwave:origin|28:funding_collapse|36:flood:origin|47:heatwave:alternative|70:funding_collapse|73:wildfire:alternative,0.013101897941687299,0.044672011100012135,0.30492958505945333,0.020423715747190672,6.841421625198183e-05,0.0009501429511290846,6.107749140216981e-05,f0ed9860e36013f6,8,origin_fidelity,"{""origin_fidelity"": 0.0}"
S4,state_dependent_rule,False,600801,0.75,0.5,6,4,627,474,0,0.0,0.0,,280.62474913017695,0.5698868678497049,4.198378429528552,0.0020370455827967097,0.9979629544172033,256,0,0,11194.462579833373,11194.462579833373,2798.615644958343,1.5,0.4725791711493406,0.3428002180540647,9.799815995685416e-05,163.25,65.29999999999995,0.1427925832192255,3,36:flood:semiwild|44:heatwave:semiwild|77:flood:alternative|79:flood:origin|80:funding_collapse|91:funding_collapse,0.011964759060733458,0.0679457449053166,0.13139278095336338,0.0201988353516495,1.5679705593096666e-05,0.000994009134858889,0.00015479317697496557,f0ed9860e36013f6,8,origin_fidelity,"{""origin_fidelity"": 0.0}"
S6,rule,False,600801,0.875,0.75,7,6,563,563,0,0.0,0.0,,641.7147461059689,0.7717231088829193,5.1288158505297625,0.0,1.0,0,0,0,11191.277186533312,11191.277186533314,1865.2128644222187,1.5,0.9001287853825951,0.4891766314052814,8.058576627982639e-05,0.0,0.0,0.051877971808621214,3,36:flood:semiwild|44:heatwave:semiwild|77:flood:alternative|79:flood:origin|80:funding_collapse|91:funding_collapse,0.01600000000000001,0.041337392116411846,0.0,0.0,1.2893722604772222e-05,0.0009266052780641114,0.0,f0ed9860e36013f6,8,origin_fidelity,"{""origin_fidelity"": 0.0}"
S7,forward_rollout_proxy,False,600801,0.75,0.75,6,6,1196,1196,0,0.0,0.0,,313.12678138582504,0.5288708327595623,3.9845611987133203,0.0009120444317021356,0.9990879555682979,47,0,0,11181.448098397113,11181.448098397113,1863.5746830661856,1.5,0.6430464716033534,0.4809157826064275,0.00040767396158433185,82.0,32.80000000000003,0.19632761729479445,3,36:flood:semiwild|44:heatwave:semiwild|77:flood:alternative|79:flood:origin|80:funding_collapse|91:funding_collapse,0.013745355237384065,0.04853709151862116,0.21011878182936938,0.014265976235961325,6.522783385349312e-05,0.0008776399751073056,7.142374059161524e-05,f0ed9860e36013f6,8,origin_fidelity,"{""origin_fidelity"": 0.0}"
S4,state_dependent_rule,False,600802,0.625,0.375,5,3,508,284,1,0.3333333333333333,1.0,15.0,233.8111788224978,0.6295768143943823,3.1094689435555964,0.04263319316901002,0.95736680683099,310,0,0,11208.690969641444,11208.690969641444,3736.2303232138147,1.5,0.45826048091091914,0.2723639376325945,0.00044051811430103233,198.0,79.20000000000005,0.1334660005297328,2,21:funding_collapse|48:wildfire:origin|57:heatwave:reserve|62:heatwave:semiwild,0.010685662082204344,0.07636147164673178,0.05343143473158316,0.009163887643629728,7.048289828816519e-05,0.000712953820510729,0.0002829745575883217,f0ed9860e36013f6,8,origin_fidelity,"{""origin_fidelity"": 0.0}"
S6,rule,False,600802,0.75,0.625,6,5,503,503,1,0.3333333333333333,1.0,15.0,502.97524286475084,0.760871535807954,5.230460822476448,0.0016316906666666666,0.9983683093333333,0,0,0,11227.799062947799,11227.7990629478,2245.55981258956,1.5,0.8952050680165974,0.4322268296724117,0.00024309621893051122,0.0,0.0,0.04575857322993754,2,21:funding_collapse|48:wildfire:origin|57:heatwave:reserve|62:heatwave:semiwild,0.01600000000000001,0.05210082782258788,0.0,0.0,3.88953950288818e-05,0.0009887409744290423,0.0,f0ed9860e36013f6,8,origin_fidelity,"{""origin_fidelity"": 0.0}"
S7,forward_rollout_proxy,False,600802,0.625,0.625,5,5,1080,1080,1,0.3333333333333333,1.0,23.0,334.8213786243864,0.6550121640126001,3.5475536432345622,0.004015955877502588,0.9959840441224974,187,0,0,11211.284582770948,11211.28458277095,2242.2569165541895,1.5,0.6017354380701748,0.4119521474885062,0.00036192505635891073,106.5,42.60000000000006,0.17526533624571547,2,21:funding_collapse|48:wildfire:origin|57:heatwave:reserve|62:heatwave:semiwild,0.014280066440649304,0.06304070665433098,0.07182841617234739,0.010152155225029137,5.7908009017425724e-05,0.0009140430828963519,0.00011713804595523822,f0ed9860e36013f6,8,origin_fidelity,"{""origin_fidelity"": 0.0}"
S4,state_dependent_rule,False,600803,0.375,0.375,3,3,402,149,0,0.0,0.0,,162.17013079266948,0.6134546006482559,2.2316628748205294,0.09151770817586674,0.9084822918241333,173,0,0,11201.412874081947,11201.412874081947,3733.804291360649,1.5,0.3186227263353984,0.24220785077182055,0.00022506226469353783,176.25,70.5,0.096394746950377,3,14:wildfire:reserve|21:wildfire:reserve|67:wildfire:reserve|69:flood:origin,0.0074011534928357225,0.07608987206120293,0.04313814853337416,0.006746220663147525,3.600996235096606e-05,0.0006334340679266492,0.0003851149596751948,f0ed9860e36013f6,8,origin_fidelity,"{""origin_fidelity"": 0.0}"
S6,rule,False,600803,1.0,0.5,8,4,139,139,0,0.0,0.0,,515.9726690547297,0.7597513599844079,3.961317554719424,0.0,1.0,0,0,0,11223.740239917212,11223.740239917213,2805.935059979303,1.5,0.8449752840557215,0.3598345499584184,0.0001318049175521146,0.0,0.0,0.05361923002825966,3,14:wildfire:reserve|21:wildfire:reserve|67:wildfire:reserve|69:flood:origin,0.01600000000000001,0.053310615816697784,0.0,0.0,2.1088786808338336e-05,0.0009169354120862437,0.0,f0ed9860e36013f6,8,origin_fidelity,"{""origin_fidelity"": 0.0}"
S7,forward_rollout_proxy,False,600803,0.5,0.5,4,4,739,739,0,0.0,0.0,,274.2983696177216,0.7421546519858944,3.422368172130856,0.00013214600212492933,0.999867853997875,44,0,0,11165.21659551435,11165.21659551435,2791.3041488785875,1.5,0.4214024381257146,0.3285938287871438,0.00023410077635039966,68.75,27.50000000000002,0.1361495162663191,3,14:wildfire:reserve|21:wildfire:reserve|67:wildfire:reserve|69:flood:origin,0.01657573294986008,0.05679111017453755,0.00010743303644196006,0.00026631413462622225,3.745612421606395e-05,0.0008813609850202206,0.00012624136425342145,f0ed9860e36013f6,8,origin_fidelity,"{""origin_fidelity"": 0.0}"
S4,state_dependent_rule,False,600804,0.5,0.25,4,2,333,207,1,0.3333333333333333,1.0,16.0,160.1854487556548,0.6342911075089155,2.628527343905553,0.012662208802948216,0.9873377911970518,142,0,0,11239.9007489438,11239.9007489438,5619.9503744719,1.5,0.4143154276296162,0.19767043533275971,0.0009340480508526606,177.0,70.80000000000001,0.08726809565371282,2,2:wildfire:semiwild|8:flood:reserve|31:wildfire:reserve|60:wildfire:origin,0.008015828899394733,0.07689938014942463,0.028372287061452985,0.004743244366227724,0.0001494476881364257,0.0006182505393213182,0.00046506961186999063,f0ed9860e36013f6,8,origin_fidelity,"{""origin_fidelity"": 0.0}"
S6,rule,False,600804,0.75,0.5,6,4,41,41,1,0.3333333333333333,1.0,19.0,403.74946601104995,0.7538299884266197,1.6758046917621385,0.022139999999999996,0.97786,0,0,0,11238.855082016216,11238.855082016218,2809.713770504054,1.5,0.8407015936613038,0.3345945616362695,0.00025969253184255714,0.0,0.0,0.043831776762588495,2,2:wildfire:semiwild|8:flood:reserve|31:wildfire:reserve|60:wildfire:origin,0.01600000000000001,0.059126630370307645,0.0,0.0,4.155080509480913e-05,0.0010018303979780008,0.0,f0ed9860e36013f6,8,origin_fidelity,"{""origin_fidelity"": 0.0}"
S7,forward_rollout_proxy,False,600804,0.5,0.5,4,4,791,707,0,0.0,0.0,,331.98367117626543,0.731606606483797,4.328561745308505,0.002268745877563712,0.9977312541224362,162,0,0,11187.52989827148,11187.52989827148,2796.88247456787,1.5,0.5538504712578268,0.3526756305054172,0.0001588385084131736,97.25,38.900000000000034,0.1450248296327476,3,2:wildfire:semiwild|8:flood:reserve|31:wildfire:reserve|60:wildfire:origin,0.015737312590681722,0.05777139400984373,0.0022350162238570443,0.0008491854892033199,2.5414161346107777e-05,0.0009423914188035804,0.00012921741846848886,f0ed9860e36013f6,8,origin_fidelity,"{""origin_fidelity"": 0.0}"
S4,state_dependent_rule,False,600805,0.625,0.5,5,4,394,364,0,0.0,0.0,,193.0435078590309,0.5914686386582687,2.9680197479028374,0.0204164664900379,0.9795835335099621,218,0,0,11193.241884643345,11193.241884643345,2798.310471160836,1.5,0.5434682524212522,0.3379655738251852,0.00046681231504594706,143.0,57.19999999999999,0.14469275552015806,3,18:wildfire:origin|53:funding_collapse|88:funding_collapse,0.012487936264471153,0.07001035527447007,0.11458639640600377,0.018959812537952092,7.468997040735154e-05,0.0009063733778469077,0.00022498814629205472,f0ed9860e36013f6,8,origin_fidelity,"{""origin_fidelity"": 0.0}"
S6,rule,False,600805,0.625,0.5,5,4,252,252,0,0.0,0.0,,246.6161240439973,0.7450920407840314,3.1179473242250824,0.0,1.0,0,0,0,11176.359277142974,11176.359277142976,2794.0898192857435,1.5,0.8774809734179657,0.3518434481590904,0.00023744628075336738,0.0,0.0,0.03957938787521519,3,18:wildfire:origin|53:funding_collapse|88:funding_collapse,0.01600000000000001,0.06803660771629813,0.0,0.0,3.799140492053878e-05,0.0008333600947503774,0.0,f0ed9860e36013f6,8,origin_fidelity,"{""origin_fidelity"": 0.0}"
S7,forward_rollout_proxy,False,600805,0.75,0.75,6,6,1008,1008,0,0.0,0.0,,214.44412724890717,0.43774578029188305,3.4355813807891344,0.0006847687312988622,0.9993152312687011,59,0,0,11181.86220047235,11181.862200472351,1863.6437000787248,1.5,0.6699999999999999,0.4786786875494056,0.00036767600367487046,55.25,22.100000000000023,0.19911436870757132,3,18:wildfire:origin|53:funding_collapse|88:funding_collapse,0.012986872476143186,0.04534736114748659,0.2966632138248291,0.01992785000066858,5.882816058797929e-05,0.0009716499768460093,8.66464274391151e-05,f0ed9860e36013f6,8,origin_fidelity,"{""origin_fidelity"": 0.0}"
S4,state_dependent_rule,False,600806,0.5,0.25,4,2,348,116,1,0.3333333333333333,1.0,16.0,146.45737873685337,0.6180080902079448,2.794422558573502,0.0026978146224066932,0.9973021853775933,178,0,0,11169.876469773517,11169.876469773515,5584.938234886758,1.5,0.37460936977068154,0.19648161125196856,0.0006519855194261414,171.75,68.69999999999999,0.09288224344582699,2,4:flood:reserve|8:funding_collapse|39:heatwave:origin|43:flood:semiwild|58:wildfire:origin|66:wildfire:reserve,0.007642436810569867,0.07760425221782163,0.03501239413609703,0.00926830878418275,0.00010431768310818263,0.0010013540983188558,0.00045648011520934835,f0ed9860e36013f6,8,origin_fidelity,"{""origin_fidelity"": 0.0}"
S6,rule,False,600806,0.75,0.0,6,0,0,0,0,0.0,0.0,,237.6177117050038,0.5942725083528266,0.0,,,0,0,0,11192.167544873459,11192.167544873459,11192.167544873459,1.5,0.7674505038833975,0.08250470333571,0.00034220772259149003,0.0,0.0,0.02879826473685117,3,4:flood:reserve|8:funding_collapse|39:heatwave:origin|43:flood:semiwild|58:wildfire:origin|66:wildfire:reserve,0.01296000000000001,0.06424969468538304,0.0,0.0,5.4753235614638405e-05,0.0007630437261757292,0.0,f0ed9860e36013f6,8,origin_fidelity,"{""origin_fidelity"": 0.0}"
S7,forward_rollout_proxy,False,600806,0.5,0.375,4,3,517,517,1,0.3333333333333333,1.0,18.0,229.86031212601475,0.7373317635186716,1.9476072163904081,0.10790591041426145,0.8920940895857385,61,0,0,11128.63387787622,11128.633877876222,3709.54462595874,1.5,0.5145844578812006,0.26419720976931377,0.00028004748021404215,58.5,23.400000000000002,0.12256345908644813,2,4:flood:reserve|8:funding_collapse|39:heatwave:origin|43:flood:semiwild|58:wildfire:origin|66:wildfire:reserve,0.016762496070472983,0.05607375341190678,0.00010613396191771273,0.0005371133474851769,4.480759683424674e-05,0.0007184039194746466,0.00019970971228170625,f0ed9860e36013f6,8,origin_fidelity,"{""origin_fidelity"": 0.0}"
S4,state_dependent_rule,False,600807,0.75,0.375,6,3,213,1,2,0.6666666666666666,1.0,16.5,192.1376177826118,0.6030245054757513,2.9848250970200687,0.0318181621813367,0.9681818378186633,130,0,0,11120.960727903384,11120.960727903384,3706.986909301128,1.5,0.3552693386141985,0.26042138438229606,0.0004457517300976142,160.25,64.09999999999995,0.13148099775337752,1,13:funding_collapse|18:heatwave:semiwild|24:heatwave:alternative|34:funding_collapse|37:funding_collapse|68:funding_collapse|71:wildfire:reserve|88:wildfire:origin,0.010468150821255608,0.07571561130117606,0.08118373534581078,0.01514858520239318,7.132027681561827e-05,0.0009746931859902025,0.0002779024035362393,f0ed9860e36013f6,8,origin_fidelity,"{""origin_fidelity"": 0.0}"
S6,rule,False,600807,0.75,0.75,6,6,331,331,1,0.3333333333333333,1.0,28.0,618.6112710578789,0.7715428380808892,4.6977050206215205,0.0,1.0,0,0,0,11122.16075696347,11122.16075696347,1853.6934594939119,1.5,0.8562022474041568,0.4790030998376623,0.0002322058111477037,0.0,0.0,0.04452912445515693,2,13:funding_collapse|18:heatwave:semiwild|24:heatwave:alternative|34:funding_collapse|37:funding_collapse|68:funding_collapse|71:wildfire:reserve|88:wildfire:origin,0.01600000000000001,0.04139114314958115,0.0,0.0,3.7152929783632586e-05,0.001028865839746016,0.0,f0ed9860e36013f6,8,origin_fidelity,"{""origin_fidelity"": 0.0}"
S7,forward_rollout_proxy,False,600807,0.75,0.625,6,5,467,467,2,0.6666666666666666,1.0,30.0,281.3460094853192,0.5727874739884895,3.3485066952761358,0.0027898054163018994,0.9972101945836981,61,0,0,11100.915291253756,11100.915291253757,2220.183058250751,1.5,0.5279144176302061,0.4026054646980891,0.00026207268772266595,90.25,36.10000000000004,0.17539477991153543,1,13:funding_collapse|18:heatwave:semiwild|24:heatwave:alternative|34:funding_collapse|37:funding_collapse|68:funding_collapse|71:wildfire:reserve|88:wildfire:origin,0.013626291069483614,0.061214834713501795,0.15115468217880154,0.017039956757749452,4.1931630035626543e-05,0.0009820430004823708,8.37331138502028e-05,f0ed9860e36013f6,8,origin_fidelity,"{""origin_fidelity"": 0.0}"
S4,state_dependent_rule,False,600808,0.5,0.375,4,3,678,554,1,0.3333333333333333,1.0,12.0,252.28678268293558,0.6164938213664827,4.369540597619729,0.0018541236574291051,0.9981458763425709,210,0,0,11094.448000229084,11094.448000229084,3698.1493334096945,1.5,0.5408600938727153,0.2917923689318921,0.00019535693821423494,147.5,58.99999999999998,0.12630476784211636,2,24:funding_collapse|51:funding_collapse|67:funding_collapse|70:funding_collapse|92:funding_collapse,0.012402673702400753,0.06756709329324513,0.09944904261537524,0.008511166991688824,3.125711011427759e-05,0.0005824017966846279,0.0001813766184183075,f0ed9860e36013f6,8,origin_fidelity,"{""origin_fidelity"": 0.0}"
S6,rule,False,600808,0.875,0.875,7,7,1033,1033,0,0.0,0.0,,708.5984463594593,0.7785936281987901,5.471397345467278,0.0,1.0,0,0,0,11095.237679678252,11095.237679678254,1585.0339542397503,1.5,0.957352363997539,0.555259643965816,0.0002586975713952466,0.0,0.0,0.055302170556946195,3,24:funding_collapse|51:funding_collapse|67:funding_collapse|70:funding_collapse|92:funding_collapse,0.01600000000000001,0.03436350345923586,0.0,0.0,4.1391611423239455e-05,0.001001476730550502,0.0,f0ed9860e36013f6,8,origin_fidelity,"{""origin_fidelity"": 0.0}"
S7,forward_rollout_proxy,False,600808,0.875,0.875,7,7,1200,1200,1,0.3333333333333333,1.0,19.0,315.56064403140954,0.5093869433120652,3.6973253043958727,0.03686808860055329,0.9631319113994468,26,0,0,11091.190766913773,11091.190766913773,1584.4558238448246,1.5,0.7375816727718559,0.5483251860125202,0.000265669476688071,79.0,31.600000000000037,0.21921882845687996,2,24:funding_collapse|51:funding_collapse|67:funding_collapse|70:funding_collapse|92:funding_collapse,0.01363647608142588,0.04846990068969309,0.2300761171016134,0.014332942695816458,4.250711627009137e-05,0.0008390591778238115,6.638361888158909e-05,f0ed9860e36013f6,8,origin_fidelity,"{""origin_fidelity"": 0.0}"
S4,state_dependent_rule,False,600809,0.625,0.5,5,4,376,234,2,0.6666666666666666,1.0,18.0,244.87871869288338,0.599899929750905,4.023546799054738,0.005784481994606553,0.9942155180053934,303,0,0,11212.031017746414,11212.031017746413,2803.0077544366036,1.5,0.4829156190481904,0.33960769289820597,0.00039444584519073115,178.25,71.3,0.13040331501419772,1,24:funding_collapse|86:wildfire:reserve,0.012236725409334,0.07146465917440864,0.10196070506244499,0.015037339668620862,6.311133523051697e-05,0.0008766404077259394,0.00020294372265054512,f0ed9860e36013f6,8,origin_fidelity,"{""origin_fidelity"": 0.0}"
S6,rule,False,600809,0.75,0.75,6,6,1052,1052,1,0.3333333333333333,1.0,27.0,682.2787439703758,0.7797513572919504,4.951385411996282,0.0,1.0,0,0,0,11227.397679678254,11227.397679678255,1871.2329466130423,1.5,0.9530293335130174,0.49161127407968297,0.00020673081437419945,0.0,0.0,0.0464724330420922,2,24:funding_collapse|86:wildfire:reserve,0.01600000000000001,0.03321795311365597,0.0,0.0,3.307693029987191e-05,0.0009976126640936424,0.0,f0ed9860e36013f6,8,origin_fidelity,"{""origin_fidelity"": 0.0}"
S7,forward_rollout_proxy,False,600809,0.75,0.625,6,5,1200,1200,1,0.3333333333333333,1.0,15.0,380.8291688614725,0.5853597912555085,4.116310695633812,3.8942759659884653e-05,0.9999610572403401,69,0,0,11209.963539395,11209.963539395,2241.9927078789997,1.5,0.6913597345069795,0.4264693936228285,0.00027858670617546716,84.0,33.60000000000003,0.174601566078962,2,24:funding_collapse|86:wildfire:reserve,0.014215756534137347,0.049873879616179374,0.15130838673854707,0.015098150902558793,4.457387298807475e-05,0.0009367018829104526,7.216235589901832e-05,f0ed9860e36013f6,8,origin_fidelity,"{""origin_fidelity"": 0.0}"
S4,state_dependent_rule,False,600810,0.5,0.5,4,4,274,103,1,0.3333333333333333,1.0,18.0,206.10044858223335,0.5913843508681508,2.8544790612490716,0.00652306906841864,0.9934769309315814,170,0,0,11133.429862347804,11133.429862347804,2783.357465586951,1.5,0.21605005367925134,0.3018196334603206,0.0007994461895521768,173.5,69.4,0.13334918739952348,2,2:heatwave:alternative|9:flood:alternative|48:wildfire:origin|50:flood:alternative|72:funding_collapse|73:funding_collapse|73:heatwave:reserve|100:flood:reserve,0.011748612170892157,0.07353438393996113,0.10236047087474462,0.019616331698035585,0.00012791139032834826,0.0010810438766204323,0.00024493511978374445,f0ed9860e36013f6,8,origin_fidelity,"{""origin_fidelity"": 0.0}"
S6,rule,False,600810,0.75,0.375,6,3,79,79,0,0.0,0.0,,330.89157351345676,0.7467041762018092,2.8684178731925485,0.0,1.0,0,0,0,11130.9846563542,11130.984656354201,3710.328218784733,1.5,0.7778140292984151,0.28323923314931576,0.0003511410570813189,0.0,0.0,0.040118257437743776,3,2:heatwave:alternative|9:flood:alternative|48:wildfire:origin|50:flood:alternative|72:funding_collapse|73:funding_collapse|73:heatwave:reserve|100:flood:reserve,0.01600000000000001,0.06642511629414984,0.0,0.0,5.6182569133011035e-05,0.000814524934908256,0.0,f0ed9860e36013f6,8,origin_fidelity,"{""origin_fidelity"": 0.0}"
S7,forward_rollout_proxy,False,600810,0.875,0.75,7,6,704,704,0,0.0,0.0,,247.6347785973001,0.511776413708752,3.5350141527135595,0.0006149231184818449,0.9993850768815181,51,0,0,11135.025853167106,11135.025853167106,1855.8376421945177,1.5,0.37676436857866813,0.45393777828599535,0.00024512698134974314,68.75,27.50000000000003,0.21705599950496446,3,2:heatwave:alternative|9:flood:alternative|48:wildfire:origin|50:flood:alternative|72:funding_collapse|73:funding_collapse|73:heatwave:reserve|100:flood:reserve,0.013343275701329418,0.054500507156826465,0.22030044880433242,0.015133406348367538,3.92203170159589e-05,0.0009310963601489825,7.76136228291961e-05,f0ed9860e36013f6,8,origin_fidelity,"{""origin_fidelity"": 0.0}"
S4,state_dependent_rule,False,600811,0.5,0.5,4,4,541,443,1,0.3333333333333333,1.0,17.0,247.79332234773733,0.5813300575289098,4.133359587479445,0.00037733980274111287,0.9996226601972589,257,0,0,11200.088234582357,11200.088234582357,2800.0220586455894,1.5,0.41731188699348803,0.33133208495474264,0.00029896238056093644,173.0,69.19999999999999,0.11633650190299699,2,14:wildfire:alternative|44:funding_collapse|82:flood:origin|87:flood:semiwild|95:flood:origin,0.01243203093173264,0.06865061029861405,0.1233955602558697,0.018167684913165068,4.783398088974982e-05,0.0009409599363765047,0.00019408598080020406,f0ed9860e36013f6,8,origin_fidelity,"{""origin_fidelity"": 0.0}"
S6,rule,False,600811,0.625,0.625,5,5,156,156,1,0.3333333333333333,1.0,23.0,596.454317129912,0.7691740882943329,5.13960879056965,0.0,1.0,0,0,0,11193.657029884283,11193.657029884285,2238.731405976857,1.5,0.7748130563396504,0.4182717622584088,0.00026762584022398757,0.0,0.0,0.040721843593736304,2,14:wildfire:alternative|44:funding_collapse|82:flood:origin|87:flood:semiwild|95:flood:origin,0.01600000000000001,0.0437668108729514,0.0,0.0,4.282013443583801e-05,0.0010162806982797206,0.0,f0ed9860e36013f6,8,origin_fidelity,"{""origin_fidelity"": 0.0}"
S7,forward_rollout_proxy,False,600811,0.625,0.5,5,4,744,744,0,0.0,0.0,,300.921517134909,0.5893603784330255,4.343892590591279,3.685714984924622e-05,0.9999631428501508,55,0,0,11168.837298478657,11168.837298478658,2792.209324619664,1.5,0.5769326987480016,0.35580679788351965,0.0001609985598827129,73.5,29.400000000000023,0.14837301051403362,3,14:wildfire:alternative|44:funding_collapse|82:flood:origin|87:flood:semiwild|95:flood:origin,0.013843783002820527,0.04939812448614434,0.1586121853655727,0.006285221133439282,2.5759769581234068e-05,0.0005885568598872512,7.349613029903094e-05,f0ed9860e36013f6,8,origin_fidelity,"{""origin_fidelity"": 0.0}"
