policy,engine,oracle,seed,survival_50,survival_100,species_retained_50,species_retained_100,total_abundance,wild_abundance,n_ebd,fraction_ebd,p_ebd,mean_time_to_ebd,lifetime_welfare,mean_individual_welfare,founder_effective,mean_inbreeding,heterozygosity_proxy,successful_reintroductions,refuge_moves,origin_returns,cost,available_budget,cost_per_species_retained,engagement,habitat_integrity,future_option_value,disease_prevalence,quarantine_cost,relocation_burden,biobank_coverage,discovered_latent,events,welfare_burden_predation,welfare_burden_food_insecurity,welfare_burden_crowding,welfare_burden_restriction,welfare_burden_infection,welfare_burden_habituation,welfare_burden_relocation,config_hash,design_id,name,overrides
S4,state_dependent_rule,False,700000,0.875,0.75,7,6,817,817,1,0.3333333333333333,1.0,13.0,538.0302181676216,0.686212667918085,4.243537829452541,0.00011791203610103517,0.999882087963899,29,0,0,11240.139743389667,11240.139743389667,1873.3566238982778,1.5,0.8530365112794108,0.49981163512642585,0.00018398239988867614,73.0,29.19999999999998,0.1728630285197965,2,25:funding_collapse,0.014367675511644853,0.047236762505766,0.06741900672855614,0.003603957570042789,2.9437183982188177e-05,0.0007971219914368274,4.703056922436868e-05,f99ada8cef4eb740,0,excellent_origin,"{""scenario"": ""stationary"", ""habitat_deterioration"": 0.0, ""catastrophe_probability"": 0.0}"
S6,rule,False,700000,0.875,0.875,7,7,1111,1111,0,0.0,0.0,,798.5726640941753,0.7854372411827019,5.440488638735475,0.0008085686702728961,0.9991914313297271,0,0,0,11251.341645155184,11251.341645155186,1607.3345207364548,1.5,0.98,0.5568681761484086,5.2493438320209976e-05,0.0,0.0,0.05356644880526891,3,25:funding_collapse,0.01600000000000001,0.02764385789836883,0.0,0.0,8.398950131233596e-06,0.0009105019687981899,0.0,f99ada8cef4eb740,0,excellent_origin,"{""scenario"": ""stationary"", ""habitat_deterioration"": 0.0, ""catastrophe_probability"": 0.0}"
S7,forward_rollout_proxy,False,700000,0.75,0.625,6,5,1008,1008,2,0.6666666666666666,1.0,29.5,665.6137385509568,0.7633886138330442,5.808708991291638,0.0002097603556759498,0.999790239644324,14,0,0,11238.95136940813,11238.95136940813,2247.790273881626,1.5,0.9406846454242382,0.4682333450670766,0.00012690032702869817,18.0,7.199999999999999,0.17413895305868182,1,25:funding_collapse,0.015496253243934839,0.0366064653407711,0.009345511424801696,0.0014980591650208736,2.030405232459171e-05,0.0009439481136105515,1.296749624105027e-05,f99ada8cef4eb740,0,excellent_origin,"{""scenario"": ""stationary"", ""habitat_deterioration"": 0.0, ""catastrophe_probability"": 0.0}"
S4,state_dependent_rule,False,700001,0.875,0.875,7,7,1017,1017,0,0.0,0.0,,496.5917548406186,0.5890764974833818,3.9832765910553394,0.0034289866967228697,0.9965710133032771,56,0,0,11217.925499415638,11217.925499415638,1602.5607856308054,1.5,0.8527432832589538,0.5572522935194062,8.37397848767725e-05,84.0,33.59999999999998,0.19197599641478708,3,37:funding_collapse|65:funding_collapse,0.014089420370063797,0.0444969280737573,0.15771524652218563,0.013434175267654037,1.3398365580283601e-05,0.0008820047764246683,5.17168496621324e-05,f99ada8cef4eb740,0,excellent_origin,"{""scenario"": ""stationary"", ""habitat_deterioration"": 0.0, ""catastrophe_probability"": 0.0}"
S6,rule,False,700001,0.875,0.875,7,7,1200,1200,0,0.0,0.0,,822.3323950344884,0.7854569417937283,5.734873040044456,0.0,1.0,0,0,0,11216.278551549512,11216.278551549514,1602.325507364216,1.5,0.98,0.560230187974784,0.00010464740856702655,0.0,0.0,0.05565728787169705,3,37:funding_collapse|65:funding_collapse,0.01600000000000001,0.02763042292462734,0.0,0.0,1.674358537072425e-05,0.000895891696273716,0.0,f99ada8cef4eb740,0,excellent_origin,"{""scenario"": ""stationary"", ""habitat_deterioration"": 0.0, ""catastrophe_probability"": 0.0}"
S7,forward_rollout_proxy,False,700001,0.75,0.75,6,6,1081,1081,0,0.0,0.0,,722.8000466024221,0.7635356768518403,5.022981897311823,0.004897431279354686,0.9951025687206453,14,0,0,11198.020023527175,11198.020023527177,1866.3366705878625,1.5,0.9398250871607382,0.5205122118582654,8.004164768660116e-05,26.0,10.399999999999997,0.19399942084536628,3,37:funding_collapse|65:funding_collapse,0.015706695041068933,0.0372247471962044,0.007588498136679548,0.001207398949349221,1.2806663629856186e-05,0.0008478612576924877,1.654576205215863e-05,f99ada8cef4eb740,0,excellent_origin,"{""scenario"": ""stationary"", ""habitat_deterioration"": 0.0, ""catastrophe_probability"": 0.0}"
S4,state_dependent_rule,False,700002,0.875,0.875,7,7,1012,1012,0,0.0,0.0,,576.1178470053512,0.6671406254023249,4.369103351031821,0.0006330492248025742,0.9993669507751974,40,0,0,11258.325565070503,11258.325565070503,1608.3322235815006,1.5,0.8532765641255979,0.5594812858620706,9.951788289319776e-05,79.75,31.89999999999998,0.18356297969596302,3,,0.01460072726499691,0.04854922293601929,0.08675997307912393,0.004075788041671403,1.5922861262911644e-05,0.0008268422659662746,4.564405912494737e-05,f99ada8cef4eb740,0,excellent_origin,"{""scenario"": ""stationary"", ""habitat_deterioration"": 0.0, ""catastrophe_probability"": 0.0}"
S6,rule,False,700002,0.875,0.875,7,7,1200,1200,0,0.0,0.0,,798.8084922634495,0.7860037003995415,5.2514919295220315,0.0,1.0,0,0,0,11281.429024783332,11281.429024783334,1611.6327178261904,1.5,0.98,0.5547542324207039,0.0002466404342020391,0.0,0.0,0.052446565627417986,3,,0.01600000000000001,0.026955139623354253,0.0,0.0,3.946246947232625e-05,0.0010016975076319733,0.0,f99ada8cef4eb740,0,excellent_origin,"{""scenario"": ""stationary"", ""habitat_deterioration"": 0.0, ""catastrophe_probability"": 0.0}"
S7,forward_rollout_proxy,False,700002,0.75,0.625,6,5,918,918,0,0.0,0.0,,671.3051375822141,0.766550383350217,5.583299059706462,0.0013726356339805925,0.9986273643660194,7,0,0,11258.051630527096,11258.051630527098,2251.610326105419,1.5,0.9410857509077367,0.4644762401356776,0.0001984271971699681,20.25,8.099999999999998,0.1664233722391966,3,,0.015625647304819502,0.03626977439325977,0.007354586430180633,0.0011431964448688511,3.1748351547194893e-05,0.0009665232037688161,1.1581830187094352e-05,f99ada8cef4eb740,0,excellent_origin,"{""scenario"": ""stationary"", ""habitat_deterioration"": 0.0, ""catastrophe_probability"": 0.0}"
S4,state_dependent_rule,False,700003,0.875,0.875,7,7,1184,1184,1,0.3333333333333333,1.0,17.0,600.1631407667785,0.6969155609270247,3.394063626290093,0.057926019024578904,0.942073980975421,111,0,0,11201.030187355966,11201.030187355966,1600.147169622281,1.5,0.852520265139766,0.5504932479318497,0.0003151277381772072,92.25,36.89999999999998,0.18775292577486102,2,11:funding_collapse|40:funding_collapse,0.014641018855928533,0.04885537408323982,0.05377741813402999,0.0031856235660665732,5.042043810835314e-05,0.0007248896250409737,5.2637712037591524e-05,f99ada8cef4eb740,0,excellent_origin,"{""scenario"": ""stationary"", ""habitat_deterioration"": 0.0, ""catastrophe_probability"": 0.0}"
S6,rule,False,700003,0.875,0.875,7,7,1197,1197,1,0.3333333333333333,1.0,19.0,836.9339755157522,0.7851085008656249,6.210487784130687,0.0,1.0,0,0,0,11220.681053382772,11220.681053382774,1602.9544361975388,1.5,0.98,0.5645836164570132,0.0002867944843809891,0.0,0.0,0.053643693078531694,2,11:funding_collapse|40:funding_collapse,0.01600000000000001,0.027917193969926816,0.0,0.0,4.588711750095825e-05,0.0009284180469476578,0.0,f99ada8cef4eb740,0,excellent_origin,"{""scenario"": ""stationary"", ""habitat_deterioration"": 0.0, ""catastrophe_probability"": 0.0}"
S7,forward_rollout_proxy,False,700003,0.875,0.875,7,7,1145,1145,1,0.3333333333333333,1.0,23.0,737.3549838983291,0.7478176075982966,4.7777565580214825,0.001103315978236902,0.9988966840217631,8,0,0,11200.728222953732,11200.728222953734,1600.1040318505331,1.5,0.9398819593486961,0.5784307159779098,0.0002158901109813758,16.5,6.599999999999998,0.21457477231412678,2,11:funding_collapse|40:funding_collapse,0.015364259226640644,0.03868093900833161,0.022201425917162277,0.0015198457460470565,3.4542417757020135e-05,0.0008627195543497078,9.496833446179891e-06,f99ada8cef4eb740,0,excellent_origin,"{""scenario"": ""stationary"", ""habitat_deterioration"": 0.0, ""catastrophe_probability"": 0.0}"
S4,state_dependent_rule,False,700004,0.75,0.625,6,5,1041,1041,2,0.6666666666666666,1.0,55.5,534.0849151699954,0.6947526929969813,5.388427968615969,0.00109855016474704,0.998901449835253,48,0,0,11233.831683348542,11233.83168334854,2246.7663366697084,1.5,0.852953244886868,0.4442033098650619,0.00047905086305749837,77.0,30.799999999999983,0.11886852845107689,0,37:funding_collapse,0.014538975802321935,0.04761304000225394,0.05914407407688522,0.004006611373873466,7.664813808919974e-05,0.0008364115221695404,4.937662111529578e-05,f99ada8cef4eb740,0,excellent_origin,"{""scenario"": ""stationary"", ""habitat_deterioration"": 0.0, ""catastrophe_probability"": 0.0}"
S6,rule,False,700004,1.0,1.0,8,8,1200,1200,0,0.0,0.0,,816.8306920573294,0.7847286248404807,5.172834109526774,0.0,1.0,0,0,0,11249.318551549512,11249.318551549513,1406.164818943689,1.5,0.98,0.6100508270071653,0.000477901634779679,0.0,0.0,0.05161242955948754,3,37:funding_collapse,0.01600000000000001,0.028264481280562782,0.0,0.0,7.646426156474864e-05,0.0009304296173913902,0.0,f99ada8cef4eb740,0,excellent_origin,"{""scenario"": ""stationary"", ""habitat_deterioration"": 0.0, ""catastrophe_probability"": 0.0}"
S7,forward_rollout_proxy,False,700004,0.75,0.625,6,5,1104,1104,2,0.6666666666666666,1.0,24.0,676.0902658037984,0.7671491300356821,5.050838082837327,0.00016910551982988014,0.9998308944801702,12,0,0,11224.316343160413,11224.316343160413,2244.8632686320825,1.5,0.9403773098730364,0.4555365092468081,0.0007508719424354974,17.5,6.999999999999998,0.148701987155656,1,37:funding_collapse,0.01580580397231078,0.03683391320648049,0.005243935845723854,0.0008731809363913996,0.0001201395107896796,0.0009493779245669735,9.963663496798838e-06,f99ada8cef4eb740,0,excellent_origin,"{""scenario"": ""stationary"", ""habitat_deterioration"": 0.0, ""catastrophe_probability"": 0.0}"
S4,state_dependent_rule,False,700005,0.625,0.5,5,4,800,800,1,0.3333333333333333,1.0,52.0,480.9280331295906,0.7255502571486449,6.0980707071299936,0.0006801021117166665,0.9993198978882833,27,0,0,11262.231471132334,11262.231471132334,2815.5578677830836,1.5,0.8533281220856139,0.39435204857652095,0.0003813989315997357,68.5,27.399999999999988,0.11519264648329768,2,,0.014921439269862273,0.04840201035179218,0.02990135658484112,0.00339869075484523,6.10238290559577e-05,0.0009037745112478483,5.4843481567185715e-05,f99ada8cef4eb740,0,excellent_origin,"{""scenario"": ""stationary"", ""habitat_deterioration"": 0.0, ""catastrophe_probability"": 0.0}"
S6,rule,False,700005,0.875,0.875,7,7,1177,1177,0,0.0,0.0,,828.4220726213559,0.785274814246782,5.149362775392915,0.0,1.0,0,0,0,11281.429024783332,11281.429024783334,1611.6327178261904,1.5,0.98,0.553415487726834,0.00010403173575129535,0.0,0.0,0.050859299864524525,3,,0.01600000000000001,0.02775120963285176,0.0,0.0,1.6645077720207254e-05,0.0009573310426461041,0.0,f99ada8cef4eb740,0,excellent_origin,"{""scenario"": ""stationary"", ""habitat_deterioration"": 0.0, ""catastrophe_probability"": 0.0}"
S7,forward_rollout_proxy,False,700005,0.875,0.75,7,6,1127,1127,0,0.0,0.0,,716.8958291854935,0.7551475511234329,6.295478551718319,0.0073613839346576455,0.9926386160653423,20,0,0,11261.880327912046,11261.880327912048,1876.9800546520075,1.5,0.9411661535528205,0.5320109602826335,0.00010331018205033952,17.5,7.000000000000002,0.18719779705084122,3,,0.015447784734038189,0.03674806287866865,0.016242233773559153,0.0022088560650837326,1.6529629128054323e-05,0.0009396137714843152,1.0507702146940463e-05,f99ada8cef4eb740,0,excellent_origin,"{""scenario"": ""stationary"", ""habitat_deterioration"": 0.0, ""catastrophe_probability"": 0.0}"
S4,state_dependent_rule,False,700006,1.0,0.875,8,7,1200,1200,0,0.0,0.0,,572.7774561576099,0.6705825925611247,4.25676026392362,0.0019063485088117098,0.9980936514911883,52,0,0,11257.251006870816,11257.251006870816,1608.1787152672593,1.5,0.853262379957362,0.5602435002730853,0.0003196957097975885,83.75,33.49999999999997,0.19299829819056485,3,,0.01459615454215104,0.0480965928885223,0.08351182395219243,0.003992241583520907,5.115131356761416e-05,0.000843929832388041,4.482791640038801e-05,f99ada8cef4eb740,0,excellent_origin,"{""scenario"": ""stationary"", ""habitat_deterioration"": 0.0, ""catastrophe_probability"": 0.0}"
S6,rule,False,700006,1.0,1.0,8,8,1200,1200,0,0.0,0.0,,848.918091521591,0.7847144235631373,5.2107158287333775,0.0,1.0,0,0,0,11281.429024783332,11281.429024783334,1410.1786280979165,1.5,0.98,0.6122264916221437,0.00020774640589266174,0.0,0.0,0.06059666667404966,3,,0.01600000000000001,0.028309335485216316,0.0,0.0,3.323942494282588e-05,0.0009430015267038035,0.0,f99ada8cef4eb740,0,excellent_origin,"{""scenario"": ""stationary"", ""habitat_deterioration"": 0.0, ""catastrophe_probability"": 0.0}"
S7,forward_rollout_proxy,False,700006,0.875,0.875,7,7,1125,1125,0,0.0,0.0,,759.7170482767727,0.7555400798152446,4.527887696342761,0.001659406681174786,0.9983405933188252,29,0,0,11264.517728010025,11264.517728010025,1609.2168182871465,1.5,0.9412215389548783,0.578507562054813,0.0002938464036797674,20.25,8.099999999999998,0.22678265597948813,3,,0.015436887879093562,0.03801472507782177,0.01583778175420611,0.001134786292602813,4.7015424588762786e-05,0.0008720313800212699,1.1161853750596342e-05,f99ada8cef4eb740,0,excellent_origin,"{""scenario"": ""stationary"", ""habitat_deterioration"": 0.0, ""catastrophe_probability"": 0.0}"
S4,state_dependent_rule,False,700007,0.625,0.625,5,5,955,955,1,0.3333333333333333,1.0,29.0,572.4018488471962,0.7056008970678963,4.999609388211873,5.0055384203213034e-05,0.9999499446157968,45,0,0,11264.276959761424,11264.276959761424,2252.8553919522847,1.5,0.8533551225355182,0.4464367953105801,0.0003184797409932052,78.25,31.29999999999998,0.14927594587454804,2,,0.014796284441563638,0.04760367821947779,0.04962849227623592,0.00281057220212616,5.095675855891283e-05,0.0008091738136211178,5.00846457039439e-05,f99ada8cef4eb740,0,excellent_origin,"{""scenario"": ""stationary"", ""habitat_deterioration"": 0.0, ""catastrophe_probability"": 0.0}"
S6,rule,False,700007,1.0,0.875,8,7,1200,1200,0,0.0,0.0,,830.7665536458869,0.7854627940724336,5.6547965392309445,0.0,1.0,0,0,0,11281.429024783332,11281.429024783334,1611.6327178261904,1.5,0.98,0.559503283685947,0.0002479163357101332,0.0,0.0,0.056026591468187795,3,,0.01600000000000001,0.027538036610715272,0.0,0.0,3.966661371362132e-05,0.0009595027031373543,0.0,f99ada8cef4eb740,0,excellent_origin,"{""scenario"": ""stationary"", ""habitat_deterioration"": 0.0, ""catastrophe_probability"": 0.0}"
S7,forward_rollout_proxy,False,700007,0.875,0.875,7,7,1200,1200,0,0.0,0.0,,716.7749299357955,0.7609554598810976,4.466677685978008,0.008827229925770176,0.9911727700742298,20,0,0,11260.106704473246,11260.106704473246,1608.5866720676065,1.5,0.9411289074606058,0.5777686680748877,0.00017192878896497927,28.5,11.399999999999997,0.226195002345235,3,,0.015602371815375281,0.03733400880743258,0.011570895939741234,0.0008509869446226841,2.7508606234396682e-05,0.0009604919992809261,1.7771705335911124e-05,f99ada8cef4eb740,0,excellent_origin,"{""scenario"": ""stationary"", ""habitat_deterioration"": 0.0, ""catastrophe_probability"": 0.0}"
S4,state_dependent_rule,False,700008,0.625,0.625,5,5,951,951,0,0.0,0.0,,538.4245675601703,0.6907821390937101,5.198921829850807,0.002671925483882534,0.9973280745161175,58,0,0,11205.34605062101,11205.346050621009,2241.069210124202,1.5,0.8525772345348646,0.4480406960742085,0.00026861449184709634,88.0,35.199999999999974,0.14771877161106978,3,37:funding_collapse|50:funding_collapse,0.014525674601721703,0.04710526715353665,0.06230845861701069,0.00520320379991263,4.297831869553542e-05,0.0009350623374821249,5.704005249410847e-05,f99ada8cef4eb740,0,excellent_origin,"{""scenario"": ""stationary"", ""habitat_deterioration"": 0.0, ""catastrophe_probability"": 0.0}"
S6,rule,False,700008,0.875,0.875,7,7,1198,1198,0,0.0,0.0,,797.1013856505404,0.7858842095700312,4.731514930739797,0.0,1.0,0,0,0,11216.278551549512,11216.278551549514,1602.325507364216,1.5,0.98,0.550382452928131,0.0003019573505418936,0.0,0.0,0.05658651810366552,3,37:funding_collapse|50:funding_collapse,0.01600000000000001,0.027141859697578662,0.0,0.0,4.8313176086702975e-05,0.00092561755630342,0.0,f99ada8cef4eb740,0,excellent_origin,"{""scenario"": ""stationary"", ""habitat_deterioration"": 0.0, ""catastrophe_probability"": 0.0}"
S7,forward_rollout_proxy,False,700008,0.875,0.875,7,7,1167,1167,1,0.3333333333333333,1.0,7.0,727.9327280968369,0.7454519706960916,4.116728857358046,0.010166881427811358,0.9898331185721887,27,0,0,11200.511662906587,11200.511662906589,1600.073094700941,1.5,0.9398774115877059,0.5726297880749539,0.00025215176116906934,30.0,11.999999999999996,0.21862379171301427,2,37:funding_collapse|50:funding_collapse,0.015316194268367502,0.03825907645393514,0.02476154613159808,0.0016163621021741711,4.0344281787051096e-05,0.0008721461736748539,1.7690886304690733e-05,f99ada8cef4eb740,0,excellent_origin,"{""scenario"": ""stationary"", ""habitat_deterioration"": 0.0, ""catastrophe_probability"": 0.0}"
S4,state_dependent_rule,False,700009,0.75,0.75,6,6,1177,1168,1,0.3333333333333333,1.0,21.0,604.0506143417051,0.6880118496888106,4.496909321951315,0.0007572313863578269,0.9992427686136421,140,0,0,11232.34698557908,11232.346985579083,1872.057830929847,1.5,0.8529336468763112,0.5008788077721061,0.0002830880941259986,105.75,42.29999999999997,0.16558174932480907,2,10:funding_collapse,0.014631778842352845,0.04766171546850138,0.0638811116647765,0.004047014331184358,4.529409506015977e-05,0.0008003750678592979,5.718313189707941e-05,f99ada8cef4eb740,0,excellent_origin,"{""scenario"": ""stationary"", ""habitat_deterioration"": 0.0, ""catastrophe_probability"": 0.0}"
S6,rule,False,700009,1.0,0.875,8,7,1200,1200,0,0.0,0.0,,821.8659725334156,0.7852370685743298,4.773292362517661,0.0,1.0,0,0,0,11253.400433525505,11253.400433525509,1607.6286333607864,1.5,0.98,0.5503979343647253,0.00018546916445623344,0.0,0.0,0.05457505369774314,3,10:funding_collapse,0.01600000000000001,0.02779979770664516,0.0,0.0,2.9675066312997346e-05,0.0009334586527120958,0.0,f99ada8cef4eb740,0,excellent_origin,"{""scenario"": ""stationary"", ""habitat_deterioration"": 0.0, ""catastrophe_probability"": 0.0}"
S7,forward_rollout_proxy,False,700009,0.625,0.625,5,5,933,933,1,0.3333333333333333,1.0,26.0,601.5034297041138,0.7711724535761866,5.6578516697347805,0.0006927978121535969,0.9993072021878464,9,0,0,11228.668190522123,11228.668190522123,2245.7336381044247,1.5,0.9404686986676322,0.46506966232123226,0.0002469398961869113,10.75,4.300000000000001,0.16597137878560633,2,10:funding_collapse,0.015729238281700343,0.035141341145974156,0.003721152173869992,0.0015204221911877338,3.951038338990581e-05,0.0010572106038904858,9.42062506789997e-06,f99ada8cef4eb740,0,excellent_origin,"{""scenario"": ""stationary"", ""habitat_deterioration"": 0.0, ""catastrophe_probability"": 0.0}"
S4,state_dependent_rule,False,700010,0.75,0.75,6,6,861,861,1,0.3333333333333333,1.0,16.0,557.3570156886531,0.6976212459678508,3.9081348945811114,0.005136513612714732,0.9948634863872853,51,0,0,11247.45004020562,11247.450040205622,1874.5750067009367,1.5,0.8531330071973814,0.4944071335884292,0.00017987971130365823,98.25,39.29999999999997,0.16256241961439966,2,53:funding_collapse,0.014622228092886819,0.04955703580331246,0.05470898394791338,0.00455140747972864,2.8780753808585318e-05,0.0008471550303131303,6.572795700488649e-05,f99ada8cef4eb740,0,excellent_origin,"{""scenario"": ""stationary"", ""habitat_deterioration"": 0.0, ""catastrophe_probability"": 0.0}"
S6,rule,False,700010,1.0,0.875,8,7,1200,1200,0,0.0,0.0,,832.0157817900238,0.7851726654160781,5.919190874265113,0.0,1.0,0,0,0,11248.389024783333,11248.389024783333,1606.9127178261904,1.5,0.98,0.5629335620621814,0.00025863740287961605,0.0,0.0,0.059958266597651244,3,53:funding_collapse,0.01600000000000001,0.027873108896919022,0.0,0.0,4.138198446073858e-05,0.0009128437025422971,0.0,f99ada8cef4eb740,0,excellent_origin,"{""scenario"": ""stationary"", ""habitat_deterioration"": 0.0, ""catastrophe_probability"": 0.0}"
S7,forward_rollout_proxy,False,700010,0.875,0.875,7,7,1200,1200,0,0.0,0.0,,731.8040154940312,0.7556350273749444,4.9712534776932324,0.007189084307231008,0.992810915692769,14,0,0,11234.613342855551,11234.613342855551,1604.9447632650788,1.5,0.9405935468666341,0.5820066866230371,0.00020063354988109286,16.75,6.699999999999999,0.22242398579720724,3,53:funding_collapse,0.015484297430495599,0.03739706777597378,0.015131793979667468,0.0014999460555966556,3.2101367980974864e-05,0.0009106313645736564,1.2150658736970493e-05,f99ada8cef4eb740,0,excellent_origin,"{""scenario"": ""stationary"", ""habitat_deterioration"": 0.0, ""catastrophe_probability"": 0.0}"
S4,state_dependent_rule,False,700011,0.75,0.75,6,6,1084,1084,0,0.0,0.0,,557.0916760721703,0.6908780995428364,4.118871068988821,0.00018513395491283837,0.9998148660450872,66,0,0,11254.524933147699,11254.524933147699,1875.7541555246164,1.5,0.8532263957842169,0.498026485020542,0.00029929175664793943,86.75,34.699999999999974,0.1700756737611604,3,,0.01475106664200242,0.0486242974046736,0.0635806750271021,0.0025691781998825516,4.78866810636703e-05,0.0007456550237109553,5.139015977436564e-05,f99ada8cef4eb740,0,excellent_origin,"{""scenario"": ""stationary"", ""habitat_deterioration"": 0.0, ""catastrophe_probability"": 0.0}"
S6,rule,False,700011,0.875,0.875,7,7,1177,1177,0,0.0,0.0,,836.1519637499541,0.7853552603011182,5.235721048096389,0.0,1.0,0,0,0,11281.429024783332,11281.429024783334,1611.6327178261904,1.5,0.98,0.5551013459083922,0.00036974213407821007,0.0,0.0,0.05497067713714159,3,,0.01600000000000001,0.02765766590008569,0.0,0.0,5.915874145251361e-05,0.0009279150573434031,0.0,f99ada8cef4eb740,0,excellent_origin,"{""scenario"": ""stationary"", ""habitat_deterioration"": 0.0, ""catastrophe_probability"": 0.0}"
S7,forward_rollout_proxy,False,700011,0.875,0.75,7,6,1018,1018,0,0.0,0.0,,677.9388102442987,0.7696546880445245,4.764508517612652,0.0023883078274881684,0.9976116921725118,28,0,0,11256.334089181022,11256.334089181022,1876.0556815301704,1.5,0.9410496825394691,0.5193276543857871,0.00029847191860273237,22.0,8.799999999999999,0.200388004778568,3,,0.01574411580760685,0.03745788193817084,0.0044888988645145535,0.0003889064713457615,4.7755506976437176e-05,0.0008715329538563314,1.3967836729354057e-05,f99ada8cef4eb740,0,excellent_origin,"{""scenario"": ""stationary"", ""habitat_deterioration"": 0.0, ""catastrophe_probability"": 0.0}"
S4,state_dependent_rule,False,700100,0.125,0.125,1,1,171,0,2,0.6666666666666666,1.0,14.5,74.57972739056281,0.6249281333301888,2.981037822407993,0.0008047597474582245,0.9991952402525418,60,0,0,11242.979923110814,11242.979923110812,11242.979923110814,1.5,0.22829403461722766,0.11962547470101373,0.007843178248689273,107.5,279.5000000000001,0.05367846507605519,1,7:flood:semiwild|11:wildfire:origin|13:funding_collapse|57:heatwave:reserve|69:flood:reserve|72:heatwave:alternative|84:wildfire:reserve|94:flood:origin|95:wildfire:semiwild,0.006827235185770336,0.07365464055381375,0.02495909132096574,0.014698450459429399,0.001254908519790284,0.0009022976929976953,0.003471001785842045,c0ea7a21f96e0be5,1,high_relocation_harm,"{""relocation_mortality"": 0.25, ""relocation_stress"": 0.65, ""movement_disease_risk"": 0.65}"
S6,rule,False,700100,0.25,0.25,2,2,16,16,0,0.0,0.0,,115.5586668281532,0.7261791721367784,2.21090387374462,0.006559999999999999,0.99344,0,0,0,11196.453865595155,11196.453865595155,5598.226932797577,1.5,0.61151749961419,0.20028199990060935,0.000106951871657754,0.0,0.0,0.022606056008720746,3,7:flood:semiwild|11:wildfire:origin|13:funding_collapse|57:heatwave:reserve|69:flood:reserve|72:heatwave:alternative|84:wildfire:reserve|94:flood:origin|95:wildfire:semiwild,0.01600000000000001,0.08711452437892885,0.0,0.0,1.7112299465240642e-05,0.0006891911848274389,0.0,c0ea7a21f96e0be5,1,high_relocation_harm,"{""relocation_mortality"": 0.25, ""relocation_stress"": 0.65, ""movement_disease_risk"": 0.65}"
S7,forward_rollout_proxy,False,700100,0.375,0.125,3,1,127,59,0,0.0,0.0,,112.28946801318926,0.6384649765618581,2.49636279213744,0.05857149286929813,0.9414285071307019,140,0,0,11206.788244469435,11206.788244469435,11206.788244469435,1.5,0.3410825016723568,0.13269124244558853,0.005851075503462706,74.25,193.05000000000015,0.08684682178489223,3,7:flood:semiwild|11:wildfire:origin|13:funding_collapse|57:heatwave:reserve|69:flood:reserve|72:heatwave:alternative|84:wildfire:reserve|94:flood:origin|95:wildfire:semiwild,0.01124541149864467,0.07167344237452639,0.05452299099112572,0.009637196439302666,0.000936172080554033,0.0006794888109563121,0.002213574330224839,c0ea7a21f96e0be5,1,high_relocation_harm,"{""relocation_mortality"": 0.25, ""relocation_stress"": 0.65, ""movement_disease_risk"": 0.65}"
S4,state_dependent_rule,False,700101,0.25,0.25,2,2,229,1,2,0.6666666666666666,1.0,29.0,122.70100968290834,0.5705439873661187,3.196892119698995,0.0022764771534033394,0.9977235228465967,61,0,0,11203.357855610167,11203.357855610167,5601.678927805084,1.5,0.24662614847377948,0.18327207702528006,0.004491371757028585,149.5,388.7000000000001,0.07070270490456075,1,1:flood:reserve|24:flood:origin|39:heatwave:alternative|74:wildfire:reserve,0.005037489926405283,0.07812115060018042,0.0632735202431456,0.008490930445092694,0.0007186194811245735,0.0005487814961437829,0.002748784422648698,c0ea7a21f96e0be5,1,high_relocation_harm,"{""relocation_mortality"": 0.25, ""relocation_stress"": 0.65, ""movement_disease_risk"": 0.65}"
S6,rule,False,700101,0.5,0.375,4,3,158,158,1,0.3333333333333333,1.0,14.0,226.7658547720138,0.7413620758783799,3.400062209202399,0.0024997582956879055,0.9975002417043121,0,0,0,11182.164543781371,11182.164543781371,3727.3881812604573,1.5,0.8632530865773265,0.29556311924322864,0.00018004699903676887,0.0,0.0,0.03243594246735999,2,1:flood:reserve|24:flood:origin|39:heatwave:alternative|74:wildfire:reserve,0.01600000000000001,0.07192109284498277,0.0,0.0,2.880751984588302e-05,0.0006880237567912654,0.0,c0ea7a21f96e0be5,1,high_relocation_harm,"{""relocation_mortality"": 0.25, ""relocation_stress"": 0.65, ""movement_disease_risk"": 0.65}"
S7,forward_rollout_proxy,False,700101,0.125,0.125,1,1,39,11,0,0.0,0.0,,89.23124583308204,0.6430330805067372,1.9676584734799483,0.05491324854372871,0.9450867514562713,58,0,0,11128.438376378763,11128.438376378763,11128.438376378763,1.5,0.41825191289357805,0.13009192018113003,0.004358365915887433,62.0,161.20000000000013,0.06170072078486359,3,1:flood:reserve|24:flood:origin|39:heatwave:alternative|74:wildfire:reserve,0.008042223682679428,0.07736261098511316,0.01001559477095038,0.00976565506421264,0.0006973385465419893,0.000704408251312109,0.0039033899689907615,c0ea7a21f96e0be5,1,high_relocation_harm,"{""relocation_mortality"": 0.25, ""relocation_stress"": 0.65, ""movement_disease_risk"": 0.65}"
S4,state_dependent_rule,False,700102,0.5,0.5,4,4,500,486,0,0.0,0.0,,214.85557209690418,0.5953619262603277,3.293539766818192,0.002338439336786115,0.9976615606632139,199,0,0,11229.31865886062,11229.318658860619,2807.329664715155,1.5,0.42295078373937606,0.3245163845415276,0.0020803689048163806,149.0,387.4000000000002,0.12142954249704042,3,7:heatwave:semiwild|80:wildfire:alternative,0.013192272101971545,0.06908629340237982,0.11708147908856568,0.015391817787684609,0.00033285902477062096,0.0009545242901926812,0.0013532630392825782,c0ea7a21f96e0be5,1,high_relocation_harm,"{""relocation_mortality"": 0.25, ""relocation_stress"": 0.65, ""movement_disease_risk"": 0.65}"
S6,rule,False,700102,0.75,0.75,6,6,1020,1020,0,0.0,0.0,,705.7966067814418,0.778972292654623,5.326093764713161,0.0,1.0,0,0,0,11257.357186533314,11257.357186533316,1876.2261977555524,1.5,0.9345625044787882,0.49387769459501607,0.00010439106889044817,0.0,0.0,0.04830253250002796,3,7:heatwave:semiwild|80:wildfire:alternative,0.01600000000000001,0.03404850035079757,0.0,0.0,1.670257102247171e-05,0.0009625044235570371,0.0,c0ea7a21f96e0be5,1,high_relocation_harm,"{""relocation_mortality"": 0.25, ""relocation_stress"": 0.65, ""movement_disease_risk"": 0.65}"
S7,forward_rollout_proxy,False,700102,0.5,0.5,4,4,858,858,0,0.0,0.0,,291.08176073374574,0.5986781773399656,4.4525089917651055,0.00044208976413700395,0.999557910235863,25,0,0,11214.389268215153,11214.389268215153,2803.597317053788,1.5,0.6527924850448628,0.36186838943151284,0.0013139539830369748,78.75,204.75000000000017,0.13532025504687728,3,7:heatwave:semiwild|80:wildfire:alternative,0.014251266605694903,0.04998259835800761,0.13966909110904668,0.01566229973669086,0.00021023263728591594,0.0011100191418613808,0.00047561749440345406,c0ea7a21f96e0be5,1,high_relocation_harm,"{""relocation_mortality"": 0.25, ""relocation_stress"": 0.65, ""movement_disease_risk"": 0.65}"
S4,state_dependent_rule,False,700103,0.5,0.5,4,4,582,523,1,0.3333333333333333,1.0,28.0,230.13370498324716,0.6291808033523949,3.604982836497544,0.010762227878387855,0.9892377721216121,229,0,0,11091.325942803216,11091.325942803216,2772.831485700804,1.5,0.5407776715566723,0.3383491358250542,0.002862291864989133,153.0,397.8000000000003,0.11610770152205781,2,12:funding_collapse|13:funding_collapse|41:funding_collapse|51:funding_collapse|82:flood:origin,0.013272496465674528,0.0722522562357707,0.08116605874882596,0.012744533219862984,0.00045796669839826107,0.0009662308617491314,0.0013159113102667987,c0ea7a21f96e0be5,1,high_relocation_harm,"{""relocation_mortality"": 0.25, ""relocation_stress"": 0.65, ""movement_disease_risk"": 0.65}"
S6,rule,False,700103,0.875,0.75,7,6,192,192,0,0.0,0.0,,588.676815784721,0.7660768693561454,3.279253546224138,0.002733333333333333,0.9972666666666666,0,0,0,11134.556689660118,11134.556689660118,1855.7594482766863,1.5,0.8427499933291305,0.4649539222936223,0.0001598585322723254,0.0,0.0,0.051931937492339465,3,12:funding_collapse|13:funding_collapse|41:funding_collapse|51:funding_collapse|82:flood:origin,0.01600000000000001,0.04692911414820883,0.0,0.0,2.557736516357206e-05,0.0009684391304819584,0.0,c0ea7a21f96e0be5,1,high_relocation_harm,"{""relocation_mortality"": 0.25, ""relocation_stress"": 0.65, ""movement_disease_risk"": 0.65}"
S7,forward_rollout_proxy,False,700103,0.625,0.5,5,4,1145,1145,0,0.0,0.0,,319.32408681264235,0.6576382047123772,4.093010491005994,0.0007004494584971622,0.9992995505415029,21,0,0,11090.244522048226,11090.244522048226,2772.5611305120565,1.5,0.6699999999999999,0.36425776085552514,0.0013123295005700252,61.75,160.5500000000001,0.15663827972732577,3,12:funding_collapse|13:funding_collapse|41:funding_collapse|51:funding_collapse|82:flood:origin,0.014998585867205814,0.05490578460894447,0.08331796010579462,0.008187017385510156,0.000209972720091204,0.0009882624677500886,0.0005104476172473376,c0ea7a21f96e0be5,1,high_relocation_harm,"{""relocation_mortality"": 0.25, ""relocation_stress"": 0.65, ""movement_disease_risk"": 0.65}"
S4,state_dependent_rule,False,700104,0.75,0.5,6,4,598,550,0,0.0,0.0,,228.25010388403925,0.5809443535819343,3.7835659524985483,0.007893041778725737,0.9921069582212743,127,0,0,11174.466101691767,11174.466101691767,2793.616525422942,1.5,0.3025329032502376,0.32073213745634505,0.002141224241621514,128.25,333.44999999999993,0.13821593803167898,3,10:funding_collapse|21:funding_collapse|70:flood:alternative|87:wildfire:alternative,0.013387769081317143,0.06934408189776206,0.12789424285445103,0.021351557341887123,0.00034259587865944236,0.0011559026287363194,0.001113204184315983,c0ea7a21f96e0be5,1,high_relocation_harm,"{""relocation_mortality"": 0.25, ""relocation_stress"": 0.65, ""movement_disease_risk"": 0.65}"
S6,rule,False,700104,0.625,0.625,5,5,938,938,0,0.0,0.0,,660.7233138574236,0.778925599754118,5.829895532594781,0.0,1.0,0,0,0,11199.390477565346,11199.390477565346,2239.878095513069,1.5,0.8561898629835735,0.4337833518292087,0.00021441197964257183,0.0,0.0,0.043077051024517705,3,10:funding_collapse|21:funding_collapse|70:flood:alternative|87:wildfire:alternative,0.01600000000000001,0.03405440832404149,0.0,0.0,3.430591674281149e-05,0.0009856860050980647,0.0,c0ea7a21f96e0be5,1,high_relocation_harm,"{""relocation_mortality"": 0.25, ""relocation_stress"": 0.65, ""movement_disease_risk"": 0.65}"
S7,forward_rollout_proxy,False,700104,0.625,0.625,5,5,921,921,0,0.0,0.0,,284.5211451976159,0.5670492320547033,4.004384969670911,0.0004870911943905496,0.9995129088056095,19,0,0,11158.896351256783,11158.896351256783,2231.7792702513566,1.5,0.5316538638938596,0.4084034950564844,0.001209834646448766,63.25,164.45000000000013,0.16972129485194676,3,10:funding_collapse|21:funding_collapse|70:flood:alternative|87:wildfire:alternative,0.014047836176468481,0.050978311925042895,0.17084034568124873,0.015310684700302153,0.00019357354343180254,0.0011072515870646574,0.00041400340241281024,c0ea7a21f96e0be5,1,high_relocation_harm,"{""relocation_mortality"": 0.25, ""relocation_stress"": 0.65, ""movement_disease_risk"": 0.65}"
S4,state_dependent_rule,False,700105,0.375,0.25,3,2,165,0,1,0.3333333333333333,1.0,22.0,130.42297558516375,0.6232182339794684,2.7624876414774153,0.003020182679116707,0.9969798173208833,97,0,0,11197.15729068806,11197.157290688057,5598.57864534403,1.5,0.2872595850144656,0.1875655632450287,0.004731422779138751,132.25,343.85000000000025,0.09357364164403988,2,28:flood:alternative|29:flood:reserve|34:wildfire:alternative|84:wildfire:reserve|93:wildfire:origin|95:wildfire:semiwild,0.007626964414140372,0.07514580670239025,0.035037490313863474,0.00845697781212578,0.0007570276446622003,0.0007586081795677094,0.0025556646972305507,c0ea7a21f96e0be5,1,high_relocation_harm,"{""relocation_mortality"": 0.25, ""relocation_stress"": 0.65, ""movement_disease_risk"": 0.65}"
S6,rule,False,700105,0.875,0.875,7,7,497,497,0,0.0,0.0,,694.8321350260153,0.7747053939329309,4.245320586320381,0.00022157330488513754,0.9997784266951149,0,0,0,11247.17403057154,11247.174030571541,1606.7391472245056,1.5,0.8636909556285728,0.5335298186125063,0.00022704441091105722,0.0,0.0,0.054787585932225644,3,28:flood:alternative|29:flood:reserve|34:wildfire:alternative|84:wildfire:reserve|93:wildfire:origin|95:wildfire:semiwild,0.01600000000000001,0.038294407821572674,0.0,0.0,3.632710574576916e-05,0.000963871139750852,0.0,c0ea7a21f96e0be5,1,high_relocation_harm,"{""relocation_mortality"": 0.25, ""relocation_stress"": 0.65, ""movement_disease_risk"": 0.65}"
S7,forward_rollout_proxy,False,700105,0.625,0.125,5,1,31,16,0,0.0,0.0,,161.41782553351376,0.708481363650774,1.7763401109057304,0.02068175927364965,0.9793182407263503,84,0,0,11191.161785936116,11191.161785936118,11191.161785936116,1.5,0.4616834275496177,0.14660379856873423,0.004566359544445092,62.5,162.50000000000009,0.13211027352357588,3,28:flood:alternative|29:flood:reserve|34:wildfire:alternative|84:wildfire:reserve|93:wildfire:origin|95:wildfire:semiwild,0.014264851184646621,0.07804675650418555,0.00392805186615064,0.0067849723445403175,0.0007306175271112148,0.0010228129248987861,0.0024704744501127655,c0ea7a21f96e0be5,1,high_relocation_harm,"{""relocation_mortality"": 0.25, ""relocation_stress"": 0.65, ""movement_disease_risk"": 0.65}"
S4,state_dependent_rule,False,700106,0.375,0.375,3,3,177,0,1,0.3333333333333333,1.0,23.0,129.2838741169787,0.6258360671074388,2.314870111349759,0.05414426170196055,0.9458557382980395,129,0,0,11046.405661850285,11046.405661850285,3682.1352206167617,1.5,0.3014931371278801,0.2419223417414441,0.005157442152648645,137.0,356.20000000000005,0.09937163457579243,2,3:funding_collapse|4:heatwave:semiwild|6:funding_collapse|8:funding_collapse|8:flood:alternative|26:heatwave:reserve|38:flood:reserve|92:funding_collapse|93:funding_collapse,0.008081575735475887,0.07694687083690688,0.03607092133850946,0.007368580649435125,0.0008251907444237836,0.0006933449166374276,0.0024314542018144753,c0ea7a21f96e0be5,1,high_relocation_harm,"{""relocation_mortality"": 0.25, ""relocation_stress"": 0.65, ""movement_disease_risk"": 0.65}"
S6,rule,False,700106,0.625,0.625,5,5,888,888,1,0.3333333333333333,1.0,23.0,627.7474877077898,0.7783801898233679,5.831359104251372,0.0,1.0,0,0,0,11079.207575401295,11079.207575401297,2215.841515080259,1.5,0.9566983357430393,0.4438120924499236,8.342503063079936e-05,0.0,0.0,0.04289333916552976,2,3:funding_collapse|4:heatwave:semiwild|6:funding_collapse|8:funding_collapse|8:flood:alternative|26:heatwave:reserve|38:flood:reserve|92:funding_collapse|93:funding_collapse,0.01600000000000001,0.034649606518841795,0.0,0.0,1.3348004900927898e-05,0.0009568556528893805,0.0,c0ea7a21f96e0be5,1,high_relocation_harm,"{""relocation_mortality"": 0.25, ""relocation_stress"": 0.65, ""movement_disease_risk"": 0.65}"
S7,forward_rollout_proxy,False,700106,0.75,0.125,6,1,145,71,1,0.3333333333333333,1.0,23.0,160.60042275334635,0.6961532475727885,2.9028027060610238,0.0014302599068689655,0.998569740093131,86,0,0,11019.57236127794,11019.57236127794,11019.57236127794,1.5,0.5387677530822087,0.16250527543584445,0.002856788844204911,56.5,146.90000000000006,0.11675236533506658,2,3:funding_collapse|4:heatwave:semiwild|6:funding_collapse|8:funding_collapse|8:flood:alternative|26:heatwave:reserve|38:flood:reserve|92:funding_collapse|93:funding_collapse,0.012742291191115043,0.07552804837002143,0.00469215714642465,0.003535761731153829,0.0004570862150727858,0.0008586369791498302,0.002159341593314568,c0ea7a21f96e0be5,1,high_relocation_harm,"{""relocation_mortality"": 0.25, ""relocation_stress"": 0.65, ""movement_disease_risk"": 0.65}"
S4,state_dependent_rule,False,700107,0.75,0.5,6,4,530,432,1,0.3333333333333333,1.0,21.0,221.4830371056859,0.583274737536466,3.8281205886988214,0.02141281786593951,0.9785871821340605,168,0,0,11218.11800409961,11218.118004099608,2804.5295010249024,1.5,0.4292909933606091,0.3323319382371856,0.0017756457712800001,131.75,342.55,0.1306081650706823,2,1:heatwave:semiwild|26:heatwave:alternative|89:heatwave:semiwild|90:flood:semiwild,0.012981594424125376,0.06819793021885402,0.12311664645527257,0.021513543429478976,0.0002841033234048001,0.0011785404641520612,0.0011122853453305436,c0ea7a21f96e0be5,1,high_relocation_harm,"{""relocation_mortality"": 0.25, ""relocation_stress"": 0.65, ""movement_disease_risk"": 0.65}"
S6,rule,False,700107,0.875,0.75,7,6,884,884,0,0.0,0.0,,643.3736645248218,0.7801123054298968,5.538500088076357,0.0028310558566416004,0.9971689441433584,0,0,0,11247.102099665606,11247.10209966561,1874.5170166109344,1.5,0.9618319999999998,0.4978800899438118,0.00019752728677677967,0.0,0.0,0.04405944531524095,2,1:heatwave:semiwild|26:heatwave:alternative|89:heatwave:semiwild|90:flood:semiwild,0.01600000000000001,0.03285358921704799,0.0,0.0,3.1604365884284754e-05,0.001002500987171211,0.0,c0ea7a21f96e0be5,1,high_relocation_harm,"{""relocation_mortality"": 0.25, ""relocation_stress"": 0.65, ""movement_disease_risk"": 0.65}"
S7,forward_rollout_proxy,False,700107,0.5,0.5,4,4,666,666,1,0.3333333333333333,1.0,12.0,231.48911184100893,0.6189569952641677,3.6972574739484063,0.006977829486513627,0.9930221705134864,23,0,0,11198.38176525497,11198.38176525497,2799.5954413137424,1.5,0.6588027653777598,0.35613434016818796,0.001214742608393971,49.75,129.35000000000008,0.1414074444546393,2,1:heatwave:semiwild|26:heatwave:alternative|89:heatwave:semiwild|90:flood:semiwild,0.01425634206881076,0.05007996069751413,0.11762687788183113,0.01839561788416915,0.00019435881734303537,0.001151446712379697,0.00045762680383741936,c0ea7a21f96e0be5,1,high_relocation_harm,"{""relocation_mortality"": 0.25, ""relocation_stress"": 0.65, ""movement_disease_risk"": 0.65}"
S4,state_dependent_rule,False,700108,0.25,0.25,2,2,462,375,1,0.3333333333333333,1.0,25.0,183.2057831639175,0.6588427462002435,3.538566479072875,0.005085111382480133,0.9949148886175199,226,0,0,11211.712835971117,11211.712835971117,5605.856417985558,1.5,0.543955885536305,0.21895067786043831,0.0031502573400026203,132.25,343.85000000000025,0.08334712258039528,2,,0.012781939249317403,0.06747674424451235,0.0555380355725586,0.009549272560949739,0.0005040411744004194,0.0008038487614563677,0.0017379034788174543,c0ea7a21f96e0be5,1,high_relocation_harm,"{""relocation_mortality"": 0.25, ""relocation_stress"": 0.65, ""movement_disease_risk"": 0.65}"
S6,rule,False,700108,0.75,0.75,6,6,1018,1018,0,0.0,0.0,,705.7142099387191,0.7799419205832175,5.479978891399026,0.0,1.0,0,0,0,11257.357186533314,11257.357186533316,1876.2261977555524,1.5,0.9618319999999998,0.498313376918347,0.0001565446149108642,0.0,0.0,0.04915194002178361,3,,0.01600000000000001,0.03303811493706902,0.0,0.0,2.5047138385738272e-05,0.0009949173413277312,0.0,c0ea7a21f96e0be5,1,high_relocation_harm,"{""relocation_mortality"": 0.25, ""relocation_stress"": 0.65, ""movement_disease_risk"": 0.65}"
S7,forward_rollout_proxy,False,700108,0.5,0.5,4,4,1165,1165,1,0.3333333333333333,1.0,11.0,313.91874503621233,0.6118394295264662,3.763628845190124,0.0021460879543495114,0.9978539120456504,48,0,0,11219.2101431363,11219.210143136303,2804.802535784075,1.5,0.7402700796725292,0.36579249024127625,0.0008841409005466397,57.0,148.2000000000001,0.14564596911061034,2,,0.014504450133230888,0.04837752285893921,0.12875926728702372,0.014438464858502396,0.0001414625440874624,0.0009777094652462593,0.000452160241051355,c0ea7a21f96e0be5,1,high_relocation_harm,"{""relocation_mortality"": 0.25, ""relocation_stress"": 0.65, ""movement_disease_risk"": 0.65}"
S4,state_dependent_rule,False,700109,0.25,0.125,2,1,252,159,2,0.6666666666666666,1.0,18.5,92.12551800418663,0.593710133035708,1.9720514253773056,0.008498333550713725,0.9915016664492863,108,0,0,11215.279035364727,11215.279035364725,11215.279035364727,1.5,0.44897415755556663,0.13147941932466997,0.007033156843674701,141.5,367.9000000000002,0.0530574465767012,1,6:flood:origin|11:wildfire:semiwild|20:wildfire:reserve|40:funding_collapse|100:funding_collapse,0.005693048517482135,0.07611782959311843,0.032649413646095374,0.013040295705836145,0.0011253050949879522,0.0007636334733248168,0.0035849647511227768,c0ea7a21f96e0be5,1,high_relocation_harm,"{""relocation_mortality"": 0.25, ""relocation_stress"": 0.65, ""movement_disease_risk"": 0.65}"
S6,rule,False,700109,0.125,0.0,1,0,0,0,0,0.0,0.0,,34.43031108590599,0.45360656515877407,0.0,,,0,0,0,11134.26166497842,11134.261664978421,11134.26166497842,1.5,0.8455101615733419,0.08605698254686472,0.00045088232829441926,0.0,0.0,0.007529831947652679,3,6:flood:origin|11:wildfire:semiwild|20:wildfire:reserve|40:funding_collapse|100:funding_collapse,0.010080000000000007,0.0587595875327983,0.0,0.0,7.214117252710707e-05,0.00038170613590053566,0.0,c0ea7a21f96e0be5,1,high_relocation_harm,"{""relocation_mortality"": 0.25, ""relocation_stress"": 0.65, ""movement_disease_risk"": 0.65}"
S7,forward_rollout_proxy,False,700109,0.0,0.0,0,0,0,0,1,0.3333333333333333,1.0,12.0,27.59902844482112,0.27455937592996915,0.0,,,23,0,0,11213.523704456362,11213.523704456364,11213.523704456362,1.5,0.5897808996201866,0.06520945648639606,0.008458074104783646,30.0,78.00000000000001,0.031156832621886975,2,6:flood:origin|11:wildfire:semiwild|20:wildfire:reserve|40:funding_collapse|100:funding_collapse,0.005261800467660024,0.036875363512511236,0.0014086680576554816,0.002472647879105657,0.0013532918567653834,0.00037453053420271373,0.00278903333652007,c0ea7a21f96e0be5,1,high_relocation_harm,"{""relocation_mortality"": 0.25, ""relocation_stress"": 0.65, ""movement_disease_risk"": 0.65}"
S4,state_dependent_rule,False,700110,0.5,0.25,4,2,199,195,0,0.0,0.0,,152.4268100069443,0.6228815283740647,2.8987784770261573,0.000416202825322299,0.9995837971746777,108,0,0,11195.297622307226,11195.297622307226,5597.648811153613,1.5,0.47924801125023647,0.20816882096001857,0.0025109296046243647,108.5,282.1000000000001,0.09378117532366667,3,24:flood:alternative|32:wildfire:origin|33:funding_collapse,0.012653894772795523,0.06754386416387786,0.07130975909699003,0.032119629694401304,0.0004017487367398984,0.001389346804366348,0.0013405839149123473,c0ea7a21f96e0be5,1,high_relocation_harm,"{""relocation_mortality"": 0.25, ""relocation_stress"": 0.65, ""movement_disease_risk"": 0.65}"
S6,rule,False,700110,0.75,0.5,6,4,273,273,0,0.0,0.0,,316.34838942340116,0.7488805327558166,4.29266620049084,0.0,1.0,0,0,0,11215.33995396442,11215.339953964422,2803.834988491105,1.5,0.8758661131571271,0.3638711353969311,5.208333333333333e-05,0.0,0.0,0.04178931038155015,3,24:flood:alternative|32:wildfire:origin|33:funding_collapse,0.01600000000000001,0.06425158058177322,0.0,0.0,8.333333333333334e-06,0.0008595533290767826,0.0,c0ea7a21f96e0be5,1,high_relocation_harm,"{""relocation_mortality"": 0.25, ""relocation_stress"": 0.65, ""movement_disease_risk"": 0.65}"
S7,forward_rollout_proxy,False,700110,0.5,0.5,4,4,804,779,0,0.0,0.0,,259.00612919722056,0.539617430342106,3.4320806822957213,0.012330578102506113,0.9876694218974938,87,0,0,11178.988306066814,11178.988306066814,2794.7470765167036,1.5,0.6391788592226988,0.3510523324491846,0.0018349598465461365,57.75,150.15000000000006,0.13906819851978758,3,24:flood:alternative|32:wildfire:origin|33:funding_collapse,0.013277808932734439,0.04680726047619274,0.19380202812220562,0.019293802408613708,0.0002935935754473818,0.0011053318275670262,0.0004538127433235907,c0ea7a21f96e0be5,1,high_relocation_harm,"{""relocation_mortality"": 0.25, ""relocation_stress"": 0.65, ""movement_disease_risk"": 0.65}"
S4,state_dependent_rule,False,700111,0.5,0.125,4,1,171,0,0,0.0,0.0,,144.6990703022847,0.6345027719130705,1.9966541481734381,0.0018201259869282125,0.9981798740130717,85,0,0,11184.269619502795,11184.269619502795,11184.269619502795,1.5,0.33437384065273595,0.12419143024498683,0.00607252476486772,126.5,328.9000000000002,0.07268752348989416,3,1:wildfire:semiwild|46:heatwave:reserve|73:wildfire:alternative|87:funding_collapse|87:heatwave:origin,0.008434946372270453,0.07470267249072371,0.026642705859825467,0.010955675556595285,0.0009716039623788352,0.0009915550800186344,0.0026190704429707987,c0ea7a21f96e0be5,1,high_relocation_harm,"{""relocation_mortality"": 0.25, ""relocation_stress"": 0.65, ""movement_disease_risk"": 0.65}"
S6,rule,False,700111,0.875,0.75,7,6,370,370,0,0.0,0.0,,630.7523297685581,0.7733930820439632,4.516411911967407,0.0,1.0,0,0,0,11224.317186533313,11224.317186533315,1870.7195310888856,1.5,0.8748564676070513,0.47995797877219243,0.00012993952840271108,0.0,0.0,0.04904106445906614,3,1:wildfire:semiwild|46:heatwave:reserve|73:wildfire:alternative|87:funding_collapse|87:heatwave:origin,0.01600000000000001,0.03957324325596514,0.0,0.0,2.0790324544433773e-05,0.0010128843755272253,0.0,c0ea7a21f96e0be5,1,high_relocation_harm,"{""relocation_mortality"": 0.25, ""relocation_stress"": 0.65, ""movement_disease_risk"": 0.65}"
S7,forward_rollout_proxy,False,700111,0.5,0.25,4,2,251,194,0,0.0,0.0,,189.13785760442772,0.7260837753959793,3.7936341261218294,0.00928413012216949,0.9907158698778306,67,0,0,11178.692630198551,11178.692630198553,5589.346315099276,1.5,0.5086142131662011,0.22316346033263074,0.0034474902474726844,80.5,209.30000000000024,0.10932848877396169,3,1:wildfire:semiwild|46:heatwave:reserve|73:wildfire:alternative|87:funding_collapse|87:heatwave:origin,0.01609082447004221,0.0687900141038703,0.0006496235894375269,0.0007194734922653788,0.0005515984395956296,0.0006788375087018995,0.001254498020679628,c0ea7a21f96e0be5,1,high_relocation_harm,"{""relocation_mortality"": 0.25, ""relocation_stress"": 0.65, ""movement_disease_risk"": 0.65}"
S4,state_dependent_rule,False,700200,0.5,0.5,4,4,533,468,0,0.0,0.0,,214.77619518966742,0.6433747840198452,2.79575641799911,0.023311691985902022,0.976688308014098,329,0,0,11119.110202025235,11119.110202025233,2779.7775505063087,1.5,0.5415111760001338,0.33091267362593324,0.0004624993104490284,167.25,66.89999999999996,0.11901995922964372,3,3:flood:semiwild|32:funding_collapse|52:heatwave:semiwild|54:funding_collapse|64:heatwave:origin|67:funding_collapse,0.012283599464948596,0.07311429444110996,0.05528644594951704,0.015101819041627697,7.399988967184452e-05,0.0009409663764457184,0.0002584797167043882,25bdf76e5bc3bbf2,2,zero_breeding_advantage,"{""ex_situ_breeding_benefit"": 0.0}"
S6,rule,False,700200,0.875,0.5,7,4,143,143,0,0.0,0.0,,500.1047439553441,0.7584087074166181,3.6349183816777453,0.0,1.0,0,0,0,11160.185976105686,11160.185976105688,2790.0464940264214,1.5,0.8570862827566815,0.35734296595935156,0.00020041490701637403,0.0,0.0,0.051425769334529636,3,3:flood:semiwild|32:funding_collapse|52:heatwave:semiwild|54:funding_collapse|64:heatwave:origin|67:funding_collapse,0.01600000000000001,0.05458301695431181,0.0,0.0,3.206638512261984e-05,0.0009762092439474687,0.0,25bdf76e5bc3bbf2,2,zero_breeding_advantage,"{""ex_situ_breeding_benefit"": 0.0}"
S7,forward_rollout_proxy,False,700200,0.75,0.75,6,6,1200,1200,0,0.0,0.0,,317.1454956789638,0.5857831740725223,3.818535416422494,0.0006578287543934123,0.9993421712456065,71,0,0,11119.113944023427,11119.11394402343,1853.185657337238,1.5,0.6699999999999999,0.4814805054432041,0.0002309749418223428,64.5,25.80000000000001,0.19397575639489534,3,3:flood:semiwild|32:funding_collapse|52:heatwave:semiwild|54:funding_collapse|64:heatwave:origin|67:funding_collapse,0.014387180199041614,0.054249520161620844,0.15380426035523168,0.010829630829705856,3.6955990691574845e-05,0.0008721215466360409,6.568837110947606e-05,25bdf76e5bc3bbf2,2,zero_breeding_advantage,"{""ex_situ_breeding_benefit"": 0.0}"
S4,state_dependent_rule,False,700201,0.75,0.5,6,4,266,207,2,0.6666666666666666,1.0,16.0,214.26766187818018,0.5922812191926488,2.718160164486352,0.013159744907563175,0.9868402550924368,281,0,0,11135.012711351688,11135.012711351688,2783.753177837922,1.5,0.4474584187920329,0.3235017829279141,0.0007468171883673085,156.25,62.49999999999998,0.13287169701923635,1,21:heatwave:semiwild|29:wildfire:origin|34:funding_collapse|36:funding_collapse|86:heatwave:reserve|98:funding_collapse,0.012997116222142113,0.07207472233653647,0.11162486071768286,0.017282680829360922,0.00011949075013876942,0.0011083406127843306,0.0002226805015851295,25bdf76e5bc3bbf2,2,zero_breeding_advantage,"{""ex_situ_breeding_benefit"": 0.0}"
S6,rule,False,700201,0.75,0.5,6,4,542,542,0,0.0,0.0,,427.64986541176796,0.7573669833295433,4.526015212713627,0.0,1.0,0,0,0,11157.847375948366,11157.847375948368,2789.4618439870915,1.5,0.8575723711792996,0.36473779917221427,0.00016170465901515864,0.0,0.0,0.043602049635740034,3,21:heatwave:semiwild|29:wildfire:origin|34:funding_collapse|36:funding_collapse|86:heatwave:reserve|98:funding_collapse,0.01600000000000001,0.05557511559985342,0.0,0.0,2.5872745442425383e-05,0.0010320283251605067,0.0,25bdf76e5bc3bbf2,2,zero_breeding_advantage,"{""ex_situ_breeding_benefit"": 0.0}"
S7,forward_rollout_proxy,False,700201,0.625,0.625,5,5,677,665,1,0.3333333333333333,1.0,15.0,247.71215380096214,0.5372567942687677,3.676486731142152,0.001376778805194805,0.9986232211948052,103,0,0,11128.075317566261,11128.075317566261,2225.615063513252,1.5,0.5968533319094979,0.4115485454771426,0.00019540432350466497,67.0,26.800000000000022,0.1692417248738564,2,21:heatwave:semiwild|29:wildfire:origin|34:funding_collapse|36:funding_collapse|86:heatwave:reserve|98:funding_collapse,0.013609203526198786,0.05459528924991618,0.19273363256534878,0.01738501392296106,3.126469176074639e-05,0.0009452070179013004,8.963868612070235e-05,25bdf76e5bc3bbf2,2,zero_breeding_advantage,"{""ex_situ_breeding_benefit"": 0.0}"
S4,state_dependent_rule,False,700202,0.375,0.25,3,2,329,0,0,0.0,0.0,,151.65024023562466,0.6039865716190337,3.6398049718262087,0.007550410411011694,0.9924495895889883,139,0,0,11195.469570867097,11195.469570867097,5597.7347854335485,1.5,0.2426359485645748,0.18988081109450852,0.0002611252885263294,169.5,67.79999999999997,0.08359583259894471,3,5:heatwave:reserve|21:flood:alternative|39:heatwave:alternative|59:wildfire:semiwild|72:wildfire:alternative|76:wildfire:semiwild|92:wildfire:semiwild,0.007251505549306912,0.0757020816002721,0.052235956823778025,0.008555519866141961,4.17800461642127e-05,0.0007176455032680273,0.0003759059618489106,25bdf76e5bc3bbf2,2,zero_breeding_advantage,"{""ex_situ_breeding_benefit"": 0.0}"
S6,rule,False,700202,0.625,0.625,5,5,898,898,1,0.3333333333333333,1.0,17.0,672.7581414098164,0.780110633428452,6.733325383385147,0.0,1.0,0,0,0,11219.231551106834,11219.231551106834,2243.846310221367,1.5,0.9176549685688561,0.4487368134933168,0.0003292685316882666,0.0,0.0,0.041940314012898466,2,5:heatwave:reserve|21:flood:alternative|39:heatwave:alternative|59:wildfire:semiwild|72:wildfire:alternative|76:wildfire:semiwild|92:wildfire:semiwild,0.01600000000000001,0.03281977144859203,0.0,0.0,5.268296507012266e-05,0.0010169121578861705,0.0,25bdf76e5bc3bbf2,2,zero_breeding_advantage,"{""ex_situ_breeding_benefit"": 0.0}"
S7,forward_rollout_proxy,False,700202,0.5,0.5,4,4,504,496,0,0.0,0.0,,216.90046575225608,0.6853443855436926,2.7628809224577937,0.00015714486492112546,0.9998428551350789,103,0,0,11151.333967731156,11151.333967731156,2787.833491932789,1.5,0.4386579293895712,0.32575359954189675,0.00018274788795020008,61.25,24.500000000000014,0.1462949868918087,3,5:heatwave:reserve|21:flood:alternative|39:heatwave:alternative|59:wildfire:semiwild|72:wildfire:alternative|76:wildfire:semiwild|92:wildfire:semiwild,0.014292743924712685,0.07295604391592732,0.03266828293597845,0.01162859839817046,2.9239662072032017e-05,0.0011840654304063147,0.00012874895620791773,25bdf76e5bc3bbf2,2,zero_breeding_advantage,"{""ex_situ_breeding_benefit"": 0.0}"
S4,state_dependent_rule,False,700203,0.5,0.25,4,2,494,221,1,0.3333333333333333,1.0,21.0,225.6531948944721,0.6315348391241618,4.018191814914229,0.0006386253942322068,0.9993613746057678,330,0,0,11180.990344822307,11180.990344822307,5590.495172411153,1.5,0.4436994167958261,0.21320037180580734,0.0003608783442208135,181.25,72.5,0.08074255988541224,2,29:funding_collapse|54:heatwave:semiwild|70:heatwave:alternative|73:funding_collapse,0.010344857056635078,0.07038102141857737,0.06249424784073039,0.008176104816702355,5.774053507533016e-05,0.000628531192738368,0.00024387688954762395,25bdf76e5bc3bbf2,2,zero_breeding_advantage,"{""ex_situ_breeding_benefit"": 0.0}"
S6,rule,False,700203,0.875,0.75,7,6,980,980,0,0.0,0.0,,682.3591761240386,0.7796918095219577,5.296897537689277,0.05600268735169211,0.9439973126483079,0,0,0,11193.66121352285,11193.661213522852,1865.6102022538082,1.5,0.9604839679999998,0.49612763902273244,0.00023574987113036147,0.0,0.0,0.0480513342291983,3,29:funding_collapse|54:heatwave:semiwild|70:heatwave:alternative|73:funding_collapse,0.01600000000000001,0.033256594304435436,0.0,0.0,3.7719979380857835e-05,0.0010138761942255915,0.0,25bdf76e5bc3bbf2,2,zero_breeding_advantage,"{""ex_situ_breeding_benefit"": 0.0}"
S7,forward_rollout_proxy,False,700203,0.5,0.5,4,4,848,848,1,0.3333333333333333,1.0,22.0,265.74469760644797,0.5737791346320956,4.228658691584115,0.0003081950635438312,0.9996918049364562,16,0,0,11154.067179124559,11154.067179124559,2788.5167947811397,1.5,0.6724593972766334,0.3603601490452546,0.0001870967741935484,75.25,30.10000000000003,0.1291381120087504,2,29:funding_collapse|54:heatwave:semiwild|70:heatwave:alternative|73:funding_collapse,0.014145740042134947,0.047665463208864896,0.16390022523058217,0.018676703752187777,2.9935483870967742e-05,0.001251604972909917,7.379629615803654e-05,25bdf76e5bc3bbf2,2,zero_breeding_advantage,"{""ex_situ_breeding_benefit"": 0.0}"
S4,state_dependent_rule,False,700204,0.5,0.375,4,3,275,31,1,0.3333333333333333,1.0,28.0,186.28287756406476,0.6060635723743558,2.470522524039991,0.07981279301645597,0.9201872069835441,174,0,0,11227.359805252578,11227.359805252578,3742.453268417526,1.5,0.47535908894746925,0.2611587147501532,0.00043618736075413283,180.0,72.0,0.1008379030750314,2,47:flood:reserve|76:heatwave:semiwild,0.008290717206538933,0.07554087272753908,0.059555781333554346,0.009206755535338224,6.978997772066125e-05,0.0007813292293743939,0.0002979528484703634,25bdf76e5bc3bbf2,2,zero_breeding_advantage,"{""ex_situ_breeding_benefit"": 0.0}"
S6,rule,False,700204,0.75,0.625,6,5,943,943,0,0.0,0.0,,662.7401652824219,0.7803108286405636,6.833879069895376,6.450416646646304e-05,0.9999354958335336,0,0,0,11257.357186533314,11257.357186533316,2251.4714373066627,1.5,0.9618319999999998,0.45520567069492407,0.00019866291645985378,0.0,0.0,0.04716839997985158,3,47:flood:reserve|76:heatwave:semiwild,0.01600000000000001,0.032616682566345576,0.0,0.0,3.17860666335766e-05,0.0010407027264576318,0.0,25bdf76e5bc3bbf2,2,zero_breeding_advantage,"{""ex_situ_breeding_benefit"": 0.0}"
S7,forward_rollout_proxy,False,700204,0.5,0.375,4,3,804,804,1,0.3333333333333333,1.0,15.0,313.25093069733373,0.7266825753316037,4.29213399806596,0.000868461614277422,0.9991315383857226,117,0,0,11218.61106934806,11218.61106934806,3739.53702311602,1.5,0.6862260706203517,0.3034307969954592,0.00010492886869950765,94.5,37.80000000000004,0.11568424976382222,2,47:flood:reserve|76:heatwave:semiwild,0.015604201202625217,0.060682997943408534,0.013274445281997081,0.0015666533919882178,1.6788618991921226e-05,0.0006627365037939391,0.00012613182966925488,25bdf76e5bc3bbf2,2,zero_breeding_advantage,"{""ex_situ_breeding_benefit"": 0.0}"
S4,state_dependent_rule,False,700205,0.375,0.25,3,2,187,161,3,1.0,1.0,17.666666666666668,107.638126578824,0.6344908134704561,1.995257025365556,0.001820973910534853,0.9981790260894652,234,0,0,11188.505721967727,11188.505721967727,5594.252860983864,1.5,0.44839331144116606,0.1935650322532689,0.00042607982457531986,113.75,45.49999999999997,0.08136565427748363,0,3:wildfire:origin|47:funding_collapse|60:heatwave:origin|65:funding_collapse|70:funding_collapse|82:heatwave:reserve,0.012770905586293855,0.07044910120304564,0.05661453183591934,0.02823722297987907,6.817277193205118e-05,0.001525250454314877,0.000350764510379822,25bdf76e5bc3bbf2,2,zero_breeding_advantage,"{""ex_situ_breeding_benefit"": 0.0}"
S6,rule,False,700205,0.25,0.25,2,2,4,4,1,0.3333333333333333,1.0,16.0,114.67705647094448,0.7284099133139535,1.4,0.0,1.0,0,0,0,11129.293709371728,11129.29370937173,5564.646854685864,1.5,0.7762995264720365,0.20839717104994387,0.00015947136476623388,0.0,0.0,0.02133609201370116,2,3:wildfire:origin|47:funding_collapse|60:heatwave:origin|65:funding_collapse|70:funding_collapse|82:heatwave:reserve,0.01600000000000001,0.08491359981436197,0.0,0.0,2.551541836259742e-05,0.0006509714533217884,0.0,25bdf76e5bc3bbf2,2,zero_breeding_advantage,"{""ex_situ_breeding_benefit"": 0.0}"
S7,forward_rollout_proxy,False,700205,0.25,0.25,2,2,337,337,2,0.6666666666666666,1.0,17.0,157.33089459450048,0.6148337659120905,3.451536248551136,0.0003975757575757575,0.9996024242424243,53,0,0,11174.075911934378,11174.075911934378,5587.037955967189,1.5,0.588963409274982,0.2220861767470199,0.000698074402904213,32.25,12.899999999999997,0.08087236667005157,1,3:wildfire:origin|47:funding_collapse|60:heatwave:origin|65:funding_collapse|70:funding_collapse|82:heatwave:reserve,0.012742901508216331,0.051004358905049306,0.12190224811800084,0.010205395101028443,0.0001116919044646741,0.0005529173351421716,0.00012847778619901417,25bdf76e5bc3bbf2,2,zero_breeding_advantage,"{""ex_situ_breeding_benefit"": 0.0}"
S4,state_dependent_rule,False,700206,0.25,0.25,2,2,270,177,1,0.3333333333333333,1.0,18.0,139.34986302243055,0.6317642002766819,2.50505437226668,0.005320738685472737,0.9946792613145272,212,0,0,11282.533860182608,11282.533860182608,5641.266930091304,1.5,0.5458255605754886,0.207591200167527,0.0002622459068119692,106.75,42.699999999999974,0.07729050193655665,2,10:heatwave:origin|11:heatwave:origin|12:flood:origin|64:flood:semiwild,0.010502965509254291,0.06580894152399319,0.06863113779313534,0.013495750532933533,4.195934508991507e-05,0.0006496845698568102,0.0002485782225315582,25bdf76e5bc3bbf2,2,zero_breeding_advantage,"{""ex_situ_breeding_benefit"": 0.0}"
S6,rule,False,700206,0.0,0.0,0,0,0,0,0,0.0,0.0,,33.354489607957355,0.1702449994671317,0.0,,,0,0,0,11123.851675188123,11123.851675188127,11123.851675188123,1.5,0.701347165463584,0.07134397385814645,0.00015996753708012547,0.0,0.0,0.006046286558940229,3,10:heatwave:origin|11:heatwave:origin|12:flood:origin|64:flood:semiwild,0.004000000000000003,0.03304814055818035,0.0,0.0,2.5594805932820073e-05,0.0001812651687552004,0.0,25bdf76e5bc3bbf2,2,zero_breeding_advantage,"{""ex_situ_breeding_benefit"": 0.0}"
S7,forward_rollout_proxy,False,700206,0.125,0.125,1,1,173,173,0,0.0,0.0,,96.30266909816548,0.609770757858958,1.9946017994001997,0.0,1.0,9,0,0,11262.530478105173,11262.530478105173,11262.530478105173,1.5,0.6699999999999999,0.15576071621355447,0.00019059728673678753,12.25,4.8999999999999995,0.06282349109776236,3,10:heatwave:origin|11:heatwave:origin|12:flood:origin|64:flood:semiwild,0.012523414810964008,0.04443315126293904,0.06151415991101242,0.08130459896176534,3.0495565877886005e-05,0.00286225295592046,7.852917856781149e-05,25bdf76e5bc3bbf2,2,zero_breeding_advantage,"{""ex_situ_breeding_benefit"": 0.0}"
S4,state_dependent_rule,False,700207,0.5,0.25,4,2,317,0,2,0.6666666666666666,1.0,37.5,172.38713590466773,0.6049360967260118,4.539590329625406,0.003796610278644101,0.9962033897213559,146,0,0,11176.171811375078,11176.171811375076,5588.085905687539,1.5,0.36274832135664,0.21036344903464943,0.0008060761577060738,161.75,64.69999999999995,0.08096356801365694,1,3:flood:reserve|69:flood:origin|72:wildfire:alternative,0.007667057837673943,0.07718218163047623,0.052743053536870345,0.0071799995212607935,0.0001289721852329718,0.0006782598006931087,0.0003082258879337908,25bdf76e5bc3bbf2,2,zero_breeding_advantage,"{""ex_situ_breeding_benefit"": 0.0}"
S6,rule,False,700207,0.625,0.625,5,5,594,594,0,0.0,0.0,,549.8634681138665,0.7708949872176953,4.420327287631311,0.0,1.0,0,0,0,11236.30269230777,11236.302692307772,2247.260538461554,1.5,0.904900931735665,0.4238690248805713,0.00018795817984989502,0.0,0.0,0.03962829415345881,3,3:flood:reserve|69:flood:origin|72:wildfire:alternative,0.01600000000000001,0.04208369513722082,0.0,0.0,3.0073308775983204e-05,0.0009912443363077506,0.0,25bdf76e5bc3bbf2,2,zero_breeding_advantage,"{""ex_situ_breeding_benefit"": 0.0}"
S7,forward_rollout_proxy,False,700207,0.5,0.5,4,4,572,572,1,0.3333333333333333,1.0,9.0,222.24445848268005,0.6864757935977007,2.7859412571236355,0.011695138653133558,0.9883048613468665,57,0,0,11178.671019793366,11178.671019793366,2794.6677549483416,1.5,0.5496204581856509,0.3350103083900666,0.00032101206925380687,67.0,26.800000000000015,0.13594425000132568,2,3:flood:reserve|69:flood:origin|72:wildfire:alternative,0.014837731900930068,0.06846652338148551,0.040726905161086485,0.007591983771009877,5.13619310806091e-05,0.0009034922028713102,0.00013295630681360463,25bdf76e5bc3bbf2,2,zero_breeding_advantage,"{""ex_situ_breeding_benefit"": 0.0}"
S4,state_dependent_rule,False,700208,0.625,0.375,5,3,622,372,1,0.3333333333333333,1.0,15.0,239.55568791914106,0.636612423117144,2.906141472789617,0.010401581842486638,0.9895984181575134,301,0,0,11196.471084704184,11196.471084704182,3732.157028234728,1.5,0.38321107739861854,0.25898532508403815,0.00035261781779769366,176.5,70.59999999999997,0.11426401308140052,2,19:funding_collapse|62:heatwave:alternative|74:wildfire:alternative,0.011282956183572983,0.07157441494665505,0.06347299184586133,0.008291668360494206,5.641885084763099e-05,0.0007807665248026397,0.00024153572288900768,25bdf76e5bc3bbf2,2,zero_breeding_advantage,"{""ex_situ_breeding_benefit"": 0.0}"
S6,rule,False,700208,0.75,0.75,6,6,995,995,1,0.3333333333333333,1.0,22.0,688.983069384914,0.7797130672954874,5.85197613254184,0.0,1.0,0,0,0,11228.027640014536,11228.027640014536,1871.3379400024226,1.5,0.9618319999999998,0.5016442101730559,0.0002742680983837257,0.0,0.0,0.04720624423818777,2,19:funding_collapse|62:heatwave:alternative|74:wildfire:alternative,0.01600000000000001,0.03320254928063727,0.0,0.0,4.38828957413961e-05,0.0010405005281341744,0.0,25bdf76e5bc3bbf2,2,zero_breeding_advantage,"{""ex_situ_breeding_benefit"": 0.0}"
S7,forward_rollout_proxy,False,700208,0.625,0.625,5,5,946,946,1,0.3333333333333333,1.0,14.0,286.7321476648754,0.5563677294657524,4.106225161395263,0.0010909840729176937,0.9989090159270823,50,0,0,11189.752619255027,11189.752619255027,2237.9505238510055,1.5,0.612957072298311,0.4190710312545858,0.00020260721146345942,67.75,27.100000000000023,0.17731536205401016,2,19:funding_collapse|62:heatwave:alternative|74:wildfire:alternative,0.014018825952308014,0.049762261510983105,0.18198075884583992,0.016386128106079513,3.241715383415351e-05,0.0011434355432711602,6.630190457438001e-05,25bdf76e5bc3bbf2,2,zero_breeding_advantage,"{""ex_situ_breeding_benefit"": 0.0}"
S4,state_dependent_rule,False,700209,0.625,0.375,5,3,293,262,0,0.0,0.0,,180.95759324702783,0.6175990791555028,4.067998141412371,0.00041047960183221086,0.9995895203981678,160,0,0,11137.482552793455,11137.482552793455,3712.4941842644853,1.5,0.469901841780976,0.27917809064308413,0.00045593053337343516,122.5,48.999999999999986,0.11378962525431399,3,32:flood:origin|34:funding_collapse|40:funding_collapse|48:heatwave:origin|62:heatwave:alternative|75:funding_collapse,0.01261538499602228,0.06851187139352023,0.08810056076908503,0.020080712423097963,7.294888533974963e-05,0.0010622898092708328,0.00019437968882470347,25bdf76e5bc3bbf2,2,zero_breeding_advantage,"{""ex_situ_breeding_benefit"": 0.0}"
S6,rule,False,700209,0.75,0.0,6,0,0,0,0,0.0,0.0,,211.36937997396987,0.6856739874620744,0.0,,,0,0,0,11158.200185747086,11158.200185747088,11158.200185747086,1.5,0.8221381119140055,0.08851857546427244,0.00021721693383818723,0.0,0.0,0.031523821364359376,3,32:flood:origin|34:funding_collapse|40:funding_collapse|48:heatwave:origin|62:heatwave:alternative|75:funding_collapse,0.014880000000000011,0.07048938450313598,0.0,0.0,3.4754709414109955e-05,0.0008218733253758232,0.0,25bdf76e5bc3bbf2,2,zero_breeding_advantage,"{""ex_situ_breeding_benefit"": 0.0}"
S7,forward_rollout_proxy,False,700209,0.625,0.625,5,5,866,866,0,0.0,0.0,,242.62675890110245,0.5046316299996924,4.025039423798391,0.0002898842108210799,0.9997101157891789,27,0,0,11132.96670332162,11132.96670332162,2226.593340664324,1.5,0.6305267836056263,0.41912860880591396,0.00013494505494505497,40.5,16.199999999999996,0.17287768103683682,3,32:flood:origin|34:funding_collapse|40:funding_collapse|48:heatwave:origin|62:heatwave:alternative|75:funding_collapse,0.0134571794999381,0.04598267215970425,0.2345867286231325,0.017008726702132902,2.159120879120879e-05,0.0009584647859057742,5.390614102113406e-05,25bdf76e5bc3bbf2,2,zero_breeding_advantage,"{""ex_situ_breeding_benefit"": 0.0}"
S4,state_dependent_rule,False,700210,0.5,0.375,4,3,349,189,2,0.6666666666666666,1.0,27.5,143.00678205892748,0.6379220289622569,2.6552115251812864,0.0285591094767821,0.9714408905232179,178,0,0,11185.268566507752,11185.268566507752,3728.422855502584,1.5,0.4329815874712087,0.2594788494500335,0.0005063782275636517,141.0,56.399999999999956,0.10439287725549878,1,13:flood:reserve|19:heatwave:semiwild|100:heatwave:semiwild,0.00924014618011956,0.07612705923143864,0.034414771594963096,0.005752150845780446,8.102051641018426e-05,0.0007043160737517328,0.0003824753969900224,25bdf76e5bc3bbf2,2,zero_breeding_advantage,"{""ex_situ_breeding_benefit"": 0.0}"
S6,rule,False,700210,0.875,0.875,7,7,1131,1131,0,0.0,0.0,,741.8742569337089,0.7787278917404236,4.820470264083878,0.0007928548544762265,0.9992071451455238,0,0,0,11232.89174032162,11232.891740321622,1604.6988200459457,1.5,0.9618319999999998,0.5489570369295809,0.0003372987975373841,0.0,0.0,0.05409567144371056,3,13:flood:reserve|19:heatwave:semiwild|100:heatwave:semiwild,0.01600000000000001,0.034213395760273484,0.0,0.0,5.3967807605981446e-05,0.0010047446916969466,0.0,25bdf76e5bc3bbf2,2,zero_breeding_advantage,"{""ex_situ_breeding_benefit"": 0.0}"
S7,forward_rollout_proxy,False,700210,0.375,0.25,3,2,374,374,1,0.3333333333333333,1.0,9.0,210.73518026422414,0.7456723713409034,4.327759324496818,0.0010410450265636725,0.9989589549734363,20,0,0,11174.696709367223,11174.696709367223,5587.348354683611,1.5,0.642987291177816,0.24198930248690215,0.0003537690716870208,36.0,14.399999999999995,0.10956490062076187,2,13:flood:reserve|19:heatwave:semiwild|100:heatwave:semiwild,0.016635088343649705,0.05547059353208865,5.496196020183703e-05,0.00010009538073083481,5.660305146992332e-05,0.0006009554731972912,9.038633149625217e-05,25bdf76e5bc3bbf2,2,zero_breeding_advantage,"{""ex_situ_breeding_benefit"": 0.0}"
S4,state_dependent_rule,False,700211,0.5,0.125,4,1,161,0,2,0.6666666666666666,1.0,28.5,128.13158973606429,0.6360629737544893,3.478861897731848,0.0,1.0,110,0,0,11109.14186398891,11109.14186398891,11109.14186398891,1.5,0.3026892707328598,0.13819324099510505,0.00025588572848847215,122.0,48.79999999999998,0.08442847472250281,1,2:flood:reserve|11:funding_collapse|53:wildfire:alternative|61:funding_collapse|75:wildfire:semiwild|79:wildfire:alternative,0.007816646235763862,0.07577524229187504,0.023121148212790054,0.00874576154861612,4.094171655815555e-05,0.0008002251594378219,0.0005215396318297205,25bdf76e5bc3bbf2,2,zero_breeding_advantage,"{""ex_situ_breeding_benefit"": 0.0}"
S6,rule,False,700211,0.875,0.875,7,7,1036,1036,0,0.0,0.0,,696.2714254623482,0.7784532338217063,4.601239454296709,0.03946433071622111,0.9605356692837789,0,0,0,11164.581890611942,11164.581890611946,1594.9402700874202,1.5,0.9601816078036337,0.5460252822277961,0.00020427205059240928,0.0,0.0,0.05122363452232853,3,2:flood:reserve|11:funding_collapse|53:wildfire:alternative|61:funding_collapse|75:wildfire:semiwild|79:wildfire:alternative,0.01600000000000001,0.03451674477989369,0.0,0.0,3.268352809478549e-05,0.000997337870305552,0.0,25bdf76e5bc3bbf2,2,zero_breeding_advantage,"{""ex_situ_breeding_benefit"": 0.0}"
S7,forward_rollout_proxy,False,700211,0.5,0.125,4,1,61,43,1,0.3333333333333333,1.0,29.0,184.81599950201272,0.7149944333351663,1.0,0.25693335179653254,0.7430666482034675,125,0,0,11110.133540586,11110.133540586,11110.133540586,1.5,0.5440130052471367,0.1468365630250498,0.00027080981468024867,67.0,26.800000000000015,0.13092631250168063,2,2:flood:reserve|11:funding_collapse|53:wildfire:alternative|61:funding_collapse|75:wildfire:semiwild|79:wildfire:alternative,0.014009617911055603,0.07635329485750864,0.00560343574133697,0.002382450175647957,4.3329570348839776e-05,0.0007653819703079457,0.00027380886992443403,25bdf76e5bc3bbf2,2,zero_breeding_advantage,"{""ex_situ_breeding_benefit"": 0.0}"
S4,state_dependent_rule,False,700300,0.375,0.125,3,1,146,11,1,0.3333333333333333,1.0,21.0,130.23931783548164,0.49221307689305166,4.343113284433579,0.0005922021330698019,0.9994077978669302,122,0,0,11040.774667948297,11040.774667948297,11040.774667948297,1.5,0.3057859533380936,0.14486521712515535,0.000571117848523029,137.75,55.099999999999994,0.07302744473505104,2,14:wildfire:alternative|15:funding_collapse|16:heatwave:alternative|20:wildfire:reserve|49:funding_collapse|94:funding_collapse,0.007721041253413829,0.07513588433955304,0.034897394241365405,0.009229789307727972,9.137885576368464e-05,0.0007995220054471215,0.00036490570209170894,391f38cf2d19bb57,3,high_captivity_penalty,"{""captivity_welfare_penalty"": 0.7}"
S6,rule,False,700300,0.75,0.625,6,5,891,891,0,0.0,0.0,,654.6884664768663,0.7790322252241687,6.547243025298812,0.0,1.0,0,0,0,11114.924764907537,11114.924764907537,2222.9849529815074,1.5,0.958155597074894,0.45124189558927924,0.00048808420109877013,0.0,0.0,0.0435195281440086,3,14:wildfire:alternative|15:funding_collapse|16:heatwave:alternative|20:wildfire:reserve|49:funding_collapse|94:funding_collapse,0.01600000000000001,0.03388016155353199,0.0,0.0,7.809347217580323e-05,0.0010095197501235175,0.0,391f38cf2d19bb57,3,high_captivity_penalty,"{""captivity_welfare_penalty"": 0.7}"
S7,forward_rollout_proxy,False,700300,0.5,0.375,4,3,303,289,1,0.3333333333333333,1.0,21.0,180.93701561993225,0.6392325513528716,2.104183991082489,0.013750919498523312,0.9862490805014766,66,0,0,11040.226237170908,11040.226237170908,3680.0754123903025,1.5,0.5445104217126926,0.2703720645691982,0.0005179113404955105,48.25,19.300000000000004,0.13064591243552015,2,14:wildfire:alternative|15:funding_collapse|16:heatwave:alternative|20:wildfire:reserve|49:funding_collapse|94:funding_collapse,0.014682876702021569,0.07445949279378956,0.021185605303688303,0.003512790291710152,8.28658144792817e-05,0.000752596958071212,0.00017339451089515883,391f38cf2d19bb57,3,high_captivity_penalty,"{""captivity_welfare_penalty"": 0.7}"
S4,state_dependent_rule,False,700301,0.5,0.5,4,4,213,168,1,0.3333333333333333,1.0,24.0,161.7308061161505,0.450016776291318,4.5350397783645535,0.0010785504619059104,0.9989214495380941,169,0,0,11125.733713963236,11125.733713963236,2781.433428490809,1.5,0.30255274500201784,0.3260109460582071,0.00015128263599104437,126.25,50.499999999999986,0.1270263688717986,2,1:funding_collapse|16:flood:alternative|19:funding_collapse|96:flood:reserve,0.013287738221793908,0.07293408081812204,0.1141184056902579,0.018777535697795635,2.4205221758567102e-05,0.0011418034284620417,0.00017127534880717862,391f38cf2d19bb57,3,high_captivity_penalty,"{""captivity_welfare_penalty"": 0.7}"
S6,rule,False,700301,0.875,0.75,7,6,1015,1015,0,0.0,0.0,,671.2504269179642,0.7786822079652593,4.567972454595677,7.599022264943288e-05,0.9999240097773505,0,0,0,11171.824167006442,11171.824167006442,1861.9706945010737,1.5,0.8622749259548955,0.47995505882569517,0.0,0.0,0.0,0.05273920842124426,3,1:funding_collapse|16:flood:alternative|19:funding_collapse|96:flood:reserve,0.01600000000000001,0.03431404735112902,0.0,0.0,0.0,0.0010037446836120227,0.0,391f38cf2d19bb57,3,high_captivity_penalty,"{""captivity_welfare_penalty"": 0.7}"
S7,forward_rollout_proxy,False,700301,0.625,0.625,5,5,603,600,1,0.3333333333333333,1.0,24.0,213.26897662481065,0.4615589454720355,4.361678740792508,0.00038743692553464026,0.9996125630744653,37,0,0,11122.471681397037,11122.471681397039,2224.4943362794074,1.5,0.5356474765013214,0.41165273669712693,4.891373536828722e-05,65.0,26.000000000000018,0.16610600819534854,2,1:funding_collapse|16:flood:alternative|19:funding_collapse|96:flood:reserve,0.014106326857894393,0.05416771404172003,0.16977248785812002,0.01662186436418105,7.826197658925957e-06,0.0011634703606901945,5.905449519576105e-05,391f38cf2d19bb57,3,high_captivity_penalty,"{""captivity_welfare_penalty"": 0.7}"
S4,state_dependent_rule,False,700302,0.5,0.125,4,1,36,0,1,0.3333333333333333,1.0,16.0,118.53370662428895,0.5117023775129135,1.9938461538461538,0.018749856361030062,0.9812501436389699,131,0,0,11094.125857892092,11094.125857892092,11094.125857892092,1.5,0.33524695739693633,0.12668185039696367,0.00041931314555182194,122.0,48.80000000000002,0.08484346559404243,2,8:funding_collapse|14:heatwave:alternative|42:heatwave:reserve|82:funding_collapse|92:funding_collapse,0.008346243571710732,0.08214247201554457,0.010153180917115439,0.00516865857038322,6.709010328829153e-05,0.0005670962176564313,0.0006407378963900069,391f38cf2d19bb57,3,high_captivity_penalty,"{""captivity_welfare_penalty"": 0.7}"
S6,rule,False,700302,0.625,0.625,5,5,953,953,0,0.0,0.0,,643.9631642478512,0.7794606242590183,6.635749484755439,0.0,1.0,0,0,0,11133.911786616349,11133.91178661635,2226.78235732327,1.5,0.9589302675606136,0.45143610942376294,0.00013408006059221434,0.0,0.0,0.039677939100736075,3,8:funding_collapse|14:heatwave:alternative|42:heatwave:reserve|82:funding_collapse|92:funding_collapse,0.01600000000000001,0.03358883379363307,0.0,0.0,2.14528096947543e-05,0.0009290891376537402,0.0,391f38cf2d19bb57,3,high_captivity_penalty,"{""captivity_welfare_penalty"": 0.7}"
S7,forward_rollout_proxy,False,700302,0.625,0.25,5,2,340,210,1,0.3333333333333333,1.0,21.0,174.7368374798625,0.6156042717905177,3.148783540341324,0.004135648485224551,0.9958643515147755,160,0,0,11099.359991262543,11099.359991262543,5549.679995631272,1.5,0.5762883808647924,0.2261355726249374,0.00023723923803475676,81.5,32.60000000000002,0.12259449567522451,2,8:funding_collapse|14:heatwave:alternative|42:heatwave:reserve|82:funding_collapse|92:funding_collapse,0.01306962569847199,0.07526674488355622,0.016677429297641114,0.0040045326767468295,3.795827808556109e-05,0.0006274812824272124,0.00022599188715383101,391f38cf2d19bb57,3,high_captivity_penalty,"{""captivity_welfare_penalty"": 0.7}"
S4,state_dependent_rule,False,700303,0.75,0.5,6,4,627,592,2,0.6666666666666666,1.0,15.5,181.5624283721631,0.4643389453696902,3.098615382330829,0.02240114700438618,0.9775988529956138,316,0,0,11245.099419241937,11245.099419241937,2811.274854810484,1.5,0.5448372913346549,0.33996458392501844,0.0007817864011834922,172.25,68.89999999999999,0.1474735048412232,1,2:flood:semiwild|42:flood:origin|67:heatwave:origin,0.01273604576511125,0.07132134310277474,0.08735605735574287,0.01761153203271167,0.00012508582418935876,0.0009479096947976537,0.00023204827348116157,391f38cf2d19bb57,3,high_captivity_penalty,"{""captivity_welfare_penalty"": 0.7}"
S6,rule,False,700303,0.75,0.375,6,3,79,79,0,0.0,0.0,,384.18561571597803,0.7481599328251636,3.0153657978292405,0.04421311154456889,0.9557868884554311,0,0,0,11257.255244299768,11257.25524429977,3752.418414766589,1.5,0.8356107962817751,0.2906620048267995,0.00048658167789817144,0.0,0.0,0.040986336101647994,3,2:flood:semiwild|42:flood:origin|67:heatwave:origin,0.01600000000000001,0.06479666694430233,0.0,0.0,7.785306846370743e-05,0.0009655471620705779,0.0,391f38cf2d19bb57,3,high_captivity_penalty,"{""captivity_welfare_penalty"": 0.7}"
S7,forward_rollout_proxy,False,700303,0.75,0.625,6,5,933,933,1,0.3333333333333333,1.0,17.0,183.82008727873418,0.39585238284420016,4.302661500400963,0.0,1.0,39,0,0,11223.978187952074,11223.978187952074,2244.795637590415,1.5,0.6699999999999999,0.4252434738250399,0.0005518316555262407,45.25,18.099999999999987,0.16983429410515133,2,2:flood:semiwild|42:flood:origin|67:heatwave:origin,0.013716186166070921,0.047805746961778486,0.22403570959409932,0.015635878016338152,8.829306488419852e-05,0.0009587868461838041,5.614781141684821e-05,391f38cf2d19bb57,3,high_captivity_penalty,"{""captivity_welfare_penalty"": 0.7}"
S4,state_dependent_rule,False,700304,0.375,0.125,3,1,189,24,3,1.0,1.0,29.666666666666668,119.61870516262759,0.5220602423871132,4.4892547442503465,0.00021414037867317044,0.9997858596213268,95,0,0,11142.67118770348,11142.67118770348,11142.67118770348,1.5,0.24548765328967412,0.1385173417919768,0.0004060087606499464,139.0,55.59999999999995,0.06413014510252957,0,13:funding_collapse|20:heatwave:reserve|46:heatwave:origin|60:wildfire:reserve|73:heatwave:semiwild|76:heatwave:reserve|77:flood:alternative|91:funding_collapse,0.008814545166917601,0.07499943072227552,0.02637974290383712,0.008031832922184729,6.496140170399142e-05,0.0008691306493059217,0.00041707140006134894,391f38cf2d19bb57,3,high_captivity_penalty,"{""captivity_welfare_penalty"": 0.7}"
S6,rule,False,700304,0.75,0.625,6,5,412,412,2,0.6666666666666666,1.0,13.5,439.4376815562496,0.7588939896103476,4.7746917347388305,0.001161012785733473,0.9988389872142666,0,0,0,11187.565614430134,11187.565614430136,2237.513122886027,1.5,0.8477504917450233,0.4217308623479972,0.00021146275390627225,0.0,0.0,0.03979447913053308,1,13:funding_collapse|20:heatwave:reserve|46:heatwave:origin|60:wildfire:reserve|73:heatwave:semiwild|76:heatwave:reserve|77:flood:alternative|91:funding_collapse,0.01600000000000001,0.054072279683483805,0.0,0.0,3.383404062500355e-05,0.0009998966655437595,0.0,391f38cf2d19bb57,3,high_captivity_penalty,"{""captivity_welfare_penalty"": 0.7}"
S7,forward_rollout_proxy,False,700304,0.5,0.375,4,3,349,349,2,0.6666666666666666,1.0,21.5,226.62673299198855,0.7320576309849288,3.378469403548884,0.0024566290609197685,0.9975433709390802,32,0,0,11134.779972429715,11134.779972429715,3711.593324143238,1.5,0.38794767468384844,0.26644000513870014,0.0001098901098901099,39.25,15.699999999999989,0.12555271817413216,1,13:funding_collapse|20:heatwave:reserve|46:heatwave:origin|60:wildfire:reserve|73:heatwave:semiwild|76:heatwave:reserve|77:flood:alternative|91:funding_collapse,0.01690829235561342,0.06272028488632433,2.823170774342229e-05,0.00012158644741218203,1.7582417582417584e-05,0.0010650464210307804,9.713576336979542e-05,391f38cf2d19bb57,3,high_captivity_penalty,"{""captivity_welfare_penalty"": 0.7}"
S4,state_dependent_rule,False,700305,0.625,0.25,5,2,348,181,1,0.3333333333333333,1.0,19.0,137.69720685866835,0.5091606716474757,2.4683061619231834,0.013549586168421964,0.986450413831578,203,0,0,11169.385585966122,11169.38558596612,5584.692792983061,1.5,0.4243966643051875,0.20129459887251241,0.0004915536999585149,157.5,62.99999999999996,0.10835935411380923,2,53:flood:reserve|69:wildfire:origin|70:funding_collapse|87:funding_collapse,0.009829227809296346,0.07405236024356956,0.03133542707337575,0.008219167391051878,7.864859199336238e-05,0.0006486172522620999,0.0003931639596886946,391f38cf2d19bb57,3,high_captivity_penalty,"{""captivity_welfare_penalty"": 0.7}"
S6,rule,False,700305,0.625,0.625,5,5,453,453,0,0.0,0.0,,544.8988548610736,0.7679282554902173,5.9130176387870765,0.0,1.0,0,0,0,11191.277186533312,11191.277186533316,2238.2554373066623,1.5,0.8883791367281534,0.437700827754432,0.00011165403588490686,0.0,0.0,0.04241368846872917,3,53:flood:reserve|69:wildfire:origin|70:funding_collapse|87:funding_collapse,0.01600000000000001,0.045070367724085264,0.0,0.0,1.78646457415851e-05,0.0009835121399559366,0.0,391f38cf2d19bb57,3,high_captivity_penalty,"{""captivity_welfare_penalty"": 0.7}"
S7,forward_rollout_proxy,False,700305,0.875,0.5,7,4,689,689,0,0.0,0.0,,292.06263327456685,0.6720416745312597,3.6529606701988113,0.0005610834668102618,0.9994389165331897,163,0,0,11166.653019504342,11166.653019504342,2791.6632548760854,1.5,0.5652940028854947,0.35422971529876,0.00011838404775133562,84.75,33.900000000000034,0.18085354154111236,3,53:flood:reserve|69:wildfire:origin|70:funding_collapse|87:funding_collapse,0.015787790783252223,0.06083864523380859,0.01531607506176758,0.005314990362587334,1.89414476402137e-05,0.0008641274762008548,0.00011619555181479868,391f38cf2d19bb57,3,high_captivity_penalty,"{""captivity_welfare_penalty"": 0.7}"
S4,state_dependent_rule,False,700306,0.5,0.375,4,3,525,402,2,0.6666666666666666,1.0,28.0,179.94695108494346,0.49709345533953664,3.847200119627368,0.0031614415710044235,0.9968385584289956,282,0,0,11136.693907287403,11136.693907287403,3712.2313024291343,1.5,0.4158068116529889,0.2693781200580474,0.00034680025293838424,169.75,67.89999999999998,0.1028771884823742,1,6:flood:alternative|31:funding_collapse,0.011701177422587432,0.07094304404251045,0.06656999070040251,0.008492058421062026,5.548804047014149e-05,0.0007121661904862453,0.00023552124634258816,391f38cf2d19bb57,3,high_captivity_penalty,"{""captivity_welfare_penalty"": 0.7}"
S6,rule,False,700306,0.75,0.75,6,6,971,971,1,0.3333333333333333,1.0,43.0,670.744058090486,0.7797267477614898,5.528544584704675,0.0,1.0,0,0,0,11176.84655045906,11176.84655045906,1862.8077584098435,1.5,0.9606820059253959,0.4983710753269719,0.00012468827930174565,0.0,0.0,0.04758714443692738,2,6:flood:alternative|31:funding_collapse,0.01600000000000001,0.033290454496215476,0.0,0.0,1.9950124688279304e-05,0.0009628476176062882,0.0,391f38cf2d19bb57,3,high_captivity_penalty,"{""captivity_welfare_penalty"": 0.7}"
S7,forward_rollout_proxy,False,700306,0.625,0.625,5,5,924,924,2,0.6666666666666666,1.0,24.0,191.93252370059233,0.40769104117567606,4.243660370568573,0.000230244956903106,0.9997697550430968,43,0,0,11149.777727024572,11149.777727024572,2229.955545404914,1.5,0.6455685719984773,0.420963120154296,0.00028677274389381056,63.0,25.200000000000017,0.1635982962438127,1,6:flood:alternative|31:funding_collapse,0.013708211291829687,0.04703550921819608,0.21019606502113,0.015504572839844211,4.588363902300969e-05,0.0009055224632370353,6.059435888842936e-05,391f38cf2d19bb57,3,high_captivity_penalty,"{""captivity_welfare_penalty"": 0.7}"
S4,state_dependent_rule,False,700307,0.5,0.375,4,3,372,274,1,0.3333333333333333,1.0,16.0,123.20668447058883,0.46404885465329554,2.980176823345115,0.0056544846642139,0.9943455153357861,209,0,0,11215.103302802396,11215.103302802396,3738.3677676007987,1.5,0.44299322823446374,0.2654673650563635,0.0005162113116521063,141.5,56.599999999999966,0.11308136999732954,2,20:heatwave:origin|33:wildfire:origin|62:heatwave:reserve|76:funding_collapse|88:flood:origin,0.011401303055250524,0.07473807133903432,0.06565015131352098,0.017284110876822734,8.259380986433702e-05,0.0011483857259603962,0.0003155635543153212,391f38cf2d19bb57,3,high_captivity_penalty,"{""captivity_welfare_penalty"": 0.7}"
S6,rule,False,700307,0.25,0.0,2,0,0,0,0,0.0,0.0,,120.25529866935194,0.4030901344016582,0.0,,,0,0,0,11205.608330945794,11205.608330945794,11205.608330945794,1.5,0.6699999999999999,0.07012645458393556,0.00016260321831168399,0.0,0.0,0.015632272919677847,3,20:heatwave:origin|33:wildfire:origin|62:heatwave:reserve|76:funding_collapse|88:flood:origin,0.008960000000000006,0.05224523484635018,0.0,0.0,2.6016514929869438e-05,0.00047861423706191576,0.0,391f38cf2d19bb57,3,high_captivity_penalty,"{""captivity_welfare_penalty"": 0.7}"
S7,forward_rollout_proxy,False,700307,0.5,0.5,4,4,810,810,0,0.0,0.0,,200.09843592988167,0.46814675857756005,3.3348382585660024,0.0020292783882679463,0.9979707216117321,189,0,0,11200.766937749655,11200.766937749655,2800.1917344374137,1.5,0.5834995103016601,0.3460139042787401,0.000451196514676089,76.25,30.50000000000003,0.14657785331457057,3,20:heatwave:origin|33:wildfire:origin|62:heatwave:reserve|76:funding_collapse|88:flood:origin,0.013967807170938212,0.05986620858252079,0.12085954810615102,0.007690238691067869,7.219144234817423e-05,0.0006527926162459726,0.00010675354830459542,391f38cf2d19bb57,3,high_captivity_penalty,"{""captivity_welfare_penalty"": 0.7}"
S4,state_dependent_rule,False,700308,0.5,0.125,4,1,141,125,1,0.3333333333333333,1.0,31.0,152.27943326726142,0.5292567739492663,5.211271297509829,0.004147960200183492,0.9958520397998165,260,0,0,11239.184661762036,11239.184661762036,11239.184661762036,1.5,0.43536602523584844,0.1687224158497597,0.000683220302799857,182.0,72.79999999999997,0.08411550175538271,2,33:flood:reserve|46:flood:origin|64:flood:reserve,0.010198004041816684,0.07755517655680748,0.026898156606298608,0.004650981057951356,0.00010931524844797714,0.0005148751567301923,0.00039337882907979586,391f38cf2d19bb57,3,high_captivity_penalty,"{""captivity_welfare_penalty"": 0.7}"
S6,rule,False,700308,0.875,0.5,7,4,227,227,0,0.0,0.0,,420.35543372479844,0.7548389011262046,3.999339960335008,0.0,1.0,0,0,0,11256.101028190556,11256.101028190558,2814.025257047639,1.5,0.875050525817612,0.36129146319142547,0.0004376327256505551,0.0,0.0,0.04396505503157054,3,33:flood:reserve|46:flood:origin|64:flood:reserve,0.01600000000000001,0.05815443822970494,0.0,0.0,7.002123610408881e-05,0.0009366394079865242,0.0,391f38cf2d19bb57,3,high_captivity_penalty,"{""captivity_welfare_penalty"": 0.7}"
S7,forward_rollout_proxy,False,700308,0.625,0.375,5,3,415,415,1,0.3333333333333333,1.0,24.0,222.06398603073504,0.6704643911946213,2.2574314456995417,0.10717770397583089,0.8928222960241691,179,0,0,11223.958177203467,11223.958177203469,3741.3193924011557,1.5,0.5757912165701141,0.27552180533693466,0.00046857448160817974,81.5,32.60000000000004,0.13309184611463898,2,33:flood:reserve|46:flood:origin|64:flood:reserve,0.015741690988232162,0.06492747158530064,0.008167855544786613,0.0025116719708645563,7.497191705730875e-05,0.0008074463529618996,0.0001901399607602178,391f38cf2d19bb57,3,high_captivity_penalty,"{""captivity_welfare_penalty"": 0.7}"
S4,state_dependent_rule,False,700309,0.5,0.375,4,3,361,77,0,0.0,0.0,,131.59579389644125,0.48253948470065583,2.771249856049748,0.007822861948705448,0.9921771380512946,197,0,0,11195.387640863932,11195.387640863932,3731.795880287977,1.5,0.2624282058370894,0.24672074091245907,0.00018679650632449931,155.75,62.29999999999996,0.1200771088412632,3,36:heatwave:reserve|59:wildfire:reserve|98:flood:alternative|99:funding_collapse|99:wildfire:origin,0.008773353971178349,0.07696125234322929,0.0611383618688228,0.007050437083632938,2.988744101191989e-05,0.0007608013921077738,0.0003252348982154858,391f38cf2d19bb57,3,high_captivity_penalty,"{""captivity_welfare_penalty"": 0.7}"
S6,rule,False,700309,0.75,0.75,6,6,697,697,0,0.0,0.0,,672.8347801767761,0.7786401229136556,4.915948664491923,0.002760358862891313,0.9972396411371087,0,0,0,11222.854017788657,11222.854017788657,1870.4756696314428,1.5,0.7391389502573502,0.47077262990896723,4.926108374384237e-05,0.0,0.0,0.05099624119156493,3,36:heatwave:reserve|59:wildfire:reserve|98:flood:alternative|99:funding_collapse|99:wildfire:origin,0.01600000000000001,0.03438094970835042,0.0,0.0,7.88177339901478e-06,0.0009710456045950312,0.0,391f38cf2d19bb57,3,high_captivity_penalty,"{""captivity_welfare_penalty"": 0.7}"
S7,forward_rollout_proxy,False,700309,0.5,0.375,4,3,416,416,0,0.0,0.0,,267.9826707378015,0.7318587266293793,4.321763862679572,0.0011662942088681804,0.9988337057911318,81,0,0,11185.635234251084,11185.635234251084,3728.5450780836945,1.5,0.4106191081374533,0.2817482955065256,0.0003003207926630756,76.25,30.50000000000003,0.14359373032992243,3,36:heatwave:reserve|59:wildfire:reserve|98:flood:alternative|99:funding_collapse|99:wildfire:origin,0.016499032586822223,0.059902497341034804,0.0004733386631747574,0.0005313899300570107,4.80513268260921e-05,0.0007522999236239,0.00013549955281567537,391f38cf2d19bb57,3,high_captivity_penalty,"{""captivity_welfare_penalty"": 0.7}"
S4,state_dependent_rule,False,700310,0.625,0.5,5,4,593,581,1,0.3333333333333333,1.0,17.0,122.34432137250839,0.3336392923216856,3.797955268436276,0.008031539586030634,0.9919684604139694,144,0,0,11263.337847715931,11263.33784771593,2815.834461928983,1.5,0.5453187858463683,0.3440337855661453,0.00039486988523092063,96.0,38.40000000000001,0.1326117714857282,2,12:flood:origin|29:heatwave:semiwild|33:flood:semiwild|39:heatwave:semiwild|61:heatwave:semiwild,0.01265227069776321,0.06683076648173548,0.17672874695354404,0.024451304302000713,6.31791816369473e-05,0.001102777849374596,0.00015573598221152208,391f38cf2d19bb57,3,high_captivity_penalty,"{""captivity_welfare_penalty"": 0.7}"
S6,rule,False,700310,0.25,0.25,2,2,180,180,0,0.0,0.0,,137.8581352156146,0.7388319437313036,3.314460743768577,0.0,1.0,0,0,0,11231.56232024723,11231.56232024723,5615.781160123615,1.5,0.8683958052593854,0.2365715134530774,8.021390374331552e-05,0.0,0.0,0.020436627447265432,3,12:flood:origin|29:heatwave:semiwild|33:flood:semiwild|39:heatwave:semiwild|61:heatwave:semiwild,0.01600000000000001,0.07442196202580448,0.0,0.0,1.283422459893048e-05,0.0007332600182930291,0.0,391f38cf2d19bb57,3,high_captivity_penalty,"{""captivity_welfare_penalty"": 0.7}"
S7,forward_rollout_proxy,False,700310,0.375,0.375,3,3,570,570,0,0.0,0.0,,125.9043069239934,0.33487638853534707,4.178209024516099,0.0008218894850389285,0.9991781105149611,16,0,0,11257.505262456483,11257.505262456485,3752.501754152161,1.5,0.6699999999999999,0.2995154351995089,0.00024302215457320059,31.0,12.399999999999999,0.1099167247717395,3,12:flood:origin|29:heatwave:semiwild|33:flood:semiwild|39:heatwave:semiwild|61:heatwave:semiwild,0.012828136885332141,0.04249584393593021,0.19881039506687492,0.027048489317363505,3.8883544731712097e-05,0.0011170823569810293,7.235349714714478e-05,391f38cf2d19bb57,3,high_captivity_penalty,"{""captivity_welfare_penalty"": 0.7}"
S4,state_dependent_rule,False,700311,0.5,0.375,4,3,615,440,2,0.6666666666666666,1.0,21.5,137.83008621136844,0.3525667057224411,3.1174802358434075,0.0034698877675603383,0.9965301122324397,394,0,0,11272.686679960423,11272.686679960423,3757.562226653474,1.5,0.5455655950176229,0.27518259073305423,0.0002766470464549504,165.25,66.09999999999997,0.1035061443642892,1,8:flood:origin|31:flood:semiwild|48:heatwave:origin|88:funding_collapse,0.009625158539099347,0.06905285595200474,0.1110545063936113,0.02574239343713197,4.426352743279206e-05,0.0011385774079378944,0.0002354046317395169,391f38cf2d19bb57,3,high_captivity_penalty,"{""captivity_welfare_penalty"": 0.7}"
S6,rule,False,700311,0.25,0.0,2,0,0,0,1,0.3333333333333333,1.0,21.0,46.57040216295144,0.45001837682658724,0.0,,,0,0,0,11187.504963603375,11187.504963603376,11187.504963603375,1.5,0.7706834012785505,0.07959734796820601,0.0001549721622845574,0.0,0.0,0.012645039201754762,2,8:flood:origin|31:flood:semiwild|48:heatwave:origin|88:funding_collapse,0.010080000000000007,0.06226222088557815,0.0,0.0,2.4795545965529187e-05,0.0005146067418690569,0.0,391f38cf2d19bb57,3,high_captivity_penalty,"{""captivity_welfare_penalty"": 0.7}"
S7,forward_rollout_proxy,False,700311,0.75,0.75,6,6,1023,1023,1,0.3333333333333333,1.0,16.0,85.81081716683963,0.2488615390459335,3.081169817621662,0.000571934743419608,0.9994280652565803,19,0,0,11237.316855147921,11237.316855147921,1872.8861425246535,1.5,0.6699999999999999,0.472713825848258,0.00048725295433050734,28.0,11.199999999999996,0.18701063836020695,2,8:flood:origin|31:flood:semiwild|48:heatwave:origin|88:funding_collapse,0.01266827880409096,0.044856889804975625,0.3012702023117203,0.0284561420921877,7.796047269288117e-05,0.0011812161889388467,6.893789527580806e-05,391f38cf2d19bb57,3,high_captivity_penalty,"{""captivity_welfare_penalty"": 0.7}"
S4,state_dependent_rule,False,700400,1.0,0.875,8,7,1193,1193,0,0.0,0.0,,829.6717671669943,0.7690402768983298,5.550067841401029,2.956359830265187e-05,0.9999704364016974,101,0,0,11227.47203707321,11227.47203707321,1603.9245767247444,1.5,0.98,0.5850392139739096,0.00014873748233704,37.75,15.100000000000001,0.18894267779949622,3,34:heatwave:reserve|49:wildfire:alternative|90:funding_collapse|94:funding_collapse,0.015542609856320246,0.029445141650469634,0.011309684792524628,0.0012256820601465467,2.3797997173926398e-05,0.0009180413650464973,1.7327782802240257e-05,f7b537104fe2606b,4,efficient_restoration,"{""habitat_protection_efficiency"": 0.12}"
S6,rule,False,700400,1.0,1.0,8,8,1200,1200,0,0.0,0.0,,893.503544907846,0.7873836993744148,5.768479077267679,0.0,1.0,0,0,0,11242.51755259851,11242.51755259851,1405.3146940748138,1.5,0.98,0.6173890142433293,7.2992700729927e-05,0.0,0.0,0.058521117353262396,3,34:heatwave:reserve|49:wildfire:alternative|90:funding_collapse|94:funding_collapse,0.01600000000000001,0.025672907362080156,0.0,0.0,1.167883211678832e-05,0.0009317144313879397,0.0,f7b537104fe2606b,4,efficient_restoration,"{""habitat_protection_efficiency"": 0.12}"
S7,forward_rollout_proxy,False,700400,0.875,0.875,7,7,1200,1200,1,0.3333333333333333,1.0,11.0,854.1309757952364,0.7660696206919068,5.622753061137461,0.0,1.0,45,0,0,11237.193477075105,11237.193477075107,1605.3133538678721,1.5,0.98,0.5901114457712819,0.00018591178752468888,17.0,6.799999999999999,0.21066957579953688,2,34:heatwave:reserve|49:wildfire:alternative|90:funding_collapse|94:funding_collapse,0.015451440939363159,0.027819944749532158,0.015452143341984297,0.0014486443673860602,2.974588600395022e-05,0.000935824511027371,7.660199561910187e-06,f7b537104fe2606b,4,efficient_restoration,"{""habitat_protection_efficiency"": 0.12}"
S4,state_dependent_rule,False,700401,0.875,0.75,7,6,1200,1200,0,0.0,0.0,,723.8340967304612,0.7606337271450155,5.463339950164009,0.0014628844101239496,0.998537115589876,59,0,0,11221.584291335275,11221.584291335275,1870.2640485558793,1.5,0.98,0.523988447215789,5.369214581201263e-05,46.5,18.599999999999998,0.16927523857074453,3,27:wildfire:origin|38:funding_collapse|43:heatwave:alternative|67:heatwave:reserve|99:funding_collapse,0.015335114370452839,0.03424039815966129,0.012692326960405897,0.0015708113560714333,8.59074332992202e-06,0.0009562547662037354,2.417246074111737e-05,f7b537104fe2606b,4,efficient_restoration,"{""habitat_protection_efficiency"": 0.12}"
S6,rule,False,700401,1.0,1.0,8,8,1184,1184,0,0.0,0.0,,860.6163455900376,0.7867914590369864,5.379868612328029,0.0,1.0,0,0,0,11242.3474331708,11242.347433170802,1405.29342914635,1.5,0.98,0.6138180240883452,5.3563745876953966e-05,0.0,0.0,0.060096689825324616,3,27:wildfire:origin|38:funding_collapse|43:heatwave:alternative|67:heatwave:reserve|99:funding_collapse,0.01600000000000001,0.026274701855913195,0.0,0.0,8.570199340312634e-06,0.0009252689077601939,0.0,f7b537104fe2606b,4,efficient_restoration,"{""habitat_protection_efficiency"": 0.12}"
S7,forward_rollout_proxy,False,700401,0.875,0.875,7,7,1172,1172,0,0.0,0.0,,812.8941765784443,0.7689632317135464,4.791655599030797,0.017368056310043564,0.9826319436899564,31,0,0,11228.478632269036,11228.478632269036,1604.0683760384338,1.5,0.98,0.5827365992447323,5.427658226915882e-05,31.5,12.599999999999996,0.2153502162721219,3,27:wildfire:origin|38:funding_collapse|43:heatwave:alternative|67:heatwave:reserve|99:funding_collapse,0.01560355925375262,0.03041748702136692,0.010027927552101894,0.0011124397445967328,8.684253163065412e-06,0.0009347093493714223,1.4525416167252344e-05,f7b537104fe2606b,4,efficient_restoration,"{""habitat_protection_efficiency"": 0.12}"
S4,state_dependent_rule,False,700402,0.875,0.75,7,6,1200,1200,1,0.3333333333333333,1.0,18.0,839.5517507281829,0.7694447574178213,6.980943663208882,1.3641479383781828e-05,0.9999863585206162,19,0,0,11247.012079862334,11247.012079862334,1874.502013310389,1.5,0.98,0.5413356488607153,0.00017143646669412908,12.25,4.9,0.18013106114313232,2,6:funding_collapse|7:funding_collapse,0.015480986890517589,0.028385721912068132,0.011644864671191031,0.001467724433459166,2.742983467106065e-05,0.0008975215107859599,8.070702594091693e-06,f7b537104fe2606b,4,efficient_restoration,"{""habitat_protection_efficiency"": 0.12}"
S6,rule,False,700402,1.0,1.0,8,8,1152,1152,0,0.0,0.0,,890.9001859703795,0.7873647134953623,5.667811517826863,0.0,1.0,0,0,0,11254.620463002611,11254.620463002613,1406.8275578753264,1.5,0.98,0.6169161016819829,0.00010078942537176429,0.0,0.0,0.061189932518570966,3,6:funding_collapse|7:funding_collapse,0.01600000000000001,0.025708351560993145,0.0,0.0,1.6126308059482283e-05,0.0009108086355848723,0.0,f7b537104fe2606b,4,efficient_restoration,"{""habitat_protection_efficiency"": 0.12}"
S7,forward_rollout_proxy,False,700402,1.0,0.875,8,7,1179,1179,0,0.0,0.0,,862.8969554474078,0.7753342705669892,6.543282260114965,0.0,1.0,13,0,0,11245.956100621817,11245.956100621817,1606.565157231688,1.5,0.98,0.602245941011335,0.00024440518173918425,8.0,3.2,0.2253155920509271,3,6:funding_collapse|7:funding_collapse,0.01560953632133958,0.027391856118149364,0.007468787847245686,0.0011691810431413681,3.9104829078269474e-05,0.0009042319951137018,5.2249949503587604e-06,f7b537104fe2606b,4,efficient_restoration,"{""habitat_protection_efficiency"": 0.12}"
S4,state_dependent_rule,False,700403,0.75,0.75,6,6,1200,1200,1,0.3333333333333333,1.0,20.0,426.1784386821184,0.4802572947031989,4.449573563225955,0.01851670823959461,0.9814832917604054,55,0,0,11320.75861689621,11320.75861689621,1886.793102816035,1.5,0.9193011491343578,0.5061988508646356,0.0001845763258462553,59.25,23.7,0.16136500159470102,2,7:wildfire:origin|76:wildfire:origin,0.01299188569020094,0.03566652917528604,0.25560370089643547,0.02579609989472096,2.9532212135400847e-05,0.00116657443413932,5.334518342451587e-05,f7b537104fe2606b,4,efficient_restoration,"{""habitat_protection_efficiency"": 0.12}"
S6,rule,False,700403,0.875,0.875,7,7,1161,1161,1,0.3333333333333333,1.0,29.0,793.5054506773424,0.7852666228140022,6.588709467025642,0.0,1.0,0,0,0,11303.117734577623,11303.117734577623,1614.7311049396606,1.5,0.98,0.5684223444499832,0.0001465038573756046,0.0,0.0,0.053926248898634,2,7:wildfire:origin|76:wildfire:origin,0.01600000000000001,0.027728131503530998,0.0,0.0,2.3440617180096735e-05,0.000981805065286725,0.0,f7b537104fe2606b,4,efficient_restoration,"{""habitat_protection_efficiency"": 0.12}"
S7,forward_rollout_proxy,False,700403,0.875,0.75,7,6,1200,1200,1,0.3333333333333333,1.0,15.0,669.331310695808,0.7118924776020868,4.447463706763135,0.007108137530827019,0.9928918624691729,39,0,0,11294.90408810174,11294.90408810174,1882.4840146836234,1.5,0.98,0.5195011573814311,0.00015397312562865913,29.75,11.899999999999995,0.19763260156899848,2,7:wildfire:origin|76:wildfire:origin,0.014917918723253976,0.03526127241394713,0.04956445201364494,0.011126127105735645,2.463570010058546e-05,0.001142162691740716,2.240828213852861e-05,f7b537104fe2606b,4,efficient_restoration,"{""habitat_protection_efficiency"": 0.12}"
S4,state_dependent_rule,False,700404,0.625,0.625,5,5,957,957,1,0.3333333333333333,1.0,28.0,722.8247422884268,0.7688442021325763,6.3158105420094,0.0,1.0,88,0,0,11279.626014637543,11279.626014637543,2255.9252029275085,1.5,0.9513348427195837,0.46783656163677523,0.00035256601507943636,52.75,21.099999999999994,0.14147485972361418,2,37:wildfire:semiwild|54:funding_collapse|56:flood:reserve|68:flood:alternative|79:wildfire:origin|80:heatwave:alternative|94:flood:semiwild,0.015494506259061357,0.03175735276809611,0.008799646094765152,0.0015175848063554399,5.641056241270981e-05,0.0009546747888013897,3.261582335370612e-05,f7b537104fe2606b,4,efficient_restoration,"{""habitat_protection_efficiency"": 0.12}"
S6,rule,False,700404,1.0,0.875,8,7,1110,1110,0,0.0,0.0,,856.3449924368828,0.7876503440188336,5.8680640676779,0.0,1.0,0,0,0,11276.173813578196,11276.173813578198,1610.8819733683138,1.5,0.98,0.5620898210498212,0.00019266128217534866,0.0,0.0,0.058295901865211164,3,37:wildfire:semiwild|54:funding_collapse|56:flood:reserve|68:flood:alternative|79:wildfire:origin|80:heatwave:alternative|94:flood:semiwild,0.01600000000000001,0.025423792885616914,0.0,0.0,3.082580514805579e-05,0.0008950372904014755,0.0,f7b537104fe2606b,4,efficient_restoration,"{""habitat_protection_efficiency"": 0.12}"
S7,forward_rollout_proxy,False,700404,0.625,0.625,5,5,1167,1167,0,0.0,0.0,,813.5152742315549,0.7693507458304741,7.037199255319379,0.0001689618188188523,0.9998310381811811,82,0,0,11267.608066880963,11267.608066880963,2253.5216133761924,1.5,0.98,0.483704866698486,0.00022170125405802485,30.0,11.999999999999996,0.17041437072646076,3,37:wildfire:semiwild|54:funding_collapse|56:flood:reserve|68:flood:alternative|79:wildfire:origin|80:heatwave:alternative|94:flood:semiwild,0.015299351012325404,0.027619241444237597,0.009949871270138048,0.0016134008091028538,3.547220064928398e-05,0.000946565887007502,1.4998605037184705e-05,f7b537104fe2606b,4,efficient_restoration,"{""habitat_protection_efficiency"": 0.12}"
S4,state_dependent_rule,False,700405,0.875,0.875,7,7,1200,1200,1,0.3333333333333333,1.0,17.0,857.0519475576032,0.7854649545907495,6.146611521320102,0.0002580466720425196,0.9997419533279575,0,0,0,11252.401884486088,11252.401884486088,1607.4859834980125,1.5,0.98,0.591642983067587,0.0003162298890188375,3.25,1.3,0.19213433927193013,2,72:funding_collapse|81:wildfire:semiwild,0.01601229111888993,0.027279179681514637,3.5244884859058987e-07,1.6592584734480897e-06,5.059678224301401e-05,0.0009769816060534178,1.3439235381313748e-06,f7b537104fe2606b,4,efficient_restoration,"{""habitat_protection_efficiency"": 0.12}"
S6,rule,False,700405,0.875,0.875,7,7,1182,1182,1,0.3333333333333333,1.0,20.0,883.1211377085182,0.7883615819781907,6.431821762855878,0.0,1.0,0,0,0,11276.173813578196,11276.173813578198,1610.8819733683138,1.5,0.98,0.567047322729812,0.0001946800749997727,0.0,0.0,0.054895525506265724,2,72:funding_collapse|81:wildfire:semiwild,0.01600000000000001,0.02466569525221348,0.0,0.0,3.1148811999963634e-05,0.0009415739575955753,0.0,f7b537104fe2606b,4,efficient_restoration,"{""habitat_protection_efficiency"": 0.12}"
S7,forward_rollout_proxy,False,700405,0.875,0.875,7,7,1200,1200,0,0.0,0.0,,874.3877794415762,0.7870791865369375,7.183734172187836,0.0,1.0,0,0,0,11261.457908914601,11261.457908914601,1608.7797012735143,1.5,0.98,0.6080743681343633,0.00033475453225002177,2.75,1.1,0.2224351320624251,3,72:funding_collapse|81:wildfire:semiwild,0.01600871050342566,0.02577421286869611,0.0,0.0,5.3560725160003486e-05,0.0009525647406702797,1.107073725734632e-06,f7b537104fe2606b,4,efficient_restoration,"{""habitat_protection_efficiency"": 0.12}"
S4,state_dependent_rule,False,700406,0.625,0.5,5,4,1017,1017,2,0.6666666666666666,1.0,20.5,610.0791437909256,0.6545376029724929,4.079952696496767,0.008484529436343698,0.9915154705636563,38,0,0,11275.491968593657,11275.491968593655,2818.872992148414,1.5,0.9149814599334141,0.38291096881579567,2.5316455696202533e-05,62.0,24.799999999999997,0.1280664792874328,1,8:flood:origin|54:heatwave:semiwild|64:funding_collapse|75:wildfire:origin,0.014417170975004228,0.03750460225155361,0.09912769156082328,0.014267011898078313,4.050632911392405e-06,0.001119561293885364,4.550313778815285e-05,f7b537104fe2606b,4,efficient_restoration,"{""habitat_protection_efficiency"": 0.12}"
S6,rule,False,700406,1.0,0.875,8,7,1200,1200,0,0.0,0.0,,855.1646048092097,0.785744952994418,6.087649588975787,0.0,1.0,0,0,0,11274.629425708812,11274.629425708812,1610.6613465298303,1.5,0.98,0.5642826986625004,7.894736842105263e-05,0.0,0.0,0.05828101386371255,3,8:flood:origin|54:heatwave:semiwild|64:funding_collapse|75:wildfire:origin,0.01600000000000001,0.027343391150193474,0.0,0.0,1.263157894736842e-05,0.000899024276441073,0.0,f7b537104fe2606b,4,efficient_restoration,"{""habitat_protection_efficiency"": 0.12}"
S7,forward_rollout_proxy,False,700406,0.875,0.875,7,7,1200,1200,0,0.0,0.0,,776.1584197086455,0.7608958038926652,5.542665974961692,7.54543440233236e-05,0.9999245456559767,10,0,0,11270.68663075922,11270.68663075922,1610.0980901084602,1.5,0.98,0.5892411576431906,8.19672131147541e-05,25.75,10.299999999999997,0.21032248946786863,3,8:flood:origin|54:heatwave:semiwild|64:funding_collapse|75:wildfire:origin,0.01541413900159211,0.033543683926846375,0.014235888382833004,0.0016451662804422105,1.3114754098360655e-05,0.0008761422801396358,1.7080788842489274e-05,f7b537104fe2606b,4,efficient_restoration,"{""habitat_protection_efficiency"": 0.12}"
S4,state_dependent_rule,False,700407,0.875,0.875,7,7,607,607,0,0.0,0.0,,625.6448612347381,0.726322600833492,2.8224442998110164,0.00855957220231325,0.9914404277976867,112,0,0,11223.070380269557,11223.070380269557,1603.2957686099367,1.5,0.7839845942884954,0.5362297121416805,0.00029697848646117,68.0,27.199999999999992,0.1792840485736038,3,21:wildfire:reserve|48:flood:semiwild|65:funding_collapse|72:wildfire:origin|73:wildfire:origin|85:heatwave:reserve|86:flood:reserve|87:funding_collapse,0.014752782022092601,0.03989576818363128,0.03314155624741067,0.004052196261039581,4.751655783378721e-05,0.0009296982396811183,6.437149622539077e-05,f7b537104fe2606b,4,efficient_restoration,"{""habitat_protection_efficiency"": 0.12}"
S6,rule,False,700407,1.0,0.875,8,7,1090,1090,0,0.0,0.0,,791.4238272211239,0.784247640870743,5.441338662021892,0.0,1.0,0,0,0,11242.713318284546,11242.713318284548,1606.101902612078,1.5,0.98,0.5573435018297762,0.00021351104696818558,0.0,0.0,0.05590057604778638,3,21:wildfire:reserve|48:flood:semiwild|65:funding_collapse|72:wildfire:origin|73:wildfire:origin|85:heatwave:reserve|86:flood:reserve|87:funding_collapse,0.01600000000000001,0.028737128307897604,0.0,0.0,3.4161767514909694e-05,0.0009810690538445085,0.0,f7b537104fe2606b,4,efficient_restoration,"{""habitat_protection_efficiency"": 0.12}"
S7,forward_rollout_proxy,False,700407,1.0,0.875,8,7,919,919,0,0.0,0.0,,692.9942177456873,0.7704364503789717,4.4592747151727385,0.004753394790160249,0.9952466052098398,43,0,0,11227.328330965638,11227.32833096564,1603.9040472808053,1.5,0.9742207117501732,0.5805192114792903,0.00021963092946903655,33.75,13.499999999999998,0.22377196576272762,3,21:wildfire:reserve|48:flood:semiwild|65:funding_collapse|72:wildfire:origin|73:wildfire:origin|85:heatwave:reserve|86:flood:reserve|87:funding_collapse,0.015828097231884185,0.03798394487520373,0.0017466317594285804,0.0004467741030068107,3.514094871504585e-05,0.0009282735457131864,2.862660804061105e-05,f7b537104fe2606b,4,efficient_restoration,"{""habitat_protection_efficiency"": 0.12}"
S4,state_dependent_rule,False,700408,0.875,0.875,7,7,1141,1141,0,0.0,0.0,,825.1087743783002,0.7858163227981008,5.331114660214993,0.0,1.0,12,0,0,11234.664493329861,11234.66449332986,1604.9520704756944,1.5,0.98,0.5844422833099852,0.0002730597725780345,12.5,5.0,0.19690568353917642,3,7:wildfire:reserve|69:heatwave:semiwild|75:funding_collapse,0.015992081951827004,0.027028840700129838,6.005600692445783e-06,1.753435474611839e-05,4.368956361248552e-05,0.000964250041915531,1.1948449834351148e-05,f7b537104fe2606b,4,efficient_restoration,"{""habitat_protection_efficiency"": 0.12}"
S6,rule,False,700408,1.0,1.0,8,8,1180,1180,0,0.0,0.0,,888.6892064350493,0.7874977019800238,5.827649715469041,0.0,1.0,0,0,0,11272.82661433376,11272.82661433376,1409.10332679172,1.5,0.98,0.6187589546435323,0.00018872870249017035,0.0,0.0,0.06241228744420908,3,7:wildfire:reserve|69:heatwave:semiwild|75:funding_collapse,0.01600000000000001,0.02554208563411338,0.0,0.0,3.0196592398427256e-05,0.0009300157934647086,0.0,f7b537104fe2606b,4,efficient_restoration,"{""habitat_protection_efficiency"": 0.12}"
S7,forward_rollout_proxy,False,700408,0.875,0.875,7,7,1166,1166,0,0.0,0.0,,835.8405122425233,0.7874600540787603,6.044862664639685,0.0,1.0,8,0,0,11254.768891826048,11254.76889182605,1607.8241274037211,1.5,0.98,0.5972283140642597,0.0002971306313365342,8.25,3.3000000000000003,0.22514843708931462,3,7:wildfire:reserve|69:heatwave:semiwild|75:funding_collapse,0.015995132726130776,0.025509166249363818,5.871337691880725e-06,1.1786747483583914e-05,4.754090101384547e-05,0.0009280024484142547,8.093581715623513e-06,f7b537104fe2606b,4,efficient_restoration,"{""habitat_protection_efficiency"": 0.12}"
S4,state_dependent_rule,False,700409,0.875,0.875,7,7,1200,1200,0,0.0,0.0,,821.4796743961157,0.76663734216501,5.144900000249613,1.0845390734058966e-06,0.9999989154609266,42,0,0,11275.130171392935,11275.130171392935,1610.7328816275622,1.5,0.98,0.5798423580898051,0.0003298821790890234,22.25,8.9,0.18321679043654493,3,8:funding_collapse,0.015426314343797733,0.02915455223133461,0.013036851894512307,0.001571769624833205,5.2781148654243735e-05,0.0009274338720142665,1.6907382209137633e-05,f7b537104fe2606b,4,efficient_restoration,"{""habitat_protection_efficiency"": 0.12}"
S6,rule,False,700409,1.0,1.0,8,8,1200,1200,0,0.0,0.0,,872.8621168871963,0.7876634364983343,5.075979495333933,0.0,1.0,0,0,0,11281.77152643066,11281.771526430663,1410.2214408038326,1.5,0.98,0.6105370430301403,0.00021022424191961638,0.0,0.0,0.05888624038400518,3,8:funding_collapse,0.01600000000000001,0.025366621472301884,0.0,0.0,3.3635878707138626e-05,0.0009363061506563841,0.0,f7b537104fe2606b,4,efficient_restoration,"{""habitat_protection_efficiency"": 0.12}"
S7,forward_rollout_proxy,False,700409,0.875,0.875,7,7,1200,1200,0,0.0,0.0,,876.0275245869665,0.7732508708506668,6.143566813472895,0.0,1.0,18,0,0,11280.572351101271,11280.572351101273,1611.51033587161,1.5,0.98,0.5953945179044288,0.00021327357134997568,9.75,3.9000000000000004,0.21104424884849898,3,8:funding_collapse,0.015545620341790314,0.02733331513944635,0.009079859473278275,0.001361938974629071,3.412377141599611e-05,0.0009366800725425281,6.118154495917352e-06,f7b537104fe2606b,4,efficient_restoration,"{""habitat_protection_efficiency"": 0.12}"
S4,state_dependent_rule,False,700410,0.875,0.875,7,7,1200,1200,0,0.0,0.0,,803.5385550897236,0.7664203755298621,6.013288142877205,0.00027767696700966275,0.9997223230329904,37,0,0,11228.942858112527,11228.942858112527,1604.1346940160752,1.5,0.98,0.5903066556424358,0.00023785395110669503,23.5,9.400000000000002,0.192118871068319,3,37:funding_collapse|38:funding_collapse|60:flood:origin,0.015483994722626482,0.0308553803725397,0.012070143793998922,0.0014058712013918315,3.80566321770712e-05,0.0009445940384105632,1.3418171100029198e-05,f7b537104fe2606b,4,efficient_restoration,"{""habitat_protection_efficiency"": 0.12}"
S6,rule,False,700410,1.0,0.875,8,7,1195,1195,0,0.0,0.0,,870.2364375330492,0.7879726183283986,6.639367171707759,0.0,1.0,0,0,0,11244.337943283126,11244.337943283128,1606.3339918975894,1.5,0.98,0.5694850593902738,0.00024409931904022255,0.0,0.0,0.056706938365981105,3,37:funding_collapse|38:funding_collapse|60:flood:origin,0.01600000000000001,0.025026254498698948,0.0,0.0,3.9055891046435615e-05,0.0009620712818557126,0.0,f7b537104fe2606b,4,efficient_restoration,"{""habitat_protection_efficiency"": 0.12}"
S7,forward_rollout_proxy,False,700410,0.875,0.75,7,6,1173,1173,0,0.0,0.0,,814.2149757506754,0.7857628325842951,6.112823518772228,0.0,1.0,24,0,0,11232.00095406537,11232.00095406537,1872.000159010895,1.5,0.98,0.5389460264353214,0.0003075132229845016,9.25,3.7,0.21158895623799548,3,37:funding_collapse|38:funding_collapse|60:flood:origin,0.015930232468917855,0.026640450155251346,0.00024114964023128093,4.614630582154444e-05,4.920211567752025e-05,0.0009535681965322704,4.614179217418118e-06,f7b537104fe2606b,4,efficient_restoration,"{""habitat_protection_efficiency"": 0.12}"
S4,state_dependent_rule,False,700411,0.75,0.75,6,6,992,992,1,0.3333333333333333,1.0,15.0,715.4608448330473,0.7358678431279866,4.985642175169077,0.0006515662036703608,0.9993484337963296,9,0,0,11273.052158238006,11273.052158238006,1878.842026373001,1.5,0.8820144218436902,0.5092354289249184,0.0004985442279406996,40.25,16.1,0.16838782494429294,2,23:flood:semiwild|36:flood:origin|57:funding_collapse|96:wildfire:semiwild|97:heatwave:origin,0.015222705493963852,0.037266709924675456,0.03102555982787764,0.0032948588697744503,7.976707647051195e-05,0.000898144893739941,2.6382954399052562e-05,f7b537104fe2606b,4,efficient_restoration,"{""habitat_protection_efficiency"": 0.12}"
S6,rule,False,700411,1.0,1.0,8,8,935,935,0,0.0,0.0,,851.1887956700775,0.7846306903209057,5.169302973207903,0.0,1.0,0,0,0,11275.622376747053,11275.622376747055,1409.4527970933816,1.5,0.9445449818436901,0.608133207909958,0.00027442513197583224,0.0,0.0,0.059928399967549284,3,23:flood:semiwild|36:flood:origin|57:funding_collapse|96:wildfire:semiwild|97:heatwave:origin,0.01600000000000001,0.028422603110509048,0.0,0.0,4.390802111613317e-05,0.0009027985474690456,0.0,f7b537104fe2606b,4,efficient_restoration,"{""habitat_protection_efficiency"": 0.12}"
S7,forward_rollout_proxy,False,700411,1.0,0.75,8,6,929,929,0,0.0,0.0,,814.3042466363377,0.7674217773019302,5.8612235839483375,0.00016318407960199004,0.999836815920398,7,0,0,11274.024603970238,11274.02460397024,1879.0041006617064,1.5,0.8996861018436902,0.5272752279688429,0.00029703924097495925,16.0,6.399999999999999,0.20597190972495244,3,23:flood:semiwild|36:flood:origin|57:funding_collapse|96:wildfire:semiwild|97:heatwave:origin,0.015518123295904136,0.03248598633612583,0.009711364622387073,0.0014347293833968445,4.752627855599349e-05,0.0009124396676916877,8.677011907582781e-06,f7b537104fe2606b,4,efficient_restoration,"{""habitat_protection_efficiency"": 0.12}"
S4,state_dependent_rule,False,700500,0.5,0.5,4,4,453,189,2,0.6666666666666666,1.0,17.0,238.1469523165692,0.6241036825162589,3.265038259392991,0.07008607895633247,0.9299139210436675,159,0,0,8715.690321981217,8715.690321981217,2178.9225804953044,0.0,0.47806089116697076,0.32898858801489733,0.0002379325041401431,142.5,57.00000000000005,0.11766058152135175,1,50:heatwave:semiwild|60:funding_collapse|62:wildfire:semiwild|97:funding_collapse,0.010406964648347177,0.07513677115754006,0.05445043505328873,0.0166979520561536,3.806920066242291e-05,0.0009407614931210595,0.00018378645566375813,977dd12f68fa358c,5,negative_engagement,"{""engagement_coefficient"": -0.18}"
S6,rule,False,700500,0.75,0.75,6,6,652,652,1,0.3333333333333333,1.0,30.0,561.2484373606236,0.7683556775817502,4.833409019533277,0.009967650722782792,0.9900323492772172,0,0,0,9947.498320513152,9947.498320513152,1657.916386752192,1.0509791063100913,0.9105245981436031,0.4858529149746124,5.3619302949061666e-05,0.0,0.0,0.044831824824596495,2,50:heatwave:semiwild|60:funding_collapse|62:wildfire:semiwild|97:funding_collapse,0.01600000000000001,0.04463253194185334,0.0,0.0,8.579088471849867e-06,0.001003211387924978,0.0,977dd12f68fa358c,5,negative_engagement,"{""engagement_coefficient"": -0.18}"
S7,forward_rollout_proxy,False,700500,0.625,0.625,5,5,807,807,1,0.3333333333333333,1.0,8.0,290.3372811138,0.5644162557165096,3.450843103492815,0.004281850443275858,0.9957181495567241,84,0,0,8789.106170582982,8789.106170582982,1757.8212341165963,0.0,0.636347022080061,0.410527940691833,9.974087216247118e-05,66.25,26.49999999999997,0.1556740372444937,2,50:heatwave:semiwild|60:funding_collapse|62:wildfire:semiwild|97:funding_collapse,0.013623006671464634,0.058060247724849606,0.16155156765905648,0.018706568025689766,1.595853954599539e-05,0.001057455120890734,6.320689684571929e-05,977dd12f68fa358c,5,negative_engagement,"{""engagement_coefficient"": -0.18}"
S4,state_dependent_rule,False,700501,0.625,0.375,5,3,256,38,3,1.0,1.0,41.0,205.90450133902922,0.6361856028457955,2.6223289075173306,0.06390234984839559,0.9360976501516044,230,0,0,8681.00779090426,8681.00779090426,2893.669263634753,0.0,0.27121634047960747,0.2428562957907807,0.0003913215553299137,143.75,57.500000000000036,0.10380686333823316,0,58:funding_collapse|62:funding_collapse|75:funding_collapse|86:wildfire:alternative|93:flood:reserve,0.010980954918636985,0.07676750403091326,0.05430201882048724,0.01142957216719951,6.26114488527862e-05,0.0007456252720901154,0.00022356152278459575,977dd12f68fa358c,5,negative_engagement,"{""engagement_coefficient"": -0.18}"
S6,rule,False,700501,0.75,0.625,6,5,700,700,1,0.3333333333333333,1.0,30.0,548.0042537339249,0.7678712509520086,5.240914157704436,0.00031718625511248,0.9996828137448875,0,0,0,9913.26654113596,9913.266541135963,1982.653308227192,1.0110555963151426,0.788547066727562,0.421214981234483,2.6109660574412533e-05,0.0,0.0,0.043505664923412346,2,58:funding_collapse|62:funding_collapse|75:funding_collapse|86:wildfire:alternative|93:flood:reserve,0.01600000000000001,0.04504587013230496,0.0,0.0,4.177545691906005e-06,0.001078701369994391,0.0,977dd12f68fa358c,5,negative_engagement,"{""engagement_coefficient"": -0.18}"
S7,forward_rollout_proxy,False,700501,0.5,0.5,4,4,396,386,1,0.3333333333333333,1.0,25.0,260.5609787030028,0.6193902740532711,3.176381109475326,0.0015112994690072315,0.9984887005309928,74,0,0,8916.574024197242,8916.574024197242,2229.1435060493104,0.0,0.4384485649908274,0.326900582837534,0.00019416347980520004,73.0,29.19999999999998,0.1314595762184896,2,58:funding_collapse|62:funding_collapse|75:funding_collapse|86:wildfire:alternative|93:flood:reserve,0.013883647960203131,0.06299228498638845,0.11498975092664557,0.00663694779049405,3.1066156768832e-05,0.0005748261422972608,8.282634649485577e-05,977dd12f68fa358c,5,negative_engagement,"{""engagement_coefficient"": -0.18}"
S4,state_dependent_rule,False,700502,0.5,0.25,4,2,263,9,1,0.3333333333333333,1.0,20.0,146.25573572506784,0.6213706449509331,4.314375563164763,0.0011833750960690325,0.998816624903931,113,0,0,8726.649469909598,8726.649469909598,4363.324734954799,0.0,0.24412435250744546,0.1984192858181019,0.0003930091924359059,125.0,50.00000000000005,0.09181547467854859,2,6:wildfire:reserve|45:wildfire:reserve|63:flood:semiwild|93:flood:alternative,0.008007000396664602,0.07761310429554555,0.03900369239523658,0.007762538255899717,6.288147078974493e-05,0.0007303493535868464,0.00031635117728170026,977dd12f68fa358c,5,negative_engagement,"{""engagement_coefficient"": -0.18}"
S6,rule,False,700502,0.875,0.625,7,5,539,539,1,0.3333333333333333,1.0,14.0,532.2599382340483,0.7679030925602389,5.7877533328505715,0.0008473695199267284,0.9991526304800733,0,0,0,9863.551710423739,9863.55171042374,1972.7103420847477,0.9478654276920921,0.8542265743139232,0.4344179907748701,0.00010761116401728811,0.0,0.0,0.04933900007486043,2,6:wildfire:reserve|45:wildfire:reserve|63:flood:semiwild|93:flood:alternative,0.01600000000000001,0.04503518246002049,0.0,0.0,1.72177862427661e-05,0.0010445071934977288,0.0,977dd12f68fa358c,5,negative_engagement,"{""engagement_coefficient"": -0.18}"
S7,forward_rollout_proxy,False,700502,0.5,0.5,4,4,415,351,0,0.0,0.0,,216.7103279219373,0.7256944710299558,2.3284349552958665,0.06789741941467647,0.9321025805853236,90,0,0,9359.309959933202,9359.309959933202,2339.8274899833004,0.44855416438558976,0.4380440006442899,0.32036791031264467,0.00016806879072992596,67.0,26.800000000000004,0.14139580347628494,3,6:wildfire:reserve|45:wildfire:reserve|63:flood:semiwild|93:flood:alternative,0.015836813681740586,0.06852498827549326,0.0009101214653188866,0.0005730162041433361,2.689100651678815e-05,0.0008503812820102268,0.00014167120621962014,977dd12f68fa358c,5,negative_engagement,"{""engagement_coefficient"": -0.18}"
S4,state_dependent_rule,False,700503,0.75,0.25,6,2,486,150,1,0.3333333333333333,1.0,28.0,212.02543799712524,0.6351751372913155,4.506138550748243,0.002483935815744711,0.9975160641842553,195,0,0,8759.299922354257,8759.299922354257,4379.649961177129,0.0,0.4792121846168189,0.22849099557698313,0.0002469860517795699,144.5,57.80000000000004,0.11504195803909395,2,49:heatwave:origin,0.010671593787198248,0.07344288257428594,0.054834698166358636,0.0116553874059947,3.95177682847312e-05,0.0008057941849337975,0.00022231509211356735,977dd12f68fa358c,5,negative_engagement,"{""engagement_coefficient"": -0.18}"
S6,rule,False,700503,0.875,0.375,7,3,66,66,1,0.3333333333333333,1.0,33.0,335.660595200304,0.7437350502173813,2.459385974849892,0.008965333333333332,0.9910346666666666,0,0,0,9947.932024871045,9947.932024871046,3315.9773416236817,0.9564444516358249,0.8194390460684678,0.2833628939294112,0.00017687199524406752,0.0,0.0,0.0403756478703274,2,49:heatwave:origin,0.01600000000000001,0.06938185538383275,0.0,0.0,2.82995192390508e-05,0.000854794879547032,0.0,977dd12f68fa358c,5,negative_engagement,"{""engagement_coefficient"": -0.18}"
S7,forward_rollout_proxy,False,700503,0.75,0.75,6,6,857,857,1,0.3333333333333333,1.0,14.0,257.26321404911414,0.5632395398198227,3.0429519855750615,0.002672550781790894,0.9973274492182091,73,0,0,8988.086373389116,8988.086373389116,1498.0143955648527,0.0,0.6254662943490095,0.4685182918397803,0.00044743421780177366,53.75,21.499999999999993,0.1902107127456435,2,49:heatwave:origin,0.01380082803042817,0.05712792758354467,0.1688384212071875,0.01408213545252087,7.158947484828379e-05,0.0008568218417704339,6.003397014960478e-05,977dd12f68fa358c,5,negative_engagement,"{""engagement_coefficient"": -0.18}"
S4,state_dependent_rule,False,700504,0.375,0.25,3,2,227,0,0,0.0,0.0,,155.5515495378757,0.622492461741969,2.8565733658756916,0.005587277238733849,0.9944127227612661,94,0,0,8757.065876922548,8757.065876922548,4378.532938461274,0.0,0.12631986261950023,0.17103168598953042,0.0002248024403945363,118.5,47.40000000000002,0.0866698303441174,3,26:heatwave:reserve|33:flood:alternative|37:heatwave:reserve|38:funding_collapse|58:flood:alternative|94:funding_collapse|97:wildfire:origin|98:wildfire:origin,0.008204440084366825,0.0798869604001752,0.04166621770515578,0.005687510740736787,3.59683904631258e-05,0.000696667244845399,0.00034169988881584845,977dd12f68fa358c,5,negative_engagement,"{""engagement_coefficient"": -0.18}"
S6,rule,False,700504,0.75,0.75,6,6,249,249,0,0.0,0.0,,575.4334066501378,0.7627641399714185,4.926402248457135,0.0,1.0,0,0,0,9713.990875794245,9713.990875794245,1618.9984792990408,0.8070042400613608,0.7192601047399346,0.4680421668693894,0.00012264418590305872,0.0,0.0,0.0467606695541225,3,26:heatwave:reserve|33:flood:alternative|37:heatwave:reserve|38:funding_collapse|58:flood:alternative|94:funding_collapse|97:wildfire:origin|98:wildfire:origin,0.01600000000000001,0.05025537624114259,0.0,0.0,1.9623069744489394e-05,0.0009608607176946431,0.0,977dd12f68fa358c,5,negative_engagement,"{""engagement_coefficient"": -0.18}"
S7,forward_rollout_proxy,False,700504,0.5,0.25,4,2,154,0,0,0.0,0.0,,195.29459193459905,0.6644226449285193,2.8835045917101016,0.0017359337490511454,0.9982640662509489,49,0,0,8995.1578468033,8995.1578468033,4497.57892340165,0.0,0.2729299530344836,0.1905283114554185,7.690303269214065e-05,57.5,22.999999999999986,0.10950135117434541,3,26:heatwave:reserve|33:flood:alternative|37:heatwave:reserve|38:funding_collapse|58:flood:alternative|94:funding_collapse|97:wildfire:origin|98:wildfire:origin,0.010803978857145256,0.07871354444458017,0.024363391917292615,0.003137115768769159,1.2304485230742505e-05,0.0006626518720501718,0.0001768604346977608,977dd12f68fa358c,5,negative_engagement,"{""engagement_coefficient"": -0.18}"
S4,state_dependent_rule,False,700505,0.5,0.25,4,2,138,44,1,0.3333333333333333,1.0,31.0,152.24821514504464,0.6351573864991527,2.9755368064979253,0.006040264341061961,0.993959735658938,165,0,0,8709.14529927399,8709.14529927399,4354.572649636995,0.0,0.3733080953777594,0.20084513698419282,0.0005554144615406485,115.75,46.300000000000054,0.10629479690718804,2,90:wildfire:reserve|100:funding_collapse,0.0114236699442488,0.0728204279284574,0.054284609962725744,0.019985357851155804,8.886631384650377e-05,0.0011864620514754809,0.00023215924443823632,977dd12f68fa358c,5,negative_engagement,"{""engagement_coefficient"": -0.18}"
S6,rule,False,700505,0.625,0.625,5,5,610,610,0,0.0,0.0,,523.8104688831982,0.7692902731220695,5.307289638131313,8.917239686029557e-05,0.9999108276031397,0,0,0,9973.843200249656,9973.84320024966,1994.768640049931,1.0328257118897979,0.8379117108416181,0.4266397181061915,0.0005356109889226067,0.0,0.0,0.04262825320358288,3,90:wildfire:reserve|100:funding_collapse,0.01600000000000001,0.04357219302934477,0.0,0.0,8.569775822761708e-05,0.0010518360903578057,0.0,977dd12f68fa358c,5,negative_engagement,"{""engagement_coefficient"": -0.18}"
S7,forward_rollout_proxy,False,700505,0.5,0.5,4,4,463,461,0,0.0,0.0,,246.68385338516592,0.6523886589316307,3.5940075364258344,0.00035655294104555447,0.9996434470589545,68,0,0,9019.559547092875,9019.559547092875,2254.8898867732187,0.0,0.5462855776104434,0.34475340773248464,0.0005647204820986103,57.5,22.999999999999993,0.1459238730359097,3,90:wildfire:reserve|100:funding_collapse,0.014431696283275466,0.059355040585506995,0.07590585480290324,0.014583915994758636,9.035527713577766e-05,0.0010926142905396251,7.458752730650687e-05,977dd12f68fa358c,5,negative_engagement,"{""engagement_coefficient"": -0.18}"
S4,state_dependent_rule,False,700506,0.5,0.25,4,2,247,108,1,0.3333333333333333,1.0,17.0,166.08452705909306,0.6543563293243824,3.8138248528902734,0.0033038868475479175,0.9966961131524521,173,0,0,8724.844247645105,8724.844247645105,4362.422123822553,0.0,0.39298183633715206,0.21068389411037566,0.0004861402967608788,130.25,52.10000000000006,0.10373730973878857,2,10:funding_collapse|40:heatwave:alternative,0.011924766030677034,0.07659277984135426,0.047288161473011375,0.008936279714654893,7.778244748174062e-05,0.0006689161800168755,0.0002474298376591418,977dd12f68fa358c,5,negative_engagement,"{""engagement_coefficient"": -0.18}"
S6,rule,False,700506,0.75,0.625,6,5,535,535,1,0.3333333333333333,1.0,20.0,496.8051902135826,0.7686336194863094,4.404931758684249,0.010193941438836134,0.9898060585611639,0,0,0,9928.993298506426,9928.993298506428,1985.7986597012853,1.0072773949349558,0.9097695932457288,0.42505868081710996,0.00044003255962535846,0.0,0.0,0.04391201952847276,2,10:funding_collapse|40:heatwave:alternative,0.01600000000000001,0.04431331993406741,0.0,0.0,7.040520954005736e-05,0.0009826553700830465,0.0,977dd12f68fa358c,5,negative_engagement,"{""engagement_coefficient"": -0.18}"
S7,forward_rollout_proxy,False,700506,0.5,0.5,4,4,670,670,1,0.3333333333333333,1.0,31.0,234.19868545200342,0.5940531815756526,3.8941391169935766,0.0016155528448898446,0.9983844471551102,14,0,0,9107.901235860218,9107.90123586022,2276.9753089650544,0.0,0.5711103927251817,0.34866999575131774,0.00043335964602276964,44.75,17.90000000000001,0.13808782654431911,2,10:funding_collapse|40:heatwave:alternative,0.01417005597309583,0.057460013801684834,0.1351213975692048,0.0182748293673171,6.933754336364313e-05,0.0011175849266865266,5.9520771091429334e-05,977dd12f68fa358c,5,negative_engagement,"{""engagement_coefficient"": -0.18}"
S4,state_dependent_rule,False,700507,0.5,0.5,4,4,455,243,1,0.3333333333333333,1.0,17.0,211.11106786239176,0.6245350520821052,3.3107391617094155,0.005496890992817407,0.9945031090071826,163,0,0,8706.065471581602,8706.065471581604,2176.5163678954004,0.0,0.27009576025610965,0.30877378701234626,0.0005088902572869822,140.5,56.20000000000004,0.11828409684820544,2,3:wildfire:alternative|42:heatwave:semiwild|57:wildfire:alternative|72:flood:alternative|75:wildfire:origin|89:funding_collapse|93:funding_collapse|95:wildfire:semiwild,0.012294595795607537,0.0760637744746939,0.07286258863503627,0.01621822448019192,8.142244116591717e-05,0.0009410794198751652,0.00021760089953840053,977dd12f68fa358c,5,negative_engagement,"{""engagement_coefficient"": -0.18}"
S6,rule,False,700507,0.75,0.25,6,2,16,16,0,0.0,0.0,,435.1708845572773,0.7497790629544856,2.393939393939394,0.003644444444444444,0.9963555555555555,0,0,0,9719.46304644669,9719.463046446692,4859.731523223345,0.7875902841262824,0.707649206170716,0.21593681320758273,0.00029611228604413674,0.0,0.0,0.04366249325558594,3,3:wildfire:alternative|42:heatwave:semiwild|57:wildfire:alternative|72:flood:alternative|75:wildfire:origin|89:funding_collapse|93:funding_collapse|95:wildfire:semiwild,0.01600000000000001,0.06313777628154109,0.0,0.0,4.737796576706188e-05,0.0010357827982064225,0.0,977dd12f68fa358c,5,negative_engagement,"{""engagement_coefficient"": -0.18}"
S7,forward_rollout_proxy,False,700507,0.625,0.625,5,5,722,719,0,0.0,0.0,,247.46497003248152,0.5776602577722063,3.31155003144803,0.004391196657812281,0.9956088033421877,52,0,0,8871.277683959412,8871.27768395941,1774.2555367918824,0.0,0.37612796698703493,0.38410926733546363,0.0007966116978330585,61.75,24.699999999999985,0.16065485161139914,3,3:wildfire:alternative|42:heatwave:semiwild|57:wildfire:alternative|72:flood:alternative|75:wildfire:origin|89:funding_collapse|93:funding_collapse|95:wildfire:semiwild,0.013892313291560123,0.059230225757775395,0.14977445730346406,0.01720601536668665,0.00012745787165328935,0.000996842557512733,7.625465003750671e-05,977dd12f68fa358c,5,negative_engagement,"{""engagement_coefficient"": -0.18}"
S4,state_dependent_rule,False,700508,0.5,0.25,4,2,268,89,1,0.3333333333333333,1.0,9.0,127.75872878544149,0.6067299560771559,2.7050857644272956,0.04533394085552507,0.9546660591444749,89,0,0,8628.732436909959,8628.732436909959,4314.366218454979,0.0,0.2893799253662104,0.18660215740546543,0.0001020408163265306,122.75,49.10000000000007,0.09056653612285709,2,2:heatwave:semiwild|3:funding_collapse|14:flood:origin|46:wildfire:reserve|69:wildfire:reserve|84:flood:reserve|89:flood:reserve,0.008505121926564455,0.08103199368783179,0.049521336667733236,0.015823290001910732,1.63265306122449e-05,0.0008353260826153755,0.00037412411551409003,977dd12f68fa358c,5,negative_engagement,"{""engagement_coefficient"": -0.18}"
S6,rule,False,700508,0.625,0.375,5,3,197,197,2,0.6666666666666666,1.0,16.0,238.03999082020945,0.7400923722267243,3.973163445881522,0.0,1.0,0,0,0,9785.378415951061,9785.378415951061,3261.7928053170203,0.7714253519980717,0.5628488739312233,0.2715110879227156,0.00017353389842103664,0.0,0.0,0.0337228303538901,1,2:heatwave:semiwild|3:funding_collapse|14:flood:origin|46:wildfire:reserve|69:wildfire:reserve|84:flood:reserve|89:flood:reserve,0.01600000000000001,0.07315049679255038,0.0,0.0,2.7765423747365863e-05,0.0007293655569780254,0.0,977dd12f68fa358c,5,negative_engagement,"{""engagement_coefficient"": -0.18}"
S7,forward_rollout_proxy,False,700508,0.375,0.25,3,2,351,351,1,0.3333333333333333,1.0,20.0,137.66446477252185,0.6883871445208295,1.9927596423909772,0.010027587591080786,0.9899724124089192,87,0,0,8718.504441527595,8718.504441527595,4359.252220763798,0.0,0.34895962198429004,0.18935700795974247,0.0001734324499030381,60.0,23.99999999999999,0.11016724668701856,2,2:heatwave:semiwild|3:funding_collapse|14:flood:origin|46:wildfire:reserve|69:wildfire:reserve|84:flood:reserve|89:flood:reserve,0.014721457041983355,0.06885429182488738,0.01921496606036337,0.013676559405356259,2.7749191984486107e-05,0.0008914641536663594,0.0002263405001643211,977dd12f68fa358c,5,negative_engagement,"{""engagement_coefficient"": -0.18}"
S4,state_dependent_rule,False,700509,0.5,0.25,4,2,191,60,2,0.6666666666666666,1.0,22.0,124.72536807613498,0.6478362800940125,2.5291324312907926,0.049898227418269527,0.9501017725817305,157,0,0,8667.656080223434,8667.656080223434,4333.828040111717,0.0,0.35322917235443435,0.19397467924781536,0.0005554208117351439,126.0,50.40000000000004,0.10430218849731993,1,67:heatwave:reserve|69:funding_collapse|95:flood:semiwild,0.011506091817286117,0.07756008874185312,0.03854972951138234,0.012330911213250861,8.886732987762302e-05,0.0010588041749625937,0.00037281356557185904,977dd12f68fa358c,5,negative_engagement,"{""engagement_coefficient"": -0.18}"
S6,rule,False,700509,0.875,0.5,7,4,563,563,1,0.3333333333333333,1.0,13.0,513.0716148022278,0.7691687859876355,4.914167797768629,0.0,1.0,0,0,0,9952.318484757585,9952.318484757587,2488.079621189396,0.9995267080138482,0.882141597171988,0.3713502259866367,0.0001575629119997956,0.0,0.0,0.04497194145875802,2,67:heatwave:reserve|69:funding_collapse|95:flood:semiwild,0.01600000000000001,0.04373591405679131,0.0,0.0,2.5210065919967294e-05,0.0010700898896537313,0.0,977dd12f68fa358c,5,negative_engagement,"{""engagement_coefficient"": -0.18}"
S7,forward_rollout_proxy,False,700509,0.625,0.5,5,4,534,534,2,0.6666666666666666,1.0,18.0,226.14507864267023,0.6759425379984166,2.6040739269308144,0.004534308468667889,0.9954656915313321,162,0,0,8951.12692091783,8951.12692091783,2237.7817302294575,0.014894851150480842,0.5229907145210251,0.3355796863915209,0.00017209801692560312,81.25,32.499999999999964,0.1611993783505513,1,67:heatwave:reserve|69:funding_collapse|95:flood:semiwild,0.014857429274273906,0.06644913310320498,0.04878790426886022,0.009565909923936203,2.7535682708096503e-05,0.0010213810046494733,0.0001368076805429597,977dd12f68fa358c,5,negative_engagement,"{""engagement_coefficient"": -0.18}"
S4,state_dependent_rule,False,700510,0.5,0.375,4,3,201,0,1,0.3333333333333333,1.0,13.0,154.8541648462745,0.6041777654341712,2.43159946398437,0.0064097835121698895,0.9935902164878301,74,0,0,8599.848871868724,8599.848871868724,2866.616290622908,0.0,0.22120274426627415,0.2361399642698438,0.0010547315028711834,114.5,45.800000000000054,0.1047684760168634,2,5:heatwave:semiwild|10:funding_collapse|36:flood:reserve|47:wildfire:alternative|83:flood:alternative,0.0071588111730622895,0.07877549889537538,0.05441751018551578,0.006286771687654037,0.00016875704045938938,0.0006437000966213741,0.00028217373628343985,977dd12f68fa358c,5,negative_engagement,"{""engagement_coefficient"": -0.18}"
S6,rule,False,700510,0.75,0.75,6,6,595,595,0,0.0,0.0,,530.5476474484841,0.7677240764042623,4.311654590464956,0.0,1.0,0,0,0,9886.437847938849,9886.437847938852,1647.7396413231415,0.9640745405307151,0.9080333308625717,0.4811341152542595,0.00040268559169768847,0.0,0.0,0.04857118131676377,3,5:heatwave:semiwild|10:funding_collapse|36:flood:reserve|47:wildfire:alternative|83:flood:alternative,0.01600000000000001,0.04517334445678241,0.0,0.0,6.442969467163016e-05,0.0010381494442834283,0.0,977dd12f68fa358c,5,negative_engagement,"{""engagement_coefficient"": -0.18}"
S7,forward_rollout_proxy,False,700510,0.625,0.125,5,1,172,4,0,0.0,0.0,,169.83815826737415,0.6738181490948562,2.8761423293797392,0.002637207290877845,0.9973627927091222,105,0,0,9032.062098295115,9032.062098295115,9032.062098295115,0.0,0.3978533129081989,0.1483117577510215,0.0013819010410170557,76.0,30.39999999999997,0.1175750158320211,3,5:heatwave:semiwild|10:funding_collapse|36:flood:reserve|47:wildfire:alternative|83:flood:alternative,0.01118406594904497,0.07890016562442623,0.009564067493443231,0.0055518622692749256,0.00022110416656272896,0.0008625405359543876,0.00038388351334069944,977dd12f68fa358c,5,negative_engagement,"{""engagement_coefficient"": -0.18}"
S4,state_dependent_rule,False,700511,0.625,0.25,5,2,171,94,0,0.0,0.0,,155.74758797732656,0.6642551148496716,2.431176729577701,0.011700914085037019,0.988299085914963,188,0,0,8706.388286211026,8706.388286211026,4353.194143105513,0.0,0.36926414684725334,0.19382160284624045,0.00029739308818538745,126.5,50.600000000000044,0.10041710432869036,3,8:flood:semiwild|25:funding_collapse|29:wildfire:semiwild|40:heatwave:origin|45:funding_collapse|96:wildfire:alternative,0.011635443955127427,0.07889173921820594,0.031225473813213844,0.00911373592523682,4.7582894109662e-05,0.0007229913694948328,0.0003243014765450425,977dd12f68fa358c,5,negative_engagement,"{""engagement_coefficient"": -0.18}"
S6,rule,False,700511,0.75,0.0,6,0,0,0,0,0.0,0.0,,213.40973199096499,0.72539717642039,0.0,,,0,0,0,9851.588296202988,9851.588296202988,9851.588296202988,0.9132304135289339,0.7099842260773809,0.07766972670046027,0.0002760845748509211,0.0,0.0,0.033356520463610866,3,8:flood:semiwild|25:funding_collapse|29:wildfire:semiwild|40:heatwave:origin|45:funding_collapse|96:wildfire:alternative,0.01584000000000001,0.07950949105643029,0.0,0.0,4.4173531976147384e-05,0.0009091589912033431,0.0,977dd12f68fa358c,5,negative_engagement,"{""engagement_coefficient"": -0.18}"
S7,forward_rollout_proxy,False,700511,0.625,0.5,5,4,590,590,1,0.3333333333333333,1.0,55.0,224.42682466251202,0.5918334336717029,2.848169503868716,0.0012275628109640092,0.998772437189036,62,0,0,8890.644079816866,8890.644079816866,2222.6610199542165,0.0,0.5128225474435908,0.3318700007044066,0.0001277082251634039,42.5,17.0,0.13553025460680151,2,8:flood:semiwild|25:funding_collapse|29:wildfire:semiwild|40:heatwave:origin|45:funding_collapse|96:wildfire:alternative,0.01368610769205026,0.05873683488039952,0.13267463095341395,0.018915689179339425,2.0433316026144627e-05,0.0011416047803258066,7.940126549941861e-05,977dd12f68fa358c,5,negative_engagement,"{""engagement_coefficient"": -0.18}"
