scenario,replicate,overrides,policy,engine,oracle,seed,survival_50,survival_100,species_retained_50,species_retained_100,total_abundance,wild_abundance,n_ebd,fraction_ebd,p_ebd,mean_time_to_ebd,lifetime_welfare,mean_individual_welfare,founder_effective,mean_inbreeding,heterozygosity_proxy,successful_reintroductions,refuge_moves,origin_returns,cost,available_budget,cost_per_species_retained,engagement,habitat_integrity,future_option_value,disease_prevalence,quarantine_cost,relocation_burden,biobank_coverage,discovered_latent,events,welfare_burden_predation,welfare_burden_food_insecurity,welfare_burden_crowding,welfare_burden_restriction,welfare_burden_infection,welfare_burden_habituation,welfare_burden_relocation,config_hash
base,0,{},S7,forward_rollout_proxy,False,950000,0.625,0.25,5,2,76,31,0,0.0,0.0,,204.19499815011022,0.6958704334808994,1.8847858197932053,0.010007996355279998,0.98999200364472,156,0,0,11168.519354447859,11168.51935444786,5584.259677223929,1.5,0.4234377363227953,0.19847986372472864,0.0004307182731584879,98.75,39.50000000000004,0.12394115947258537,3,24:funding_collapse|31:funding_collapse|42:heatwave:reserve|48:wildfire:reserve|59:heatwave:alternative|79:flood:reserve,0.01292904089596333,0.07768987650068475,0.009586899064481836,0.003353368705598309,6.891492370535806e-05,0.0006790567785953799,0.0003558816073471985,44136fa355b3678a
base,1,{},S7,forward_rollout_proxy,False,950001,0.375,0.375,3,3,37,10,1,0.3333333333333333,1.0,29.0,165.78814546040743,0.5928674817673146,2.1095406360424027,0.005778685445918901,0.9942213145540811,86,0,0,11130.094205597557,11130.094205597557,3710.0314018658523,1.5,0.3567779952195013,0.2488336285661093,0.00031740951035088205,73.25,29.300000000000015,0.1165521134186756,2,15:flood:origin|16:heatwave:semiwild|49:flood:alternative|53:heatwave:reserve|58:funding_collapse|61:heatwave:origin|73:heatwave:semiwild|82:flood:reserve|86:flood:origin|90:wildfire:alternative|92:funding_collapse|96:funding_collapse,0.012696812394370531,0.0724613087228803,0.10025738380990086,0.026268880054454834,5.078552165614113e-05,0.0012535698287289379,0.0002495222278905864,44136fa355b3678a
base,2,{},S7,forward_rollout_proxy,False,950002,0.75,0.5,6,4,895,895,0,0.0,0.0,,324.6430760091354,0.6041767159396882,3.9111206634768454,0.015655109022952415,0.9843448909770476,54,0,0,11161.51144035965,11161.51144035965,2790.3778600899127,1.5,0.6497878854031739,0.35830108216426876,0.0005017955978406137,74.25,29.700000000000024,0.14605543494591455,3,47:funding_collapse|85:heatwave:alternative|96:funding_collapse,0.014109844446139599,0.04997544276063229,0.13025115018414185,0.018005086092470347,8.028729565449818e-05,0.0010614202031554725,6.595514687022098e-05,44136fa355b3678a
base,3,{},S7,forward_rollout_proxy,False,950003,0.625,0.375,5,3,464,452,2,0.6666666666666666,1.0,20.5,240.57985482403316,0.7348289960457167,3.0442229074595986,0.0056484465671703885,0.9943515534328297,98,0,0,11141.354229314436,11141.354229314438,3713.784743104812,1.5,0.6718152699856709,0.2925128915555692,2.564102564102564e-05,58.5,23.40000000000001,0.1306956774120304,1,6:flood:reserve|70:funding_collapse,0.015759796715852748,0.06082195790628947,0.0008348360844945959,0.0006062470548805497,4.102564102564103e-06,0.0008536725400916709,0.00013792265671703943,44136fa355b3678a
base,4,{},S7,forward_rollout_proxy,False,950004,0.5,0.375,4,3,252,249,0,0.0,0.0,,214.53722084182235,0.7335366364008051,3.160293462182977,0.004346313291504132,0.9956536867084959,96,0,0,11157.742614520595,11157.742614520595,3719.2475381735317,1.5,0.5802904657116961,0.2846689002489815,0.0004313430210858416,84.0,33.600000000000044,0.1314345952799103,3,21:funding_collapse|34:heatwave:reserve|48:funding_collapse|88:heatwave:alternative,0.01632112917740798,0.06685893932315759,0.0007920623725595722,0.0012027934472339109,6.901488337373465e-05,0.0009486269762769793,0.00016804705826980817,44136fa355b3678a
base,5,{},S7,forward_rollout_proxy,False,950005,0.5,0.5,4,4,799,799,2,0.6666666666666666,1.0,19.0,304.58983205135127,0.7429405852359373,3.4917872836852384,0.008828417540717552,0.9911715824592825,27,0,0,11166.480410802395,11166.480410802396,2791.6201027005986,1.5,0.6012116472411891,0.34553560469230954,0.00024073410280306832,47.5,19.000000000000004,0.12748283565669094,1,3:heatwave:reserve|5:flood:semiwild|99:flood:reserve,0.016603746418254867,0.05887333947508695,0.00010024981128155186,0.0001435019687565756,3.851745644849093e-05,0.000924520402203867,8.412572898357317e-05,44136fa355b3678a
base,6,{},S7,forward_rollout_proxy,False,950006,0.375,0.125,3,1,256,144,1,0.3333333333333333,1.0,15.0,130.27792819262916,0.6503069052383236,1.9795807406512416,0.01276370355430281,0.9872362964456972,120,0,0,11142.127424962815,11142.127424962815,11142.127424962815,1.5,0.4379518158048797,0.1365752938309349,0.001205607207155485,67.5,27.00000000000003,0.08367152421967254,2,1:heatwave:semiwild|2:heatwave:alternative|25:wildfire:reserve|33:heatwave:origin|34:funding_collapse|36:wildfire:origin|99:heatwave:reserve,0.009231093320514767,0.07484987441880629,0.010898200504267399,0.009962054381111972,0.00019289715314487762,0.0011934163683176495,0.0005663329620658483,44136fa355b3678a
base,7,{},S7,forward_rollout_proxy,False,950007,0.625,0.625,5,5,652,652,1,0.3333333333333333,1.0,37.0,264.96871827053013,0.5275506596430956,3.34654660899417,0.005508113362243047,0.994491886637757,95,0,0,11099.935843964175,11099.935843964176,2219.987168792835,1.5,0.425554376564694,0.39103534794397665,0.0002460373907742329,55.75,22.300000000000004,0.16882222098782762,2,39:flood:origin|43:wildfire:origin|59:funding_collapse|66:funding_collapse|72:funding_collapse|88:wildfire:reserve|99:funding_collapse|99:wildfire:alternative|100:wildfire:reserve,0.013591841391187097,0.052718741502334306,0.20669998342251852,0.014895227787739227,3.936598252387727e-05,0.0009334219984347477,6.214186654659511e-05,44136fa355b3678a
base,8,{},S7,forward_rollout_proxy,False,950008,0.5,0.5,4,4,784,784,0,0.0,0.0,,267.50564559848056,0.5895070450964195,4.56815638534651,0.0002489548388166449,0.9997510451611834,17,0,0,11126.510337749001,11126.510337749001,2781.6275844372503,1.5,0.6055011880422249,0.3597046091545038,0.00018194902824371793,57.0,22.800000000000008,0.14236463248408104,3,2:heatwave:alternative|68:funding_collapse|74:heatwave:origin|99:flood:origin,0.014121025273249146,0.049437932644384786,0.14951092059006607,0.016359692132682516,2.9111844518994873e-05,0.0011101526370354735,6.30369009368338e-05,44136fa355b3678a
base,9,{},S7,forward_rollout_proxy,False,950009,0.625,0.5,5,4,984,984,1,0.3333333333333333,1.0,25.0,306.87767944763516,0.6921049108435454,3.1645799994365404,0.06628232148679553,0.9337176785132044,78,0,0,11125.945612846494,11125.945612846495,2781.4864032116234,1.5,0.6228971177308099,0.34774294023816765,0.00040821335230331894,46.5,18.6,0.14403714235360596,2,12:flood:reserve|31:funding_collapse|46:wildfire:origin|49:funding_collapse|49:wildfire:origin,0.015132992654525713,0.06306781716392926,0.04177252709896154,0.0042917374673962835,6.531413636853103e-05,0.0009125306059747222,0.00010024569920162858,44136fa355b3678a
base,10,{},S7,forward_rollout_proxy,False,950010,0.5,0.5,4,4,968,912,1,0.3333333333333333,1.0,16.0,251.8574461466197,0.5202046264859698,2.965168125295004,0.006658501098634707,0.9933414989013652,115,0,0,11239.141460801759,11239.141460801759,2809.7853652004396,1.5,0.6869469905415513,0.35079580691754075,0.00023707990337363185,53.0,21.200000000000014,0.13724713305217778,2,2:heatwave:origin|42:wildfire:semiwild|83:funding_collapse,0.012328540262730791,0.0455323378562022,0.19712114654385487,0.02922665837253924,3.79327845397811e-05,0.0011819586161838285,0.00010705728695366862,44136fa355b3678a
base,11,{},S7,forward_rollout_proxy,False,950011,0.5,0.375,4,3,810,810,1,0.3333333333333333,1.0,10.0,227.9144590476506,0.5767602415998838,2.923683258668658,0.0010442975156565607,0.9989557024843434,139,0,0,11236.729656082753,11236.729656082753,3745.576552027584,1.5,0.6184215990736994,0.28471590060094876,0.0005090092442199268,72.5,29.000000000000018,0.12443454053446104,2,1:wildfire:origin|8:heatwave:semiwild|19:funding_collapse|37:heatwave:reserve|58:funding_collapse|60:heatwave:semiwild|72:flood:origin|82:flood:semiwild|96:heatwave:origin,0.012871512767756856,0.06263342789924158,0.14489816502483033,0.011004599667907605,8.144147907518829e-05,0.000552849093001765,0.00012896809028239913,44136fa355b3678a
base,12,{},S7,forward_rollout_proxy,False,950012,0.5,0.5,4,4,696,696,2,0.6666666666666666,1.0,16.0,199.67050468074729,0.5457824408957316,3.135823925136254,0.0005630242807296528,0.9994369757192704,37,0,0,11159.18914772403,11159.189147724031,2789.7972869310074,1.5,0.6515791073410456,0.34845695836236856,0.000851756208311959,36.25,14.499999999999993,0.13470404188450744,1,7:heatwave:origin|26:funding_collapse|62:heatwave:alternative|71:funding_collapse|74:funding_collapse|78:wildfire:semiwild,0.01287334405312053,0.045516566803137704,0.19555521312635768,0.01286870698513457,0.00013628099332991348,0.0006579349169727139,0.00011484765861245218,44136fa355b3678a
base,13,{},S7,forward_rollout_proxy,False,950013,0.625,0.625,5,5,914,914,0,0.0,0.0,,286.69265747169925,0.5612861553595829,4.07071793247294,0.00039132070431682574,0.9996086792956832,42,0,0,11087.801577860664,11087.801577860664,2217.560315572133,1.5,0.7031963519385153,0.4270623479420738,0.00025139927816380863,74.25,29.70000000000002,0.17392766711746444,3,18:funding_collapse|27:heatwave:alternative|55:funding_collapse|64:wildfire:semiwild|91:funding_collapse|100:funding_collapse,0.013858489200976883,0.0486515373520796,0.17511777320591038,0.017906214890615214,4.022388450620938e-05,0.0010835109437361376,7.032681560939891e-05,44136fa355b3678a
base,14,{},S7,forward_rollout_proxy,False,950014,0.375,0.375,3,3,704,704,0,0.0,0.0,,264.66924998781406,0.611364932686811,2.287263183745599,0.1458574853094676,0.8541425146905324,31,0,0,11159.119949677304,11159.119949677304,3719.7066498924346,1.5,0.6699999999999999,0.28298028534331965,0.0002557785088375342,48.0,19.2,0.12178826752931823,3,21:flood:origin|26:heatwave:semiwild|59:heatwave:semiwild|61:flood:origin|67:funding_collapse|67:flood:semiwild|93:flood:origin|100:funding_collapse,0.013768192600766924,0.04686407547470225,0.12688248430551194,0.01485448176996252,4.092456141400547e-05,0.0009011558154085062,9.2256871017508e-05,44136fa355b3678a
base,15,{},S7,forward_rollout_proxy,False,950015,0.5,0.5,4,4,980,980,1,0.3333333333333333,1.0,24.0,308.8142848186106,0.5958086405384837,4.170016843386474,0.001364692830776443,0.9986353071692236,29,0,0,11126.582592941666,11126.582592941666,2781.6456482354165,1.5,0.738324901118442,0.36810965040375254,0.00010966439232940675,58.0,23.200000000000006,0.13788495929021805,2,2:funding_collapse|6:wildfire:semiwild|68:funding_collapse|87:funding_collapse|89:wildfire:semiwild,0.014198023615921923,0.0482586067356594,0.14562570620835294,0.014601793368014147,1.754630277270508e-05,0.0010481915174970474,5.9568969531790866e-05,44136fa355b3678a
base,16,{},S7,forward_rollout_proxy,False,950016,0.625,0.625,5,5,1088,1088,1,0.3333333333333333,1.0,22.0,313.4160706059169,0.5697624537180145,5.081440174400157,0.0005584190693927978,0.9994415809306072,29,0,0,11152.75636150923,11152.75636150923,2230.551272301846,1.5,0.6306373742210855,0.42797970484633663,0.00033637290631068713,72.5,29.000000000000014,0.16425782840113223,2,12:wildfire:semiwild|46:funding_collapse|70:wildfire:semiwild|71:funding_collapse|88:heatwave:origin|89:flood:alternative,0.014169322278271071,0.051573776934837307,0.16964394593095655,0.013152816636860323,5.381966500970994e-05,0.0009829737101653675,6.0845654573722154e-05,44136fa355b3678a
base,17,{},S7,forward_rollout_proxy,False,950017,0.5,0.375,4,3,599,554,1,0.3333333333333333,1.0,9.0,267.7957130957713,0.7387430306284655,3.274753305057857,0.023772262704491297,0.9762277372955087,81,0,0,11162.668628636759,11162.66862863676,3720.8895428789197,1.5,0.4545322524619187,0.27234600791639446,0.00021332459797466393,64.25,25.70000000000001,0.1269762480981201,2,1:flood:semiwild|20:heatwave:reserve|39:flood:semiwild|42:flood:semiwild|70:heatwave:origin|83:funding_collapse|91:heatwave:reserve,0.01614624240618943,0.058734952544893006,0.0008547663628530458,0.0007103123162215945,3.4131935675946224e-05,0.0011143785001494959,0.00010764854934024336,44136fa355b3678a
base,18,{},S7,forward_rollout_proxy,False,950018,0.75,0.625,6,5,949,949,0,0.0,0.0,,301.71144038977303,0.576114285745032,3.7808934192891597,0.0007954893062223636,0.9992045106937776,79,0,0,11205.953571268841,11205.953571268841,2241.1907142537684,1.5,0.6808064174418108,0.4246860737616585,0.00047440925648376876,70.75,28.300000000000026,0.18773248912292906,3,11:funding_collapse|81:flood:origin,0.014002563304351758,0.05188999012819561,0.16405006840084144,0.012277398656738851,7.5905481037403e-05,0.0009160035721709802,6.713792480204944e-05,44136fa355b3678a
base,19,{},S7,forward_rollout_proxy,False,950019,0.75,0.75,6,6,940,940,0,0.0,0.0,,265.32419669680564,0.5736383059575765,2.3392096642581346,0.10141833407060719,0.8985816659293928,71,0,0,11199.932698573484,11199.932698573484,1866.6554497622474,1.5,0.6699999999999999,0.4655454026002736,0.0003661460266238538,61.25,24.50000000000002,0.18826652978846103,3,5:wildfire:semiwild|8:heatwave:semiwild|38:funding_collapse|47:heatwave:semiwild|92:wildfire:origin|98:flood:semiwild,0.013951129833751137,0.05210683325338742,0.16911186643731063,0.00937726321589615,5.858336425981658e-05,0.0007856831018934761,7.162827326695309e-05,44136fa355b3678a
base,20,{},S7,forward_rollout_proxy,False,950020,0.75,0.75,6,6,1024,1024,2,0.6666666666666666,1.0,21.5,222.2465691365368,0.39578675845871025,4.0954119953409185,0.0,1.0,11,0,0,11217.2057819795,11217.2057819795,1869.5342969965834,1.5,0.41542093719741935,0.45760639486526417,0.0003670803572035952,33.75,13.499999999999995,0.18805090596056512,1,16:funding_collapse|16:heatwave:origin|19:wildfire:alternative|47:heatwave:alternative|86:flood:semiwild|94:heatwave:alternative,0.012877689974384064,0.04441622103765158,0.3383574049253534,0.021168058524638565,5.873285715257522e-05,0.0009821379912091045,4.461029164644111e-05,44136fa355b3678a
base,21,{},S7,forward_rollout_proxy,False,950021,0.75,0.5,6,4,711,711,1,0.3333333333333333,1.0,29.0,264.22434725324234,0.6222625067794361,3.2027337734585535,0.06395702282863051,0.9360429771713695,43,0,0,11223.208167504628,11223.208167504628,2805.802041876157,1.5,0.6699999999999999,0.35677893694374474,0.00010899182561307902,47.5,19.0,0.16375799604579594,2,49:heatwave:semiwild|53:flood:origin|67:heatwave:origin|91:heatwave:semiwild,0.014081493580278864,0.05128666595594098,0.1256531886906486,0.00560502400726797,1.7438692098092644e-05,0.0007068789420647417,6.731472418347095e-05,44136fa355b3678a
base,22,{},S7,forward_rollout_proxy,False,950022,0.625,0.625,5,5,1200,1200,0,0.0,0.0,,324.6237631903685,0.6008111452930966,3.2902828879869928,0.0017909940143003376,0.9982090059856996,56,0,0,11194.028209123875,11194.028209123877,2238.805641824775,1.5,0.7397412590582682,0.42169793230740193,0.0003256379907836966,73.0,29.200000000000035,0.1678548876085259,3,20:funding_collapse,0.014325722937258653,0.050315341219751286,0.13531628198561474,0.016920037292754285,5.2102078525391454e-05,0.0010650739257247925,7.617889726499535e-05,44136fa355b3678a
base,23,{},S7,forward_rollout_proxy,False,950023,0.625,0.625,5,5,969,969,1,0.3333333333333333,1.0,22.0,336.894320053587,0.6029321464277774,4.357391475690884,0.0019516097760982703,0.9980483902239017,64,0,0,11189.501050172816,11189.501050172816,2237.9002100345633,1.5,0.6175334857898741,0.4187996642021902,0.00023931723018758927,71.75,28.70000000000003,0.1611120043314699,2,15:flood:semiwild|57:funding_collapse|97:heatwave:reserve,0.014393531876333618,0.05154318493743925,0.13693260151736994,0.01199293011598153,3.829075683001428e-05,0.0009541257407623423,6.840320778674965e-05,44136fa355b3678a
base,24,{},S7,forward_rollout_proxy,False,950024,0.25,0.125,2,1,133,32,1,0.3333333333333333,1.0,45.0,59.02375064414861,0.6118837861746663,1.9600000000000004,0.010798609818416509,0.9892013901815835,84,0,0,11119.918666455633,11119.918666455633,11119.918666455633,1.5,0.3078923697541107,0.11841261252567907,0.0011877571077183362,68.0,27.200000000000017,0.05886687775133996,2,1:flood:reserve|5:flood:origin|22:flood:alternative|24:heatwave:reserve|30:funding_collapse|55:funding_collapse|98:flood:reserve,0.005741185867459402,0.0775289125405208,0.027195086212966582,0.011656305818014903,0.0001900411372349338,0.0007524304799212681,0.0004928080874030553,44136fa355b3678a
base,25,{},S7,forward_rollout_proxy,False,950025,0.625,0.625,5,5,900,900,1,0.3333333333333333,1.0,40.0,248.60460320144358,0.5234973758099507,3.8854971855708755,0.0030045099265017215,0.9969954900734983,23,0,0,11089.28007879165,11089.28007879165,2217.8560157583297,1.5,0.6699999999999999,0.42015775960513946,0.000274494168896371,42.25,16.900000000000002,0.16526393874715345,2,38:funding_collapse|41:funding_collapse|44:heatwave:origin|72:funding_collapse|77:funding_collapse|82:heatwave:semiwild,0.013695597828453192,0.04569449530115697,0.21532206875735155,0.0184652918741125,4.391906702341936e-05,0.0010598369382572939,5.598442573229496e-05,44136fa355b3678a
base,26,{},S7,forward_rollout_proxy,False,950026,0.5,0.5,4,4,444,434,1,0.3333333333333333,1.0,11.0,274.4439254756571,0.7346481205976749,3.6434282975319583,0.06742704036236943,0.9325729596376305,64,0,0,11088.19290868213,11088.19290868213,2772.0482271705323,1.5,0.5909259937510251,0.3489718957462103,0.00017638956202331455,64.75,25.900000000000023,0.142225066978941,2,16:heatwave:reserve|27:funding_collapse|41:funding_collapse|62:flood:semiwild|86:heatwave:alternative|91:funding_collapse,0.01640742742256281,0.06502457452862481,0.000130168264380023,0.00014465651960815504,2.822232992373033e-05,0.0007494599854365286,9.89416641899163e-05,44136fa355b3678a
base,27,{},S7,forward_rollout_proxy,False,950027,0.5,0.0,4,0,0,0,0,0.0,0.0,,140.28887966018252,0.47815055806146817,0.0,,,45,0,0,11006.845309751585,11006.845309751585,11006.845309751585,1.5,0.4049107911941361,0.056279383316319695,0.00010217163533186258,36.5,14.599999999999994,0.07894152098453042,3,2:flood:alternative|8:wildfire:reserve|40:flood:origin|49:wildfire:origin|78:flood:alternative|89:funding_collapse|90:funding_collapse|93:funding_collapse,0.008861262051584207,0.056956411367836045,0.0011993318614899528,0.005742752866831588,1.6347461653098014e-05,0.0008584028534643623,0.0007038947886135627,44136fa355b3678a
base,28,{},S7,forward_rollout_proxy,False,950028,0.5,0.125,4,1,237,168,1,0.3333333333333333,1.0,13.0,169.53980742894228,0.711223676245043,3.5579274086273522,0.0012524865048534931,0.9987475134951465,97,0,0,11160.222964663384,11160.222964663384,11160.222964663384,1.5,0.5844985047622897,0.17168065453158216,0.00039662927752392725,62.5,25.000000000000018,0.10700764984539834,2,14:wildfire:reserve|21:flood:reserve|24:wildfire:alternative,0.014060277343943235,0.07080368746643803,0.00657867165495683,0.002474573280826064,6.346068440382836e-05,0.0009218170713523548,0.00019958247193678836,44136fa355b3678a
base,29,{},S7,forward_rollout_proxy,False,950029,0.625,0.625,5,5,898,898,1,0.3333333333333333,1.0,25.0,221.88269962562933,0.5111246996250377,2.995584720371944,0.06766306496604264,0.9323369350339573,34,0,0,11186.032743015006,11186.032743015006,2237.2065486030015,1.5,0.6699999999999999,0.4113367775053339,0.0001714251649255877,36.0,14.399999999999997,0.16565465150807196,2,37:wildfire:origin|43:funding_collapse|46:wildfire:semiwild|65:flood:semiwild|68:wildfire:semiwild,0.01362054453425932,0.047182068816321115,0.2223700635109213,0.02139530165759077,2.7428026388094037e-05,0.0011188427257306762,6.681843944110339e-05,44136fa355b3678a
base,30,{},S7,forward_rollout_proxy,False,950030,0.5,0.5,4,4,547,524,0,0.0,0.0,,238.29104711577938,0.560962620953147,3.4797141130500573,0.0013675820770088997,0.9986324179229911,74,0,0,11124.390031738794,11124.390031738794,2781.0975079346986,1.5,0.4650279406639894,0.33622520631556174,0.00055397130982734,55.25,22.1,0.14962635559331122,3,20:funding_collapse|30:flood:origin|36:heatwave:origin|50:heatwave:alternative|64:funding_collapse|70:flood:alternative|71:flood:origin|74:flood:reserve|82:funding_collapse|95:wildfire:semiwild,0.013358766097849537,0.05746386877628807,0.16373286362609185,0.01922037310152145,8.863540957237442e-05,0.0010798382509199069,7.913371980237014e-05,44136fa355b3678a
base,31,{},S7,forward_rollout_proxy,False,950031,0.875,0.875,7,7,726,726,0,0.0,0.0,,308.5722043197129,0.5664715934975016,3.701174983671563,0.0024501746554885704,0.9975498253445114,92,0,0,11196.761396159147,11196.761396159147,1599.5373423084495,1.5,0.5868622295503354,0.533005776154366,0.0005568386854177162,93.25,37.30000000000003,0.21778901681308382,3,16:funding_collapse|50:heatwave:alternative|61:wildfire:origin|66:wildfire:reserve|89:wildfire:semiwild,0.013869458764426874,0.06227267525874713,0.16137745675657242,0.013531736736945965,8.909418966683462e-05,0.0009358058520490254,7.601097854475883e-05,44136fa355b3678a
base,32,{},S7,forward_rollout_proxy,False,950032,0.5,0.375,4,3,223,209,0,0.0,0.0,,195.25938610479693,0.7097003737208454,2.5135595391661814,0.01627034463752486,0.9837296553624751,72,0,0,10969.843744609856,10969.843744609858,3656.6145815366185,1.5,0.5101110302941794,0.2735177251051215,8.058128973660308e-05,52.5,21.000000000000007,0.1431051334202086,3,2:wildfire:alternative|4:heatwave:reserve|6:flood:alternative|37:funding_collapse|37:flood:semiwild|45:heatwave:semiwild|78:funding_collapse,0.01464877062116813,0.07463754494886071,0.015012223192608148,0.006082728324987771,1.2893006357856494e-05,0.0009123059492536856,0.0001749857561958283,44136fa355b3678a
base,33,{},S7,forward_rollout_proxy,False,950033,0.5,0.5,4,4,764,689,2,0.6666666666666666,1.0,14.0,278.84187724886976,0.6301393347395661,3.9871786961941944,0.001479171620097346,0.9985208283799026,74,0,0,11152.979528366026,11152.979528366024,2788.2448820915065,1.5,0.6335924914237171,0.35681013407687595,0.00020678799627009344,64.0,25.60000000000002,0.14289548986281136,1,24:funding_collapse|39:funding_collapse|49:flood:alternative|64:wildfire:reserve,0.01384785543230389,0.06158701638048481,0.09677126625850407,0.01360651656739695,3.308607940321496e-05,0.0009401267461290054,7.098353131149145e-05,44136fa355b3678a
base,34,{},S7,forward_rollout_proxy,False,950034,0.5,0.5,4,4,362,335,1,0.3333333333333333,1.0,24.0,281.8001721508139,0.6118501411420911,3.962379120327915,0.001415998696819143,0.9985840013031808,27,0,0,11113.481176196243,11113.481176196245,2778.3702940490607,1.5,0.2604791007148839,0.319571622975291,0.0003805650338285614,65.75,26.300000000000015,0.14449960850261745,2,17:funding_collapse|23:flood:alternative|25:funding_collapse|42:funding_collapse|58:wildfire:semiwild|59:flood:alternative|69:wildfire:origin|90:flood:reserve|97:flood:alternative|100:heatwave:reserve,0.014128901444998163,0.05883578736942252,0.11909225060650641,0.014995159633020599,6.089040541256982e-05,0.0010668150189694124,7.084053451676789e-05,44136fa355b3678a
base,35,{},S7,forward_rollout_proxy,False,950035,0.75,0.75,6,6,1005,1005,1,0.3333333333333333,1.0,33.0,301.3032924715962,0.5394578768635266,3.78297415158818,0.0017134123173262554,0.9982865876826738,68,0,0,11177.369555133164,11177.369555133166,1862.8949258555274,1.5,0.5775893749479271,0.4703481991987681,0.00010102744756390669,78.0,31.20000000000003,0.18629760094046777,2,13:flood:alternative|34:funding_collapse|70:heatwave:alternative|77:flood:alternative,0.01384249380489756,0.050098780779569134,0.1960706081175708,0.01800836205425752,1.6164391610225072e-05,0.000994414334738636,6.386173321451953e-05,44136fa355b3678a
base,36,{},S7,forward_rollout_proxy,False,950036,0.625,0.625,5,5,992,992,2,0.6666666666666666,1.0,22.0,234.8150921431143,0.4725298706704132,3.3892990334626156,0.0020104072131427045,0.9979895927868573,40,0,0,11245.315739927684,11245.315739927684,2249.063147985537,1.5,0.6699999999999999,0.4147641766901283,0.0003783977163546786,37.75,15.099999999999994,0.16310593177751048,1,9:heatwave:origin|36:funding_collapse|84:flood:origin,0.012816370706147379,0.04524623888365234,0.2544177640000824,0.025756619584424243,6.054363461674858e-05,0.0011021165161507378,6.599272917832535e-05,44136fa355b3678a
base,37,{},S7,forward_rollout_proxy,False,950037,0.625,0.5,5,4,329,279,1,0.3333333333333333,1.0,24.0,249.74904470119404,0.6662980137551903,3.1423027096365197,0.001538439136022077,0.998461560863978,95,0,0,11125.312347232446,11125.312347232446,2781.3280868081115,1.5,0.4358894365790443,0.33172213459015254,0.000141918166624464,95.75,38.30000000000003,0.15855081917941427,2,27:funding_collapse|42:wildfire:alternative|61:heatwave:alternative|63:flood:semiwild|70:heatwave:reserve|79:funding_collapse|86:funding_collapse,0.013721004219546674,0.06906044196550706,0.05165431771778156,0.013254496251134801,2.270690665991424e-05,0.0009966148751864275,0.0001300165859596571,44136fa355b3678a
base,38,{},S7,forward_rollout_proxy,False,950038,0.875,0.75,7,6,1200,1200,1,0.3333333333333333,1.0,14.0,335.8633191500553,0.5734148549335344,3.2353373407567667,0.0012745832379515768,0.9987254167620484,49,0,0,11186.649598205653,11186.649598205653,1864.441599700942,1.5,0.7395863082289856,0.4836042236700523,0.0003344648870933791,69.5,27.800000000000026,0.1989610971979301,2,85:funding_collapse,0.014280866407787736,0.05261742368805272,0.1671510973755636,0.010802803966650511,5.351438193494066e-05,0.0009065765344857566,6.181230325765527e-05,44136fa355b3678a
base,39,{},S7,forward_rollout_proxy,False,950039,0.625,0.625,5,5,1200,1200,0,0.0,0.0,,323.7726662038899,0.5844717263424226,3.926151948104363,0.001720434527351557,0.9982795654726484,56,0,0,11184.77002238531,11184.77002238531,2236.954004477062,1.5,0.6699999999999999,0.4210045508860936,0.00028626970799650546,61.5,24.60000000000002,0.16746515702525,3,17:wildfire:semiwild|68:heatwave:origin|75:wildfire:semiwild|86:funding_collapse|90:wildfire:semiwild,0.014346278376522805,0.05088796026116227,0.15642873860199258,0.012433163023615482,4.580315327944087e-05,0.0010202118206657485,6.318341319376252e-05,44136fa355b3678a
base,40,{},S7,forward_rollout_proxy,False,950040,0.75,0.75,6,6,1165,1164,2,0.6666666666666666,1.0,13.5,332.7826240176705,0.5720153087272207,3.713064872330944,0.0029870583622767493,0.9970129416377232,119,0,0,11203.031410342559,11203.031410342559,1867.17190172376,1.5,0.6965980738865959,0.48190063730408206,0.0002920030512149493,81.75,32.70000000000004,0.18805090596056512,1,5:funding_collapse|93:wildfire:alternative,0.013985770117928596,0.050180562212922865,0.16836622274917556,0.011336860328290095,4.672048819439189e-05,0.0008601339430777574,6.791819544177872e-05,44136fa355b3678a
base,41,{},S7,forward_rollout_proxy,False,950041,0.5,0.25,4,2,342,329,1,0.3333333333333333,1.0,14.0,186.4223797564881,0.7049886862575981,3.854190975606407,0.007342841936230622,0.9926571580637694,83,0,0,11135.427522692122,11135.427522692122,5567.713761346061,1.5,0.5162680019496223,0.2246756661740103,0.0007254469463796409,63.5,25.400000000000016,0.11003478111492,2,20:flood:alternative|23:flood:reserve|56:funding_collapse|95:flood:alternative,0.014513986751317763,0.07097617589357029,0.024581241796420364,0.004022096614676103,0.00011607151142074254,0.0007234371186021789,0.00016863751909682465,44136fa355b3678a
base,42,{},S7,forward_rollout_proxy,False,950042,0.625,0.625,5,5,798,798,0,0.0,0.0,,214.07339197407344,0.47533066096049714,2.945316134911259,0.05515041888065544,0.9448495811193446,28,0,0,11195.88156743883,11195.88156743883,2239.176313487766,1.5,0.6588466990504694,0.4100599780861298,0.0010008630818992765,44.0,17.599999999999994,0.16736073415985153,3,11:flood:origin|32:funding_collapse|46:flood:alternative,0.013218812836462708,0.04614196110483887,0.25413900429542424,0.02544218798773894,0.00016013809310388427,0.0012058125000287093,9.840361076090179e-05,44136fa355b3678a
base,43,{},S7,forward_rollout_proxy,False,950043,0.625,0.375,5,3,131,67,0,0.0,0.0,,224.95398871808044,0.7245634436365126,3.1785514931741097,0.002985892220858868,0.9970141077791411,50,0,0,11131.755125448582,11131.755125448582,3710.585041816194,1.5,0.3242177530278528,0.2593185541689902,0.00026455571416156537,65.5,26.200000000000017,0.13180631967231912,3,29:heatwave:reserve|43:flood:reserve|67:funding_collapse|67:wildfire:origin|72:funding_collapse|75:wildfire:origin|82:heatwave:alternative|95:wildfire:alternative,0.01607209685718311,0.0719682187070267,0.0004963318604753127,0.00031660220252628825,4.2328914265850464e-05,0.0006422829287876783,0.00013335610483605805,44136fa355b3678a
base,44,{},S7,forward_rollout_proxy,False,950044,0.625,0.5,5,4,939,939,1,0.3333333333333333,1.0,13.0,320.08772371352387,0.7163957088568975,2.8227992070442243,0.025509636361082916,0.9744903636389171,208,0,0,11219.07736769274,11219.077367692742,2804.769341923185,1.5,0.6044580562068617,0.34393730581468424,0.00012864857914362865,103.75,41.50000000000005,0.15131754061777916,2,48:heatwave:reserve|56:flood:semiwild|86:heatwave:origin,0.01545030187266831,0.06328575706717951,0.017552866619954855,0.0044704514902433505,2.0583772662980583e-05,0.00084820601397449,0.00013228698140998457,44136fa355b3678a
base,45,{},S7,forward_rollout_proxy,False,950045,0.5,0.5,4,4,742,742,2,0.6666666666666666,1.0,19.5,211.85265773609478,0.4528618636478793,3.772655992826424,0.0002337125690251499,0.9997662874309748,39,0,0,11162.852095947386,11162.852095947386,2790.7130239868466,1.5,0.6433290794766074,0.3534125943762473,0.0002821424016635648,28.5,11.399999999999993,0.13176563250161114,1,6:heatwave:origin|18:funding_collapse|20:funding_collapse|22:funding_collapse|49:funding_collapse|67:flood:alternative|81:heatwave:semiwild,0.012559569818985766,0.04474289901418221,0.2703205014262685,0.030200397907194226,4.514278426617036e-05,0.0011709323798231646,7.020196596712449e-05,44136fa355b3678a
base,46,{},S7,forward_rollout_proxy,False,950046,0.625,0.625,5,5,1108,1108,2,0.6666666666666666,1.0,28.0,313.32307512060856,0.5706040126201247,3.466036251848152,0.005906056128881293,0.9940939438711187,25,0,0,11185.402124266675,11185.402124266675,2237.080424853335,1.5,0.6699999999999999,0.4160187496849732,0.00010939812711578761,54.75,21.900000000000013,0.16554193583245824,1,55:funding_collapse|75:flood:origin,0.01417482780739866,0.048267147445280045,0.17054291425872492,0.014182155785286706,1.750370033852602e-05,0.0010162938455177484,5.6130237025683145e-05,44136fa355b3678a
base,47,{},S7,forward_rollout_proxy,False,950047,0.625,0.625,5,5,888,888,0,0.0,0.0,,261.55158510669213,0.544163423707001,4.007383141788007,0.0012178941489577016,0.9987821058510423,63,0,0,11183.258460227884,11183.258460227884,2236.651692045577,1.5,0.548093114215957,0.4092605685275822,0.00032348760960798607,59.75,23.900000000000013,0.16563712844053213,3,18:heatwave:semiwild|31:flood:alternative|33:flood:alternative|64:funding_collapse|99:heatwave:origin,0.013861244558799947,0.04851922229857598,0.19579197399554002,0.015487773074579825,5.175801753727776e-05,0.0010372833876958188,6.91397408032471e-05,44136fa355b3678a
detectability_one,0,"{""latent_detectability_override"": 1.0}",S7,forward_rollout_proxy,False,951000,0.5,0.5,4,4,714,707,0,0.0,0.0,,306.6791597638652,0.7365586327120797,3.1838146217608285,0.0059684752448711815,0.9940315247551288,127,0,0,11179.606333903585,11179.606333903586,2794.901583475896,1.5,0.5539261761230891,0.34274126598729227,0.00069190742003074,80.25,32.10000000000002,0.15255251078687523,3,32:wildfire:reserve|36:wildfire:semiwild|45:flood:reserve|61:funding_collapse,0.016062973444018486,0.060278481236861595,0.0008195893084787495,0.0006027287449255151,0.0001107051872049184,0.0010960655539604457,0.00011140941160035597,1e6df46326a4962e
detectability_one,1,"{""latent_detectability_override"": 1.0}",S7,forward_rollout_proxy,False,951001,0.625,0.625,5,5,862,862,0,0.0,0.0,,231.84938829427054,0.4556872130777072,3.530223382345614,0.0016389872444221554,0.9983610127555779,18,0,0,11169.375245167252,11169.375245167252,2233.8750490334505,1.5,0.6184966289207648,0.4125843777917216,0.00015244881763614666,36.25,14.499999999999995,0.17091240538094465,3,21:heatwave:origin|41:funding_collapse|58:wildfire:alternative|83:funding_collapse|91:wildfire:semiwild,0.01315666886328927,0.044785147946265605,0.2753451479637928,0.0249736980460441,2.439181082178346e-05,0.0011386409418911963,6.230739373717089e-05,1e6df46326a4962e
detectability_one,2,"{""latent_detectability_override"": 1.0}",S7,forward_rollout_proxy,False,951002,0.875,0.875,7,7,1107,1107,0,0.0,0.0,,281.3496754518124,0.5366180599696797,2.8355143402228866,0.050888712196407726,0.9491112878035923,42,0,0,11106.803352952778,11106.803352952778,1586.6861932789684,1.5,0.5482136557944322,0.5206989275612026,0.00013614614103973658,62.25,24.900000000000023,0.21886209289765285,3,26:funding_collapse|44:funding_collapse|55:heatwave:alternative|56:funding_collapse|68:funding_collapse|75:wildfire:origin|94:heatwave:alternative,0.013718328327951463,0.04976744696198867,0.1989021832686764,0.018137619143745957,2.1783382566357853e-05,0.000889143501303399,5.703773824919914e-05,1e6df46326a4962e
detectability_one,3,"{""latent_detectability_override"": 1.0}",S7,forward_rollout_proxy,False,951003,0.5,0.25,4,2,139,20,0,0.0,0.0,,159.47861574935158,0.6862363266486246,2.9166424629683414,0.13184855893004435,0.8681514410699557,76,0,0,11181.499228531944,11181.499228531946,5590.749614265972,1.5,0.5061065022984119,0.21559612826967373,0.00027228424141893456,66.5,26.600000000000012,0.1165952670507454,3,4:heatwave:reserve|45:wildfire:semiwild|54:flood:alternative|57:flood:reserve,0.01151738423652567,0.07463562554256498,0.010213403415660209,0.004213408201017333,4.356547862702953e-05,0.0007824893954251462,0.00031499061239695413,1e6df46326a4962e
detectability_one,4,"{""latent_detectability_override"": 1.0}",S7,forward_rollout_proxy,False,951004,0.5,0.25,4,2,337,317,0,0.0,0.0,,194.0636417232826,0.7261376388061853,3.663738633855341,0.00679632933412031,0.9932036706658797,71,0,0,11081.86476595101,11081.864765951012,5540.932382975505,1.5,0.5181906938838156,0.2263779007752369,0.0007829736878161936,48.5,19.4,0.12710722524150972,3,10:wildfire:reserve|29:wildfire:alternative|70:funding_collapse|78:flood:semiwild|98:funding_collapse|98:flood:reserve,0.015459067526352574,0.07161133398138182,0.0005519645880506329,0.0009319963108022665,0.00012527579005059094,0.0008395220866865856,0.0001937775921271965,1e6df46326a4962e
detectability_one,5,"{""latent_detectability_override"": 1.0}",S7,forward_rollout_proxy,False,951005,0.625,0.375,5,3,190,0,0,0.0,0.0,,204.53575183310676,0.655126215330472,1.953672525589648,0.08415830231135198,0.915841697688648,63,0,0,11047.563540671388,11047.563540671388,3682.521180223796,1.5,0.271483774773203,0.24342749447831782,0.0005017661291205483,79.75,31.900000000000016,0.1399619587255052,3,1:funding_collapse|23:flood:alternative|34:flood:alternative|35:heatwave:reserve|41:funding_collapse|42:heatwave:reserve|53:heatwave:origin|61:funding_collapse|62:funding_collapse|63:heatwave:alternative,0.00980781493370892,0.0775840685214571,0.02359838480560196,0.005826273769159761,8.028258065928773e-05,0.0009300174112823195,0.0002941836416872565,1e6df46326a4962e
detectability_one,6,"{""latent_detectability_override"": 1.0}",S7,forward_rollout_proxy,False,951006,0.5,0.5,4,4,719,719,0,0.0,0.0,,309.051994320587,0.7410655092434291,3.14842472497152,0.00436466822742044,0.9956353317725796,52,0,0,11145.354506998347,11145.354506998348,2786.3386267495866,1.5,0.6229767748939375,0.3480236077221327,9.764747648546162e-05,57.25,22.900000000000013,0.14620841491511888,3,4:flood:reserve|15:flood:semiwild|51:funding_collapse|52:heatwave:reserve,0.01641259190582569,0.058789825901016,0.00015783937173459512,0.00030785473579786636,1.5623596237673857e-05,0.0009440716068288142,9.306131190215942e-05,1e6df46326a4962e
detectability_one,7,"{""latent_detectability_override"": 1.0}",S7,forward_rollout_proxy,False,951007,0.5,0.125,4,1,209,152,0,0.0,0.0,,150.3386941825966,0.6719730502754195,1.9944751381215475,0.06460275806366693,0.9353972419363331,142,0,0,11170.978418823612,11170.978418823612,11170.978418823612,1.5,0.43177674043993824,0.13980091901830935,0.0004244574648802742,79.75,31.900000000000016,0.10214246796550017,3,25:funding_collapse|26:flood:reserve|34:heatwave:origin|49:flood:alternative|54:wildfire:origin|56:wildfire:alternative|86:wildfire:origin,0.010590690797735218,0.07594074916453816,0.01448144652056208,0.0076544003990782076,6.791319438084386e-05,0.0012418212526654933,0.0005970640281354787,1e6df46326a4962e
detectability_one,8,"{""latent_detectability_override"": 1.0}",S7,forward_rollout_proxy,False,951008,0.625,0.625,5,5,911,911,0,0.0,0.0,,274.44097659015586,0.5255793195924809,4.252115798489421,0.0009412705748248221,0.9990587294251752,29,0,0,11094.129325135413,11094.129325135413,2218.8258650270827,1.5,0.6699999999999999,0.424164887166643,0.0005150801644751464,54.0,21.60000000000001,0.166968645908744,3,21:flood:semiwild|63:funding_collapse|81:funding_collapse|82:funding_collapse|83:flood:origin|84:funding_collapse,0.013718737524380907,0.04609706324068852,0.2156275018943682,0.016387285691826528,8.241282631602343e-05,0.0009384259586401992,5.131117326327571e-05,1e6df46326a4962e
detectability_one,9,"{""latent_detectability_override"": 1.0}",S7,forward_rollout_proxy,False,951009,0.5,0.5,4,4,951,951,0,0.0,0.0,,294.75241040145124,0.5882985230667986,3.8586357031127574,0.001663426117022528,0.9983365738829775,24,0,0,11156.153942821946,11156.153942821944,2789.0384857054864,1.5,0.7389458994659277,0.3660609228467493,8.319705590587429e-05,53.25,21.30000000000001,0.14289987934514464,3,3:funding_collapse|4:flood:semiwild|21:heatwave:semiwild|73:funding_collapse,0.014156498710335532,0.04739873142172647,0.14932364749487495,0.01831583685084274,1.3311528944939884e-05,0.0010197792065139817,5.3062393022715306e-05,1e6df46326a4962e
detectability_one,10,"{""latent_detectability_override"": 1.0}",S7,forward_rollout_proxy,False,951010,0.625,0.625,5,5,1015,1015,0,0.0,0.0,,298.77989439793294,0.5617612879393844,4.299870426609706,0.0016821456318215522,0.9983178543681784,38,0,0,11192.19577691692,11192.19577691692,2238.439155383384,1.5,0.6648856318101429,0.42539527423408563,0.00031037623722403903,70.5,28.200000000000028,0.1732900339348712,3,42:wildfire:semiwild|83:wildfire:alternative|88:funding_collapse,0.014027742196517782,0.04867143430275126,0.17764210143889936,0.015089777258332437,4.966019795584626e-05,0.0010439243260255404,6.139238858841406e-05,1e6df46326a4962e
detectability_one,11,"{""latent_detectability_override"": 1.0}",S7,forward_rollout_proxy,False,951011,0.625,0.625,5,5,596,588,0,0.0,0.0,,277.5890175620485,0.540995704568921,3.5192166506493634,0.0021605087252995155,0.9978394912747005,46,0,0,11124.195538875363,11124.195538875363,2224.8391077750725,1.5,0.4735866082376914,0.39774074584848007,0.00020004310464021694,61.25,24.50000000000003,0.16969959259108622,3,11:wildfire:alternative|25:funding_collapse|27:heatwave:alternative|47:flood:origin|81:wildfire:reserve|88:funding_collapse,0.013656048963971592,0.055653393371137845,0.18879668355971913,0.017678392858224326,3.200689674243471e-05,0.0008912628691392682,5.9218832045551776e-05,1e6df46326a4962e
detectability_one,12,"{""latent_detectability_override"": 1.0}",S7,forward_rollout_proxy,False,951012,0.5,0.5,4,4,796,796,0,0.0,0.0,,293.366993723404,0.5823597015909885,4.395665756321982,8.695763021100754e-05,0.999913042369789,21,0,0,11186.740405274082,11186.740405274082,2796.6851013185205,1.5,0.6685645987221779,0.3643284623646009,0.00021756853344819302,65.25,26.100000000000023,0.14257672464581655,3,40:funding_collapse|78:flood:alternative,0.014015564307304473,0.048158259244010716,0.1583283126239375,0.015275051137120793,3.481096535171088e-05,0.0009829995840244235,6.543146435365412e-05,1e6df46326a4962e
detectability_one,13,"{""latent_detectability_override"": 1.0}",S7,forward_rollout_proxy,False,951013,0.5,0.375,4,3,457,457,0,0.0,0.0,,237.7370508212228,0.7363020821941392,3.5319575567204944,0.006768857422589719,0.9932311425774103,106,0,0,11141.783984865751,11141.783984865753,3713.9279949552506,1.5,0.5914470917717125,0.2910049093021287,0.000697746861461847,77.25,30.900000000000023,0.13895312278876246,3,23:heatwave:reserve|32:funding_collapse|66:heatwave:semiwild|68:funding_collapse|77:flood:reserve|88:flood:semiwild,0.01611296572543859,0.06475011901592756,0.0016667467281008049,0.0007413088002792642,0.0001116394978338955,0.0006707560441094914,0.000149403563109858,1e6df46326a4962e
detectability_one,14,"{""latent_detectability_override"": 1.0}",S7,forward_rollout_proxy,False,951014,0.0,0.0,0,0,0,0,0,0.0,0.0,,45.373040607717556,0.24531042342298032,0.0,,,50,0,0,11145.10684351915,11145.106843519152,11145.10684351915,1.5,0.5228649174039205,0.061171204574257655,0.0018166810668647482,34.5,13.800000000000002,0.04442356416932802,3,10:flood:origin|12:wildfire:reserve|26:wildfire:alternative|36:funding_collapse|43:flood:origin|46:flood:reserve,0.004731888473786674,0.035069796454765476,0.00044451132530082786,0.002368107301401926,0.0002906689706983597,0.0005246408218540062,0.0007499872460994028,1e6df46326a4962e
detectability_one,15,"{""latent_detectability_override"": 1.0}",S7,forward_rollout_proxy,False,951015,0.625,0.5,5,4,813,813,0,0.0,0.0,,247.28079526555652,0.6212060067573476,2.603858476768145,0.03397863083311096,0.9660213691668891,201,0,0,11240.042296470994,11240.042296470994,2810.0105741177485,1.5,0.5828703311657353,0.33946470277354257,0.0004419463777630731,82.25,32.90000000000004,0.15069542444643796,3,5:heatwave:origin|52:flood:reserve|60:funding_collapse,0.013772662580900721,0.06345476779911349,0.1028925583088673,0.00862848601426249,7.071142044209169e-05,0.0005354050975661032,0.0001395197427491738,1e6df46326a4962e
detectability_one,16,"{""latent_detectability_override"": 1.0}",S7,forward_rollout_proxy,False,951016,0.5,0.375,4,3,514,514,0,0.0,0.0,,251.96401152609414,0.7334337457417672,2.5889603370671455,0.0020422571120512064,0.9979577428879488,35,0,0,11049.096614573007,11049.096614573009,3683.032204857669,1.5,0.5547066829401738,0.27820815267414106,0.00018012734101483237,33.25,13.299999999999995,0.1404894050472612,3,8:flood:reserve|38:flood:origin|47:funding_collapse|66:funding_collapse|67:funding_collapse,0.01658474596391909,0.058635312581750004,0.00016135171457840023,0.00029450888277701893,2.8820374562373178e-05,0.0010336772017227522,0.00013822840407268808,1e6df46326a4962e
detectability_one,17,"{""latent_detectability_override"": 1.0}",S7,forward_rollout_proxy,False,951017,0.625,0.25,5,2,88,27,0,0.0,0.0,,202.29590287163265,0.6991981157798987,1.4998678996036987,0.0022588382069885053,0.9977411617930115,161,0,0,11128.040150722276,11128.040150722276,5564.020075361138,1.5,0.48435118076142686,0.20619026313329442,0.00025271812619681545,106.25,42.50000000000006,0.15128233030557375,3,11:heatwave:alternative|20:wildfire:alternative|50:heatwave:reserve|59:flood:semiwild|96:funding_collapse,0.012787825908166673,0.07750375175789997,0.007713339661032544,0.0038866630847552456,4.043490019149048e-05,0.0007980289207114968,0.000356350671447552,1e6df46326a4962e
detectability_one,18,"{""latent_detectability_override"": 1.0}",S7,forward_rollout_proxy,False,951018,0.625,0.5,5,4,780,780,0,0.0,0.0,,245.85795039403737,0.543696803336403,3.967446870948049,0.0002067301009657718,0.9997932698990343,14,0,0,11156.414262246823,11156.414262246823,2789.1035655617056,1.5,0.6407656642627392,0.3592880785831539,0.00012407328357664132,38.0,15.199999999999994,0.1526852172369974,3,9:wildfire:alternative|35:flood:origin|82:funding_collapse,0.013689789086859243,0.04672542005339045,0.1951969331446052,0.0172879426454362,1.985172537226261e-05,0.0010208815387675776,5.904655634397843e-05,1e6df46326a4962e
detectability_one,19,"{""latent_detectability_override"": 1.0}",S7,forward_rollout_proxy,False,951019,0.75,0.75,6,6,1200,1200,0,0.0,0.0,,310.3938996461178,0.5366921515187932,3.532615719105935,0.0006813079255672433,0.9993186920744328,42,0,0,11229.40835185993,11229.40835185993,1871.5680586433216,1.5,0.6468683113793893,0.47694044306698236,0.00035158255777862886,75.0,30.000000000000025,0.19713727368992015,3,71:flood:semiwild|87:wildfire:alternative|94:flood:origin,0.013939413715656991,0.0482424556771212,0.20437060585864303,0.013667207225709306,5.625320924458062e-05,0.0009646600287903035,6.574104426001703e-05,1e6df46326a4962e
detectability_one,20,"{""latent_detectability_override"": 1.0}",S7,forward_rollout_proxy,False,951020,0.375,0.375,3,3,754,754,0,0.0,0.0,,265.23221730964417,0.5700545973073605,3.4113514527401723,0.0006509696695583311,0.9993490303304416,19,0,0,11234.14805174947,11234.14805174947,3744.716017249823,1.5,0.6699999999999999,0.2945129948291099,0.00012148284211405194,34.25,13.7,0.12324740150854105,3,18:wildfire:origin|44:heatwave:semiwild|91:flood:origin,0.013404611446785892,0.04459068836825576,0.17655098192045984,0.008610050087601498,1.943725473824831e-05,0.0005768287492903531,7.317907100071868e-05,1e6df46326a4962e
detectability_one,21,"{""latent_detectability_override"": 1.0}",S7,forward_rollout_proxy,False,951021,0.5,0.5,4,4,1008,1008,0,0.0,0.0,,332.2154480303227,0.6435042816156176,3.90644439647667,0.02396693551302663,0.9760330644869734,52,0,0,11217.341929600681,11217.341929600683,2804.3354824001703,1.5,0.6037313285247402,0.3530796651331073,8.035765625898454e-05,60.75,24.30000000000001,0.14321044157933288,3,63:wildfire:origin|75:flood:origin|76:heatwave:reserve,0.014510574334729655,0.05601246372732778,0.09047571111244457,0.013015585795343738,1.2857225001437526e-05,0.0010565479445637414,6.113320380746204e-05,1e6df46326a4962e
detectability_one,22,"{""latent_detectability_override"": 1.0}",S7,forward_rollout_proxy,False,951022,0.5,0.5,4,4,705,705,0,0.0,0.0,,301.3364528518843,0.7436644169298198,3.8036329827806883,0.0016918959612464252,0.9983081040387536,33,0,0,11187.736914757546,11187.736914757546,2796.9342286893866,1.5,0.5716895529257092,0.349050167994438,0.0001311023310335374,51.75,20.700000000000006,0.1442244143703009,3,22:wildfire:reserve|80:wildfire:reserve,0.016686986147136935,0.0574761065179241,1.686777049732287e-05,6.667788030332825e-05,2.0976372965365986e-05,0.0009716605387281503,8.051582772724158e-05,1e6df46326a4962e
detectability_one,23,"{""latent_detectability_override"": 1.0}",S7,forward_rollout_proxy,False,951023,0.25,0.25,2,2,442,309,0,0.0,0.0,,159.58736165426026,0.6747538647634573,2.677489636974288,0.007293193106942843,0.9927068068930571,221,0,0,11127.06693811946,11127.06693811946,5563.53346905973,1.5,0.5567442608013166,0.21364904342057517,0.0005550551615943286,97.25,38.900000000000055,0.09349860485350313,3,2:funding_collapse|4:wildfire:reserve|7:wildfire:origin|32:heatwave:semiwild|33:flood:origin|72:flood:alternative|76:flood:origin|79:flood:origin,0.012528135678484854,0.0722232221355105,0.011229030191336203,0.0046038967580866,8.880882585509257e-05,0.0005775579480500357,0.00034378702961521866,1e6df46326a4962e
detectability_one,24,"{""latent_detectability_override"": 1.0}",S7,forward_rollout_proxy,False,951024,0.625,0.5,5,4,765,765,0,0.0,0.0,,247.24151439833477,0.5891197226450043,3.9858626664323715,0.0043261634192383455,0.9956738365807617,25,0,0,11147.779282747271,11147.779282747271,2786.944820686818,1.5,0.6054584260048687,0.3576620555740222,0.0004998015661151704,51.75,20.700000000000017,0.1612879315460584,3,58:funding_collapse|64:wildfire:alternative|69:flood:semiwild|83:funding_collapse|97:wildfire:alternative,0.014195862814038172,0.04971833739912286,0.14713587712470028,0.018587893126156375,7.996825057842726e-05,0.001239724554462196,6.678727875365915e-05,1e6df46326a4962e
detectability_one,25,"{""latent_detectability_override"": 1.0}",S7,forward_rollout_proxy,False,951025,0.5,0.5,4,4,760,760,1,0.3333333333333333,1.0,27.0,227.25406723707707,0.5117580623392509,4.170373036538967,0.00014376433141659003,0.9998562356685834,18,0,0,11168.128409012736,11168.128409012736,2792.032102253184,1.5,0.5220419196506138,0.3481183223627628,0.0002650743069951182,28.25,11.299999999999992,0.14605200016155878,2,17:flood:alternative|18:flood:semiwild|28:heatwave:origin|29:wildfire:origin|56:heatwave:semiwild|74:funding_collapse|83:wildfire:origin|90:heatwave:alternative,0.013266229824498564,0.04431946760208624,0.2226376002070921,0.021778268316968684,4.24118891192189e-05,0.0010922543127661914,6.759902823658027e-05,1e6df46326a4962e
detectability_one,26,"{""latent_detectability_override"": 1.0}",S7,forward_rollout_proxy,False,951026,0.5,0.5,4,4,709,709,0,0.0,0.0,,296.11060862022265,0.6230840701965,3.9773383054895968,0.005467365988648291,0.9945326340113517,111,0,0,11216.850098959816,11216.850098959816,2804.212524739954,1.5,0.6610845604369883,0.3597261718330126,0.00013200996724248954,68.25,27.30000000000002,0.14422166367208877,3,32:heatwave:semiwild|35:flood:semiwild|75:wildfire:reserve,0.014366394872135122,0.055789264212536514,0.11019497206190686,0.014045186159459804,2.112159475879833e-05,0.0009483322527024958,6.396058291160777e-05,1e6df46326a4962e
detectability_one,27,"{""latent_detectability_override"": 1.0}",S7,forward_rollout_proxy,False,951027,0.75,0.75,6,6,1183,1183,0,0.0,0.0,,319.7090202413069,0.5309530296460171,3.815915142216774,0.001837025134728688,0.9981629748652713,30,0,0,11158.017332791844,11158.017332791844,1859.6695554653072,1.5,0.6562186916679953,0.4804252383790159,0.0003621966037311599,91.0,36.400000000000034,0.19572108895024298,3,68:heatwave:semiwild|72:funding_collapse|79:wildfire:alternative|84:funding_collapse|84:heatwave:semiwild|94:flood:semiwild,0.014030741418917221,0.05011970903349125,0.20951687403125036,0.012691992584681849,5.7951456596985584e-05,0.0008807968855826806,6.937991885173366e-05,1e6df46326a4962e
detectability_one,28,"{""latent_detectability_override"": 1.0}",S7,forward_rollout_proxy,False,951028,0.5,0.25,4,2,205,171,0,0.0,0.0,,183.32551032310417,0.7152105876205188,3.486556334299978,0.015156843287527217,0.9848431567124728,49,0,0,11115.779069914617,11115.779069914619,5557.889534957309,1.5,0.5465561558384293,0.22610255736972126,0.00026144554934995904,61.25,24.50000000000001,0.12040689221439278,3,11:flood:reserve|30:wildfire:semiwild|65:wildfire:alternative|71:flood:alternative|89:funding_collapse|97:funding_collapse,0.014413575294884825,0.0720473568278176,0.009363866990352614,0.003932697708495048,4.1831287895993456e-05,0.0006522239360550068,0.00023853426014660537,1e6df46326a4962e
detectability_one,29,"{""latent_detectability_override"": 1.0}",S7,forward_rollout_proxy,False,951029,0.625,0.5,5,4,1119,1040,0,0.0,0.0,,291.993005594806,0.5891843848853479,3.4273382793956713,0.00035339133004883206,0.9996466086699511,228,0,0,11222.927652351651,11222.927652351651,2805.7319130879127,1.5,0.6185719256408474,0.3515658184856614,0.0003168672287620298,92.75,37.10000000000004,0.15217621563809966,3,11:flood:origin|41:funding_collapse|54:heatwave:reserve,0.012898776855766214,0.05683973741981213,0.12148634121653581,0.021499657384779325,5.069875660192477e-05,0.0011094684009346127,0.00013286247685764073,1e6df46326a4962e
detectability_one,30,"{""latent_detectability_override"": 1.0}",S7,forward_rollout_proxy,False,951030,0.5,0.5,4,4,761,761,0,0.0,0.0,,275.6212821689812,0.6014191784484155,4.294886895380325,0.0,1.0,28,0,0,11160.276033017095,11160.276033017097,2790.0690082542737,1.5,0.6691206458356828,0.3640566654667154,0.0005382975519157689,77.75,31.10000000000003,0.1459786596467191,3,11:funding_collapse|16:funding_collapse|39:wildfire:alternative|61:wildfire:semiwild,0.014063287201082946,0.050117239288401644,0.13792107789551103,0.015073613931671358,8.612760830652304e-05,0.001098084766830207,8.2471798707388e-05,1e6df46326a4962e
detectability_one,31,"{""latent_detectability_override"": 1.0}",S7,forward_rollout_proxy,False,951031,0.625,0.5,5,4,750,750,0,0.0,0.0,,265.7084993018663,0.6076722817968845,2.7264798630067633,0.06311421103337062,0.9368857889666293,42,0,0,11214.810098371634,11214.810098371636,2803.7025245929085,1.5,0.6699999999999999,0.35118390535880173,0.0002561483858138725,35.25,14.099999999999993,0.15959553364367055,3,45:heatwave:origin|47:wildfire:origin,0.013802785352497708,0.04987236503086419,0.1392809661756342,0.006832239122767013,4.09837417302196e-05,0.000665873718227532,5.170703214745247e-05,1e6df46326a4962e
detectability_one,32,"{""latent_detectability_override"": 1.0}",S7,forward_rollout_proxy,False,951032,0.625,0.625,5,5,635,632,0,0.0,0.0,,263.31819902547403,0.6063548665276762,3.5946421641741493,0.0004316609604415681,0.9995683390395584,95,0,0,11120.561765557302,11120.561765557304,2224.1123531114604,1.5,0.44366917972390096,0.39473316552498805,7.872030479605559e-05,81.75,32.70000000000004,0.16584912955428208,3,1:funding_collapse|25:flood:alternative|30:heatwave:alternative|45:funding_collapse|57:flood:reserve|69:funding_collapse|69:flood:semiwild|92:flood:alternative,0.01386644638787912,0.06399225589152505,0.11929677168329679,0.014180207921244234,1.2595248767368894e-05,0.0008730995178830803,8.921651726731588e-05,1e6df46326a4962e
detectability_one,33,"{""latent_detectability_override"": 1.0}",S7,forward_rollout_proxy,False,951033,0.625,0.625,5,5,941,941,0,0.0,0.0,,195.94403634276088,0.41988845677979975,2.8675545386957255,0.0647381976909592,0.9352618023090408,61,0,0,11255.319332996545,11255.319332996547,2251.063866599309,1.5,0.6418519141242104,0.4068931922973874,0.00019588057133429184,45.0,18.000000000000014,0.16391227749004528,3,1:heatwave:origin|7:wildfire:alternative|43:heatwave:origin|66:heatwave:origin|92:flood:semiwild,0.012668557306910168,0.0448134316045415,0.309914799299646,0.023825642407588946,3.1340891413486694e-05,0.0009932501367693352,9.823761511504755e-05,1e6df46326a4962e
detectability_one,34,"{""latent_detectability_override"": 1.0}",S7,forward_rollout_proxy,False,951034,0.625,0.625,5,5,891,891,0,0.0,0.0,,264.23379365156507,0.5450839935874269,4.7130221348321015,0.0,1.0,49,0,0,11121.248831413934,11121.248831413934,2224.249766282787,1.5,0.6699999999999999,0.42932081749584955,0.0006487786994598755,51.0,20.400000000000002,0.16970298073764262,3,20:flood:semiwild|46:wildfire:origin|54:funding_collapse|56:wildfire:origin|59:funding_collapse|92:funding_collapse,0.013807597048027816,0.047209881987622715,0.19491613727473786,0.015915874718426218,0.00010380459191358004,0.0009640650546087901,6.119570248187759e-05,1e6df46326a4962e
detectability_one,35,"{""latent_detectability_override"": 1.0}",S7,forward_rollout_proxy,False,951035,0.375,0.125,3,1,149,120,0,0.0,0.0,,133.75124630987116,0.7115456243948671,2.8213241835048923,0.023643395353644098,0.9763566046463559,57,0,0,11109.415750549635,11109.415750549637,11109.415750549635,1.5,0.4929618088219489,0.1546758131221692,0.0003386043340943509,46.0,18.4,0.10458195202462683,3,1:flood:reserve|27:flood:semiwild|38:flood:origin|40:funding_collapse|42:heatwave:origin|79:heatwave:alternative,0.01516167538766099,0.06881429086861092,0.0008366223596334115,0.001462182529251987,5.417669345509613e-05,0.0005684421734022294,0.00031301263298190733,1e6df46326a4962e
detectability_one,36,"{""latent_detectability_override"": 1.0}",S7,forward_rollout_proxy,False,951036,0.625,0.5,5,4,1163,1163,0,0.0,0.0,,340.4402639724956,0.6894440678181192,4.1060355514595015,0.0022031131230655417,0.9977968868769345,83,0,0,11188.044390606781,11188.044390606781,2797.0110976516953,1.5,0.6993934725910469,0.36663985846617664,0.00020719752208990194,74.0,29.600000000000026,0.15320077846238497,3,1:funding_collapse|36:flood:reserve,0.01526251011107836,0.06038514276399494,0.03695850934530499,0.016101981003511394,3.3151603534384316e-05,0.0010258420466564247,9.566851614582713e-05,1e6df46326a4962e
detectability_one,37,"{""latent_detectability_override"": 1.0}",S7,forward_rollout_proxy,False,951037,0.375,0.375,3,3,584,584,0,0.0,0.0,,190.79239133862652,0.5109947967424042,3.01126379290395,0.0006252462965096787,0.9993747537034903,12,0,0,11169.819861576701,11169.819861576703,3723.273287192234,1.5,0.5041460998558208,0.2722489595954677,0.00019864131719298482,19.25,7.7,0.1148585584042306,3,2:flood:alternative|6:heatwave:origin|23:heatwave:origin|29:wildfire:origin|34:funding_collapse|60:wildfire:semiwild|67:funding_collapse|69:heatwave:origin|91:flood:alternative,0.012547896924128117,0.043391483189754186,0.20471636831160298,0.038126213650094935,3.1782610750877574e-05,0.001477612772107834,8.349358472874407e-05,1e6df46326a4962e
detectability_one,38,"{""latent_detectability_override"": 1.0}",S7,forward_rollout_proxy,False,951038,0.375,0.25,3,2,282,282,0,0.0,0.0,,117.29514518775079,0.6525183972919093,3.3925725997888687,0.006196142989561587,0.9938038570104384,74,0,0,11296.456075182568,11296.45607518257,5648.228037591284,1.5,0.6699999999999999,0.23397600795463452,0.00011251825049196979,36.5,14.599999999999993,0.10275140978372924,3,5:heatwave:origin|59:heatwave:origin|100:wildfire:origin,0.012440282937472307,0.05622929931685732,0.07963481533821214,0.009363545586399888,1.8002920078715166e-05,0.0004719032933479342,0.00012230742040219455,1e6df46326a4962e
detectability_one,39,"{""latent_detectability_override"": 1.0}",S7,forward_rollout_proxy,False,951039,0.125,0.0,1,0,0,0,1,0.3333333333333333,1.0,17.0,76.2126191388085,0.35702681764566463,0.0,,,51,0,0,11170.46049937243,11170.460499372432,11170.46049937243,1.5,0.3297680684724877,0.046385773038350994,0.00023317043046064005,48.25,19.30000000000001,0.06704483095551111,2,15:wildfire:origin|19:wildfire:alternative|20:heatwave:alternative|27:heatwave:origin|29:heatwave:reserve|37:heatwave:origin|42:heatwave:reserve|64:flood:origin|87:funding_collapse,0.005727036766498903,0.047980206038945344,0.0025524557791444798,0.00501603833984901,3.730726887370241e-05,0.0017709044055038345,0.0011529106720111538,1e6df46326a4962e
detectability_one,40,"{""latent_detectability_override"": 1.0}",S7,forward_rollout_proxy,False,951040,0.5,0.375,4,3,954,954,0,0.0,0.0,,306.4032038727904,0.6647701278312473,4.598824971762479,0.001024089017099331,0.9989759109829006,42,0,0,11198.073584117315,11198.073584117315,3732.691194705772,1.5,0.7398262119331305,0.3160213341372168,0.00026564055219768334,59.25,23.700000000000014,0.1365023161313948,3,4:flood:semiwild|21:funding_collapse|35:wildfire:semiwild|41:wildfire:semiwild,0.014567414678833516,0.04868922745103465,0.08518349240670664,0.004249782615700093,4.250248835162933e-05,0.0005134408324266406,8.185238045766018e-05,1e6df46326a4962e
detectability_one,41,"{""latent_detectability_override"": 1.0}",S7,forward_rollout_proxy,False,951041,0.5,0.5,4,4,710,710,0,0.0,0.0,,257.7624858971989,0.7415276585994159,2.831439832898171,0.0025431057650724346,0.9974568942349276,49,0,0,11116.692478090537,11116.692478090537,2779.1731195226344,1.5,0.4741069464862262,0.3306674617154283,0.00048507330171579653,52.75,21.1,0.14971184368911997,3,14:funding_collapse|29:funding_collapse|37:flood:reserve|48:funding_collapse|85:heatwave:reserve|91:flood:origin,0.016478737769919725,0.059742906714144006,7.66668566502335e-05,0.00011565638452401895,7.761172827452745e-05,0.0009944201463691525,0.00011331691635618058,1e6df46326a4962e
detectability_one,42,"{""latent_detectability_override"": 1.0}",S7,forward_rollout_proxy,False,951042,0.75,0.625,6,5,926,926,0,0.0,0.0,,270.6831414097071,0.5695665104158271,3.8943987003589258,0.0021279353486813378,0.9978720646513186,49,0,0,11107.298169456017,11107.298169456019,2221.4596338912033,1.5,0.6298077330400981,0.41992751874147083,0.00036381738521368864,64.25,25.700000000000024,0.18376379216935881,3,24:heatwave:alternative|35:wildfire:semiwild|40:funding_collapse|43:funding_collapse|95:heatwave:origin|99:funding_collapse,0.014141882246894655,0.05175651538901918,0.17205958931883353,0.01191067347356481,5.821078163419017e-05,0.0008760216119470878,7.051333086394561e-05,1e6df46326a4962e
detectability_one,43,"{""latent_detectability_override"": 1.0}",S7,forward_rollout_proxy,False,951043,0.5,0.5,4,4,759,759,0,0.0,0.0,,215.97441932659396,0.5003058199118173,3.2462612624728853,0.0,1.0,3,0,0,11240.835312605737,11240.835312605737,2810.2088281514343,1.5,0.6699999999999999,0.35297644782604226,0.00029507720254314256,17.5,7.000000000000001,0.14256917600656702,3,19:heatwave:origin|38:flood:semiwild|53:flood:semiwild,0.013020895024485713,0.04290474986530813,0.23569206707601212,0.021625238791191177,4.721235240690282e-05,0.0010231409763160045,5.479450158047885e-05,1e6df46326a4962e
detectability_one,44,"{""latent_detectability_override"": 1.0}",S7,forward_rollout_proxy,False,951044,0.625,0.625,5,5,951,951,1,0.3333333333333333,1.0,14.0,229.82715123531023,0.4757971986599055,3.032457421172471,0.0,1.0,41,0,0,11197.841959577883,11197.841959577883,2239.5683919155767,1.5,0.6057679144703901,0.4055576295467701,0.00016288015386464716,43.75,17.5,0.1670313194400318,2,17:funding_collapse|23:flood:origin|81:flood:alternative,0.013246484621239882,0.04743194533388422,0.2575646855273188,0.01917042202539192,2.606082461834355e-05,0.0009648250860238973,7.187465942117631e-05,1e6df46326a4962e
detectability_one,45,"{""latent_detectability_override"": 1.0}",S7,forward_rollout_proxy,False,951045,0.5,0.25,4,2,43,8,0,0.0,0.0,,182.12452118754535,0.7048652130841258,1.965444287729196,0.019451328433841866,0.9805486715661581,62,0,0,11168.898398592817,11168.898398592817,5584.449199296409,1.5,0.5205969788337652,0.20936618656171457,0.0015470524286115988,77.5,31.000000000000018,0.12576022900523032,3,4:heatwave:reserve|69:flood:alternative|78:wildfire:reserve,0.01387313227270768,0.07878216485576274,0.0016681426515144295,0.0012699731548100645,0.0002475283885778558,0.0008687771691399781,0.0004113018365687752,1e6df46326a4962e
detectability_one,46,"{""latent_detectability_override"": 1.0}",S7,forward_rollout_proxy,False,951046,0.75,0.625,6,5,845,845,0,0.0,0.0,,320.9213068001496,0.707333652069589,3.314122420158843,0.0010167626749544548,0.9989832373250456,127,0,0,11181.108637258303,11181.108637258301,2236.2217274516606,1.5,0.6798410058383005,0.41879386885754866,0.0003000459003205358,78.5,31.400000000000027,0.18209272036065052,3,52:flood:reserve|75:funding_collapse,0.015420809939832116,0.06150910585948524,0.024133612178869987,0.009147513697294477,4.800734405128572e-05,0.0008435040501083682,9.81205959836929e-05,1e6df46326a4962e
detectability_one,47,"{""latent_detectability_override"": 1.0}",S7,forward_rollout_proxy,False,951047,0.625,0.625,5,5,638,636,0,0.0,0.0,,241.3766987164356,0.5358951234253886,3.4502478290478384,0.0015540521007546702,0.9984459478992453,64,0,0,11125.434071253976,11125.434071253976,2225.086814250795,1.5,0.5016635141091724,0.39990046062041396,5.5710306406685235e-05,54.25,21.700000000000024,0.16990815459509173,3,1:funding_collapse|33:heatwave:origin|48:flood:alternative|52:funding_collapse|52:wildfire:origin|53:flood:semiwild|64:flood:semiwild|68:flood:reserve|86:funding_collapse|86:wildfire:alternative,0.013535106349860463,0.05955067971906321,0.18773372614190598,0.01874297484294087,8.913649025069637e-06,0.0010620290801550893,8.351484285950982e-05,1e6df46326a4962e
near_zero_detectability,0,"{""background_detection_probability"": 0.0, ""latent_detectability_override"": 1e-09}",S7,forward_rollout_proxy,False,952000,0.5,0.25,4,2,449,376,3,1.0,1.0,50.666666666666664,253.5764773978582,0.7312803084976208,5.288928702919301,0.0015096633824760511,0.998490336617524,108,0,0,11180.273782613987,11180.27378261399,5590.136891306994,1.5,0.6123535665744805,0.24465007538786757,0.00017946889747629436,60.25,24.100000000000016,0.09012715850613257,0,9:wildfire:semiwild|25:funding_collapse|31:heatwave:reserve|91:wildfire:origin,0.015482816323985935,0.06106910991093464,0.0031076736330656464,0.001188335465704978,2.87150235962071e-05,0.0006587700528004163,0.00010888724822355616,eaed17f8ab670afe
near_zero_detectability,1,"{""background_detection_probability"": 0.0, ""latent_detectability_override"": 1e-09}",S7,forward_rollout_proxy,False,952001,0.75,0.5,6,4,985,919,3,1.0,1.0,54.666666666666664,326.7764045292254,0.5998998776630458,3.4378697380593093,0.0006755205422944864,0.9993244794577055,115,0,0,11122.015089849772,11122.015089849774,2780.503772462443,1.5,0.7382289835535122,0.3596533790923399,0.00027574174389737743,78.5,31.400000000000027,0.13225891678197793,0,24:funding_collapse|45:funding_collapse|81:funding_collapse,0.014005427946428695,0.05106952217147283,0.13714861788077273,0.013320512299656388,4.411867902358039e-05,0.0008860640742221885,6.746309257128666e-05,eaed17f8ab670afe
near_zero_detectability,2,"{""background_detection_probability"": 0.0, ""latent_detectability_override"": 1e-09}",S7,forward_rollout_proxy,False,952002,0.625,0.25,5,2,311,143,3,1.0,1.0,34.0,210.18775253952973,0.6202922552696143,4.687560302886462,0.003909093062993839,0.9960909069370062,137,0,0,11139.487522034276,11139.487522034276,5569.743761017138,1.5,0.4082729712862201,0.22277661466656556,0.0005492311927956055,109.0,43.60000000000005,0.11286857254539469,0,4:wildfire:semiwild|5:heatwave:semiwild|16:heatwave:alternative|29:heatwave:origin|41:flood:origin|47:wildfire:reserve|48:heatwave:alternative|49:funding_collapse|77:funding_collapse,0.010446567587555277,0.07560772541506428,0.06370525521787361,0.013487802999140567,8.787699084729692e-05,0.0008350888866227027,0.00016973743051946547,eaed17f8ab670afe
near_zero_detectability,3,"{""background_detection_probability"": 0.0, ""latent_detectability_override"": 1e-09}",S7,forward_rollout_proxy,False,952003,0.625,0.375,5,3,524,524,3,1.0,1.0,37.333333333333336,249.16386345685703,0.6082309264142299,4.439275192839791,0.0015291312789243144,0.9984708687210757,27,0,0,11042.794413857282,11042.794413857282,3680.931471285761,1.5,0.47878929562998523,0.2843098165968264,5.129720853858785e-05,46.0,18.399999999999995,0.11644067552714969,0,5:wildfire:alternative|11:heatwave:alternative|33:funding_collapse|65:funding_collapse|87:flood:alternative|91:funding_collapse|97:wildfire:semiwild,0.013866707408457824,0.04915489689962312,0.12446066218730759,0.021727434246285534,8.207553366174056e-06,0.0011947656664412153,5.7083388623394094e-05,eaed17f8ab670afe
near_zero_detectability,4,"{""background_detection_probability"": 0.0, ""latent_detectability_override"": 1e-09}",S7,forward_rollout_proxy,False,952004,0.5,0.375,4,3,368,350,3,1.0,1.0,46.0,250.05513039865033,0.6568531999931936,3.5133274939537493,0.00018414822903937002,0.9998158517709607,159,0,0,11163.282402024892,11163.282402024894,3721.0941340082973,1.5,0.6029882961067627,0.28687999963169947,0.0003478853302325821,97.5,39.00000000000004,0.1134894754074285,0,21:heatwave:alternative|55:heatwave:reserve|67:funding_collapse,0.014007603709730913,0.0698849478067229,0.060719418153237295,0.015302853213915023,5.566165283721315e-05,0.001044373890029367,0.0001239053152576761,eaed17f8ab670afe
near_zero_detectability,5,"{""background_detection_probability"": 0.0, ""latent_detectability_override"": 1e-09}",S7,forward_rollout_proxy,False,952005,0.625,0.5,5,4,741,741,3,1.0,1.0,45.0,284.62756143050177,0.5621837719646776,4.053159794818424,0.0005049420517368189,0.9994950579482632,33,0,0,11228.546403680575,11228.546403680575,2807.136600920144,1.5,0.6994983937050714,0.36233119142926795,9.989517546148894e-05,61.5,24.60000000000002,0.13424877055288276,0,50:heatwave:alternative,0.013832835888562964,0.048945237883096855,0.17203306894817108,0.020482541664871692,1.598322807383823e-05,0.0010750922711763112,6.0385271604910145e-05,eaed17f8ab670afe
near_zero_detectability,6,"{""background_detection_probability"": 0.0, ""latent_detectability_override"": 1e-09}",S7,forward_rollout_proxy,False,952006,0.75,0.5,6,4,550,549,3,1.0,1.0,46.333333333333336,278.3469540380213,0.6061885305392495,3.4308406933698476,0.0041038512336450325,0.995896148766355,47,0,0,11146.650303436774,11146.650303436774,2786.6625758591936,1.5,0.536363286321706,0.3409413548142399,0.0006286624816837025,70.5,28.200000000000024,0.13998309624185423,0,17:funding_collapse|26:heatwave:alternative|66:funding_collapse|67:heatwave:alternative|71:heatwave:reserve|82:heatwave:semiwild,0.014067294288960096,0.0593282263092533,0.12186488341926723,0.017380942612338728,0.0001005859970693924,0.0011162977052094464,7.148008323141234e-05,eaed17f8ab670afe
near_zero_detectability,7,"{""background_detection_probability"": 0.0, ""latent_detectability_override"": 1e-09}",S7,forward_rollout_proxy,False,952007,0.75,0.5,6,4,892,829,3,1.0,1.0,42.666666666666664,329.9352692598452,0.5954311345422725,3.532480649183099,0.0008651366949878175,0.9991348633050122,163,0,0,11241.09984541578,11241.099845415782,2810.274961353945,1.5,0.6699999999999999,0.35564600983800937,0.00020558707047428762,83.25,33.30000000000003,0.1416060167308918,0,48:wildfire:origin,0.01347125516803671,0.048672039737736705,0.14654824089898197,0.00795338493434605,3.2893931275886015e-05,0.0006969517677760006,7.25237673649645e-05,eaed17f8ab670afe
near_zero_detectability,8,"{""background_detection_probability"": 0.0, ""latent_detectability_override"": 1e-09}",S7,forward_rollout_proxy,False,952008,0.625,0.5,5,4,702,702,3,1.0,1.0,31.666666666666668,234.0077851780109,0.4828318870454869,3.8042612564580613,0.0004442179186853934,0.9995557820813146,20,0,0,11219.428539324754,11219.428539324756,2804.8571348311884,1.5,0.5000603673378677,0.33931312971214506,0.0001065529330971916,30.0,11.999999999999996,0.13132240206888834,0,16:flood:origin|29:flood:alternative|61:flood:alternative|67:funding_collapse,0.012886465294275881,0.0453730989115041,0.24564846154649114,0.025564229924740646,1.7048469295550656e-05,0.0011033162776176116,5.6579974396119395e-05,eaed17f8ab670afe
near_zero_detectability,9,"{""background_detection_probability"": 0.0, ""latent_detectability_override"": 1e-09}",S7,forward_rollout_proxy,False,952009,0.625,0.5,5,4,770,770,3,1.0,1.0,41.0,276.49322443281386,0.5886010691559468,3.135286713924365,2.707574462592541e-05,0.9999729242553741,60,0,0,11030.735981465778,11030.735981465776,2757.6839953664444,1.5,0.6699999999999999,0.3505228164994898,0.0001548926542419931,60.75,24.30000000000002,0.1358497468012307,0,12:flood:semiwild|19:wildfire:semiwild|33:funding_collapse|65:funding_collapse|70:heatwave:semiwild|71:funding_collapse|81:flood:origin|84:funding_collapse|88:funding_collapse|99:funding_collapse,0.01396083926612393,0.05025380871898543,0.15167062199588094,0.0139891691046506,2.4782824678718896e-05,0.0009444448638868898,6.904418222997536e-05,eaed17f8ab670afe
near_zero_detectability,10,"{""background_detection_probability"": 0.0, ""latent_detectability_override"": 1e-09}",S7,forward_rollout_proxy,False,952010,0.625,0.25,5,2,444,435,3,1.0,1.0,34.666666666666664,237.84317475863725,0.6781190747365285,4.157549567272506,0.0061052567814194394,0.9938947432185805,167,0,0,11223.712869588322,11223.712869588322,5611.856434794161,1.5,0.5489465073039921,0.232942410605965,0.0004969950929946173,92.5,37.00000000000003,0.11986132101420366,0,32:wildfire:origin|52:heatwave:reserve|55:heatwave:semiwild|77:flood:alternative,0.014417144249110286,0.06520313866545314,0.049210257466877155,0.006785819602621569,7.951921487913877e-05,0.0006682525929447004,0.00013862520597570348,eaed17f8ab670afe
near_zero_detectability,11,"{""background_detection_probability"": 0.0, ""latent_detectability_override"": 1e-09}",S7,forward_rollout_proxy,False,952011,0.625,0.5,5,4,342,328,3,1.0,1.0,38.0,284.27595077968226,0.6066518927548354,3.2757629283419285,0.0012915419331218363,0.9987084580668781,75,0,0,11104.679585948848,11104.679585948848,2776.169896487212,1.5,0.4714980786054348,0.3315047228103434,0.00022800963290024037,70.75,28.30000000000003,0.13298642833190283,0,4:funding_collapse|46:flood:alternative|54:wildfire:semiwild|63:flood:origin|69:funding_collapse|77:flood:reserve|81:heatwave:alternative|90:funding_collapse|91:funding_collapse,0.01382769032416762,0.06068188938656647,0.12063088635995912,0.015586116347232577,3.648154126403846e-05,0.0009895844214379992,7.260839985963781e-05,eaed17f8ab670afe
near_zero_detectability,12,"{""background_detection_probability"": 0.0, ""latent_detectability_override"": 1e-09}",S7,forward_rollout_proxy,False,952012,0.625,0.5,5,4,736,736,3,1.0,1.0,50.666666666666664,284.33008734122956,0.5757141212866747,4.097354978742244,1.1313001565797764e-05,0.9999886869984342,79,0,0,11154.923212610549,11154.923212610549,2788.7308031526372,1.5,0.6499165855802175,0.3567930879931216,0.00018748623396007213,73.5,29.400000000000027,0.12913939823838702,0,19:funding_collapse|21:funding_collapse|26:heatwave:alternative,0.013886169065211493,0.050277467888496644,0.16075142371344975,0.0172394025654535,2.999779743361154e-05,0.001079208602992746,7.632497565275497e-05,eaed17f8ab670afe
near_zero_detectability,13,"{""background_detection_probability"": 0.0, ""latent_detectability_override"": 1e-09}",S7,forward_rollout_proxy,False,952013,0.625,0.125,5,1,138,25,3,1.0,1.0,36.666666666666664,175.50130923723188,0.6653621680374056,3.1931589537223335,0.04305833107008069,0.9569416689299193,171,0,0,11157.924439831579,11157.924439831579,11157.924439831579,1.5,0.25897781101328404,0.13202680003020564,0.00039225860874702743,105.0,42.00000000000005,0.08973714695826951,0,15:funding_collapse|22:funding_collapse|32:flood:alternative|40:flood:reserve|49:heatwave:origin|52:flood:alternative|62:flood:semiwild|84:wildfire:alternative|99:heatwave:reserve,0.009973138770593238,0.079630579925294,0.01700670232548866,0.0033398013235129875,6.276137739952438e-05,0.0006824847077975215,0.00036244787565872945,eaed17f8ab670afe
near_zero_detectability,14,"{""background_detection_probability"": 0.0, ""latent_detectability_override"": 1e-09}",S7,forward_rollout_proxy,False,952014,0.5,0.5,4,4,556,556,2,0.6666666666666666,1.0,27.0,274.273609305888,0.7424567561183322,2.5502622961656694,0.0007224467625712133,0.9992775532374288,10,0,0,11162.627585486665,11162.627585486665,2790.6568963716663,1.5,0.5730891473600614,0.33025479154664367,0.0001372030783766405,38.5,15.399999999999993,0.11221626924490408,0,28:heatwave:reserve|33:heatwave:semiwild|66:flood:semiwild|85:funding_collapse|94:wildfire:reserve,0.016602460759145864,0.06044430322183661,8.2145103942834e-06,2.2838484988355314e-05,2.1952492540262488e-05,0.0009985211356024265,7.216095084154146e-05,eaed17f8ab670afe
near_zero_detectability,15,"{""background_detection_probability"": 0.0, ""latent_detectability_override"": 1e-09}",S7,forward_rollout_proxy,False,952015,0.875,0.625,7,5,774,774,3,1.0,1.0,53.333333333333336,294.9062955680688,0.5787551675840762,3.916715037677167,0.0004874731165385466,0.9995125268834615,21,0,0,11224.612487551885,11224.612487551885,2244.922497510377,1.5,0.6303772321121173,0.4151532565243219,0.00029324659432775264,48.5,19.400000000000006,0.1584919146816926,0,27:heatwave:semiwild|43:heatwave:alternative|57:wildfire:semiwild|59:wildfire:origin,0.013887290939979946,0.04941794535813499,0.16064961685096057,0.015274999813573602,4.691945509244042e-05,0.0010211977155017142,5.046693200808992e-05,eaed17f8ab670afe
near_zero_detectability,16,"{""background_detection_probability"": 0.0, ""latent_detectability_override"": 1e-09}",S7,forward_rollout_proxy,False,952016,0.625,0.25,5,2,368,368,3,1.0,1.0,41.666666666666664,226.34276010624052,0.7432269150708888,4.6953462984015,0.002014823777989507,0.9979851762220104,4,0,0,11063.91687996146,11063.91687996146,5531.95843998073,1.5,0.4590971380771476,0.22585567246610994,0.00010828790809448451,27.25,10.899999999999997,0.10246247837190096,0,4:heatwave:reserve|19:wildfire:reserve|20:flood:reserve|60:heatwave:reserve|67:funding_collapse,0.016685269311674224,0.058918037986695725,1.4742345928245854e-06,3.0041947240191266e-05,1.7326065295117518e-05,0.0006564315384211406,6.28280422642037e-05,eaed17f8ab670afe
near_zero_detectability,17,"{""background_detection_probability"": 0.0, ""latent_detectability_override"": 1e-09}",S7,forward_rollout_proxy,False,952017,0.375,0.25,3,2,391,391,3,1.0,1.0,32.666666666666664,238.19637002039002,0.6423332860351653,6.345319330338052,0.00013895786110210408,0.9998610421388979,11,0,0,11169.566905812851,11169.566905812853,5584.783452906426,1.5,0.4914763517354888,0.24321888517125057,0.000151945410719956,25.75,10.299999999999997,0.09059028347160575,0,4:wildfire:alternative|39:heatwave:origin|46:flood:alternative|47:heatwave:semiwild,0.013624095859569262,0.045189480040770384,0.10895346558610855,0.0068583239004430105,2.431126571519296e-05,0.0005159984137759374,4.2349335715254706e-05,eaed17f8ab670afe
near_zero_detectability,18,"{""background_detection_probability"": 0.0, ""latent_detectability_override"": 1e-09}",S7,forward_rollout_proxy,False,952018,0.375,0.125,3,1,253,189,3,1.0,1.0,30.666666666666668,135.96338109470253,0.6652658241201298,3.161718942948877,2.2239723373025317e-05,0.999977760276627,91,0,0,11156.737939906214,11156.737939906216,11156.737939906214,1.5,0.4970536716533183,0.15105776988279976,0.0011234105854869114,52.25,20.9,0.06742606643989583,0,4:heatwave:reserve|26:wildfire:origin|39:heatwave:semiwild|42:wildfire:alternative|53:flood:alternative|76:wildfire:semiwild|83:funding_collapse,0.011018236436640067,0.0691715618393604,0.03129667441179869,0.011175242488191383,0.00017974569367790581,0.0008360157911572249,0.0003661077371929441,eaed17f8ab670afe
near_zero_detectability,19,"{""background_detection_probability"": 0.0, ""latent_detectability_override"": 1e-09}",S7,forward_rollout_proxy,False,952019,0.625,0.5,5,4,377,368,3,1.0,1.0,46.0,280.8141493634028,0.588696044726762,3.870061701380588,0.0011816001056716313,0.9988183998943284,43,0,0,11129.301294272273,11129.301294272274,2782.325323568068,1.5,0.4515608646235045,0.33575849163899796,0.00046515914545692134,69.0,27.60000000000003,0.13450894081420794,0,3:funding_collapse|7:heatwave:alternative|39:wildfire:semiwild|41:wildfire:alternative|84:wildfire:origin|85:wildfire:reserve|94:funding_collapse|100:wildfire:semiwild,0.013815857132458718,0.057460710578561794,0.1398595780236009,0.017519626140736485,7.442546327310741e-05,0.0010874037634666727,6.830247489467985e-05,eaed17f8ab670afe
near_zero_detectability,20,"{""background_detection_probability"": 0.0, ""latent_detectability_override"": 1e-09}",S7,forward_rollout_proxy,False,952020,0.75,0.625,6,5,1025,1025,3,1.0,1.0,42.333333333333336,353.0786349289717,0.6487612263452185,3.3241725431394356,0.05644178648913646,0.9435582135108636,139,0,0,11175.985497657657,11175.985497657657,2235.1970995315314,1.5,0.6979336475322125,0.4159834731209542,0.00016088581897405425,95.5,38.20000000000003,0.1584919146816926,0,23:funding_collapse|62:wildfire:reserve|70:funding_collapse,0.014481842462653938,0.05779758827531839,0.07990591772484026,0.014967317374410719,2.5741731035848683e-05,0.0011643241273208177,8.916607412708355e-05,eaed17f8ab670afe
near_zero_detectability,21,"{""background_detection_probability"": 0.0, ""latent_detectability_override"": 1e-09}",S7,forward_rollout_proxy,False,952021,0.75,0.625,6,5,949,949,3,1.0,1.0,44.0,298.36073481154926,0.5863422441426343,2.9626696483315524,0.0019279006694720604,0.998072099330528,63,0,0,11170.388056853159,11170.388056853157,2234.0776113706315,1.5,0.7392448158605832,0.4164995610057124,0.00015692950687179236,64.25,25.70000000000002,0.1584919146816926,0,12:funding_collapse|15:flood:semiwild|95:funding_collapse,0.014067120666905651,0.051310507597378506,0.15100196970514465,0.014953055584771367,2.510872109948678e-05,0.001047303080878288,6.684702515850666e-05,eaed17f8ab670afe
near_zero_detectability,22,"{""background_detection_probability"": 0.0, ""latent_detectability_override"": 1e-09}",S7,forward_rollout_proxy,False,952022,0.5,0.375,4,3,388,380,3,1.0,1.0,35.0,224.10923329140368,0.7189606374202816,2.6123280511212115,0.09846843927967358,0.9015315607203265,151,0,0,11204.488637547684,11204.488637547684,3734.829545849228,1.5,0.37777149973049656,0.2552924989518927,0.00021425854617972885,80.25,32.10000000000002,0.11321034233815457,0,17:wildfire:origin|25:funding_collapse|37:heatwave:reserve|64:wildfire:reserve|76:flood:reserve|85:wildfire:semiwild|98:heatwave:alternative,0.015949369934439007,0.05931222610061654,0.00957517162303475,0.004264889983808595,3.428136738875662e-05,0.0008811073676447427,0.0001733514847115621,eaed17f8ab670afe
near_zero_detectability,23,"{""background_detection_probability"": 0.0, ""latent_detectability_override"": 1e-09}",S7,forward_rollout_proxy,False,952023,0.75,0.5,6,4,707,707,3,1.0,1.0,44.666666666666664,253.10964893798504,0.5686389048234368,2.8451261520657134,0.003627122415195829,0.9963728775848042,31,0,0,11219.07900761154,11219.079007611543,2804.769751902885,1.5,0.6699999999999999,0.3475123267090675,0.00015907998813529715,30.0,11.999999999999996,0.13530532594205186,0,43:heatwave:origin|44:heatwave:origin,0.013682433162205299,0.04742417734510857,0.16940939488855744,0.01716793186443617,2.5452798101647544e-05,0.000964366216641475,4.202745991309079e-05,eaed17f8ab670afe
near_zero_detectability,24,"{""background_detection_probability"": 0.0, ""latent_detectability_override"": 1e-09}",S7,forward_rollout_proxy,False,952024,0.625,0.5,5,4,571,571,3,1.0,1.0,49.666666666666664,280.3780315970066,0.6344763862219629,3.845425543087462,0.0747883032664824,0.9252116967335176,38,0,0,11200.064934006823,11200.064934006823,2800.0162335017058,1.5,0.5728505199899384,0.34842725043086864,0.0003846492843449405,57.5,23.00000000000001,0.13843971500500066,0,20:heatwave:alternative|51:heatwave:alternative|100:flood:semiwild,0.014059169129907331,0.04995387022004028,0.11459151045475435,0.005950470580791461,6.154388549519047e-05,0.0006558233400316148,6.512418897799121e-05,eaed17f8ab670afe
near_zero_detectability,25,"{""background_detection_probability"": 0.0, ""latent_detectability_override"": 1e-09}",S7,forward_rollout_proxy,False,952025,0.75,0.5,6,4,923,923,3,1.0,1.0,49.0,335.38858396164795,0.6148289369631279,4.389607176734348,0.000339272282969593,0.9996607277170304,41,0,0,11219.891766504139,11219.891766504139,2804.9729416260348,1.5,0.6699999999999999,0.36395630956432073,0.0002147883006061894,50.25,20.100000000000005,0.14030118898488614,0,58:wildfire:origin,0.014423685214591218,0.050724305829195515,0.12470097057508985,0.012708212193572089,3.436612809699031e-05,0.0010293640530228923,5.2480341604544625e-05,eaed17f8ab670afe
near_zero_detectability,26,"{""background_detection_probability"": 0.0, ""latent_detectability_override"": 1e-09}",S7,forward_rollout_proxy,False,952026,0.75,0.375,6,3,736,736,3,1.0,1.0,37.666666666666664,302.3678976578339,0.6436778276022578,4.564960096406401,0.001458007307721516,0.9985419926922785,38,0,0,11201.94943052319,11201.94943052319,3733.98314350773,1.5,0.6699999999999999,0.30582233623328203,0.0003197141073723099,52.5,21.00000000000001,0.12211367634609015,0,63:heatwave:origin|70:heatwave:origin|82:funding_collapse|97:wildfire:origin,0.014274545156320815,0.048869855923728674,0.10473591004316037,0.005437384468005051,5.115425717956959e-05,0.0005745555916023961,6.232458050603126e-05,eaed17f8ab670afe
near_zero_detectability,27,"{""background_detection_probability"": 0.0, ""latent_detectability_override"": 1e-09}",S7,forward_rollout_proxy,False,952027,0.375,0.25,3,2,401,359,3,1.0,1.0,32.666666666666664,190.72264734939455,0.7185321095320346,2.641047754646857,0.02609081745232832,0.9739091825476717,109,0,0,11158.759631345101,11158.759631345103,5579.379815672551,1.5,0.5674084782209666,0.21479698594306662,4.8099436334730454e-05,53.5,21.400000000000002,0.09572830287250705,0,7:flood:reserve|35:flood:origin|45:wildfire:origin,0.01483454070093695,0.05880304937841821,0.0022249984669193206,0.0041965810387845906,7.695909813556872e-06,0.0012437966323341084,0.0002070259704997078,eaed17f8ab670afe
near_zero_detectability,28,"{""background_detection_probability"": 0.0, ""latent_detectability_override"": 1e-09}",S7,forward_rollout_proxy,False,952028,0.625,0.5,5,4,950,950,3,1.0,1.0,42.0,343.4752503108628,0.5882955267440064,4.947072106320943,0.006006830498969789,0.9939931695010302,47,0,0,11163.79375558529,11163.79375558529,2790.9484388963224,1.5,0.6828694795094048,0.3692574665162026,0.00033306376098979346,55.75,22.300000000000015,0.13249898751026368,0,24:funding_collapse|48:funding_collapse|57:wildfire:origin,0.014181969125175631,0.048747066336477456,0.15063877976207551,0.015067878383382192,5.329020175836695e-05,0.000934817039328942,5.0501039118741534e-05,eaed17f8ab670afe
near_zero_detectability,29,"{""background_detection_probability"": 0.0, ""latent_detectability_override"": 1e-09}",S7,forward_rollout_proxy,False,952029,0.5,0.375,4,3,352,282,3,1.0,1.0,19.333333333333332,174.92449063703953,0.568776446451016,2.9184660934096986,9.262714749921653e-06,0.9999907372852501,122,0,0,11200.152046472063,11200.152046472065,3733.384015490688,1.5,0.47010235313511056,0.26905465415802127,0.0001919247552500854,85.0,34.00000000000003,0.12054878955206592,0,5:heatwave:origin|17:heatwave:origin|24:heatwave:alternative|44:funding_collapse|54:flood:reserve|56:flood:alternative|76:funding_collapse,0.011515856531860541,0.06741667956203692,0.12673512203579398,0.023351762398868634,3.070796084001366e-05,0.000990865868487262,0.00014718641829449046,eaed17f8ab670afe
near_zero_detectability,30,"{""background_detection_probability"": 0.0, ""latent_detectability_override"": 1e-09}",S7,forward_rollout_proxy,False,952030,0.625,0.375,5,3,633,633,3,1.0,1.0,43.666666666666664,300.01686464603966,0.6937799391881058,3.852185114441639,0.0034018266187652844,0.9965981733812347,202,0,0,11185.714517814282,11185.714517814282,3728.571505938094,1.5,0.649197356497638,0.2968195544987482,0.00034731271451546796,92.0,36.800000000000026,0.12313983852284012,0,55:wildfire:reserve|70:funding_collapse,0.015048104147861974,0.06263742336070328,0.03863282983553222,0.006580785848852355,5.5570034322474873e-05,0.0009784943251663594,0.00010761636486046326,eaed17f8ab670afe
near_zero_detectability,31,"{""background_detection_probability"": 0.0, ""latent_detectability_override"": 1e-09}",S7,forward_rollout_proxy,False,952031,0.625,0.25,5,2,160,32,3,1.0,1.0,51.333333333333336,193.4907362365024,0.6940923855076189,3.099237020917529,0.011684858365584718,0.9883151416344153,84,0,0,11169.744502592726,11169.744502592726,5584.872251296363,1.5,0.3494707742203638,0.19858789476545147,0.0001823989415681354,69.75,27.90000000000002,0.10074223567119904,0,3:heatwave:semiwild|6:wildfire:reserve|37:heatwave:alternative|41:wildfire:alternative|91:heatwave:reserve|94:wildfire:semiwild|96:flood:alternative,0.012610212493414742,0.07623173708805316,0.014075126622414447,0.0034435254428034534,2.9183830650901667e-05,0.0006025912810049204,0.00018041019719948592,eaed17f8ab670afe
near_zero_detectability,32,"{""background_detection_probability"": 0.0, ""latent_detectability_override"": 1e-09}",S7,forward_rollout_proxy,False,952032,0.75,0.625,6,5,809,809,3,1.0,1.0,42.0,299.47435950739555,0.5438078053745855,4.0009207635090736,0.05043062438852101,0.949569375611479,49,0,0,11232.702085307816,11232.702085307817,2246.540417061563,1.5,0.7037705078425102,0.42333464135568033,0.00013011250478112347,68.5,27.400000000000034,0.1584919146816926,0,45:flood:alternative|78:heatwave:semiwild,0.01374772370894122,0.04825113840163398,0.19334906740272206,0.017904891232783684,2.0818000764979754e-05,0.0010234037059279292,6.098646154346569e-05,eaed17f8ab670afe
near_zero_detectability,33,"{""background_detection_probability"": 0.0, ""latent_detectability_override"": 1e-09}",S7,forward_rollout_proxy,False,952033,0.5,0.125,4,1,138,33,3,1.0,1.0,41.333333333333336,175.9161231353604,0.7005333842627492,3.4116804012898605,0.019025395310385454,0.9809746046896145,118,0,0,11152.377699375884,11152.377699375886,11152.377699375884,1.5,0.4959110132059447,0.15904089979219835,0.0002800477814209204,62.75,25.10000000000001,0.09541497229352636,0,12:heatwave:alternative|21:flood:reserve|37:wildfire:reserve,0.012865949309020115,0.07595357668809338,0.005333949759123716,0.0036635265723783056,4.480764502734726e-05,0.0008057985114077361,0.00022991326330173208,eaed17f8ab670afe
near_zero_detectability,34,"{""background_detection_probability"": 0.0, ""latent_detectability_override"": 1e-09}",S7,forward_rollout_proxy,False,952034,0.625,0.5,5,4,457,457,3,1.0,1.0,51.0,314.8876048327654,0.5838451435570307,4.354989472461117,0.0006122319235330688,0.9993877680764669,61,0,0,11198.973119779586,11198.973119779588,2799.7432799448966,1.5,0.6435049668275038,0.3599078297732512,0.00030319224074375347,64.5,25.80000000000001,0.1350371918294483,0,26:flood:semiwild|65:flood:semiwild|94:flood:reserve|95:funding_collapse,0.013890435133480449,0.052998529779266335,0.15115995798458448,0.015623159464629784,4.851075851900054e-05,0.0009968889768404603,5.820799029259606e-05,eaed17f8ab670afe
near_zero_detectability,35,"{""background_detection_probability"": 0.0, ""latent_detectability_override"": 1e-09}",S7,forward_rollout_proxy,False,952035,0.375,0.375,3,3,556,556,3,1.0,1.0,27.333333333333332,229.13402769174834,0.5287711237703265,4.027574629049304,0.0005345838932329196,0.9994654161067671,6,0,0,11216.195870661282,11216.195870661282,3738.731956887094,1.5,0.5705692190627315,0.2871485631762581,0.00031220866269441786,18.75,7.5,0.1053294748974594,0,18:flood:origin|29:flood:semiwild|31:wildfire:semiwild|34:heatwave:semiwild|45:flood:semiwild|46:funding_collapse|61:heatwave:semiwild|93:heatwave:alternative,0.012915507730412336,0.0419433234091144,0.20039204213881895,0.028638712408367656,4.9953386031106855e-05,0.0012503842888790433,3.933275831067847e-05,eaed17f8ab670afe
near_zero_detectability,36,"{""background_detection_probability"": 0.0, ""latent_detectability_override"": 1e-09}",S7,forward_rollout_proxy,False,952036,0.625,0.5,5,4,414,395,3,1.0,1.0,54.333333333333336,300.68805496251616,0.5674638656634994,4.230731740442717,0.001337170358030643,0.9986628296419694,87,0,0,11201.277126796893,11201.277126796893,2800.319281699223,1.5,0.5162048452916629,0.34572604233242765,0.00014998734444961965,80.75,32.30000000000004,0.13399120199417086,0,16:funding_collapse|25:flood:alternative|81:wildfire:origin|92:wildfire:reserve,0.01370452388922927,0.05398453794503976,0.16100469396597927,0.02028714407775762,2.3997975111939146e-05,0.0009963031359632593,7.248087292589252e-05,eaed17f8ab670afe
near_zero_detectability,37,"{""background_detection_probability"": 0.0, ""latent_detectability_override"": 1e-09}",S7,forward_rollout_proxy,False,952037,0.625,0.5,5,4,768,768,3,1.0,1.0,36.666666666666664,282.30913222943025,0.5496191009023192,4.577191873268421,0.0007509084602873865,0.9992490915397126,58,0,0,11099.197776429757,11099.197776429759,2774.7994441074393,1.5,0.6699999999999999,0.3638126149369409,0.00019414206303049994,45.75,18.299999999999997,0.1302034810212832,0,33:funding_collapse|40:flood:origin|45:wildfire:semiwild|46:funding_collapse|68:funding_collapse|92:funding_collapse,0.013554411977799455,0.0476282538377967,0.1855693425415741,0.019311613645873783,3.106273008487999e-05,0.0010497077713658076,4.8377818583648024e-05,eaed17f8ab670afe
near_zero_detectability,38,"{""background_detection_probability"": 0.0, ""latent_detectability_override"": 1e-09}",S7,forward_rollout_proxy,False,952038,0.5,0.5,4,4,709,709,3,1.0,1.0,37.0,236.52576137169416,0.5146564981660672,3.7151342641231526,0.00011924185596065027,0.9998807581440393,40,0,0,11167.636386010932,11167.636386010932,2791.909096502733,1.5,0.6024132504438727,0.34865714809939646,0.00018373274841736073,40.0,15.999999999999991,0.13132240206888834,0,21:wildfire:semiwild|22:heatwave:origin|28:heatwave:semiwild|41:flood:origin|42:funding_collapse|64:flood:alternative|87:funding_collapse,0.01321848509467189,0.04650953498520469,0.21788831924643032,0.021520682262247265,2.939723974677771e-05,0.001012042174611434,6.657344814866226e-05,eaed17f8ab670afe
near_zero_detectability,39,"{""background_detection_probability"": 0.0, ""latent_detectability_override"": 1e-09}",S7,forward_rollout_proxy,False,952039,0.5,0.125,4,1,4,0,3,1.0,1.0,47.333333333333336,190.0279468609189,0.6924131714768404,2.0,0.052228811204,0.947771188796,70,0,0,11052.483268724623,11052.483268724625,11052.483268724623,1.5,0.42691544956429167,0.1375999784951594,0.0001273592541034025,48.0,19.199999999999996,0.09329216769365115,0,2:heatwave:reserve|22:funding_collapse|25:wildfire:alternative|36:wildfire:reserve|53:funding_collapse|69:wildfire:origin|86:heatwave:semiwild,0.011612569912702889,0.07795338623410067,0.0038660640893665023,0.003772616424447946,2.03774806565444e-05,0.0007664681559477314,0.0002771602855467829,eaed17f8ab670afe
near_zero_detectability,40,"{""background_detection_probability"": 0.0, ""latent_detectability_override"": 1e-09}",S7,forward_rollout_proxy,False,952040,0.5,0.375,4,3,549,549,3,1.0,1.0,29.666666666666668,268.44160741151484,0.7410576506140052,3.4839231451453347,0.0007582940940915277,0.9992417059059084,18,0,0,11145.750461170974,11145.750461170974,3715.250153723658,1.5,0.6277998937451617,0.2874417386299882,5.3475935828877e-05,28.25,11.299999999999994,0.10536258902009339,0,1:flood:reserve|39:funding_collapse|48:heatwave:origin|52:flood:semiwild|97:wildfire:semiwild,0.01691615023654479,0.055686317873624776,1.2178876304374128e-05,7.050483279949084e-05,8.556149732620321e-06,0.001266621388195155,6.959599310572895e-05,eaed17f8ab670afe
near_zero_detectability,41,"{""background_detection_probability"": 0.0, ""latent_detectability_override"": 1e-09}",S7,forward_rollout_proxy,False,952041,0.625,0.625,5,5,770,770,3,1.0,1.0,25.333333333333332,219.26052654217318,0.45771509359670437,3.334527518058618,0.06409311552120298,0.935906884478797,28,0,0,11243.786768355925,11243.786768355925,2248.7573536711852,1.5,0.6699999999999999,0.4132936581169247,7.957559681697613e-05,36.0,14.399999999999999,0.1584919146816926,0,8:wildfire:origin|12:funding_collapse,0.012691463392014319,0.044694287203954436,0.2666479925586211,0.029401251864666113,1.273209549071618e-05,0.001172648540114592,7.173671527070915e-05,eaed17f8ab670afe
near_zero_detectability,42,"{""background_detection_probability"": 0.0, ""latent_detectability_override"": 1e-09}",S7,forward_rollout_proxy,False,952042,0.625,0.25,5,2,360,360,3,1.0,1.0,40.0,213.90923943580196,0.7395957654257616,3.334398264321435,0.0032970669736090276,0.996702933026391,45,0,0,11197.816485256842,11197.816485256842,5598.908242628421,1.5,0.4849866124199693,0.21402650507031434,0.00010309381337565598,35.25,14.099999999999996,0.09841930592551527,0,8:flood:semiwild|26:flood:reserve|31:wildfire:semiwild|42:flood:semiwild|48:wildfire:origin|75:wildfire:reserve,0.016701300937667515,0.05763172067362476,8.23758442001575e-05,0.0002064381425844196,1.6495010140104956e-05,0.0005993933854780172,0.000107774236741302,eaed17f8ab670afe
near_zero_detectability,43,"{""background_detection_probability"": 0.0, ""latent_detectability_override"": 1e-09}",S7,forward_rollout_proxy,False,952043,0.625,0.5,5,4,593,592,3,1.0,1.0,42.0,295.8185022295287,0.6947489559062925,3.3913495185823552,0.002890277528688493,0.9971097224713115,166,0,0,11095.168602757234,11095.168602757232,2773.7921506893085,1.5,0.5670150153180036,0.3422617662499645,0.0001745233363637114,87.0,34.80000000000005,0.13323384766170296,0,9:funding_collapse|27:funding_collapse|32:funding_collapse|58:funding_collapse|70:wildfire:reserve|71:wildfire:reserve|83:flood:semiwild,0.015397933512555752,0.06420398711720691,0.03705076034304805,0.006646357585390731,2.7923733818193825e-05,0.0009137209913770066,0.00011720779502352246,eaed17f8ab670afe
near_zero_detectability,44,"{""background_detection_probability"": 0.0, ""latent_detectability_override"": 1e-09}",S7,forward_rollout_proxy,False,952044,0.5,0.25,4,2,367,367,3,1.0,1.0,46.333333333333336,248.9138981507491,0.7430598497192774,5.073331629443595,0.0001224468282729187,0.9998775531717271,1,0,0,11029.859135372702,11029.859135372702,5514.929567686351,1.5,0.6461452737786494,0.24612593847106842,0.0005819327616717628,29.5,11.799999999999999,0.09139047399383768,0,5:flood:semiwild|6:heatwave:reserve|15:heatwave:semiwild|31:funding_collapse|69:funding_collapse|71:funding_collapse|98:funding_collapse,0.016646442847781964,0.059609027236291065,1.3283116551758916e-06,7.714148575122468e-06,9.310924186748208e-05,0.0006819314084898201,5.934379223218491e-05,eaed17f8ab670afe
near_zero_detectability,45,"{""background_detection_probability"": 0.0, ""latent_detectability_override"": 1e-09}",S7,forward_rollout_proxy,False,952045,0.625,0.375,5,3,229,200,3,1.0,1.0,46.0,258.690661604481,0.6140078991250616,3.1811558383587824,0.0021514397100350848,0.9978485602899649,131,0,0,11199.704500974629,11199.704500974629,3733.2348336582095,1.5,0.554326363200624,0.28254693881422677,0.00031089066733617306,85.0,34.00000000000003,0.13276372055288277,0,31:funding_collapse|33:wildfire:semiwild|47:wildfire:alternative|78:wildfire:reserve,0.01372151461114083,0.06335931467646623,0.10537335612475127,0.019749127092892015,4.974250677378768e-05,0.0010457353027535279,0.00010038935246318875,eaed17f8ab670afe
near_zero_detectability,46,"{""background_detection_probability"": 0.0, ""latent_detectability_override"": 1e-09}",S7,forward_rollout_proxy,False,952046,0.375,0.375,3,3,595,595,3,1.0,1.0,24.666666666666668,210.82746575108354,0.5531667822573665,3.508668729746113,0.001656827187740523,0.9983431728122595,18,0,0,11160.739949074043,11160.739949074043,3720.2466496913476,1.5,0.6219794575253587,0.2869579212154726,0.0004134132176605018,26.75,10.699999999999998,0.10461644082737802,0,19:wildfire:origin|31:wildfire:semiwild|38:wildfire:alternative|53:heatwave:semiwild|69:funding_collapse|82:funding_collapse,0.013070467073806097,0.04581519354089751,0.1713675753283036,0.02937976626172499,6.61461148256803e-05,0.0013389534296278688,8.927165018318304e-05,eaed17f8ab670afe
near_zero_detectability,47,"{""background_detection_probability"": 0.0, ""latent_detectability_override"": 1e-09}",S7,forward_rollout_proxy,False,952047,0.375,0.375,3,3,411,357,3,1.0,1.0,22.666666666666668,153.40094452322109,0.6296007390872641,2.532649481479556,0.038602639291337934,0.9613973607086621,189,0,0,11211.49816051294,11211.498160512941,3737.1660535043134,1.5,0.4581567871264555,0.26149260270394903,0.0005756078668148603,107.5,43.00000000000005,0.10800214588253931,0,2:wildfire:semiwild|13:heatwave:origin|30:wildfire:alternative|32:wildfire:reserve|73:heatwave:origin|85:flood:semiwild|88:funding_collapse|94:flood:origin|99:wildfire:alternative,0.011243231160040662,0.0775457892760619,0.05488631018457293,0.01865063101000269,9.209725869037764e-05,0.0010026490284503976,0.0002577741488013053,eaed17f8ab670afe
near_zero_survey_cost,0,"{""survey_cost"": 1e-06}",S7,forward_rollout_proxy,False,953000,0.75,0.625,6,5,1155,1155,0,0.0,0.0,,316.9019957807859,0.5864914481223851,4.44673090163262,0.002048604545537174,0.9979513954544629,42,0,0,11217.568028895656,11217.568028895657,2243.513605779131,1.5,0.7402355952734756,0.43697847504592324,0.00027955189423698953,74.0,29.600000000000026,0.18618803251124716,3,,0.014223311359732947,0.05089621619862465,0.15396984121160467,0.013341195353915838,4.472830307791832e-05,0.0009402793957298197,6.631503748757308e-05,6904153e2e4e0885
near_zero_survey_cost,1,"{""survey_cost"": 1e-06}",S7,forward_rollout_proxy,False,953001,0.625,0.375,5,3,530,530,0,0.0,0.0,,244.50432325605988,0.7316437494013595,2.475407005025638,0.0957048174399474,0.9042951825600526,95,0,0,11190.276263279906,11190.276263279906,3730.0920877599688,1.5,0.574080020889486,0.2784466022425465,0.0006004856310896432,57.0,22.800000000000008,0.13767265051670782,3,12:funding_collapse|49:flood:origin|50:wildfire:reserve|51:wildfire:origin|75:heatwave:semiwild,0.016089894009594766,0.05764391852805585,0.006776945400940564,0.0014615433833410055,9.607770097434291e-05,0.0008797227359559836,0.0001404376779479002,6904153e2e4e0885
near_zero_survey_cost,2,"{""survey_cost"": 1e-06}",S7,forward_rollout_proxy,False,953002,0.125,0.125,1,1,195,52,0,0.0,0.0,,87.55291456707916,0.5929551236100484,1.988235294117647,0.010277964150271397,0.9897220358497286,90,0,0,11145.270696555355,11145.270696555355,11145.270696555355,1.5,0.42699133983874576,0.13525754456157463,0.00010077165194435984,90.25,36.10000000000005,0.08213028818261797,3,7:wildfire:alternative|10:heatwave:origin|21:wildfire:reserve|35:wildfire:reserve|62:funding_collapse|75:funding_collapse|84:wildfire:semiwild|88:funding_collapse,0.005715415704087864,0.0818353071974147,0.03209852603052424,0.018186735068633754,1.6123464311097574e-05,0.001042318391001047,0.0005688748083906113,6904153e2e4e0885
near_zero_survey_cost,3,"{""survey_cost"": 1e-06}",S7,forward_rollout_proxy,False,953003,0.5,0.25,4,2,325,223,0,0.0,0.0,,199.8454443731142,0.6941291558148707,3.029663051472995,0.010353861186835003,0.989646138813165,133,0,0,11127.56100557157,11127.56100557157,5563.780502785785,1.5,0.5570995263941483,0.2218311985501208,0.00052557807093389,69.25,27.700000000000014,0.11662307697988,3,7:funding_collapse|16:wildfire:reserve|41:flood:alternative|42:wildfire:reserve|62:heatwave:semiwild|66:funding_collapse,0.012460091122887812,0.0720045439271483,0.009727397709077582,0.0037242053165704387,8.409249134942238e-05,0.0009963381554052388,0.00020599062248390394,6904153e2e4e0885
near_zero_survey_cost,4,"{""survey_cost"": 1e-06}",S7,forward_rollout_proxy,False,953004,0.5,0.5,4,4,963,963,0,0.0,0.0,,288.2681238691487,0.592156904513281,4.345989768020412,0.00011022694916249093,0.9998897730508375,22,0,0,11218.38692716021,11218.38692716021,2804.5967317900527,1.5,0.6699999999999999,0.36507128781078996,0.000419091355263199,47.0,18.799999999999997,0.14805695065292918,3,59:flood:origin|98:flood:origin,0.014264027049591897,0.047048744328895,0.14615910783368172,0.018192037827811737,6.705461684211184e-05,0.0009931596588405988,5.542000375600517e-05,6904153e2e4e0885
near_zero_survey_cost,5,"{""survey_cost"": 1e-06}",S7,forward_rollout_proxy,False,953005,0.625,0.25,5,2,106,8,0,0.0,0.0,,196.10951332091975,0.7063498197070837,2.34971707626024,0.01956667157389361,0.9804333284261064,95,0,0,11171.773663948485,11171.773663948487,5585.886831974242,1.5,0.4430568306342168,0.20757243955785082,0.00012782171854300292,69.0,27.600000000000016,0.13634792865913353,3,6:heatwave:reserve|36:heatwave:semiwild|45:heatwave:alternative|58:flood:reserve|68:wildfire:semiwild|89:wildfire:alternative,0.01377236685924797,0.08011587338986922,0.003736122059753125,0.0013291302728487624,2.0451474966880467e-05,0.0007492298950074874,0.0003146806765121568,6904153e2e4e0885
near_zero_survey_cost,6,"{""survey_cost"": 1e-06}",S7,forward_rollout_proxy,False,953006,0.625,0.625,5,5,866,866,0,0.0,0.0,,208.76925933796255,0.48552773239250213,2.6235007329571856,0.06916528492386831,0.9308347150761317,31,0,0,11122.9553188709,11122.9553188709,2224.59106377418,1.5,0.4839325783666992,0.3909685577185949,0.00024340974414465094,34.25,13.699999999999996,0.1754514627617657,3,3:wildfire:alternative|12:flood:origin|42:funding_collapse|58:heatwave:alternative|59:funding_collapse|91:heatwave:semiwild,0.01304717777400938,0.04624969242113647,0.24395335831636758,0.02428653028353402,3.8945559063144155e-05,0.0010874062277508516,9.49703963386119e-05,6904153e2e4e0885
near_zero_survey_cost,7,"{""survey_cost"": 1e-06}",S7,forward_rollout_proxy,False,953007,0.625,0.5,5,4,606,542,0,0.0,0.0,,284.4783421994026,0.6271932574112753,4.1053440103820105,0.022549709519999246,0.9774502904800008,80,0,0,11164.168961803789,11164.168961803789,2791.0422404509472,1.5,0.6216862133165355,0.360938909084194,0.00015179376888611689,90.5,36.20000000000004,0.16358423824360183,3,9:funding_collapse|16:funding_collapse|44:wildfire:alternative|65:heatwave:semiwild|66:wildfire:reserve,0.013918295941529385,0.06340238524434415,0.09587460165469087,0.016291010321420146,2.4287003021778706e-05,0.001064779286402852,9.30121409081037e-05,6904153e2e4e0885
near_zero_survey_cost,8,"{""survey_cost"": 1e-06}",S7,forward_rollout_proxy,False,953008,0.625,0.625,5,5,916,916,0,0.0,0.0,,280.32709370196585,0.5380629990239609,3.412270893165959,0.004847422080189146,0.9951525779198108,38,0,0,11158.919635648774,11158.919635648774,2231.783927129755,1.5,0.6699999999999999,0.41719439847941736,0.0001553450670926998,38.75,15.499999999999993,0.17410844773878892,3,21:funding_collapse|46:heatwave:origin|70:wildfire:origin|72:wildfire:semiwild|86:funding_collapse,0.013698981341582232,0.04785194678695252,0.20630650816066584,0.011103289954917526,2.485521073483197e-05,0.0007687325024771859,4.03281650920718e-05,6904153e2e4e0885
near_zero_survey_cost,9,"{""survey_cost"": 1e-06}",S7,forward_rollout_proxy,False,953009,0.375,0.375,3,3,366,366,0,0.0,0.0,,222.35711510521497,0.7321815040964502,3.409622356712207,0.0012711746185984682,0.9987288253814015,70,0,0,11194.26324706254,11194.263247062541,3731.42108235418,1.5,0.5583114250058482,0.28393655634504356,0.0004648637258872277,54.75,21.90000000000001,0.12629595138668323,3,18:heatwave:reserve|52:wildfire:origin|84:heatwave:alternative,0.016385626064090646,0.06228029026977246,0.000486440281504727,0.0019509393019683493,7.437819614195643e-05,0.0013221069006326615,0.00012110731104503038,6904153e2e4e0885
near_zero_survey_cost,10,"{""survey_cost"": 1e-06}",S7,forward_rollout_proxy,False,953010,0.0,0.0,0,0,0,0,0,0.0,0.0,,55.741542435034226,0.30482704317555015,0.0,,,32,0,0,11138.901053394278,11138.901053394278,11138.901053394278,1.5,0.4997472598398594,0.05959313374040914,0.0002547088001317373,34.0,13.600000000000003,0.048092038782116,3,3:flood:alternative|14:flood:origin|17:flood:reserve|64:flood:semiwild|79:heatwave:origin|88:funding_collapse,0.005095134020396673,0.041899822284775776,0.000501741797871385,0.0015585168495627882,4.075340802107797e-05,0.0004748195442125857,0.0006063198842042435,6904153e2e4e0885
near_zero_survey_cost,11,"{""survey_cost"": 1e-06}",S7,forward_rollout_proxy,False,953011,0.625,0.625,5,5,382,375,0,0.0,0.0,,309.57440135963833,0.683504410932038,2.993208565072697,0.012110907400000526,0.9878890925999995,162,0,0,11148.138386422295,11148.138386422297,2229.627677284459,1.5,0.4256684239266595,0.388055044727122,0.0003715425110392243,88.0,35.20000000000004,0.17153058341864538,3,62:funding_collapse|66:heatwave:reserve|78:funding_collapse|94:heatwave:alternative|100:wildfire:reserve,0.015120428542863242,0.06523729050230681,0.04562279833852163,0.007872625131800797,5.9446801766275895e-05,0.0007832159354433453,8.579661037751806e-05,6904153e2e4e0885
near_zero_survey_cost,12,"{""survey_cost"": 1e-06}",S7,forward_rollout_proxy,False,953012,0.5,0.5,4,4,741,741,0,0.0,0.0,,211.35054646586417,0.5478011077809443,2.2378858766028658,0.0021979209444993627,0.9978020790555007,29,0,0,11215.306424307555,11215.306424307557,2803.8266060768888,1.5,0.6699999999999999,0.3445266668306781,0.00038865242887817805,25.5,10.199999999999998,0.1507390403232472,3,18:wildfire:origin|40:funding_collapse|42:heatwave:origin|93:flood:semiwild,0.012953083996337222,0.046607451614961715,0.195119379422957,0.01023015140855968,6.21843886205085e-05,0.0005613074560108152,7.327523416499705e-05,6904153e2e4e0885
near_zero_survey_cost,13,"{""survey_cost"": 1e-06}",S7,forward_rollout_proxy,False,953013,0.5,0.5,4,4,749,749,0,0.0,0.0,,224.598117333695,0.5521283396711548,2.3921005937536752,0.08104120390061914,0.9189587960993808,43,0,0,11186.530131847503,11186.530131847503,2796.6325329618758,1.5,0.5686560770923575,0.3369655803304531,0.00031032347447811537,33.75,13.499999999999998,0.15589483341840293,3,21:flood:origin|56:heatwave:alternative|65:funding_collapse|72:heatwave:origin|82:heatwave:alternative|95:wildfire:origin,0.01334739564612531,0.04807671542838343,0.19292808884743315,0.009040502982739956,4.965175591649846e-05,0.0006741419436404275,0.0001188532828568674,6904153e2e4e0885
near_zero_survey_cost,14,"{""survey_cost"": 1e-06}",S7,forward_rollout_proxy,False,953014,0.625,0.5,5,4,1020,1020,0,0.0,0.0,,306.5480458140578,0.6487728771514308,4.133355332148563,0.0001635331880065557,0.9998364668119935,62,0,0,11218.875077629395,11218.875077629395,2804.7187694073486,1.5,0.6963902813777972,0.36747610772631045,0.0001604502688172043,62.75,25.100000000000016,0.1575176313352256,3,48:heatwave:semiwild|70:wildfire:reserve,0.01453408619902499,0.05693646889888144,0.08558569323592811,0.012756821627994646,2.567204301075269e-05,0.00097608744130068,7.221176004322363e-05,6904153e2e4e0885
near_zero_survey_cost,15,"{""survey_cost"": 1e-06}",S7,forward_rollout_proxy,False,953015,0.5,0.375,4,3,549,549,0,0.0,0.0,,258.86794484564615,0.7426970316709126,3.5256106355812378,0.004636903421653844,0.9953630965783462,19,0,0,11181.15123930773,11181.151239307732,3727.050413102577,1.5,0.6304063752148954,0.29325173075679123,0.00019429055093875036,46.75,18.7,0.1310249343974465,3,20:heatwave:reserve,0.016577486312757954,0.058862921519075344,2.822124828833897e-05,7.013011471992569e-05,3.1086488150200065e-05,0.000704590576255833,9.744586962092998e-05,6904153e2e4e0885
near_zero_survey_cost,16,"{""survey_cost"": 1e-06}",S7,forward_rollout_proxy,False,953016,0.625,0.5,5,4,1166,1166,0,0.0,0.0,,314.0780045413652,0.6588866468590276,3.5758950474343636,0.0007294119206908164,0.9992705880793091,78,0,0,11217.670820822652,11217.670820822652,2804.417705205663,1.5,0.6093264719724985,0.3563684637389077,0.00010891688081147738,60.75,24.300000000000015,0.17338433033657102,3,4:wildfire:semiwild|53:wildfire:origin|54:wildfire:semiwild|64:flood:reserve|73:flood:semiwild,0.014598172399001455,0.06017339159342953,0.07543874474709412,0.008417373752124818,1.7426700929836385e-05,0.0008472495428661264,7.050030688679563e-05,6904153e2e4e0885
near_zero_survey_cost,17,"{""survey_cost"": 1e-06}",S7,forward_rollout_proxy,False,953017,0.625,0.625,5,5,1200,1200,0,0.0,0.0,,332.858931792063,0.5920359531227929,3.7587582453314377,0.002808764545367001,0.997191235454633,45,0,0,11214.527283389467,11214.527283389467,2242.905456677893,1.5,0.7401717396178457,0.42865882546018275,6.628003314001656e-05,68.0,27.200000000000024,0.17902034522541885,3,44:flood:semiwild,0.01439109988160132,0.05207077719888289,0.14643536977479138,0.013969693256633522,1.0604805302402652e-05,0.0011156195797341227,6.038798967185784e-05,6904153e2e4e0885
near_zero_survey_cost,18,"{""survey_cost"": 1e-06}",S7,forward_rollout_proxy,False,953018,0.75,0.75,6,6,756,756,0,0.0,0.0,,312.7875481349606,0.5864029861984884,3.025964320309255,0.00574140578272806,0.9942585942172719,93,0,0,11215.186012351958,11215.18601235196,1869.1976687253264,1.5,0.6418117926644166,0.4719701921657477,4.8773822536951665e-05,80.0,32.000000000000036,0.20014684848106717,3,50:heatwave:semiwild|90:wildfire:reserve,0.01439602769733199,0.055681291796211826,0.15266517352948075,0.009463338405832043,7.803811605912266e-06,0.0008209672434168417,6.730999619931773e-05,6904153e2e4e0885
near_zero_survey_cost,19,"{""survey_cost"": 1e-06}",S7,forward_rollout_proxy,False,953019,0.5,0.125,4,1,39,1,0,0.0,0.0,,162.4457624678184,0.7034341697238093,1.8526187576126674,0.02014104092571351,0.9798589590742864,81,0,0,11127.042682195317,11127.042682195317,11127.042682195317,1.5,0.614911454198313,0.16178826102643604,0.0001623256478526147,58.75,23.500000000000007,0.12760464015239034,3,6:heatwave:alternative|12:flood:semiwild|28:heatwave:reserve|39:wildfire:semiwild|63:funding_collapse,0.012999668728872298,0.07647670244029382,0.0025734363474453864,0.004041581584220414,2.597210365641835e-05,0.0009072774963298449,0.0003287868571285438,6904153e2e4e0885
near_zero_survey_cost,20,"{""survey_cost"": 1e-06}",S7,forward_rollout_proxy,False,953020,0.5,0.5,4,4,387,313,0,0.0,0.0,,191.30103906341054,0.7229495076570974,2.109517554919469,0.07106899006225642,0.9289310099377436,86,0,0,11205.006285744888,11205.00628574489,2801.251571436222,1.5,0.532963474262156,0.3303278046715302,0.00015503510592495732,80.0,32.00000000000003,0.1546814084805998,3,22:wildfire:reserve|61:flood:reserve|70:flood:alternative,0.015391919596899397,0.06692775404889395,0.0025077438910175824,0.0013966112432290685,2.480561694799317e-05,0.0009564355316798263,0.0001992936729860193,6904153e2e4e0885
near_zero_survey_cost,21,"{""survey_cost"": 1e-06}",S7,forward_rollout_proxy,False,953021,0.5,0.5,4,4,708,708,0,0.0,0.0,,279.43047456027705,0.7421592643154129,2.7947956005724777,0.011077099622823345,0.9889229003771767,12,0,0,11128.148082536489,11128.148082536489,2782.037020634122,1.5,0.5657345477635828,0.34159200266285833,0.0005744598305738154,40.5,16.2,0.1603529594038763,3,10:wildfire:reserve|17:heatwave:semiwild|36:wildfire:semiwild|51:heatwave:semiwild|70:flood:origin|91:funding_collapse,0.016632839615153657,0.05999083645365306,1.4024472432455932e-05,5.504234037524255e-05,9.191357289181047e-05,0.000880701555575269,8.804178478151417e-05,6904153e2e4e0885
near_zero_survey_cost,22,"{""survey_cost"": 1e-06}",S7,forward_rollout_proxy,False,953022,0.5,0.5,4,4,685,685,0,0.0,0.0,,257.73239331205167,0.5809039421419928,3.376397841188298,0.0019826045567699836,0.99801739544323,117,0,0,11198.86454742819,11198.864547428193,2799.7161368570473,1.5,0.5845126351659252,0.3476941341261853,0.00018062309416191693,60.5,24.20000000000001,0.15239446098854884,3,2:funding_collapse|20:flood:semiwild|28:wildfire:origin|70:flood:reserve,0.013934478746686662,0.0559544636062568,0.1452679119596863,0.018028837807925288,2.8899695065906712e-05,0.0010217794091663694,8.405732269676028e-05,6904153e2e4e0885
near_zero_survey_cost,23,"{""survey_cost"": 1e-06}",S7,forward_rollout_proxy,False,953023,0.625,0.625,5,5,908,908,0,0.0,0.0,,293.862155569627,0.5840207206094898,4.138632402412386,0.00442983911473735,0.9955701608852626,61,0,0,11155.499917490433,11155.499917490433,2231.0999834980867,1.5,0.5896984548348536,0.4170007167731832,0.00033640403915208083,73.5,29.400000000000023,0.1769727363278696,3,17:funding_collapse|42:funding_collapse|73:heatwave:semiwild|74:wildfire:alternative|94:wildfire:alternative,0.014218086962700858,0.05235820475166118,0.1564480952322225,0.01237428517369184,5.3824646264332934e-05,0.0009699346146846481,7.149985380766034e-05,6904153e2e4e0885
near_zero_survey_cost,24,"{""survey_cost"": 1e-06}",S7,forward_rollout_proxy,False,953024,0.625,0.625,5,5,1123,1123,0,0.0,0.0,,305.0831286508926,0.5747747569185955,3.410250389976607,0.000999517086028278,0.9990004829139717,45,0,0,11121.691562443655,11121.691562443655,2224.338312488731,1.5,0.6699999999999999,0.41650450559813246,0.0003153943182177664,56.5,22.600000000000012,0.17076000849183187,3,14:funding_collapse|64:funding_collapse|68:flood:origin|86:flood:origin|87:heatwave:semiwild|91:funding_collapse,0.014313439035155797,0.05044941046472392,0.16442982764485214,0.014344236216606306,5.046309091484263e-05,0.001005419967580951,5.911659561924239e-05,6904153e2e4e0885
near_zero_survey_cost,25,"{""survey_cost"": 1e-06}",S7,forward_rollout_proxy,False,953025,0.75,0.75,6,6,1033,1033,0,0.0,0.0,,288.648197140708,0.5396295235970685,3.2776417664098587,0.001766770422439679,0.9982332295775603,63,0,0,11170.36795188164,11170.367951881639,1861.7279919802734,1.5,0.667792487966319,0.4773369719363493,0.00019021509587547326,73.25,29.300000000000033,0.20140652737809406,3,22:funding_collapse|34:wildfire:semiwild|54:wildfire:alternative|74:funding_collapse,0.01383097225551544,0.05019706957239178,0.20049434843922065,0.01350985132455571,3.0434415340075718e-05,0.0009022410423149432,6.697660471341292e-05,6904153e2e4e0885
near_zero_survey_cost,26,"{""survey_cost"": 1e-06}",S7,forward_rollout_proxy,False,953026,0.625,0.625,5,5,1200,1200,0,0.0,0.0,,295.87936770369674,0.5795605308534567,3.5666404853908853,0.0018202035035271911,0.9981797964964728,47,0,0,11119.287449912146,11119.287449912146,2223.8574899824293,1.5,0.7381717031148218,0.42578686743268745,0.0001333586512466303,72.5,29.000000000000018,0.17526646133648194,3,12:heatwave:semiwild|32:funding_collapse|52:funding_collapse|57:funding_collapse,0.014339808208743724,0.05082480500586635,0.1605151618841571,0.012948838673206706,2.133738419946085e-05,0.0009650869035464052,7.902939168225921e-05,6904153e2e4e0885
near_zero_survey_cost,27,"{""survey_cost"": 1e-06}",S7,forward_rollout_proxy,False,953027,0.5,0.375,4,3,294,294,0,0.0,0.0,,203.00489398088408,0.7292430398722662,2.7216780994057355,0.001235229529429215,0.9987647704705708,60,0,0,11191.388486473412,11191.388486473412,3730.4628288244708,1.5,0.42342093414100307,0.26732627920932683,0.00046556510911719735,46.5,18.6,0.14508702400584594,3,8:flood:semiwild|18:heatwave:reserve|37:wildfire:origin|38:heatwave:origin|54:wildfire:reserve|82:wildfire:alternative,0.016669393469357564,0.06335139852767742,0.00020299693939426292,0.00025900037519818514,7.449041745875161e-05,0.0008683552682025444,0.00016644486132595836,6904153e2e4e0885
near_zero_survey_cost,28,"{""survey_cost"": 1e-06}",S7,forward_rollout_proxy,False,953028,0.625,0.625,5,5,934,930,0,0.0,0.0,,267.7652065395934,0.5340712067117546,3.3852472014384083,0.05767665105881228,0.9423233489411877,49,0,0,11077.311400024613,11077.311400024613,2215.462280004923,1.5,0.5355292375560291,0.4032377195464105,0.00026354099127535037,53.75,21.500000000000018,0.1729116188821177,3,7:heatwave:alternative|26:funding_collapse|41:wildfire:origin|64:funding_collapse|70:funding_collapse|75:wildfire:alternative,0.013770795159525532,0.05040306710492917,0.20394586306231866,0.014979954553575798,4.216655860405606e-05,0.0009007096608092165,6.587888715663291e-05,6904153e2e4e0885
near_zero_survey_cost,29,"{""survey_cost"": 1e-06}",S7,forward_rollout_proxy,False,953029,0.875,0.875,7,7,1200,1200,0,0.0,0.0,,302.67681295885006,0.5755402883947459,3.016680353705893,0.005234236726719475,0.9947657632732805,51,0,0,11185.5340073983,11185.534007398302,1597.9334296283287,1.5,0.739562880822031,0.5431383931778067,0.00033810978228410486,68.25,27.300000000000022,0.22632650779272323,3,15:heatwave:semiwild|81:funding_collapse,0.014230601586523004,0.051563924094605786,0.16695870733632348,0.010017504307709112,5.4097565165456766e-05,0.0007883564781811851,6.95005931775544e-05,6904153e2e4e0885
near_zero_survey_cost,30,"{""survey_cost"": 1e-06}",S7,forward_rollout_proxy,False,953030,0.625,0.5,5,4,234,213,0,0.0,0.0,,302.48862321019607,0.7281533008569926,2.851720947197606,0.008048308198953195,0.9919516918010468,101,0,0,11184.294420634791,11184.294420634793,2796.073605158698,1.5,0.3074986751423197,0.31855733362502164,5.3475935828877e-05,80.5,32.20000000000003,0.17145128319406797,3,31:wildfire:semiwild|49:funding_collapse|50:wildfire:reserve|64:wildfire:reserve|87:heatwave:origin|93:wildfire:alternative|98:heatwave:alternative|99:heatwave:origin|100:wildfire:semiwild,0.01618408074678031,0.06365397845175864,0.005646046645295297,0.0028249057381327177,8.556149732620321e-06,0.0008887967205004923,0.00010613926595032099,6904153e2e4e0885
near_zero_survey_cost,31,"{""survey_cost"": 1e-06}",S7,forward_rollout_proxy,False,953031,0.75,0.625,6,5,908,908,0,0.0,0.0,,239.29596476690065,0.4641719133118433,3.8854306077076317,0.00023594945741080942,0.9997640505425892,28,0,0,11235.056438597645,11235.056438597647,2247.011287719529,1.5,0.6699999999999999,0.4250097634750084,0.0005708573536634916,42.25,16.900000000000002,0.18952728698966054,3,6:wildfire:semiwild|23:heatwave:origin|90:heatwave:semiwild,0.01318387583996274,0.045422668155430605,0.2723468290061466,0.019070547761988122,9.133717658615866e-05,0.0009507083976944142,6.372782047288723e-05,6904153e2e4e0885
near_zero_survey_cost,32,"{""survey_cost"": 1e-06}",S7,forward_rollout_proxy,False,953032,0.625,0.625,5,5,1094,1094,0,0.0,0.0,,293.93705326170317,0.5925694730225008,3.2182926281021147,0.0012425587877250993,0.9987574412122749,28,0,0,11092.466768017439,11092.466768017439,2218.493353603488,1.5,0.6699999999999999,0.4153192888539934,0.00032411140143357505,52.0,20.800000000000008,0.1744318128648611,3,2:funding_collapse|44:funding_collapse|76:funding_collapse|88:funding_collapse|99:flood:origin,0.014263775728322691,0.047586695421478774,0.14831766372233005,0.01451964548054531,5.1857824229372005e-05,0.0009824360145373981,6.634267996950935e-05,6904153e2e4e0885
near_zero_survey_cost,33,"{""survey_cost"": 1e-06}",S7,forward_rollout_proxy,False,953033,0.5,0.5,4,4,736,736,0,0.0,0.0,,233.5060303297304,0.519393065358187,3.718425508198295,0.0011127918953495683,0.9988872081046505,24,0,0,11187.347226280162,11187.347226280162,2796.8368065700406,1.5,0.6699999999999999,0.35953907932605417,0.0005429213074791389,27.75,11.099999999999998,0.1517741212203561,3,26:flood:origin|32:heatwave:origin|66:funding_collapse|95:heatwave:origin,0.013327863137280536,0.045538156103276196,0.2153690596580566,0.020933166354740754,8.68674091966622e-05,0.0010141324851209795,6.351468568144966e-05,6904153e2e4e0885
near_zero_survey_cost,34,"{""survey_cost"": 1e-06}",S7,forward_rollout_proxy,False,953034,0.625,0.5,5,4,838,838,0,0.0,0.0,,254.00740622271076,0.6657505465604371,2.726453017389017,0.0030192664388016765,0.9969807335611983,213,0,0,11190.286819056118,11190.286819056118,2797.5717047640296,1.5,0.569765517239942,0.3435124154749655,5.263157894736842e-05,90.25,36.10000000000003,0.17135666788540588,3,23:flood:semiwild|30:flood:origin|34:funding_collapse|55:flood:reserve|78:flood:origin,0.014516710942768818,0.06379806810352984,0.0553740534462473,0.012206431435461417,8.421052631578948e-06,0.0010171028074397943,0.00014393618555491038,6904153e2e4e0885
near_zero_survey_cost,35,"{""survey_cost"": 1e-06}",S7,forward_rollout_proxy,False,953035,0.5,0.25,4,2,447,365,0,0.0,0.0,,205.11658294212083,0.7162541784130387,3.4295266967746834,0.002915215851715813,0.9970847841482842,95,0,0,11174.4840635526,11174.484063552602,5587.2420317763,1.5,0.5055300133143019,0.22146790681923845,0.0012656999478584574,54.5,21.800000000000004,0.12059819260030702,3,28:heatwave:origin|32:flood:reserve|34:heatwave:reserve|69:flood:semiwild|79:heatwave:semiwild|93:wildfire:origin|99:funding_collapse,0.015030448512981982,0.058601671164247505,0.004178334252071458,0.002586767203536903,0.0002025119916573532,0.0007178711436262625,0.00019299904446153736,6904153e2e4e0885
near_zero_survey_cost,36,"{""survey_cost"": 1e-06}",S7,forward_rollout_proxy,False,953036,0.625,0.625,5,5,839,839,0,0.0,0.0,,281.38854104719024,0.5824383992142913,3.9221612390733513,0.0036798196734553687,0.9963201803265447,29,0,0,11171.539258523188,11171.539258523188,2234.3078517046374,1.5,0.4851550078530152,0.4041540821002346,0.0005001531280324558,50.25,20.1,0.17583484462099777,3,16:wildfire:alternative|32:funding_collapse|57:wildfire:semiwild|65:heatwave:origin|73:heatwave:alternative|87:flood:alternative|95:heatwave:semiwild,0.013984172519051525,0.048390178806295696,0.15745036046482547,0.016319724179353515,8.002450048519294e-05,0.0010548591901334465,5.439866149154782e-05,6904153e2e4e0885
near_zero_survey_cost,37,"{""survey_cost"": 1e-06}",S7,forward_rollout_proxy,False,953037,0.625,0.5,5,4,268,268,0,0.0,0.0,,253.4301948481005,0.6827406016518889,2.985802761965001,0.000400052110259828,0.9995999478897402,125,0,0,11154.155410820444,11154.155410820444,2788.538852705111,1.5,0.6098605405150185,0.3473811212497658,0.00017986063404829147,96.0,38.400000000000034,0.15768519789306928,3,40:wildfire:alternative|73:flood:reserve|82:funding_collapse|89:funding_collapse,0.014398816020353504,0.06669873321055993,0.04920085394975072,0.004618741226930866,2.877770144772664e-05,0.000572187376118339,0.0001383710182306719,6904153e2e4e0885
near_zero_survey_cost,38,"{""survey_cost"": 1e-06}",S7,forward_rollout_proxy,False,953038,0.375,0.375,3,3,381,377,0,0.0,0.0,,207.15342602628766,0.7273764382254042,2.6069221453045244,0.11407592595946157,0.8859240740405384,105,0,0,11168.29787818071,11168.29787818071,3722.76595939357,1.5,0.4931172363190843,0.2692715447652607,0.0006941092942335494,64.75,25.900000000000013,0.12570299840153526,3,5:funding_collapse|23:wildfire:origin|25:heatwave:reserve|60:flood:reserve|88:heatwave:semiwild|89:flood:alternative,0.016304658253894922,0.06126277837441963,0.0005034462991629049,0.0009115880772303494,0.00011105748707736788,0.0006625826935526419,0.00022282940138023278,6904153e2e4e0885
near_zero_survey_cost,39,"{""survey_cost"": 1e-06}",S7,forward_rollout_proxy,False,953039,0.625,0.5,5,4,786,786,0,0.0,0.0,,258.1315724234774,0.5894011547653535,4.20076457165691,0.00023726227761219044,0.9997627377223878,18,0,0,11124.999781371718,11124.999781371716,2781.2499453429295,1.5,0.7055049579745084,0.3684215771864241,5.5138263372547824e-05,48.5,19.400000000000002,0.15431717836202094,3,12:wildfire:alternative|59:funding_collapse|75:funding_collapse,0.014159073160093976,0.049967717529766226,0.15015051432286727,0.015400108267927464,8.822122139607654e-06,0.0010282532572384478,5.855104024845193e-05,6904153e2e4e0885
near_zero_survey_cost,40,"{""survey_cost"": 1e-06}",S7,forward_rollout_proxy,False,953040,0.75,0.75,6,6,1149,1149,0,0.0,0.0,,270.30446084343833,0.526170661627347,3.238932053932698,0.003702351091138528,0.9962976489088615,33,0,0,11181.894303365283,11181.894303365285,1863.6490505608806,1.5,0.6699999999999999,0.4779196981615358,0.00013199592355265177,48.0,19.200000000000003,0.20515188811104385,3,40:flood:origin|55:funding_collapse|60:wildfire:semiwild|66:flood:origin|93:heatwave:semiwild,0.013829456005233562,0.048662187699429656,0.21272550915274047,0.015271509154297605,2.1119347768424286e-05,0.0009713791698861346,6.277780638229115e-05,6904153e2e4e0885
near_zero_survey_cost,41,"{""survey_cost"": 1e-06}",S7,forward_rollout_proxy,False,953041,0.625,0.625,5,5,750,750,0,0.0,0.0,,261.11665711948007,0.5240395640265154,4.172642340178588,0.002086807109134982,0.997913192890865,54,0,0,11162.94214432887,11162.94214432887,2232.588428865774,1.5,0.5527079293860032,0.4122988549619303,0.000163290778520432,64.5,25.80000000000002,0.17025819310772045,3,22:funding_collapse|43:wildfire:origin|44:wildfire:semiwild|59:heatwave:semiwild|75:wildfire:origin|81:flood:alternative|84:funding_collapse|99:heatwave:reserve,0.01369702041078379,0.04805788982694554,0.2143368805463092,0.016611407851030265,2.612652456326912e-05,0.0010158119573272465,7.187649927237518e-05,6904153e2e4e0885
near_zero_survey_cost,42,"{""survey_cost"": 1e-06}",S7,forward_rollout_proxy,False,953042,0.75,0.625,6,5,947,947,0,0.0,0.0,,273.7139232240555,0.5438186363970504,3.9669297126907908,0.0001610533523705481,0.9998389466476294,36,0,0,11184.02930190647,11184.02930190647,2236.805860381294,1.5,0.6972615066313014,0.4282078847326289,0.0004912849144300479,55.0,22.00000000000001,0.18781218471295397,3,20:funding_collapse|24:heatwave:alternative|30:flood:semiwild,0.013856013617837136,0.04820664316417926,0.19666791672824357,0.015078256850729683,7.860558630880764e-05,0.0009333865897354611,5.817590773545318e-05,6904153e2e4e0885
near_zero_survey_cost,43,"{""survey_cost"": 1e-06}",S7,forward_rollout_proxy,False,953043,0.75,0.75,6,6,1053,1053,0,0.0,0.0,,264.39326393022566,0.5084010205488689,3.715734872164962,0.0016880035615661725,0.9983119964384338,63,0,0,11064.337010023784,11064.337010023784,1844.0561683372973,1.5,0.4456085772104997,0.45957351668233,0.00012857537822927228,81.75,32.70000000000004,0.201776551198152,3,28:funding_collapse|29:wildfire:alternative|43:wildfire:semiwild|46:wildfire:alternative|51:funding_collapse|54:funding_collapse|73:funding_collapse|77:funding_collapse|83:flood:alternative|93:flood:alternative,0.01380766915250426,0.04963500447216432,0.23205799674665342,0.013693751140980615,2.0572060516683572e-05,0.0008160535775534099,7.787198894666741e-05,6904153e2e4e0885
near_zero_survey_cost,44,"{""survey_cost"": 1e-06}",S7,forward_rollout_proxy,False,953044,0.75,0.625,6,5,626,625,0,0.0,0.0,,209.22036215391307,0.44223372978352077,3.8296178080270757,0.0008614804151568028,0.9991385195848432,45,0,0,11154.40155503758,11154.40155503758,2230.880311007516,1.5,0.5015995707376159,0.4073897809684798,5.194805194805195e-05,44.5,17.800000000000004,0.18841822907223715,3,3:heatwave:origin|7:funding_collapse|40:heatwave:semiwild|47:flood:alternative|51:funding_collapse|58:wildfire:alternative|90:funding_collapse|93:funding_collapse|93:heatwave:reserve,0.012681681121357232,0.04679239782910706,0.2825095638450497,0.027331320082447076,8.311688311688312e-06,0.0011431383595298596,8.793409444202149e-05,6904153e2e4e0885
near_zero_survey_cost,45,"{""survey_cost"": 1e-06}",S7,forward_rollout_proxy,False,953045,0.875,0.75,7,6,576,576,0,0.0,0.0,,215.77724815561461,0.4458570437321407,3.00970067007461,0.0035001031502261653,0.9964998968497738,83,0,0,11179.01357749208,11179.01357749208,1863.1689295820133,1.5,0.5634336026801198,0.46596295901790563,0.0002061938880449515,50.0,20.0,0.21011296024573745,3,15:wildfire:origin|56:funding_collapse|64:funding_collapse|90:wildfire:reserve,0.01304001972358936,0.05341006052527906,0.279306879286543,0.021139118784292577,3.299102208719224e-05,0.0010061718602792126,8.450577059393487e-05,6904153e2e4e0885
near_zero_survey_cost,46,"{""survey_cost"": 1e-06}",S7,forward_rollout_proxy,False,953046,0.625,0.5,5,4,779,779,0,0.0,0.0,,223.9446576557408,0.4959993960558162,3.9361014045638187,0.0006867769426798106,0.9993132230573202,23,0,0,11201.701367736414,11201.701367736412,2800.4253419341035,1.5,0.5156515007803137,0.34795447605957025,0.00027605137384415163,25.5,10.199999999999998,0.16014155967950353,3,21:flood:origin|25:wildfire:origin|34:funding_collapse|53:wildfire:alternative|70:flood:semiwild|72:flood:origin|94:heatwave:alternative,0.013101594314476508,0.043598695995022224,0.23813040801853422,0.02266701738392077,4.4168219815064264e-05,0.0010790767872173588,5.8479780437414754e-05,6904153e2e4e0885
near_zero_survey_cost,47,"{""survey_cost"": 1e-06}",S7,forward_rollout_proxy,False,953047,0.5,0.375,4,3,405,401,0,0.0,0.0,,226.91766729869164,0.7405760887484826,2.9161474380814787,0.007211962194278454,0.9927880378057216,31,0,0,11125.615837579782,11125.615837579782,3708.538612526594,1.5,0.39397664301011365,0.26513035096356835,0.0001538645038167939,40.75,16.299999999999997,0.1391060614087108,3,2:heatwave:reserve|7:funding_collapse|73:heatwave:origin|97:flood:alternative|98:flood:semiwild|100:wildfire:reserve,0.01651898193119085,0.06193306723797069,4.189803305330607e-05,0.0003021492436458996,2.4618320610687024e-05,0.0007433412347814779,0.00012940223378869877,6904153e2e4e0885
zero_survey_budget,0,"{""background_detection_probability"": 0.0, ""policy_allocations"": {""S7"": {""biobank"": 0.08, ""engagement"": 0.09, ""ex_situ"": 0.1, ""genetics"": 0.08, ""habitat"": 0.51, ""rescue"": 0.14, ""survey"": 0.0}}}",S7,forward_rollout_proxy,False,954000,0.625,0.5,5,4,752,752,3,1.0,1.0,42.666666666666664,283.4385857846775,0.5203752951298206,4.980818447770795,0.0003698953987874997,0.9996301046012125,10,0,0,11196.218433047563,11196.218433047563,2799.0546082618907,1.5,0.7456432371675356,0.37682443863056936,0.0004795612742171444,37.25,14.899999999999993,0.13725965218053904,0,29:funding_collapse|31:flood:origin|40:funding_collapse|71:wildfire:semiwild|87:wildfire:semiwild,0.013333569288423129,0.03976161755410113,0.22119288903532705,0.020853413284796618,7.67298038747431e-05,0.0009748495501180989,4.0015000437924086e-05,2e0727e8a8737fd0
zero_survey_budget,1,"{""background_detection_probability"": 0.0, ""policy_allocations"": {""S7"": {""biobank"": 0.08, ""engagement"": 0.09, ""ex_situ"": 0.1, ""genetics"": 0.08, ""habitat"": 0.51, ""rescue"": 0.14, ""survey"": 0.0}}}",S7,forward_rollout_proxy,False,954001,0.875,0.75,7,6,894,894,2,0.6666666666666666,1.0,39.5,521.2409907924866,0.6948433092651736,4.079647415634452,0.0012427433118516076,0.9987572566881484,18,0,0,11075.3469671486,11075.3469671486,1845.8911611914334,1.5,0.843572283861413,0.49435208547882437,5.1813471502590674e-05,56.75,22.70000000000001,0.1584919146816926,0,12:wildfire:semiwild|31:wildfire:semiwild|33:wildfire:semiwild|47:funding_collapse|52:funding_collapse|59:funding_collapse|64:funding_collapse|96:funding_collapse,0.014992878214297093,0.050021439589136234,0.0590209959528665,0.003404044880375651,8.290155440414507e-06,0.0008293941777606482,3.585970610123404e-05,2e0727e8a8737fd0
zero_survey_budget,2,"{""background_detection_probability"": 0.0, ""policy_allocations"": {""S7"": {""biobank"": 0.08, ""engagement"": 0.09, ""ex_situ"": 0.1, ""genetics"": 0.08, ""habitat"": 0.51, ""rescue"": 0.14, ""survey"": 0.0}}}",S7,forward_rollout_proxy,False,954002,0.75,0.625,6,5,881,881,3,1.0,1.0,31.333333333333332,331.2866207783328,0.5826280667520964,3.336853233284535,0.009215768200750776,0.9907842317992492,159,0,0,11242.47819885804,11242.47819885804,2248.495639771608,1.5,0.7120512961201024,0.41752204488119415,0.0003728973317346395,70.25,28.100000000000026,0.1584919146816926,0,7:flood:origin|45:funding_collapse|55:heatwave:reserve|66:flood:reserve,0.01437654634944226,0.04753504338458111,0.1503669497189482,0.014823478913178532,5.966357307754232e-05,0.000907741531209432,8.474237219820814e-05,2e0727e8a8737fd0
zero_survey_budget,3,"{""background_detection_probability"": 0.0, ""policy_allocations"": {""S7"": {""biobank"": 0.08, ""engagement"": 0.09, ""ex_situ"": 0.1, ""genetics"": 0.08, ""habitat"": 0.51, ""rescue"": 0.14, ""survey"": 0.0}}}",S7,forward_rollout_proxy,False,954003,0.625,0.5,5,4,1074,1074,3,1.0,1.0,37.0,389.9259000269704,0.596844719860517,3.797007371840119,0.002261940930104831,0.9977380590698952,24,0,0,11176.17820040862,11176.17820040862,2794.044550102155,1.5,0.5650295587391603,0.34597282709436994,0.00010362694300518135,35.75,14.299999999999994,0.13249898751026368,0,16:funding_collapse|26:flood:semiwild|35:heatwave:origin|45:wildfire:semiwild|52:heatwave:origin|69:flood:semiwild|88:funding_collapse|99:flood:reserve,0.014463581255826892,0.04172579518981924,0.14650187385104968,0.015001645842941376,1.6580310880829015e-05,0.0011466973639784807,4.470807897273902e-05,2e0727e8a8737fd0
zero_survey_budget,4,"{""background_detection_probability"": 0.0, ""policy_allocations"": {""S7"": {""biobank"": 0.08, ""engagement"": 0.09, ""ex_situ"": 0.1, ""genetics"": 0.08, ""habitat"": 0.51, ""rescue"": 0.14, ""survey"": 0.0}}}",S7,forward_rollout_proxy,False,954004,0.625,0.5,5,4,712,712,3,1.0,1.0,48.333333333333336,397.3254330414587,0.7017951320348429,3.3435301160307898,0.0026776317765569075,0.9973223682234431,82,0,0,11180.11350216167,11180.11350216167,2795.0283755404175,1.5,0.6739313052750787,0.35305364939577816,0.00043520826256258395,98.75,39.50000000000004,0.13612608853981184,0,31:wildfire:reserve|39:funding_collapse|40:heatwave:origin|59:funding_collapse|76:heatwave:alternative|89:wildfire:alternative,0.015456963054078626,0.05431644187917345,0.042719165439877534,0.002659720144294011,6.963332201001344e-05,0.0007691664952239445,8.563693111579118e-05,2e0727e8a8737fd0
zero_survey_budget,5,"{""background_detection_probability"": 0.0, ""policy_allocations"": {""S7"": {""biobank"": 0.08, ""engagement"": 0.09, ""ex_situ"": 0.1, ""genetics"": 0.08, ""habitat"": 0.51, ""rescue"": 0.14, ""survey"": 0.0}}}",S7,forward_rollout_proxy,False,954005,0.75,0.75,6,6,1043,1043,2,0.6666666666666666,1.0,24.0,475.9382225767274,0.7130518922555492,3.6841454021096225,0.008001134651905958,0.991998865348094,24,0,0,11215.373278194995,11215.373278194995,1869.2288796991659,1.5,0.8478570889794325,0.490825545855378,0.00024913202978164053,60.5,24.200000000000014,0.1584919146816926,0,14:funding_collapse|80:wildfire:semiwild,0.015182703053511225,0.05138370712916891,0.03933149849836284,0.00365971256840455,3.9861124765062495e-05,0.0007881270009892957,4.23123431140581e-05,2e0727e8a8737fd0
zero_survey_budget,6,"{""background_detection_probability"": 0.0, ""policy_allocations"": {""S7"": {""biobank"": 0.08, ""engagement"": 0.09, ""ex_situ"": 0.1, ""genetics"": 0.08, ""habitat"": 0.51, ""rescue"": 0.14, ""survey"": 0.0}}}",S7,forward_rollout_proxy,False,954006,0.75,0.75,6,6,835,832,2,0.6666666666666666,1.0,22.0,527.2310257391746,0.6922354676282839,4.063106417815569,0.0018958301246779854,0.998104169875322,10,0,0,11248.926753755277,11248.926753755277,1874.8211256258794,1.5,0.8488838253315772,0.494717829647652,5.277044854881266e-05,46.25,18.5,0.1584919146816926,0,,0.014876393113962591,0.04841917089131486,0.062225929115028694,0.003381251490463692,8.443271767810027e-06,0.000822559128161041,2.8233703719312392e-05,2e0727e8a8737fd0
zero_survey_budget,7,"{""background_detection_probability"": 0.0, ""policy_allocations"": {""S7"": {""biobank"": 0.08, ""engagement"": 0.09, ""ex_situ"": 0.1, ""genetics"": 0.08, ""habitat"": 0.51, ""rescue"": 0.14, ""survey"": 0.0}}}",S7,forward_rollout_proxy,False,954007,0.625,0.5,5,4,1200,1200,3,1.0,1.0,57.0,414.205824552867,0.6947931464113686,3.8038520343809177,0.004195951306390565,0.9958040486936094,94,0,0,11245.30883440462,11245.30883440462,2811.327208601155,1.5,0.7156105081717451,0.36139781155981787,0.0002889060199080669,72.5,29.000000000000025,0.13399120199417086,0,17:heatwave:semiwild|43:heatwave:origin|59:wildfire:reserve|65:wildfire:alternative|81:wildfire:origin,0.015221884534213376,0.05517951572430234,0.0434341220999442,0.009219302183953525,4.6224963185290704e-05,0.0008892070538029349,6.490445057277927e-05,2e0727e8a8737fd0
zero_survey_budget,8,"{""background_detection_probability"": 0.0, ""policy_allocations"": {""S7"": {""biobank"": 0.08, ""engagement"": 0.09, ""ex_situ"": 0.1, ""genetics"": 0.08, ""habitat"": 0.51, ""rescue"": 0.14, ""survey"": 0.0}}}",S7,forward_rollout_proxy,False,954008,0.25,0.125,2,1,392,392,3,1.0,1.0,33.666666666666664,137.86282487165906,0.7271365148499267,3.070455181233266,0.005023637818976238,0.9949763621810238,14,0,0,11132.894917855843,11132.894917855843,11132.894917855843,1.5,0.7770235190038518,0.17530485023338643,0.00010855673889092912,31.5,12.599999999999996,0.05323973260334288,0,2:flood:reserve|4:heatwave:origin|64:wildfire:alternative,0.016470472145381453,0.05457802976831399,0.01055843600542212,0.002515365543079384,1.736907822254866e-05,0.000671165418483263,0.00013871816838711794,2e0727e8a8737fd0
zero_survey_budget,9,"{""background_detection_probability"": 0.0, ""policy_allocations"": {""S7"": {""biobank"": 0.08, ""engagement"": 0.09, ""ex_situ"": 0.1, ""genetics"": 0.08, ""habitat"": 0.51, ""rescue"": 0.14, ""survey"": 0.0}}}",S7,forward_rollout_proxy,False,954009,0.625,0.625,5,5,489,489,2,0.6666666666666666,1.0,34.0,495.4136205361239,0.7161632525129801,4.439527390212307,0.002080270391025626,0.9979197296089743,61,0,0,11208.615918239371,11208.615918239371,2241.723183647874,1.5,0.6861967472988705,0.4211667367948517,0.00029137341110738494,63.0,25.200000000000014,0.13450894081420794,0,42:flood:semiwild|58:funding_collapse|72:flood:semiwild|93:heatwave:reserve|95:heatwave:reserve,0.015224683024765975,0.05200033979317305,0.03548256410986454,0.0029830065616693663,4.6619745777181596e-05,0.0008297867196851663,4.361038907366834e-05,2e0727e8a8737fd0
zero_survey_budget,10,"{""background_detection_probability"": 0.0, ""policy_allocations"": {""S7"": {""biobank"": 0.08, ""engagement"": 0.09, ""ex_situ"": 0.1, ""genetics"": 0.08, ""habitat"": 0.51, ""rescue"": 0.14, ""survey"": 0.0}}}",S7,forward_rollout_proxy,False,954010,0.625,0.625,5,5,883,883,2,0.6666666666666666,1.0,24.5,393.68975542724627,0.7456420594299286,4.276314739872712,0.0,1.0,45,0,0,11232.264437257276,11232.264437257276,2246.4528874514554,1.5,0.8483739584467385,0.4360204926036471,0.000237787784442315,56.5,22.600000000000012,0.1358497468012307,0,21:wildfire:reserve|39:wildfire:reserve|83:flood:semiwild,0.015919051885195545,0.05580490917452635,0.006643634948573844,0.0012419613904054198,3.8046045510770406e-05,0.0009305464905514613,5.4243532653290536e-05,2e0727e8a8737fd0
zero_survey_budget,11,"{""background_detection_probability"": 0.0, ""policy_allocations"": {""S7"": {""biobank"": 0.08, ""engagement"": 0.09, ""ex_situ"": 0.1, ""genetics"": 0.08, ""habitat"": 0.51, ""rescue"": 0.14, ""survey"": 0.0}}}",S7,forward_rollout_proxy,False,954011,0.625,0.375,5,3,485,485,3,1.0,1.0,41.0,313.5275602583726,0.7245324425392101,3.8398295236696236,0.0025429406403432897,0.9974570593596567,121,0,0,11237.281983640361,11237.281983640361,3745.7606612134537,1.5,0.514278559001749,0.28391915642594856,7.792207792207792e-05,63.25,25.300000000000015,0.12671502644538682,0,36:flood:origin|42:heatwave:origin|46:flood:reserve|65:heatwave:reserve|75:wildfire:reserve,0.015912944391341437,0.05248088466405071,0.016222682457058407,0.0034567079176040048,1.2467532467532468e-05,0.0010725090464912327,9.979461186984994e-05,2e0727e8a8737fd0
zero_survey_budget,12,"{""background_detection_probability"": 0.0, ""policy_allocations"": {""S7"": {""biobank"": 0.08, ""engagement"": 0.09, ""ex_situ"": 0.1, ""genetics"": 0.08, ""habitat"": 0.51, ""rescue"": 0.14, ""survey"": 0.0}}}",S7,forward_rollout_proxy,False,954012,0.75,0.5,6,4,872,872,3,1.0,1.0,38.666666666666664,291.03346705770423,0.6536865720105276,4.2586646102255115,0.0013242773118310404,0.998675722688169,172,0,0,11222.52380082192,11222.52380082192,2805.63095020548,1.5,0.6644968961462815,0.3645099288832115,0.00026561413960877767,87.0,34.80000000000003,0.152367965831641,0,1:funding_collapse|17:heatwave:alternative|19:flood:origin|33:wildfire:reserve|35:heatwave:semiwild|50:wildfire:origin|52:flood:reserve,0.014384049081571664,0.06387143617274806,0.06412836210071962,0.01662777495345176,4.2498262337404436e-05,0.0010539126337043246,0.00011427324318808997,2e0727e8a8737fd0
zero_survey_budget,13,"{""background_detection_probability"": 0.0, ""policy_allocations"": {""S7"": {""biobank"": 0.08, ""engagement"": 0.09, ""ex_situ"": 0.1, ""genetics"": 0.08, ""habitat"": 0.51, ""rescue"": 0.14, ""survey"": 0.0}}}",S7,forward_rollout_proxy,False,954013,0.75,0.75,6,6,758,758,2,0.6666666666666666,1.0,26.0,507.3063490592609,0.6771524641927209,4.637394911607327,0.0018429854531129975,0.998157014546887,54,0,0,11094.55454438301,11094.55454438301,1849.092424063835,1.5,0.7645334653311521,0.49202567858552704,0.00016140723071598518,63.5,25.40000000000001,0.1584919146816926,0,37:funding_collapse|43:funding_collapse|57:funding_collapse|61:funding_collapse|85:funding_collapse|96:heatwave:reserve,0.014665987482513585,0.04997665086141099,0.07466106673542916,0.004487723269717344,2.582515691455763e-05,0.0008851436606177683,4.408068520135752e-05,2e0727e8a8737fd0
zero_survey_budget,14,"{""background_detection_probability"": 0.0, ""policy_allocations"": {""S7"": {""biobank"": 0.08, ""engagement"": 0.09, ""ex_situ"": 0.1, ""genetics"": 0.08, ""habitat"": 0.51, ""rescue"": 0.14, ""survey"": 0.0}}}",S7,forward_rollout_proxy,False,954014,0.625,0.625,5,5,677,677,3,1.0,1.0,26.666666666666668,220.30382866576335,0.42839909076631166,3.4182059281712767,0.0004126267725366773,0.9995873732274633,26,0,0,11215.011423963819,11215.011423963817,2243.002284792764,1.5,0.5849709260391506,0.40562753482196634,0.00024924403190996916,37.75,15.099999999999994,0.1584919146816926,0,4:heatwave:origin|7:funding_collapse|9:flood:alternative|31:heatwave:alternative|49:flood:alternative|64:heatwave:semiwild|78:wildfire:reserve|86:heatwave:semiwild,0.012762341353010796,0.04552959621759015,0.29806125781831666,0.02708109598918618,3.987904510559506e-05,0.0011206587103255107,6.25170021612718e-05,2e0727e8a8737fd0
zero_survey_budget,15,"{""background_detection_probability"": 0.0, ""policy_allocations"": {""S7"": {""biobank"": 0.08, ""engagement"": 0.09, ""ex_situ"": 0.1, ""genetics"": 0.08, ""habitat"": 0.51, ""rescue"": 0.14, ""survey"": 0.0}}}",S7,forward_rollout_proxy,False,954015,1.0,0.625,8,5,380,380,2,0.6666666666666666,1.0,59.5,454.9703857307128,0.7134582545998104,4.3965946123301425,0.0030128795082392064,0.9969871204917607,40,0,0,11198.28430657633,11198.28430657633,2239.656861315266,1.5,0.7382747161953424,0.4268529730745028,5.2493438320209976e-05,52.5,21.000000000000004,0.13904777665833584,0,18:funding_collapse|19:wildfire:semiwild|26:heatwave:alternative|36:heatwave:alternative|74:flood:semiwild|93:flood:reserve|100:heatwave:semiwild,0.015012631381811017,0.055051990517929104,0.03769328510145306,0.0029390933759830583,8.398950131233596e-06,0.0007900562247867546,4.167499509946524e-05,2e0727e8a8737fd0
zero_survey_budget,16,"{""background_detection_probability"": 0.0, ""policy_allocations"": {""S7"": {""biobank"": 0.08, ""engagement"": 0.09, ""ex_situ"": 0.1, ""genetics"": 0.08, ""habitat"": 0.51, ""rescue"": 0.14, ""survey"": 0.0}}}",S7,forward_rollout_proxy,False,954016,0.75,0.75,6,6,796,796,2,0.6666666666666666,1.0,27.5,475.6842612369634,0.7163716736179245,4.352301513793728,0.002288543127901288,0.9977114568720987,65,0,0,11172.572641517303,11172.572641517301,1862.095440252884,1.5,0.8439891838711887,0.4971203164613947,0.00033285988486082927,59.75,23.90000000000001,0.1584919146816926,0,43:funding_collapse|66:heatwave:reserve|99:funding_collapse,0.015174690228547585,0.05465772086037528,0.03508777240731917,0.002552749749639032,5.3257581577732684e-05,0.000754733637331797,4.132386876031756e-05,2e0727e8a8737fd0
zero_survey_budget,17,"{""background_detection_probability"": 0.0, ""policy_allocations"": {""S7"": {""biobank"": 0.08, ""engagement"": 0.09, ""ex_situ"": 0.1, ""genetics"": 0.08, ""habitat"": 0.51, ""rescue"": 0.14, ""survey"": 0.0}}}",S7,forward_rollout_proxy,False,954017,0.5,0.5,4,4,655,655,3,1.0,1.0,17.333333333333332,234.36296348544263,0.4975949431102177,3.97908610418288,7.02054724779536e-05,0.9999297945275221,15,0,0,11230.167356920458,11230.167356920458,2807.5418392301144,1.5,0.6967053231556163,0.36091317671378603,0.00012358490566037736,33.5,13.4,0.13225891678197793,0,2:funding_collapse|6:heatwave:origin|7:heatwave:semiwild|44:funding_collapse|95:flood:origin,0.012659480786730072,0.03820135948509184,0.2525320958335803,0.011367559091588325,1.9773584905660376e-05,0.000576007750253962,6.765682014925053e-05,2e0727e8a8737fd0
zero_survey_budget,18,"{""background_detection_probability"": 0.0, ""policy_allocations"": {""S7"": {""biobank"": 0.08, ""engagement"": 0.09, ""ex_situ"": 0.1, ""genetics"": 0.08, ""habitat"": 0.51, ""rescue"": 0.14, ""survey"": 0.0}}}",S7,forward_rollout_proxy,False,954018,0.75,0.625,6,5,843,843,2,0.6666666666666666,1.0,33.0,462.3792852499792,0.7384450011446956,3.8664635168509536,0.0035804117670838395,0.9964195882329162,72,0,0,11155.303826743067,11155.303826743067,2231.0607653486136,1.5,0.8460189637650037,0.4338383416248195,1.6891891891891892e-05,69.75,27.900000000000016,0.14660905039904776,0,14:wildfire:semiwild|21:funding_collapse|37:wildfire:reserve|68:funding_collapse|68:flood:alternative|89:funding_collapse,0.015735918959501966,0.056349765695669546,0.011521757116750882,0.0025360322189337797,2.7027027027027026e-06,0.0008418588923095536,5.3355772558357036e-05,2e0727e8a8737fd0
zero_survey_budget,19,"{""background_detection_probability"": 0.0, ""policy_allocations"": {""S7"": {""biobank"": 0.08, ""engagement"": 0.09, ""ex_situ"": 0.1, ""genetics"": 0.08, ""habitat"": 0.51, ""rescue"": 0.14, ""survey"": 0.0}}}",S7,forward_rollout_proxy,False,954019,0.625,0.625,5,5,880,880,3,1.0,1.0,15.333333333333334,211.05996141414164,0.3901879360395102,3.5851167427759685,9.883025475656807e-05,0.9999011697452435,18,0,0,11308.547298749414,11308.547298749414,2261.7094597498826,1.5,0.7621947974823562,0.42501903011233383,0.0001759158009841443,30.75,12.299999999999995,0.1584919146816926,0,1:heatwave:origin|28:wildfire:alternative|37:heatwave:alternative,0.012483268745318415,0.03667801336261538,0.3409453065851875,0.030137105472488258,2.8146528157463095e-05,0.0011837389624976221,7.352968311181125e-05,2e0727e8a8737fd0
zero_survey_budget,20,"{""background_detection_probability"": 0.0, ""policy_allocations"": {""S7"": {""biobank"": 0.08, ""engagement"": 0.09, ""ex_situ"": 0.1, ""genetics"": 0.08, ""habitat"": 0.51, ""rescue"": 0.14, ""survey"": 0.0}}}",S7,forward_rollout_proxy,False,954020,0.625,0.5,5,4,731,731,3,1.0,1.0,42.333333333333336,349.2378942012516,0.6407670955327484,3.4724949199132276,0.0032974307524459446,0.9967025692475541,29,0,0,11172.768453703738,11172.768453703738,2793.1921134259346,1.5,0.5246002622788027,0.33946601974882973,0.00029018634241802997,44.75,17.900000000000002,0.1364052216090858,0,4:funding_collapse|5:wildfire:reserve|23:flood:semiwild|29:heatwave:alternative|58:heatwave:origin|72:flood:alternative|83:heatwave:origin|87:flood:origin|96:flood:alternative,0.014522684112838784,0.04827576567363062,0.10730994138746436,0.010215811297953997,4.6429814786884804e-05,0.0009257854473651273,4.5353499822394185e-05,2e0727e8a8737fd0
zero_survey_budget,21,"{""background_detection_probability"": 0.0, ""policy_allocations"": {""S7"": {""biobank"": 0.08, ""engagement"": 0.09, ""ex_situ"": 0.1, ""genetics"": 0.08, ""habitat"": 0.51, ""rescue"": 0.14, ""survey"": 0.0}}}",S7,forward_rollout_proxy,False,954021,0.5,0.375,4,3,923,923,3,1.0,1.0,43.666666666666664,373.6399522583971,0.6899211509506995,4.6095284961760115,0.0006983371965035278,0.9993016628034965,63,0,0,11169.026312929976,11169.026312929976,3723.008770976659,1.5,0.7088251043646867,0.30691221081516207,0.00010195982797639981,73.0,29.200000000000028,0.10592207708466643,0,13:flood:reserve|31:flood:origin|59:funding_collapse|63:wildfire:alternative|92:wildfire:reserve,0.015510482295634787,0.05393622587360565,0.049694783908010104,0.007660309008420383,1.631357247622397e-05,0.0010531199466398682,7.407879279991265e-05,2e0727e8a8737fd0
zero_survey_budget,22,"{""background_detection_probability"": 0.0, ""policy_allocations"": {""S7"": {""biobank"": 0.08, ""engagement"": 0.09, ""ex_situ"": 0.1, ""genetics"": 0.08, ""habitat"": 0.51, ""rescue"": 0.14, ""survey"": 0.0}}}",S7,forward_rollout_proxy,False,954022,0.625,0.625,5,5,675,675,2,0.6666666666666666,1.0,22.5,464.02204834216764,0.7070162614695025,5.285994420138691,6.804720587966251e-05,0.9999319527941203,16,0,0,11157.184515321449,11157.184515321449,2231.4369030642897,1.5,0.8460765128355022,0.4448021534393748,0.00018816631646805922,59.0,23.600000000000012,0.13042278977218813,0,3:flood:alternative|99:funding_collapse,0.014904041540741392,0.051805090772373455,0.04612203762134923,0.0030890291409923464,3.0106610634889475e-05,0.0008463007636534954,4.2235865524919535e-05,2e0727e8a8737fd0
zero_survey_budget,23,"{""background_detection_probability"": 0.0, ""policy_allocations"": {""S7"": {""biobank"": 0.08, ""engagement"": 0.09, ""ex_situ"": 0.1, ""genetics"": 0.08, ""habitat"": 0.51, ""rescue"": 0.14, ""survey"": 0.0}}}",S7,forward_rollout_proxy,False,954023,0.75,0.625,6,5,972,972,3,1.0,1.0,44.0,311.53721513689965,0.4876562875258285,4.074889232212954,0.000407216381064478,0.9995927836189356,8,0,0,11224.509342163217,11224.509342163217,2244.9018684326434,1.5,0.6677465303865199,0.42047192829712005,0.0001566895550813428,62.0,24.800000000000015,0.1584919146816926,0,12:wildfire:origin|26:wildfire:alternative|45:funding_collapse|68:flood:alternative|96:wildfire:alternative,0.013482077693325016,0.042849841048318245,0.2478164122144001,0.02221954720807305,2.5070328813014847e-05,0.001138614133991868,5.1969485364176385e-05,2e0727e8a8737fd0
zero_survey_budget,24,"{""background_detection_probability"": 0.0, ""policy_allocations"": {""S7"": {""biobank"": 0.08, ""engagement"": 0.09, ""ex_situ"": 0.1, ""genetics"": 0.08, ""habitat"": 0.51, ""rescue"": 0.14, ""survey"": 0.0}}}",S7,forward_rollout_proxy,False,954024,0.625,0.5,5,4,754,754,3,1.0,1.0,34.666666666666664,267.7580350776362,0.48136814448393944,4.2410233018659795,0.00040577871864183894,0.9995942212813581,15,0,0,11226.69162532145,11226.69162532145,2806.6729063303624,1.5,0.7421733887303915,0.3679847625797354,0.00012376492491125688,34.0,13.599999999999996,0.1317859534401823,0,19:heatwave:origin|26:funding_collapse,0.01309767953779501,0.039355316806685275,0.256829510201225,0.022807717031659614,1.98023879858011e-05,0.000988763776407615,4.3156381140594615e-05,2e0727e8a8737fd0
zero_survey_budget,25,"{""background_detection_probability"": 0.0, ""policy_allocations"": {""S7"": {""biobank"": 0.08, ""engagement"": 0.09, ""ex_situ"": 0.1, ""genetics"": 0.08, ""habitat"": 0.51, ""rescue"": 0.14, ""survey"": 0.0}}}",S7,forward_rollout_proxy,False,954025,0.75,0.75,6,6,869,869,2,0.6666666666666666,1.0,32.0,547.0311782352924,0.6935945757722108,3.7842621154871963,0.0019817165907416424,0.9980182834092584,44,0,0,11248.035609531617,11248.035609531617,1874.6726015886027,1.5,0.7582578950941721,0.48286679360062773,0.00020396864233402677,63.25,25.300000000000015,0.1584919146816926,0,25:wildfire:semiwild|72:wildfire:reserve|97:heatwave:alternative,0.015013388624285204,0.05017340465842925,0.05787521114925446,0.003914554115607398,3.263498277344428e-05,0.000800377620382101,3.8594768534906007e-05,2e0727e8a8737fd0
zero_survey_budget,26,"{""background_detection_probability"": 0.0, ""policy_allocations"": {""S7"": {""biobank"": 0.08, ""engagement"": 0.09, ""ex_situ"": 0.1, ""genetics"": 0.08, ""habitat"": 0.51, ""rescue"": 0.14, ""survey"": 0.0}}}",S7,forward_rollout_proxy,False,954026,0.625,0.5,5,4,679,676,3,1.0,1.0,45.666666666666664,256.5166970979848,0.5145045300710717,4.470587596862716,0.00033949286085489447,0.9996605071391451,17,0,0,11227.487184000162,11227.487184000162,2806.8717960000404,1.5,0.7290104354622106,0.37000131447595835,0.0005318617297144919,42.0,16.8,0.13697197480555057,0,16:heatwave:origin|46:wildfire:alternative|53:heatwave:alternative|59:funding_collapse|97:wildfire:semiwild,0.0132123287290178,0.04052081303106947,0.2187536266119101,0.027310818494924175,8.509787675431868e-05,0.0012443968796742655,5.309653338955022e-05,2e0727e8a8737fd0
zero_survey_budget,27,"{""background_detection_probability"": 0.0, ""policy_allocations"": {""S7"": {""biobank"": 0.08, ""engagement"": 0.09, ""ex_situ"": 0.1, ""genetics"": 0.08, ""habitat"": 0.51, ""rescue"": 0.14, ""survey"": 0.0}}}",S7,forward_rollout_proxy,False,954027,0.625,0.5,5,4,888,888,3,1.0,1.0,31.333333333333332,300.0995518716356,0.5205154118520199,3.9195487860943183,0.0007086689827989294,0.999291331017201,48,0,0,11238.516884626446,11238.516884626446,2809.6292211566115,1.5,0.7426491696531624,0.3655756385222665,0.0003763765855634172,57.5,23.000000000000007,0.1355761684800353,0,8:heatwave:origin|45:funding_collapse|77:heatwave:reserve,0.013566383693734897,0.04327181263325155,0.21157324979375342,0.02261101342323433,6.022025369014675e-05,0.0011086002134097343,7.438574088582361e-05,2e0727e8a8737fd0
zero_survey_budget,28,"{""background_detection_probability"": 0.0, ""policy_allocations"": {""S7"": {""biobank"": 0.08, ""engagement"": 0.09, ""ex_situ"": 0.1, ""genetics"": 0.08, ""habitat"": 0.51, ""rescue"": 0.14, ""survey"": 0.0}}}",S7,forward_rollout_proxy,False,954028,0.625,0.5,5,4,1200,1200,3,1.0,1.0,58.333333333333336,462.907794024892,0.6723782219863383,3.5036405592051474,0.004195974943652681,0.9958040250563474,30,0,0,11206.328365723522,11206.328365723522,2801.5820914308806,1.5,0.7867089997737947,0.3661592360055388,0.0003902454693993216,52.5,21.000000000000014,0.13725965218053904,0,49:heatwave:origin|79:flood:alternative|92:funding_collapse,0.015070996189081443,0.047216890190737014,0.07753712322306029,0.006219556079788555,6.243927510389145e-05,0.0009086508121177747,4.0371297286991916e-05,2e0727e8a8737fd0
zero_survey_budget,29,"{""background_detection_probability"": 0.0, ""policy_allocations"": {""S7"": {""biobank"": 0.08, ""engagement"": 0.09, ""ex_situ"": 0.1, ""genetics"": 0.08, ""habitat"": 0.51, ""rescue"": 0.14, ""survey"": 0.0}}}",S7,forward_rollout_proxy,False,954029,0.375,0.375,3,3,580,580,3,1.0,1.0,14.0,204.03965871433985,0.4926293838260689,3.715360723056355,0.0,1.0,3,0,0,11258.401876485626,11258.401876485625,3752.800625495209,1.5,0.6871163632475645,0.2959699579746213,0.00017934246682947425,16.25,6.499999999999999,0.10677357209650629,0,2:heatwave:origin|12:flood:semiwild|15:funding_collapse|28:funding_collapse|31:heatwave:alternative|33:flood:semiwild|65:wildfire:alternative,0.012375604358029027,0.03436915271088586,0.23081337346366343,0.03972503177401005,2.869479469271588e-05,0.0014826835601487879,5.920521329681648e-05,2e0727e8a8737fd0
zero_survey_budget,30,"{""background_detection_probability"": 0.0, ""policy_allocations"": {""S7"": {""biobank"": 0.08, ""engagement"": 0.09, ""ex_situ"": 0.1, ""genetics"": 0.08, ""habitat"": 0.51, ""rescue"": 0.14, ""survey"": 0.0}}}",S7,forward_rollout_proxy,False,954030,0.875,0.625,7,5,813,813,2,0.6666666666666666,1.0,41.0,517.4869023438955,0.7102306332459475,3.7179482884333233,0.0013564675515485296,0.9986435324484515,6,0,0,11236.438977734764,11236.438977734764,2247.287795546953,1.5,0.7889652429751631,0.4252596440671001,0.0002109186090022327,45.5,18.200000000000003,0.13966818442625262,0,87:heatwave:origin|89:heatwave:semiwild,0.01521246377973006,0.04882397846745083,0.04449921042378393,0.002796299655872993,3.374697744035723e-05,0.0007842309811500542,2.972942936901861e-05,2e0727e8a8737fd0
zero_survey_budget,31,"{""background_detection_probability"": 0.0, ""policy_allocations"": {""S7"": {""biobank"": 0.08, ""engagement"": 0.09, ""ex_situ"": 0.1, ""genetics"": 0.08, ""habitat"": 0.51, ""rescue"": 0.14, ""survey"": 0.0}}}",S7,forward_rollout_proxy,False,954031,0.625,0.625,5,5,501,501,2,0.6666666666666666,1.0,31.5,402.305680078623,0.7287606826877279,3.4396186575585768,0.012464150479056812,0.9875358495209432,2,0,0,11156.090011884333,11156.090011884333,2231.2180023768665,1.5,0.7996766511342788,0.4223610935132229,0.00019950335721519941,39.5,15.799999999999995,0.1337362091210461,0,4:funding_collapse|8:wildfire:alternative|28:funding_collapse|98:flood:alternative,0.01516255226534718,0.0527525434489718,0.025189771021176924,0.0027515961559221275,3.19205371544319e-05,0.0008718515844537937,3.594875921695591e-05,2e0727e8a8737fd0
zero_survey_budget,32,"{""background_detection_probability"": 0.0, ""policy_allocations"": {""S7"": {""biobank"": 0.08, ""engagement"": 0.09, ""ex_situ"": 0.1, ""genetics"": 0.08, ""habitat"": 0.51, ""rescue"": 0.14, ""survey"": 0.0}}}",S7,forward_rollout_proxy,False,954032,0.75,0.75,6,6,512,509,2,0.6666666666666666,1.0,27.0,442.4275998973388,0.7302084527079125,4.101328058283883,0.04127830052835826,0.9587216994716418,89,0,0,11130.343205813191,11130.343205813191,1855.0572009688651,1.5,0.8004817724434702,0.4902598407635244,0.00018911293284697581,67.5,27.00000000000002,0.1584919146816926,0,2:funding_collapse|21:wildfire:alternative|43:funding_collapse|47:funding_collapse|70:heatwave:reserve|83:flood:alternative,0.015313769599167698,0.059449890698666484,0.01801729774036334,0.0018832190763291773,3.025806925551613e-05,0.0009246330095677568,5.306320472952091e-05,2e0727e8a8737fd0
zero_survey_budget,33,"{""background_detection_probability"": 0.0, ""policy_allocations"": {""S7"": {""biobank"": 0.08, ""engagement"": 0.09, ""ex_situ"": 0.1, ""genetics"": 0.08, ""habitat"": 0.51, ""rescue"": 0.14, ""survey"": 0.0}}}",S7,forward_rollout_proxy,False,954033,0.75,0.625,6,5,617,617,2,0.6666666666666666,1.0,43.5,455.14761168087455,0.7046478886866744,4.8130392281438406,0.00040098974540576785,0.9995990102545942,46,0,0,11134.723542267915,11134.723542267915,2226.944708453583,1.5,0.7648353790592708,0.43287136855325514,5.076142131979695e-05,55.0,22.000000000000007,0.1350371918294483,0,13:wildfire:alternative|16:funding_collapse|22:flood:semiwild|62:funding_collapse|69:heatwave:reserve|72:funding_collapse|76:wildfire:alternative,0.01482424236174528,0.0541420067999529,0.04627290588639652,0.003281936186890003,8.121827411167512e-06,0.000756012270119667,4.5566014487702966e-05,2e0727e8a8737fd0
zero_survey_budget,34,"{""background_detection_probability"": 0.0, ""policy_allocations"": {""S7"": {""biobank"": 0.08, ""engagement"": 0.09, ""ex_situ"": 0.1, ""genetics"": 0.08, ""habitat"": 0.51, ""rescue"": 0.14, ""survey"": 0.0}}}",S7,forward_rollout_proxy,False,954034,0.75,0.75,6,6,960,960,2,0.6666666666666666,1.0,34.5,515.2731618894186,0.7392547652558629,3.9323233446523447,0.004469824328567822,0.9955301756714322,70,0,0,11247.155335581007,11247.155335581005,1874.525889263501,1.5,0.8488296199354446,0.49340457837640644,0.00032743709469977816,73.0,29.20000000000003,0.1584919146816926,0,41:wildfire:reserve|72:wildfire:semiwild,0.01588477986803457,0.05263027451897082,0.012227612260637337,0.001947334072494532,5.238993515196451e-05,0.0008322311875107315,5.042293244503682e-05,2e0727e8a8737fd0
zero_survey_budget,35,"{""background_detection_probability"": 0.0, ""policy_allocations"": {""S7"": {""biobank"": 0.08, ""engagement"": 0.09, ""ex_situ"": 0.1, ""genetics"": 0.08, ""habitat"": 0.51, ""rescue"": 0.14, ""survey"": 0.0}}}",S7,forward_rollout_proxy,False,954035,0.625,0.375,5,3,584,584,3,1.0,1.0,33.0,285.47491092818984,0.6476149458075945,3.0280341558135704,0.003141278997920489,0.9968587210020795,10,0,0,11210.132635615264,11210.132635615264,3736.710878538421,1.5,0.6699999999999999,0.28949852723041414,0.00017928082926877594,24.0,9.6,0.1173409283613923,0,12:wildfire:reserve|39:flood:semiwild|50:flood:origin|52:wildfire:origin|94:wildfire:origin|100:flood:origin,0.014246064275570316,0.04861007266687568,0.09367794916049216,0.01518440665263772,2.8684932683004154e-05,0.0012146132502068056,5.082838310128026e-05,2e0727e8a8737fd0
zero_survey_budget,36,"{""background_detection_probability"": 0.0, ""policy_allocations"": {""S7"": {""biobank"": 0.08, ""engagement"": 0.09, ""ex_situ"": 0.1, ""genetics"": 0.08, ""habitat"": 0.51, ""rescue"": 0.14, ""survey"": 0.0}}}",S7,forward_rollout_proxy,False,954036,0.625,0.625,5,5,935,935,2,0.6666666666666666,1.0,30.0,505.9787797737883,0.7197541667687004,4.413932583540938,0.0003595370523690022,0.999640462947631,0,0,0,11212.403456022905,11212.403456022905,2242.480691204581,1.5,0.8477662124209667,0.4363847665165093,0.00022409589524686685,51.5,20.600000000000005,0.13109409719501636,0,3:funding_collapse,0.015245951056022722,0.049630857678140516,0.03453863912729137,0.00359124075810536,3.5855343239498694e-05,0.0009260509277967097,3.1980616746548826e-05,2e0727e8a8737fd0
zero_survey_budget,37,"{""background_detection_probability"": 0.0, ""policy_allocations"": {""S7"": {""biobank"": 0.08, ""engagement"": 0.09, ""ex_situ"": 0.1, ""genetics"": 0.08, ""habitat"": 0.51, ""rescue"": 0.14, ""survey"": 0.0}}}",S7,forward_rollout_proxy,False,954037,0.625,0.625,5,5,789,789,2,0.6666666666666666,1.0,23.0,523.075579722774,0.7142385583546782,4.993548379894819,0.0,1.0,15,0,0,11208.836913280029,11208.836913280029,2241.767382656006,1.5,0.8052259371433172,0.4384048307486104,0.0002682707917773404,48.25,19.3,0.13348376617665256,0,44:flood:semiwild|59:flood:semiwild|70:funding_collapse|93:heatwave:alternative,0.015144455377172246,0.0508035969645855,0.03988069168456502,0.002389225718784939,4.2923326684374473e-05,0.0008598894204067193,3.169048564628448e-05,2e0727e8a8737fd0
zero_survey_budget,38,"{""background_detection_probability"": 0.0, ""policy_allocations"": {""S7"": {""biobank"": 0.08, ""engagement"": 0.09, ""ex_situ"": 0.1, ""genetics"": 0.08, ""habitat"": 0.51, ""rescue"": 0.14, ""survey"": 0.0}}}",S7,forward_rollout_proxy,False,954038,0.375,0.25,3,2,768,768,3,1.0,1.0,48.333333333333336,331.8864770801983,0.7075526782050034,4.526823179824416,0.0003000144551172242,0.9996999855448828,75,0,0,11175.347638563973,11175.347638563973,5587.673819281987,1.5,0.7801448523523384,0.2533239179170309,0.00012504256891029606,71.5,28.600000000000026,0.0877060044177643,0,12:heatwave:reserve|17:wildfire:origin|19:funding_collapse|35:heatwave:semiwild|73:heatwave:reserve,0.015439949821259529,0.052830197193524414,0.03746789532086053,0.0030598080945827433,2.0006811025647365e-05,0.0005774099725910371,9.829766538592204e-05,2e0727e8a8737fd0
zero_survey_budget,39,"{""background_detection_probability"": 0.0, ""policy_allocations"": {""S7"": {""biobank"": 0.08, ""engagement"": 0.09, ""ex_situ"": 0.1, ""genetics"": 0.08, ""habitat"": 0.51, ""rescue"": 0.14, ""survey"": 0.0}}}",S7,forward_rollout_proxy,False,954039,0.875,0.75,7,6,698,698,2,0.6666666666666666,1.0,35.0,485.98227845544153,0.6848913434530755,4.294507972817244,0.000877431611709305,0.9991225683882907,10,0,0,11201.75374955011,11201.75374955011,1866.9589582583515,1.5,0.8474403314028991,0.49688749580480085,0.00019591374496493718,46.5,18.599999999999998,0.1584919146816926,0,5:heatwave:alternative|8:wildfire:semiwild,0.014735764091617748,0.050117118095576965,0.06874324905878786,0.004165401785917844,3.134619919438996e-05,0.0008253335115479309,3.255838767400621e-05,2e0727e8a8737fd0
zero_survey_budget,40,"{""background_detection_probability"": 0.0, ""policy_allocations"": {""S7"": {""biobank"": 0.08, ""engagement"": 0.09, ""ex_situ"": 0.1, ""genetics"": 0.08, ""habitat"": 0.51, ""rescue"": 0.14, ""survey"": 0.0}}}",S7,forward_rollout_proxy,False,954040,0.625,0.5,5,4,1200,1200,3,1.0,1.0,38.666666666666664,477.18507204730804,0.6540230240873971,5.0954663284743535,0.002435112300228392,0.9975648876997716,35,0,0,11248.732390760953,11248.732390760953,2812.1830976902384,1.5,0.7482965749280451,0.3769579358515247,0.00023705593529041062,48.75,19.500000000000007,0.13086807536988315,0,10:wildfire:semiwild|28:wildfire:semiwild|60:heatwave:origin,0.01476260944688244,0.045622008407698186,0.0963105431188216,0.007748292770714871,3.792894964646569e-05,0.0008809517561992132,3.60339674912003e-05,2e0727e8a8737fd0
zero_survey_budget,41,"{""background_detection_probability"": 0.0, ""policy_allocations"": {""S7"": {""biobank"": 0.08, ""engagement"": 0.09, ""ex_situ"": 0.1, ""genetics"": 0.08, ""habitat"": 0.51, ""rescue"": 0.14, ""survey"": 0.0}}}",S7,forward_rollout_proxy,False,954041,0.75,0.75,6,6,935,935,2,0.6666666666666666,1.0,30.0,541.8281186135806,0.6795905357156024,5.114664810840282,0.001653520536396276,0.9983464794636038,8,0,0,11182.285318263115,11182.285318263113,1863.7142197105193,1.5,0.8468445974055171,0.505029490785293,0.0002807014659853309,58.0,23.20000000000001,0.1584919146816926,0,53:heatwave:semiwild|54:flood:alternative|66:funding_collapse|74:funding_collapse,0.01475854626155617,0.0488084861140583,0.07373187031034015,0.004499938169564436,4.491223455765295e-05,0.0008949636918935415,3.485323534904606e-05,2e0727e8a8737fd0
zero_survey_budget,42,"{""background_detection_probability"": 0.0, ""policy_allocations"": {""S7"": {""biobank"": 0.08, ""engagement"": 0.09, ""ex_situ"": 0.1, ""genetics"": 0.08, ""habitat"": 0.51, ""rescue"": 0.14, ""survey"": 0.0}}}",S7,forward_rollout_proxy,False,954042,0.625,0.5,5,4,1131,1131,3,1.0,1.0,41.666666666666664,392.9602481832665,0.6933795662382858,3.7495255507471112,0.0025040138552300546,0.99749598614477,118,0,0,11218.512291043606,11218.512291043606,2804.6280727609014,1.5,0.644090497327052,0.35385865305177044,0.0004054446675792375,59.0,23.600000000000012,0.13477173905797069,0,29:heatwave:origin|39:funding_collapse|39:wildfire:reserve|51:wildfire:reserve|82:heatwave:origin,0.015273091944940705,0.0521611802441784,0.04104728793281259,0.010025218692710931,6.487114681267802e-05,0.0008856115386931495,7.511404342405332e-05,2e0727e8a8737fd0
zero_survey_budget,43,"{""background_detection_probability"": 0.0, ""policy_allocations"": {""S7"": {""biobank"": 0.08, ""engagement"": 0.09, ""ex_situ"": 0.1, ""genetics"": 0.08, ""habitat"": 0.51, ""rescue"": 0.14, ""survey"": 0.0}}}",S7,forward_rollout_proxy,False,954043,0.75,0.625,6,5,1129,1129,3,1.0,1.0,50.666666666666664,438.4640525883923,0.6171736769714365,3.7725672689581975,0.008491150168992637,0.9915088498310074,52,0,0,11208.275401710429,11208.275401710429,2241.655080342086,1.5,0.7236451593487816,0.4230385715607987,0.00010078262468156629,72.75,29.100000000000023,0.1584919146816926,0,20:funding_collapse|33:wildfire:origin|44:flood:reserve|87:wildfire:alternative,0.014814542576668486,0.04870379858848341,0.12213993259625283,0.01258001075356233,1.6125219949050606e-05,0.0009298438664241785,6.0056958034056894e-05,2e0727e8a8737fd0
zero_survey_budget,44,"{""background_detection_probability"": 0.0, ""policy_allocations"": {""S7"": {""biobank"": 0.08, ""engagement"": 0.09, ""ex_situ"": 0.1, ""genetics"": 0.08, ""habitat"": 0.51, ""rescue"": 0.14, ""survey"": 0.0}}}",S7,forward_rollout_proxy,False,954044,0.625,0.5,5,4,930,930,3,1.0,1.0,46.333333333333336,321.2014322488973,0.5315918016474293,3.3299730726683663,0.000293899191511079,0.9997061008084889,15,0,0,11240.520384652682,11240.520384652682,2810.1300961631705,1.5,0.7239176405196526,0.3573382643109895,0.00015607123364348003,52.5,21.00000000000001,0.13323384766170296,0,5:flood:origin|45:funding_collapse|79:flood:origin,0.013553896431696261,0.03977808772629717,0.21042423218968298,0.017214422847650224,2.497139738295681e-05,0.0008742111919786505,5.8536193194031895e-05,2e0727e8a8737fd0
zero_survey_budget,45,"{""background_detection_probability"": 0.0, ""policy_allocations"": {""S7"": {""biobank"": 0.08, ""engagement"": 0.09, ""ex_situ"": 0.1, ""genetics"": 0.08, ""habitat"": 0.51, ""rescue"": 0.14, ""survey"": 0.0}}}",S7,forward_rollout_proxy,False,954045,0.125,0.125,1,1,282,205,3,1.0,1.0,21.0,105.2430672122951,0.6649069462722141,2.739373062349294,0.006083367642687963,0.9939166323573121,99,0,0,11137.233282169866,11137.233282169866,11137.233282169866,1.5,0.5884358588623254,0.1526387713521211,2.6041666666666665e-05,52.25,20.90000000000001,0.050757274211978086,0,3:flood:reserve|9:heatwave:origin|19:flood:origin|33:flood:origin|38:wildfire:alternative|61:flood:reserve|73:wildfire:alternative,0.011896589497059695,0.0643592121229941,0.03677124335626131,0.010967324455966715,4.166666666666667e-06,0.000762709130782623,0.00030321628161590207,2e0727e8a8737fd0
zero_survey_budget,46,"{""background_detection_probability"": 0.0, ""policy_allocations"": {""S7"": {""biobank"": 0.08, ""engagement"": 0.09, ""ex_situ"": 0.1, ""genetics"": 0.08, ""habitat"": 0.51, ""rescue"": 0.14, ""survey"": 0.0}}}",S7,forward_rollout_proxy,False,954046,0.75,0.5,6,4,619,619,3,1.0,1.0,33.666666666666664,413.4475003981154,0.6222312599958465,3.915677811676498,0.0007674909963952556,0.9992325090036047,92,0,0,11256.86251687846,11256.86251687846,2814.215629219615,1.5,0.5055225473031383,0.3430302361932572,0.00012744033279607725,75.25,30.10000000000003,0.1416060167308918,0,39:heatwave:origin|55:heatwave:origin|68:wildfire:origin|83:heatwave:alternative|88:wildfire:origin|89:wildfire:origin|91:wildfire:reserve|94:flood:reserve|95:wildfire:semiwild,0.014576893094760367,0.04628783876289155,0.12143322583778579,0.011105895817067203,2.0390453247372363e-05,0.0008761362923952761,6.0540173756468747e-05,2e0727e8a8737fd0
zero_survey_budget,47,"{""background_detection_probability"": 0.0, ""policy_allocations"": {""S7"": {""biobank"": 0.08, ""engagement"": 0.09, ""ex_situ"": 0.1, ""genetics"": 0.08, ""habitat"": 0.51, ""rescue"": 0.14, ""survey"": 0.0}}}",S7,forward_rollout_proxy,False,954047,0.375,0.375,3,3,571,571,3,1.0,1.0,25.333333333333332,196.00855609520644,0.519790665734886,3.2055999522491825,0.0005937312337380845,0.9994062687662619,79,0,0,11274.359843987424,11274.359843987424,3758.119947995808,1.5,0.6699999999999999,0.29035176565784,0.0003091940845712795,51.25,20.499999999999996,0.11272883067674076,0,6:flood:origin|25:wildfire:alternative|27:flood:semiwild|30:heatwave:reserve|38:heatwave:semiwild|50:flood:origin|55:wildfire:semiwild,0.012653424479290494,0.05214762614578043,0.190807200995996,0.03504668186328627,4.947105353140472e-05,0.0013644740742759487,9.7951506684294e-05,2e0727e8a8737fd0
latent_species_zero,0,"{""latent_fraction_proxy"": 0.0}",S7,forward_rollout_proxy,False,955000,0.5,0.5,4,4,778,778,0,0.0,0.0,,272.78945763473666,0.579866308196674,4.4201421696824195,0.001066072379689425,0.9989339276203105,53,0,0,11175.801405090862,11175.801405090862,2793.9503512727156,1.5,0.7019833796099427,0.3690044090324854,0.00027831444118754374,61.75,24.700000000000017,0.1480232468733345,0,14:funding_collapse|22:heatwave:alternative,0.013936822866431369,0.048145025300710964,0.1585894276427467,0.017124655480694747,4.4530310590006997e-05,0.001099284283478537,6.441421887902958e-05,07708b6408ad7dbe
latent_species_zero,1,"{""latent_fraction_proxy"": 0.0}",S7,forward_rollout_proxy,False,955001,0.625,0.625,5,5,1200,1200,0,0.0,0.0,,348.0558131243847,0.6145552597250982,3.8545058318871357,0.002325880478862475,0.9976741195211375,20,0,0,11184.971369164814,11184.971369164814,2236.994273832963,1.5,0.6699999999999999,0.4216651454429037,0.00045043292013216183,67.25,26.900000000000016,0.17435043562016161,0,78:wildfire:origin|95:funding_collapse,0.01448534596286248,0.049170897967648994,0.1269101997689211,0.012595036807818148,7.206926722114589e-05,0.0010241236461178713,6.819085282601858e-05,07708b6408ad7dbe
latent_species_zero,2,"{""latent_fraction_proxy"": 0.0}",S7,forward_rollout_proxy,False,955002,0.5,0.375,4,3,328,302,0,0.0,0.0,,225.69932168288315,0.726437018447823,2.5772594544559384,0.003369092942855517,0.9966309070571445,93,0,0,11150.077939082663,11150.077939082661,3716.6926463608875,1.5,0.5129294111499819,0.2747441826172165,7.912196499153021e-05,68.0,27.200000000000006,0.14464323478829466,0,5:wildfire:reserve|7:heatwave:semiwild|54:funding_collapse|62:wildfire:reserve|68:flood:alternative|83:wildfire:origin,0.01585185008352584,0.0708812290301611,0.0006871697983362951,0.0010114524886166857,1.2659514398644833e-05,0.0007439539834965109,0.00015148899894772328,07708b6408ad7dbe
latent_species_zero,3,"{""latent_fraction_proxy"": 0.0}",S7,forward_rollout_proxy,False,955003,0.5,0.5,4,4,575,573,0,0.0,0.0,,305.5718040089852,0.7388219514243363,3.8148799525114696,0.0009111902278407858,0.9990888097721592,90,0,0,11189.92116582699,11189.92116582699,2797.4802914567476,1.5,0.4930257577256678,0.34255042385102913,0.00026035276087394094,82.5,33.00000000000003,0.15049524276673804,0,5:funding_collapse|38:flood:reserve|81:heatwave:reserve|95:flood:alternative,0.01645543178308467,0.06083731783802075,0.0007763189406548624,0.00024887779651778575,4.165644173983055e-05,0.0010108390070250543,0.00011581101114770448,07708b6408ad7dbe
latent_species_zero,4,"{""latent_fraction_proxy"": 0.0}",S7,forward_rollout_proxy,False,955004,0.5,0.375,4,3,246,223,0,0.0,0.0,,227.9105550244603,0.6989438194829765,2.960200289075123,0.00917139106067266,0.9908286089393273,112,0,0,11169.774433700453,11169.774433700455,3723.258144566818,1.5,0.47500725480372363,0.2750726053431883,0.00021848030018761726,66.25,26.500000000000007,0.1460993848603233,0,3:wildfire:reserve|30:heatwave:semiwild|47:flood:alternative|98:wildfire:reserve,0.014769375419544609,0.07669043626601772,0.018711220464882782,0.011031547246107337,3.495684803001876e-05,0.0013359916721227669,0.00015933649968598242,07708b6408ad7dbe
latent_species_zero,5,"{""latent_fraction_proxy"": 0.0}",S7,forward_rollout_proxy,False,955005,0.625,0.5,5,4,381,359,0,0.0,0.0,,251.52935155292414,0.6457669967178137,3.9116036854459635,0.0035830779253028327,0.9964169220746971,106,0,0,11141.259528355115,11141.259528355115,2785.3148820887786,1.5,0.6066759378581233,0.3584167867424492,0.00019090252564277793,89.75,35.90000000000003,0.16816578051088624,0,3:heatwave:alternative|48:funding_collapse|59:heatwave:reserve,0.013672646206560984,0.0659085616880048,0.07383571405376382,0.01572694451873949,3.0544404102844466e-05,0.0009687401879412529,0.00011762583409760667,07708b6408ad7dbe
latent_species_zero,6,"{""latent_fraction_proxy"": 0.0}",S7,forward_rollout_proxy,False,955006,0.375,0.25,3,2,321,321,0,0.0,0.0,,139.71492325689803,0.6624762063137721,2.9465262711826554,0.0031915900623786632,0.9968084099376213,145,0,0,11265.053582027114,11265.053582027114,5632.526791013557,1.5,0.4939928630078922,0.21203690415541263,0.0010294014958315445,54.75,21.900000000000013,0.10336177571398428,0,5:flood:origin|71:wildfire:reserve|95:wildfire:reserve|99:heatwave:origin,0.013825922567915807,0.05643104253361398,0.06749437582041076,0.00845212252143676,0.00016470423933304717,0.0006031056636486906,0.00020368604385805539,07708b6408ad7dbe
latent_species_zero,7,"{""latent_fraction_proxy"": 0.0}",S7,forward_rollout_proxy,False,955007,0.625,0.625,5,5,861,861,0,0.0,0.0,,236.91920012049775,0.4752811418739302,4.0753983930537085,0.0,1.0,21,0,0,11205.774117455332,11205.774117455334,2241.1548234910665,1.5,0.6310292795324707,0.42129970754036195,0.00015947433073842284,47.5,19.0,0.18096397828288907,0,17:funding_collapse|20:flood:origin|36:flood:semiwild|46:flood:alternative|47:flood:semiwild|62:wildfire:origin,0.013210534607319415,0.04477876509802543,0.2562466923369627,0.0243923433844215,2.5515892918147654e-05,0.0012045819542642652,7.314224112115256e-05,07708b6408ad7dbe
latent_species_zero,8,"{""latent_fraction_proxy"": 0.0}",S7,forward_rollout_proxy,False,955008,0.625,0.5,5,4,738,738,0,0.0,0.0,,293.75644973484015,0.7195060703441992,4.282408004882736,0.0038188606708856442,0.9961811393291143,100,0,0,11148.529602825758,11148.529602825758,2787.1324007064395,1.5,0.6386118099046274,0.3621417016752946,0.0003646587954873643,85.0,34.00000000000003,0.1522822031800225,0,43:heatwave:reserve|48:funding_collapse|86:wildfire:alternative|87:heatwave:semiwild|100:funding_collapse,0.01566601245485464,0.06385457378706799,0.017155515349387643,0.0017226928391150895,5.834540727797828e-05,0.0008245036755447497,0.00011234729265713839,07708b6408ad7dbe
latent_species_zero,9,"{""latent_fraction_proxy"": 0.0}",S7,forward_rollout_proxy,False,955009,0.375,0.375,3,3,709,709,0,0.0,0.0,,263.4995621259815,0.6161706835547625,5.060171801252511,0.03497070755680392,0.9650292924431961,24,0,0,11086.358377567627,11086.358377567627,3695.4527925225425,1.5,0.7374801925955872,0.3184601866279962,0.0004811911058896741,57.0,22.800000000000015,0.12680224677956167,0,41:funding_collapse|43:funding_collapse|75:funding_collapse|94:funding_collapse|94:heatwave:semiwild,0.014178596053167418,0.0467506362762937,0.11437938244862506,0.025697322433003645,7.699057694234785e-05,0.0015551423581231438,6.901413286603419e-05,07708b6408ad7dbe
latent_species_zero,10,"{""latent_fraction_proxy"": 0.0}",S7,forward_rollout_proxy,False,955010,0.75,0.625,6,5,1200,1200,0,0.0,0.0,,344.7724537918513,0.5802510686776245,3.7258576485122665,0.0019283570875792556,0.9980716429124208,52,0,0,11196.239697624895,11196.239697624895,2239.247939524979,1.5,0.7397877003167898,0.4285924578346512,9.561027398294862e-05,71.75,28.700000000000024,0.18052555658924804,0,1:funding_collapse,0.014250240045982155,0.049337995721235456,0.1591460070595358,0.014805139970102268,1.529764383727178e-05,0.0009235185722164721,6.514633424789233e-05,07708b6408ad7dbe
latent_species_zero,11,"{""latent_fraction_proxy"": 0.0}",S7,forward_rollout_proxy,False,955011,0.625,0.625,5,5,952,952,0,0.0,0.0,,268.9527726808361,0.5572471942961996,3.4934648257202086,0.0007907411591382526,0.9992092588408618,32,0,0,11221.93253291295,11221.93253291295,2244.38650658259,1.5,0.5847925612264661,0.4100917483531718,0.00018083261247705529,54.5,21.800000000000008,0.17713921986661563,0,15:flood:semiwild|42:heatwave:alternative|61:wildfire:origin|66:wildfire:origin,0.013961306647343312,0.049257935263216784,0.18421770899845094,0.013299892551988948,2.8933217996328846e-05,0.001004518419138344,6.034718155529509e-05,07708b6408ad7dbe
latent_species_zero,12,"{""latent_fraction_proxy"": 0.0}",S7,forward_rollout_proxy,False,955012,0.625,0.375,5,3,905,873,0,0.0,0.0,,301.7715787499396,0.7249159373503494,3.4604425837235393,0.007607054099588925,0.992392945900411,166,0,0,11108.28161526931,11108.28161526931,3702.7605384231033,1.5,0.6907616373727685,0.3011638756418229,0.00023938998608604822,89.5,35.80000000000004,0.14366643033655305,0,24:wildfire:reserve|47:funding_collapse|56:heatwave:semiwild|60:funding_collapse|68:funding_collapse,0.015409604974443946,0.06233573460925406,0.0099373330070195,0.0011636643961807633,3.8302397773767714e-05,0.0007070183879331725,0.00011481595700017429,07708b6408ad7dbe
latent_species_zero,13,"{""latent_fraction_proxy"": 0.0}",S7,forward_rollout_proxy,False,955013,0.5,0.5,4,4,772,772,0,0.0,0.0,,263.15006562328364,0.588913726132696,4.586417208686587,0.0013691521921335502,0.9986308478078665,30,0,0,11157.517083843913,11157.517083843915,2789.3792709609784,1.5,0.6280645835964855,0.3631055520808039,0.00016360881937141323,62.5,25.00000000000001,0.14717460817144762,0,14:heatwave:alternative|45:funding_collapse|48:heatwave:semiwild|79:flood:origin|82:wildfire:origin,0.01417268502532535,0.049644159238293684,0.15063491326646816,0.01598218386451417,2.617741109942612e-05,0.0011194453925011203,6.614145779766382e-05,07708b6408ad7dbe
latent_species_zero,14,"{""latent_fraction_proxy"": 0.0}",S7,forward_rollout_proxy,False,955014,0.625,0.625,5,5,928,928,0,0.0,0.0,,293.6360203609201,0.5625148492906921,3.6700311000356,0.0012664902424826666,0.9987335097575173,30,0,0,11180.133643502806,11180.133643502806,2236.0267287005613,1.5,0.6492003418166804,0.41978119649542306,0.00040658223563684115,65.75,26.30000000000002,0.1845542565669952,0,28:funding_collapse|29:heatwave:alternative,0.013970929591229071,0.04989197716833958,0.17653938012444548,0.015599733318611399,6.50531577018946e-05,0.0009448702301535002,6.24831954652252e-05,07708b6408ad7dbe
latent_species_zero,15,"{""latent_fraction_proxy"": 0.0}",S7,forward_rollout_proxy,False,955015,0.625,0.5,5,4,555,555,0,0.0,0.0,,265.9485999749436,0.6153049686004896,3.367971246641706,0.00802494842142367,0.9919750515785764,94,0,0,11130.835865520521,11130.835865520521,2782.7089663801303,1.5,0.5557721044375573,0.3455330370694854,0.0001185177493951435,71.25,28.500000000000014,0.15638057079656298,0,2:funding_collapse|26:funding_collapse|29:funding_collapse|30:flood:semiwild|52:wildfire:semiwild|73:flood:reserve|93:heatwave:reserve|100:wildfire:semiwild,0.014359339120936294,0.05529082774955854,0.11427815101006342,0.01739748605402069,1.8962839903222962e-05,0.001039820131888344,7.734471669018231e-05,07708b6408ad7dbe
latent_species_zero,16,"{""latent_fraction_proxy"": 0.0}",S7,forward_rollout_proxy,False,955016,0.5,0.5,4,4,735,735,0,0.0,0.0,,281.8415608451615,0.7146350936715669,2.6846517566561094,0.00907384038392049,0.9909261596160795,224,0,0,11117.432968378434,11117.432968378434,2779.3582420946086,1.5,0.5683458166708903,0.3409479294416846,0.00031577233186497167,94.5,37.800000000000054,0.16133415104017232,0,7:wildfire:semiwild|25:wildfire:semiwild|37:flood:origin|42:funding_collapse|45:funding_collapse|48:heatwave:reserve|52:funding_collapse|57:heatwave:semiwild,0.015597974222495694,0.06252968929852872,0.013347152228273184,0.006361892946997572,5.0523573098395465e-05,0.001027716156889384,0.0001544593444243251,07708b6408ad7dbe
latent_species_zero,17,"{""latent_fraction_proxy"": 0.0}",S7,forward_rollout_proxy,False,955017,0.875,0.875,7,7,1197,1197,0,0.0,0.0,,261.8715912315927,0.5106604515768222,3.457051550282839,0.001935813185092004,0.998064186814908,38,0,0,11184.721941702226,11184.721941702228,1597.817420243175,1.5,0.41960659707774245,0.515211930130292,0.0005410470958824943,53.5,21.400000000000006,0.22465377459844657,0,5:wildfire:alternative|7:flood:semiwild|49:flood:origin|73:flood:alternative|85:wildfire:alternative,0.013750357078582753,0.05045050036483482,0.22968840562275897,0.01283702868530539,8.656753534119909e-05,0.0008873697648147709,5.915263172617044e-05,07708b6408ad7dbe
latent_species_zero,18,"{""latent_fraction_proxy"": 0.0}",S7,forward_rollout_proxy,False,955018,0.5,0.375,4,3,564,564,0,0.0,0.0,,242.8578228455108,0.7312527352345196,2.1678559590561215,0.09965979485981098,0.900340205140189,58,0,0,11116.934495788657,11116.93449578866,3705.6448319295523,1.5,0.5748811936108323,0.27468103096134017,7.23669742955364e-05,40.0,15.999999999999995,0.13382176004847834,0,4:wildfire:reserve|41:flood:semiwild|43:flood:origin|84:funding_collapse|88:flood:origin,0.016118119468973704,0.05821419353992629,0.0005569129138382924,0.0003751582357309956,1.1578715887285824e-05,0.0011840136128261057,0.0001607298912998014,07708b6408ad7dbe
latent_species_zero,19,"{""latent_fraction_proxy"": 0.0}",S7,forward_rollout_proxy,False,955019,0.5,0.5,4,4,1006,1006,0,0.0,0.0,,315.2742504822797,0.6283540156226199,4.227846355243893,0.0003976121144406615,0.9996023878855593,45,0,0,11150.21498819645,11150.21498819645,2787.5537470491126,1.5,0.6812625882218719,0.36607122240504747,0.0002545060405560239,61.0,24.400000000000013,0.15333250015210664,0,41:funding_collapse|58:funding_collapse|72:heatwave:semiwild|86:wildfire:alternative,0.014590515964117255,0.051873851288173595,0.11066956469780415,0.01280966473279442,4.0720966488963835e-05,0.0010842161784563825,6.913205033175336e-05,07708b6408ad7dbe
latent_species_zero,20,"{""latent_fraction_proxy"": 0.0}",S7,forward_rollout_proxy,False,955020,0.5,0.25,4,2,135,0,0,0.0,0.0,,174.82596200591306,0.6841564855974124,1.9863911064903683,0.003535401725329725,0.9964645982746703,71,0,0,11113.959780878817,11113.959780878817,5556.979890439408,1.5,0.3753013254391528,0.19805199235166082,0.0007480835970690365,60.75,24.30000000000002,0.14078974371420916,0,1:flood:reserve|19:heatwave:alternative|66:flood:reserve|82:flood:origin|93:heatwave:alternative,0.011853610253130998,0.07768220254883212,0.012754234439680387,0.0034618411901110565,0.00011969337553104584,0.000798421503348033,0.00026198066937801003,07708b6408ad7dbe
latent_species_zero,21,"{""latent_fraction_proxy"": 0.0}",S7,forward_rollout_proxy,False,955021,0.5,0.375,4,3,276,180,0,0.0,0.0,,188.58191004811889,0.6991514435118849,2.5691153038177497,0.08440393785673299,0.915596062143267,153,0,0,11085.174904972362,11085.174904972362,3695.058301657454,1.5,0.5177552492789582,0.2742952455268056,0.00019613379483303557,80.0,32.00000000000003,0.14039283780366144,0,14:funding_collapse|31:heatwave:reserve|34:funding_collapse|44:funding_collapse|54:heatwave:alternative|59:funding_collapse|76:wildfire:origin|77:flood:semiwild|83:wildfire:origin,0.013074981024840083,0.07528965661854671,0.00785409843206917,0.0027433101243449403,3.13814071732857e-05,0.0007683792636339487,0.00021743237482958874,07708b6408ad7dbe
latent_species_zero,22,"{""latent_fraction_proxy"": 0.0}",S7,forward_rollout_proxy,False,955022,0.125,0.125,1,1,34,34,0,0.0,0.0,,44.176019703182334,0.6155104212896678,1.0,0.3483841554589948,0.6516158445410052,27,0,0,11167.003618591605,11167.003618591607,11167.003618591605,1.5,0.4492745061853645,0.12224133657416918,0.0006864264914238604,19.5,7.799999999999997,0.05531942977816363,0,1:heatwave:origin|6:flood:origin|21:funding_collapse|22:wildfire:alternative|59:flood:alternative|64:flood:reserve|68:funding_collapse|87:heatwave:semiwild|95:funding_collapse,0.012319207135364751,0.059663652605974074,0.03189858686363149,0.08824215452726136,0.00010982823862781767,0.0032636083025272154,0.00021122665706201232,07708b6408ad7dbe
latent_species_zero,23,"{""latent_fraction_proxy"": 0.0}",S7,forward_rollout_proxy,False,955023,0.5,0.5,4,4,643,625,0,0.0,0.0,,242.77590669518446,0.5971787098708172,3.811034138122347,0.005773251018847989,0.994226748981152,55,0,0,11130.065904143805,11130.065904143805,2782.516476035951,1.5,0.5376527076063359,0.347327834243269,0.0007051380303632576,55.5,22.200000000000014,0.1522611105070597,0,6:heatwave:alternative|24:funding_collapse|60:heatwave:origin|78:heatwave:reserve,0.013906827639152065,0.054898569267494646,0.13566722552022475,0.015811209265923415,0.00011282208485812122,0.0009348980753346661,6.838449453025006e-05,07708b6408ad7dbe
latent_species_zero,24,"{""latent_fraction_proxy"": 0.0}",S7,forward_rollout_proxy,False,955024,0.5,0.5,4,4,759,759,0,0.0,0.0,,274.81944331601323,0.5806038713819488,4.491729320471693,0.00011192599382949806,0.9998880740061705,40,0,0,11218.489480271344,11218.489480271346,2804.622370067836,1.5,0.7158291795008093,0.37217786282952514,0.0003122927742254318,62.0,24.800000000000015,0.15338825837363643,0,56:flood:alternative,0.014039378776122633,0.04790785689673636,0.158703120924256,0.01727371722270709,4.996684387606909e-05,0.0011473103824780955,6.793496252178812e-05,07708b6408ad7dbe
latent_species_zero,25,"{""latent_fraction_proxy"": 0.0}",S7,forward_rollout_proxy,False,955025,0.625,0.5,5,4,850,800,0,0.0,0.0,,308.29182814447347,0.6918414385557387,3.111790339525418,0.0018011869316633927,0.9981988130683366,226,0,0,11219.950345445859,11219.95034544586,2804.9875863614648,1.5,0.5133003624915805,0.3386098500262356,0.00028523291166095995,102.5,41.00000000000004,0.15580955190911672,0,42:flood:origin|53:wildfire:reserve|65:flood:semiwild|80:wildfire:reserve|95:heatwave:semiwild,0.014909607426868756,0.0629493563978331,0.03609624814086428,0.007369973378260024,4.5637265865753583e-05,0.0009289071689574901,0.00013036809588244815,07708b6408ad7dbe
latent_species_zero,26,"{""latent_fraction_proxy"": 0.0}",S7,forward_rollout_proxy,False,955026,0.375,0.125,3,1,207,37,0,0.0,0.0,,85.87464646225526,0.6024030231501344,4.043502878173068,0.00913057600865213,0.9908694239913479,141,0,0,11273.612353495275,11273.612353495275,11273.612353495275,1.5,0.3535259730242552,0.15154409868143692,0.0004597665760984899,103.75,41.50000000000004,0.09753236298640354,0,2:wildfire:origin|33:flood:alternative|34:wildfire:reserve|58:heatwave:alternative|96:wildfire:alternative,0.0076048160512953355,0.07838532553473254,0.05505923192879588,0.014933052104774238,7.356265217575838e-05,0.0008016048338415875,0.0003910509906432603,07708b6408ad7dbe
latent_species_zero,27,"{""latent_fraction_proxy"": 0.0}",S7,forward_rollout_proxy,False,955027,0.75,0.625,6,5,489,489,0,0.0,0.0,,279.878052237353,0.5793890577737693,3.862896254216898,0.06315527186435979,0.9368447281356402,69,0,0,11191.552377257312,11191.552377257314,2238.3104754514625,1.5,0.6253472218683974,0.42016179776326296,0.00019863685726745117,71.0,28.400000000000016,0.18874056517127122,0,67:funding_collapse|88:wildfire:semiwild|93:wildfire:reserve,0.013896843971073804,0.05227784385416483,0.15484180365562536,0.017404118147544483,3.1781897162792184e-05,0.0010558734897148634,6.901513901498038e-05,07708b6408ad7dbe
latent_species_zero,28,"{""latent_fraction_proxy"": 0.0}",S7,forward_rollout_proxy,False,955028,0.5,0.5,4,4,735,735,0,0.0,0.0,,240.90617186898956,0.5335709195614645,3.5403119389980473,0.0,1.0,25,0,0,11201.280513821941,11201.280513821941,2800.3201284554852,1.5,0.6699999999999999,0.3582748424426653,7.749938923423546e-05,36.0,14.399999999999997,0.1543586152634237,0,16:flood:origin|85:funding_collapse|93:wildfire:semiwild|96:wildfire:origin,0.013104444344851848,0.044922139746334196,0.2121514063888662,0.010071703040351283,1.2399902277477673e-05,0.0006037264998198593,7.22271919245328e-05,07708b6408ad7dbe
latent_species_zero,29,"{""latent_fraction_proxy"": 0.0}",S7,forward_rollout_proxy,False,955029,0.5,0.125,4,1,1,0,0,0.0,0.0,,169.14131645227738,0.6950058219531355,1.0,0.020069795199999994,0.9799302048,51,0,0,11091.235704796452,11091.235704796452,11091.235704796452,1.5,0.38244574696564165,0.1291886525937498,0.000271352777961899,39.25,15.699999999999992,0.12347038948592814,0,14:heatwave:reserve|15:flood:alternative|30:heatwave:reserve|40:funding_collapse|41:wildfire:semiwild|54:heatwave:alternative|66:funding_collapse|92:flood:alternative,0.011771139546792281,0.07589315672272381,0.0011697920261973802,0.004559578222408072,4.341644447390385e-05,0.0009755338285076968,0.0004802622390930536,07708b6408ad7dbe
latent_species_zero,30,"{""latent_fraction_proxy"": 0.0}",S7,forward_rollout_proxy,False,955030,0.5,0.5,4,4,646,637,0,0.0,0.0,,226.7161173059495,0.6752529331874597,3.4356956649404506,0.013504393329501898,0.9864956066704981,111,0,0,11179.77467557582,11179.77467557582,2794.943668893955,1.5,0.6295873312076523,0.35462641841865644,0.0002577388603256212,62.75,25.10000000000001,0.16155364324243374,0,20:wildfire:alternative|22:flood:reserve,0.014463623364928178,0.06932536961871097,0.05088176055389252,0.009135940277929917,4.12382176520994e-05,0.0009678865113243549,0.00012500178816089383,07708b6408ad7dbe
latent_species_zero,31,"{""latent_fraction_proxy"": 0.0}",S7,forward_rollout_proxy,False,955031,0.5,0.5,4,4,1200,1115,0,0.0,0.0,,350.68925297813496,0.7292521712016665,3.7342302075274008,0.0029227682177315646,0.9970772317822685,142,0,0,11166.240684419576,11166.240684419576,2791.560171104894,1.5,0.694695463189325,0.3623945406724954,0.0004010858500480229,84.25,33.70000000000004,0.15291346139144435,0,19:flood:reserve|60:wildfire:semiwild|93:wildfire:semiwild|95:funding_collapse,0.01577329848950418,0.05848259019156644,0.00806193751286556,0.001545724777998498,6.417373600768364e-05,0.0009645536380783351,0.00011367133613041296,07708b6408ad7dbe
latent_species_zero,32,"{""latent_fraction_proxy"": 0.0}",S7,forward_rollout_proxy,False,955032,0.5,0.375,4,3,550,550,0,0.0,0.0,,235.72935653428,0.5894305030469558,3.984190222933353,0.0002921695302671584,0.9997078304697329,19,0,0,11136.149119582205,11136.149119582205,3712.0497065274017,1.5,0.4824717175147248,0.28402736703617354,0.0003333221417827299,37.25,14.899999999999993,0.13594146527683754,0,15:heatwave:alternative|24:flood:alternative|34:flood:alternative|45:flood:origin|68:funding_collapse,0.013826671369137377,0.04553546985429859,0.14025629589293054,0.027711542517896683,5.33315426852368e-05,0.0014717772342017052,5.8398388476832475e-05,07708b6408ad7dbe
latent_species_zero,33,"{""latent_fraction_proxy"": 0.0}",S7,forward_rollout_proxy,False,955033,0.625,0.625,5,5,1200,1200,0,0.0,0.0,,350.6430398309252,0.6035092508409965,3.864297972078551,0.0265414401484928,0.9734585598515072,39,0,0,11165.540430597608,11165.540430597608,2233.1080861195214,1.5,0.7391430157092168,0.43066904581165777,0.00016720004004020357,64.75,25.900000000000013,0.1843088225997526,0,85:funding_collapse|96:funding_collapse,0.014282358179604713,0.04965574227007607,0.1373382570469303,0.012307970239891436,2.675200640643257e-05,0.0009325554875076573,6.204349173471949e-05,07708b6408ad7dbe
latent_species_zero,34,"{""latent_fraction_proxy"": 0.0}",S7,forward_rollout_proxy,False,955034,0.625,0.5,5,4,675,675,0,0.0,0.0,,286.1376775707242,0.6297037756255682,4.24018913830451,0.003699178164600685,0.9963008218353994,12,0,0,11084.009367357201,11084.009367357201,2771.0023418393002,1.5,0.6443370520858723,0.3634903201475317,0.0002260069418456835,60.5,24.200000000000014,0.1582736177794969,0,43:heatwave:alternative|46:heatwave:semiwild|64:funding_collapse|73:funding_collapse|78:funding_collapse|80:funding_collapse|100:wildfire:origin,0.014175130244669442,0.05080973261718583,0.11929443706996182,0.005647851956942031,3.6161110695309366e-05,0.0006535616543902878,6.255483279176548e-05,07708b6408ad7dbe
latent_species_zero,35,"{""latent_fraction_proxy"": 0.0}",S7,forward_rollout_proxy,False,955035,0.5,0.5,4,4,645,645,0,0.0,0.0,,298.71488321581484,0.6495058378828544,3.4236469065496395,0.008555462453239918,0.9914445375467601,119,0,0,11146.916871029614,11146.916871029614,2786.7292177574036,1.5,0.6346454814344306,0.35303829827001915,0.00024308105186225237,87.75,35.10000000000004,0.1516864053053985,0,43:funding_collapse|45:flood:semiwild|75:funding_collapse|77:flood:reserve,0.014633299525843494,0.06044498961076641,0.08081183911251856,0.013580376380982105,3.889296829796038e-05,0.0009998727662406505,8.773930517615147e-05,07708b6408ad7dbe
latent_species_zero,36,"{""latent_fraction_proxy"": 0.0}",S7,forward_rollout_proxy,False,955036,0.25,0.125,2,1,186,186,0,0.0,0.0,,112.20673371404932,0.7075465829524407,3.5345320800980784,0.00991928174351202,0.990080718256488,130,0,0,11258.397571660385,11258.397571660385,11258.397571660385,1.5,0.5669120014509126,0.16259268433793383,0.0005177037744958161,61.0,24.400000000000002,0.07153081695930891,0,9:wildfire:origin|26:heatwave:semiwild|31:flood:reserve|38:wildfire:origin,0.014114921175070136,0.05780052736053712,0.006994671628078665,0.005166574861286096,8.283260391933058e-05,0.0006408679529030415,0.0003535500737092739,07708b6408ad7dbe
latent_species_zero,37,"{""latent_fraction_proxy"": 0.0}",S7,forward_rollout_proxy,False,955037,0.5,0.125,4,1,94,14,0,0.0,0.0,,156.9479664612851,0.6940618041841198,3.612428454619788,0.0023797446808510635,0.9976202553191489,58,0,0,11063.46403601295,11063.464036012952,11063.46403601295,1.5,0.3719204190751777,0.15339056473026705,0.00010394831299353911,59.0,23.600000000000016,0.11912119138275694,0,8:wildfire:reserve|15:heatwave:reserve|44:flood:semiwild|56:wildfire:alternative|69:funding_collapse|75:funding_collapse|83:flood:reserve,0.012394248818718652,0.07640032985359949,0.0049197217794380065,0.00402768288933036,1.663173007896626e-05,0.000931588978290924,0.0002717695785623063,07708b6408ad7dbe
latent_species_zero,38,"{""latent_fraction_proxy"": 0.0}",S7,forward_rollout_proxy,False,955038,0.625,0.625,5,5,897,897,0,0.0,0.0,,252.9786326799519,0.5581500112203688,3.2072956241831334,0.06149213681592166,0.9385078631840783,35,0,0,11075.890421581313,11075.890421581313,2215.1780843162624,1.5,0.5258339700985036,0.40142516202658296,0.0002980300191822492,43.25,17.3,0.17759404387450636,0,2:heatwave:alternative|32:funding_collapse|56:flood:origin|60:funding_collapse|65:heatwave:origin|80:heatwave:alternative|91:funding_collapse,0.013949415462175555,0.04925764891958221,0.1829765272828087,0.013993558765377865,4.768480306915987e-05,0.0009279921070910878,5.467008383151236e-05,07708b6408ad7dbe
latent_species_zero,39,"{""latent_fraction_proxy"": 0.0}",S7,forward_rollout_proxy,False,955039,0.125,0.0,1,0,0,0,0,0.0,0.0,,84.41563681393336,0.35126735954875377,0.0,,,49,0,0,11225.442687844372,11225.442687844374,11225.442687844372,1.5,0.47508938528525513,0.06035113877175509,0.0009327025740968927,43.75,17.499999999999996,0.06421100121614785,0,23:heatwave:origin|26:wildfire:reserve|30:flood:semiwild|36:wildfire:alternative|48:heatwave:origin|97:flood:alternative,0.006294101197502321,0.043905535710080566,0.0010754711483745379,0.0025170306809200764,0.00014923241185550286,0.0005644077250716812,0.0005188341257632761,07708b6408ad7dbe
latent_species_zero,40,"{""latent_fraction_proxy"": 0.0}",S7,forward_rollout_proxy,False,955040,0.625,0.625,5,5,1200,1200,0,0.0,0.0,,379.11211892202954,0.6100213666697025,4.261957514330213,0.002327079507530986,0.997672920492469,68,0,0,11160.066371309827,11160.06637130983,2232.0132742619653,1.5,0.7390280604641731,0.432974474759155,0.00015814360727049717,77.5,31.000000000000018,0.1760104678471779,0,44:heatwave:semiwild|48:funding_collapse|70:funding_collapse,0.014423991330866703,0.04976030386484417,0.13149418480432448,0.011329872169323817,2.530297716327955e-05,0.000978578871590195,6.711412221013807e-05,07708b6408ad7dbe
latent_species_zero,41,"{""latent_fraction_proxy"": 0.0}",S7,forward_rollout_proxy,False,955041,0.75,0.75,6,6,974,974,0,0.0,0.0,,203.01584527129617,0.41636339503371983,3.3898093112342758,0.0,1.0,34,0,0,11184.194617476023,11184.194617476023,1864.032436246004,1.5,0.6699999999999999,0.47797825558106727,0.00013617886178861788,32.25,12.899999999999997,0.19790081234362253,0,15:heatwave:origin|46:funding_collapse|64:funding_collapse|91:heatwave:origin,0.012901710516165262,0.045840087501318474,0.31278273798459577,0.02445792023634349,2.178861788617886e-05,0.0010644805574913333,7.08595364601619e-05,07708b6408ad7dbe
latent_species_zero,42,"{""latent_fraction_proxy"": 0.0}",S7,forward_rollout_proxy,False,955042,0.5,0.5,4,4,789,789,0,0.0,0.0,,251.67096193592576,0.5641010443893563,4.444100261683809,0.00022954337211770055,0.9997704566278823,19,0,0,11184.815640896122,11184.815640896122,2796.2039102240306,1.5,0.5306491531435623,0.35247671576332584,0.00014334125504445106,48.25,19.300000000000004,0.14985398916065729,0,3:wildfire:alternative|30:wildfire:semiwild|51:wildfire:origin|66:flood:semiwild|76:heatwave:origin|82:heatwave:alternative,0.013891113692373275,0.04640166417734144,0.17217662283892776,0.0210296178535186,2.293460080711217e-05,0.0012517581424669598,6.630455890712962e-05,07708b6408ad7dbe
latent_species_zero,43,"{""latent_fraction_proxy"": 0.0}",S7,forward_rollout_proxy,False,955043,0.625,0.625,5,5,953,953,0,0.0,0.0,,254.9609325457994,0.5793111101988473,3.060937083703898,0.003923302130362852,0.9960766978696372,41,0,0,11181.300795520545,11181.300795520545,2236.260159104109,1.5,0.6699999999999999,0.4130097135597556,0.00017660255298872145,40.5,16.199999999999996,0.17075171361358307,0,56:wildfire:origin|59:flood:semiwild|74:funding_collapse,0.014092484877462157,0.05193644836459042,0.162642821504858,0.010752719479316315,2.8256408478195433e-05,0.0008803889251127084,5.2828654492801145e-05,07708b6408ad7dbe
latent_species_zero,44,"{""latent_fraction_proxy"": 0.0}",S7,forward_rollout_proxy,False,955044,0.625,0.5,5,4,793,793,0,0.0,0.0,,279.0566334711153,0.7369151430688992,2.8017912191822747,0.017221392955232794,0.9827786070447672,136,0,0,11186.091814605383,11186.091814605385,2796.5229536513457,1.5,0.5971680072543611,0.3441108629886052,0.0004932021850146544,81.25,32.50000000000003,0.15688075035673188,0,28:heatwave:semiwild|32:heatwave:reserve|58:wildfire:origin|85:funding_collapse|87:heatwave:semiwild,0.01615733100010894,0.058476536613455254,0.0011680566090759557,0.0008789553428822997,7.891234960234472e-05,0.0009623510842334176,0.00015195744687118058,07708b6408ad7dbe
latent_species_zero,45,"{""latent_fraction_proxy"": 0.0}",S7,forward_rollout_proxy,False,955045,0.625,0.625,5,5,834,834,0,0.0,0.0,,251.87082731757474,0.583461283346729,3.1069562423065333,0.0670125800908045,0.9329874199091955,41,0,0,11218.09651956103,11218.09651956103,2243.619303912206,1.5,0.6005712131355491,0.40714135001491264,0.00024376921920528163,59.75,23.90000000000001,0.173823331391462,0,43:wildfire:alternative|91:wildfire:alternative,0.014145182589297495,0.050879583899868935,0.15829802821181074,0.012372599623174607,3.900307507284507e-05,0.0009427208414941725,7.002055155360346e-05,07708b6408ad7dbe
latent_species_zero,46,"{""latent_fraction_proxy"": 0.0}",S7,forward_rollout_proxy,False,955046,0.5,0.375,4,3,109,4,0,0.0,0.0,,183.70294928776036,0.6871727956251584,2.799443209357287,0.006050504273135401,0.9939494957268646,101,0,0,11120.816664500735,11120.816664500735,3706.9388881669115,1.5,0.2910863746077624,0.2539964242899262,0.00010355763927192499,68.75,27.500000000000018,0.14071677367788518,0,16:wildfire:reserve|35:wildfire:alternative|58:wildfire:reserve|68:wildfire:reserve|71:funding_collapse|71:flood:reserve|97:flood:origin|100:funding_collapse|100:wildfire:semiwild,0.012256551723768312,0.07766791536625037,0.015249460207624126,0.0030366222643199714,1.6569222283507996e-05,0.0008061823769780595,0.00022484454018866518,07708b6408ad7dbe
latent_species_zero,47,"{""latent_fraction_proxy"": 0.0}",S7,forward_rollout_proxy,False,955047,0.75,0.625,6,5,855,855,0,0.0,0.0,,246.6401784579822,0.49616007631798564,4.503708887338481,0.0004186777452603171,0.9995813222547397,44,0,0,11234.039059961004,11234.039059961005,2246.8078119922006,1.5,0.6391941431564857,0.42674767336220787,5.0251256281407036e-05,56.5,22.600000000000005,0.18270585086587243,0,29:flood:origin|58:heatwave:alternative|63:wildfire:origin,0.01338139054775866,0.04547821706920018,0.24325986171559144,0.01717878740490304,8.040201005025125e-06,0.0009838261488401975,6.950093956699927e-05,07708b6408ad7dbe
no_anthropogenic_deterioration,0,"{""anthropogenic_pressure_multiplier"": 0.0, ""climate_velocity"": 0.0, ""habitat_deterioration"": 0.0, ""scenario"": ""stationary""}",S7,forward_rollout_proxy,False,956000,0.75,0.75,6,6,1057,1057,0,0.0,0.0,,615.2426002112874,0.7569050371373575,4.212808761282452,0.0190054945624391,0.980994505437561,28,0,0,11127.376720716984,11127.376720716984,1854.562786786164,1.5,0.9477378801530957,0.5135263736499953,0.0002354405572759183,36.5,14.599999999999996,0.19562249010930607,3,12:flood:reserve|27:flood:reserve|29:funding_collapse|43:funding_collapse|46:funding_collapse|61:heatwave:alternative|63:wildfire:origin,0.015491457559365828,0.04327697249975443,0.007552149791960855,0.0009182230101800001,3.767048916414693e-05,0.0009726582520478569,3.0129302439518527e-05,6e7a4b85868c728f
no_anthropogenic_deterioration,1,"{""anthropogenic_pressure_multiplier"": 0.0, ""climate_velocity"": 0.0, ""habitat_deterioration"": 0.0, ""scenario"": ""stationary""}",S7,forward_rollout_proxy,False,956001,0.75,0.75,6,6,849,849,0,0.0,0.0,,762.731778895882,0.7745780084998394,5.1541580033800125,0.0,1.0,3,0,0,11256.519006194803,11256.519006194803,1876.0865010324671,1.5,0.8742256220277386,0.5159664660525153,0.00017334374931664168,14.0,5.6,0.19751161907970655,3,67:flood:alternative|93:wildfire:origin,0.015788032478963796,0.03285782214709293,0.004055299473966455,0.0006325328799592536,2.7734999890662674e-05,0.0009530904608417287,7.859308789482933e-06,6e7a4b85868c728f
no_anthropogenic_deterioration,2,"{""anthropogenic_pressure_multiplier"": 0.0, ""climate_velocity"": 0.0, ""habitat_deterioration"": 0.0, ""scenario"": ""stationary""}",S7,forward_rollout_proxy,False,956002,1.0,0.875,8,7,1170,1170,0,0.0,0.0,,807.1078230639416,0.7768041290492738,5.541497612630347,0.0,1.0,25,0,0,11259.833510004835,11259.833510004835,1608.547644286405,1.5,0.98,0.5947634335506592,0.0003880654965122973,10.0,4.0,0.23799228712177867,3,31:wildfire:semiwild,0.015774964202431758,0.032271723522696354,0.0026155235583603135,0.000339732672410999,6.209047944196758e-05,0.0009335765908134532,6.642165606320956e-06,6e7a4b85868c728f
no_anthropogenic_deterioration,3,"{""anthropogenic_pressure_multiplier"": 0.0, ""climate_velocity"": 0.0, ""habitat_deterioration"": 0.0, ""scenario"": ""stationary""}",S7,forward_rollout_proxy,False,956003,0.875,0.875,7,7,1200,1200,0,0.0,0.0,,773.8511891611174,0.7828041397717361,5.460358048212373,0.0030814499677226177,0.9969185500322774,9,0,0,11189.439439287951,11189.439439287951,1598.4913484697074,1.5,0.98,0.5884038935127703,0.0001907294455228646,10.0,4.000000000000001,0.210251565153233,3,9:wildfire:reserve|11:heatwave:semiwild|29:wildfire:reserve|78:funding_collapse,0.015994621120698865,0.030100538630086663,5.494854220457708e-06,1.3457361020780116e-05,3.0516711283658343e-05,0.000943929949484395,7.084218092447251e-06,6e7a4b85868c728f
no_anthropogenic_deterioration,4,"{""anthropogenic_pressure_multiplier"": 0.0, ""climate_velocity"": 0.0, ""habitat_deterioration"": 0.0, ""scenario"": ""stationary""}",S7,forward_rollout_proxy,False,956004,0.875,0.75,7,6,1200,1200,0,0.0,0.0,,781.841625307353,0.7829525508089878,6.488678916082943,0.00042571213369945496,0.9995742878663005,29,0,0,11224.902770591774,11224.902770591776,1870.8171284319624,1.5,0.98,0.5430299704714446,0.00020380352157448105,16.25,6.499999999999998,0.21321590655307598,3,57:funding_collapse|77:wildfire:semiwild,0.015961704880673153,0.02961086998466278,5.621668753759486e-05,4.491398130254407e-05,3.260856345191697e-05,0.0009878057874945206,1.1530647022223725e-05,6e7a4b85868c728f
no_anthropogenic_deterioration,5,"{""anthropogenic_pressure_multiplier"": 0.0, ""climate_velocity"": 0.0, ""habitat_deterioration"": 0.0, ""scenario"": ""stationary""}",S7,forward_rollout_proxy,False,956005,1.0,0.875,8,7,1020,1020,0,0.0,0.0,,761.9242891608668,0.764085448865994,5.635478704227664,0.0,1.0,83,0,0,11205.346793084684,11205.346793084685,1600.7638275835263,1.5,0.9415517355265468,0.5910163590454662,0.00027361962995856617,45.25,18.099999999999998,0.23378199225267438,3,52:funding_collapse|60:funding_collapse|61:flood:reserve|71:heatwave:semiwild|80:wildfire:origin,0.01562626336813644,0.03902975601433063,0.00703121815977181,0.0010810225517981261,4.377914079337059e-05,0.0009348795762200836,2.5797663580974895e-05,6e7a4b85868c728f
no_anthropogenic_deterioration,6,"{""anthropogenic_pressure_multiplier"": 0.0, ""climate_velocity"": 0.0, ""habitat_deterioration"": 0.0, ""scenario"": ""stationary""}",S7,forward_rollout_proxy,False,956006,0.625,0.625,5,5,1152,1152,0,0.0,0.0,,770.5199838751191,0.7777652919385227,6.343640851866698,0.02613192304048556,0.9738680769595145,14,0,0,11163.297667992989,11163.297667992989,2232.6595335985976,1.5,0.98,0.4764644406637638,0.0002655860088542686,6.25,2.5,0.16889016072548382,3,17:wildfire:semiwild|21:funding_collapse|40:funding_collapse|56:funding_collapse,0.01575374521877714,0.030018619617281538,0.0034322817889742147,0.0007386132101673208,4.249376141668297e-05,0.0009643031211415813,3.7739328414356557e-06,6e7a4b85868c728f
no_anthropogenic_deterioration,7,"{""anthropogenic_pressure_multiplier"": 0.0, ""climate_velocity"": 0.0, ""habitat_deterioration"": 0.0, ""scenario"": ""stationary""}",S7,forward_rollout_proxy,False,956007,0.875,0.875,7,7,896,896,0,0.0,0.0,,722.8321297457737,0.7656428529226719,4.921638751955413,0.0007480308513614349,0.9992519691486386,89,0,0,11195.190843891145,11195.190843891145,1599.312977698735,1.5,0.7773622596422904,0.565490576455158,0.00013374255664681773,40.5,16.199999999999996,0.22393981485687375,3,20:funding_collapse|48:funding_collapse|63:wildfire:origin|79:flood:reserve|93:flood:reserve|95:wildfire:origin,0.015590290448132382,0.03915662034512421,0.0050802128639982555,0.000522755263311848,2.1398809063490836e-05,0.0009585597392220184,1.9213371363586554e-05,6e7a4b85868c728f
no_anthropogenic_deterioration,8,"{""anthropogenic_pressure_multiplier"": 0.0, ""climate_velocity"": 0.0, ""habitat_deterioration"": 0.0, ""scenario"": ""stationary""}",S7,forward_rollout_proxy,False,956008,0.875,0.875,7,7,1200,1200,0,0.0,0.0,,795.122552495366,0.7814913393778657,5.987884860657281,9.225564313071843e-05,0.9999077443568692,6,0,0,11185.036803919933,11185.036803919933,1597.8624005599904,1.5,0.9703468148289013,0.5938604785610617,3.61511146182679e-05,11.5,4.6,0.2159847423579941,3,8:heatwave:alternative|42:funding_collapse,0.01593049755976992,0.030742962165118636,0.00042634660950392885,0.0001043646619543088,5.784178338922865e-06,0.0009388851629341229,6.949078763348652e-06,6e7a4b85868c728f
no_anthropogenic_deterioration,9,"{""anthropogenic_pressure_multiplier"": 0.0, ""climate_velocity"": 0.0, ""habitat_deterioration"": 0.0, ""scenario"": ""stationary""}",S7,forward_rollout_proxy,False,956009,0.875,0.875,7,7,1200,1200,0,0.0,0.0,,805.1334978004332,0.7724114968505696,4.986570245536043,0.0,1.0,38,0,0,11185.158744140024,11185.158744140026,1597.879820591432,1.5,0.98,0.5859643576188123,0.00013279166493940776,15.75,6.299999999999999,0.22174327581725922,3,3:funding_collapse|18:flood:alternative|28:wildfire:semiwild|46:funding_collapse,0.015653360387461984,0.031826630486625755,0.006222322482065866,0.0010218108596123244,2.124666639030524e-05,0.0009819973554652,1.1340726670460634e-05,6e7a4b85868c728f
no_anthropogenic_deterioration,10,"{""anthropogenic_pressure_multiplier"": 0.0, ""climate_velocity"": 0.0, ""habitat_deterioration"": 0.0, ""scenario"": ""stationary""}",S7,forward_rollout_proxy,False,956010,0.875,0.875,7,7,1200,1200,0,0.0,0.0,,797.6669397436303,0.7826432157068769,5.887047670005207,0.0013870742866066916,0.9986129257133933,3,0,0,11256.621548271465,11256.621548271465,1608.0887926102093,1.5,0.98,0.5938736660210305,0.00025981683763526134,3.75,1.5,0.2162659466048923,3,15:heatwave:semiwild|63:wildfire:semiwild,0.015996660558727373,0.030331896530616857,2.88520559183248e-06,7.892351874325013e-06,4.1570694021641816e-05,0.0009504401779477326,2.3440035364409603e-06,6e7a4b85868c728f
no_anthropogenic_deterioration,11,"{""anthropogenic_pressure_multiplier"": 0.0, ""climate_velocity"": 0.0, ""habitat_deterioration"": 0.0, ""scenario"": ""stationary""}",S7,forward_rollout_proxy,False,956011,0.875,0.875,7,7,1167,1167,0,0.0,0.0,,786.3981789425201,0.7726806488849303,5.405647331743886,0.0021131349355377545,0.9978868650644622,43,0,0,11165.724600184994,11165.724600184994,1595.1035143121421,1.5,0.8807250864701857,0.5803195907905644,8.379888268156425e-05,17.75,7.099999999999998,0.22220304413053504,3,10:funding_collapse|62:funding_collapse|88:funding_collapse|95:wildfire:reserve,0.015663482542072386,0.03150962395682175,0.00635274997071807,0.0009965071762763147,1.340782122905028e-05,0.0009586278977601031,1.0829080697339538e-05,6e7a4b85868c728f
no_anthropogenic_deterioration,12,"{""anthropogenic_pressure_multiplier"": 0.0, ""climate_velocity"": 0.0, ""habitat_deterioration"": 0.0, ""scenario"": ""stationary""}",S7,forward_rollout_proxy,False,956012,0.875,0.875,7,7,1200,1200,0,0.0,0.0,,616.2297770711356,0.7434072870534142,4.673185102964574,6.870784178393836e-05,0.9999312921582161,1,0,0,11122.015620334281,11122.015620334281,1588.8593743334688,1.5,0.9754877449990579,0.5814586747182757,5.019460644153619e-05,22.5,8.999999999999998,0.21714024594362077,3,7:funding_collapse|23:flood:alternative|44:funding_collapse|46:funding_collapse|46:wildfire:origin|55:flood:origin|57:funding_collapse,0.015467019769427826,0.04594112205642281,0.020649934655184627,0.0008461591023574886,8.03113703064579e-06,0.0009253043138173068,1.570396065939788e-05,6e7a4b85868c728f
no_anthropogenic_deterioration,13,"{""anthropogenic_pressure_multiplier"": 0.0, ""climate_velocity"": 0.0, ""habitat_deterioration"": 0.0, ""scenario"": ""stationary""}",S7,forward_rollout_proxy,False,956013,0.375,0.25,3,2,372,372,1,0.3333333333333333,1.0,8.0,165.74112787893827,0.6007506492968943,3.235535830916288,0.0,1.0,8,0,0,11315.55489254124,11315.55489254124,5657.77744627062,1.5,0.8447840626379962,0.24756995714677177,0.0009452388798575123,13.75,5.499999999999998,0.09118096286904626,2,1:wildfire:origin|3:flood:origin|41:wildfire:origin|100:flood:origin,0.012351643783051204,0.04135767105179618,0.1470553745174764,0.008277647797170305,0.000151238220777202,0.0004401618875056768,6.807105923832318e-05,6e7a4b85868c728f
no_anthropogenic_deterioration,14,"{""anthropogenic_pressure_multiplier"": 0.0, ""climate_velocity"": 0.0, ""habitat_deterioration"": 0.0, ""scenario"": ""stationary""}",S7,forward_rollout_proxy,False,956014,0.875,0.875,7,7,1200,1200,0,0.0,0.0,,787.8804772373313,0.7729109168886555,5.06411928402286,0.0,1.0,14,0,0,11155.858753625265,11155.858753625265,1593.6941076607523,1.5,0.8303158960745683,0.5702028192555515,0.0002751907197953068,8.75,3.5000000000000004,0.21390018403933003,3,7:flood:alternative|13:wildfire:alternative|23:heatwave:alternative|28:funding_collapse,0.015671447767195243,0.031361327386109375,0.0064713567577803655,0.000982816755084752,4.40305151672491e-05,0.0009296196808847262,5.2410996343791225e-06,6e7a4b85868c728f
no_anthropogenic_deterioration,15,"{""anthropogenic_pressure_multiplier"": 0.0, ""climate_velocity"": 0.0, ""habitat_deterioration"": 0.0, ""scenario"": ""stationary""}",S7,forward_rollout_proxy,False,956015,0.875,0.875,7,7,1188,1188,0,0.0,0.0,,809.1990637992792,0.7692598172414895,5.023416032765357,0.0,1.0,30,0,0,11272.386987185662,11272.386987185662,1610.3409981693803,1.5,0.8532952280127694,0.572673963213105,0.00017623467105432294,17.25,6.899999999999999,0.21680140042087254,3,13:heatwave:semiwild|78:heatwave:alternative|97:heatwave:reserve,0.015563202147219268,0.032510321607778725,0.008006763634460736,0.001314222492262855,2.8197547368691674e-05,0.0009388275508916619,1.1548234201019321e-05,6e7a4b85868c728f
no_anthropogenic_deterioration,16,"{""anthropogenic_pressure_multiplier"": 0.0, ""climate_velocity"": 0.0, ""habitat_deterioration"": 0.0, ""scenario"": ""stationary""}",S7,forward_rollout_proxy,False,956016,0.875,0.875,7,7,1200,1200,0,0.0,0.0,,753.2674224769899,0.7831893794844802,5.277120949600809,0.003116026845412756,0.9968839731545872,3,0,0,11171.069370091067,11171.069370091067,1595.8670528701525,1.5,0.98,0.5886713525831571,0.00010371656730295904,7.0,2.8000000000000003,0.22075071543574487,3,9:funding_collapse|19:funding_collapse|23:funding_collapse|31:heatwave:semiwild,0.015989913614155592,0.029806349461242027,7.233015382941796e-06,2.5471887711892375e-05,1.6594650768473446e-05,0.0009336585955830568,5.548271337450859e-06,6e7a4b85868c728f
no_anthropogenic_deterioration,17,"{""anthropogenic_pressure_multiplier"": 0.0, ""climate_velocity"": 0.0, ""habitat_deterioration"": 0.0, ""scenario"": ""stationary""}",S7,forward_rollout_proxy,False,956017,0.75,0.75,6,6,1200,1200,0,0.0,0.0,,432.0414185529617,0.6724959934151943,3.8607572443258404,0.04967622491177087,0.9503237750882292,44,0,0,11143.42841734092,11143.42841734092,1857.23806955682,1.5,0.8277641830510291,0.4979749419610297,0.0003403868877982856,69.0,27.600000000000016,0.19545475606334198,3,21:flood:reserve|23:funding_collapse|28:flood:origin|39:funding_collapse|46:heatwave:alternative|50:funding_collapse|54:heatwave:origin|86:flood:alternative,0.014262034175179083,0.051433827125990234,0.06833484783110626,0.008145094701513853,5.4461902047725685e-05,0.0009580118594558439,6.673372755152169e-05,6e7a4b85868c728f
no_anthropogenic_deterioration,18,"{""anthropogenic_pressure_multiplier"": 0.0, ""climate_velocity"": 0.0, ""habitat_deterioration"": 0.0, ""scenario"": ""stationary""}",S7,forward_rollout_proxy,False,956018,0.625,0.625,5,5,761,761,0,0.0,0.0,,727.6868490041493,0.7740689205282729,6.014295066278005,3.2621802004692256e-05,0.9999673781979953,60,0,0,11240.090370715869,11240.090370715869,2248.0180741431736,1.5,0.9209756478654482,0.4674059404794073,0.0003041201852002432,24.25,9.7,0.16957712515041212,3,25:funding_collapse|43:wildfire:semiwild|58:heatwave:reserve|89:wildfire:semiwild|91:flood:origin,0.015758507692692093,0.033629365797618695,0.003536967860348272,0.0007401694263672921,4.865922963203892e-05,0.0009893340374137521,1.3013719664837005e-05,6e7a4b85868c728f
no_anthropogenic_deterioration,19,"{""anthropogenic_pressure_multiplier"": 0.0, ""climate_velocity"": 0.0, ""habitat_deterioration"": 0.0, ""scenario"": ""stationary""}",S7,forward_rollout_proxy,False,956019,0.75,0.75,6,6,1200,1200,0,0.0,0.0,,778.4494385881409,0.7500862554098711,7.110434225711578,3.2375001400740656e-05,0.9999676249985993,5,0,0,11275.238061201939,11275.23806120194,1879.2063435336565,1.5,0.98,0.5452723081279233,7.751937984496124e-05,12.75,5.1,0.19333982935403762,3,,0.015242277197463966,0.03158764334058055,0.026259813328339723,0.001846163973673149,1.2403100775193798e-05,0.0009263719072668933,1.1032325009292198e-05,6e7a4b85868c728f
no_anthropogenic_deterioration,20,"{""anthropogenic_pressure_multiplier"": 0.0, ""climate_velocity"": 0.0, ""habitat_deterioration"": 0.0, ""scenario"": ""stationary""}",S7,forward_rollout_proxy,False,956020,0.875,0.875,7,7,1200,1200,0,0.0,0.0,,808.6900079529939,0.7778981992648037,4.984752134277314,8.180852574613127e-05,0.9999181914742539,27,0,0,11226.693037482873,11226.693037482873,1603.813291068982,1.5,0.8926333438038735,0.576347489470722,0.00018008788451502958,18.25,7.299999999999999,0.2174331687378076,3,16:funding_collapse|30:wildfire:alternative|55:wildfire:reserve|63:wildfire:alternative,0.015802186991311327,0.031785984963178436,0.0021838719910974584,0.0003045368951833287,2.8814061522404727e-05,0.0009500007509230587,9.939311038826913e-06,6e7a4b85868c728f
no_anthropogenic_deterioration,21,"{""anthropogenic_pressure_multiplier"": 0.0, ""climate_velocity"": 0.0, ""habitat_deterioration"": 0.0, ""scenario"": ""stationary""}",S7,forward_rollout_proxy,False,956021,0.875,0.875,7,7,1200,1200,1,0.3333333333333333,1.0,12.0,630.0652526758674,0.7103266393258155,4.132780339411693,0.0003701611282608099,0.9996298388717392,8,0,0,11258.486995794623,11258.486995794623,1608.3552851135175,1.5,0.98,0.5746984245215684,0.00022898092526523375,40.75,16.299999999999994,0.20810310563725706,2,31:heatwave:semiwild|34:heatwave:origin|44:wildfire:origin|86:wildfire:semiwild,0.015215411109245234,0.045128957550418264,0.048171773088578194,0.002892947053518187,3.6636948042437394e-05,0.0008264960360888977,2.5938090799414528e-05,6e7a4b85868c728f
no_anthropogenic_deterioration,22,"{""anthropogenic_pressure_multiplier"": 0.0, ""climate_velocity"": 0.0, ""habitat_deterioration"": 0.0, ""scenario"": ""stationary""}",S7,forward_rollout_proxy,False,956022,0.875,0.875,7,7,1200,1200,0,0.0,0.0,,742.1686339942386,0.7624026920699695,5.1418868583104524,0.004901225024653531,0.9950987749753465,53,0,0,11262.923519397234,11262.923519397234,1608.9890741996048,1.5,0.98,0.5867892875786983,0.0001781923127700337,41.75,16.699999999999996,0.21810209497796923,3,48:flood:reserve|58:wildfire:origin,0.015491650242493292,0.03870622387417531,0.007618518034181196,0.0013314060554462384,2.851077004320539e-05,0.0009532571497152557,2.1491292147828405e-05,6e7a4b85868c728f
no_anthropogenic_deterioration,23,"{""anthropogenic_pressure_multiplier"": 0.0, ""climate_velocity"": 0.0, ""habitat_deterioration"": 0.0, ""scenario"": ""stationary""}",S7,forward_rollout_proxy,False,956023,1.0,0.875,8,7,1200,1200,0,0.0,0.0,,661.2584094909838,0.7137135584207909,3.9834070723844763,0.002837297450930347,0.9971627025490697,24,0,0,11175.751229728823,11175.751229728823,1596.5358899612604,1.5,0.8733529036374601,0.5656456608946028,0.0003294133470446551,63.75,25.500000000000014,0.22363149903506013,3,11:funding_collapse|20:funding_collapse|53:flood:origin|71:funding_collapse|80:wildfire:origin,0.014781990305724222,0.044393438273514836,0.0433019352863923,0.0032550772641221533,5.270613552714481e-05,0.0008333063683253524,3.632789368988421e-05,6e7a4b85868c728f
no_anthropogenic_deterioration,24,"{""anthropogenic_pressure_multiplier"": 0.0, ""climate_velocity"": 0.0, ""habitat_deterioration"": 0.0, ""scenario"": ""stationary""}",S7,forward_rollout_proxy,False,956024,0.75,0.625,6,5,1200,1200,0,0.0,0.0,,696.1170987400969,0.72573504581159,5.52681901467227,0.0010337167122372606,0.9989662832877627,21,0,0,11205.68648375991,11205.68648375991,2241.137296751982,1.5,0.98,0.472833152975087,0.00015095398428731762,23.25,9.299999999999999,0.19157481414182162,3,2:funding_collapse|17:flood:origin|35:funding_collapse|62:heatwave:semiwild,0.015166566864094469,0.03734360446079059,0.04213548443516147,0.001958218482742699,2.415263748597082e-05,0.0008947919062333552,1.6485916214524543e-05,6e7a4b85868c728f
no_anthropogenic_deterioration,25,"{""anthropogenic_pressure_multiplier"": 0.0, ""climate_velocity"": 0.0, ""habitat_deterioration"": 0.0, ""scenario"": ""stationary""}",S7,forward_rollout_proxy,False,956025,1.0,1.0,8,8,1183,1183,0,0.0,0.0,,792.4358359851122,0.7818082161149613,4.88367151970607,0.0012581555670785492,0.9987418444329215,12,0,0,11256.648670886587,11256.648670886589,1407.0810838608234,1.5,0.9597715997166193,0.6447485893136318,0.00025234785577475015,11.75,4.699999999999999,0.249673570724546,3,48:heatwave:semiwild|65:wildfire:reserve,0.015979321837980884,0.031025247976240875,4.8278765459952884e-05,1.058298295419715e-06,4.0375656923960026e-05,0.0009729417919789786,7.964364484876309e-06,6e7a4b85868c728f
no_anthropogenic_deterioration,26,"{""anthropogenic_pressure_multiplier"": 0.0, ""climate_velocity"": 0.0, ""habitat_deterioration"": 0.0, ""scenario"": ""stationary""}",S7,forward_rollout_proxy,False,956026,0.625,0.625,5,5,1065,1065,1,0.3333333333333333,1.0,23.0,773.3984533583538,0.7746309049556318,7.943573004069445,0.000781531776564698,0.9992184682234353,128,0,0,11241.863267083048,11241.863267083048,2248.37265341661,1.5,0.9355441245958,0.48738847839956284,0.00016243159399072818,35.75,14.3,0.16574167949644203,2,36:funding_collapse|61:heatwave:reserve|88:wildfire:reserve,0.015675528155830547,0.03045394559174002,0.005543832836946662,0.000968397288084729,2.5989055038516508e-05,0.0009160485654146185,1.832600692498788e-05,6e7a4b85868c728f
no_anthropogenic_deterioration,27,"{""anthropogenic_pressure_multiplier"": 0.0, ""climate_velocity"": 0.0, ""habitat_deterioration"": 0.0, ""scenario"": ""stationary""}",S7,forward_rollout_proxy,False,956027,0.5,0.5,4,4,1118,1118,1,0.3333333333333333,1.0,36.0,310.65912892106047,0.5562996626698814,3.442820868139729,0.03137552860633607,0.9686244713936639,113,0,0,11271.376782964833,11271.376782964835,2817.8441957412083,1.5,0.98,0.3846981263133046,0.0003575659788622417,60.75,24.30000000000001,0.13634958815953613,2,4:wildfire:origin|26:flood:semiwild|28:funding_collapse|33:flood:semiwild|45:heatwave:reserve,0.013394073544054981,0.0501591593330348,0.1697989069470489,0.022652753445576917,5.7210556617958684e-05,0.000986653399148071,9.533234148889408e-05,6e7a4b85868c728f
no_anthropogenic_deterioration,28,"{""anthropogenic_pressure_multiplier"": 0.0, ""climate_velocity"": 0.0, ""habitat_deterioration"": 0.0, ""scenario"": ""stationary""}",S7,forward_rollout_proxy,False,956028,1.0,1.0,8,8,1157,1157,0,0.0,0.0,,819.3690998944916,0.7811440868709297,5.880643683821469,0.00441795679377694,0.995582043206223,15,0,0,11257.249502028964,11257.249502028964,1407.1561877536205,1.5,0.9003392100500528,0.6480378860243062,0.00024459457387621624,14.5,5.799999999999998,0.2459876409054312,3,73:flood:semiwild|99:heatwave:reserve,0.015981932612874977,0.03177115082953374,2.0852974245863084e-05,1.371809868475624e-06,3.9135131820194595e-05,0.0009231036366294425,7.640724798468803e-06,6e7a4b85868c728f
no_anthropogenic_deterioration,29,"{""anthropogenic_pressure_multiplier"": 0.0, ""climate_velocity"": 0.0, ""habitat_deterioration"": 0.0, ""scenario"": ""stationary""}",S7,forward_rollout_proxy,False,956029,0.875,0.75,7,6,1200,1200,0,0.0,0.0,,684.5968752052172,0.7603041229507442,5.641560201094669,0.000186675695967772,0.9998133243040322,15,0,0,11215.149104513961,11215.149104513961,1869.1915174189935,1.5,0.9019962412055742,0.5253879122770996,0.0005036073420047655,28.25,11.299999999999997,0.20636343072797714,3,18:heatwave:reserve|44:wildfire:origin|45:heatwave:alternative|46:heatwave:alternative|53:funding_collapse,0.015559535772023616,0.04286671613477698,0.006269473364507202,0.0007255287654201743,8.057717472076247e-05,0.0009058519676952975,1.6851350997907993e-05,6e7a4b85868c728f
no_anthropogenic_deterioration,30,"{""anthropogenic_pressure_multiplier"": 0.0, ""climate_velocity"": 0.0, ""habitat_deterioration"": 0.0, ""scenario"": ""stationary""}",S7,forward_rollout_proxy,False,956030,0.875,0.875,7,7,1200,1200,0,0.0,0.0,,782.6100243522715,0.7606323527444593,4.419841089013791,1.059759425242649e-05,0.9999894024057475,84,0,0,11210.85006509389,11210.85006509389,1601.5500092991272,1.5,0.8561210728565657,0.5651649332100487,0.0002345788865827734,28.5,11.399999999999997,0.20802207517127097,3,29:funding_collapse|65:heatwave:reserve|85:heatwave:reserve|92:funding_collapse|92:flood:alternative,0.015419427205876126,0.03287146355086237,0.01483515489163491,0.0022622865856784503,3.7532621853243757e-05,0.0008794965028750004,1.7681672637757873e-05,6e7a4b85868c728f
no_anthropogenic_deterioration,31,"{""anthropogenic_pressure_multiplier"": 0.0, ""climate_velocity"": 0.0, ""habitat_deterioration"": 0.0, ""scenario"": ""stationary""}",S7,forward_rollout_proxy,False,956031,0.625,0.625,5,5,1200,1200,1,0.3333333333333333,1.0,13.0,429.0038623279884,0.5903885248661681,3.8506141109178826,0.004357013570785285,0.9956429864292147,51,0,0,11191.604464962851,11191.604464962851,2238.3208929925704,1.5,0.98,0.451540407657005,0.0006137032183887712,44.75,17.900000000000002,0.16892133273913104,2,1:heatwave:origin|21:funding_collapse|25:wildfire:semiwild|38:funding_collapse,0.013966083291520272,0.04495017261603376,0.16242545149219365,0.005960177559796576,9.819251494220338e-05,0.000583916959279563,8.513383531820581e-05,6e7a4b85868c728f
no_anthropogenic_deterioration,32,"{""anthropogenic_pressure_multiplier"": 0.0, ""climate_velocity"": 0.0, ""habitat_deterioration"": 0.0, ""scenario"": ""stationary""}",S7,forward_rollout_proxy,False,956032,0.875,0.875,7,7,1200,1200,1,0.3333333333333333,1.0,25.0,800.45690254673,0.7791565243747262,5.221541682029012,0.002088257881152682,0.9979117421188474,81,0,0,11231.140996618282,11231.140996618284,1604.4487138026118,1.5,0.9231567980850821,0.5779453647372589,0.00037352584913899494,30.5,12.199999999999994,0.1983213405423025,2,31:flood:reserve|39:wildfire:alternative|63:wildfire:alternative|77:funding_collapse,0.01585595153073801,0.03130867110624971,0.0014942186569763926,0.000379691376987704,5.976413586223918e-05,0.0009467066969802483,1.5508788864796475e-05,6e7a4b85868c728f
no_anthropogenic_deterioration,33,"{""anthropogenic_pressure_multiplier"": 0.0, ""climate_velocity"": 0.0, ""habitat_deterioration"": 0.0, ""scenario"": ""stationary""}",S7,forward_rollout_proxy,False,956033,0.875,0.875,7,7,1200,1200,0,0.0,0.0,,732.7494559520287,0.7543329547817672,4.778682828182661,0.008431079402818663,0.9915689205971814,8,0,0,11231.254268138235,11231.254268138237,1604.4648954483193,1.5,0.9591887255765176,0.580128041291503,0.0,22.5,9.0,0.21336170226012297,3,37:wildfire:semiwild|66:heatwave:origin|97:funding_collapse,0.015526990763462138,0.04121648044446879,0.013038740574306323,0.0013311093876336446,0.0,0.0008702191595772497,1.4093693276894853e-05,6e7a4b85868c728f
no_anthropogenic_deterioration,34,"{""anthropogenic_pressure_multiplier"": 0.0, ""climate_velocity"": 0.0, ""habitat_deterioration"": 0.0, ""scenario"": ""stationary""}",S7,forward_rollout_proxy,False,956034,1.0,1.0,8,8,1200,1200,0,0.0,0.0,,796.8153261748598,0.7786644086193119,4.665268677645029,0.03642161125049017,0.9635783887495099,90,0,0,11216.680460488436,11216.680460488436,1402.0850575610546,1.5,0.9030081532486153,0.632748092525016,0.00024840625680256246,26.75,10.699999999999996,0.2289729521185206,3,21:heatwave:reserve|27:wildfire:semiwild|54:funding_collapse|61:flood:reserve|84:heatwave:reserve,0.015868289450123398,0.0320647987138496,0.0013560218920066938,0.0003930281990100193,3.9745001088409995e-05,0.0009265218310978991,1.1469763396095686e-05,6e7a4b85868c728f
no_anthropogenic_deterioration,35,"{""anthropogenic_pressure_multiplier"": 0.0, ""climate_velocity"": 0.0, ""habitat_deterioration"": 0.0, ""scenario"": ""stationary""}",S7,forward_rollout_proxy,False,956035,1.0,0.75,8,6,1191,1191,0,0.0,0.0,,762.1915253774251,0.7444696350125729,5.638050577186068,0.0027624256059930606,0.997237574394007,20,0,0,11273.814710973156,11273.814710973156,1878.9691184955261,1.5,0.7996737458159013,0.5156864781521995,0.00019942315174271692,32.75,13.099999999999996,0.20919298899374303,3,33:heatwave:alternative|61:heatwave:origin|95:flood:reserve|100:wildfire:reserve,0.01511515880562201,0.03815052571117858,0.023841018077682172,0.001999058179320823,3.1907704278834705e-05,0.0008931583860296545,1.6455100641979912e-05,6e7a4b85868c728f
no_anthropogenic_deterioration,36,"{""anthropogenic_pressure_multiplier"": 0.0, ""climate_velocity"": 0.0, ""habitat_deterioration"": 0.0, ""scenario"": ""stationary""}",S7,forward_rollout_proxy,False,956036,1.0,0.875,8,7,1200,1200,0,0.0,0.0,,816.9550269528875,0.7690695731377639,5.633255170683811,0.003772926295111812,0.9962270737048882,76,0,0,11220.790039169111,11220.790039169111,1602.9700055955873,1.5,0.9152069756265596,0.5866826728740945,0.00017693360168070192,31.25,12.499999999999996,0.22539711802300222,3,20:flood:alternative|32:funding_collapse|47:wildfire:semiwild|65:heatwave:semiwild|78:heatwave:semiwild|83:flood:reserve,0.015606558586996692,0.032542263262216556,0.008514841965698645,0.0011281752157132005,2.8309376268912308e-05,0.0009833346825515877,1.6711731781417417e-05,6e7a4b85868c728f
no_anthropogenic_deterioration,37,"{""anthropogenic_pressure_multiplier"": 0.0, ""climate_velocity"": 0.0, ""habitat_deterioration"": 0.0, ""scenario"": ""stationary""}",S7,forward_rollout_proxy,False,956037,0.875,0.75,7,6,1200,1200,0,0.0,0.0,,498.9865150884306,0.6258293548578897,4.266828840091152,0.04715580871686653,0.9528441912831335,60,0,0,11242.927369124236,11242.927369124236,1873.8212281873728,1.5,0.8902384150517767,0.5106222609847559,0.0002892803584499113,65.0,26.00000000000002,0.2071506553933334,3,17:heatwave:origin|46:heatwave:reserve|65:funding_collapse|92:heatwave:origin,0.014148140796026465,0.04875523634501167,0.11201808183642997,0.014526897734574478,4.628485735198582e-05,0.0009345338928724395,5.044306908780231e-05,6e7a4b85868c728f
no_anthropogenic_deterioration,38,"{""anthropogenic_pressure_multiplier"": 0.0, ""climate_velocity"": 0.0, ""habitat_deterioration"": 0.0, ""scenario"": ""stationary""}",S7,forward_rollout_proxy,False,956038,0.5,0.5,4,4,997,997,0,0.0,0.0,,517.0985105650511,0.7306094774071714,5.029466581568121,0.0025331898424824865,0.9974668101575175,98,0,0,11181.84527625792,11181.845276257922,2795.46131906448,1.5,0.9595874236609742,0.4016744733076361,0.00039175304672036987,52.5,21.000000000000007,0.15210532562928716,3,7:funding_collapse|17:heatwave:origin|31:wildfire:reserve|33:flood:reserve|50:funding_collapse|88:heatwave:semiwild,0.015097951125306324,0.04670603711967281,0.020322999585796694,0.0023055326208209024,6.268048747525919e-05,0.000560774338098006,5.169231688445043e-05,6e7a4b85868c728f
no_anthropogenic_deterioration,39,"{""anthropogenic_pressure_multiplier"": 0.0, ""climate_velocity"": 0.0, ""habitat_deterioration"": 0.0, ""scenario"": ""stationary""}",S7,forward_rollout_proxy,False,956039,1.0,1.0,8,8,1200,1200,0,0.0,0.0,,788.3453445013782,0.7819517760808572,4.931733680346131,0.0019434078870860993,0.9980565921129139,26,0,0,11188.344342445833,11188.344342445835,1398.543042805729,1.5,0.98,0.6460230311172326,0.00038642158366435265,17.5,6.999999999999998,0.24352847156885668,3,31:flood:reserve|65:funding_collapse|98:funding_collapse,0.015974796887785535,0.030871875462061424,5.960715090660314e-05,3.3581758920408195e-05,6.182745338629642e-05,0.0008816711938313151,8.350886713741642e-06,6e7a4b85868c728f
no_anthropogenic_deterioration,40,"{""anthropogenic_pressure_multiplier"": 0.0, ""climate_velocity"": 0.0, ""habitat_deterioration"": 0.0, ""scenario"": ""stationary""}",S7,forward_rollout_proxy,False,956040,0.875,0.875,7,7,1043,1043,0,0.0,0.0,,793.4504767036319,0.7666714238573598,5.039792575475182,0.0007963207467701227,0.9992036792532298,19,0,0,11166.758087820735,11166.758087820737,1595.2511554029622,1.5,0.943591034577719,0.5817839552687609,0.0004731520389409133,20.0,7.999999999999998,0.21638463028118615,3,55:funding_collapse|69:funding_collapse|89:heatwave:origin|94:funding_collapse,0.015566222569268418,0.034728287909046876,0.008434112183327257,0.0012437779345967535,7.570432623054611e-05,0.0009465583089549167,1.2135498495538185e-05,6e7a4b85868c728f
no_anthropogenic_deterioration,41,"{""anthropogenic_pressure_multiplier"": 0.0, ""climate_velocity"": 0.0, ""habitat_deterioration"": 0.0, ""scenario"": ""stationary""}",S7,forward_rollout_proxy,False,956041,0.875,0.875,7,7,1200,1200,0,0.0,0.0,,758.3520136916061,0.7711293850771512,5.66273402862469,0.0003640051650912533,0.9996359948349087,48,0,0,11224.53527575931,11224.53527575931,1603.5050393941872,1.5,0.9069431495050471,0.5850749420417984,0.00023966832379124968,30.25,12.099999999999996,0.22001643402523455,3,20:funding_collapse|30:heatwave:alternative|55:flood:origin|76:flood:origin|83:wildfire:reserve,0.01587627840432039,0.03997290926962866,0.0009356901509177566,0.00016478551734384485,3.834693180659996e-05,0.0008846175408146526,1.4293503103978723e-05,6e7a4b85868c728f
no_anthropogenic_deterioration,42,"{""anthropogenic_pressure_multiplier"": 0.0, ""climate_velocity"": 0.0, ""habitat_deterioration"": 0.0, ""scenario"": ""stationary""}",S7,forward_rollout_proxy,False,956042,1.0,1.0,8,8,1200,1200,0,0.0,0.0,,773.9153022654297,0.7823113902549863,4.8772191950465205,0.0005493288482073478,0.9994506711517926,2,0,0,11159.168642613458,11159.16864261346,1394.8960803266823,1.5,0.9151758214953362,0.6377275856279271,0.00042674243965045306,6.75,2.7,0.23718905763964074,3,33:funding_collapse|48:funding_collapse|49:funding_collapse|51:wildfire:reserve|63:heatwave:alternative|66:heatwave:semiwild|67:flood:reserve|73:heatwave:alternative,0.015996670369967637,0.03065869975941315,1.3631971775490118e-06,5.725830821722494e-06,6.827879034407248e-05,0.0009261523464382797,4.277077385218854e-06,6e7a4b85868c728f
no_anthropogenic_deterioration,43,"{""anthropogenic_pressure_multiplier"": 0.0, ""climate_velocity"": 0.0, ""habitat_deterioration"": 0.0, ""scenario"": ""stationary""}",S7,forward_rollout_proxy,False,956043,0.875,0.875,7,7,1200,1200,0,0.0,0.0,,812.076266018823,0.7701395653849488,5.364748944746867,3.7678109009995774e-05,0.99996232189099,28,0,0,11266.358285061075,11266.358285061075,1609.4797550087249,1.5,0.98,0.587381147503922,0.0003712339985602163,13.75,5.5,0.20991829028226697,3,17:heatwave:semiwild|68:flood:semiwild|79:flood:semiwild,0.015600987737944877,0.032390398630888995,0.00754590711686496,0.0011375784648093683,5.939743976963461e-05,0.0009499749525061707,1.053386674741073e-05,6e7a4b85868c728f
no_anthropogenic_deterioration,44,"{""anthropogenic_pressure_multiplier"": 0.0, ""climate_velocity"": 0.0, ""habitat_deterioration"": 0.0, ""scenario"": ""stationary""}",S7,forward_rollout_proxy,False,956044,0.875,0.75,7,6,1200,1200,0,0.0,0.0,,721.8972384255918,0.7381204667904367,4.676276364895841,0.0008603432720084687,0.9991396567279915,70,0,0,11197.852389135065,11197.852389135067,1866.308731522511,1.5,0.98,0.5236623577382753,0.00015999415581456104,44.25,17.699999999999996,0.20699797044658408,3,34:funding_collapse|36:heatwave:origin|79:funding_collapse,0.015020699938817288,0.043103877617314525,0.02268473062114808,0.0018888848973506657,2.5599064930329773e-05,0.0008476228257138284,2.5192103454210116e-05,6e7a4b85868c728f
no_anthropogenic_deterioration,45,"{""anthropogenic_pressure_multiplier"": 0.0, ""climate_velocity"": 0.0, ""habitat_deterioration"": 0.0, ""scenario"": ""stationary""}",S7,forward_rollout_proxy,False,956045,1.0,1.0,8,8,1200,1200,0,0.0,0.0,,809.3984441750321,0.7740147425196031,4.552850128517788,0.008858891528749198,0.9911411084712508,117,0,0,11241.691982323873,11241.691982323873,1405.2114977904841,1.5,0.98,0.6406909114937132,0.0002557212415704089,42.0,16.8,0.2358120510426763,3,39:wildfire:reserve|48:funding_collapse|61:flood:semiwild,0.01567060019982335,0.03177987803852007,0.005094149253218954,0.0008330152203034846,4.091539865126542e-05,0.0009130240579844746,2.4366710975541492e-05,6e7a4b85868c728f
no_anthropogenic_deterioration,46,"{""anthropogenic_pressure_multiplier"": 0.0, ""climate_velocity"": 0.0, ""habitat_deterioration"": 0.0, ""scenario"": ""stationary""}",S7,forward_rollout_proxy,False,956046,0.75,0.75,6,6,595,595,1,0.3333333333333333,1.0,31.0,256.58784501550167,0.4611850548240854,3.4353059691445877,0.0005864674703160248,0.999413532529684,84,0,0,11250.779592919125,11250.779592919125,1875.1299321531876,1.5,0.6848819240819827,0.47742555179164237,0.0002474334598923482,52.5,21.000000000000004,0.1854214984599911,2,18:flood:origin|21:heatwave:origin|25:heatwave:alternative|26:wildfire:reserve|72:flood:alternative|74:flood:reserve|89:wildfire:alternative|91:wildfire:reserve,0.013177536301036965,0.05147356482706913,0.2694069471758629,0.01878365262001754,3.958935358277571e-05,0.0008717175271102161,6.21295707778758e-05,6e7a4b85868c728f
no_anthropogenic_deterioration,47,"{""anthropogenic_pressure_multiplier"": 0.0, ""climate_velocity"": 0.0, ""habitat_deterioration"": 0.0, ""scenario"": ""stationary""}",S7,forward_rollout_proxy,False,956047,0.875,0.75,7,6,745,745,0,0.0,0.0,,677.0940693895886,0.754634338967052,4.579250757651103,0.0002048827732097256,0.9997951172267903,108,0,0,11244.848440378732,11244.848440378733,1874.1414067297885,1.5,0.7072598063936888,0.4972837892686143,0.00017954081882528606,53.5,21.40000000000001,0.21632650526367136,3,8:wildfire:alternative|34:wildfire:semiwild|42:flood:reserve|52:heatwave:alternative|68:flood:reserve|77:wildfire:origin|85:wildfire:alternative,0.015500231999263512,0.04452797003628448,0.010475810059678353,0.0012751716830158627,2.872653101204577e-05,0.0008551806318252257,3.816365199867439e-05,6e7a4b85868c728f
