policy,engine,oracle,seed,survival_50,survival_100,species_retained_50,species_retained_100,total_abundance,wild_abundance,n_ebd,fraction_ebd,p_ebd,mean_time_to_ebd,lifetime_welfare,mean_individual_welfare,founder_effective,mean_inbreeding,heterozygosity_proxy,successful_reintroductions,refuge_moves,origin_returns,cost,available_budget,cost_per_species_retained,engagement,habitat_integrity,future_option_value,disease_prevalence,quarantine_cost,relocation_burden,biobank_coverage,discovered_latent,events,welfare_burden_predation,welfare_burden_food_insecurity,welfare_burden_crowding,welfare_burden_restriction,welfare_burden_infection,welfare_burden_habituation,welfare_burden_relocation,config_hash,scenario
S7,forward_rollout_proxy,False,980000,0.375,0.375,3,3,532,532,1,0.3333333333333333,1.0,40.0,217.49500830671198,0.574231568315873,4.302519114167018,0.0007570683494786882,0.9992429316505214,19,0,0,11112.016294897427,11112.016294897428,3704.0054316324754,1.5,0.6699999999999999,0.3018880092716503,0.0002461943001151519,30.75,12.299999999999994,0.1155640906499005,2,16:funding_collapse|18:wildfire:origin|19:funding_collapse|27:wildfire:origin|72:funding_collapse|97:funding_collapse,0.013073673092306979,0.045801421504941445,0.17136585142426292,0.009610771691665203,3.9391088018424305e-05,0.0006013810421375456,6.422354771831795e-05,3ec57804fb08c73b,genetics_on
S7,forward_rollout_proxy,False,980001,0.625,0.625,5,5,1139,1139,1,0.3333333333333333,1.0,36.0,329.43130721319716,0.5806534896896565,3.92743172838887,0.00883290633073417,0.9911670936692658,44,0,0,11189.93093018444,11189.93093018444,2237.9861860368883,1.5,0.7396552162005402,0.4282648711508257,0.0007161344491969942,65.75,26.30000000000002,0.1688751612344147,2,90:funding_collapse,0.0141851107139976,0.04952204085452463,0.15928425927151715,0.014244776723420944,0.00011458151187151908,0.0009800396152829167,5.696662694306275e-05,3ec57804fb08c73b,genetics_on
S7,forward_rollout_proxy,False,980002,0.5,0.5,4,4,737,715,0,0.0,0.0,,297.3369340076427,0.7401806633214686,3.5917397451245328,0.0032397916937560783,0.9967602083062439,115,0,0,11113.24885971892,11113.248859718922,2778.31221492973,1.5,0.670287785101387,0.3573403757379745,0.0002644798787774336,84.5,33.80000000000002,0.14697099888295226,3,10:funding_collapse|30:heatwave:reserve|92:funding_collapse|95:funding_collapse|97:wildfire:semiwild,0.016272955869199676,0.05814068660269431,0.0006556411407753989,0.0004415356062381383,4.2316780604389375e-05,0.0008887338648002335,0.0001290165721890792,3ec57804fb08c73b,genetics_on
S7,forward_rollout_proxy,False,980003,0.625,0.5,5,4,743,743,0,0.0,0.0,,304.81553604535094,0.7422027729799933,3.1903345299131427,0.00041564990767069395,0.9995843500923293,54,0,0,11184.659035230985,11184.659035230987,2796.1647588077462,1.5,0.4589356589762235,0.3335023458040445,0.00020769202141146975,64.5,25.800000000000015,0.1535271730364534,3,27:funding_collapse|41:wildfire:reserve|66:heatwave:reserve|89:wildfire:origin,0.016566818335538535,0.0586836600234526,0.0001979937754892006,0.00020446456613319776,3.323072342583516e-05,0.0008310715971292286,9.685444542101118e-05,3ec57804fb08c73b,genetics_on
S7,forward_rollout_proxy,False,980004,0.25,0.125,2,1,250,127,1,0.3333333333333333,1.0,31.0,163.6445373156971,0.7076355606460041,3.9116284891726125,0.002022269011712,0.997977730988288,79,0,0,11066.00498232304,11066.00498232304,11066.00498232304,1.5,0.4240154614272363,0.1544985181168611,0.0002621320494623494,62.75,25.100000000000026,0.08365343541205678,2,2:funding_collapse|14:funding_collapse|19:flood:reserve|20:funding_collapse|30:flood:origin|50:wildfire:origin|66:funding_collapse|77:flood:reserve|78:wildfire:alternative,0.014752758232669924,0.06809156864148075,0.0039351638604956845,0.0018105515752102003,4.1941127913975904e-05,0.0007580410097126168,0.00021471259705267088,3ec57804fb08c73b,genetics_on
S7,forward_rollout_proxy,False,980005,0.625,0.625,5,5,405,398,0,0.0,0.0,,290.8967110850816,0.5792975679835614,4.520403293996563,5.410545657781112e-05,0.9999458945434222,70,0,0,11076.619744586558,11076.61974458656,2215.3239489173116,1.5,0.3566199448524774,0.3962833165609876,5.3475935828877e-05,78.0,31.200000000000028,0.17083644567887096,3,4:flood:alternative|9:funding_collapse|51:heatwave:alternative|60:funding_collapse|91:heatwave:semiwild|95:flood:reserve|98:heatwave:reserve|100:funding_collapse,0.014135117934386827,0.05759250593496547,0.1568547867934608,0.011218016966397445,8.556149732620321e-06,0.0009052636042168083,7.455873653371458e-05,3ec57804fb08c73b,genetics_on
S7,forward_rollout_proxy,False,980006,0.75,0.625,6,5,669,669,1,0.3333333333333333,1.0,13.0,291.1895677487666,0.7077260773795797,3.735813309590519,0.0004542000826858909,0.9995457999173141,148,0,0,11157.402312698166,11157.402312698166,2231.480462539633,1.5,0.6641386423953914,0.41801495143747025,0.0003051199433217972,83.0,33.20000000000003,0.16496477051012964,2,21:wildfire:semiwild|35:funding_collapse|53:flood:reserve|78:funding_collapse,0.015380233773048533,0.06263937253912333,0.021243347704153707,0.009622985860286684,4.8819190931487554e-05,0.0008739843855495306,0.00010332058094532351,3ec57804fb08c73b,genetics_on
S7,forward_rollout_proxy,False,980007,0.5,0.125,4,1,88,15,2,0.6666666666666666,1.0,20.5,164.34222854404973,0.6965199465231119,2.7796123474515437,0.0,1.0,103,0,0,11045.070876275993,11045.070876275993,11045.070876275993,1.5,0.4041251131705406,0.1473180206996392,0.0005974940807746406,66.75,26.700000000000014,0.11429692954034845,1,6:flood:reserve|14:wildfire:alternative|15:wildfire:alternative|55:flood:semiwild|56:funding_collapse|98:heatwave:reserve|99:heatwave:semiwild,0.012606002918245507,0.07857365659851205,0.005387081409423959,0.003622542066028722,9.559905292394252e-05,0.000891192764480966,0.0003357833200811574,3ec57804fb08c73b,genetics_on
S7,forward_rollout_proxy,False,980008,0.25,0.125,2,1,312,243,2,0.6666666666666666,1.0,20.0,163.40579972006506,0.6909936573118074,4.5675675675675675,0.003569146951613824,0.9964308530483862,196,0,0,11255.159007967462,11255.159007967462,11255.159007967462,1.5,0.5343709235988406,0.17130268815806476,0.0001761011724714084,86.25,34.50000000000003,0.07969960061252514,1,12:wildfire:origin|34:wildfire:reserve|81:heatwave:origin|92:flood:reserve,0.013538264251560152,0.06266430922199415,0.022845881875239775,0.009922828348983493,2.8176187595425345e-05,0.0007830890182347754,0.00028558506135580096,3ec57804fb08c73b,genetics_on
S7,forward_rollout_proxy,False,980009,0.75,0.625,6,5,884,884,1,0.3333333333333333,1.0,17.0,275.24637698071075,0.5597227584377178,4.195914561581826,0.0025465567185049692,0.997453443281495,17,0,0,11148.527725120051,11148.527725120053,2229.7055450240105,1.5,0.5557174699379744,0.413596603554759,5.0890585241730283e-05,63.25,25.300000000000015,0.17407855472571648,2,1:heatwave:alternative|81:heatwave:alternative,0.014009456809808028,0.04978658964188232,0.1821271122726922,0.013042588862450029,8.142493638676845e-06,0.0008937920686611555,6.397665302938195e-05,3ec57804fb08c73b,genetics_on
S7,forward_rollout_proxy,False,980010,0.625,0.5,5,4,970,970,0,0.0,0.0,,296.92471132550406,0.6194000662548533,4.314356861813146,0.008595627728126819,0.9914043722718732,91,0,0,11232.755352639271,11232.755352639271,2808.188838159818,1.5,0.7405545290720914,0.37410623627383344,0.0002666863788685196,76.5,30.60000000000003,0.1595360737424638,3,68:flood:semiwild,0.01419030280598633,0.05126245896676078,0.1220913484569144,0.010561562610183903,4.2669820618963144e-05,0.0009373469577664079,8.418468659735137e-05,3ec57804fb08c73b,genetics_on
S7,forward_rollout_proxy,False,980011,0.5,0.5,4,4,997,997,0,0.0,0.0,,302.39478368716806,0.587612259825238,4.613599048759902,0.0,1.0,13,0,0,11237.414691583928,11237.414691583928,2809.353672895982,1.5,0.6699999999999999,0.3674222534441501,5.5710306406685235e-05,48.75,19.500000000000004,0.14643131478275545,3,61:flood:origin,0.013965195369072793,0.04550889282173867,0.14854584161294287,0.02060179027709945,8.913649025069637e-06,0.0011081735562270217,5.287411958014709e-05,3ec57804fb08c73b,genetics_on
S7,forward_rollout_proxy,False,980012,0.625,0.5,5,4,723,723,1,0.3333333333333333,1.0,14.0,243.07696810965933,0.6577025103497278,2.9503231540215213,0.006780190839146479,0.9932198091608535,186,0,0,11219.352538398702,11219.352538398703,2804.8381345996754,1.5,0.5767522657345316,0.3425256070428685,0.00027238264753482334,79.25,31.700000000000024,0.15173574464600048,2,33:flood:origin|59:wildfire:reserve,0.014205147073598571,0.06317020812451647,0.07144281138992854,0.006966721743655303,4.358122360557174e-05,0.0006451246618098603,0.0001292690824226651,3ec57804fb08c73b,genetics_on
S7,forward_rollout_proxy,False,980013,0.5,0.375,4,3,310,246,2,0.6666666666666666,1.0,12.5,155.07450129405208,0.5883025520212389,1.9160108580540711,0.028522989225926443,0.9714770107740736,118,0,0,11218.85635686866,11218.85635686866,3739.6187856228867,1.5,0.48884066303430146,0.2607529604720744,0.00045009924308222815,79.25,31.700000000000028,0.1197939279405178,1,4:heatwave:origin|16:funding_collapse|18:wildfire:alternative|50:funding_collapse|57:heatwave:reserve|63:wildfire:semiwild,0.011749833367753974,0.06937138949766071,0.12210939599612818,0.011550314688799612,7.201587889315652e-05,0.000546892767848508,0.0001899945687410811,3ec57804fb08c73b,genetics_on
S7,forward_rollout_proxy,False,980014,0.625,0.625,5,5,1200,1200,0,0.0,0.0,,314.5901515550818,0.5902631903783349,3.254540973281064,0.041180072394131864,0.9588199276058681,42,0,0,11130.977869004531,11130.977869004531,2226.1955738009065,1.5,0.738417201915762,0.4213091238378674,0.00033337572579057674,66.25,26.500000000000025,0.16835996956740282,3,24:funding_collapse|34:wildfire:semiwild|46:funding_collapse|54:funding_collapse|60:wildfire:semiwild,0.014300606187007498,0.048639525377175134,0.14980028032832804,0.014276639801996376,5.3340116126492266e-05,0.0008502031103398976,6.905338861594966e-05,3ec57804fb08c73b,genetics_on
S7,forward_rollout_proxy,False,980015,0.5,0.5,4,4,361,361,1,0.3333333333333333,1.0,16.0,214.4463081267082,0.5391236302324117,2.7003478120594924,0.0023448007769868353,0.9976551992230132,32,0,0,11208.042010272487,11208.042010272486,2802.010502568122,1.5,0.5257537283504157,0.33328484846047146,0.0002963323347972755,23.25,9.299999999999999,0.14352998752417484,2,12:heatwave:origin|14:heatwave:alternative|70:funding_collapse|70:wildfire:semiwild|93:heatwave:reserve,0.012795362259693717,0.047304042059165566,0.2009942948704621,0.011949726781280354,4.741317356756409e-05,0.0006523107816013819,8.003343033386792e-05,3ec57804fb08c73b,genetics_on
S7,forward_rollout_proxy,False,980016,0.5,0.25,4,2,257,4,0,0.0,0.0,,198.49535786136036,0.6307339523810009,3.6054643165198046,0.0,1.0,121,0,0,11133.239144350748,11133.23914435075,5566.619572175374,1.5,0.24703195808595324,0.19556523073761073,0.00032880051357107176,96.0,38.40000000000004,0.11153695881908669,3,25:wildfire:alternative|29:flood:reserve|38:heatwave:reserve|44:wildfire:origin|56:funding_collapse|82:wildfire:reserve|89:funding_collapse|94:flood:alternative,0.008697887522670058,0.07544931965625228,0.037845880792890446,0.0067873729688465055,5.260808217137148e-05,0.0006787975849933934,0.00018628744642395023,3ec57804fb08c73b,genetics_on
S7,forward_rollout_proxy,False,980017,0.75,0.625,6,5,914,914,0,0.0,0.0,,223.16335460302574,0.4619419794524529,3.099583552057615,0.002356430206392832,0.9976435697936071,54,0,0,11208.069710626314,11208.069710626314,2241.613942125263,1.5,0.6036979175254747,0.4075896797881898,0.00013112198856955347,43.0,17.2,0.17487026257533075,3,25:flood:origin|33:funding_collapse|84:wildfire:semiwild|92:wildfire:origin|96:flood:alternative,0.013145067739546488,0.0445904581396873,0.2722792181126409,0.021788420331178848,2.097951817112855e-05,0.001108472443658097,7.107251749965528e-05,3ec57804fb08c73b,genetics_on
S7,forward_rollout_proxy,False,980018,0.625,0.625,5,5,1200,1200,0,0.0,0.0,,352.0146743027279,0.6267201117343658,3.1578132368489396,0.007007770538590688,0.9929922294614093,20,0,0,11217.586673342314,11217.586673342314,2243.517334668463,1.5,0.7402359868068555,0.4200690577935601,0.000149267004873336,60.0,24.000000000000014,0.16608663372192572,3,,0.014569924196936392,0.04871055904665945,0.11597028123707989,0.011501006282850494,2.388272077973376e-05,0.0008756985387661891,6.473810858402098e-05,3ec57804fb08c73b,genetics_on
S7,forward_rollout_proxy,False,980019,0.75,0.75,6,6,1055,1055,2,0.6666666666666666,1.0,32.5,294.649290736456,0.5395144699330002,4.158936940521387,0.0009814985492608173,0.9990185014507392,61,0,0,11183.4083927574,11183.4083927574,1863.9013987929,1.5,0.4957748320335466,0.4658447990422423,0.0001760740314537783,80.5,32.20000000000004,0.1858897321683688,1,10:wildfire:alternative|32:wildfire:alternative|36:heatwave:alternative|78:wildfire:semiwild|94:flood:alternative,0.013909289778339141,0.05085918136187726,0.19950645143469284,0.014267221680098753,2.8171845032604524e-05,0.0010006477105841635,7.001518564854947e-05,3ec57804fb08c73b,genetics_on
S7,forward_rollout_proxy,False,980020,0.5,0.375,4,3,207,179,1,0.3333333333333333,1.0,18.0,224.43074792476034,0.7158234134589292,2.863785996174983,0.010837759865644121,0.9891622401343558,160,0,0,11191.617604849991,11191.617604849991,3730.539201616664,1.5,0.4185247406977141,0.2650104433747373,0.00018826872944084164,90.5,36.20000000000003,0.12885054671608015,2,9:funding_collapse|48:wildfire:reserve|57:flood:origin|66:flood:semiwild|77:wildfire:alternative|78:heatwave:semiwild|80:wildfire:reserve|90:flood:origin,0.015536083413709217,0.07018667812745356,0.005579232158518685,0.0026418774819353895,3.0122996710534657e-05,0.001077207595543771,0.0001692055923575201,3ec57804fb08c73b,genetics_on
S7,forward_rollout_proxy,False,980021,0.625,0.625,5,5,786,786,1,0.3333333333333333,1.0,16.0,272.8114737174434,0.596064454911145,2.786710922050877,0.06229884521354294,0.9377011547864571,18,0,0,11149.672411098652,11149.67241109865,2229.9344822197304,1.5,0.6251482429939134,0.40507395566002413,0.0002472025978335938,55.5,22.20000000000001,0.16721011070061986,2,39:funding_collapse|58:flood:alternative|68:funding_collapse|93:heatwave:origin,0.01411017186974244,0.0508923352390175,0.14680178200584407,0.011306103962819383,3.955241565337501e-05,0.0008249135439269422,6.579836349628727e-05,3ec57804fb08c73b,genetics_on
S7,forward_rollout_proxy,False,980022,0.625,0.625,5,5,755,755,1,0.3333333333333333,1.0,24.0,223.45761861453357,0.49806615724764497,3.4265541308223257,0.06048176645549649,0.9395182335445035,13,0,0,11176.35579323564,11176.355793235638,2235.271158647128,1.5,0.6699999999999999,0.4163287578966027,5.161298915794241e-05,30.25,12.099999999999998,0.16906608294189707,2,14:wildfire:origin|17:funding_collapse|50:funding_collapse|71:heatwave:semiwild,0.01305511174599287,0.04398519204869304,0.23859200211833098,0.019396491535992547,8.258078265270786e-06,0.0009193358593536179,7.879688433711774e-05,3ec57804fb08c73b,genetics_on
S7,forward_rollout_proxy,False,980023,0.5,0.0,4,0,0,0,0,0.0,0.0,,126.57099874482941,0.44744973113613695,0.0,,,92,0,0,11224.889309828533,11224.889309828533,11224.889309828533,1.5,0.6044539464194041,0.07807654910741674,0.00014239694404290744,58.0,23.20000000000001,0.08815577232738164,3,8:heatwave:semiwild|34:heatwave:reserve|40:flood:origin|42:flood:origin|82:heatwave:semiwild,0.009664237559432041,0.04705929711633317,0.001133781063668783,0.0016466915247680424,2.2783511046865188e-05,0.0007119607813531657,0.00041739376334780137,3ec57804fb08c73b,genetics_on
S7,forward_rollout_proxy,False,980024,0.75,0.75,6,6,1072,1072,0,0.0,0.0,,215.44084972108024,0.44698785069020874,3.138132827829701,0.0011526254822340418,0.998847374517766,19,0,0,11230.67794603133,11230.67794603133,1871.7796576718883,1.5,0.5796584931372867,0.4646267522080388,0.0001349704580504316,48.0,19.20000000000001,0.1888978730800654,3,23:wildfire:origin|46:heatwave:semiwild|49:heatwave:alternative|64:flood:origin|86:wildfire:semiwild|100:flood:origin,0.013285970960139224,0.04593300479156598,0.29056496602893733,0.01782247060592801,2.1595273288069057e-05,0.0008847664255567229,8.298062136771608e-05,3ec57804fb08c73b,genetics_on
S7,forward_rollout_proxy,False,980025,0.25,0.125,2,1,165,165,1,0.3333333333333333,1.0,28.0,106.92947221380403,0.7253736099151618,1.9981651376146787,0.007265559479661431,0.9927344405203385,34,0,0,11187.111224542023,11187.111224542023,11187.111224542023,1.5,0.5864645349101157,0.15043267360897278,0.0004860280411947564,27.5,10.999999999999993,0.07777284370907202,2,9:wildfire:reserve|20:wildfire:semiwild|22:heatwave:origin|25:flood:origin|41:heatwave:semiwild|53:heatwave:origin,0.01675153279354036,0.05905212397435504,0.0003316592467243625,0.0010349483549725559,7.776448659116102e-05,0.0025697748684887487,0.00026741195235651527,3ec57804fb08c73b,genetics_on
S7,forward_rollout_proxy,False,980026,0.625,0.5,5,4,761,761,0,0.0,0.0,,229.5375188877497,0.5210755328154765,3.615019751011644,2.0736644013161446e-05,0.9999792633559869,35,0,0,11235.025054274362,11235.025054274363,2808.7562635685904,1.5,0.49333696251671616,0.33989845914576433,0.00021918164970756524,38.25,15.299999999999992,0.14707282691988127,3,14:heatwave:origin|47:flood:alternative|69:flood:alternative|97:flood:origin,0.013162621626009913,0.04533916308436187,0.2251010217401937,0.00941533793447479,3.506906395321045e-05,0.0006338134869385892,8.427245045159072e-05,3ec57804fb08c73b,genetics_on
S7,forward_rollout_proxy,False,980027,0.625,0.625,5,5,1046,1046,0,0.0,0.0,,291.3688731490983,0.5386632635431499,4.294413655452384,0.000352674083815943,0.9996473259161841,52,0,0,11195.877634586974,11195.877634586976,2239.1755269173946,1.5,0.6699999999999999,0.4242921920764368,0.0004987601736911681,53.75,21.5,0.16549027760956492,3,39:funding_collapse|41:wildfire:origin|54:wildfire:origin,0.013890256771311506,0.049314811544586695,0.20154931320245165,0.01348439199917827,7.98016277905869e-05,0.0008739958549087182,5.9655595295200874e-05,3ec57804fb08c73b,genetics_on
S7,forward_rollout_proxy,False,980028,0.5,0.25,4,2,322,322,2,0.6666666666666666,1.0,13.5,190.88479599203015,0.7316110494766116,2.7040255042810957,0.004623235960869494,0.9953767640391306,40,0,0,11122.97669855587,11122.97669855587,5561.488349277935,1.5,0.5891128846364686,0.22151833654392084,0.0002930973707807021,43.5,17.400000000000006,0.11533396518731515,1,18:heatwave:semiwild|22:wildfire:reserve|34:heatwave:origin|78:funding_collapse|79:funding_collapse,0.0165847302710983,0.059110340665589664,0.0001832277707130313,0.0005849877802606334,4.689557932491234e-05,0.001608705049683561,0.000189795819789505,3ec57804fb08c73b,genetics_on
S7,forward_rollout_proxy,False,980029,0.75,0.5,6,4,645,645,1,0.3333333333333333,1.0,46.0,278.08695251555196,0.5863393599828759,3.479594546312156,0.0012314774576955949,0.9987685225423044,45,0,0,11186.314527910126,11186.314527910126,2796.5786319775316,1.5,0.6092645488002205,0.3515689524374535,2.6109660574412533e-05,65.0,26.00000000000001,0.15423276047154943,2,11:flood:alternative|58:heatwave:semiwild|80:heatwave:reserve,0.013823890602614327,0.05200881721859827,0.14897634388460682,0.016045136923189353,4.177545691906005e-06,0.0009566948504863714,6.462681452646677e-05,3ec57804fb08c73b,genetics_on
S7,forward_rollout_proxy,False,980030,0.75,0.625,6,5,931,931,1,0.3333333333333333,1.0,27.0,270.93384053440167,0.5704595098039499,3.3203877318495345,0.0011691479912062136,0.9988308520087937,70,0,0,11125.288016445737,11125.288016445738,2225.057603289147,1.5,0.66198078052229,0.4147454151034813,0.00010818313650195646,63.25,25.300000000000022,0.17046729866378488,2,2:flood:alternative|64:flood:semiwild|75:funding_collapse,0.014105772183831715,0.05080748673207996,0.16755926117810188,0.015808556864238894,1.730930184031303e-05,0.001122360794377636,6.936757203750508e-05,3ec57804fb08c73b,genetics_on
S7,forward_rollout_proxy,False,980031,0.625,0.625,5,5,884,884,0,0.0,0.0,,262.9804246990484,0.5444522247163917,3.53478861343552,0.003290803933298762,0.9967091960667013,23,0,0,11094.020293944708,11094.020293944708,2218.804058788942,1.5,0.5808833260056933,0.40827722711370107,0.00018726019017961407,55.5,22.200000000000003,0.1679550418938827,3,17:flood:semiwild|41:flood:alternative|43:funding_collapse|54:heatwave:origin|73:funding_collapse|74:funding_collapse|77:wildfire:semiwild|94:flood:semiwild|99:funding_collapse,0.013780873275048794,0.0472720950147091,0.19656337447240715,0.015422080871537472,2.9961630428738256e-05,0.000887567523686305,6.206375327399634e-05,3ec57804fb08c73b,genetics_on
S7,forward_rollout_proxy,False,980032,0.5,0.5,4,4,541,541,1,0.3333333333333333,1.0,37.0,219.35461482108636,0.6186782850928235,3.080734226328356,0.0022790917236180062,0.997720908276382,165,0,0,11207.022916286545,11207.022916286545,2801.7557290716363,1.5,0.5853089650931489,0.34329864951084876,0.00039542833385472134,68.25,27.30000000000001,0.14480205369125132,2,23:wildfire:origin|44:flood:origin|68:flood:reserve|77:flood:semiwild|85:funding_collapse,0.013731492254786119,0.058735493646022666,0.11356110408961761,0.007946108982489633,6.326853341675539e-05,0.0005854123531501431,0.00011675542396314531,3ec57804fb08c73b,genetics_on
S7,forward_rollout_proxy,False,980033,0.625,0.375,5,3,559,559,0,0.0,0.0,,261.55603655851223,0.7430246691800215,4.228898639606757,0.00015421408515909563,0.9998457859148409,25,0,0,11115.383991100747,11115.383991100747,3705.1279970335822,1.5,0.5470503826856067,0.29366059507851106,0.0001617399038925577,44.25,17.700000000000003,0.13958285206941415,3,2:flood:reserve|62:funding_collapse|93:wildfire:reserve,0.016637165527273963,0.05758160929288633,3.542845779244816e-05,4.065945325034014e-05,2.5878384622809227e-05,0.0006949504147837935,8.721195476947042e-05,3ec57804fb08c73b,genetics_on
S7,forward_rollout_proxy,False,980034,0.5,0.375,4,3,623,558,1,0.3333333333333333,1.0,38.0,275.7842722638102,0.7378928964067525,4.1825094359251755,8.132694423642254e-05,0.9999186730557635,66,0,0,11088.887764946483,11088.887764946483,3696.2959216488275,1.5,0.6533478774070329,0.30041138430695963,0.00026495940484280554,61.0,24.40000000000002,0.12250751103502297,2,2:heatwave:reserve|40:funding_collapse|62:funding_collapse|88:wildfire:semiwild,0.01620870223944838,0.059903176021208294,0.000989267360062681,0.000494309804920293,4.2393504774848885e-05,0.0007173855552978026,0.00010607539492023619,3ec57804fb08c73b,genetics_on
S7,forward_rollout_proxy,False,980035,0.5,0.375,4,3,1054,957,3,1.0,1.0,25.0,295.6743795626684,0.6266125665413906,3.7721759521016014,0.0009158613229630569,0.9990841386770369,259,0,0,11160.192257882683,11160.192257882683,3720.0640859608943,1.5,0.614242913669235,0.2916352706836217,0.000322237566132505,104.5,41.80000000000005,0.11869609897841084,0,9:flood:origin|10:funding_collapse|30:flood:semiwild|34:wildfire:reserve|71:wildfire:origin|75:funding_collapse|97:funding_collapse,0.012743272409964881,0.06390126098089972,0.07798516328511786,0.01763247378121747,5.1558010581200795e-05,0.0010264042102622647,0.00013574867543069473,3ec57804fb08c73b,genetics_on
S7,forward_rollout_proxy,False,980036,0.5,0.375,4,3,200,163,0,0.0,0.0,,209.38530731698674,0.7039118134981254,2.166817570745389,0.0255852435398969,0.9744147564601031,163,0,0,11127.087730012852,11127.087730012852,3709.0292433376176,1.5,0.5517985500277911,0.27336359475109345,0.00020336650876791768,89.0,35.60000000000003,0.13882782020430218,3,9:heatwave:alternative|10:funding_collapse|18:heatwave:alternative|37:wildfire:reserve,0.013329385751357298,0.07554480597765646,0.01107903226202046,0.003972588078374017,3.253864140286684e-05,0.0008266897618912954,0.0002281664832742561,3ec57804fb08c73b,genetics_on
S7,forward_rollout_proxy,False,980037,0.5,0.25,4,2,194,171,0,0.0,0.0,,208.2075528064074,0.7142626951526792,3.1489298963775596,0.013363110556505828,0.9866368894434941,170,0,0,11151.669269612516,11151.669269612517,5575.834634806258,1.5,0.5357848440394926,0.2247511058266391,0.000323930626987143,88.0,35.20000000000003,0.13591661229457114,3,47:heatwave:reserve|49:heatwave:alternative|72:flood:origin|74:funding_collapse|86:flood:reserve|99:funding_collapse,0.014630921718424658,0.07202564331059816,0.011835775313236718,0.0031172142986342893,5.182890031794286e-05,0.0007735640749833289,0.00020031187055676253,3ec57804fb08c73b,genetics_on
S7,forward_rollout_proxy,False,980038,0.625,0.625,5,5,925,925,0,0.0,0.0,,211.71429063178704,0.4092966031986777,3.8240821443212005,0.00041621863809956146,0.9995837813619004,37,0,0,11243.391603032243,11243.391603032245,2248.678320606449,1.5,0.6768787674154858,0.41982958188964076,0.0003602280073626833,38.5,15.39999999999999,0.16325441852440092,3,3:heatwave:origin|95:funding_collapse,0.012659227617362559,0.04332322241238968,0.3261714439115685,0.020004325376697406,5.7636481178029335e-05,0.0008507497666172213,6.94605533095784e-05,3ec57804fb08c73b,genetics_on
S7,forward_rollout_proxy,False,980039,0.625,0.625,5,5,1036,1036,2,0.6666666666666666,1.0,20.0,310.4181614480585,0.5779662448647478,3.763044134064817,0.0008039049588948177,0.9991960950411052,62,0,0,11197.487707687296,11197.487707687296,2239.4975415374593,1.5,0.5887425690591355,0.4097571045212062,0.0004392361055860821,78.0,31.20000000000002,0.16001203137322212,1,34:heatwave:semiwild|55:heatwave:semiwild|63:funding_collapse|66:flood:semiwild|90:flood:alternative|98:wildfire:semiwild|100:heatwave:origin,0.014029123345702423,0.050202263272467525,0.16295643447543454,0.012493971957589705,7.027777689377311e-05,0.0009555944619650679,6.918629810540646e-05,3ec57804fb08c73b,genetics_on
S7,forward_rollout_proxy,False,980040,0.25,0.25,2,2,303,303,0,0.0,0.0,,144.59518120589098,0.7174471017243776,1.499961422729728,0.14157345935361493,0.8584265406463851,82,0,0,11177.769322385248,11177.769322385248,5588.884661192624,1.5,0.6171924423749465,0.20895217629102514,0.0004371801714962464,44.5,17.800000000000004,0.09866658913116612,3,16:wildfire:reserve|21:wildfire:origin|48:heatwave:semiwild|62:heatwave:origin|86:flood:origin|96:funding_collapse,0.015945785248593497,0.05923528341455914,0.0010379805897321654,0.007660169896025364,6.994882743939943e-05,0.0019751991311964695,0.00028694960588065526,3ec57804fb08c73b,genetics_on
S7,forward_rollout_proxy,False,980041,0.5,0.5,4,4,707,707,1,0.3333333333333333,1.0,11.0,219.13870864301708,0.48725569538302116,3.296323924207953,0.0005065755861214403,0.9994934244138786,32,0,0,11168.36276216644,11168.36276216644,2792.09069054161,1.5,0.605832694073858,0.34528793648024525,0.0004520721693737105,29.25,11.699999999999994,0.1337071391538996,2,9:funding_collapse|9:flood:origin|23:heatwave:origin|37:funding_collapse|46:funding_collapse|46:wildfire:alternative|59:flood:semiwild,0.01273684713168034,0.04476279956776314,0.241597070431486,0.02554324911661142,7.233154709979369e-05,0.0010263626432858775,5.6956937971570885e-05,3ec57804fb08c73b,genetics_on
S7,forward_rollout_proxy,False,980042,0.5,0.375,4,3,650,565,1,0.3333333333333333,1.0,22.0,253.79263713509266,0.731848307963721,2.416504225250844,0.005952649343724751,0.9940473506562753,82,0,0,11110.82167022463,11110.82167022463,3703.60722340821,1.5,0.5668245010276776,0.27484025516868094,0.00023623356026345133,56.5,22.6,0.1262138140670237,2,4:flood:reserve|62:flood:semiwild|69:heatwave:origin|79:funding_collapse,0.015615047559303551,0.06409899331513434,0.0019961111486814175,0.0005970074206020489,3.779736964215221e-05,0.0006996809975687485,0.00014697014717356043,3ec57804fb08c73b,genetics_on
S7,forward_rollout_proxy,False,980043,0.625,0.625,5,5,670,670,2,0.6666666666666666,1.0,21.0,291.78216153098884,0.6048327173926141,3.6256203621524827,0.0015118593620015463,0.9984881406379984,58,0,0,11186.806225536731,11186.806225536733,2237.3612451073463,1.5,0.6006255646062545,0.4095999482710917,0.00019009462444464877,67.5,27.000000000000025,0.1601559409447071,1,3:wildfire:semiwild|9:heatwave:semiwild|24:heatwave:alternative|49:funding_collapse|58:wildfire:reserve|62:wildfire:origin|65:wildfire:semiwild|71:heatwave:semiwild,0.013778951892740436,0.061059679789164496,0.12290215111049996,0.014539880648569075,3.0415139911143803e-05,0.0009234535069974316,6.878178555349778e-05,3ec57804fb08c73b,genetics_on
S7,forward_rollout_proxy,False,980044,0.5,0.5,4,4,731,731,0,0.0,0.0,,271.40997406808236,0.7348329883189745,3.340701471682134,0.0022981661334339977,0.997701833866566,107,0,0,11186.414906754555,11186.414906754555,2796.6037266886387,1.5,0.5604804129299407,0.3451860223160311,0.0006868833953944112,66.0,26.400000000000013,0.1536548315310784,3,4:heatwave:semiwild|36:funding_collapse|40:wildfire:reserve|87:heatwave:semiwild|91:flood:semiwild|93:flood:reserve,0.016247237989505534,0.06142127301634872,0.0010502091633464057,0.005348369506369909,0.0001099013432631058,0.0009117356713183503,0.00012724450821566767,3ec57804fb08c73b,genetics_on
S7,forward_rollout_proxy,False,980045,0.5,0.375,4,3,577,577,0,0.0,0.0,,249.0733386189178,0.7436253150498782,3.125501599117096,0.005446551489407401,0.9945534485105926,27,0,0,11152.377704208948,11152.377704208946,3717.459234736316,1.5,0.5720956865476501,0.28362336352366113,0.00021159139307075532,31.0,12.399999999999993,0.13204389438862585,3,5:wildfire:reserve|89:wildfire:origin,0.016457737797500947,0.0573999788143092,8.13865310107717e-05,0.0001319537279395459,3.385462289132085e-05,0.0006984167310479858,8.423791186840298e-05,3ec57804fb08c73b,genetics_on
S7,forward_rollout_proxy,False,980046,0.625,0.375,5,3,196,178,1,0.3333333333333333,1.0,24.0,209.66108781086123,0.7345151750906563,3.3947254985075244,0.01589567155062924,0.9841043284493708,35,0,0,11108.73506318569,11108.73506318569,3702.9116877285633,1.5,0.40633567222196326,0.2677183875151284,0.0005774576165708349,57.25,22.9,0.12193782653928396,2,2:wildfire:reserve|17:heatwave:semiwild|32:funding_collapse|59:heatwave:reserve|87:heatwave:alternative|98:heatwave:alternative,0.016427127893744484,0.06687242057205856,7.903773637813831e-05,0.0001270639807234977,9.239321865133359e-05,0.0007742123513946395,0.0001370814260379865,3ec57804fb08c73b,genetics_on
S7,forward_rollout_proxy,False,980047,0.5,0.5,4,4,994,994,2,0.6666666666666666,1.0,21.5,312.7229932901235,0.6038691785262731,4.08094865739893,0.00021275863599331927,0.9997872413640067,59,0,0,11222.565879678015,11222.565879678015,2805.641469919504,1.5,0.6699999999999999,0.36113408375589545,2.4752475247524754e-05,67.0,26.800000000000022,0.1416229859095307,1,30:wildfire:semiwild|68:flood:origin|72:flood:semiwild|81:flood:origin,0.014150752452384207,0.0486370809208158,0.13629614987520106,0.013939061534738393,3.960396039603961e-06,0.0010044903142322449,7.195986469050655e-05,3ec57804fb08c73b,genetics_on
S7,forward_rollout_proxy,False,980000,0.75,0.5,6,4,432,432,0,0.0,0.0,,219.04888135499812,0.5608732245052785,2.453858954745778,0.4287984030158831,0.5712015969841169,17,0,0,11112.52546197095,11112.525461970952,2778.1313654927376,1.5,0.6699999999999999,0.3499556387234369,0.0002526043327323641,30.0,11.999999999999995,0.16708524587989548,3,16:funding_collapse|18:wildfire:origin|19:funding_collapse|27:wildfire:origin|72:funding_collapse|97:funding_collapse,0.013062958768438692,0.04360496191737357,0.16787874338932685,0.02764886532881206,4.0416693237178254e-05,0.0012326093161674843,6.235955556370042e-05,13b67c53c4ee9a43,genetics_off
S7,forward_rollout_proxy,False,980001,0.5,0.5,4,4,573,573,1,0.3333333333333333,1.0,26.0,269.26869852921004,0.6495863634969438,2.8633634527229113,0.32382525112683436,0.6761747488731656,12,0,0,11184.74421163557,11184.74421163557,2796.1860529088926,1.5,0.739546295111014,0.3561844260874448,0.0005523591788376555,47.5,19.0,0.14298081024557138,2,90:funding_collapse,0.014299966454441928,0.0468091861579961,0.0957909507190827,0.011403395087335535,8.837746861402487e-05,0.0007976571460417433,6.417645255155075e-05,13b67c53c4ee9a43,genetics_off
S7,forward_rollout_proxy,False,980002,0.5,0.375,4,3,312,312,0,0.0,0.0,,201.65918618818696,0.7436692540352077,3.013930225681038,0.2855479957230566,0.7144520042769433,56,0,0,11116.950804705888,11116.950804705888,3705.650268235296,1.5,0.6704540641303849,0.29144330009917463,0.0001506947839820297,61.75,24.700000000000017,0.12754295714662864,3,10:funding_collapse|30:heatwave:reserve|92:funding_collapse|95:funding_collapse|97:wildfire:semiwild,0.016550175486833157,0.05535745891602575,0.0003971252096301536,0.0003214925600494115,2.4111165437124757e-05,0.000981897259424619,0.00015044714665522134,13b67c53c4ee9a43,genetics_off
S7,forward_rollout_proxy,False,980003,0.5,0.25,4,2,225,225,0,0.0,0.0,,166.23668408019083,0.7423647531333977,3.111818338536978,0.2740399291587565,0.7259600708412435,63,0,0,11191.48971455592,11191.489714555923,5595.74485727796,1.5,0.4592424703225686,0.21311610240844087,0.00026510196002054695,60.0,24.000000000000007,0.11786835995407109,3,27:funding_collapse|41:wildfire:reserve|66:heatwave:reserve|89:wildfire:origin,0.016397427560099917,0.05690709441875873,0.0004947876036360215,0.0005248118669754197,4.241631360328751e-05,0.0005870384185435356,0.00020108711138068318,13b67c53c4ee9a43,genetics_off
S7,forward_rollout_proxy,False,980004,0.375,0.125,3,1,52,31,1,0.3333333333333333,1.0,22.0,133.4880660859373,0.7096849511782264,1.988235294117647,0.3309234543746481,0.6690765456253519,78,0,0,11074.046526310753,11074.046526310754,11074.046526310753,1.5,0.4243532062747202,0.13664812156701545,0.000185607729525937,59.75,23.900000000000023,0.09040223999183475,2,2:funding_collapse|14:funding_collapse|19:flood:reserve|20:funding_collapse|30:flood:origin|50:wildfire:origin|66:funding_collapse|77:flood:reserve|78:wildfire:alternative,0.014748663285563483,0.06824782601014508,0.0017027583918143394,0.001874389630159277,2.9697236724149923e-05,0.0007298374683991374,0.00029064352553200717,13b67c53c4ee9a43,genetics_off
S7,forward_rollout_proxy,False,980005,0.75,0.75,6,6,202,197,0,0.0,0.0,,279.6841653648428,0.6246379172171399,2.392726441517833,0.2646186178718976,0.7353813821281023,64,0,0,11083.00457576643,11083.00457576643,1847.167429294405,1.5,0.3568694853377576,0.43562130539540284,0.00014100235838277925,69.25,27.700000000000017,0.19253546223224363,3,4:flood:alternative|9:funding_collapse|51:heatwave:alternative|60:funding_collapse|91:heatwave:semiwild|95:flood:reserve|98:heatwave:reserve|100:funding_collapse,0.013957069676927693,0.05424386087012961,0.11686382032034472,0.008682995545169492,2.256037734124468e-05,0.0007403602349280153,8.152516218984724e-05,13b67c53c4ee9a43,genetics_off
S7,forward_rollout_proxy,False,980006,0.625,0.5,5,4,403,403,1,0.3333333333333333,1.0,14.0,251.68296906374707,0.7223120841344064,1.8835171766118206,0.3546005022774612,0.6453994977225388,148,0,0,11155.405490387195,11155.405490387195,2788.8513725967987,1.5,0.6640489517932572,0.3401750812732961,0.0003521060836490206,76.5,30.600000000000026,0.14967507163926075,2,21:wildfire:semiwild|35:funding_collapse|53:flood:reserve|78:funding_collapse,0.01551710374978392,0.05891572860667542,0.015259501749633258,0.003862303846352512,5.63369733838433e-05,0.0008645499392677119,0.000126393417427584,13b67c53c4ee9a43,genetics_off
S7,forward_rollout_proxy,False,980007,0.5,0.125,4,1,33,9,2,0.6666666666666666,1.0,21.5,139.97887856088428,0.6970612885515792,2.191146881287726,0.22744779579341412,0.7725522042065859,71,0,0,11040.580034022187,11040.580034022187,11040.580034022187,1.5,0.40384219010855066,0.13662298315448257,0.00026304803567641104,49.25,19.7,0.09038647665375124,1,6:flood:reserve|14:wildfire:alternative|15:wildfire:alternative|55:flood:semiwild|56:funding_collapse|98:heatwave:reserve|99:heatwave:semiwild,0.012258397370086983,0.07599960400928835,0.0028310571882440017,0.004546097293261061,4.208768570822577e-05,0.0008737076975557418,0.00040884222076642676,13b67c53c4ee9a43,genetics_off
S7,forward_rollout_proxy,False,980008,0.5,0.125,4,1,187,187,2,0.6666666666666666,1.0,19.5,132.93478972325903,0.6946182065380982,4.246387370977534,0.2404292895603442,0.7595707104396558,148,0,0,11253.888466339718,11253.888466339718,11253.888466339718,1.5,0.5343405364782438,0.17204268336815629,0.0003175558873296659,77.0,30.80000000000003,0.09947378005278282,1,12:wildfire:origin|34:wildfire:reserve|81:heatwave:origin|92:flood:reserve,0.014354497056649216,0.06019903619914082,0.027440610443463697,0.009096493000918303,5.080894197274654e-05,0.0007695236735951754,0.00021708644869459462,13b67c53c4ee9a43,genetics_off
S7,forward_rollout_proxy,False,980009,0.625,0.5,5,4,579,577,2,0.6666666666666666,1.0,14.0,289.33747166760463,0.6126383199639717,2.8612508268114754,0.26455949174452503,0.7354405082554749,15,0,0,11152.13760091978,11152.137600919781,2788.034400229945,1.5,0.5558585559171471,0.3383959506066239,7.391775640582116e-05,58.5,23.400000000000016,0.1459879337339724,1,1:heatwave:alternative|81:heatwave:alternative,0.013970194749477138,0.04791696561741416,0.12697588587235561,0.016972394751264476,1.1826841024931389e-05,0.0010267656863994059,6.34646439248476e-05,13b67c53c4ee9a43,genetics_off
S7,forward_rollout_proxy,False,980010,0.5,0.375,4,3,381,381,0,0.0,0.0,,231.9578962410201,0.6800814154548105,3.002438888721747,0.2804562049537483,0.7195437950462518,58,0,0,11227.46687913166,11227.46687913166,3742.4889597105534,1.5,0.7404434711284318,0.29938118696052857,0.000375096546637207,62.0,24.80000000000001,0.1328122548023395,3,68:flood:semiwild,0.014156511559865415,0.05000662609840296,0.06695238433224833,0.007953527939416645,6.0015447461953124e-05,0.000817211492299693,9.10551025317257e-05,13b67c53c4ee9a43,genetics_off
S7,forward_rollout_proxy,False,980011,0.5,0.5,4,4,532,532,0,0.0,0.0,,239.52862701023471,0.6138541737086921,2.3039255362915334,0.33212275464436414,0.6678772453556359,21,0,0,11221.488963162406,11221.488963162406,2805.3722407906016,1.5,0.6699999999999999,0.34488167935502495,5.449591280653951e-05,42.75,17.100000000000005,0.149212119960548,3,61:flood:origin,0.01387522294441241,0.045785403648099174,0.1270869423395742,0.016929558691266534,8.719346049046322e-06,0.0010813111982311623,6.387233103783159e-05,13b67c53c4ee9a43,genetics_off
S7,forward_rollout_proxy,False,980012,0.625,0.5,5,4,181,181,1,0.3333333333333333,1.0,21.0,192.565971976564,0.671951770731601,1.2877936962750716,0.4637438838110123,0.5362561161889877,159,0,0,11235.482447036255,11235.482447036255,2808.8706117590636,1.5,0.5771380393827799,0.3248722376693711,0.0003835765571583093,73.75,29.50000000000002,0.14640248384171212,2,33:flood:origin|59:wildfire:reserve,0.014421096106997685,0.05907523905275624,0.05532440829858794,0.01213141660312267,6.137224914532948e-05,0.0008831650000818747,0.00015328315883764745,13b67c53c4ee9a43,genetics_off
S7,forward_rollout_proxy,False,980013,0.375,0.125,3,1,1,1,2,0.6666666666666666,1.0,15.5,108.76161539836119,0.6223496698611395,1.0,0.21833374023437505,0.781666259765625,81,0,0,11216.045442057562,11216.045442057562,11216.045442057562,1.5,0.48872260461223543,0.13457943481722107,0.0010149953804586018,67.25,26.899999999999995,0.09728587177998749,1,4:heatwave:origin|16:funding_collapse|18:wildfire:alternative|50:funding_collapse|57:heatwave:reserve|63:wildfire:semiwild,0.010764712922051018,0.06894814771748249,0.07697452145388714,0.01038713366103931,0.00016239926087337631,0.0005452102612523577,0.0004074567046601875,13b67c53c4ee9a43,genetics_off
S7,forward_rollout_proxy,False,980014,0.5,0.5,4,4,529,529,0,0.0,0.0,,252.61436260572628,0.6347715123368024,2.8316874216926555,0.257232459945115,0.742767540054885,30,0,0,11127.47154371531,11127.47154371531,2781.8678859288275,1.5,0.7383435690846886,0.35629434841480195,0.0005138292826268166,56.5,22.600000000000012,0.14571558644703275,3,24:funding_collapse|34:wildfire:semiwild|46:funding_collapse|54:funding_collapse|60:wildfire:semiwild,0.01396724007599313,0.047183164559419434,0.11611874523920196,0.006449928455120867,8.221268522029066e-05,0.0005516517845816798,7.533161222160334e-05,13b67c53c4ee9a43,genetics_off
S7,forward_rollout_proxy,False,980015,0.25,0.25,2,2,135,129,0,0.0,0.0,,139.99321719727033,0.6619987463954748,2.37745713090757,0.41211433111036666,0.5878856688896333,35,0,0,11196.50393454432,11196.50393454432,5598.25196727216,1.5,0.525545081480998,0.2068694633377112,0.0002710068373960346,25.75,10.299999999999997,0.09020191940267848,3,12:heatwave:origin|14:heatwave:alternative|70:funding_collapse|70:wildfire:semiwild|93:heatwave:reserve,0.012866235816607402,0.04635363100819439,0.07790826631100838,0.013075948704191313,4.336109398336553e-05,0.000751370975443022,0.00012056761685924066,13b67c53c4ee9a43,genetics_off
S7,forward_rollout_proxy,False,980016,0.625,0.0,5,0,0,0,0,0.0,0.0,,131.18087569264765,0.4988372073642523,0.0,,,71,0,0,11120.906460554519,11120.90646055452,11120.906460554519,1.5,0.2465139853665116,0.04297839505712461,0.0003613612838225696,49.25,19.699999999999996,0.09163498260236724,3,25:wildfire:alternative|29:flood:reserve|38:heatwave:reserve|44:wildfire:origin|56:funding_collapse|82:wildfire:reserve|89:funding_collapse|94:flood:alternative,0.008944267220558123,0.057886659142430276,0.0008202832364907594,0.0016592542800052126,5.781780541161114e-05,0.0005657776389965543,0.0005961884228993619,13b67c53c4ee9a43,genetics_off
S7,forward_rollout_proxy,False,980017,0.75,0.5,6,4,497,497,0,0.0,0.0,,233.05512140176907,0.5574747543774958,2.9398721993634513,0.28637235911763437,0.7136276408823656,27,0,0,11209.042417015868,11209.042417015866,2802.260604253967,1.5,0.6036979175254747,0.34691680244013234,0.0001310291784172562,34.25,13.699999999999998,0.16074144346975192,3,25:flood:origin|33:funding_collapse|84:wildfire:semiwild|92:wildfire:origin|96:flood:alternative,0.013137043260741763,0.042470848193110367,0.18352079513587463,0.017168655648249254,2.0964668546760992e-05,0.0009303732299411603,5.862757324372009e-05,13b67c53c4ee9a43,genetics_off
S7,forward_rollout_proxy,False,980018,0.5,0.5,4,4,739,739,0,0.0,0.0,,311.86976919668655,0.6475012762901051,2.9882911866839814,0.2710235981037476,0.7289764018962523,27,0,0,11218.29782270026,11218.29782270026,2804.574455675065,1.5,0.7402509209433723,0.3582873051140682,5.1750686215438176e-05,61.0,24.400000000000023,0.14689650576445595,3,,0.014514218341871013,0.048231687004015464,0.09394220047416717,0.01286857915678501,8.280109794470108e-06,0.0009376742384806713,7.119476479498591e-05,13b67c53c4ee9a43,genetics_off
S7,forward_rollout_proxy,False,980019,0.625,0.625,5,5,562,562,1,0.3333333333333333,1.0,23.0,276.00633333821315,0.6181744177544265,3.561953815445663,0.30133633024704853,0.6986636697529515,53,0,0,11176.38862335389,11176.38862335389,2235.2777246707783,1.5,0.49554494202257543,0.39855429618184235,0.0002877295318202196,68.25,27.300000000000036,0.160651319125641,2,10:wildfire:alternative|32:wildfire:alternative|36:heatwave:alternative|78:wildfire:semiwild|94:flood:alternative,0.013891603969972474,0.04825860104818348,0.12455144081092291,0.01267389077070955,4.603672509123514e-05,0.0009120680279591205,8.180469887711733e-05,13b67c53c4ee9a43,genetics_off
S7,forward_rollout_proxy,False,980020,0.75,0.25,6,2,15,14,0,0.0,0.0,,175.3546495299703,0.7170125005861457,1.0,0.32759823950273653,0.6724017604972634,127,0,0,11189.38286082585,11189.38286082585,5594.691430412925,1.5,0.41843088144870016,0.19309165881218582,0.00042228322029258796,85.0,34.000000000000014,0.1437428533365789,3,9:funding_collapse|48:wildfire:reserve|57:flood:origin|66:flood:semiwild|77:wildfire:alternative|78:heatwave:semiwild|80:wildfire:reserve|90:flood:origin,0.015065647512535722,0.06998090317147763,0.0034281868753307564,0.0013838484918506167,6.756531524681407e-05,0.0006739423150731994,0.0003010736717673454,13b67c53c4ee9a43,genetics_off
S7,forward_rollout_proxy,False,980021,0.625,0.5,5,4,476,476,1,0.3333333333333333,1.0,30.0,264.1292039541129,0.6299156860402525,2.8481974610619885,0.3341235851111174,0.6658764148888826,26,0,0,11153.312190157978,11153.31219015798,2788.3280475394945,1.5,0.6252140623319028,0.3455355725849354,0.0003049979853925069,54.0,21.60000000000001,0.14766095870562598,2,39:funding_collapse|58:flood:alternative|68:funding_collapse|93:heatwave:origin,0.014000095736013655,0.04806239557875665,0.11259593769160313,0.01397753370684306,4.87996776628011e-05,0.000985241920850522,6.73979598466714e-05,13b67c53c4ee9a43,genetics_off
S7,forward_rollout_proxy,False,980022,0.625,0.375,5,3,472,472,1,0.3333333333333333,1.0,25.0,218.9249954035648,0.5696245910319637,3.4384570205952083,0.21366040448161863,0.7863395955183814,22,0,0,11181.635068584004,11181.635068584004,3727.2116895280014,1.5,0.6699999999999999,0.29898498912672583,0.0001557447189565296,32.0,12.799999999999997,0.14425209460386862,2,14:wildfire:origin|17:funding_collapse|50:funding_collapse|71:heatwave:semiwild,0.013015041552101834,0.04345521090108585,0.1767729906081533,0.010101618348825335,2.4919155033044734e-05,0.0005870796398860216,7.488985157637523e-05,13b67c53c4ee9a43,genetics_off
S7,forward_rollout_proxy,False,980023,0.375,0.125,3,1,139,139,0,0.0,0.0,,146.90365588578533,0.7345492468640262,2.857713356012424,0.318783578185244,0.6812164218147561,64,0,0,11216.085203560253,11216.085203560253,11216.085203560253,1.5,0.6042433815444879,0.16425113087350193,0.00012983931197023082,53.0,21.200000000000003,0.09499829579464447,3,8:heatwave:semiwild|34:heatwave:reserve|40:flood:origin|42:flood:origin|82:heatwave:semiwild,0.016341117890427102,0.054107415197153265,0.0006306669127650723,0.002269310846297228,2.077428991523693e-05,0.0009572734342917008,0.00019798341542789685,13b67c53c4ee9a43,genetics_off
S7,forward_rollout_proxy,False,980024,0.75,0.5,6,4,509,509,0,0.0,0.0,,225.71123045225897,0.5785909672157246,3.6169614219310127,0.3097026468998598,0.6902973531001402,27,0,0,11233.820368553628,11233.820368553628,2808.455092138407,1.5,0.5797153186112315,0.35277391649991585,0.00021461125643566662,43.5,17.400000000000006,0.1681638520974129,3,23:wildfire:origin|46:heatwave:semiwild|49:heatwave:alternative|64:flood:origin|86:wildfire:semiwild|100:flood:origin,0.013222656527519368,0.04366839149201665,0.15926845341576668,0.018978824808679528,3.433780102970666e-05,0.0009076917394759282,7.794908287982495e-05,13b67c53c4ee9a43,genetics_off
S7,forward_rollout_proxy,False,980025,0.125,0.125,1,1,130,130,1,0.3333333333333333,1.0,30.0,116.7141698634829,0.7312946351739004,1.988235294117647,0.43952961027894455,0.5604703897210555,33,0,0,11194.351142681095,11194.351142681095,11194.351142681095,1.5,0.5866376896189419,0.15065744566914485,0.0004412511860460421,28.0,11.199999999999994,0.07930661883037085,2,9:wildfire:reserve|20:wildfire:semiwild|22:heatwave:origin|25:flood:origin|41:heatwave:semiwild|53:heatwave:origin,0.01657665161408802,0.05418383155216635,0.0004210998304015067,0.0005476959585396907,7.060018976736675e-05,0.0008029565280888915,0.00020195385758132675,13b67c53c4ee9a43,genetics_off
S7,forward_rollout_proxy,False,980026,0.5,0.375,4,3,471,471,0,0.0,0.0,,215.22922638288418,0.5957694915011263,3.4219701432701872,0.2473631110737482,0.7526368889262518,30,0,0,11231.386724425249,11231.38672442525,3743.7955748084164,1.5,0.493271169385278,0.28017980300963574,0.00010648495457197633,39.0,15.59999999999999,0.1394149231920302,3,14:heatwave:origin|47:flood:alternative|69:flood:alternative|97:flood:origin,0.013208626277449429,0.04389367734826334,0.150577473371686,0.010515312680351883,1.7037592731516213e-05,0.000659470875732647,9.13822707344351e-05,13b67c53c4ee9a43,genetics_off
S7,forward_rollout_proxy,False,980027,0.625,0.625,5,5,713,713,1,0.3333333333333333,1.0,24.0,272.6322212361344,0.5588928414271446,2.9216261440696987,0.21863720954990576,0.7813627904500943,49,0,0,11191.746603551455,11191.746603551455,2238.349320710291,1.5,0.6699999999999999,0.4110937235926954,0.0006087075758971972,49.5,19.799999999999997,0.16813731075999194,2,39:funding_collapse|41:wildfire:origin|54:wildfire:origin,0.013762422179149114,0.048395283608495605,0.18074427735468185,0.015349764176718551,9.739321214355155e-05,0.0009731337420180076,6.319460211833607e-05,13b67c53c4ee9a43,genetics_off
S7,forward_rollout_proxy,False,980028,0.5,0.25,4,2,120,120,1,0.3333333333333333,1.0,12.0,167.18649182797373,0.7381801360043364,2.4395963345493894,0.3663001566135331,0.6336998433864669,54,0,0,11129.71582776441,11129.71582776441,5564.857913882205,1.5,0.5892740621433727,0.21833521999248634,0.00024241399451900222,43.75,17.5,0.11255925216327577,2,18:heatwave:semiwild|22:wildfire:reserve|34:heatwave:origin|78:funding_collapse|79:funding_collapse,0.016948316861735258,0.05484000949433582,0.00014432645900455833,0.0005354335861507718,3.878623912304035e-05,0.0012281310715639379,0.00016349803964560392,13b67c53c4ee9a43,genetics_off
S7,forward_rollout_proxy,False,980029,0.625,0.625,5,5,380,380,1,0.3333333333333333,1.0,25.0,244.3950279327971,0.6127641198579635,2.6822196266254252,0.29221448390225746,0.7077855160977425,50,0,0,11181.28190425363,11181.28190425363,2236.256380850726,1.5,0.6089474935098614,0.4023727121638795,2.777777777777778e-05,62.5,25.000000000000018,0.16702883273319533,2,11:flood:alternative|58:heatwave:semiwild|80:heatwave:reserve,0.013870728847012868,0.05172745324482563,0.11794503507684521,0.02102189638109201,4.444444444444445e-06,0.0011816563758196912,7.529969146001339e-05,13b67c53c4ee9a43,genetics_off
S7,forward_rollout_proxy,False,980030,0.625,0.5,5,4,655,655,0,0.0,0.0,,251.93680454489564,0.5923583683997901,4.033211030174056,0.19883448343267446,0.8011655165673255,36,0,0,11126.327424560623,11126.327424560623,2781.5818561401557,1.5,0.6620214040561133,0.3620086430098559,5.494505494505495e-05,53.5,21.40000000000001,0.15237196151252003,3,2:flood:alternative|64:flood:semiwild|75:funding_collapse,0.013987666776681885,0.04801961522018156,0.14209897074393735,0.02164795892123799,8.791208791208792e-06,0.0012245514626088388,6.489905303177879e-05,13b67c53c4ee9a43,genetics_off
S7,forward_rollout_proxy,False,980031,0.625,0.5,5,4,492,492,1,0.3333333333333333,1.0,11.0,246.48883320992667,0.6116259206063013,2.5413330764286712,0.35772938432202034,0.6422706156779796,18,0,0,11093.34539896233,11093.34539896233,2773.3363497405826,1.5,0.5808711216547621,0.33998313812911707,0.00032588290038678894,48.75,19.500000000000004,0.1574134759967705,2,17:flood:semiwild|41:flood:alternative|43:funding_collapse|54:heatwave:origin|73:funding_collapse|74:funding_collapse|77:wildfire:semiwild|94:flood:semiwild|99:funding_collapse,0.013705850633784744,0.044643719234167184,0.13175502588816315,0.01508798741710792,5.214126406188622e-05,0.0008920494583596026,6.505381984675078e-05,13b67c53c4ee9a43,genetics_off
S7,forward_rollout_proxy,False,980032,0.5,0.25,4,2,124,124,1,0.3333333333333333,1.0,43.0,160.8614264748195,0.6718555739589861,2.231336984825357,0.3696717150651916,0.6303282849348084,131,0,0,11204.455767070318,11204.455767070318,5602.227883535159,1.5,0.5852475674410607,0.2179599296856938,0.0003370196656773128,58.0,23.20000000000001,0.1231090154666708,2,23:wildfire:origin|44:flood:origin|68:flood:reserve|77:flood:semiwild|85:funding_collapse,0.014042467404616813,0.054814767629525064,0.06442570779604635,0.007006509547743025,5.392314650837006e-05,0.0005894869229881173,0.00014557310621626026,13b67c53c4ee9a43,genetics_off
S7,forward_rollout_proxy,False,980033,0.5,0.375,4,3,333,333,0,0.0,0.0,,201.4270985133531,0.7457652724866535,3.1983040277345314,0.3179983375373136,0.6820016624626863,20,0,0,11115.421466257634,11115.421466257634,3705.1404887525446,1.5,0.547052065944737,0.28137147225383946,0.00016872514643073765,36.75,14.699999999999996,0.12966612691010215,3,2:flood:reserve|62:funding_collapse|93:wildfire:reserve,0.01668905059706062,0.05526768716670247,1.2234624074696351e-05,6.358070737356178e-05,2.6996023428918023e-05,0.0007685475111344653,0.00010609137072626362,13b67c53c4ee9a43,genetics_off
S7,forward_rollout_proxy,False,980034,0.5,0.25,4,2,304,304,1,0.3333333333333333,1.0,38.0,205.61173033785207,0.7431825105502955,3.2759210689421563,0.22716115501418374,0.7728388449858162,52,0,0,11088.376359952841,11088.376359952841,5544.1881799764205,1.5,0.6533249067994018,0.23138410929890602,0.0003488016288539848,53.5,21.40000000000001,0.10396203964772134,2,2:heatwave:reserve|40:funding_collapse|62:funding_collapse|88:wildfire:semiwild,0.016451478950362045,0.05781624230040355,0.0004962301819734331,0.0006774798986963735,5.580826061663758e-05,0.0007187622742514522,0.00013587332516304753,13b67c53c4ee9a43,genetics_off
S7,forward_rollout_proxy,False,980035,0.5,0.25,4,2,311,311,3,1.0,1.0,22.333333333333332,148.39427842112195,0.6666698217893674,2.942405375323073,0.26723814596753503,0.732761854032465,146,0,0,11162.18835701937,11162.18835701937,5581.094178509685,1.5,0.6142906537069209,0.22465398758946262,0.00030466276275963906,70.0,28.00000000000003,0.106504342327699,0,9:flood:origin|10:funding_collapse|30:flood:semiwild|34:wildfire:reserve|71:wildfire:origin|75:funding_collapse|97:funding_collapse,0.013515166158450782,0.06363249427880409,0.0538086524700313,0.01121326748805642,4.874604204154225e-05,0.0006730379213159908,0.0001766938696577285,13b67c53c4ee9a43,genetics_off
S7,forward_rollout_proxy,False,980036,0.5,0.0,4,0,0,0,0,0.0,0.0,,153.5769822820101,0.6974506855857969,0.0,,,118,0,0,11132.468679708887,11132.468679708887,11132.468679708887,1.5,0.5521375498586413,0.07869420010516791,0.00023151434987363635,68.0,27.200000000000014,0.11740222559651886,3,9:heatwave:alternative|10:funding_collapse|18:heatwave:alternative|37:wildfire:reserve,0.01223406222615222,0.07528768466717187,0.0018779670548182868,0.003697383483882845,3.7042295979781823e-05,0.0009179380869451888,0.0008743961192814295,13b67c53c4ee9a43,genetics_off
S7,forward_rollout_proxy,False,980037,0.5,0.125,4,1,21,21,0,0.0,0.0,,165.83410486655362,0.7289547983791382,1.4459016393442623,0.3550628178203035,0.6449371821796965,90,0,0,11151.925133448281,11151.925133448283,11151.925133448281,1.5,0.5358009634611457,0.14723204884695765,0.0005934744933734503,65.0,26.00000000000001,0.11471468053700219,3,47:heatwave:reserve|49:heatwave:alternative|72:flood:origin|74:funding_collapse|86:flood:reserve|99:funding_collapse,0.015314526732459944,0.06886901016406773,0.0025756511088553037,0.0023548517892756416,9.495591893975204e-05,0.0008033160427522159,0.00025615975339430175,13b67c53c4ee9a43,genetics_off
S7,forward_rollout_proxy,False,980038,0.5,0.5,4,4,430,430,0,0.0,0.0,,205.86753583044086,0.5567815551829642,2.7019637381138963,0.36955600198369387,0.6304439980163061,42,0,0,11245.805182734583,11245.805182734584,2811.4512956836456,1.5,0.6769294525892349,0.3482116351624069,0.00045521739846329096,41.5,16.599999999999994,0.14249526261172216,3,3:heatwave:origin|95:funding_collapse,0.01266216254658484,0.041862002992489655,0.18863742608450138,0.01164744810144698,7.283478375412655e-05,0.0005975009333785891,9.421209103776389e-05,13b67c53c4ee9a43,genetics_off
S7,forward_rollout_proxy,False,980039,0.625,0.625,5,5,710,710,2,0.6666666666666666,1.0,28.0,285.48784904413964,0.6079508391070576,2.822534527992971,0.29914135496029715,0.7008586450397029,61,0,0,11202.132923985877,11202.132923985879,2240.4265847971756,1.5,0.5887425690591355,0.4007756790528916,0.00025312939643076863,63.25,25.30000000000002,0.1621303843352418,1,34:heatwave:semiwild|55:heatwave:semiwild|63:funding_collapse|66:flood:semiwild|90:flood:alternative|98:wildfire:semiwild|100:heatwave:origin,0.01392048316052733,0.048488166051753524,0.13418538868515084,0.012132975129232837,4.050070342892298e-05,0.0008550701778087341,6.769712232067323e-05,13b67c53c4ee9a43,genetics_off
S7,forward_rollout_proxy,False,980040,0.0,0.0,0,0,0,0,0,0.0,0.0,,70.25866109960901,0.3323833193244251,0.0,,,44,0,0,11166.01229677945,11166.012296779452,11166.01229677945,1.5,0.6169112535125413,0.07308590858989854,0.00010286482074893832,31.0,12.4,0.056973916193222035,3,16:wildfire:reserve|21:wildfire:origin|48:heatwave:semiwild|62:heatwave:origin|86:flood:origin|96:funding_collapse,0.0071946714645011334,0.03811021089826956,0.00016582329776219907,0.003185449122061243,1.6458371319830133e-05,0.0011974323475459044,0.00047266774529442103,13b67c53c4ee9a43,genetics_off
S7,forward_rollout_proxy,False,980041,0.25,0.25,2,2,296,296,1,0.3333333333333333,1.0,11.0,162.20088854271316,0.6386968092301284,3.34231645212619,0.28822682233653524,0.7117731776634648,23,0,0,11155.405904194487,11155.40590419449,5577.702952097244,1.5,0.6055983908921986,0.22490850293693257,0.00047667561111757774,30.25,12.099999999999996,0.092127496632254,2,9:funding_collapse|9:flood:origin|23:heatwave:origin|37:funding_collapse|46:funding_collapse|46:wildfire:alternative|59:flood:semiwild,0.012824309836035119,0.04481991863081072,0.10698596383519737,0.009176564711199627,7.626809777881244e-05,0.0005126920614572636,8.789413212812441e-05,13b67c53c4ee9a43,genetics_off
S7,forward_rollout_proxy,False,980042,0.5,0.125,4,1,101,101,0,0.0,0.0,,166.10025797237356,0.7405530373368319,1.9904390243902437,0.4381268299101751,0.561873170089825,32,0,0,11110.477475277203,11110.477475277205,11110.477475277203,1.5,0.5668090409379557,0.15829583982839324,0.00018016194331983807,40.25,16.099999999999998,0.12730272745347604,3,4:flood:reserve|62:flood:semiwild|69:heatwave:origin|79:funding_collapse,0.0164100183119856,0.05945023044252377,0.00011125175478191649,0.00039282325197928535,2.8825910931174092e-05,0.0009959550439395525,0.00021507665093758617,13b67c53c4ee9a43,genetics_off
S7,forward_rollout_proxy,False,980043,0.5,0.5,4,4,365,365,2,0.6666666666666666,1.0,16.5,232.46377682782645,0.6249792624259091,3.0265555555701322,0.25250133596030044,0.7474986640396996,33,0,0,11177.542581746384,11177.542581746386,2794.385645436596,1.5,0.6002364915670598,0.3424591540726535,0.00012878086642079177,49.0,19.600000000000012,0.1358497468012307,1,3:wildfire:semiwild|9:heatwave:semiwild|24:heatwave:alternative|49:funding_collapse|58:wildfire:reserve|62:wildfire:origin|65:wildfire:semiwild|71:heatwave:semiwild,0.01379564457829803,0.058142693585956445,0.09833731671884999,0.021647924491436425,2.060493862732669e-05,0.0012112064157481786,6.383622944095159e-05,13b67c53c4ee9a43,genetics_off
S7,forward_rollout_proxy,False,980044,0.5,0.25,4,2,136,136,0,0.0,0.0,,201.57429361945734,0.7401588715061918,1.516492357200322,0.35709135412495885,0.6429086458750412,88,0,0,11196.94478565961,11196.944785659613,5598.472392829805,1.5,0.5609533799907594,0.2105371844291981,0.0006077293860293011,56.0,22.400000000000006,0.13388461429059467,3,4:heatwave:semiwild|36:funding_collapse|40:wildfire:reserve|87:heatwave:semiwild|91:flood:semiwild|93:flood:reserve,0.016237652230849286,0.06020618564122754,0.0013578300816999437,0.0007245703877713824,9.723670176468819e-05,0.0006387958982680265,0.0001508358309119162,13b67c53c4ee9a43,genetics_off
S7,forward_rollout_proxy,False,980045,0.5,0.25,4,2,207,207,1,0.3333333333333333,1.0,11.0,191.01907245976054,0.7413284005719427,2.204413546651332,0.29231451195574976,0.7076854880442502,36,0,0,11151.83757150313,11151.83757150313,5575.918785751565,1.5,0.5720827683737693,0.2167071125935505,0.00019028447161161395,40.0,15.999999999999991,0.1247735014483011,2,5:wildfire:reserve|89:wildfire:origin,0.016385436668463066,0.06135690746277625,0.00016003205164344148,0.0004837811289786827,3.044551545785823e-05,0.0007248643560379146,0.00015533366725271097,13b67c53c4ee9a43,genetics_off
S7,forward_rollout_proxy,False,980046,0.375,0.25,3,2,48,35,1,0.3333333333333333,1.0,26.0,149.46112385297832,0.7360621077314847,1.8108331204182306,0.34754535395573116,0.6524546460442688,19,0,0,11107.499953772021,11107.499953772023,5553.749976886011,1.5,0.40625786032890243,0.18851454398035106,0.0002868821999256782,44.0,17.599999999999998,0.08640213371639255,2,2:wildfire:reserve|17:heatwave:semiwild|32:funding_collapse|59:heatwave:reserve|87:heatwave:alternative|98:heatwave:alternative,0.016388450132666127,0.06340143113320189,0.00011167993711490618,0.00027403919944947187,4.590115198810852e-05,0.0008354783112081556,0.00017674508944883619,13b67c53c4ee9a43,genetics_off
S7,forward_rollout_proxy,False,980047,0.5,0.5,4,4,517,517,2,0.6666666666666666,1.0,19.0,230.5403510622327,0.6421970402972932,1.949060664417259,0.46123183582897304,0.5387681641710269,23,0,0,11225.017758076061,11225.017758076061,2806.2544395190152,1.5,0.6699999999999999,0.3392999105923066,2.5773195876288658e-05,42.75,17.099999999999998,0.13904651974066978,1,30:wildfire:semiwild|68:flood:origin|72:flood:semiwild|81:flood:origin,0.0141715034515495,0.04442050230360029,0.09540548896070351,0.020315062610783717,4.123711340206186e-06,0.0012367946026308745,7.302819820262375e-05,13b67c53c4ee9a43,genetics_off
S4,state_dependent_rule,False,980000,0.5,0.375,4,3,371,340,1,0.3333333333333333,1.0,32.0,195.41114965112854,0.5672776552626874,3.687927588385214,0.000553593228241858,0.9994464067717581,173,0,0,11119.103907597786,11119.103907597786,3706.367969199262,1.5,0.5415110098272492,0.2832544450380489,0.002990061652206412,103.75,41.500000000000014,0.11737034085735906,2,16:funding_collapse|18:wildfire:origin|19:funding_collapse|27:wildfire:origin|72:funding_collapse|97:funding_collapse,0.012601608717531585,0.06815084592563556,0.13250106063563416,0.02724700801060682,0.0004784098643530262,0.0012063312056246665,0.00015204323812037992,e191376fdac6262f,disease_on
S4,state_dependent_rule,False,980001,0.5,0.375,4,3,397,365,1,0.3333333333333333,1.0,28.0,222.1632624055549,0.6251477198970878,3.8341747917838997,0.00040324776500189844,0.9995967522349981,273,0,0,11205.938394895982,11205.93839489598,3735.3127982986607,1.5,0.5438034402919217,0.2854247885306559,0.004164744227407931,161.25,64.49999999999994,0.11976348291812343,2,90:funding_collapse,0.012877095275236883,0.06954981660726937,0.078215341318443,0.020305074432891125,0.0006663590763852693,0.0010909829256608254,0.00021371619727357147,e191376fdac6262f,disease_on
S4,state_dependent_rule,False,980002,0.375,0.25,3,2,576,318,0,0.0,0.0,,195.51632311730398,0.6357955264742349,3.7340817986230546,0.004220340026399995,0.9957796599736,202,0,0,11105.377181489046,11105.377181489046,5552.688590744523,1.5,0.4609329814103223,0.21463309040248996,0.005448721468255583,162.75,65.09999999999995,0.0934948713761358,3,10:funding_collapse|30:heatwave:reserve|92:funding_collapse|95:funding_collapse|97:wildfire:semiwild,0.009697641522964037,0.07285613066387149,0.037059480985054814,0.007200886560967314,0.0008717954349208932,0.0008164177041237456,0.00029801379425011665,e191376fdac6262f,disease_on
S4,state_dependent_rule,False,980003,0.5,0.375,4,3,310,123,1,0.3333333333333333,1.0,31.0,168.86999694600883,0.6010800268805173,3.2267166358259485,0.008797819377945076,0.9912021806220549,145,0,0,11201.433630471409,11201.433630471409,3733.8112101571364,1.5,0.3186229622663587,0.25485996782454756,0.00746261496787554,148.0,59.199999999999946,0.10990252619826095,2,27:funding_collapse|41:wildfire:reserve|66:heatwave:reserve|89:wildfire:origin,0.008213835022707072,0.07544686460185783,0.0639949895508999,0.007958148509693806,0.0011940183948600865,0.0006790110997195371,0.0003019431037798933,e191376fdac6262f,disease_on
S4,state_dependent_rule,False,980004,0.375,0.25,3,2,241,0,1,0.3333333333333333,1.0,19.0,132.22927272399883,0.5969690898384782,3.1034888264655356,0.006304625345128788,0.9936953746548712,114,0,0,11082.644840496116,11082.644840496116,5541.322420248058,1.5,0.25182507595876674,0.1846746253437425,0.008348044484959344,150.25,60.09999999999996,0.07978614741605228,2,2:funding_collapse|14:funding_collapse|19:flood:reserve|20:funding_collapse|30:flood:origin|50:wildfire:origin|66:funding_collapse|77:flood:reserve|78:wildfire:alternative,0.0063319058237463624,0.07707632773461606,0.041931665413082735,0.010245301042005947,0.0013356871175934952,0.0007954783473827613,0.0004319975155018162,e191376fdac6262f,disease_on
S4,state_dependent_rule,False,980005,0.75,0.375,6,3,121,63,0,0.0,0.0,,216.07680337351678,0.638476031842178,3.348713479693872,0.003973073365211852,0.9960269266347882,225,0,0,11088.994079750793,11088.994079750792,3696.331359916931,1.5,0.13803151800697477,0.24363274919787103,0.004421813621809742,155.75,62.29999999999998,0.13796231300117417,3,4:flood:alternative|9:funding_collapse|51:heatwave:alternative|60:funding_collapse|91:heatwave:semiwild|95:flood:reserve|98:heatwave:reserve|100:funding_collapse,0.012944854641723959,0.07489303412097602,0.07450862723504732,0.008101470381657632,0.0007074901794895584,0.0006971711742006784,0.0002264557598059687,e191376fdac6262f,disease_on
S4,state_dependent_rule,False,980006,0.625,0.375,5,3,384,195,1,0.3333333333333333,1.0,15.0,194.09516009036378,0.6546980359327604,2.7130331570686113,0.03177635244155811,0.9682236475584419,210,0,0,11176.96067504296,11176.960675042958,3725.653558347653,1.5,0.4546904170044989,0.26591268985910715,0.005379914067659742,179.75,71.89999999999999,0.1228165829398556,2,21:wildfire:semiwild|35:funding_collapse|53:flood:reserve|78:funding_collapse,0.012092056692689661,0.07851092452676874,0.035191195598325974,0.009273992756899822,0.0008607862508255594,0.000891141434618227,0.00032551044599529467,e191376fdac6262f,disease_on
S4,state_dependent_rule,False,980007,0.5,0.375,4,3,251,0,1,0.3333333333333333,1.0,25.0,154.5361877474803,0.5873189785403559,3.7043675619172167,0.0005076290027536614,0.9994923709972463,99,0,0,11096.097339342074,11096.097339342072,3698.6991131140244,1.5,0.1665559510571162,0.2421169046395637,0.0073800585575554654,163.0,65.19999999999996,0.09833816957339947,2,6:flood:reserve|14:wildfire:alternative|15:wildfire:alternative|55:flood:semiwild|56:funding_collapse|98:heatwave:reserve|99:heatwave:semiwild,0.007201511861383779,0.07728982761715676,0.06907201230774178,0.006866946911931352,0.0011808093692088745,0.0007596339289008446,0.0003483140311014208,e191376fdac6262f,disease_on
S4,state_dependent_rule,False,980008,0.375,0.125,3,1,244,150,2,0.6666666666666666,1.0,19.0,117.34492013197024,0.6383422324956702,4.581806987840542,0.00339826320896988,0.9966017367910301,179,0,0,11266.387895217189,11266.387895217189,11266.387895217189,1.5,0.39391767775868547,0.15697644524941506,0.009953583839932232,131.0,52.39999999999995,0.07758303797570554,1,12:wildfire:origin|34:wildfire:reserve|81:heatwave:origin|92:flood:reserve,0.010107263695350628,0.07299903539171851,0.03399683454814187,0.011732809865927849,0.0015925734143891579,0.000852543357383297,0.0004585558598533732,e191376fdac6262f,disease_on
S4,state_dependent_rule,False,980009,0.625,0.5,5,4,574,395,1,0.3333333333333333,1.0,27.0,268.29754190946164,0.5906547866214732,4.378580566931661,0.004473372050011606,0.9955266279499884,242,0,0,11177.641127701376,11177.641127701376,2794.410281925344,1.5,0.32708557045251613,0.32759173065841074,0.004043737553702434,173.0,69.19999999999999,0.13048683971921235,2,1:heatwave:alternative|81:heatwave:alternative,0.011776620928627388,0.06989095969597936,0.1050551205500085,0.019803287080026696,0.0006469980085923895,0.0010893105972219835,0.000180165567937951,e191376fdac6262f,disease_on
S4,state_dependent_rule,False,980010,0.375,0.375,3,3,551,395,0,0.0,0.0,,220.6916584500924,0.6345738400764818,3.7931420601136927,0.003073902436314032,0.996926097563686,299,0,0,11225.228379973276,11225.228379973276,3741.7427933244253,1.5,0.5443126958979622,0.28394004130864026,0.004930657039633888,168.0,67.19999999999996,0.11413675558853573,3,68:flood:semiwild,0.012299052247552369,0.0676986368920507,0.0706380789041683,0.015074275727834404,0.000788905126341422,0.0009680824938557193,0.00024067088383554445,e191376fdac6262f,disease_on
S4,state_dependent_rule,False,980011,0.625,0.5,5,4,593,457,0,0.0,0.0,,239.6302898320047,0.6067004950476625,3.674652841289362,0.016779912236055527,0.9832200877639444,265,0,0,11234.512315581545,11234.512315581545,2808.6280788953864,1.5,0.5445577917980206,0.34379279687514624,0.004342074587210365,147.5,58.99999999999997,0.13795244641225268,3,61:flood:origin,0.012656934920900817,0.06934748115378304,0.1016467022483415,0.015175330744626443,0.0006947319339536586,0.0009112063486346198,0.0001867133941033503,e191376fdac6262f,disease_on
S4,state_dependent_rule,False,980012,0.5,0.25,4,2,496,271,1,0.3333333333333333,1.0,18.0,170.812478652881,0.6236746577585418,3.655131209436171,0.0008520858527572383,0.9991479141472428,243,0,0,11229.173901583488,11229.173901583488,5614.586950791744,1.5,0.43617294185963323,0.21219434661707143,0.006105518443531346,148.0,59.19999999999996,0.097628701683732,2,33:flood:origin|59:wildfire:reserve,0.01098191823539888,0.07514233733850953,0.05764107348218211,0.015297727814593905,0.0009768829509650156,0.000965138512241288,0.0003149905772013838,e191376fdac6262f,disease_on
S4,state_dependent_rule,False,980013,0.5,0.25,4,2,189,0,3,1.0,1.0,14.666666666666666,105.93414921248198,0.5936159306428341,3.3565387872117447,0.002684826212347776,0.9973151737876522,89,0,0,11211.76394795357,11211.76394795357,5605.881973976785,1.5,0.31363926427179195,0.19450823283981813,0.012732450846328227,144.0,57.59999999999996,0.08539459270260742,0,4:heatwave:origin|16:funding_collapse|18:wildfire:alternative|50:funding_collapse|57:heatwave:reserve|63:wildfire:semiwild,0.007909552080428716,0.07611561732528466,0.06682653611019884,0.01367458519133482,0.002037192135412517,0.0007050849019293842,0.0004746024812182676,e191376fdac6262f,disease_on
S4,state_dependent_rule,False,980014,0.625,0.5,5,4,679,602,0,0.0,0.0,,246.86020318268038,0.5941360361459691,3.79719389626659,0.003470666082647568,0.9965293339173524,247,0,0,11142.95280712941,11142.952807129408,2785.7382017823525,1.5,0.5421406207748838,0.3434155617318123,0.004398604538872148,168.75,67.49999999999999,0.13114780345829027,3,24:funding_collapse|34:wildfire:semiwild|46:funding_collapse|54:funding_collapse|60:wildfire:semiwild,0.012429121066608803,0.06760149819544183,0.11266667013448915,0.01643114170958968,0.0007037767262195438,0.0008354409061187975,0.0002033855825336945,e191376fdac6262f,disease_on
S4,state_dependent_rule,False,980015,0.25,0.25,2,2,264,48,3,1.0,1.0,20.333333333333332,183.59201681653795,0.6019705205327046,3.7544998648446923,0.007774578960029442,0.9922254210399706,213,0,0,11228.816537354045,11228.816537354043,5614.4082686770225,1.5,0.3596050585841368,0.20019089481574878,0.004662980959183495,129.25,51.69999999999995,0.07092695154444094,0,12:heatwave:origin|14:heatwave:alternative|70:funding_collapse|70:wildfire:semiwild|93:heatwave:reserve,0.009877959422161032,0.07098609536254863,0.08751733839214883,0.011400732597642061,0.0007460769534693588,0.0006156558250014571,0.00024653773817383896,e191376fdac6262f,disease_on
S4,state_dependent_rule,False,980016,0.5,0.25,4,2,278,0,0,0.0,0.0,,158.7875870307164,0.6005330174792839,3.5751640102840967,0.0006169328499509943,0.999383067150049,89,0,0,11164.553555722674,11164.553555722672,5582.276777861337,1.5,0.10788051789387602,0.17772256078721788,0.007627727927562346,183.5,73.39999999999996,0.09341434447494643,3,25:wildfire:alternative|29:flood:reserve|38:heatwave:reserve|44:wildfire:origin|56:funding_collapse|82:wildfire:reserve|89:funding_collapse|94:flood:alternative,0.006744641376084103,0.08000071869664396,0.047002080982179464,0.006503736203287721,0.0012204364684099754,0.0006793285102619228,0.0004424651135146052,e191376fdac6262f,disease_on
S4,state_dependent_rule,False,980017,0.5,0.5,4,4,425,420,0,0.0,0.0,,207.80073551709935,0.5788424104508124,3.773762434819947,0.003885487578008491,0.9961145124219916,159,0,0,11215.879435249646,11215.879435249644,2803.9698588124115,1.5,0.4643546346160665,0.33246912937547385,0.002630321984165516,103.5,41.400000000000006,0.11648020782833873,3,25:flood:origin|33:funding_collapse|84:wildfire:semiwild|92:wildfire:origin|96:flood:alternative,0.012938945864712037,0.06692602494118115,0.1295785271990753,0.022306037651690237,0.0004208515174664825,0.0011359189770954092,0.0001425493455686376,e191376fdac6262f,disease_on
S4,state_dependent_rule,False,980018,0.5,0.5,4,4,537,517,0,0.0,0.0,,237.04711595658827,0.6284215084522371,3.6674089897982083,0.002321747773157216,0.9976782522268428,233,0,0,11212.97777193418,11212.97777193418,2803.244442983545,1.5,0.5439892798457299,0.33972348785716544,0.0033309305569196963,157.25,62.89999999999997,0.11825234987305162,3,,0.01321732877544353,0.07158472788584343,0.0846999373497384,0.011471098268183787,0.0005329488891071515,0.0008766055207381669,0.0002175693877917069,e191376fdac6262f,disease_on
S4,state_dependent_rule,False,980019,0.5,0.5,4,4,546,475,2,0.6666666666666666,1.0,23.5,247.3544934608451,0.5740159309688537,4.591151871004719,0.0021134393905324553,0.9978865606094676,184,0,0,11180.07589354362,11180.07589354362,2795.018973385905,1.5,0.2906444169596764,0.3240329478389762,0.004566653202984296,162.5,64.99999999999996,0.12028493716480661,1,10:wildfire:alternative|32:wildfire:alternative|36:heatwave:alternative|78:wildfire:semiwild|94:flood:alternative,0.012892624265333903,0.06864621913050929,0.13413574421897245,0.01847554771952831,0.000730664512477487,0.0010539430819298296,0.00018272755559807033,e191376fdac6262f,disease_on
S4,state_dependent_rule,False,980020,0.5,0.25,4,2,197,0,1,0.3333333333333333,1.0,18.0,156.52985635819704,0.6302571096942312,2.7632285067766422,0.0063065454545454536,0.9936934545454545,120,0,0,11191.409464099725,11191.409464099723,5595.704732049862,1.5,0.24393001114624777,0.181434142960726,0.009773049285031244,149.5,59.799999999999955,0.08454428389167397,2,9:funding_collapse|48:wildfire:reserve|57:flood:origin|66:flood:semiwild|77:wildfire:alternative|78:heatwave:semiwild|80:wildfire:reserve|90:flood:origin,0.008595401330628413,0.07702955773656162,0.03440536516743016,0.008037701884998898,0.0015636878856049982,0.000763694937018724,0.0003848706242081917,e191376fdac6262f,disease_on
S4,state_dependent_rule,False,980021,0.625,0.5,5,4,393,355,1,0.3333333333333333,1.0,27.0,205.2642331592981,0.6267029490503268,3.1424563511382475,0.002633853556558325,0.9973661464434417,212,0,0,11152.519186546415,11152.519186546415,2788.1297966366037,1.5,0.46461817341803985,0.3282189820010092,0.006058427771064321,142.5,56.99999999999998,0.12666300573911357,2,39:funding_collapse|58:flood:alternative|68:funding_collapse|93:heatwave:origin,0.012930516395510594,0.07082516620461013,0.07929012388092606,0.016903843624426092,0.0009693484433702918,0.0010720177693115005,0.00023345090236698597,e191376fdac6262f,disease_on
S4,state_dependent_rule,False,980022,0.5,0.375,4,3,490,437,1,0.3333333333333333,1.0,17.0,201.19276260264425,0.5814135312389941,3.4298400645968528,0.0008193358637049704,0.999180664136295,169,0,0,11197.106954433308,11197.106954433308,3732.3689848111026,1.5,0.5435702902637071,0.279572325571128,0.0048317339672264556,125.25,50.09999999999997,0.11083447949394375,2,14:wildfire:origin|17:funding_collapse|50:funding_collapse|71:heatwave:semiwild,0.012393625991593599,0.06757199889718618,0.13428071714145567,0.010012485781148663,0.0007730774347562326,0.0005686535986634821,0.00018815256737332375,e191376fdac6262f,disease_on
S4,state_dependent_rule,False,980023,0.375,0.25,3,2,338,152,0,0.0,0.0,,132.77766645922122,0.6206617974018034,3.560354939946274,0.010833741546186208,0.9891662584538138,177,0,0,11219.569182443092,11219.56918244309,5609.784591221546,1.5,0.46348863684250247,0.2129788481459652,0.00996855665389933,158.5,63.399999999999956,0.09263217531126111,3,8:heatwave:semiwild|34:heatwave:reserve|40:flood:origin|42:flood:origin|82:heatwave:semiwild,0.007376928908995052,0.07725633287207763,0.035256916475735964,0.006062059140451248,0.0015949690646238932,0.0005477084313812026,0.0005374302649670578,e191376fdac6262f,disease_on
S4,state_dependent_rule,False,980024,0.5,0.375,4,3,422,384,1,0.3333333333333333,1.0,10.0,213.61500192328018,0.5964707906170621,4.186278174825961,0.0019159584294068503,0.9980840415705932,247,0,0,11252.823051942929,11252.823051942927,3750.9410173143096,1.5,0.42031159551784825,0.2755632622810699,0.004408281929034754,144.25,57.69999999999998,0.11459660490512745,2,23:wildfire:origin|46:heatwave:semiwild|49:heatwave:alternative|64:flood:origin|86:wildfire:semiwild|100:flood:origin,0.012267971484303298,0.06831069291766013,0.11837425568788838,0.00932527667188097,0.0007053251086455603,0.0005964863671841853,0.0002051193298411846,e191376fdac6262f,disease_on
S4,state_dependent_rule,False,980025,0.25,0.125,2,1,331,174,1,0.3333333333333333,1.0,16.0,125.84928620264503,0.6171225516249916,1.999835721456603,0.01552915684199078,0.9844708431580093,131,0,0,11259.133195872944,11259.133195872942,11259.133195872944,1.5,0.44744724116086426,0.1341052900790783,0.008497068389022975,115.25,46.09999999999998,0.06556104374212912,2,9:wildfire:reserve|20:wildfire:semiwild|22:heatwave:origin|25:flood:origin|41:heatwave:semiwild|53:heatwave:origin,0.007157034073812989,0.07293446283009261,0.03267305752205689,0.009242323953425348,0.001359530942243676,0.0007321941575233635,0.0003977656467036942,e191376fdac6262f,disease_on
S4,state_dependent_rule,False,980026,0.5,0.375,4,3,433,321,1,0.3333333333333333,1.0,10.0,202.81216713710987,0.578692867355196,3.28757221646589,0.0012299162245907776,0.9987700837754092,240,0,0,11264.582648760106,11264.582648760106,3754.8608829200352,1.5,0.33422190804585594,0.25865282392573025,0.004314806101863953,130.75,52.29999999999999,0.11802455478242865,2,14:heatwave:origin|47:flood:alternative|69:flood:alternative|97:flood:origin,0.01131929972361319,0.0688261996817732,0.11290156490970155,0.02395999882436533,0.0006903689762982325,0.0010812172080497482,0.00019554517681899205,e191376fdac6262f,disease_on
S4,state_dependent_rule,False,980027,0.625,0.5,5,4,652,567,1,0.3333333333333333,1.0,24.0,256.03757061452905,0.6163684316250809,2.880754592835004,0.006977475424641503,0.9930225245753584,312,0,0,11208.473723007763,11208.473723007763,2802.1184307519407,1.5,0.5438703729540723,0.3357663342548581,0.004498084324118774,162.5,64.99999999999999,0.13785875515550422,2,39:funding_collapse|41:wildfire:origin|54:wildfire:origin,0.01310146255864905,0.06973757091360777,0.09546551404519775,0.014084445629925496,0.0007196934918590038,0.000827647704825675,0.0001938845116517164,e191376fdac6262f,disease_on
S4,state_dependent_rule,False,980028,0.5,0.25,4,2,296,106,2,0.6666666666666666,1.0,19.0,151.71072617154306,0.6129322427790157,2.2635286538158663,0.01386588557350836,0.9861341144264917,169,0,0,11130.622715898815,11130.622715898815,5565.3113579494075,1.5,0.44823679829573515,0.1971689890268111,0.011364556276522518,145.5,58.19999999999997,0.0860501132953945,1,18:heatwave:semiwild|22:wildfire:reserve|34:heatwave:origin|78:funding_collapse|79:funding_collapse,0.0075002465618318045,0.07780405133025921,0.03534289794839513,0.007584876472296859,0.001818329004243603,0.0007802816507475012,0.0004334324736646536,e191376fdac6262f,disease_on
S4,state_dependent_rule,False,980029,0.375,0.375,3,3,329,161,2,0.6666666666666666,1.0,26.0,208.04924275830032,0.5981213283951584,3.575469793849923,0.002579837700249527,0.9974201622997505,185,0,0,11184.313247418399,11184.313247418399,3728.1044158061327,1.5,0.36512593660706205,0.2604293398753172,0.003323486364226455,140.25,56.09999999999996,0.09706024138055869,1,11:flood:alternative|58:heatwave:semiwild|80:heatwave:reserve,0.012434387860368691,0.07200659621313077,0.0957430575451949,0.025345710211806313,0.0005317578182762331,0.001317225108599385,0.0001880305214074937,e191376fdac6262f,disease_on
S4,state_dependent_rule,False,980030,0.625,0.375,5,3,414,386,1,0.3333333333333333,1.0,30.0,225.52531128961178,0.6171799209022614,4.277536347812041,0.0015696031215270516,0.9984303968784729,278,0,0,11151.960729664757,11151.960729664757,3717.3202432215858,1.5,0.4335792038093535,0.2778640611639351,0.004171456565647026,159.5,63.799999999999976,0.11490388652439659,2,2:flood:alternative|64:flood:semiwild|75:funding_collapse,0.01290432985437318,0.07013345959430067,0.1001327296520228,0.00798009669054805,0.0006674330505035242,0.0006442184853137882,0.0002118947425693356,e191376fdac6262f,disease_on
S4,state_dependent_rule,False,980031,0.625,0.5,5,4,691,402,0,0.0,0.0,,253.62089563447066,0.6094191542636309,2.9249565950390055,0.004707194501401408,0.9952928054985986,265,0,0,11105.824160163887,11105.824160163887,2776.456040040972,1.5,0.42012688351852107,0.3220674978981536,0.00372310453089904,171.25,68.49999999999996,0.12902621797955716,3,17:flood:semiwild|41:flood:alternative|43:funding_collapse|54:heatwave:origin|73:funding_collapse|74:funding_collapse|77:wildfire:semiwild|94:flood:semiwild|99:funding_collapse,0.011330521651057988,0.07054472130831392,0.08518614625632623,0.01631068475605492,0.0005956967249438466,0.0009249651374946944,0.0002007878216327345,e191376fdac6262f,disease_on
S4,state_dependent_rule,False,980032,0.5,0.375,4,3,262,132,1,0.3333333333333333,1.0,38.0,147.24927669012197,0.6330331380116037,2.475519015350469,0.004126982659596399,0.9958730173404036,190,0,0,11214.653934582664,11214.653934582664,3738.2179781942214,1.5,0.44464119755161113,0.2619203241529367,0.00838032127888353,123.25,49.300000000000004,0.11975507122135445,2,23:wildfire:origin|44:flood:origin|68:flood:reserve|77:flood:semiwild|85:funding_collapse,0.01195958320354648,0.07398126635927553,0.061270734122807466,0.013216997103662104,0.0013408514046213652,0.0010163704415386988,0.0003291818681850707,e191376fdac6262f,disease_on
S4,state_dependent_rule,False,980033,0.5,0.25,4,2,444,244,0,0.0,0.0,,159.79574376767712,0.6396400316549251,3.2370514064015516,0.014848899911095698,0.9851511000889043,147,0,0,11119.339828736842,11119.339828736842,5559.669914368421,1.5,0.3379682898973171,0.19691540787978537,0.004910614121807815,131.25,52.499999999999964,0.09124032413019073,3,2:flood:reserve|62:funding_collapse|93:wildfire:reserve,0.009339779426657147,0.07247680489331272,0.03270526013864426,0.007389256761945893,0.0007856982594892505,0.0007269457519547902,0.0002989514142023132,e191376fdac6262f,disease_on
S4,state_dependent_rule,False,980034,0.375,0.25,3,2,217,149,2,0.6666666666666666,1.0,27.5,132.82589800243994,0.6746492005791351,1.4997940032043946,0.19059628650488816,0.8094037134951119,169,0,0,11094.99287677931,11094.99287677931,5547.496438389655,1.5,0.4448131472451599,0.19018586121028674,0.011244469425281156,132.0,52.79999999999998,0.09103303226863389,1,2:heatwave:reserve|40:funding_collapse|62:funding_collapse|88:wildfire:semiwild,0.01136194926360256,0.07589802837233262,0.008713223755837822,0.003957729517405726,0.001799115108044984,0.0006090252740296051,0.0004915156014764488,e191376fdac6262f,disease_on
S4,state_dependent_rule,False,980035,0.5,0.25,4,2,181,85,3,1.0,1.0,26.0,129.89183168749375,0.5960670130162129,2.3973893719532664,0.009080037909449296,0.9909199620905507,227,0,0,11185.455803581275,11185.455803581275,5592.727901790638,1.5,0.4739243487160871,0.20127101147853974,0.008771058221800366,175.25,70.09999999999995,0.08702341443699171,0,9:flood:origin|10:funding_collapse|30:flood:semiwild|34:wildfire:reserve|71:wildfire:origin|75:funding_collapse|97:funding_collapse,0.0081562788156334,0.0803756123079592,0.05970826615976967,0.015620483092651839,0.001403369315488058,0.000866407631704397,0.00039753398245207053,e191376fdac6262f,disease_on
S4,state_dependent_rule,False,980036,0.5,0.25,4,2,213,0,1,0.3333333333333333,1.0,18.0,151.40788067037036,0.6253252389831202,3.2867202298660594,0.0005789044425554904,0.9994210955574445,126,0,0,11152.32181385896,11152.321813858958,5576.16090692948,1.5,0.31054665225619077,0.19622054025685698,0.007019728620973632,148.25,59.29999999999997,0.09899336366288641,2,9:heatwave:alternative|10:funding_collapse|18:heatwave:alternative|37:wildfire:reserve,0.007987510200431371,0.07852235219282809,0.03696419668995576,0.006569252539809279,0.0011231565793557814,0.000703830102361659,0.00038215437754000105,e191376fdac6262f,disease_on
S4,state_dependent_rule,False,980037,0.5,0.25,4,2,189,19,1,0.3333333333333333,1.0,17.0,155.7174427540763,0.6331930135764253,2.8260399109172543,0.008392443532619854,0.9916075564673802,140,0,0,11153.74266973562,11153.74266973562,5576.87133486781,1.5,0.3491727702535688,0.19642613734001702,0.009215778240968277,159.25,63.69999999999994,0.10374230602743795,2,47:heatwave:reserve|49:heatwave:alternative|72:flood:origin|74:funding_collapse|86:flood:reserve|99:funding_collapse,0.008890700461756315,0.07847709449277276,0.029507148961493007,0.012135368146675438,0.0014745245185549248,0.0009280962203719193,0.0004100128403584064,e191376fdac6262f,disease_on
S4,state_dependent_rule,False,980038,0.375,0.375,3,3,508,477,0,0.0,0.0,,193.42669398321803,0.5646852833936975,3.968949234957368,0.0013042493046665257,0.9986957506953335,234,0,0,11262.480478308144,11262.480478308144,3754.1601594360477,1.5,0.5452961512940028,0.28232551734849265,0.004676882128033067,127.75,51.099999999999966,0.09678204934759325,3,3:heatwave:origin|95:funding_collapse,0.012023759339542195,0.06597335997587918,0.15002403342950116,0.010884970279441224,0.000748301140485291,0.0005593566741763996,0.00021550263317165344,e191376fdac6262f,disease_on
S4,state_dependent_rule,False,980039,0.625,0.5,5,4,638,471,2,0.6666666666666666,1.0,22.0,254.8656921091793,0.5910980708893545,4.141240235744218,0.002393364764594527,0.9976066352354055,222,0,0,11210.263986127015,11210.263986127015,2802.5659965317536,1.5,0.4340180382928896,0.3349607810495695,0.00482488311360042,162.75,65.09999999999997,0.12573287431419167,1,34:heatwave:semiwild|55:heatwave:semiwild|63:funding_collapse|66:flood:semiwild|90:flood:alternative|98:wildfire:semiwild|100:heatwave:origin,0.012410695788025889,0.06983004802041391,0.11337749930895372,0.016354338719425234,0.0007719812981760672,0.0009511114792522598,0.0001772093309869989,e191376fdac6262f,disease_on
S4,state_dependent_rule,False,980040,0.25,0.25,2,2,366,190,0,0.0,0.0,,108.47534635043894,0.6120527235813766,2.2965530356485475,0.009618061221772733,0.9903819387782272,197,0,0,11207.24003214179,11207.240032141788,5603.620016070895,1.5,0.4770285962631098,0.20002122004862702,0.017673607813130602,140.75,56.29999999999998,0.08426415032915274,3,16:wildfire:reserve|21:wildfire:origin|48:heatwave:semiwild|62:heatwave:origin|86:flood:origin|96:funding_collapse,0.006465736415423466,0.07874617634636771,0.02752074766371405,0.009795813219290114,0.0028277772501008967,0.000927109325330997,0.000675556757877524,e191376fdac6262f,disease_on
S4,state_dependent_rule,False,980041,0.375,0.375,3,3,292,248,1,0.3333333333333333,1.0,16.0,166.9489058108245,0.6019996374702625,2.46150176791222,0.11479906101930415,0.8852009389806959,191,0,0,11177.078091342082,11177.078091342082,3725.6926971140274,1.5,0.4456129957361143,0.2574784265144937,0.006713740697580601,138.5,55.39999999999998,0.09776054630880021,2,9:funding_collapse|9:flood:origin|23:heatwave:origin|37:funding_collapse|46:funding_collapse|46:wildfire:alternative|59:flood:semiwild,0.01193659261400758,0.06692782138755937,0.10961943870474868,0.011920821154506753,0.0010741985116128959,0.0006534213130510279,0.00026363533335461075,e191376fdac6262f,disease_on
S4,state_dependent_rule,False,980042,0.5,0.25,4,2,106,44,0,0.0,0.0,,139.20327042337078,0.6497471988203456,2.39802371541502,0.09610020663611354,0.9038997933638865,179,0,0,11133.13301701529,11133.13301701529,5566.566508507645,1.5,0.423682324761824,0.1985303677726218,0.011545790683725703,148.25,59.29999999999996,0.09840949071144597,3,4:flood:reserve|62:flood:semiwild|69:heatwave:origin|79:funding_collapse,0.009055785891271208,0.07995976391032013,0.017394236339960952,0.0032877845650163425,0.001847326509396112,0.0006168827036994048,0.0005090458110801508,e191376fdac6262f,disease_on
S4,state_dependent_rule,False,980043,0.5,0.5,4,4,333,74,2,0.6666666666666666,1.0,18.0,219.06075794388215,0.6034582665247201,3.160387084834909,0.028723492515473955,0.9712765074845261,140,0,0,11191.74949357895,11191.749493578947,2797.9373733947373,1.5,0.42624188976419736,0.32317245442232306,0.005540658058826362,172.75,69.09999999999998,0.11972197298777101,1,3:wildfire:semiwild|9:heatwave:semiwild|24:heatwave:alternative|49:funding_collapse|58:wildfire:reserve|62:wildfire:origin|65:wildfire:semiwild|71:heatwave:semiwild,0.010960620199901063,0.07636454140761675,0.08442919118880836,0.014216139197462983,0.0008865052894122181,0.0009019370821009174,0.00022945909613565692,e191376fdac6262f,disease_on
S4,state_dependent_rule,False,980044,0.5,0.25,4,2,293,165,0,0.0,0.0,,158.05809539994792,0.6500122894508064,3.4398247661642953,0.010101744620430972,0.989898255379569,209,0,0,11185.599072479743,11185.599072479741,5592.7995362398715,1.5,0.3499570922150139,0.20077104820654887,0.01172527772011362,166.0,66.39999999999995,0.09438545661702274,3,4:heatwave:semiwild|36:funding_collapse|40:wildfire:reserve|87:heatwave:semiwild|91:flood:semiwild|93:flood:reserve,0.009822188618147711,0.07832770258786441,0.020545399050442233,0.004463279435988876,0.0018760444352181795,0.000640986531822364,0.00045458783048114425,e191376fdac6262f,disease_on
S4,state_dependent_rule,False,980045,0.5,0.375,4,3,329,89,0,0.0,0.0,,193.88847086017063,0.5870289151151791,3.4723810703138027,0.009815742591283436,0.9901842574087165,183,0,0,11188.715037142274,11188.715037142272,3729.571679047425,1.5,0.4320500634358749,0.26818155363322127,0.006509323821905516,161.75,64.69999999999996,0.10751368293247868,3,5:wildfire:reserve|89:wildfire:origin,0.007957286233868238,0.07602771695614863,0.07670975697009451,0.00635603613347422,0.0010414918115048833,0.0007463874138966785,0.00026334882737053813,e191376fdac6262f,disease_on
S4,state_dependent_rule,False,980046,0.375,0.25,3,2,193,5,2,0.6666666666666666,1.0,22.0,160.97829573788977,0.628619543318324,3.3074989942061146,0.0003837110934897708,0.9996162889065102,141,0,0,11114.527744486059,11114.527744486059,5557.263872243029,1.5,0.16524222902903082,0.1781148091948542,0.006628207067100046,132.25,52.89999999999996,0.0800779817494499,1,2:wildfire:reserve|17:heatwave:semiwild|32:funding_collapse|59:heatwave:reserve|87:heatwave:alternative|98:heatwave:alternative,0.009183649892298619,0.07572024723475321,0.04270124903723342,0.006920681463669062,0.0010605131307360076,0.0007625469062153168,0.0003137275978527065,e191376fdac6262f,disease_on
S4,state_dependent_rule,False,980047,0.625,0.375,5,3,258,258,2,0.6666666666666666,1.0,23.0,184.90831112616317,0.643465217206789,2.6130249789188666,0.1099891372465681,0.8900108627534319,180,0,0,11236.090775990504,11236.090775990504,3745.3635919968347,1.5,0.5445994631528169,0.27318090808702666,0.004463570074084166,132.0,52.8,0.11920355991278156,1,30:wildfire:semiwild|68:flood:origin|72:flood:semiwild|81:flood:origin,0.013431708541834859,0.0706598891839336,0.060512599254777276,0.02388776554368718,0.0007141712118534664,0.0012458491607732916,0.00023850812587759084,e191376fdac6262f,disease_on
S4,state_dependent_rule,False,980000,0.5,0.5,4,4,573,393,2,0.6666666666666666,1.0,27.0,219.94103281593297,0.5879042283631744,2.6851428204838688,0.022661611155241856,0.9773383888447581,314,0,0,11124.032906143331,11124.03290614333,2781.008226535833,1.5,0.5416411353888516,0.3295506034768059,0.0,0.0,57.09999999999998,0.11767530866541036,1,16:funding_collapse|18:wildfire:origin|19:funding_collapse|27:wildfire:origin|72:funding_collapse|97:funding_collapse,0.01121896041659196,0.06913807085680615,0.10484618634262262,0.02026708125675658,0.0,0.0009768157030134244,0.0001867231304023708,bb9a4c946bf238ac,disease_off
S4,state_dependent_rule,False,980001,0.5,0.375,4,3,605,515,1,0.3333333333333333,1.0,20.0,249.89533772429107,0.6336932908274037,3.806363940994471,0.04351866036923954,0.9564813396307604,269,0,0,11205.44542717285,11205.44542717285,3735.1484757242833,1.5,0.543790425944031,0.28231688479833267,0.0,0.0,68.1,0.10562101396992415,2,90:funding_collapse,0.012758051280851,0.06964893247847409,0.08239052639715914,0.00662044878170561,0.0,0.0006074058628149219,0.00021810082488361794,bb9a4c946bf238ac,disease_off
S4,state_dependent_rule,False,980002,0.375,0.375,3,3,468,239,0,0.0,0.0,,186.12872372105218,0.6415159459484733,3.2107699464930146,0.0057997660955914744,0.9942002339044085,238,0,0,11110.307043073542,11110.307043073542,3703.435681024514,1.5,0.4610631297561532,0.2675940345794112,0.0,0.0,71.99999999999996,0.10315011069432888,3,10:funding_collapse|30:heatwave:reserve|92:funding_collapse|95:funding_collapse|97:wildfire:semiwild,0.010306505164456995,0.07729614999938164,0.0369894958479823,0.004575369390477447,0.0,0.0006318911929743467,0.00036656683742813397,bb9a4c946bf238ac,disease_off
S4,state_dependent_rule,False,980003,0.5,0.375,4,3,365,91,1,0.3333333333333333,1.0,33.0,170.3585078286684,0.596482502373616,3.6482817726894887,0.003727587783459103,0.996272412216541,142,0,0,11194.996202207736,11194.996202207734,3731.665400735912,1.5,0.3185497901650949,0.25800531212669914,0.0,0.0,62.79999999999994,0.10458757691647383,2,27:funding_collapse|41:wildfire:reserve|66:heatwave:reserve|89:wildfire:origin,0.007989361604757045,0.07684965112263949,0.06809879415760331,0.00620757547198918,0.0,0.0006584949300383119,0.0003052767668969164,bb9a4c946bf238ac,disease_off
S4,state_dependent_rule,False,980004,0.375,0.375,3,3,451,0,1,0.3333333333333333,1.0,21.0,174.51289089685386,0.5653439241751157,3.4323346937200596,0.003560742062596244,0.9964392579374037,124,0,0,11085.96024007945,11085.96024007945,3695.3200800264835,1.5,0.25191260250776687,0.24885511454441991,0.0,0.0,66.49999999999996,0.102952536782213,2,2:funding_collapse|14:funding_collapse|19:flood:reserve|20:funding_collapse|30:flood:origin|50:wildfire:origin|66:funding_collapse|77:flood:reserve|78:wildfire:alternative,0.006175582625811416,0.07857301930464736,0.07584088964728475,0.008899932338390489,0.0,0.0007299605984630606,0.0003294049583148675,bb9a4c946bf238ac,disease_off
S4,state_dependent_rule,False,980005,0.625,0.5,5,4,144,95,1,0.3333333333333333,1.0,21.0,241.54387694994176,0.5826277974945344,4.002397997707249,0.0030080487049855427,0.9969919512950145,186,0,0,11097.474129974225,11097.474129974225,2774.3685324935564,1.5,0.1381590014286669,0.30554936558083556,0.0,0.0,59.89999999999997,0.13354742730448166,2,4:flood:alternative|9:funding_collapse|51:heatwave:alternative|60:funding_collapse|91:heatwave:semiwild|95:flood:reserve|98:heatwave:reserve|100:funding_collapse,0.012981228044536807,0.07335894262254693,0.12008521037450277,0.021081528593958475,0.0,0.0011008702966106845,0.00017156741840219426,bb9a4c946bf238ac,disease_off
S4,state_dependent_rule,False,980006,0.75,0.375,6,3,258,193,1,0.3333333333333333,1.0,22.0,204.83135867541773,0.6505767938410508,2.8716421480762446,0.022259862752943827,0.9777401372470562,215,0,0,11179.85162112107,11179.85162112107,3726.617207040357,1.5,0.4547667379809613,0.27017825362050213,0.0,0.0,70.39999999999998,0.13617579170821784,2,21:wildfire:semiwild|35:funding_collapse|53:flood:reserve|78:funding_collapse,0.012228110699555159,0.0765192423502282,0.040223475755946675,0.010222050280415208,0.0,0.0009016024519800166,0.0003086983346748419,bb9a4c946bf238ac,disease_off
S4,state_dependent_rule,False,980007,0.5,0.375,4,3,307,0,2,0.6666666666666666,1.0,35.0,164.7098243170815,0.5945679644819701,2.8802901045834624,0.0038661177882016707,0.9961338822117983,100,0,0,11084.40270131967,11084.40270131967,3694.80090043989,1.5,0.166247212613325,0.23361781790597388,0.0,0.0,67.39999999999998,0.0972009779940337,1,6:flood:reserve|14:wildfire:alternative|15:wildfire:alternative|55:flood:semiwild|56:funding_collapse|98:heatwave:reserve|99:heatwave:semiwild,0.007591525168089071,0.07773792296864511,0.06516255889484455,0.0067315328323853075,0.0,0.0006822444079766008,0.0003466764923219446,bb9a4c946bf238ac,disease_off
S4,state_dependent_rule,False,980008,0.375,0.125,3,1,217,161,2,0.6666666666666666,1.0,17.5,116.7294203852401,0.6413638474533611,3.7416765991259435,0.005042362035053419,0.9949576379649466,163,0,0,11273.787097137016,11273.787097137016,11273.787097137016,1.5,0.394113016689369,0.1487768840453101,0.0,0.0,50.599999999999994,0.0784940819255688,1,12:wildfire:origin|34:wildfire:reserve|81:heatwave:origin|92:flood:reserve,0.009904389802575818,0.07227412656127732,0.034142200990488925,0.00958935289426001,0.0,0.0007306378558109815,0.0004810846068421601,bb9a4c946bf238ac,disease_off
S4,state_dependent_rule,False,980009,0.5,0.5,4,4,446,328,2,0.6666666666666666,1.0,23.0,243.1611074005661,0.6169870760643935,3.4780812608365146,0.0003750476778875349,0.9996249523221125,226,0,0,11164.610753430003,11164.610753430003,2791.1526883575007,1.5,0.3267415685717517,0.31650212117625975,0.0,0.0,67.29999999999998,0.12023575855359703,1,1:heatwave:alternative|81:heatwave:alternative,0.01215884320668799,0.07059885853858644,0.0843227469683303,0.01748249213947228,0.0,0.0009985137804121589,0.00021200861266893863,bb9a4c946bf238ac,disease_off
S4,state_dependent_rule,False,980010,0.5,0.5,4,4,711,603,0,0.0,0.0,,248.24931670658606,0.6092340254021764,3.5365141428524405,0.001969516983102855,0.9980304830168971,319,0,0,11228.655769252997,11228.655769252997,2807.163942313249,1.5,0.5444031789749469,0.3394375667311462,0.0,0.0,70.79999999999998,0.12316053702563545,3,68:flood:semiwild,0.012298692542470013,0.06925099764893519,0.09145689547787013,0.018200089475764108,0.0,0.0009841813730050873,0.000208235736684523,bb9a4c946bf238ac,disease_off
S4,state_dependent_rule,False,980011,0.5,0.375,4,3,541,415,0,0.0,0.0,,230.2046218438412,0.6156042500125206,4.0695895417285435,0.0016999180913217712,0.9983000819086782,297,0,0,11245.73498234308,11245.73498234308,3748.578327447693,1.5,0.544854070200525,0.28779553223093074,0.0,0.0,59.69999999999997,0.11932114896796388,3,61:flood:origin,0.01188521783175845,0.06802008192243686,0.08764691792540129,0.01597100397767577,0.0,0.0008957975413762705,0.0001949110204945702,bb9a4c946bf238ac,disease_off
S4,state_dependent_rule,False,980012,0.375,0.375,3,3,539,323,1,0.3333333333333333,1.0,19.0,177.72380012569482,0.6327024004291939,2.8139466977871828,0.02049336726753762,0.9795066327324624,266,0,0,11228.368255734335,11228.368255734335,3742.7894185781115,1.5,0.43615167280921535,0.2602226682459676,0.0,0.0,57.99999999999996,0.0985901699358713,2,33:flood:origin|59:wildfire:reserve,0.01129255074230956,0.07268236607428116,0.04563054118144841,0.02123938249682768,0.0,0.001299226872928641,0.00028274204231203837,bb9a4c946bf238ac,disease_off
S4,state_dependent_rule,False,980013,0.375,0.25,3,2,222,0,2,0.6666666666666666,1.0,15.5,129.46267695402162,0.5681349293160592,3.5623541554366462,0.0004359352886002153,0.9995640647113998,134,0,0,11218.838364149788,11218.838364149788,5609.419182074894,1.5,0.31382602885937216,0.1982164632345318,0.0,0.0,62.399999999999956,0.0935515939711405,1,4:heatwave:origin|16:funding_collapse|18:wildfire:alternative|50:funding_collapse|57:heatwave:reserve|63:wildfire:semiwild,0.008079526293716667,0.07650153079603766,0.09206534508830347,0.018031125460847886,0.0,0.0008733468892744041,0.0003986921910277601,bb9a4c946bf238ac,disease_off
S4,state_dependent_rule,False,980014,0.625,0.5,5,4,815,649,1,0.3333333333333333,1.0,16.0,251.79061893439683,0.5834238180184732,4.849586933570887,0.000618933578557819,0.9993810664214422,250,0,0,11142.180840572299,11142.180840572299,2785.5452101430747,1.5,0.5421202408577764,0.3533520073412842,0.0,0.0,67.19999999999999,0.12822056959898862,2,24:funding_collapse|34:wildfire:semiwild|46:funding_collapse|54:funding_collapse|60:wildfire:semiwild,0.012372440006424245,0.06768651001589365,0.12378642071534532,0.015928109008230013,0.0,0.0009251270541357919,0.00019629466959583336,bb9a4c946bf238ac,disease_off
S4,state_dependent_rule,False,980015,0.5,0.375,4,3,251,86,3,1.0,1.0,21.333333333333332,172.41634150824038,0.5795910125987161,2.77146457535655,0.007521026744757002,0.992478973255243,142,0,0,11219.418915992484,11219.418915992483,3739.8063053308283,1.5,0.35935696138019146,0.2545244927113962,0.0,0.0,41.79999999999998,0.11062075409905785,0,12:heatwave:origin|14:heatwave:alternative|70:funding_collapse|70:wildfire:semiwild|93:heatwave:reserve,0.011783871763812227,0.0701691543253938,0.1102188779418551,0.029835836756738055,0.0,0.0012518327186103232,0.00018857213450688536,bb9a4c946bf238ac,disease_off
S4,state_dependent_rule,False,980016,0.375,0.125,3,1,112,0,0,0.0,0.0,,125.08912468645322,0.6185969398578699,4.708708708708708,0.0011644585714285713,0.9988355414285714,102,0,0,11171.537172705139,11171.537172705139,11171.537172705139,1.5,0.10795989834024318,0.13024724433853688,0.0,0.0,70.99999999999994,0.08057083708712741,3,25:wildfire:alternative|29:flood:reserve|38:heatwave:reserve|44:wildfire:origin|56:funding_collapse|82:wildfire:reserve|89:funding_collapse|94:flood:alternative,0.006863883504346019,0.08267210830023132,0.02976065627140291,0.0056238244602626565,0.0,0.0005750337103338919,0.0005964970647135662,bb9a4c946bf238ac,disease_off
S4,state_dependent_rule,False,980017,0.625,0.5,5,4,600,465,0,0.0,0.0,,252.18106849389048,0.5734391129591958,2.6869453749135874,0.030161656968986154,0.9698383430310138,284,0,0,11215.31556237529,11215.31556237529,2803.8288905938225,1.5,0.46433974837218345,0.32378687104409176,0.0,0.0,59.59999999999995,0.1274172122886878,3,25:flood:origin|33:funding_collapse|84:wildfire:semiwild|92:wildfire:origin|96:flood:alternative,0.01214136188019818,0.06694654563314463,0.13257683165649328,0.016624908290006412,0.0,0.0009500821530606746,0.00017468173295207817,bb9a4c946bf238ac,disease_off
S4,state_dependent_rule,False,980018,0.5,0.5,4,4,700,543,0,0.0,0.0,,261.51822715362744,0.6190478150709474,3.9935142296980355,0.0026183440878435453,0.9973816559121564,288,0,0,11219.682915684198,11219.682915684198,2804.9207289210494,1.5,0.5441662956407303,0.34528157051478237,0.0,0.0,68.69999999999996,0.12964899326864493,3,,0.012492991922630094,0.07069289992579379,0.08847611271464936,0.012061538821854656,0.0,0.0008558423104848095,0.00020017787134310125,bb9a4c946bf238ac,disease_off
S4,state_dependent_rule,False,980019,0.625,0.5,5,4,509,451,2,0.6666666666666666,1.0,23.5,233.14841046093045,0.5768543513540437,4.024589432383634,0.001053031114582023,0.998946968885418,172,0,0,11185.807300382812,11185.80730038281,2796.451825095703,1.5,0.2907498998899001,0.3216647186663213,0.0,0.0,62.99999999999997,0.13671917176747495,1,10:wildfire:alternative|32:wildfire:alternative|36:heatwave:alternative|78:wildfire:semiwild|94:flood:alternative,0.013180363014536718,0.06923590873373399,0.13227081466181465,0.020681578435029397,0.0,0.00114425095749809,0.00019187979028074262,bb9a4c946bf238ac,disease_off
S4,state_dependent_rule,False,980020,0.5,0.125,4,1,100,0,1,0.3333333333333333,1.0,19.0,165.85291488323494,0.6328310043342528,3.8699690402476787,0.0012368961994365336,0.9987631038005634,193,0,0,11211.167557453871,11211.167557453871,11211.167557453871,1.5,0.24445162481079738,0.13546102170635888,0.0,0.0,66.69999999999996,0.08033084411401167,2,9:funding_collapse|48:wildfire:reserve|57:flood:origin|66:flood:semiwild|77:wildfire:alternative|78:heatwave:semiwild|80:wildfire:reserve|90:flood:origin,0.008855608835678586,0.0812550135164812,0.03093030157710837,0.008902238255370119,0.0,0.0007209456562344567,0.00047436903317118524,bb9a4c946bf238ac,disease_off
S4,state_dependent_rule,False,980021,0.5,0.5,4,4,506,433,1,0.3333333333333333,1.0,30.0,216.95227517805247,0.6017691231406785,3.1345242971997584,0.0013471100689118173,0.9986528899310881,178,0,0,11154.846131802013,11154.846131802013,2788.711532950503,1.5,0.4646796047727877,0.3277593113797276,0.0,0.0,51.49999999999999,0.12473053965225604,2,39:funding_collapse|58:flood:alternative|68:funding_collapse|93:heatwave:origin,0.013114044525253974,0.06993238480602028,0.10987675941881911,0.016118047225986913,0.0,0.0010262602453882344,0.0001741227185081335,bb9a4c946bf238ac,disease_off
S4,state_dependent_rule,False,980022,0.625,0.5,5,4,438,398,1,0.3333333333333333,1.0,26.0,205.58784253309784,0.5576658899549016,2.7663341841020332,0.07639605971439556,0.9236039402856044,175,0,0,11193.517520341542,11193.517520341542,2798.3793800853855,1.5,0.5434755292036845,0.3352152393550596,0.0,0.0,50.09999999999999,0.14102172296835394,2,14:wildfire:origin|17:funding_collapse|50:funding_collapse|71:heatwave:semiwild,0.012583782264313711,0.06817691645649843,0.15428901967585648,0.0160979016216183,0.0,0.000821453727494253,0.00018810529709877274,bb9a4c946bf238ac,disease_off
S4,state_dependent_rule,False,980023,0.5,0.25,4,2,356,191,0,0.0,0.0,,152.96234503013525,0.6193133405768674,3.035964537441499,0.00393180669334722,0.9960681933066527,203,0,0,11225.679545864077,11225.679545864077,5612.839772932039,1.5,0.46364995043681656,0.21022472222433286,0.0,0.0,67.19999999999999,0.10500040903118094,3,8:heatwave:semiwild|34:heatwave:reserve|40:flood:origin|42:flood:origin|82:heatwave:semiwild,0.007458706973492598,0.0778145363444762,0.0365408347657957,0.006951337076669577,0.0,0.0006613660733233079,0.00046481520945245336,bb9a4c946bf238ac,disease_off
S4,state_dependent_rule,False,980024,0.5,0.5,4,4,569,488,1,0.3333333333333333,1.0,15.0,235.77198161815514,0.5711937012232281,3.9716574184471014,0.004774868250009166,0.9952251317499908,354,0,0,11241.887484924051,11241.887484924051,2810.4718712310128,1.5,0.42002289654854996,0.3319244099973636,0.0,0.0,69.39999999999998,0.12602773079018784,2,23:wildfire:origin|46:heatwave:semiwild|49:heatwave:alternative|64:flood:origin|86:wildfire:semiwild|100:flood:origin,0.01186123535814883,0.07102087420665876,0.1279417397935854,0.01763051986752251,0.0,0.0009252330358105335,0.00020992813777341557,bb9a4c946bf238ac,disease_off
S4,state_dependent_rule,False,980025,0.125,0.125,1,1,127,35,2,0.6666666666666666,1.0,20.0,81.61373163474995,0.623755412323114,1.9969047913829396,0.016590975302899616,0.9834090246971003,67,0,0,11246.224713882335,11246.224713882333,11246.224713882335,1.5,0.4471064572363122,0.1339044734188064,0.0,0.0,23.100000000000012,0.06487389890672889,1,9:wildfire:reserve|20:wildfire:semiwild|22:heatwave:origin|25:flood:origin|41:heatwave:semiwild|53:heatwave:origin,0.0053879518173310355,0.07439503311299213,0.016593624954924002,0.011645654238704959,0.0,0.0008556397350179091,0.0005633207956304457,bb9a4c946bf238ac,disease_off
S4,state_dependent_rule,False,980026,0.375,0.375,3,3,426,262,0,0.0,0.0,,199.9032086825412,0.6049390720234047,3.1907807086010274,0.0020104000802274335,0.9979895999197725,265,0,0,11262.585113031666,11262.585113031666,3754.195037677222,1.5,0.3341691731026253,0.25474330423660235,0.0,0.0,57.499999999999964,0.10334289920164781,3,14:heatwave:origin|47:flood:alternative|69:flood:alternative|97:flood:origin,0.011392417273769707,0.06928612687903772,0.10023147522720226,0.010729696108253063,0.0,0.0006478798820695824,0.00021841704068846442,bb9a4c946bf238ac,disease_off
S4,state_dependent_rule,False,980027,0.625,0.375,5,3,603,558,1,0.3333333333333333,1.0,24.0,265.0739983451273,0.6446326319982988,3.5610380648219238,0.0017885447070900048,0.99821145529291,332,0,0,11203.197998970609,11203.197998970609,3734.3993329902028,1.5,0.5437310938394918,0.2839104471435432,0.0,0.0,69.19999999999997,0.12588478555687388,2,39:funding_collapse|41:wildfire:origin|54:wildfire:origin,0.013116133459463672,0.07056356845171242,0.07284022113535916,0.006207254846408617,0.0,0.0006898201718445504,0.0002156847470245353,bb9a4c946bf238ac,disease_off
S4,state_dependent_rule,False,980028,0.5,0.375,4,3,431,303,2,0.6666666666666666,1.0,12.0,177.18019540235986,0.6259478592422101,2.5069619119772835,0.024157343121421496,0.9758426568785785,196,0,0,11144.498534799977,11144.498534799977,3714.8328449333258,1.5,0.4486031199147262,0.26001866341305363,0.0,0.0,61.099999999999966,0.10669366150904067,1,18:heatwave:semiwild|22:wildfire:reserve|34:heatwave:origin|78:funding_collapse|79:funding_collapse,0.008938642637256832,0.07467527663063107,0.04117968298632131,0.006950360813828459,0.0,0.0007607415036774754,0.0003669595776830662,bb9a4c946bf238ac,disease_off
S4,state_dependent_rule,False,980029,0.625,0.625,5,5,275,133,2,0.6666666666666666,1.0,23.0,220.32747700735382,0.6044744520131646,3.028233608176565,0.009404376081813586,0.9905956239181865,147,0,0,11185.956277148765,11185.956277148765,2237.1912554297533,1.5,0.3651693125919439,0.3766516575395923,0.0,0.0,62.49999999999995,0.14301195099316089,1,11:flood:alternative|58:heatwave:semiwild|80:heatwave:reserve,0.01262774558876112,0.07478155848278846,0.10107138487618897,0.013407464236797489,0.0,0.0008679181668765143,0.00020615968036335732,bb9a4c946bf238ac,disease_off
S4,state_dependent_rule,False,980030,0.625,0.5,5,4,506,445,2,0.6666666666666666,1.0,21.5,244.88422085158675,0.5941658734417924,3.887206534825099,0.0033055386020576882,0.9966944613979423,288,0,0,11142.639493647896,11142.639493647896,2785.659873411974,1.5,0.4333331231785083,0.33291139147535986,0.0,0.0,64.39999999999996,0.12853006904629033,1,2:flood:alternative|64:flood:semiwild|75:funding_collapse,0.013060655519149977,0.07047648936428677,0.11716562242048578,0.015588656078944562,0.0,0.0008818283752787461,0.00019102228505357273,bb9a4c946bf238ac,disease_off
S4,state_dependent_rule,False,980031,0.5,0.375,4,3,484,271,0,0.0,0.0,,244.45620695369027,0.603585424066412,4.026949351099542,0.000655902467687206,0.9993440975323128,223,0,0,11102.798307101575,11102.798307101573,3700.932769033858,1.5,0.42004700099767617,0.27095682975028085,0.0,0.0,66.79999999999995,0.09966318069758896,3,17:flood:semiwild|41:flood:alternative|43:funding_collapse|54:heatwave:origin|73:funding_collapse|74:funding_collapse|77:wildfire:semiwild|94:flood:semiwild|99:funding_collapse,0.011206346217733304,0.06888860525166508,0.0853584216161144,0.02307135484661021,0.0,0.001143250098104837,0.0001878041689377104,bb9a4c946bf238ac,disease_off
S4,state_dependent_rule,False,980032,0.5,0.125,4,1,309,175,2,0.6666666666666666,1.0,26.0,155.70431590691268,0.6237212391719132,3.842139149330007,0.0004168388854103754,0.9995831611145897,199,0,0,11215.492344378577,11215.492344378577,11215.492344378577,1.5,0.44466333157022303,0.15591551073366577,0.0,0.0,49.099999999999994,0.08388893041671695,1,23:wildfire:origin|44:flood:origin|68:flood:reserve|77:flood:semiwild|85:funding_collapse,0.011446800014890885,0.06935379950369511,0.060126024887854145,0.025045214850535256,0.0,0.0013087356632951446,0.00027296790349149764,bb9a4c946bf238ac,disease_off
S4,state_dependent_rule,False,980033,0.375,0.375,3,3,484,187,0,0.0,0.0,,181.61604961519657,0.6266761868372285,2.5980527971716736,0.024403467661734277,0.9755965323382657,201,0,0,11123.517743593355,11123.517743593355,3707.8392478644514,1.5,0.338078586849529,0.2496366919880969,0.0,0.0,61.09999999999994,0.10549152665713624,3,2:flood:reserve|62:funding_collapse|93:wildfire:reserve,0.008979365533027533,0.07543931427335368,0.04130921351147045,0.006697607017687782,0.0,0.0007491486926017648,0.0003231705628252319,bb9a4c946bf238ac,disease_off
S4,state_dependent_rule,False,980034,0.375,0.25,3,2,349,162,2,0.6666666666666666,1.0,21.0,156.85312537999508,0.65189038847561,2.3944997184156183,0.004834138071572192,0.9951658619284278,182,0,0,11097.857016910726,11097.857016910726,5548.928508455363,1.5,0.44488876054462906,0.19897851443206518,0.0,0.0,57.399999999999984,0.09022320596723052,1,2:heatwave:reserve|40:funding_collapse|62:funding_collapse|88:wildfire:semiwild,0.009543478477412883,0.07779612573273234,0.020896399578451876,0.005703239461563722,0.0,0.0006662193331753745,0.0003748243198352873,bb9a4c946bf238ac,disease_off
S4,state_dependent_rule,False,980035,0.5,0.25,4,2,297,182,3,1.0,1.0,29.0,122.27605167658203,0.5926386631913272,2.8417701925510945,0.003763425461918926,0.9962365745380811,212,0,0,11177.225333757668,11177.225333757668,5588.612666878834,1.5,0.47370706431274373,0.2066724117935146,0.0,0.0,66.39999999999996,0.09192001718364624,0,9:flood:origin|10:funding_collapse|30:flood:semiwild|34:wildfire:reserve|71:wildfire:origin|75:funding_collapse|97:funding_collapse,0.007970413338369701,0.07935137770832258,0.060048306891284,0.014811596597191095,0.0,0.0008723603699465295,0.000444440856054775,bb9a4c946bf238ac,disease_off
S4,state_dependent_rule,False,980036,0.625,0.375,5,3,263,0,1,0.3333333333333333,1.0,18.0,178.53373818883446,0.61242654049001,2.8262533869145123,0.09589261398724448,0.9041073860127555,155,0,0,11156.661275052385,11156.661275052385,3718.8870916841283,1.5,0.3106612140316974,0.2516959683506352,0.0,0.0,70.39999999999998,0.11808656539160148,2,9:heatwave:alternative|10:funding_collapse|18:heatwave:alternative|37:wildfire:reserve,0.00784561780793635,0.07795350325438732,0.0484820044836474,0.007765211226732249,0.0,0.0006831108363262207,0.00037259387332620313,bb9a4c946bf238ac,disease_off
S4,state_dependent_rule,False,980037,0.5,0.25,4,2,89,9,0,0.0,0.0,,162.86637430706017,0.6337881543549808,3.4761445699872153,0.004914200066371472,0.9950857999336286,126,0,0,11154.084516255092,11154.08451625509,5577.042258127546,1.5,0.3491817950016829,0.20536481277720683,0.0,0.0,67.09999999999994,0.11592593788583191,3,47:heatwave:reserve|49:heatwave:alternative|72:flood:origin|74:funding_collapse|86:flood:reserve|99:funding_collapse,0.009353385206516235,0.08149018287600693,0.03087038186877722,0.013276297848401057,0.0,0.0010177648227721254,0.00041993925523584,bb9a4c946bf238ac,disease_off
S4,state_dependent_rule,False,980038,0.625,0.5,5,4,562,491,0,0.0,0.0,,215.4980286142602,0.5034145067461485,3.514030720257627,0.002658204276671914,0.997341795723328,268,0,0,11270.395579995326,11270.395579995326,2817.5988949988314,1.5,0.5455051099785443,0.34089345905100554,0.0,0.0,54.89999999999997,0.13101320425287416,3,3:heatwave:origin|95:funding_collapse,0.011909607402767869,0.06559760151393872,0.1960991166737415,0.02595420007931323,0.0,0.0010827206870967438,0.0001755085359631403,bb9a4c946bf238ac,disease_off
S4,state_dependent_rule,False,980039,0.625,0.625,5,5,618,478,2,0.6666666666666666,1.0,17.0,263.1220420929932,0.5692475043578934,2.825241589921402,0.015949079739906537,0.9840509202600934,253,0,0,11215.13669254776,11215.13669254776,2243.027338509552,1.5,0.4341466777423975,0.3813769350549523,0.0,0.0,69.19999999999997,0.14229925690749268,1,34:heatwave:semiwild|55:heatwave:semiwild|63:funding_collapse|66:flood:semiwild|90:flood:alternative|98:wildfire:semiwild|100:heatwave:origin,0.012650160646589435,0.07003802890942055,0.13644085491384403,0.019478717434626855,0.0,0.0010002547532912012,0.00017051166107944694,bb9a4c946bf238ac,disease_off
S4,state_dependent_rule,False,980040,0.25,0.25,2,2,366,202,0,0.0,0.0,,138.74740951399627,0.6168504035515504,2.43294403371549,0.14129489728444797,0.858705102715552,215,0,0,11219.738882564952,11219.738882564952,5609.869441282476,1.5,0.4773585659142814,0.20161669423332693,0.0,0.0,55.59999999999998,0.0852569865237193,3,16:wildfire:reserve|21:wildfire:origin|48:heatwave:semiwild|62:heatwave:origin|86:flood:origin|96:funding_collapse,0.006910935934863194,0.07427317447826556,0.02975145463132795,0.00993548680588272,0.0,0.0008381269340315016,0.000514472996648079,bb9a4c946bf238ac,disease_off
S4,state_dependent_rule,False,980041,0.625,0.375,5,3,357,264,1,0.3333333333333333,1.0,18.0,175.60852396329855,0.6019584839457047,2.566879723607656,0.1171010192138462,0.8828989807861538,225,0,0,11167.923499445196,11167.923499445194,3722.641166481732,1.5,0.4453713145100366,0.2605242963890261,0.0,0.0,59.99999999999995,0.10784183850972914,2,9:funding_collapse|9:flood:origin|23:heatwave:origin|37:funding_collapse|46:funding_collapse|46:wildfire:alternative|59:flood:semiwild,0.011665985137189423,0.06882722951456104,0.1053483283479805,0.012860472814176358,0.0,0.0006629471134709286,0.00025378143618766397,bb9a4c946bf238ac,disease_off
S4,state_dependent_rule,False,980042,0.375,0.25,3,2,206,76,0,0.0,0.0,,130.9744153603981,0.6432937271161566,2.9495633553049823,0.0056348982464170146,0.994365101753583,192,0,0,11137.751102325312,11137.75110232531,5568.875551162656,1.5,0.4238042422140085,0.20300770418705452,0.0,0.0,61.09999999999996,0.09315823206301926,3,4:flood:reserve|62:flood:semiwild|69:heatwave:origin|79:funding_collapse,0.00859554797758161,0.07870329581847735,0.02220187478361119,0.004719723817359472,0.0,0.0006239118847563235,0.0005140781179996945,bb9a4c946bf238ac,disease_off
S4,state_dependent_rule,False,980043,0.5,0.25,4,2,257,44,2,0.6666666666666666,1.0,14.5,192.6892335046471,0.609118941044817,4.6664723540981585,0.005359460280473796,0.9946405397195262,130,0,0,11204.254322787614,11204.254322787614,5602.127161393807,1.5,0.4265720172553061,0.22176581223603697,0.0,0.0,68.49999999999996,0.09971943484762383,1,3:wildfire:semiwild|9:heatwave:semiwild|24:heatwave:alternative|49:funding_collapse|58:wildfire:reserve|62:wildfire:origin|65:wildfire:semiwild|71:heatwave:semiwild,0.010477373925933706,0.07562846750312895,0.07241516142911505,0.016387491490687606,0.0,0.001003951654011143,0.00026435941415255257,bb9a4c946bf238ac,disease_off
S4,state_dependent_rule,False,980044,0.625,0.25,5,2,401,210,0,0.0,0.0,,166.37851105333405,0.6555898588239593,1.9624818391590462,0.15832156075764076,0.8416784392423593,206,0,0,11193.460365527879,11193.460365527877,5596.730182763939,1.5,0.3501646303514847,0.1892329031564633,0.0,0.0,61.89999999999995,0.1104581086486218,3,4:heatwave:semiwild|36:funding_collapse|40:wildfire:reserve|87:heatwave:semiwild|91:flood:semiwild|93:flood:reserve,0.010099156451821252,0.07615791096481565,0.020162940934667146,0.006803619815573774,0.0,0.0007274855518607529,0.000428091135418937,bb9a4c946bf238ac,disease_off
S4,state_dependent_rule,False,980045,0.5,0.375,4,3,303,108,0,0.0,0.0,,176.92162270089938,0.6089054455434053,3.295256108408177,0.0035989538463851983,0.9964010461536148,200,0,0,11180.293594438177,11180.293594438177,3726.764531479392,1.5,0.43182773734848645,0.26704932398028974,0.0,0.0,62.59999999999995,0.11081994580679659,3,5:wildfire:reserve|89:wildfire:origin,0.008308051513954503,0.07556054982245886,0.05913217539784672,0.00683889167089149,0.0,0.0007927291886112507,0.0003146584108340516,bb9a4c946bf238ac,disease_off
S4,state_dependent_rule,False,980046,0.375,0.25,3,2,245,6,1,0.3333333333333333,1.0,18.0,164.15136072171333,0.6380058109805637,4.278988431530804,0.0031937192684609993,0.996806280731539,105,0,0,11101.587184795528,11101.587184795528,5550.793592397764,1.5,0.16490059825320083,0.18685034420679786,0.0,0.0,53.49999999999997,0.07535200033084855,2,2:wildfire:reserve|17:heatwave:semiwild|32:funding_collapse|59:heatwave:reserve|87:heatwave:alternative|98:heatwave:alternative,0.009883769845232277,0.07656179497332974,0.0371268081539787,0.006258129025626133,0.0,0.0008042090776082007,0.000315154223157391,bb9a4c946bf238ac,disease_off
S4,state_dependent_rule,False,980047,0.375,0.375,3,3,651,494,2,0.6666666666666666,1.0,20.0,230.08296735328656,0.6213838571387773,4.055365355193241,0.005971936116325387,0.9940280638836746,296,0,0,11232.396910792073,11232.396910792073,3744.132303597358,1.5,0.5445019451115782,0.28438475959159476,0.0,0.0,68.7,0.10315455764252254,1,30:wildfire:semiwild|68:flood:origin|72:flood:semiwild|81:flood:origin,0.012422939777452237,0.06966029455524712,0.09234565773093621,0.007225500619763689,0.0,0.0006107019741537639,0.00023632643120438126,bb9a4c946bf238ac,disease_off
S7,forward_rollout_proxy,False,980000,0.375,0.375,3,3,556,556,1,0.3333333333333333,1.0,40.0,217.7040003251532,0.573717973016262,4.059582791775099,0.001076399352027557,0.9989236006479725,19,0,0,11112.016294897427,11112.016294897428,3704.0054316324754,1.5,0.6699999999999999,0.2994586460477311,0.0002461943001151519,30.75,12.299999999999994,0.1155640906499005,2,16:funding_collapse|18:wildfire:origin|19:funding_collapse|27:wildfire:origin|72:funding_collapse|97:funding_collapse,0.013073671534670737,0.04580578661449098,0.17194403310084147,0.009604825990961864,3.9391088018424305e-05,0.0006014082804598754,6.422354771831795e-05,5ba273b05bc1d129,biobank_on
S7,forward_rollout_proxy,False,980001,0.625,0.625,5,5,1200,1200,1,0.3333333333333333,1.0,36.0,342.86070356121,0.5793088881836973,3.547349193028108,0.0029735220125290474,0.9970264779874709,44,0,0,11189.763488973098,11189.763488973098,2237.95269779462,1.5,0.7396516999351018,0.4244636941706742,0.0006968167606914281,60.25,24.100000000000016,0.1688751612344147,2,90:funding_collapse,0.014208800786291276,0.04893424461766384,0.16098147164495022,0.013918080733852643,0.00011149068171062852,0.0010154686950214703,5.306283561638889e-05,5ba273b05bc1d129,biobank_on
S7,forward_rollout_proxy,False,980002,0.5,0.375,4,3,637,557,0,0.0,0.0,,300.2031323161848,0.7364695985739752,3.6292548064189583,0.00410691200242171,0.9958930879975783,99,0,0,11112.900336167868,11112.90033616787,3704.300112055956,1.5,0.6702721305852188,0.298301491637745,0.00024719328721278425,86.75,34.70000000000004,0.13115865257516757,3,10:funding_collapse|30:heatwave:reserve|92:funding_collapse|95:funding_collapse|97:wildfire:semiwild,0.01599505528243708,0.059338472911649884,0.0021197056134937033,0.000750574782357698,3.955092595404548e-05,0.0007605099491730047,0.00011901788365109002,5ba273b05bc1d129,biobank_on
S7,forward_rollout_proxy,False,980003,0.625,0.5,5,4,732,732,0,0.0,0.0,,298.9904259963685,0.7419195918315292,3.170545309587035,0.0029136801109510176,0.9970863198890489,52,0,0,11184.659035230985,11184.659035230987,2796.1647588077462,1.5,0.4589356589762235,0.33330445360078337,0.00020769202141146975,67.25,26.900000000000016,0.1535271730364534,3,27:funding_collapse|41:wildfire:reserve|66:heatwave:reserve|89:wildfire:origin,0.016552927546943375,0.059051666338247454,0.00019920798180366999,0.000209327172162099,3.323072342583516e-05,0.0008144481028927184,0.00010102762149852543,5ba273b05bc1d129,biobank_on
S7,forward_rollout_proxy,False,980004,0.25,0.125,2,1,249,123,1,0.3333333333333333,1.0,31.0,163.70114942316815,0.7076572594368038,3.9787589039337736,0.0029029461536385537,0.9970970538463615,79,0,0,11066.00498232304,11066.00498232304,11066.00498232304,1.5,0.4240154614272363,0.1551698222644727,0.0002621320494623494,63.0,25.200000000000028,0.08365343541205678,2,2:funding_collapse|14:funding_collapse|19:flood:reserve|20:funding_collapse|30:flood:origin|50:wildfire:origin|66:funding_collapse|77:flood:reserve|78:wildfire:alternative,0.014752530014113297,0.0680957344092991,0.0039029680793481146,0.001810779793766826,4.1941127913975904e-05,0.0007585104110754584,0.00021512509705267087,5ba273b05bc1d129,biobank_on
S7,forward_rollout_proxy,False,980005,0.625,0.625,5,5,385,375,0,0.0,0.0,,291.63262156034375,0.5878772798084486,4.902009759541293,0.0013244674175114193,0.9986755325824885,72,0,0,11076.670597657097,11076.6705976571,2215.3341195314197,1.5,0.35662193235998424,0.4000995799671856,5.3475935828877e-05,78.75,31.500000000000032,0.17083644567887096,3,4:flood:alternative|9:funding_collapse|51:heatwave:alternative|60:funding_collapse|91:heatwave:semiwild|95:flood:reserve|98:heatwave:reserve|100:funding_collapse,0.014146073401395998,0.058082262225262894,0.1472103914258567,0.011650782718109291,8.556149732620321e-06,0.0009520385375013405,7.763051522486813e-05,5ba273b05bc1d129,biobank_on
S7,forward_rollout_proxy,False,980006,0.75,0.625,6,5,914,914,1,0.3333333333333333,1.0,13.0,334.52932660031837,0.7183256667319395,3.438897023806041,0.0016539020035399668,0.99834609799646,140,0,0,11157.402312698166,11157.402312698166,2231.480462539633,1.5,0.6641386423953914,0.4150457885796255,0.0002716751272682855,82.0,32.80000000000003,0.16496477051012964,2,21:wildfire:semiwild|35:funding_collapse|53:flood:reserve|78:funding_collapse,0.01564100600237829,0.061585152158460235,0.018114734258856065,0.0035078687740273447,4.3468020362925685e-05,0.0008445595649707599,0.00010227084385679777,5ba273b05bc1d129,biobank_on
S7,forward_rollout_proxy,False,980007,0.5,0.375,4,3,84,14,2,0.6666666666666666,1.0,20.5,168.79106765049025,0.6915996526264461,1.9743388321550146,0.05182147299509418,0.9481785270049058,125,0,0,11045.169940752201,11045.169940752201,3681.723313584067,1.5,0.4041313542325418,0.25406105786396593,0.0002341373059204738,71.75,28.700000000000014,0.12577267059580782,1,6:flood:reserve|14:wildfire:alternative|15:wildfire:alternative|55:flood:semiwild|56:funding_collapse|98:heatwave:reserve|99:heatwave:semiwild,0.01211705438185147,0.07877458194333607,0.008006043728317045,0.0032295892358718908,3.746196894727581e-05,0.0008403057616512466,0.00030805421391263185,5ba273b05bc1d129,biobank_on
S7,forward_rollout_proxy,False,980008,0.25,0.125,2,1,264,229,2,0.6666666666666666,1.0,20.0,156.02465426638068,0.6948271734105022,2.976426375128118,0.04110390686556896,0.958896093134431,229,0,0,11255.12446326951,11255.12446326951,11255.12446326951,1.5,0.5343700974048146,0.15472069089251864,0.00022535143911297937,94.5,37.800000000000026,0.07634708700377991,1,12:wildfire:origin|34:wildfire:reserve|81:heatwave:origin|92:flood:reserve,0.013510606626870132,0.0622026440368384,0.01793245543360285,0.009715564926178614,3.6056230258076706e-05,0.0007799355829268162,0.0003264883242392678,5ba273b05bc1d129,biobank_on
S7,forward_rollout_proxy,False,980009,0.75,0.75,6,6,965,965,1,0.3333333333333333,1.0,17.0,279.5037872709722,0.5540047668806204,4.028215564529644,0.000498087557183712,0.9995019124428163,17,0,0,11150.462628019375,11150.462628019375,1858.4104380032293,1.5,0.5557930923929563,0.4710716435570125,0.00014442410033366923,63.5,25.400000000000016,0.18855089336210185,2,1:heatwave:alternative|81:heatwave:alternative,0.013984070541125769,0.05006108824199095,0.18839076498989552,0.012123023935720796,2.3107856053387076e-05,0.0008331014177804302,6.178776636400218e-05,5ba273b05bc1d129,biobank_on
S7,forward_rollout_proxy,False,980010,0.625,0.5,5,4,896,896,0,0.0,0.0,,299.75891392066825,0.6207525429831461,3.953085251960009,0.007295410992559398,0.9927045890074406,91,0,0,11232.755352639271,11232.755352639271,2808.188838159818,1.5,0.7405545290720914,0.370493520175302,0.0002666863788685196,72.5,29.000000000000032,0.1595360737424638,3,68:flood:semiwild,0.014219104522132646,0.05098909930082309,0.12079244693782908,0.010926914934064917,4.2669820618963144e-05,0.0009511696487136832,8.11180579751508e-05,5ba273b05bc1d129,biobank_on
S7,forward_rollout_proxy,False,980011,0.625,0.625,5,5,1116,1116,0,0.0,0.0,,308.7538980618133,0.5489839491920132,3.728775408977492,0.006407036680795873,0.9935929633192041,14,0,0,11237.371811359233,11237.371811359233,2247.4743622718465,1.5,0.6699999999999999,0.4196705327613096,5.5710306406685235e-05,46.25,18.5,0.17066389335767357,3,61:flood:origin,0.013903414306489266,0.04489223876032847,0.1886927426503558,0.019255173019991093,8.913649025069637e-06,0.001051345165257233,4.6231500391177955e-05,5ba273b05bc1d129,biobank_on
S7,forward_rollout_proxy,False,980012,0.625,0.375,5,3,662,662,1,0.3333333333333333,1.0,14.0,236.28997674975977,0.6635562460564788,3.7576927583381092,0.004185381275029285,0.9958146187249707,163,0,0,11219.355135547987,11219.355135547989,3739.785045182662,1.5,0.5767523278496854,0.29478279260108997,0.00028305552757225004,73.5,29.400000000000027,0.15390316116370162,2,33:flood:origin|59:wildfire:reserve,0.014340817792078546,0.06278939598687537,0.06752224560796921,0.006837458474887728,4.528888441156001e-05,0.0006277259152471824,0.00012758508210733446,5ba273b05bc1d129,biobank_on
S7,forward_rollout_proxy,False,980013,0.5,0.375,4,3,172,163,2,0.6666666666666666,1.0,12.5,144.1939568849141,0.5954012562992448,2.134402488979418,0.021868555491960553,0.9781314445080395,103,0,0,11218.85635686866,11218.85635686866,3739.6187856228867,1.5,0.48884066303430146,0.2637428815716961,0.00041525603750731526,75.5,30.200000000000017,0.12382395189235895,1,4:heatwave:origin|16:funding_collapse|18:wildfire:alternative|50:funding_collapse|57:heatwave:reserve|63:wildfire:semiwild,0.011991151450881277,0.06903108045314203,0.11747232833813326,0.012294095882006369,6.644096600117045e-05,0.0005854438229225483,0.00020415710394655083,5ba273b05bc1d129,biobank_on
S7,forward_rollout_proxy,False,980014,0.625,0.5,5,4,1172,1172,0,0.0,0.0,,307.30816239447836,0.613304754247078,3.3005692040521843,0.00287646345007247,0.9971235365499276,29,0,0,11130.085426962358,11130.085426962358,2782.5213567405895,1.5,0.7383984606328763,0.36162870441261874,0.00030594041892158876,68.25,27.300000000000022,0.14891583154404608,3,24:funding_collapse|34:wildfire:semiwild|46:funding_collapse|54:funding_collapse|60:wildfire:semiwild,0.014348340333290164,0.048580320322555125,0.12519273037213272,0.01589057014693539,4.89504670274542e-05,0.000960644544635781,7.6172921969876e-05,5ba273b05bc1d129,biobank_on
S7,forward_rollout_proxy,False,980015,0.5,0.5,4,4,354,354,1,0.3333333333333333,1.0,16.0,214.9631606094647,0.5351458533612957,2.4035251185717565,0.00468387834284744,0.9953161216571526,32,0,0,11208.042940161937,11208.042940161937,2802.010735040484,1.5,0.5257537451659164,0.3303166232071442,0.0002963323347972755,23.25,9.299999999999999,0.14352998752417484,2,12:heatwave:origin|14:heatwave:alternative|70:funding_collapse|70:wildfire:semiwild|93:heatwave:reserve,0.01279068577858224,0.04731957539326678,0.20450979938454217,0.0120352324875039,4.741317356756409e-05,0.0006531159072692069,8.02471496570636e-05,5ba273b05bc1d129,biobank_on
S7,forward_rollout_proxy,False,980016,0.5,0.125,4,1,266,35,0,0.0,0.0,,184.47441893108555,0.6474875624648223,2.9948361974096342,0.019931072511667165,0.9800689274883329,113,0,0,11129.215810987549,11129.21581098755,11129.215810987549,1.5,0.24686297808469895,0.13087178620570805,0.00024615588547189824,89.5,35.80000000000003,0.09993563211570905,3,25:wildfire:alternative|29:flood:reserve|38:heatwave:reserve|44:wildfire:origin|56:funding_collapse|82:wildfire:reserve|89:funding_collapse|94:flood:alternative,0.009240880785498088,0.07384848460622206,0.023990127275995362,0.008196532721665921,3.938494167550371e-05,0.0008433953180540987,0.00025146261294504204,5ba273b05bc1d129,biobank_on
S7,forward_rollout_proxy,False,980017,0.625,0.625,5,5,779,779,0,0.0,0.0,,228.81942786964981,0.5096467102142964,2.508577741676083,0.06956340921372274,0.9304365907862773,55,0,0,11205.788316026366,11205.788316026366,2241.1576632052734,1.5,0.6036979175254747,0.4010335550465754,0.00013112198856955347,45.0,18.000000000000007,0.1716399293863356,3,25:flood:origin|33:funding_collapse|84:wildfire:semiwild|92:wildfire:origin|96:flood:alternative,0.013178004299969492,0.04619054932004714,0.2217307396839685,0.0232908115913147,2.097951817112855e-05,0.001164447885910234,7.458813836302167e-05,5ba273b05bc1d129,biobank_on
S7,forward_rollout_proxy,False,980018,0.625,0.375,5,3,943,943,0,0.0,0.0,,334.1942153061376,0.6607073018673009,5.029033408319398,6.781760072947995e-06,0.999993218239927,21,0,0,11218.899392399702,11218.8993923997,3739.6331307999008,1.5,0.7402635539070607,0.3254466107727197,7.602173630092412e-05,68.25,27.30000000000002,0.16189960649409824,3,,0.014550481285404622,0.04882266980039549,0.088135267167566,0.005298086009530205,1.2163477808147859e-05,0.0006799965201999156,7.300447635524298e-05,5ba273b05bc1d129,biobank_on
S7,forward_rollout_proxy,False,980019,0.625,0.625,5,5,928,928,2,0.6666666666666666,1.0,33.5,304.96619059812923,0.5649445642534203,4.761768389724408,8.577153957932298e-05,0.9999142284604207,43,0,0,11176.565185206488,11176.565185206488,2235.3130370412973,1.5,0.4955317992400725,0.4105971805539171,0.000212074612108305,76.5,30.600000000000026,0.16088158366332878,1,10:wildfire:alternative|32:wildfire:alternative|36:heatwave:alternative|78:wildfire:semiwild|94:flood:alternative,0.014042501301111631,0.05101724660635478,0.17551142164555739,0.013259291505758912,3.393193793732879e-05,0.00102972202217948,6.848000055674311e-05,5ba273b05bc1d129,biobank_on
S7,forward_rollout_proxy,False,980020,0.5,0.25,4,2,112,89,1,0.3333333333333333,1.0,18.0,216.50340904993732,0.7158875758437133,2.6436905506090658,0.014276097121294422,0.9857239028787056,159,0,0,11191.617604849991,11191.617604849991,5595.8088024249955,1.5,0.4185247406977141,0.2066042538507165,0.0005931723440638167,89.5,35.80000000000004,0.1290743713742722,2,9:funding_collapse|48:wildfire:reserve|57:flood:origin|66:flood:semiwild|77:wildfire:alternative|78:heatwave:semiwild|80:wildfire:reserve|90:flood:origin,0.015528114824805627,0.07050673993101586,0.005282666762307779,0.0026460553202027944,9.490757505021067e-05,0.0009172042704230642,0.00019409411051085054,5ba273b05bc1d129,biobank_on
S7,forward_rollout_proxy,False,980021,0.625,0.625,5,5,844,844,1,0.3333333333333333,1.0,16.0,273.51590848044407,0.5816744114859073,3.201620517817971,0.0615411240990114,0.9384588759009886,20,0,0,11149.672411098652,11149.67241109865,2229.9344822197304,1.5,0.6251482429939134,0.409223051617695,0.0002472025978335938,59.25,23.700000000000017,0.16721011070061986,2,39:funding_collapse|58:flood:alternative|68:funding_collapse|93:heatwave:origin,0.014126422249974166,0.051444959274613754,0.1599582360423295,0.011863443362305633,3.955241565337501e-05,0.0008423373398066109,6.547400012664491e-05,5ba273b05bc1d129,biobank_on
S7,forward_rollout_proxy,False,980022,0.75,0.75,6,6,1005,1005,1,0.3333333333333333,1.0,24.0,216.1025548191905,0.45592424933976766,3.290131037905164,0.05188606133548251,0.9481139386645175,20,0,0,11175.864608459991,11175.864608459991,1862.6441014099985,1.5,0.6699999999999999,0.47579767620776253,5.161298915794241e-05,35.0,13.999999999999993,0.19198182914355436,2,14:wildfire:origin|17:funding_collapse|50:funding_collapse|71:heatwave:semiwild,0.013072472714723537,0.0453257680975404,0.27936635758511585,0.020021330535005807,8.258078265270786e-06,0.0009641801534936087,8.111574496209953e-05,5ba273b05bc1d129,biobank_on
S7,forward_rollout_proxy,False,980023,0.5,0.125,4,1,183,183,0,0.0,0.0,,171.85431005600253,0.7331305835044545,1.9899578109216236,0.0025990462707970786,0.9974009537292029,94,0,0,11230.300165772342,11230.300165772343,11230.300165772342,1.5,0.6045833560573936,0.15737530457341972,0.00014247621626832356,59.75,23.900000000000016,0.10383695429232055,3,8:heatwave:semiwild|34:heatwave:reserve|40:flood:origin|42:flood:origin|82:heatwave:semiwild,0.016470864776669782,0.0569529829163041,0.0017725837898955724,0.0016486331392759701,2.2796194602931768e-05,0.0007922126212641625,0.0002604796265593016,5ba273b05bc1d129,biobank_on
S7,forward_rollout_proxy,False,980024,0.75,0.625,6,5,919,919,0,0.0,0.0,,225.31382986843207,0.466711475640281,3.6208955864050316,0.0009957092615470464,0.999004290738453,23,0,0,11230.750517211794,11230.750517211794,2246.150103442359,1.5,0.5796598054661334,0.4100300569767806,0.0001349704580504316,45.75,18.300000000000004,0.17302560283058474,3,23:wildfire:origin|46:heatwave:semiwild|49:heatwave:alternative|64:flood:origin|86:wildfire:semiwild|100:flood:origin,0.013276613796562704,0.04552678607116701,0.2702321126801413,0.018830442907254573,2.1595273288069057e-05,0.0009294751379476175,8.17121741522772e-05,5ba273b05bc1d129,biobank_on
S7,forward_rollout_proxy,False,980025,0.25,0.125,2,1,164,164,1,0.3333333333333333,1.0,28.0,113.63270882582766,0.7261876768450313,2.0,0.0050110673214602995,0.9949889326785397,32,0,0,11187.111224542023,11187.111224542023,11187.111224542023,1.5,0.5864645349101157,0.15045102223282597,0.0003008428560095712,27.0,10.799999999999994,0.07777284370907202,2,9:wildfire:reserve|20:wildfire:semiwild|22:heatwave:origin|25:flood:origin|41:heatwave:semiwild|53:heatwave:origin,0.0167803770802764,0.058840306125932454,0.0003149418983539341,0.0005467311868002958,4.81348569615314e-05,0.002457122672356753,0.00025551066891396396,5ba273b05bc1d129,biobank_on
S7,forward_rollout_proxy,False,980026,0.625,0.5,5,4,761,761,0,0.0,0.0,,229.5375188877497,0.5210755328154765,3.615019751011644,2.0736644013161446e-05,0.9999792633559869,35,0,0,11235.025054274362,11235.025054274363,2808.7562635685904,1.5,0.49333696251671616,0.33989845914576433,0.00021918164970756524,38.25,15.299999999999992,0.14707282691988127,3,14:heatwave:origin|47:flood:alternative|69:flood:alternative|97:flood:origin,0.013162621626009913,0.04533916308436187,0.2251010217401937,0.00941533793447479,3.506906395321045e-05,0.0006338134869385892,8.427245045159072e-05,5ba273b05bc1d129,biobank_on
S7,forward_rollout_proxy,False,980027,0.625,0.625,5,5,904,904,0,0.0,0.0,,269.8089358213999,0.5314958099654042,3.6495689042689463,0.0,1.0,56,0,0,11194.939122457175,11194.939122457177,2238.9878244914353,1.5,0.6699999999999999,0.41784374456460244,0.0004194243044205357,51.0,20.400000000000006,0.16549027760956492,3,39:funding_collapse|41:wildfire:origin|54:wildfire:origin,0.013742348194099155,0.04868717995750723,0.20964030581414053,0.013636551192294802,6.71078887072857e-05,0.0008690982763058365,6.099699982373095e-05,5ba273b05bc1d129,biobank_on
S7,forward_rollout_proxy,False,980028,0.5,0.25,4,2,328,328,2,0.6666666666666666,1.0,13.5,217.13740844050105,0.7297538809228371,2.463831366513629,0.004611416475920081,0.9953885835240799,59,0,0,11124.241050547487,11124.241050547487,5562.120525273744,1.5,0.5891431237216014,0.21721053576080482,0.0002930973707807021,49.25,19.700000000000006,0.10578954861754203,1,18:heatwave:semiwild|22:wildfire:reserve|34:heatwave:origin|78:funding_collapse|79:funding_collapse,0.016370335880516524,0.0595498710147943,0.0003532555860212154,0.00041980912182570175,4.689557932491234e-05,0.0014943709549783545,0.00017907196437802892,5ba273b05bc1d129,biobank_on
S7,forward_rollout_proxy,False,980029,0.75,0.625,6,5,769,768,1,0.3333333333333333,1.0,46.0,284.3204699685138,0.5660830993496317,3.3342630198194856,0.0017808964767171253,0.9982191035232829,51,0,0,11190.085665375793,11190.085665375795,2238.0171330751587,1.5,0.6095021304605578,0.40943255194038064,2.6109660574412533e-05,71.75,28.70000000000003,0.16944854348064992,2,11:flood:alternative|58:heatwave:semiwild|80:heatwave:reserve,0.013805015898827799,0.0535690040079487,0.17160101869804914,0.012517340174547982,4.177545691906005e-06,0.0008003634862940629,6.578512211184945e-05,5ba273b05bc1d129,biobank_on
S7,forward_rollout_proxy,False,980030,0.75,0.5,6,4,762,762,1,0.3333333333333333,1.0,27.0,296.9524296677487,0.6170894648500609,3.928472162586143,0.000899180363666914,0.9991008196363331,67,0,0,11125.218808223248,11125.21880822325,2781.304702055812,1.5,0.6619780756342611,0.3660691721749067,0.00010878167162707638,70.0,28.000000000000025,0.17793321492809572,2,2:flood:alternative|64:flood:semiwild|75:funding_collapse,0.014147761752004114,0.052798733023646724,0.12991000777367337,0.00559128764958958,1.740506746033222e-05,0.0007803043248245062,7.132354459024562e-05,5ba273b05bc1d129,biobank_on
S7,forward_rollout_proxy,False,980031,0.625,0.625,5,5,916,916,0,0.0,0.0,,261.24094003054836,0.520851880664088,3.657565816682876,0.0003155173423162266,0.9996844826576837,29,0,0,11095.708226100673,11095.708226100673,2219.1416452201347,1.5,0.5809138494455137,0.4095080514901567,0.00018726019017961407,54.5,21.80000000000001,0.1679550418938827,3,17:flood:semiwild|41:flood:alternative|43:funding_collapse|54:heatwave:origin|73:funding_collapse|74:funding_collapse|77:wildfire:semiwild|94:flood:semiwild|99:funding_collapse,0.01370698458302846,0.04680729989954284,0.21933506636412328,0.016416581746391313,2.9961630428738256e-05,0.0009803995594593478,5.894061880639642e-05,5ba273b05bc1d129,biobank_on
S7,forward_rollout_proxy,False,980032,0.5,0.5,4,4,583,583,1,0.3333333333333333,1.0,37.0,222.7679901427463,0.6267723250661894,2.974280636281131,0.0031699624466905085,0.9968300375533095,156,0,0,11206.90432861123,11206.90432861123,2801.7260821528075,1.5,0.5853061288712477,0.3422338299881864,0.00036381990063799824,67.5,27.000000000000018,0.14480205369125132,2,23:wildfire:origin|44:flood:origin|68:flood:reserve|77:flood:semiwild|85:funding_collapse,0.013813205810566474,0.058138609466209926,0.10637005401398048,0.007431522233029885,5.821118410207971e-05,0.0005786385145743702,0.00011357488836641581,5ba273b05bc1d129,biobank_on
S7,forward_rollout_proxy,False,980033,0.625,0.5,5,4,726,726,0,0.0,0.0,,294.1291666824559,0.7432413948642398,4.225448216637329,0.0019695507084221157,0.9980304492915779,24,0,0,11115.383991100747,11115.383991100747,2778.845997775187,1.5,0.5470503826856067,0.35177881216660417,0.00013916654046140645,46.5,18.600000000000005,0.14909645865835122,3,2:flood:reserve|62:funding_collapse|93:wildfire:reserve,0.016655962554390162,0.057611151941609436,1.8093788796006642e-05,4.238072402474262e-05,2.2266646473825027e-05,0.0008611345456978818,8.511392073495072e-05,5ba273b05bc1d129,biobank_on
S7,forward_rollout_proxy,False,980034,0.5,0.5,4,4,661,652,1,0.3333333333333333,1.0,39.0,281.41523358083873,0.741279865629096,3.167219194331265,0.00727114360012393,0.9927288563998761,47,0,0,11088.89578521529,11088.89578521529,2772.2239463038227,1.5,0.6533482376507734,0.34961402705670386,0.0005074221937727944,55.25,22.10000000000001,0.13803505674156907,2,2:heatwave:reserve|40:funding_collapse|62:funding_collapse|88:wildfire:semiwild,0.016516007214093065,0.05967332072385305,7.266671512926541e-05,0.0001306576006273047,8.118755100364711e-05,0.000773682143925303,8.877142635511448e-05,5ba273b05bc1d129,biobank_on
S7,forward_rollout_proxy,False,980035,0.5,0.375,4,3,1050,953,3,1.0,1.0,25.0,293.04360951105514,0.6316105709925941,3.316797858544492,0.0025093683926281723,0.9974906316073718,244,0,0,11159.667931593787,11159.667931593787,3719.8893105312623,1.5,0.614230373532159,0.2869622354115091,0.00030855560682989397,102.75,41.10000000000005,0.11810609736424135,0,9:flood:origin|10:funding_collapse|30:flood:semiwild|34:wildfire:reserve|71:wildfire:origin|75:funding_collapse|97:funding_collapse,0.012835964251429388,0.06351780858557671,0.07184566160095683,0.01872405646937917,4.936889709278303e-05,0.0010982266088473054,0.00013894876250260406,5ba273b05bc1d129,biobank_on
S7,forward_rollout_proxy,False,980036,0.5,0.375,4,3,279,258,0,0.0,0.0,,213.87743524335963,0.7013516369884938,2.30591122805421,0.04017128141038912,0.9598287185896108,169,0,0,11127.087730012852,11127.087730012852,3709.0292433376176,1.5,0.5517985500277911,0.27382682544345693,0.00029860460400601296,90.0,36.00000000000002,0.13418929080067846,3,9:heatwave:alternative|10:funding_collapse|18:heatwave:alternative|37:wildfire:reserve,0.013627066400464032,0.07529746856560887,0.015015358196567791,0.005549102603482852,4.7776736640962074e-05,0.000853613746329107,0.0002213199181646178,5ba273b05bc1d129,biobank_on
S7,forward_rollout_proxy,False,980037,0.5,0.375,4,3,309,232,0,0.0,0.0,,225.2105826691107,0.6956850718512675,3.170617496507633,0.009439601839207515,0.9905603981607924,197,0,0,11151.669269612516,11151.669269612517,3717.2230898708385,1.5,0.5357848440394926,0.2827216091558473,0.00037154967460619056,90.0,36.00000000000003,0.14343474893410862,3,47:heatwave:reserve|49:heatwave:alternative|72:flood:origin|74:funding_collapse|86:flood:reserve|99:funding_collapse,0.014147968435004554,0.07258226494143985,0.021277943670514485,0.010106770541046724,5.944794793699048e-05,0.0010095433710909068,0.00015106508579604237,5ba273b05bc1d129,biobank_on
S7,forward_rollout_proxy,False,980038,0.625,0.625,5,5,926,926,0,0.0,0.0,,212.41366773094475,0.4119599289902874,3.429646283573706,0.0004854562071526492,0.9995145437928473,39,0,0,11243.39178350116,11243.39178350116,2248.678356700232,1.5,0.6768787712053331,0.41588522366115055,0.0004032252062422352,39.0,15.599999999999989,0.16325441852440092,3,3:heatwave:origin|95:funding_collapse,0.012656266355928985,0.043473345600162985,0.3239759702293376,0.018925745929605407,6.451603299875763e-05,0.0008151259851478386,6.993195207979283e-05,5ba273b05bc1d129,biobank_on
S7,forward_rollout_proxy,False,980039,0.625,0.625,5,5,1181,1181,2,0.6666666666666666,1.0,20.0,340.4640513464492,0.6156359999585647,3.709343652257176,0.00827010712477339,0.9917298928752266,61,0,0,11197.256493689092,11197.256493689092,2239.4512987378184,1.5,0.5887425690591355,0.40922009970312967,0.0004017255265755618,78.75,31.50000000000002,0.16001203137322212,1,34:heatwave:semiwild|55:heatwave:semiwild|63:funding_collapse|66:flood:semiwild|90:flood:alternative|98:wildfire:semiwild|100:heatwave:origin,0.01432869167787565,0.05310590514984863,0.1253615222866568,0.00915753551940325,6.427608425208988e-05,0.0008655708346245313,7.180092439885234e-05,5ba273b05bc1d129,biobank_on
S7,forward_rollout_proxy,False,980040,0.375,0.25,3,2,315,315,0,0.0,0.0,,153.4296997582642,0.7101134234430391,1.4997128087306146,0.1666019543590611,0.8333980456409389,117,0,0,11182.101053069655,11182.101053069655,5591.050526534827,1.5,0.6172960429338153,0.20991522833764992,0.0011771527155942656,55.75,22.30000000000001,0.10344247978481122,3,16:wildfire:reserve|21:wildfire:origin|48:heatwave:semiwild|62:heatwave:origin|86:flood:origin|96:funding_collapse,0.015503418537863047,0.06148608926933903,0.0013549020052977313,0.009958875972495255,0.0001883444344950825,0.0018810549147909759,0.0003180795887465893,5ba273b05bc1d129,biobank_on
S7,forward_rollout_proxy,False,980041,0.5,0.5,4,4,712,712,2,0.6666666666666666,1.0,21.5,218.06714083170166,0.5028808560361183,3.1111240674980434,0.08476687657083112,0.9152331234291688,28,0,0,11170.44976035604,11170.449760356041,2792.61244008901,1.5,0.6058704339577865,0.3432851655629066,0.0004044531217546629,27.5,10.999999999999995,0.13293440746073776,1,9:funding_collapse|9:flood:origin|23:heatwave:origin|37:funding_collapse|46:funding_collapse|46:wildfire:alternative|59:flood:semiwild,0.012721402050107172,0.044546424396848444,0.23005331009409744,0.020846266925809816,6.471249948074607e-05,0.0008914478101991342,5.814496627084525e-05,5ba273b05bc1d129,biobank_on
S7,forward_rollout_proxy,False,980042,0.5,0.375,4,3,566,566,1,0.3333333333333333,1.0,22.0,253.83735841449888,0.7398954436405597,2.6021847387279475,0.006007775894472607,0.9939922241055273,62,0,0,11111.250843369917,11111.250843369917,3703.7502811233057,1.5,0.5668437780547865,0.276685260935406,0.00023623356026345133,49.25,19.70000000000001,0.1261451787132395,2,4:flood:reserve|62:flood:semiwild|69:heatwave:origin|79:funding_collapse,0.016318684112051618,0.06113939877127745,0.00018410002989587725,0.00017740035918627442,3.779736964215221e-05,0.0006434903548852373,0.00011058796221432706,5ba273b05bc1d129,biobank_on
S7,forward_rollout_proxy,False,980043,0.625,0.625,5,5,810,810,2,0.6666666666666666,1.0,23.5,305.33265681535994,0.5772181182911678,2.979677023837917,0.0030050682822756027,0.9969949317177244,62,0,0,11187.687960149737,11187.687960149737,2237.5375920299475,1.5,0.6006625974600007,0.40382797682875726,0.00019009462444464877,70.5,28.200000000000028,0.16357473422189006,1,3:wildfire:semiwild|9:heatwave:semiwild|24:heatwave:alternative|49:funding_collapse|58:wildfire:reserve|62:wildfire:origin|65:wildfire:semiwild|71:heatwave:semiwild,0.013765394663256684,0.060806218935497994,0.1473535080020695,0.017598132535323274,3.0415139911143803e-05,0.0009973153092131014,6.191744448556364e-05,5ba273b05bc1d129,biobank_on
S7,forward_rollout_proxy,False,980044,0.5,0.5,4,4,720,720,0,0.0,0.0,,268.84449109990055,0.734619791047434,3.0935059614176796,0.006056458929811826,0.9939435410701881,115,0,0,11186.414906754555,11186.414906754555,2796.6037266886387,1.5,0.5604804129299407,0.34271406721338654,0.0006674730579192256,67.5,27.000000000000018,0.1536548315310784,3,4:heatwave:semiwild|36:funding_collapse|40:wildfire:reserve|87:heatwave:semiwild|91:flood:semiwild|93:flood:reserve,0.016205198623182437,0.06183752928505861,0.0011157877877787086,0.0052009479988609966,0.00010679568926707608,0.0009664562188405361,0.00013017116783319547,5ba273b05bc1d129,biobank_on
S7,forward_rollout_proxy,False,980045,0.5,0.375,4,3,548,548,0,0.0,0.0,,246.30210242528244,0.7433458195076754,3.293612282156459,0.00659739672639333,0.9934026032736066,32,0,0,11152.377704208948,11152.377704208946,3717.459234736316,1.5,0.5720956865476501,0.2853044703540548,0.00021159139307075532,36.25,14.499999999999991,0.13204389438862585,3,5:wildfire:reserve|89:wildfire:origin,0.0164365834346182,0.05772538364016284,9.141662561213216e-05,0.0001765978605224448,3.385462289132085e-05,0.0007028339202907136,9.141369534905705e-05,5ba273b05bc1d129,biobank_on
S7,forward_rollout_proxy,False,980046,0.625,0.375,5,3,226,189,1,0.3333333333333333,1.0,24.0,212.70274272123663,0.7321388144262393,3.2854533109620334,0.026813614132813562,0.9731863858671864,51,0,0,11108.73506318569,11108.73506318569,3702.9116877285633,1.5,0.40633567222196326,0.2666256656396735,0.0005161361990766894,63.25,25.300000000000008,0.12193782653928396,2,2:wildfire:reserve|17:heatwave:semiwild|32:funding_collapse|59:heatwave:reserve|87:heatwave:alternative|98:heatwave:alternative,0.016185120654461052,0.06766946602373498,0.00027816634683523023,0.0003134200854137931,8.25817918522703e-05,0.0007557271084120837,0.0001415437733377852,5ba273b05bc1d129,biobank_on
S7,forward_rollout_proxy,False,980047,0.5,0.5,4,4,966,966,2,0.6666666666666666,1.0,21.5,310.1923865104411,0.6045972878585004,4.591452686207896,0.0067946466089286095,0.9932053533910714,59,0,0,11222.565879678015,11222.565879678015,2805.641469919504,1.5,0.6699999999999999,0.3662391240439851,2.4752475247524754e-05,65.75,26.300000000000015,0.1416229859095307,1,30:wildfire:semiwild|68:flood:origin|72:flood:semiwild|81:flood:origin,0.01413597062308442,0.04857447115231473,0.1350930837454875,0.01447240563151694,3.960396039603961e-06,0.00100356184127219,7.145092472693024e-05,5ba273b05bc1d129,biobank_on
S7,forward_rollout_proxy,False,980000,0.375,0.375,3,3,556,556,1,0.3333333333333333,1.0,40.0,217.7040003251532,0.573717973016262,4.059582791775099,0.001076399352027557,0.9989236006479725,19,0,0,11112.016294897427,11112.016294897428,3704.0054316324754,1.5,0.6699999999999999,0.276345827917751,0.0002461943001151519,30.75,12.299999999999994,0.0,2,16:funding_collapse|18:wildfire:origin|19:funding_collapse|27:wildfire:origin|72:funding_collapse|97:funding_collapse,0.013073671534670737,0.04580578661449098,0.17194403310084147,0.009604825990961864,3.9391088018424305e-05,0.0006014082804598754,6.422354771831795e-05,230272c1a14be090,biobank_off
S7,forward_rollout_proxy,False,980001,0.625,0.625,5,5,1200,1200,1,0.3333333333333333,1.0,36.0,342.86070356121,0.5793088881836973,3.547349193028108,0.0029735220125290474,0.9970264779874709,44,0,0,11189.763488973098,11189.763488973098,2237.95269779462,1.5,0.7396516999351018,0.39068866192379126,0.0006968167606914281,60.25,24.100000000000016,0.0,2,90:funding_collapse,0.014208800786291276,0.04893424461766384,0.16098147164495022,0.013918080733852643,0.00011149068171062852,0.0010154686950214703,5.306283561638889e-05,230272c1a14be090,biobank_off
S7,forward_rollout_proxy,False,980002,0.5,0.375,4,3,637,557,0,0.0,0.0,,300.2031323161848,0.7364695985739752,3.6292548064189583,0.00410691200242171,0.9958930879975783,99,0,0,11112.900336167868,11112.90033616787,3704.300112055956,1.5,0.6702721305852188,0.2720697611227115,0.00024719328721278425,86.75,34.70000000000004,0.0,3,10:funding_collapse|30:heatwave:reserve|92:funding_collapse|95:funding_collapse|97:wildfire:semiwild,0.01599505528243708,0.059338472911649884,0.0021197056134937033,0.000750574782357698,3.955092595404548e-05,0.0007605099491730047,0.00011901788365109002,230272c1a14be090,biobank_off
S7,forward_rollout_proxy,False,980003,0.625,0.5,5,4,732,732,0,0.0,0.0,,298.9904259963685,0.7419195918315292,3.170545309587035,0.0029136801109510176,0.9970863198890489,52,0,0,11184.659035230985,11184.659035230987,2796.1647588077462,1.5,0.4589356589762235,0.3025990189934927,0.00020769202141146975,67.25,26.900000000000016,0.0,3,27:funding_collapse|41:wildfire:reserve|66:heatwave:reserve|89:wildfire:origin,0.016552927546943375,0.059051666338247454,0.00019920798180366999,0.000209327172162099,3.323072342583516e-05,0.0008144481028927184,0.00010102762149852543,230272c1a14be090,biobank_off
S7,forward_rollout_proxy,False,980004,0.25,0.125,2,1,249,123,1,0.3333333333333333,1.0,31.0,163.70114942316815,0.7076572594368038,3.9787589039337736,0.0029029461536385537,0.9970970538463615,79,0,0,11066.00498232304,11066.00498232304,11066.00498232304,1.5,0.4240154614272363,0.13843913518206136,0.0002621320494623494,63.0,25.200000000000028,0.0,2,2:funding_collapse|14:funding_collapse|19:flood:reserve|20:funding_collapse|30:flood:origin|50:wildfire:origin|66:funding_collapse|77:flood:reserve|78:wildfire:alternative,0.014752530014113297,0.0680957344092991,0.0039029680793481146,0.001810779793766826,4.1941127913975904e-05,0.0007585104110754584,0.00021512509705267087,230272c1a14be090,biobank_off
S7,forward_rollout_proxy,False,980005,0.625,0.625,5,5,385,375,0,0.0,0.0,,291.63262156034375,0.5878772798084486,4.902009759541293,0.0013244674175114193,0.9986755325824885,72,0,0,11076.670597657097,11076.6705976571,2215.3341195314197,1.5,0.35662193235998424,0.3659322908314113,5.3475935828877e-05,78.75,31.500000000000032,0.0,3,4:flood:alternative|9:funding_collapse|51:heatwave:alternative|60:funding_collapse|91:heatwave:semiwild|95:flood:reserve|98:heatwave:reserve|100:funding_collapse,0.014146073401395998,0.058082262225262894,0.1472103914258567,0.011650782718109291,8.556149732620321e-06,0.0009520385375013405,7.763051522486813e-05,230272c1a14be090,biobank_off
S7,forward_rollout_proxy,False,980006,0.75,0.625,6,5,914,914,1,0.3333333333333333,1.0,13.0,334.52932660031837,0.7183256667319395,3.438897023806041,0.0016539020035399668,0.99834609799646,140,0,0,11157.402312698166,11157.402312698166,2231.480462539633,1.5,0.6641386423953914,0.3820528344775996,0.0002716751272682855,82.0,32.80000000000003,0.0,2,21:wildfire:semiwild|35:funding_collapse|53:flood:reserve|78:funding_collapse,0.01564100600237829,0.061585152158460235,0.018114734258856065,0.0035078687740273447,4.3468020362925685e-05,0.0008445595649707599,0.00010227084385679777,230272c1a14be090,biobank_off
S7,forward_rollout_proxy,False,980007,0.5,0.375,4,3,84,14,2,0.6666666666666666,1.0,20.5,168.79106765049025,0.6915996526264461,1.9743388321550146,0.05182147299509418,0.9481785270049058,125,0,0,11045.169940752201,11045.169940752201,3681.723313584067,1.5,0.4041313542325418,0.22890652374480436,0.0002341373059204738,71.75,28.700000000000014,0.0,1,6:flood:reserve|14:wildfire:alternative|15:wildfire:alternative|55:flood:semiwild|56:funding_collapse|98:heatwave:reserve|99:heatwave:semiwild,0.01211705438185147,0.07877458194333607,0.008006043728317045,0.0032295892358718908,3.746196894727581e-05,0.0008403057616512466,0.00030805421391263185,230272c1a14be090,biobank_off
S7,forward_rollout_proxy,False,980008,0.25,0.125,2,1,264,229,2,0.6666666666666666,1.0,20.0,156.02465426638068,0.6948271734105022,2.976426375128118,0.04110390686556896,0.958896093134431,229,0,0,11255.12446326951,11255.12446326951,11255.12446326951,1.5,0.5343700974048146,0.13945127349176265,0.00022535143911297937,94.5,37.800000000000026,0.0,1,12:wildfire:origin|34:wildfire:reserve|81:heatwave:origin|92:flood:reserve,0.013510606626870132,0.0622026440368384,0.01793245543360285,0.009715564926178614,3.6056230258076706e-05,0.0007799355829268162,0.0003264883242392678,230272c1a14be090,biobank_off
S7,forward_rollout_proxy,False,980009,0.75,0.75,6,6,965,965,1,0.3333333333333333,1.0,17.0,279.5037872709722,0.5540047668806204,4.028215564529644,0.000498087557183712,0.9995019124428163,17,0,0,11150.462628019375,11150.462628019375,1858.4104380032293,1.5,0.5557930923929563,0.43336146488459215,0.00014442410033366923,63.5,25.400000000000016,0.0,2,1:heatwave:alternative|81:heatwave:alternative,0.013984070541125769,0.05006108824199095,0.18839076498989552,0.012123023935720796,2.3107856053387076e-05,0.0008331014177804302,6.178776636400218e-05,230272c1a14be090,biobank_off
S7,forward_rollout_proxy,False,980010,0.625,0.5,5,4,896,896,0,0.0,0.0,,299.75891392066825,0.6207525429831461,3.953085251960009,0.007295410992559398,0.9927045890074406,91,0,0,11232.755352639271,11232.755352639271,2808.188838159818,1.5,0.7405545290720914,0.33858630542680923,0.0002666863788685196,72.5,29.000000000000032,0.0,3,68:flood:semiwild,0.014219104522132646,0.05098909930082309,0.12079244693782908,0.010926914934064917,4.2669820618963144e-05,0.0009511696487136832,8.11180579751508e-05,230272c1a14be090,biobank_off
S7,forward_rollout_proxy,False,980011,0.625,0.625,5,5,1116,1116,0,0.0,0.0,,308.7538980618133,0.5489839491920132,3.728775408977492,0.006407036680795873,0.9935929633192041,14,0,0,11237.371811359233,11237.371811359233,2247.4743622718465,1.5,0.6699999999999999,0.3855377540897749,5.5710306406685235e-05,46.25,18.5,0.0,3,61:flood:origin,0.013903414306489266,0.04489223876032847,0.1886927426503558,0.019255173019991093,8.913649025069637e-06,0.001051345165257233,4.6231500391177955e-05,230272c1a14be090,biobank_off
S7,forward_rollout_proxy,False,980012,0.625,0.375,5,3,662,662,1,0.3333333333333333,1.0,14.0,236.28997674975977,0.6635562460564788,3.7576927583381092,0.004185381275029285,0.9958146187249707,163,0,0,11219.355135547987,11219.355135547989,3739.785045182662,1.5,0.5767523278496854,0.26400216036834967,0.00028305552757225004,73.5,29.400000000000027,0.0,2,33:flood:origin|59:wildfire:reserve,0.014340817792078546,0.06278939598687537,0.06752224560796921,0.006837458474887728,4.528888441156001e-05,0.0006277259152471824,0.00012758508210733446,230272c1a14be090,biobank_off
S7,forward_rollout_proxy,False,980013,0.5,0.375,4,3,172,163,2,0.6666666666666666,1.0,12.5,144.1939568849141,0.5954012562992448,2.134402488979418,0.021868555491960553,0.9781314445080395,103,0,0,11218.85635686866,11218.85635686866,3739.6187856228867,1.5,0.48884066303430146,0.23897809119322433,0.00041525603750731526,75.5,30.200000000000017,0.0,1,4:heatwave:origin|16:funding_collapse|18:wildfire:alternative|50:funding_collapse|57:heatwave:reserve|63:wildfire:semiwild,0.011991151450881277,0.06903108045314203,0.11747232833813326,0.012294095882006369,6.644096600117045e-05,0.0005854438229225483,0.00020415710394655083,230272c1a14be090,biobank_off
S7,forward_rollout_proxy,False,980014,0.625,0.5,5,4,1172,1172,0,0.0,0.0,,307.30816239447836,0.613304754247078,3.3005692040521843,0.00287646345007247,0.9971235365499276,29,0,0,11130.085426962358,11130.085426962358,2782.5213567405895,1.5,0.7383984606328763,0.3318455381038095,0.00030594041892158876,68.25,27.300000000000022,0.0,3,24:funding_collapse|34:wildfire:semiwild|46:funding_collapse|54:funding_collapse|60:wildfire:semiwild,0.014348340333290164,0.048580320322555125,0.12519273037213272,0.01589057014693539,4.89504670274542e-05,0.000960644544635781,7.6172921969876e-05,230272c1a14be090,biobank_off
S7,forward_rollout_proxy,False,980015,0.5,0.5,4,4,354,354,1,0.3333333333333333,1.0,16.0,214.9631606094647,0.5351458533612957,2.4035251185717565,0.00468387834284744,0.9953161216571526,32,0,0,11208.042940161937,11208.042940161937,2802.010735040484,1.5,0.5257537451659164,0.30161062570230923,0.0002963323347972755,23.25,9.299999999999999,0.0,2,12:heatwave:origin|14:heatwave:alternative|70:funding_collapse|70:wildfire:semiwild|93:heatwave:reserve,0.01279068577858224,0.04731957539326678,0.20450979938454217,0.0120352324875039,4.741317356756409e-05,0.0006531159072692069,8.02471496570636e-05,230272c1a14be090,biobank_off
S7,forward_rollout_proxy,False,980016,0.5,0.125,4,1,266,35,0,0.0,0.0,,184.47441893108555,0.6474875624648223,2.9948361974096342,0.019931072511667165,0.9800689274883329,113,0,0,11129.215810987549,11129.21581098755,11129.215810987549,1.5,0.24686297808469895,0.11088465978256624,0.00024615588547189824,89.5,35.80000000000003,0.0,3,25:wildfire:alternative|29:flood:reserve|38:heatwave:reserve|44:wildfire:origin|56:funding_collapse|82:wildfire:reserve|89:funding_collapse|94:flood:alternative,0.009240880785498088,0.07384848460622206,0.023990127275995362,0.008196532721665921,3.938494167550371e-05,0.0008433953180540987,0.00025146261294504204,230272c1a14be090,biobank_off
S7,forward_rollout_proxy,False,980017,0.625,0.625,5,5,779,779,0,0.0,0.0,,228.81942786964981,0.5096467102142964,2.508577741676083,0.06956340921372274,0.9304365907862773,55,0,0,11205.788316026366,11205.788316026366,2241.1576632052734,1.5,0.6036979175254747,0.3667055691693083,0.00013112198856955347,45.0,18.000000000000007,0.0,3,25:flood:origin|33:funding_collapse|84:wildfire:semiwild|92:wildfire:origin|96:flood:alternative,0.013178004299969492,0.04619054932004714,0.2217307396839685,0.0232908115913147,2.097951817112855e-05,0.001164447885910234,7.458813836302167e-05,230272c1a14be090,biobank_off
S7,forward_rollout_proxy,False,980018,0.625,0.375,5,3,943,943,0,0.0,0.0,,334.1942153061376,0.6607073018673009,5.029033408319398,6.781760072947995e-06,0.999993218239927,21,0,0,11218.899392399702,11218.8993923997,3739.6331307999008,1.5,0.7402635539070607,0.2930666894739,7.602173630092412e-05,68.25,27.30000000000002,0.0,3,,0.014550481285404622,0.04882266980039549,0.088135267167566,0.005298086009530205,1.2163477808147859e-05,0.0006799965201999156,7.300447635524298e-05,230272c1a14be090,biobank_off
S7,forward_rollout_proxy,False,980019,0.625,0.625,5,5,928,928,2,0.6666666666666666,1.0,33.5,304.96619059812923,0.5649445642534203,4.761768389724408,8.577153957932298e-05,0.9999142284604207,43,0,0,11176.565185206488,11176.565185206488,2235.3130370412973,1.5,0.4955317992400725,0.37842086382125134,0.000212074612108305,76.5,30.600000000000026,0.0,1,10:wildfire:alternative|32:wildfire:alternative|36:heatwave:alternative|78:wildfire:semiwild|94:flood:alternative,0.014042501301111631,0.05101724660635478,0.17551142164555739,0.013259291505758912,3.393193793732879e-05,0.00102972202217948,6.848000055674311e-05,230272c1a14be090,biobank_off
S7,forward_rollout_proxy,False,980020,0.5,0.25,4,2,112,89,1,0.3333333333333333,1.0,18.0,216.50340904993732,0.7158875758437133,2.6436905506090658,0.014276097121294422,0.9857239028787056,159,0,0,11191.617604849991,11191.617604849991,5595.8088024249955,1.5,0.4185247406977141,0.18078937957586208,0.0005931723440638167,89.5,35.80000000000004,0.0,2,9:funding_collapse|48:wildfire:reserve|57:flood:origin|66:flood:semiwild|77:wildfire:alternative|78:heatwave:semiwild|80:wildfire:reserve|90:flood:origin,0.015528114824805627,0.07050673993101586,0.005282666762307779,0.0026460553202027944,9.490757505021067e-05,0.0009172042704230642,0.00019409411051085054,230272c1a14be090,biobank_off
S7,forward_rollout_proxy,False,980021,0.625,0.625,5,5,844,844,1,0.3333333333333333,1.0,16.0,273.51590848044407,0.5816744114859073,3.201620517817971,0.0615411240990114,0.9384588759009886,20,0,0,11149.672411098652,11149.67241109865,2229.9344822197304,1.5,0.6251482429939134,0.3757810294775711,0.0002472025978335938,59.25,23.700000000000017,0.0,2,39:funding_collapse|58:flood:alternative|68:funding_collapse|93:heatwave:origin,0.014126422249974166,0.051444959274613754,0.1599582360423295,0.011863443362305633,3.955241565337501e-05,0.0008423373398066109,6.547400012664491e-05,230272c1a14be090,biobank_off
S7,forward_rollout_proxy,False,980022,0.75,0.75,6,6,1005,1005,1,0.3333333333333333,1.0,24.0,216.1025548191905,0.45592424933976766,3.290131037905164,0.05188606133548251,0.9481139386645175,20,0,0,11175.864608459991,11175.864608459991,1862.6441014099985,1.5,0.6699999999999999,0.43740131037905167,5.161298915794241e-05,35.0,13.999999999999993,0.0,2,14:wildfire:origin|17:funding_collapse|50:funding_collapse|71:heatwave:semiwild,0.013072472714723537,0.0453257680975404,0.27936635758511585,0.020021330535005807,8.258078265270786e-06,0.0009641801534936087,8.111574496209953e-05,230272c1a14be090,biobank_off
S7,forward_rollout_proxy,False,980023,0.5,0.125,4,1,183,183,0,0.0,0.0,,171.85431005600253,0.7331305835044545,1.9899578109216236,0.0025990462707970786,0.9974009537292029,94,0,0,11230.300165772342,11230.300165772343,11230.300165772342,1.5,0.6045833560573936,0.1366079137149556,0.00014247621626832356,59.75,23.900000000000016,0.0,3,8:heatwave:semiwild|34:heatwave:reserve|40:flood:origin|42:flood:origin|82:heatwave:semiwild,0.016470864776669782,0.0569529829163041,0.0017725837898955724,0.0016486331392759701,2.2796194602931768e-05,0.0007922126212641625,0.0002604796265593016,230272c1a14be090,biobank_off
S7,forward_rollout_proxy,False,980024,0.75,0.625,6,5,919,919,0,0.0,0.0,,225.31382986843207,0.466711475640281,3.6208955864050316,0.0009957092615470464,0.999004290738453,23,0,0,11230.750517211794,11230.750517211794,2246.150103442359,1.5,0.5796598054661334,0.37542493641066366,0.0001349704580504316,45.75,18.300000000000004,0.0,3,23:wildfire:origin|46:heatwave:semiwild|49:heatwave:alternative|64:flood:origin|86:wildfire:semiwild|100:flood:origin,0.013276613796562704,0.04552678607116701,0.2702321126801413,0.018830442907254573,2.1595273288069057e-05,0.0009294751379476175,8.17121741522772e-05,230272c1a14be090,biobank_off
S7,forward_rollout_proxy,False,980025,0.25,0.125,2,1,164,164,1,0.3333333333333333,1.0,28.0,113.63270882582766,0.7261876768450313,2.0,0.0050110673214602995,0.9949889326785397,32,0,0,11187.111224542023,11187.111224542023,11187.111224542023,1.5,0.5864645349101157,0.1348964534910116,0.0003008428560095712,27.0,10.799999999999994,0.0,2,9:wildfire:reserve|20:wildfire:semiwild|22:heatwave:origin|25:flood:origin|41:heatwave:semiwild|53:heatwave:origin,0.0167803770802764,0.058840306125932454,0.0003149418983539341,0.0005467311868002958,4.81348569615314e-05,0.002457122672356753,0.00025551066891396396,230272c1a14be090,biobank_off
S7,forward_rollout_proxy,False,980026,0.625,0.5,5,4,761,761,0,0.0,0.0,,229.5375188877497,0.5210755328154765,3.615019751011644,2.0736644013161446e-05,0.9999792633559869,35,0,0,11235.025054274362,11235.025054274363,2808.7562635685904,1.5,0.49333696251671616,0.3104838937617881,0.00021918164970756524,38.25,15.299999999999992,0.0,3,14:heatwave:origin|47:flood:alternative|69:flood:alternative|97:flood:origin,0.013162621626009913,0.04533916308436187,0.2251010217401937,0.00941533793447479,3.506906395321045e-05,0.0006338134869385892,8.427245045159072e-05,230272c1a14be090,biobank_off
S7,forward_rollout_proxy,False,980027,0.625,0.625,5,5,904,904,0,0.0,0.0,,269.8089358213999,0.5314958099654042,3.6495689042689463,0.0,1.0,56,0,0,11194.939122457175,11194.939122457177,2238.9878244914353,1.5,0.6699999999999999,0.38474568904268946,0.0004194243044205357,51.0,20.400000000000006,0.0,3,39:funding_collapse|41:wildfire:origin|54:wildfire:origin,0.013742348194099155,0.04868717995750723,0.20964030581414053,0.013636551192294802,6.71078887072857e-05,0.0008690982763058365,6.099699982373095e-05,230272c1a14be090,biobank_off
S7,forward_rollout_proxy,False,980028,0.5,0.25,4,2,328,328,2,0.6666666666666666,1.0,13.5,217.13740844050105,0.7297538809228371,2.463831366513629,0.004611416475920081,0.9953885835240799,59,0,0,11124.241050547487,11124.241050547487,5562.120525273744,1.5,0.5891431237216014,0.19605262603729642,0.0002930973707807021,49.25,19.700000000000006,0.0,1,18:heatwave:semiwild|22:wildfire:reserve|34:heatwave:origin|78:funding_collapse|79:funding_collapse,0.016370335880516524,0.0595498710147943,0.0003532555860212154,0.00041980912182570175,4.689557932491234e-05,0.0014943709549783545,0.00017907196437802892,230272c1a14be090,biobank_off
S7,forward_rollout_proxy,False,980029,0.75,0.625,6,5,769,768,1,0.3333333333333333,1.0,46.0,284.3204699685138,0.5660830993496317,3.3342630198194856,0.0017808964767171253,0.9982191035232829,51,0,0,11190.085665375793,11190.085665375795,2238.0171330751587,1.5,0.6095021304605578,0.37554284324425063,2.6109660574412533e-05,71.75,28.70000000000003,0.0,2,11:flood:alternative|58:heatwave:semiwild|80:heatwave:reserve,0.013805015898827799,0.0535690040079487,0.17160101869804914,0.012517340174547982,4.177545691906005e-06,0.0008003634862940629,6.578512211184945e-05,230272c1a14be090,biobank_off
S7,forward_rollout_proxy,False,980030,0.75,0.5,6,4,762,762,1,0.3333333333333333,1.0,27.0,296.9524296677487,0.6170894648500609,3.928472162586143,0.000899180363666914,0.9991008196363331,67,0,0,11125.218808223248,11125.21880822325,2781.304702055812,1.5,0.6619780756342611,0.33048252918928755,0.00010878167162707638,70.0,28.000000000000025,0.0,2,2:flood:alternative|64:flood:semiwild|75:funding_collapse,0.014147761752004114,0.052798733023646724,0.12991000777367337,0.00559128764958958,1.740506746033222e-05,0.0007803043248245062,7.132354459024562e-05,230272c1a14be090,biobank_off
S7,forward_rollout_proxy,False,980031,0.625,0.625,5,5,916,916,0,0.0,0.0,,261.24094003054836,0.520851880664088,3.657565816682876,0.0003155173423162266,0.9996844826576837,29,0,0,11095.708226100673,11095.708226100673,2219.1416452201347,1.5,0.5809138494455137,0.3759170431113801,0.00018726019017961407,54.5,21.80000000000001,0.0,3,17:flood:semiwild|41:flood:alternative|43:funding_collapse|54:heatwave:origin|73:funding_collapse|74:funding_collapse|77:wildfire:semiwild|94:flood:semiwild|99:funding_collapse,0.01370698458302846,0.04680729989954284,0.21933506636412328,0.016416581746391313,2.9961630428738256e-05,0.0009803995594593478,5.894061880639642e-05,230272c1a14be090,biobank_off
S7,forward_rollout_proxy,False,980032,0.5,0.5,4,4,583,583,1,0.3333333333333333,1.0,37.0,222.7679901427463,0.6267723250661894,2.974280636281131,0.0031699624466905085,0.9968300375533095,156,0,0,11206.90432861123,11206.90432861123,2801.7260821528075,1.5,0.5853061288712477,0.3132734192499361,0.00036381990063799824,67.5,27.000000000000018,0.0,2,23:wildfire:origin|44:flood:origin|68:flood:reserve|77:flood:semiwild|85:funding_collapse,0.013813205810566474,0.058138609466209926,0.10637005401398048,0.007431522233029885,5.821118410207971e-05,0.0005786385145743702,0.00011357488836641581,230272c1a14be090,biobank_off
S7,forward_rollout_proxy,False,980033,0.625,0.5,5,4,726,726,0,0.0,0.0,,294.1291666824559,0.7432413948642398,4.225448216637329,0.0019695507084221157,0.9980304492915779,24,0,0,11115.383991100747,11115.383991100747,2778.845997775187,1.5,0.5470503826856067,0.3219595204349339,0.00013916654046140645,46.5,18.600000000000005,0.0,3,2:flood:reserve|62:funding_collapse|93:wildfire:reserve,0.016655962554390162,0.057611151941609436,1.8093788796006642e-05,4.238072402474262e-05,2.2266646473825027e-05,0.0008611345456978818,8.511392073495072e-05,230272c1a14be090,biobank_off
S7,forward_rollout_proxy,False,980034,0.5,0.5,4,4,661,652,1,0.3333333333333333,1.0,39.0,281.41523358083873,0.741279865629096,3.167219194331265,0.00727114360012393,0.9927288563998761,47,0,0,11088.89578521529,11088.89578521529,2772.2239463038227,1.5,0.6533482376507734,0.32200701570838997,0.0005074221937727944,55.25,22.10000000000001,0.0,2,2:heatwave:reserve|40:funding_collapse|62:funding_collapse|88:wildfire:semiwild,0.016516007214093065,0.05967332072385305,7.266671512926541e-05,0.0001306576006273047,8.118755100364711e-05,0.000773682143925303,8.877142635511448e-05,230272c1a14be090,biobank_off
S7,forward_rollout_proxy,False,980035,0.5,0.375,4,3,1050,953,3,1.0,1.0,25.0,293.04360951105514,0.6316105709925941,3.316797858544492,0.0025093683926281723,0.9974906316073718,244,0,0,11159.667931593787,11159.667931593787,3719.8893105312623,1.5,0.614230373532159,0.2633410159386608,0.00030855560682989397,102.75,41.10000000000005,0.0,0,9:flood:origin|10:funding_collapse|30:flood:semiwild|34:wildfire:reserve|71:wildfire:origin|75:funding_collapse|97:funding_collapse,0.012835964251429388,0.06351780858557671,0.07184566160095683,0.01872405646937917,4.936889709278303e-05,0.0010982266088473054,0.00013894876250260406,230272c1a14be090,biobank_off
S7,forward_rollout_proxy,False,980036,0.5,0.375,4,3,279,258,0,0.0,0.0,,213.87743524335963,0.7013516369884938,2.30591122805421,0.04017128141038912,0.9598287185896108,169,0,0,11127.087730012852,11127.087730012852,3709.0292433376176,1.5,0.5517985500277911,0.2469889672833212,0.00029860460400601296,90.0,36.00000000000002,0.0,3,9:heatwave:alternative|10:funding_collapse|18:heatwave:alternative|37:wildfire:reserve,0.013627066400464032,0.07529746856560887,0.015015358196567791,0.005549102603482852,4.7776736640962074e-05,0.000853613746329107,0.0002213199181646178,230272c1a14be090,biobank_off
S7,forward_rollout_proxy,False,980037,0.5,0.375,4,3,309,232,0,0.0,0.0,,225.2105826691107,0.6956850718512675,3.170617496507633,0.009439601839207515,0.9905603981607924,197,0,0,11151.669269612516,11151.669269612517,3717.2230898708385,1.5,0.5357848440394926,0.2540346593690256,0.00037154967460619056,90.0,36.00000000000003,0.0,3,47:heatwave:reserve|49:heatwave:alternative|72:flood:origin|74:funding_collapse|86:flood:reserve|99:funding_collapse,0.014147968435004554,0.07258226494143985,0.021277943670514485,0.010106770541046724,5.944794793699048e-05,0.0010095433710909068,0.00015106508579604237,230272c1a14be090,biobank_off
S7,forward_rollout_proxy,False,980038,0.625,0.625,5,5,926,926,0,0.0,0.0,,212.41366773094475,0.4119599289902874,3.429646283573706,0.0004854562071526492,0.9995145437928473,39,0,0,11243.39178350116,11243.39178350116,2248.678356700232,1.5,0.6768787712053331,0.3832343399562704,0.0004032252062422352,39.0,15.599999999999989,0.0,3,3:heatwave:origin|95:funding_collapse,0.012656266355928985,0.043473345600162985,0.3239759702293376,0.018925745929605407,6.451603299875763e-05,0.0008151259851478386,6.993195207979283e-05,230272c1a14be090,biobank_off
S7,forward_rollout_proxy,False,980039,0.625,0.625,5,5,1181,1181,2,0.6666666666666666,1.0,20.0,340.4640513464492,0.6156359999585647,3.709343652257176,0.00827010712477339,0.9917298928752266,61,0,0,11197.256493689092,11197.256493689092,2239.4512987378184,1.5,0.5887425690591355,0.3772176934284853,0.0004017255265755618,78.75,31.50000000000002,0.0,1,34:heatwave:semiwild|55:heatwave:semiwild|63:funding_collapse|66:flood:semiwild|90:flood:alternative|98:wildfire:semiwild|100:heatwave:origin,0.01432869167787565,0.05310590514984863,0.1253615222866568,0.00915753551940325,6.427608425208988e-05,0.0008655708346245313,7.180092439885234e-05,230272c1a14be090,biobank_off
S7,forward_rollout_proxy,False,980040,0.375,0.25,3,2,315,315,0,0.0,0.0,,153.4296997582642,0.7101134234430391,1.4997128087306146,0.1666019543590611,0.8333980456409389,117,0,0,11182.101053069655,11182.101053069655,5591.050526534827,1.5,0.6172960429338153,0.18922673238068768,0.0011771527155942656,55.75,22.30000000000001,0.0,3,16:wildfire:reserve|21:wildfire:origin|48:heatwave:semiwild|62:heatwave:origin|86:flood:origin|96:funding_collapse,0.015503418537863047,0.06148608926933903,0.0013549020052977313,0.009958875972495255,0.0001883444344950825,0.0018810549147909759,0.0003180795887465893,230272c1a14be090,biobank_off
S7,forward_rollout_proxy,False,980041,0.5,0.5,4,4,712,712,2,0.6666666666666666,1.0,21.5,218.06714083170166,0.5028808560361183,3.1111240674980434,0.08476687657083112,0.9152331234291688,28,0,0,11170.44976035604,11170.449760356041,2792.61244008901,1.5,0.6058704339577865,0.31669828407075906,0.0004044531217546629,27.5,10.999999999999995,0.0,1,9:funding_collapse|9:flood:origin|23:heatwave:origin|37:funding_collapse|46:funding_collapse|46:wildfire:alternative|59:flood:semiwild,0.012721402050107172,0.044546424396848444,0.23005331009409744,0.020846266925809816,6.471249948074607e-05,0.0008914478101991342,5.814496627084525e-05,230272c1a14be090,biobank_off
S7,forward_rollout_proxy,False,980042,0.5,0.375,4,3,566,566,1,0.3333333333333333,1.0,22.0,253.83735841449888,0.7398954436405597,2.6021847387279475,0.006007775894472607,0.9939922241055273,62,0,0,11111.250843369917,11111.250843369917,3703.7502811233057,1.5,0.5668437780547865,0.2514562251927581,0.00023623356026345133,49.25,19.70000000000001,0.0,2,4:flood:reserve|62:flood:semiwild|69:heatwave:origin|79:funding_collapse,0.016318684112051618,0.06113939877127745,0.00018410002989587725,0.00017740035918627442,3.779736964215221e-05,0.0006434903548852373,0.00011058796221432706,230272c1a14be090,biobank_off
S7,forward_rollout_proxy,False,980043,0.625,0.625,5,5,810,810,2,0.6666666666666666,1.0,23.5,305.33265681535994,0.5772181182911678,2.979677023837917,0.0030050682822756027,0.9969949317177244,62,0,0,11187.687960149737,11187.687960149737,2237.5375920299475,1.5,0.6006625974600007,0.37111302998437923,0.00019009462444464877,70.5,28.200000000000028,0.0,1,3:wildfire:semiwild|9:heatwave:semiwild|24:heatwave:alternative|49:funding_collapse|58:wildfire:reserve|62:wildfire:origin|65:wildfire:semiwild|71:heatwave:semiwild,0.013765394663256684,0.060806218935497994,0.1473535080020695,0.017598132535323274,3.0415139911143803e-05,0.0009973153092131014,6.191744448556364e-05,230272c1a14be090,biobank_off
S7,forward_rollout_proxy,False,980044,0.5,0.5,4,4,720,720,0,0.0,0.0,,268.84449109990055,0.734619791047434,3.0935059614176796,0.006056458929811826,0.9939435410701881,115,0,0,11186.414906754555,11186.414906754555,2796.6037266886387,1.5,0.5604804129299407,0.31198310090717085,0.0006674730579192256,67.5,27.000000000000018,0.0,3,4:heatwave:semiwild|36:funding_collapse|40:wildfire:reserve|87:heatwave:semiwild|91:flood:semiwild|93:flood:reserve,0.016205198623182437,0.06183752928505861,0.0011157877877787086,0.0052009479988609966,0.00010679568926707608,0.0009664562188405361,0.00013017116783319547,230272c1a14be090,biobank_off
S7,forward_rollout_proxy,False,980045,0.5,0.375,4,3,548,548,0,0.0,0.0,,246.30210242528244,0.7433458195076754,3.293612282156459,0.00659739672639333,0.9934026032736066,32,0,0,11152.377704208948,11152.377704208946,3717.459234736316,1.5,0.5720956865476501,0.2588956914763296,0.00021159139307075532,36.25,14.499999999999991,0.0,3,5:wildfire:reserve|89:wildfire:origin,0.0164365834346182,0.05772538364016284,9.141662561213216e-05,0.0001765978605224448,3.385462289132085e-05,0.0007028339202907136,9.141369534905705e-05,230272c1a14be090,biobank_off
S7,forward_rollout_proxy,False,980046,0.625,0.375,5,3,226,189,1,0.3333333333333333,1.0,24.0,212.70274272123663,0.7321388144262393,3.2854533109620334,0.026813614132813562,0.9731863858671864,51,0,0,11108.73506318569,11108.73506318569,3702.9116877285633,1.5,0.40633567222196326,0.24223810033181667,0.0005161361990766894,63.25,25.300000000000008,0.0,2,2:wildfire:reserve|17:heatwave:semiwild|32:funding_collapse|59:heatwave:reserve|87:heatwave:alternative|98:heatwave:alternative,0.016185120654461052,0.06766946602373498,0.00027816634683523023,0.0003134200854137931,8.25817918522703e-05,0.0007557271084120837,0.0001415437733377852,230272c1a14be090,biobank_off
S7,forward_rollout_proxy,False,980047,0.5,0.5,4,4,966,966,2,0.6666666666666666,1.0,21.5,310.1923865104411,0.6045972878585004,4.591452686207896,0.0067946466089286095,0.9932053533910714,59,0,0,11222.565879678015,11222.565879678015,2805.641469919504,1.5,0.6699999999999999,0.33791452686207896,2.4752475247524754e-05,65.75,26.300000000000015,0.0,1,30:wildfire:semiwild|68:flood:origin|72:flood:semiwild|81:flood:origin,0.01413597062308442,0.04857447115231473,0.1350930837454875,0.01447240563151694,3.960396039603961e-06,0.00100356184127219,7.145092472693024e-05,230272c1a14be090,biobank_off
S7,forward_rollout_proxy,False,980000,0.375,0.375,3,3,556,556,1,0.3333333333333333,1.0,40.0,217.7040003251532,0.573717973016262,4.059582791775099,0.001076399352027557,0.9989236006479725,19,0,0,11112.016294897427,11112.016294897428,3704.0054316324754,1.5,0.6699999999999999,0.315445827917751,0.0002461943001151519,30.75,12.299999999999994,0.19550000000000012,2,16:funding_collapse|18:wildfire:origin|19:funding_collapse|27:wildfire:origin|72:funding_collapse|97:funding_collapse,0.013073671534670737,0.04580578661449098,0.17194403310084147,0.009604825990961864,3.9391088018424305e-05,0.0006014082804598754,6.422354771831795e-05,d8a97ddc9c6486ac,biobank_no_decay
S7,forward_rollout_proxy,False,980001,0.625,0.625,5,5,1200,1200,1,0.3333333333333333,1.0,36.0,342.86070356121,0.5793088881836973,3.547349193028108,0.0029735220125290474,0.9970264779874709,44,0,0,11189.763488973098,11189.763488973098,2237.95269779462,1.5,0.7396516999351018,0.44528866192379135,0.0006968167606914281,60.25,24.100000000000016,0.2730000000000002,2,90:funding_collapse,0.014208800786291276,0.04893424461766384,0.16098147164495022,0.013918080733852643,0.00011149068171062852,0.0010154686950214703,5.306283561638889e-05,d8a97ddc9c6486ac,biobank_no_decay
S7,forward_rollout_proxy,False,980002,0.5,0.375,4,3,637,557,0,0.0,0.0,,300.2031323161848,0.7364695985739752,3.6292548064189583,0.00410691200242171,0.9958930879975783,99,0,0,11112.900336167868,11112.90033616787,3704.300112055956,1.5,0.6702721305852188,0.3172697611227115,0.00024719328721278425,86.75,34.70000000000004,0.22600000000000015,3,10:funding_collapse|30:heatwave:reserve|92:funding_collapse|95:funding_collapse|97:wildfire:semiwild,0.01599505528243708,0.059338472911649884,0.0021197056134937033,0.000750574782357698,3.955092595404548e-05,0.0007605099491730047,0.00011901788365109002,d8a97ddc9c6486ac,biobank_no_decay
S7,forward_rollout_proxy,False,980003,0.625,0.5,5,4,732,732,0,0.0,0.0,,298.9904259963685,0.7419195918315292,3.170545309587035,0.0029136801109510176,0.9970863198890489,52,0,0,11184.659035230985,11184.659035230987,2796.1647588077462,1.5,0.4589356589762235,0.3537990189934927,0.00020769202141146975,67.25,26.900000000000016,0.25600000000000017,3,27:funding_collapse|41:wildfire:reserve|66:heatwave:reserve|89:wildfire:origin,0.016552927546943375,0.059051666338247454,0.00019920798180366999,0.000209327172162099,3.323072342583516e-05,0.0008144481028927184,0.00010102762149852543,d8a97ddc9c6486ac,biobank_no_decay
S7,forward_rollout_proxy,False,980004,0.25,0.125,2,1,249,123,1,0.3333333333333333,1.0,31.0,163.70114942316815,0.7076572594368038,3.9787589039337736,0.0029029461536385537,0.9970970538463615,79,0,0,11066.00498232304,11066.00498232304,11066.00498232304,1.5,0.4240154614272363,0.16993913518206138,0.0002621320494623494,63.0,25.200000000000028,0.15750000000000008,2,2:funding_collapse|14:funding_collapse|19:flood:reserve|20:funding_collapse|30:flood:origin|50:wildfire:origin|66:funding_collapse|77:flood:reserve|78:wildfire:alternative,0.014752530014113297,0.0680957344092991,0.0039029680793481146,0.001810779793766826,4.1941127913975904e-05,0.0007585104110754584,0.00021512509705267087,d8a97ddc9c6486ac,biobank_no_decay
S7,forward_rollout_proxy,False,980005,0.625,0.625,5,5,385,375,0,0.0,0.0,,291.63262156034375,0.5878772798084486,4.902009759541293,0.0013244674175114193,0.9986755325824885,72,0,0,11076.670597657097,11076.6705976571,2215.3341195314197,1.5,0.35662193235998424,0.4214322908314114,5.3475935828877e-05,78.75,31.500000000000032,0.2775000000000002,3,4:flood:alternative|9:funding_collapse|51:heatwave:alternative|60:funding_collapse|91:heatwave:semiwild|95:flood:reserve|98:heatwave:reserve|100:funding_collapse,0.014146073401395998,0.058082262225262894,0.1472103914258567,0.011650782718109291,8.556149732620321e-06,0.0009520385375013405,7.763051522486813e-05,d8a97ddc9c6486ac,biobank_no_decay
S7,forward_rollout_proxy,False,980006,0.75,0.625,6,5,914,914,1,0.3333333333333333,1.0,13.0,334.52932660031837,0.7183256667319395,3.438897023806041,0.0016539020035399668,0.99834609799646,140,0,0,11157.402312698166,11157.402312698166,2231.480462539633,1.5,0.6641386423953914,0.43445283447759964,0.0002716751272682855,82.0,32.80000000000003,0.2620000000000002,2,21:wildfire:semiwild|35:funding_collapse|53:flood:reserve|78:funding_collapse,0.01564100600237829,0.061585152158460235,0.018114734258856065,0.0035078687740273447,4.3468020362925685e-05,0.0008445595649707599,0.00010227084385679777,d8a97ddc9c6486ac,biobank_no_decay
S7,forward_rollout_proxy,False,980007,0.5,0.375,4,3,84,14,2,0.6666666666666666,1.0,20.5,168.79106765049025,0.6915996526264461,1.9743388321550146,0.05182147299509418,0.9481785270049058,125,0,0,11045.169940752201,11045.169940752201,3681.723313584067,1.5,0.4041313542325418,0.2710065237448044,0.0002341373059204738,71.75,28.700000000000014,0.21050000000000013,1,6:flood:reserve|14:wildfire:alternative|15:wildfire:alternative|55:flood:semiwild|56:funding_collapse|98:heatwave:reserve|99:heatwave:semiwild,0.01211705438185147,0.07877458194333607,0.008006043728317045,0.0032295892358718908,3.746196894727581e-05,0.0008403057616512466,0.00030805421391263185,d8a97ddc9c6486ac,biobank_no_decay
S7,forward_rollout_proxy,False,980008,0.25,0.125,2,1,264,229,2,0.6666666666666666,1.0,20.0,156.02465426638068,0.6948271734105022,2.976426375128118,0.04110390686556896,0.958896093134431,229,0,0,11255.12446326951,11255.12446326951,11255.12446326951,1.5,0.5343700974048146,0.16875127349176267,0.00022535143911297937,94.5,37.800000000000026,0.1465000000000001,1,12:wildfire:origin|34:wildfire:reserve|81:heatwave:origin|92:flood:reserve,0.013510606626870132,0.0622026440368384,0.01793245543360285,0.009715564926178614,3.6056230258076706e-05,0.0007799355829268162,0.0003264883242392678,d8a97ddc9c6486ac,biobank_no_decay
S7,forward_rollout_proxy,False,980009,0.75,0.75,6,6,965,965,1,0.3333333333333333,1.0,17.0,279.5037872709722,0.5540047668806204,4.028215564529644,0.000498087557183712,0.9995019124428163,17,0,0,11150.462628019375,11150.462628019375,1858.4104380032293,1.5,0.5557930923929563,0.4923614648845922,0.00014442410033366923,63.5,25.400000000000016,0.2950000000000002,2,1:heatwave:alternative|81:heatwave:alternative,0.013984070541125769,0.05006108824199095,0.18839076498989552,0.012123023935720796,2.3107856053387076e-05,0.0008331014177804302,6.178776636400218e-05,d8a97ddc9c6486ac,biobank_no_decay
S7,forward_rollout_proxy,False,980010,0.625,0.5,5,4,896,896,0,0.0,0.0,,299.75891392066825,0.6207525429831461,3.953085251960009,0.007295410992559398,0.9927045890074406,91,0,0,11232.755352639271,11232.755352639271,2808.188838159818,1.5,0.7405545290720914,0.3919863054268093,0.0002666863788685196,72.5,29.000000000000032,0.2670000000000002,3,68:flood:semiwild,0.014219104522132646,0.05098909930082309,0.12079244693782908,0.010926914934064917,4.2669820618963144e-05,0.0009511696487136832,8.11180579751508e-05,d8a97ddc9c6486ac,biobank_no_decay
S7,forward_rollout_proxy,False,980011,0.625,0.625,5,5,1116,1116,0,0.0,0.0,,308.7538980618133,0.5489839491920132,3.728775408977492,0.006407036680795873,0.9935929633192041,14,0,0,11237.371811359233,11237.371811359233,2247.4743622718465,1.5,0.6699999999999999,0.44113775408977496,5.5710306406685235e-05,46.25,18.5,0.2780000000000002,3,61:flood:origin,0.013903414306489266,0.04489223876032847,0.1886927426503558,0.019255173019991093,8.913649025069637e-06,0.001051345165257233,4.6231500391177955e-05,d8a97ddc9c6486ac,biobank_no_decay
S7,forward_rollout_proxy,False,980012,0.625,0.375,5,3,662,662,1,0.3333333333333333,1.0,14.0,236.28997674975977,0.6635562460564788,3.7576927583381092,0.004185381275029285,0.9958146187249707,163,0,0,11219.355135547987,11219.355135547989,3739.785045182662,1.5,0.5767523278496854,0.3146021603683497,0.00028305552757225004,73.5,29.400000000000027,0.25300000000000017,2,33:flood:origin|59:wildfire:reserve,0.014340817792078546,0.06278939598687537,0.06752224560796921,0.006837458474887728,4.528888441156001e-05,0.0006277259152471824,0.00012758508210733446,d8a97ddc9c6486ac,biobank_no_decay
S7,forward_rollout_proxy,False,980013,0.5,0.375,4,3,172,163,2,0.6666666666666666,1.0,12.5,144.1939568849141,0.5954012562992448,2.134402488979418,0.021868555491960553,0.9781314445080395,103,0,0,11218.85635686866,11218.85635686866,3739.6187856228867,1.5,0.48884066303430146,0.2796780911932244,0.00041525603750731526,75.5,30.200000000000017,0.20350000000000015,1,4:heatwave:origin|16:funding_collapse|18:wildfire:alternative|50:funding_collapse|57:heatwave:reserve|63:wildfire:semiwild,0.011991151450881277,0.06903108045314203,0.11747232833813326,0.012294095882006369,6.644096600117045e-05,0.0005854438229225483,0.00020415710394655083,d8a97ddc9c6486ac,biobank_no_decay
S7,forward_rollout_proxy,False,980014,0.625,0.5,5,4,1172,1172,0,0.0,0.0,,307.30816239447836,0.613304754247078,3.3005692040521843,0.00287646345007247,0.9971235365499276,29,0,0,11130.085426962358,11130.085426962358,2782.5213567405895,1.5,0.7383984606328763,0.38104553810380953,0.00030594041892158876,68.25,27.300000000000022,0.24600000000000016,3,24:funding_collapse|34:wildfire:semiwild|46:funding_collapse|54:funding_collapse|60:wildfire:semiwild,0.014348340333290164,0.048580320322555125,0.12519273037213272,0.01589057014693539,4.89504670274542e-05,0.000960644544635781,7.6172921969876e-05,d8a97ddc9c6486ac,biobank_no_decay
S7,forward_rollout_proxy,False,980015,0.5,0.5,4,4,354,354,1,0.3333333333333333,1.0,16.0,214.9631606094647,0.5351458533612957,2.4035251185717565,0.00468387834284744,0.9953161216571526,32,0,0,11208.042940161937,11208.042940161937,2802.010735040484,1.5,0.5257537451659164,0.34881062570230925,0.0002963323347972755,23.25,9.299999999999999,0.23600000000000015,2,12:heatwave:origin|14:heatwave:alternative|70:funding_collapse|70:wildfire:semiwild|93:heatwave:reserve,0.01279068577858224,0.04731957539326678,0.20450979938454217,0.0120352324875039,4.741317356756409e-05,0.0006531159072692069,8.02471496570636e-05,d8a97ddc9c6486ac,biobank_no_decay
S7,forward_rollout_proxy,False,980016,0.5,0.125,4,1,266,35,0,0.0,0.0,,184.47441893108555,0.6474875624648223,2.9948361974096342,0.019931072511667165,0.9800689274883329,113,0,0,11129.215810987549,11129.21581098755,11129.215810987549,1.5,0.24686297808469895,0.14858465978256627,0.00024615588547189824,89.5,35.80000000000003,0.1885000000000001,3,25:wildfire:alternative|29:flood:reserve|38:heatwave:reserve|44:wildfire:origin|56:funding_collapse|82:wildfire:reserve|89:funding_collapse|94:flood:alternative,0.009240880785498088,0.07384848460622206,0.023990127275995362,0.008196532721665921,3.938494167550371e-05,0.0008433953180540987,0.00025146261294504204,d8a97ddc9c6486ac,biobank_no_decay
S7,forward_rollout_proxy,False,980017,0.625,0.625,5,5,779,779,0,0.0,0.0,,228.81942786964981,0.5096467102142964,2.508577741676083,0.06956340921372274,0.9304365907862773,55,0,0,11205.788316026366,11205.788316026366,2241.1576632052734,1.5,0.6036979175254747,0.4224055691693083,0.00013112198856955347,45.0,18.000000000000007,0.2785000000000002,3,25:flood:origin|33:funding_collapse|84:wildfire:semiwild|92:wildfire:origin|96:flood:alternative,0.013178004299969492,0.04619054932004714,0.2217307396839685,0.0232908115913147,2.097951817112855e-05,0.001164447885910234,7.458813836302167e-05,d8a97ddc9c6486ac,biobank_no_decay
S7,forward_rollout_proxy,False,980018,0.625,0.375,5,3,943,943,0,0.0,0.0,,334.1942153061376,0.6607073018673009,5.029033408319398,6.781760072947995e-06,0.999993218239927,21,0,0,11218.899392399702,11218.8993923997,3739.6331307999008,1.5,0.7402635539070607,0.3457666894739001,7.602173630092412e-05,68.25,27.30000000000002,0.2635000000000002,3,,0.014550481285404622,0.04882266980039549,0.088135267167566,0.005298086009530205,1.2163477808147859e-05,0.0006799965201999156,7.300447635524298e-05,d8a97ddc9c6486ac,biobank_no_decay
S7,forward_rollout_proxy,False,980019,0.625,0.625,5,5,928,928,2,0.6666666666666666,1.0,33.5,304.96619059812923,0.5649445642534203,4.761768389724408,8.577153957932298e-05,0.9999142284604207,43,0,0,11176.565185206488,11176.565185206488,2235.3130370412973,1.5,0.4955317992400725,0.4294208638212514,0.000212074612108305,76.5,30.600000000000026,0.25500000000000017,1,10:wildfire:alternative|32:wildfire:alternative|36:heatwave:alternative|78:wildfire:semiwild|94:flood:alternative,0.014042501301111631,0.05101724660635478,0.17551142164555739,0.013259291505758912,3.393193793732879e-05,0.00102972202217948,6.848000055674311e-05,d8a97ddc9c6486ac,biobank_no_decay
S7,forward_rollout_proxy,False,980020,0.5,0.25,4,2,112,89,1,0.3333333333333333,1.0,18.0,216.50340904993732,0.7158875758437133,2.6436905506090658,0.014276097121294422,0.9857239028787056,159,0,0,11191.617604849991,11191.617604849991,5595.8088024249955,1.5,0.4185247406977141,0.22378937957586212,0.0005931723440638167,89.5,35.80000000000004,0.21500000000000014,2,9:funding_collapse|48:wildfire:reserve|57:flood:origin|66:flood:semiwild|77:wildfire:alternative|78:heatwave:semiwild|80:wildfire:reserve|90:flood:origin,0.015528114824805627,0.07050673993101586,0.005282666762307779,0.0026460553202027944,9.490757505021067e-05,0.0009172042704230642,0.00019409411051085054,d8a97ddc9c6486ac,biobank_no_decay
S7,forward_rollout_proxy,False,980021,0.625,0.625,5,5,844,844,1,0.3333333333333333,1.0,16.0,273.51590848044407,0.5816744114859073,3.201620517817971,0.0615411240990114,0.9384588759009886,20,0,0,11149.672411098652,11149.67241109865,2229.9344822197304,1.5,0.6251482429939134,0.42968102947757114,0.0002472025978335938,59.25,23.700000000000017,0.2695000000000002,2,39:funding_collapse|58:flood:alternative|68:funding_collapse|93:heatwave:origin,0.014126422249974166,0.051444959274613754,0.1599582360423295,0.011863443362305633,3.955241565337501e-05,0.0008423373398066109,6.547400012664491e-05,d8a97ddc9c6486ac,biobank_no_decay
S7,forward_rollout_proxy,False,980022,0.75,0.75,6,6,1005,1005,1,0.3333333333333333,1.0,24.0,216.1025548191905,0.45592424933976766,3.290131037905164,0.05188606133548251,0.9481139386645175,20,0,0,11175.864608459991,11175.864608459991,1862.6441014099985,1.5,0.6699999999999999,0.49820131037905174,5.161298915794241e-05,35.0,13.999999999999993,0.3040000000000002,2,14:wildfire:origin|17:funding_collapse|50:funding_collapse|71:heatwave:semiwild,0.013072472714723537,0.0453257680975404,0.27936635758511585,0.020021330535005807,8.258078265270786e-06,0.0009641801534936087,8.111574496209953e-05,d8a97ddc9c6486ac,biobank_no_decay
S7,forward_rollout_proxy,False,980023,0.5,0.125,4,1,183,183,0,0.0,0.0,,171.85431005600253,0.7331305835044545,1.9899578109216236,0.0025990462707970786,0.9974009537292029,94,0,0,11230.300165772342,11230.300165772343,11230.300165772342,1.5,0.6045833560573936,0.17660791371495563,0.00014247621626832356,59.75,23.900000000000016,0.20000000000000012,3,8:heatwave:semiwild|34:heatwave:reserve|40:flood:origin|42:flood:origin|82:heatwave:semiwild,0.016470864776669782,0.0569529829163041,0.0017725837898955724,0.0016486331392759701,2.2796194602931768e-05,0.0007922126212641625,0.0002604796265593016,d8a97ddc9c6486ac,biobank_no_decay
S7,forward_rollout_proxy,False,980024,0.75,0.625,6,5,919,919,0,0.0,0.0,,225.31382986843207,0.466711475640281,3.6208955864050316,0.0009957092615470464,0.999004290738453,23,0,0,11230.750517211794,11230.750517211794,2246.150103442359,1.5,0.5796598054661334,0.4309249364106637,0.0001349704580504316,45.75,18.300000000000004,0.2775000000000002,3,23:wildfire:origin|46:heatwave:semiwild|49:heatwave:alternative|64:flood:origin|86:wildfire:semiwild|100:flood:origin,0.013276613796562704,0.04552678607116701,0.2702321126801413,0.018830442907254573,2.1595273288069057e-05,0.0009294751379476175,8.17121741522772e-05,d8a97ddc9c6486ac,biobank_no_decay
S7,forward_rollout_proxy,False,980025,0.25,0.125,2,1,164,164,1,0.3333333333333333,1.0,28.0,113.63270882582766,0.7261876768450313,2.0,0.0050110673214602995,0.9949889326785397,32,0,0,11187.111224542023,11187.111224542023,11187.111224542023,1.5,0.5864645349101157,0.1648964534910116,0.0003008428560095712,27.0,10.799999999999994,0.15000000000000008,2,9:wildfire:reserve|20:wildfire:semiwild|22:heatwave:origin|25:flood:origin|41:heatwave:semiwild|53:heatwave:origin,0.0167803770802764,0.058840306125932454,0.0003149418983539341,0.0005467311868002958,4.81348569615314e-05,0.002457122672356753,0.00025551066891396396,d8a97ddc9c6486ac,biobank_no_decay
S7,forward_rollout_proxy,False,980026,0.625,0.5,5,4,761,761,0,0.0,0.0,,229.5375188877497,0.5210755328154765,3.615019751011644,2.0736644013161446e-05,0.9999792633559869,35,0,0,11235.025054274362,11235.025054274363,2808.7562635685904,1.5,0.49333696251671616,0.35928389376178815,0.00021918164970756524,38.25,15.299999999999992,0.24400000000000016,3,14:heatwave:origin|47:flood:alternative|69:flood:alternative|97:flood:origin,0.013162621626009913,0.04533916308436187,0.2251010217401937,0.00941533793447479,3.506906395321045e-05,0.0006338134869385892,8.427245045159072e-05,d8a97ddc9c6486ac,biobank_no_decay
S7,forward_rollout_proxy,False,980027,0.625,0.625,5,5,904,904,0,0.0,0.0,,269.8089358213999,0.5314958099654042,3.6495689042689463,0.0,1.0,56,0,0,11194.939122457175,11194.939122457177,2238.9878244914353,1.5,0.6699999999999999,0.4378456890426895,0.0004194243044205357,51.0,20.400000000000006,0.2655000000000002,3,39:funding_collapse|41:wildfire:origin|54:wildfire:origin,0.013742348194099155,0.04868717995750723,0.20964030581414053,0.013636551192294802,6.71078887072857e-05,0.0008690982763058365,6.099699982373095e-05,d8a97ddc9c6486ac,biobank_no_decay
S7,forward_rollout_proxy,False,980028,0.5,0.25,4,2,328,328,2,0.6666666666666666,1.0,13.5,217.13740844050105,0.7297538809228371,2.463831366513629,0.004611416475920081,0.9953885835240799,59,0,0,11124.241050547487,11124.241050547487,5562.120525273744,1.5,0.5891431237216014,0.23365262603729645,0.0002930973707807021,49.25,19.700000000000006,0.1880000000000001,1,18:heatwave:semiwild|22:wildfire:reserve|34:heatwave:origin|78:funding_collapse|79:funding_collapse,0.016370335880516524,0.0595498710147943,0.0003532555860212154,0.00041980912182570175,4.689557932491234e-05,0.0014943709549783545,0.00017907196437802892,d8a97ddc9c6486ac,biobank_no_decay
S7,forward_rollout_proxy,False,980029,0.75,0.625,6,5,769,768,1,0.3333333333333333,1.0,46.0,284.3204699685138,0.5660830993496317,3.3342630198194856,0.0017808964767171253,0.9982191035232829,51,0,0,11190.085665375793,11190.085665375795,2238.0171330751587,1.5,0.6095021304605578,0.4299428432442507,2.6109660574412533e-05,71.75,28.70000000000003,0.2720000000000002,2,11:flood:alternative|58:heatwave:semiwild|80:heatwave:reserve,0.013805015898827799,0.0535690040079487,0.17160101869804914,0.012517340174547982,4.177545691906005e-06,0.0008003634862940629,6.578512211184945e-05,d8a97ddc9c6486ac,biobank_no_decay
S7,forward_rollout_proxy,False,980030,0.75,0.5,6,4,762,762,1,0.3333333333333333,1.0,27.0,296.9524296677487,0.6170894648500609,3.928472162586143,0.000899180363666914,0.9991008196363331,67,0,0,11125.218808223248,11125.21880822325,2781.304702055812,1.5,0.6619780756342611,0.3873825291892876,0.00010878167162707638,70.0,28.000000000000025,0.2845000000000002,2,2:flood:alternative|64:flood:semiwild|75:funding_collapse,0.014147761752004114,0.052798733023646724,0.12991000777367337,0.00559128764958958,1.740506746033222e-05,0.0007803043248245062,7.132354459024562e-05,d8a97ddc9c6486ac,biobank_no_decay
S7,forward_rollout_proxy,False,980031,0.625,0.625,5,5,916,916,0,0.0,0.0,,261.24094003054836,0.520851880664088,3.657565816682876,0.0003155173423162266,0.9996844826576837,29,0,0,11095.708226100673,11095.708226100673,2219.1416452201347,1.5,0.5809138494455137,0.4302170431113801,0.00018726019017961407,54.5,21.80000000000001,0.2715000000000002,3,17:flood:semiwild|41:flood:alternative|43:funding_collapse|54:heatwave:origin|73:funding_collapse|74:funding_collapse|77:wildfire:semiwild|94:flood:semiwild|99:funding_collapse,0.01370698458302846,0.04680729989954284,0.21933506636412328,0.016416581746391313,2.9961630428738256e-05,0.0009803995594593478,5.894061880639642e-05,d8a97ddc9c6486ac,biobank_no_decay
S7,forward_rollout_proxy,False,980032,0.5,0.5,4,4,583,583,1,0.3333333333333333,1.0,37.0,222.7679901427463,0.6267723250661894,2.974280636281131,0.0031699624466905085,0.9968300375533095,156,0,0,11206.90432861123,11206.90432861123,2801.7260821528075,1.5,0.5853061288712477,0.36127341924993617,0.00036381990063799824,67.5,27.000000000000018,0.24000000000000016,2,23:wildfire:origin|44:flood:origin|68:flood:reserve|77:flood:semiwild|85:funding_collapse,0.013813205810566474,0.058138609466209926,0.10637005401398048,0.007431522233029885,5.821118410207971e-05,0.0005786385145743702,0.00011357488836641581,d8a97ddc9c6486ac,biobank_no_decay
S7,forward_rollout_proxy,False,980033,0.625,0.5,5,4,726,726,0,0.0,0.0,,294.1291666824559,0.7432413948642398,4.225448216637329,0.0019695507084221157,0.9980304492915779,24,0,0,11115.383991100747,11115.383991100747,2778.845997775187,1.5,0.5470503826856067,0.371759520434934,0.00013916654046140645,46.5,18.600000000000005,0.24900000000000017,3,2:flood:reserve|62:funding_collapse|93:wildfire:reserve,0.016655962554390162,0.057611151941609436,1.8093788796006642e-05,4.238072402474262e-05,2.2266646473825027e-05,0.0008611345456978818,8.511392073495072e-05,d8a97ddc9c6486ac,biobank_no_decay
S7,forward_rollout_proxy,False,980034,0.5,0.5,4,4,661,652,1,0.3333333333333333,1.0,39.0,281.41523358083873,0.741279865629096,3.167219194331265,0.00727114360012393,0.9927288563998761,47,0,0,11088.89578521529,11088.89578521529,2772.2239463038227,1.5,0.6533482376507734,0.36700701570839,0.0005074221937727944,55.25,22.10000000000001,0.22500000000000014,2,2:heatwave:reserve|40:funding_collapse|62:funding_collapse|88:wildfire:semiwild,0.016516007214093065,0.05967332072385305,7.266671512926541e-05,0.0001306576006273047,8.118755100364711e-05,0.000773682143925303,8.877142635511448e-05,d8a97ddc9c6486ac,biobank_no_decay
S7,forward_rollout_proxy,False,980035,0.5,0.375,4,3,1050,953,3,1.0,1.0,25.0,293.04360951105514,0.6316105709925941,3.316797858544492,0.0025093683926281723,0.9974906316073718,244,0,0,11159.667931593787,11159.667931593787,3719.8893105312623,1.5,0.614230373532159,0.3030410159386609,0.00030855560682989397,102.75,41.10000000000005,0.19850000000000015,0,9:flood:origin|10:funding_collapse|30:flood:semiwild|34:wildfire:reserve|71:wildfire:origin|75:funding_collapse|97:funding_collapse,0.012835964251429388,0.06351780858557671,0.07184566160095683,0.01872405646937917,4.936889709278303e-05,0.0010982266088473054,0.00013894876250260406,d8a97ddc9c6486ac,biobank_no_decay
S7,forward_rollout_proxy,False,980036,0.5,0.375,4,3,279,258,0,0.0,0.0,,213.87743524335963,0.7013516369884938,2.30591122805421,0.04017128141038912,0.9598287185896108,169,0,0,11127.087730012852,11127.087730012852,3709.0292433376176,1.5,0.5517985500277911,0.29248896728332124,0.00029860460400601296,90.0,36.00000000000002,0.22750000000000015,3,9:heatwave:alternative|10:funding_collapse|18:heatwave:alternative|37:wildfire:reserve,0.013627066400464032,0.07529746856560887,0.015015358196567791,0.005549102603482852,4.7776736640962074e-05,0.000853613746329107,0.0002213199181646178,d8a97ddc9c6486ac,biobank_no_decay
S7,forward_rollout_proxy,False,980037,0.5,0.375,4,3,309,232,0,0.0,0.0,,225.2105826691107,0.6956850718512675,3.170617496507633,0.009439601839207515,0.9905603981607924,197,0,0,11151.669269612516,11151.669269612517,3717.2230898708385,1.5,0.5357848440394926,0.3031346593690256,0.00037154967460619056,90.0,36.00000000000003,0.24550000000000016,3,47:heatwave:reserve|49:heatwave:alternative|72:flood:origin|74:funding_collapse|86:flood:reserve|99:funding_collapse,0.014147968435004554,0.07258226494143985,0.021277943670514485,0.010106770541046724,5.944794793699048e-05,0.0010095433710909068,0.00015106508579604237,d8a97ddc9c6486ac,biobank_no_decay
S7,forward_rollout_proxy,False,980038,0.625,0.625,5,5,926,926,0,0.0,0.0,,212.41366773094475,0.4119599289902874,3.429646283573706,0.0004854562071526492,0.9995145437928473,39,0,0,11243.39178350116,11243.39178350116,2248.678356700232,1.5,0.6768787712053331,0.4355343399562704,0.0004032252062422352,39.0,15.599999999999989,0.2615000000000002,3,3:heatwave:origin|95:funding_collapse,0.012656266355928985,0.043473345600162985,0.3239759702293376,0.018925745929605407,6.451603299875763e-05,0.0008151259851478386,6.993195207979283e-05,d8a97ddc9c6486ac,biobank_no_decay
S7,forward_rollout_proxy,False,980039,0.625,0.625,5,5,1181,1181,2,0.6666666666666666,1.0,20.0,340.4640513464492,0.6156359999585647,3.709343652257176,0.00827010712477339,0.9917298928752266,61,0,0,11197.256493689092,11197.256493689092,2239.4512987378184,1.5,0.5887425690591355,0.4279176934284853,0.0004017255265755618,78.75,31.50000000000002,0.25350000000000017,1,34:heatwave:semiwild|55:heatwave:semiwild|63:funding_collapse|66:flood:semiwild|90:flood:alternative|98:wildfire:semiwild|100:heatwave:origin,0.01432869167787565,0.05310590514984863,0.1253615222866568,0.00915753551940325,6.427608425208988e-05,0.0008655708346245313,7.180092439885234e-05,d8a97ddc9c6486ac,biobank_no_decay
S7,forward_rollout_proxy,False,980040,0.375,0.25,3,2,315,315,0,0.0,0.0,,153.4296997582642,0.7101134234430391,1.4997128087306146,0.1666019543590611,0.8333980456409389,117,0,0,11182.101053069655,11182.101053069655,5591.050526534827,1.5,0.6172960429338153,0.22642673238068772,0.0011771527155942656,55.75,22.30000000000001,0.1860000000000001,3,16:wildfire:reserve|21:wildfire:origin|48:heatwave:semiwild|62:heatwave:origin|86:flood:origin|96:funding_collapse,0.015503418537863047,0.06148608926933903,0.0013549020052977313,0.009958875972495255,0.0001883444344950825,0.0018810549147909759,0.0003180795887465893,d8a97ddc9c6486ac,biobank_no_decay
S7,forward_rollout_proxy,False,980041,0.5,0.5,4,4,712,712,2,0.6666666666666666,1.0,21.5,218.06714083170166,0.5028808560361183,3.1111240674980434,0.08476687657083112,0.9152331234291688,28,0,0,11170.44976035604,11170.449760356041,2792.61244008901,1.5,0.6058704339577865,0.3596982840707591,0.0004044531217546629,27.5,10.999999999999995,0.21500000000000014,1,9:funding_collapse|9:flood:origin|23:heatwave:origin|37:funding_collapse|46:funding_collapse|46:wildfire:alternative|59:flood:semiwild,0.012721402050107172,0.044546424396848444,0.23005331009409744,0.020846266925809816,6.471249948074607e-05,0.0008914478101991342,5.814496627084525e-05,d8a97ddc9c6486ac,biobank_no_decay
S7,forward_rollout_proxy,False,980042,0.5,0.375,4,3,566,566,1,0.3333333333333333,1.0,22.0,253.83735841449888,0.7398954436405597,2.6021847387279475,0.006007775894472607,0.9939922241055273,62,0,0,11111.250843369917,11111.250843369917,3703.7502811233057,1.5,0.5668437780547865,0.29405622519275815,0.00023623356026345133,49.25,19.70000000000001,0.21300000000000013,2,4:flood:reserve|62:flood:semiwild|69:heatwave:origin|79:funding_collapse,0.016318684112051618,0.06113939877127745,0.00018410002989587725,0.00017740035918627442,3.779736964215221e-05,0.0006434903548852373,0.00011058796221432706,d8a97ddc9c6486ac,biobank_no_decay
S7,forward_rollout_proxy,False,980043,0.625,0.625,5,5,810,810,2,0.6666666666666666,1.0,23.5,305.33265681535994,0.5772181182911678,2.979677023837917,0.0030050682822756027,0.9969949317177244,62,0,0,11187.687960149737,11187.687960149737,2237.5375920299475,1.5,0.6006625974600007,0.4231130299843793,0.00019009462444464877,70.5,28.200000000000028,0.2600000000000002,1,3:wildfire:semiwild|9:heatwave:semiwild|24:heatwave:alternative|49:funding_collapse|58:wildfire:reserve|62:wildfire:origin|65:wildfire:semiwild|71:heatwave:semiwild,0.013765394663256684,0.060806218935497994,0.1473535080020695,0.017598132535323274,3.0415139911143803e-05,0.0009973153092131014,6.191744448556364e-05,d8a97ddc9c6486ac,biobank_no_decay
S7,forward_rollout_proxy,False,980044,0.5,0.5,4,4,720,720,0,0.0,0.0,,268.84449109990055,0.734619791047434,3.0935059614176796,0.006056458929811826,0.9939435410701881,115,0,0,11186.414906754555,11186.414906754555,2796.6037266886387,1.5,0.5604804129299407,0.3634831009071709,0.0006674730579192256,67.5,27.000000000000018,0.2575000000000002,3,4:heatwave:semiwild|36:funding_collapse|40:wildfire:reserve|87:heatwave:semiwild|91:flood:semiwild|93:flood:reserve,0.016205198623182437,0.06183752928505861,0.0011157877877787086,0.0052009479988609966,0.00010679568926707608,0.0009664562188405361,0.00013017116783319547,d8a97ddc9c6486ac,biobank_no_decay
S7,forward_rollout_proxy,False,980045,0.5,0.375,4,3,548,548,0,0.0,0.0,,246.30210242528244,0.7433458195076754,3.293612282156459,0.00659739672639333,0.9934026032736066,32,0,0,11152.377704208948,11152.377704208946,3717.459234736316,1.5,0.5720956865476501,0.30409569147632964,0.00021159139307075532,36.25,14.499999999999991,0.22600000000000015,3,5:wildfire:reserve|89:wildfire:origin,0.0164365834346182,0.05772538364016284,9.141662561213216e-05,0.0001765978605224448,3.385462289132085e-05,0.0007028339202907136,9.141369534905705e-05,d8a97ddc9c6486ac,biobank_no_decay
S7,forward_rollout_proxy,False,980046,0.625,0.375,5,3,226,189,1,0.3333333333333333,1.0,24.0,212.70274272123663,0.7321388144262393,3.2854533109620334,0.026813614132813562,0.9731863858671864,51,0,0,11108.73506318569,11108.73506318569,3702.9116877285633,1.5,0.40633567222196326,0.28283810033181667,0.0005161361990766894,63.25,25.300000000000008,0.20300000000000012,2,2:wildfire:reserve|17:heatwave:semiwild|32:funding_collapse|59:heatwave:reserve|87:heatwave:alternative|98:heatwave:alternative,0.016185120654461052,0.06766946602373498,0.00027816634683523023,0.0003134200854137931,8.25817918522703e-05,0.0007557271084120837,0.0001415437733377852,d8a97ddc9c6486ac,biobank_no_decay
S7,forward_rollout_proxy,False,980047,0.5,0.5,4,4,966,966,2,0.6666666666666666,1.0,21.5,310.1923865104411,0.6045972878585004,4.591452686207896,0.0067946466089286095,0.9932053533910714,59,0,0,11222.565879678015,11222.565879678015,2805.641469919504,1.5,0.6699999999999999,0.384514526862079,2.4752475247524754e-05,65.75,26.300000000000015,0.23300000000000015,1,30:wildfire:semiwild|68:flood:origin|72:flood:semiwild|81:flood:origin,0.01413597062308442,0.04857447115231473,0.1350930837454875,0.01447240563151694,3.960396039603961e-06,0.00100356184127219,7.145092472693024e-05,d8a97ddc9c6486ac,biobank_no_decay
S7,forward_rollout_proxy,False,980000,0.375,0.375,3,3,556,556,1,0.3333333333333333,1.0,40.0,217.7040003251532,0.573717973016262,4.059582791775099,0.001076399352027557,0.9989236006479725,19,0,0,11112.016294897427,11112.016294897428,3704.0054316324754,1.5,0.6699999999999999,0.28249748829424826,0.0002461943001151519,30.75,12.299999999999994,0.030758301882486412,2,16:funding_collapse|18:wildfire:origin|19:funding_collapse|27:wildfire:origin|72:funding_collapse|97:funding_collapse,0.013073671534670737,0.04580578661449098,0.17194403310084147,0.009604825990961864,3.9391088018424305e-05,0.0006014082804598754,6.422354771831795e-05,f9c2e725bdf07e86,biobank_high_decay
S7,forward_rollout_proxy,False,980001,0.625,0.625,5,5,1200,1200,1,0.3333333333333333,1.0,36.0,342.86070356121,0.5793088881836973,3.547349193028108,0.0029735220125290474,0.9970264779874709,44,0,0,11189.763488973098,11189.763488973098,2237.95269779462,1.5,0.7396516999351018,0.4007129603234446,0.0006968167606914281,60.25,24.100000000000016,0.05012149199826654,2,90:funding_collapse,0.014208800786291276,0.04893424461766384,0.16098147164495022,0.013918080733852643,0.00011149068171062852,0.0010154686950214703,5.306283561638889e-05,f9c2e725bdf07e86,biobank_high_decay
S7,forward_rollout_proxy,False,980002,0.5,0.375,4,3,637,557,0,0.0,0.0,,300.2031323161848,0.7364695985739752,3.6292548064189583,0.00410691200242171,0.9958930879975783,99,0,0,11112.900336167868,11112.90033616787,3704.300112055956,1.5,0.6702721305852188,0.27848842636242127,0.00024719328721278425,86.75,34.70000000000004,0.032093326198548974,3,10:funding_collapse|30:heatwave:reserve|92:funding_collapse|95:funding_collapse|97:wildfire:semiwild,0.01599505528243708,0.059338472911649884,0.0021197056134937033,0.000750574782357698,3.955092595404548e-05,0.0007605099491730047,0.00011901788365109002,f9c2e725bdf07e86,biobank_high_decay
S7,forward_rollout_proxy,False,980003,0.625,0.5,5,4,732,732,0,0.0,0.0,,298.9904259963685,0.7419195918315292,3.170545309587035,0.0029136801109510176,0.9970863198890489,52,0,0,11184.659035230985,11184.659035230987,2796.1647588077462,1.5,0.4589356589762235,0.31085778334405617,0.00020769202141146975,67.25,26.900000000000016,0.04129382175281744,3,27:funding_collapse|41:wildfire:reserve|66:heatwave:reserve|89:wildfire:origin,0.016552927546943375,0.059051666338247454,0.00019920798180366999,0.000209327172162099,3.323072342583516e-05,0.0008144481028927184,0.00010102762149852543,f9c2e725bdf07e86,biobank_high_decay
S7,forward_rollout_proxy,False,980004,0.25,0.125,2,1,249,123,1,0.3333333333333333,1.0,31.0,163.70114942316815,0.7076572594368038,3.9787589039337736,0.0029029461536385537,0.9970970538463615,79,0,0,11066.00498232304,11066.00498232304,11066.00498232304,1.5,0.4240154614272363,0.14118210756729063,0.0002621320494623494,63.0,25.200000000000028,0.013714861926146366,2,2:funding_collapse|14:funding_collapse|19:flood:reserve|20:funding_collapse|30:flood:origin|50:wildfire:origin|66:funding_collapse|77:flood:reserve|78:wildfire:alternative,0.014752530014113297,0.0680957344092991,0.0039029680793481146,0.001810779793766826,4.1941127913975904e-05,0.0007585104110754584,0.00021512509705267087,f9c2e725bdf07e86,biobank_high_decay
S7,forward_rollout_proxy,False,980005,0.625,0.625,5,5,385,375,0,0.0,0.0,,291.63262156034375,0.5878772798084486,4.902009759541293,0.0013244674175114193,0.9986755325824885,72,0,0,11076.670597657097,11076.6705976571,2215.3341195314197,1.5,0.35662193235998424,0.3759770511276027,5.3475935828877e-05,78.75,31.500000000000032,0.050223801480956634,3,4:flood:alternative|9:funding_collapse|51:heatwave:alternative|60:funding_collapse|91:heatwave:semiwild|95:flood:reserve|98:heatwave:reserve|100:funding_collapse,0.014146073401395998,0.058082262225262894,0.1472103914258567,0.011650782718109291,8.556149732620321e-06,0.0009520385375013405,7.763051522486813e-05,f9c2e725bdf07e86,biobank_high_decay
S7,forward_rollout_proxy,False,980006,0.75,0.625,6,5,914,914,1,0.3333333333333333,1.0,13.0,334.52932660031837,0.7183256667319395,3.438897023806041,0.0016539020035399668,0.99834609799646,140,0,0,11157.402312698166,11157.402312698166,2231.480462539633,1.5,0.6641386423953914,0.39211147391938217,0.0002716751272682855,82.0,32.80000000000003,0.050293197208912954,2,21:wildfire:semiwild|35:funding_collapse|53:flood:reserve|78:funding_collapse,0.01564100600237829,0.061585152158460235,0.018114734258856065,0.0035078687740273447,4.3468020362925685e-05,0.0008445595649707599,0.00010227084385679777,f9c2e725bdf07e86,biobank_high_decay
S7,forward_rollout_proxy,False,980007,0.5,0.375,4,3,84,14,2,0.6666666666666666,1.0,20.5,168.79106765049025,0.6915996526264461,1.9743388321550146,0.05182147299509418,0.9481785270049058,125,0,0,11045.169940752201,11045.169940752201,3681.723313584067,1.5,0.4041313542325418,0.23544064501644224,0.0002341373059204738,71.75,28.700000000000014,0.03267060635818955,1,6:flood:reserve|14:wildfire:alternative|15:wildfire:alternative|55:flood:semiwild|56:funding_collapse|98:heatwave:reserve|99:heatwave:semiwild,0.01211705438185147,0.07877458194333607,0.008006043728317045,0.0032295892358718908,3.746196894727581e-05,0.0008403057616512466,0.00030805421391263185,f9c2e725bdf07e86,biobank_high_decay
S7,forward_rollout_proxy,False,980008,0.25,0.125,2,1,264,229,2,0.6666666666666666,1.0,20.0,156.02465426638068,0.6948271734105022,2.976426375128118,0.04110390686556896,0.958896093134431,229,0,0,11255.12446326951,11255.12446326951,11255.12446326951,1.5,0.5343700974048146,0.14189072315007015,0.00022535143911297937,94.5,37.800000000000026,0.012197248291537517,1,12:wildfire:origin|34:wildfire:reserve|81:heatwave:origin|92:flood:reserve,0.013510606626870132,0.0622026440368384,0.01793245543360285,0.009715564926178614,3.6056230258076706e-05,0.0007799355829268162,0.0003264883242392678,f9c2e725bdf07e86,biobank_high_decay
S7,forward_rollout_proxy,False,980009,0.75,0.75,6,6,965,965,1,0.3333333333333333,1.0,17.0,279.5037872709722,0.5540047668806204,4.028215564529644,0.000498087557183712,0.9995019124428163,17,0,0,11150.462628019375,11150.462628019375,1858.4104380032293,1.5,0.5557930923929563,0.4452952462363823,0.00014442410033366923,63.5,25.400000000000016,0.059668906758950674,2,1:heatwave:alternative|81:heatwave:alternative,0.013984070541125769,0.05006108824199095,0.18839076498989552,0.012123023935720796,2.3107856053387076e-05,0.0008331014177804302,6.178776636400218e-05,f9c2e725bdf07e86,biobank_high_decay
S7,forward_rollout_proxy,False,980010,0.625,0.5,5,4,896,896,0,0.0,0.0,,299.75891392066825,0.6207525429831461,3.953085251960009,0.007295410992559398,0.9927045890074406,91,0,0,11232.755352639271,11232.755352639271,2808.188838159818,1.5,0.7405545290720914,0.347046012375603,0.0002666863788685196,72.5,29.000000000000032,0.042298534743968996,3,68:flood:semiwild,0.014219104522132646,0.05098909930082309,0.12079244693782908,0.010926914934064917,4.2669820618963144e-05,0.0009511696487136832,8.11180579751508e-05,f9c2e725bdf07e86,biobank_high_decay
S7,forward_rollout_proxy,False,980011,0.625,0.625,5,5,1116,1116,0,0.0,0.0,,308.7538980618133,0.5489839491920132,3.728775408977492,0.006407036680795873,0.9935929633192041,14,0,0,11237.371811359233,11237.371811359233,2247.4743622718465,1.5,0.6699999999999999,0.39556702581218844,5.5710306406685235e-05,46.25,18.5,0.050146358612067565,3,61:flood:origin,0.013903414306489266,0.04489223876032847,0.1886927426503558,0.019255173019991093,8.913649025069637e-06,0.001051345165257233,4.6231500391177955e-05,f9c2e725bdf07e86,biobank_high_decay
S7,forward_rollout_proxy,False,980012,0.625,0.375,5,3,662,662,1,0.3333333333333333,1.0,14.0,236.28997674975977,0.6635562460564788,3.7576927583381092,0.004185381275029285,0.9958146187249707,163,0,0,11219.355135547987,11219.355135547989,3739.785045182662,1.5,0.5767523278496854,0.27205175845052554,0.00028305552757225004,73.5,29.400000000000027,0.04024799041087937,2,33:flood:origin|59:wildfire:reserve,0.014340817792078546,0.06278939598687537,0.06752224560796921,0.006837458474887728,4.528888441156001e-05,0.0006277259152471824,0.00012758508210733446,f9c2e725bdf07e86,biobank_high_decay
S7,forward_rollout_proxy,False,980013,0.5,0.375,4,3,172,163,2,0.6666666666666666,1.0,12.5,144.1939568849141,0.5954012562992448,2.134402488979418,0.021868555491960553,0.9781314445080395,103,0,0,11218.85635686866,11218.85635686866,3739.6187856228867,1.5,0.48884066303430146,0.24579199852540465,0.00041525603750731526,75.5,30.200000000000017,0.034069536660901525,1,4:heatwave:origin|16:funding_collapse|18:wildfire:alternative|50:funding_collapse|57:heatwave:reserve|63:wildfire:semiwild,0.011991151450881277,0.06903108045314203,0.11747232833813326,0.012294095882006369,6.644096600117045e-05,0.0005854438229225483,0.00020415710394655083,f9c2e725bdf07e86,biobank_high_decay
S7,forward_rollout_proxy,False,980014,0.625,0.5,5,4,1172,1172,0,0.0,0.0,,307.30816239447836,0.613304754247078,3.3005692040521843,0.00287646345007247,0.9971235365499276,29,0,0,11130.085426962358,11130.085426962358,2782.5213567405895,1.5,0.7383984606328763,0.3400599309843985,0.00030594041892158876,68.25,27.300000000000022,0.04107196440294495,3,24:funding_collapse|34:wildfire:semiwild|46:funding_collapse|54:funding_collapse|60:wildfire:semiwild,0.014348340333290164,0.048580320322555125,0.12519273037213272,0.01589057014693539,4.89504670274542e-05,0.000960644544635781,7.6172921969876e-05,f9c2e725bdf07e86,biobank_high_decay
S7,forward_rollout_proxy,False,980015,0.5,0.5,4,4,354,354,1,0.3333333333333333,1.0,16.0,214.9631606094647,0.5351458533612957,2.4035251185717565,0.00468387834284744,0.9953161216571526,32,0,0,11208.042940161937,11208.042940161937,2802.010735040484,1.5,0.5257537451659164,0.30972518937735927,0.0002963323347972755,23.25,9.299999999999999,0.04057281837525021,2,12:heatwave:origin|14:heatwave:alternative|70:funding_collapse|70:wildfire:semiwild|93:heatwave:reserve,0.01279068577858224,0.04731957539326678,0.20450979938454217,0.0120352324875039,4.741317356756409e-05,0.0006531159072692069,8.02471496570636e-05,f9c2e725bdf07e86,biobank_high_decay
S7,forward_rollout_proxy,False,980016,0.5,0.125,4,1,266,35,0,0.0,0.0,,184.47441893108555,0.6474875624648223,2.9948361974096342,0.019931072511667165,0.9800689274883329,113,0,0,11129.215810987549,11129.21581098755,11129.215810987549,1.5,0.24686297808469895,0.11386444395221727,0.00024615588547189824,89.5,35.80000000000003,0.014898920848255164,3,25:wildfire:alternative|29:flood:reserve|38:heatwave:reserve|44:wildfire:origin|56:funding_collapse|82:wildfire:reserve|89:funding_collapse|94:flood:alternative,0.009240880785498088,0.07384848460622206,0.023990127275995362,0.008196532721665921,3.938494167550371e-05,0.0008433953180540987,0.00025146261294504204,f9c2e725bdf07e86,biobank_high_decay
S7,forward_rollout_proxy,False,980017,0.625,0.625,5,5,779,779,0,0.0,0.0,,228.81942786964981,0.5096467102142964,2.508577741676083,0.06956340921372274,0.9304365907862773,55,0,0,11205.788316026366,11205.788316026366,2241.1576632052734,1.5,0.6036979175254747,0.3767672473721081,0.00013112198856955347,45.0,18.000000000000007,0.05030839101399892,3,25:flood:origin|33:funding_collapse|84:wildfire:semiwild|92:wildfire:origin|96:flood:alternative,0.013178004299969492,0.04619054932004714,0.2217307396839685,0.0232908115913147,2.097951817112855e-05,0.001164447885910234,7.458813836302167e-05,f9c2e725bdf07e86,biobank_high_decay
S7,forward_rollout_proxy,False,980018,0.625,0.375,5,3,943,943,0,0.0,0.0,,334.1942153061376,0.6607073018673009,5.029033408319398,6.781760072947995e-06,0.999993218239927,21,0,0,11218.899392399702,11218.8993923997,3739.6331307999008,1.5,0.7402635539070607,0.3019608302691491,7.602173630092412e-05,68.25,27.30000000000002,0.04447070397624517,3,,0.014550481285404622,0.04882266980039549,0.088135267167566,0.005298086009530205,1.2163477808147859e-05,0.0006799965201999156,7.300447635524298e-05,f9c2e725bdf07e86,biobank_high_decay
S7,forward_rollout_proxy,False,980019,0.625,0.625,5,5,928,928,2,0.6666666666666666,1.0,33.5,304.96619059812923,0.5649445642534203,4.761768389724408,8.577153957932298e-05,0.9999142284604207,43,0,0,11176.565185206488,11176.565185206488,2235.3130370412973,1.5,0.4955317992400725,0.3883849602470517,0.000212074612108305,76.5,30.600000000000026,0.04982048212900183,1,10:wildfire:alternative|32:wildfire:alternative|36:heatwave:alternative|78:wildfire:semiwild|94:flood:alternative,0.014042501301111631,0.05101724660635478,0.17551142164555739,0.013259291505758912,3.393193793732879e-05,0.00102972202217948,6.848000055674311e-05,f9c2e725bdf07e86,biobank_high_decay
S7,forward_rollout_proxy,False,980020,0.5,0.25,4,2,112,89,1,0.3333333333333333,1.0,18.0,216.50340904993732,0.7158875758437133,2.6436905506090658,0.014276097121294422,0.9857239028787056,159,0,0,11191.617604849991,11191.617604849991,5595.8088024249955,1.5,0.4185247406977141,0.18756712894825206,0.0005931723440638167,89.5,35.80000000000004,0.0338887468619499,2,9:funding_collapse|48:wildfire:reserve|57:flood:origin|66:flood:semiwild|77:wildfire:alternative|78:heatwave:semiwild|80:wildfire:reserve|90:flood:origin,0.015528114824805627,0.07050673993101586,0.005282666762307779,0.0026460553202027944,9.490757505021067e-05,0.0009172042704230642,0.00019409411051085054,f9c2e725bdf07e86,biobank_high_decay
S7,forward_rollout_proxy,False,980021,0.625,0.625,5,5,844,844,1,0.3333333333333333,1.0,16.0,273.51590848044407,0.5816744114859073,3.201620517817971,0.0615411240990114,0.9384588759009886,20,0,0,11149.672411098652,11149.67241109865,2229.9344822197304,1.5,0.6251482429939134,0.3857880775866598,0.0002472025978335938,59.25,23.700000000000017,0.050035240545443664,2,39:funding_collapse|58:flood:alternative|68:funding_collapse|93:heatwave:origin,0.014126422249974166,0.051444959274613754,0.1599582360423295,0.011863443362305633,3.955241565337501e-05,0.0008423373398066109,6.547400012664491e-05,f9c2e725bdf07e86,biobank_high_decay
S7,forward_rollout_proxy,False,980022,0.75,0.75,6,6,1005,1005,1,0.3333333333333333,1.0,24.0,216.1025548191905,0.45592424933976766,3.290131037905164,0.05188606133548251,0.9481139386645175,20,0,0,11175.864608459991,11175.864608459991,1862.6441014099985,1.5,0.6699999999999999,0.4493427496238982,5.161298915794241e-05,35.0,13.999999999999993,0.05970719622423262,2,14:wildfire:origin|17:funding_collapse|50:funding_collapse|71:heatwave:semiwild,0.013072472714723537,0.0453257680975404,0.27936635758511585,0.020021330535005807,8.258078265270786e-06,0.0009641801534936087,8.111574496209953e-05,f9c2e725bdf07e86,biobank_high_decay
S7,forward_rollout_proxy,False,980023,0.5,0.125,4,1,183,183,0,0.0,0.0,,171.85431005600253,0.7331305835044545,1.9899578109216236,0.0025990462707970786,0.9974009537292029,94,0,0,11230.300165772342,11230.300165772343,11230.300165772342,1.5,0.6045833560573936,0.1394814400922583,0.00014247621626832356,59.75,23.900000000000016,0.014367631886513492,3,8:heatwave:semiwild|34:heatwave:reserve|40:flood:origin|42:flood:origin|82:heatwave:semiwild,0.016470864776669782,0.0569529829163041,0.0017725837898955724,0.0016486331392759701,2.2796194602931768e-05,0.0007922126212641625,0.0002604796265593016,f9c2e725bdf07e86,biobank_high_decay
S7,forward_rollout_proxy,False,980024,0.75,0.625,6,5,919,919,0,0.0,0.0,,225.31382986843207,0.466711475640281,3.6208955864050316,0.0009957092615470464,0.999004290738453,23,0,0,11230.750517211794,11230.750517211794,2246.150103442359,1.5,0.5796598054661334,0.38563469546895857,0.0001349704580504316,45.75,18.300000000000004,0.05104879529147445,3,23:wildfire:origin|46:heatwave:semiwild|49:heatwave:alternative|64:flood:origin|86:wildfire:semiwild|100:flood:origin,0.013276613796562704,0.04552678607116701,0.2702321126801413,0.018830442907254573,2.1595273288069057e-05,0.0009294751379476175,8.17121741522772e-05,f9c2e725bdf07e86,biobank_high_decay
S7,forward_rollout_proxy,False,980025,0.25,0.125,2,1,164,164,1,0.3333333333333333,1.0,28.0,113.63270882582766,0.7261876768450313,2.0,0.0050110673214602995,0.9949889326785397,32,0,0,11187.111224542023,11187.111224542023,11187.111224542023,1.5,0.5864645349101157,0.13735497781491174,0.0003008428560095712,27.0,10.799999999999994,0.012292621619500777,2,9:wildfire:reserve|20:wildfire:semiwild|22:heatwave:origin|25:flood:origin|41:heatwave:semiwild|53:heatwave:origin,0.0167803770802764,0.058840306125932454,0.0003149418983539341,0.0005467311868002958,4.81348569615314e-05,0.002457122672356753,0.00025551066891396396,f9c2e725bdf07e86,biobank_high_decay
S7,forward_rollout_proxy,False,980026,0.625,0.5,5,4,761,761,0,0.0,0.0,,229.5375188877497,0.5210755328154765,3.615019751011644,2.0736644013161446e-05,0.9999792633559869,35,0,0,11235.025054274362,11235.025054274363,2808.7562635685904,1.5,0.49333696251671616,0.31864961718258294,0.00021918164970756524,38.25,15.299999999999992,0.04082861710397416,3,14:heatwave:origin|47:flood:alternative|69:flood:alternative|97:flood:origin,0.013162621626009913,0.04533916308436187,0.2251010217401937,0.00941533793447479,3.506906395321045e-05,0.0006338134869385892,8.427245045159072e-05,f9c2e725bdf07e86,biobank_high_decay
S7,forward_rollout_proxy,False,980027,0.625,0.625,5,5,904,904,0,0.0,0.0,,269.8089358213999,0.5314958099654042,3.6495689042689463,0.0,1.0,56,0,0,11194.939122457175,11194.939122457177,2238.9878244914353,1.5,0.6699999999999999,0.39474537741031485,0.0004194243044205357,51.0,20.400000000000006,0.04999844183812704,3,39:funding_collapse|41:wildfire:origin|54:wildfire:origin,0.013742348194099155,0.04868717995750723,0.20964030581414053,0.013636551192294802,6.71078887072857e-05,0.0008690982763058365,6.099699982373095e-05,f9c2e725bdf07e86,biobank_high_decay
S7,forward_rollout_proxy,False,980028,0.5,0.25,4,2,328,328,2,0.6666666666666666,1.0,13.5,217.13740844050105,0.7297538809228371,2.463831366513629,0.004611416475920081,0.9953885835240799,59,0,0,11124.241050547487,11124.241050547487,5562.120525273744,1.5,0.5891431237216014,0.20056796195345963,0.0002930973707807021,49.25,19.700000000000006,0.02257667958081608,1,18:heatwave:semiwild|22:wildfire:reserve|34:heatwave:origin|78:funding_collapse|79:funding_collapse,0.016370335880516524,0.0595498710147943,0.0003532555860212154,0.00041980912182570175,4.689557932491234e-05,0.0014943709549783545,0.00017907196437802892,f9c2e725bdf07e86,biobank_high_decay
S7,forward_rollout_proxy,False,980029,0.75,0.625,6,5,769,768,1,0.3333333333333333,1.0,46.0,284.3204699685138,0.5660830993496317,3.3342630198194856,0.0017808964767171253,0.9982191035232829,51,0,0,11190.085665375793,11190.085665375795,2238.0171330751587,1.5,0.6095021304605578,0.385634362284854,2.6109660574412533e-05,71.75,28.70000000000003,0.05045759520301679,2,11:flood:alternative|58:heatwave:semiwild|80:heatwave:reserve,0.013805015898827799,0.0535690040079487,0.17160101869804914,0.012517340174547982,4.177545691906005e-06,0.0008003634862940629,6.578512211184945e-05,f9c2e725bdf07e86,biobank_high_decay
S7,forward_rollout_proxy,False,980030,0.75,0.5,6,4,762,762,1,0.3333333333333333,1.0,27.0,296.9524296677487,0.6170894648500609,3.928472162586143,0.000899180363666914,0.9991008196363331,67,0,0,11125.218808223248,11125.21880822325,2781.304702055812,1.5,0.6619780756342611,0.3407474659106997,0.00010878167162707638,70.0,28.000000000000025,0.051324683607060786,2,2:flood:alternative|64:flood:semiwild|75:funding_collapse,0.014147761752004114,0.052798733023646724,0.12991000777367337,0.00559128764958958,1.740506746033222e-05,0.0007803043248245062,7.132354459024562e-05,f9c2e725bdf07e86,biobank_high_decay
S7,forward_rollout_proxy,False,980031,0.625,0.625,5,5,916,916,0,0.0,0.0,,261.24094003054836,0.520851880664088,3.657565816682876,0.0003155173423162266,0.9996844826576837,29,0,0,11095.708226100673,11095.708226100673,2219.1416452201347,1.5,0.5809138494455137,0.38592633595273595,0.00018726019017961407,54.5,21.80000000000001,0.05004646420677944,3,17:flood:semiwild|41:flood:alternative|43:funding_collapse|54:heatwave:origin|73:funding_collapse|74:funding_collapse|77:wildfire:semiwild|94:flood:semiwild|99:funding_collapse,0.01370698458302846,0.04680729989954284,0.21933506636412328,0.016416581746391313,2.9961630428738256e-05,0.0009803995594593478,5.894061880639642e-05,f9c2e725bdf07e86,biobank_high_decay
S7,forward_rollout_proxy,False,980032,0.5,0.5,4,4,583,583,1,0.3333333333333333,1.0,37.0,222.7679901427463,0.6267723250661894,2.974280636281131,0.0031699624466905085,0.9968300375533095,156,0,0,11206.90432861123,11206.90432861123,2801.7260821528075,1.5,0.5853061288712477,0.32137888085238797,0.00036381990063799824,67.5,27.000000000000018,0.04052730801225936,2,23:wildfire:origin|44:flood:origin|68:flood:reserve|77:flood:semiwild|85:funding_collapse,0.013813205810566474,0.058138609466209926,0.10637005401398048,0.007431522233029885,5.821118410207971e-05,0.0005786385145743702,0.00011357488836641581,f9c2e725bdf07e86,biobank_high_decay
S7,forward_rollout_proxy,False,980033,0.625,0.5,5,4,726,726,0,0.0,0.0,,294.1291666824559,0.7432413948642398,4.225448216637329,0.0019695507084221157,0.9980304492915779,24,0,0,11115.383991100747,11115.383991100747,2778.845997775187,1.5,0.5470503826856067,0.33012523946609296,0.00013916654046140645,46.5,18.600000000000005,0.04082859515579505,3,2:flood:reserve|62:funding_collapse|93:wildfire:reserve,0.016655962554390162,0.057611151941609436,1.8093788796006642e-05,4.238072402474262e-05,2.2266646473825027e-05,0.0008611345456978818,8.511392073495072e-05,f9c2e725bdf07e86,biobank_high_decay
S7,forward_rollout_proxy,False,980034,0.5,0.5,4,4,661,652,1,0.3333333333333333,1.0,39.0,281.41523358083873,0.741279865629096,3.167219194331265,0.00727114360012393,0.9927288563998761,47,0,0,11088.89578521529,11088.89578521529,2772.2239463038227,1.5,0.6533482376507734,0.33005473222177695,0.0005074221937727944,55.25,22.10000000000001,0.040238582566934744,2,2:heatwave:reserve|40:funding_collapse|62:funding_collapse|88:wildfire:semiwild,0.016516007214093065,0.05967332072385305,7.266671512926541e-05,0.0001306576006273047,8.118755100364711e-05,0.000773682143925303,8.877142635511448e-05,f9c2e725bdf07e86,biobank_high_decay
S7,forward_rollout_proxy,False,980035,0.5,0.375,4,3,1050,953,3,1.0,1.0,25.0,293.04360951105514,0.6316105709925941,3.316797858544492,0.0025093683926281723,0.9974906316073718,244,0,0,11159.667931593787,11159.667931593787,3719.8893105312623,1.5,0.614230373532159,0.26956914439463064,0.00030855560682989397,102.75,41.10000000000005,0.031140642279849,0,9:flood:origin|10:funding_collapse|30:flood:semiwild|34:wildfire:reserve|71:wildfire:origin|75:funding_collapse|97:funding_collapse,0.012835964251429388,0.06351780858557671,0.07184566160095683,0.01872405646937917,4.936889709278303e-05,0.0010982266088473054,0.00013894876250260406,f9c2e725bdf07e86,biobank_high_decay
S7,forward_rollout_proxy,False,980036,0.5,0.375,4,3,279,258,0,0.0,0.0,,213.87743524335963,0.7013516369884938,2.30591122805421,0.04017128141038912,0.9598287185896108,169,0,0,11127.087730012852,11127.087730012852,3709.0292433376176,1.5,0.5517985500277911,0.2537089309817425,0.00029860460400601296,90.0,36.00000000000002,0.03359981849210644,3,9:heatwave:alternative|10:funding_collapse|18:heatwave:alternative|37:wildfire:reserve,0.013627066400464032,0.07529746856560887,0.015015358196567791,0.005549102603482852,4.7776736640962074e-05,0.000853613746329107,0.0002213199181646178,f9c2e725bdf07e86,biobank_high_decay
S7,forward_rollout_proxy,False,980037,0.5,0.375,4,3,309,232,0,0.0,0.0,,225.2105826691107,0.6956850718512675,3.170617496507633,0.009439601839207515,0.9905603981607924,197,0,0,11151.669269612516,11151.669269612517,3717.2230898708385,1.5,0.5357848440394926,0.26117974983106157,0.00037154967460619056,90.0,36.00000000000003,0.03572545231018,3,47:heatwave:reserve|49:heatwave:alternative|72:flood:origin|74:funding_collapse|86:flood:reserve|99:funding_collapse,0.014147968435004554,0.07258226494143985,0.021277943670514485,0.010106770541046724,5.944794793699048e-05,0.0010095433710909068,0.00015106508579604237,f9c2e725bdf07e86,biobank_high_decay
S7,forward_rollout_proxy,False,980038,0.625,0.625,5,5,926,926,0,0.0,0.0,,212.41366773094475,0.4119599289902874,3.429646283573706,0.0004854562071526492,0.9995145437928473,39,0,0,11243.39178350116,11243.39178350116,2248.678356700232,1.5,0.6768787712053331,0.39320131115103346,0.0004032252062422352,39.0,15.599999999999989,0.0498348559738154,3,3:heatwave:origin|95:funding_collapse,0.012656266355928985,0.043473345600162985,0.3239759702293376,0.018925745929605407,6.451603299875763e-05,0.0008151259851478386,6.993195207979283e-05,f9c2e725bdf07e86,biobank_high_decay
S7,forward_rollout_proxy,False,980039,0.625,0.625,5,5,1181,1181,2,0.6666666666666666,1.0,20.0,340.4640513464492,0.6156359999585647,3.709343652257176,0.00827010712477339,0.9917298928752266,61,0,0,11197.256493689092,11197.256493689092,2239.4512987378184,1.5,0.5887425690591355,0.38716845228126795,0.0004017255265755618,78.75,31.50000000000002,0.04975379426391336,1,34:heatwave:semiwild|55:heatwave:semiwild|63:funding_collapse|66:flood:semiwild|90:flood:alternative|98:wildfire:semiwild|100:heatwave:origin,0.01432869167787565,0.05310590514984863,0.1253615222866568,0.00915753551940325,6.427608425208988e-05,0.0008655708346245313,7.180092439885234e-05,f9c2e725bdf07e86,biobank_high_decay
S7,forward_rollout_proxy,False,980040,0.375,0.25,3,2,315,315,0,0.0,0.0,,153.4296997582642,0.7101134234430391,1.4997128087306146,0.1666019543590611,0.8333980456409389,117,0,0,11182.101053069655,11182.101053069655,5591.050526534827,1.5,0.6172960429338153,0.19365876734353188,0.0011771527155942656,55.75,22.30000000000001,0.022160174814220935,3,16:wildfire:reserve|21:wildfire:origin|48:heatwave:semiwild|62:heatwave:origin|86:flood:origin|96:funding_collapse,0.015503418537863047,0.06148608926933903,0.0013549020052977313,0.009958875972495255,0.0001883444344950825,0.0018810549147909759,0.0003180795887465893,f9c2e725bdf07e86,biobank_high_decay
S7,forward_rollout_proxy,False,980041,0.5,0.5,4,4,712,712,2,0.6666666666666666,1.0,21.5,218.06714083170166,0.5028808560361183,3.1111240674980434,0.08476687657083112,0.9152331234291688,28,0,0,11170.44976035604,11170.449760356041,2792.61244008901,1.5,0.6058704339577865,0.32468329828182035,0.0004044531217546629,27.5,10.999999999999995,0.039925071055306356,1,9:funding_collapse|9:flood:origin|23:heatwave:origin|37:funding_collapse|46:funding_collapse|46:wildfire:alternative|59:flood:semiwild,0.012721402050107172,0.044546424396848444,0.23005331009409744,0.020846266925809816,6.471249948074607e-05,0.0008914478101991342,5.814496627084525e-05,f9c2e725bdf07e86,biobank_high_decay
S7,forward_rollout_proxy,False,980042,0.5,0.375,4,3,566,566,1,0.3333333333333333,1.0,22.0,253.83735841449888,0.7398954436405597,2.6021847387279475,0.006007775894472607,0.9939922241055273,62,0,0,11111.250843369917,11111.250843369917,3703.7502811233057,1.5,0.5668437780547865,0.25790685230799254,0.00023623356026345133,49.25,19.70000000000001,0.032253135576171994,2,4:flood:reserve|62:flood:semiwild|69:heatwave:origin|79:funding_collapse,0.016318684112051618,0.06113939877127745,0.00018410002989587725,0.00017740035918627442,3.779736964215221e-05,0.0006434903548852373,0.00011058796221432706,f9c2e725bdf07e86,biobank_high_decay
S7,forward_rollout_proxy,False,980043,0.625,0.625,5,5,810,810,2,0.6666666666666666,1.0,23.5,305.33265681535994,0.5772181182911678,2.979677023837917,0.0030050682822756027,0.9969949317177244,62,0,0,11187.687960149737,11187.687960149737,2237.5375920299475,1.5,0.6006625974600007,0.3811193192619309,0.00019009462444464877,70.5,28.200000000000028,0.05003144638775822,1,3:wildfire:semiwild|9:heatwave:semiwild|24:heatwave:alternative|49:funding_collapse|58:wildfire:reserve|62:wildfire:origin|65:wildfire:semiwild|71:heatwave:semiwild,0.013765394663256684,0.060806218935497994,0.1473535080020695,0.017598132535323274,3.0415139911143803e-05,0.0009973153092131014,6.191744448556364e-05,f9c2e725bdf07e86,biobank_high_decay
S7,forward_rollout_proxy,False,980044,0.5,0.5,4,4,720,720,0,0.0,0.0,,268.84449109990055,0.734619791047434,3.0935059614176796,0.006056458929811826,0.9939435410701881,115,0,0,11186.414906754555,11186.414906754555,2796.6037266886387,1.5,0.5604804129299407,0.3201995340514552,0.0006674730579192256,67.5,27.000000000000018,0.04108216572142169,3,4:heatwave:semiwild|36:funding_collapse|40:wildfire:reserve|87:heatwave:semiwild|91:flood:semiwild|93:flood:reserve,0.016205198623182437,0.06183752928505861,0.0011157877877787086,0.0052009479988609966,0.00010679568926707608,0.0009664562188405361,0.00013017116783319547,f9c2e725bdf07e86,biobank_high_decay
S7,forward_rollout_proxy,False,980045,0.5,0.375,4,3,548,548,0,0.0,0.0,,246.30210242528244,0.7433458195076754,3.293612282156459,0.00659739672639333,0.9934026032736066,32,0,0,11152.377704208948,11152.377704208946,3717.459234736316,1.5,0.5720956865476501,0.2653768271099981,0.00021159139307075532,36.25,14.499999999999991,0.03240567816834227,3,5:wildfire:reserve|89:wildfire:origin,0.0164365834346182,0.05772538364016284,9.141662561213216e-05,0.0001765978605224448,3.385462289132085e-05,0.0007028339202907136,9.141369534905705e-05,f9c2e725bdf07e86,biobank_high_decay
S7,forward_rollout_proxy,False,980046,0.625,0.375,5,3,226,189,1,0.3333333333333333,1.0,24.0,212.70274272123663,0.7321388144262393,3.2854533109620334,0.026813614132813562,0.9731863858671864,51,0,0,11108.73506318569,11108.73506318569,3702.9116877285633,1.5,0.40633567222196326,0.2486827753122017,0.0005161361990766894,63.25,25.300000000000008,0.03222337490192516,2,2:wildfire:reserve|17:heatwave:semiwild|32:funding_collapse|59:heatwave:reserve|87:heatwave:alternative|98:heatwave:alternative,0.016185120654461052,0.06766946602373498,0.00027816634683523023,0.0003134200854137931,8.25817918522703e-05,0.0007557271084120837,0.0001415437733377852,f9c2e725bdf07e86,biobank_high_decay
S7,forward_rollout_proxy,False,980047,0.5,0.5,4,4,966,966,2,0.6666666666666666,1.0,21.5,310.1923865104411,0.6045972878585004,4.591452686207896,0.0067946466089286095,0.9932053533910714,59,0,0,11222.565879678015,11222.565879678015,2805.641469919504,1.5,0.6699999999999999,0.34599010035860656,2.4752475247524754e-05,65.75,26.300000000000015,0.040377867482637886,1,30:wildfire:semiwild|68:flood:origin|72:flood:semiwild|81:flood:origin,0.01413597062308442,0.04857447115231473,0.1350930837454875,0.01447240563151694,3.960396039603961e-06,0.00100356184127219,7.145092472693024e-05,f9c2e725bdf07e86,biobank_high_decay
S2,rule,False,980000,0.25,0.125,2,1,36,0,3,1.0,1.0,20.666666666666668,66.30955501637784,0.4546639751655101,3.580110497237569,0.0,1.0,0,0,0,11254.581424477541,11254.581424477543,11254.581424477541,1.5,0.3560106483416514,0.13651085921449432,0.0005021875786927235,38.5,15.399999999999999,0.044293447039767495,0,16:funding_collapse|18:wildfire:origin|19:funding_collapse|27:wildfire:origin|72:funding_collapse|97:funding_collapse,0.0033823505395066166,0.09312445476975037,0.04280726084628524,0.01232553601053828,8.035001259083574e-05,0.0006674805962783412,7.95024808038073e-05,cbb903c9cd0dc085,engagement_positive
S2,rule,False,980001,0.25,0.25,2,2,56,0,2,0.6666666666666666,1.0,28.0,83.56585324002278,0.48180367626579595,2.2618988902589394,0.004845193369845596,0.9951548066301544,0,0,0,11272.852829837846,11272.852829837846,5636.426414918923,1.5,0.3561860538331103,0.18056225124080238,0.0009679865940248942,56.5,22.599999999999998,0.04912328477450992,1,90:funding_collapse,0.004914139581641948,0.09020280951934845,0.04612919831346881,0.011654857588579799,0.0001548778550439831,0.0006663143363110649,0.00013938890670814642,cbb903c9cd0dc085,engagement_positive
S2,rule,False,980002,0.25,0.25,2,2,48,0,2,0.6666666666666666,1.0,35.0,85.87951590429016,0.4817770809760395,2.2843295638126007,0.03358692737093987,0.9664130726290602,0,0,0,11201.686240056626,11201.686240056628,5600.843120028313,1.5,0.27528721172355514,0.17330665060873365,0.00024266907426308677,59.25,23.70000000000001,0.05217316899126064,1,10:funding_collapse|30:heatwave:reserve|92:funding_collapse|95:funding_collapse|97:wildfire:semiwild,0.004848110020711404,0.09087176758429232,0.0442388504379291,0.011221840369997042,3.882705188209389e-05,0.0007499099066080561,0.00013248779459109738,cbb903c9cd0dc085,engagement_positive
S2,rule,False,980003,0.25,0.125,2,1,56,0,3,1.0,1.0,36.0,74.17395529976342,0.4871367657792912,2.9753320683111957,0.0,1.0,0,0,0,11283.8438096823,11283.843809682301,11283.8438096823,1.5,0.23793988774668665,0.11753774169053205,0.000133368315186497,52.0,20.800000000000015,0.0387021611637572,0,27:funding_collapse|41:wildfire:reserve|66:heatwave:reserve|89:wildfire:origin,0.005008234512648281,0.0897078781660059,0.040205850706943644,0.013049717316583435,2.1338930429839522e-05,0.0008412498050290485,0.00013755311198363856,cbb903c9cd0dc085,engagement_positive
S2,rule,False,980004,0.25,0.125,2,1,26,0,3,1.0,1.0,23.0,80.08905357035265,0.49488475873902793,1.827027027027027,0.0,1.0,0,0,0,11182.184707529297,11182.184707529297,11182.184707529297,1.5,0.1420064750607071,0.09699500287859834,0.00029354329773137726,47.0,18.800000000000004,0.04137042551128676,0,2:funding_collapse|14:funding_collapse|19:flood:reserve|20:funding_collapse|30:flood:origin|50:wildfire:origin|66:funding_collapse|77:flood:reserve|78:wildfire:alternative,0.004692438496456875,0.09122280298896379,0.026327287684099004,0.012723900131937083,4.696692763702035e-05,0.0008145435153568176,0.0001002663750583524,cbb903c9cd0dc085,engagement_positive
S2,rule,False,980005,0.375,0.125,3,1,26,0,1,0.3333333333333333,1.0,20.0,81.58328213090775,0.4995828213749388,1.9537572254335263,0.006409954147731279,0.9935900458522687,0,0,0,11236.006093328564,11236.006093328564,11236.006093328564,1.5,0.07309276799999996,0.09540035597648129,0.00021405405405405407,60.5,24.2,0.0615175346107301,2,4:flood:alternative|9:funding_collapse|51:heatwave:alternative|60:funding_collapse|91:heatwave:semiwild|95:flood:reserve|98:heatwave:reserve|100:funding_collapse,0.004870488719720032,0.09245016915152762,0.029263631911066675,0.009988853905177238,3.424864864864865e-05,0.0006499637939455292,0.0001286991019678986,cbb903c9cd0dc085,engagement_positive
S2,rule,False,980006,0.375,0.25,3,2,41,0,2,0.6666666666666666,1.0,22.0,74.49855969983557,0.4713878589392758,1.5,0.09716807201599999,0.902831927984,0,0,0,11325.116472083144,11325.116472083144,5662.558236041572,1.5,0.2683397733153632,0.16646567151446479,0.0003613290022715258,66.25,26.500000000000007,0.06065847091464239,1,21:wildfire:semiwild|35:funding_collapse|53:flood:reserve|78:funding_collapse,0.004351867962465299,0.09103209022846492,0.04530439050397955,0.012181278083584525,5.781264036344413e-05,0.0007219624131201732,0.00016066455444187696,cbb903c9cd0dc085,engagement_positive
S2,rule,False,980007,0.25,0.125,2,1,30,0,3,1.0,1.0,35.0,83.17167936502689,0.5234693150177495,2.7108433734939754,0.0009254392540348199,0.9990745607459652,0,0,0,11228.340064023556,11228.340064023556,11228.340064023556,1.5,0.07329879999999996,0.09906259387014972,0.00045675987112252513,44.75,17.900000000000006,0.04187140067604986,0,6:flood:reserve|14:wildfire:alternative|15:wildfire:alternative|55:flood:semiwild|56:funding_collapse|98:heatwave:reserve|99:heatwave:semiwild,0.006145528178631287,0.09113122362937431,0.02408484558646913,0.01211314344971604,7.308157937960403e-05,0.0009087161557773358,0.00010333008165928002,cbb903c9cd0dc085,engagement_positive
S2,rule,False,980008,0.25,0.125,2,1,28,0,2,0.6666666666666666,1.0,20.0,47.00612670238729,0.44519628759703617,2.666666666666666,0.0,1.0,0,0,0,11454.575638887454,11454.575638887454,11454.575638887454,1.5,0.23864557930740138,0.115104231627782,0.00022394338911345215,32.5,12.999999999999996,0.041615035151875944,1,12:wildfire:origin|34:wildfire:reserve|81:heatwave:origin|92:flood:reserve,0.0024984806477044517,0.09475517248133959,0.03425748869543983,0.014392258778667589,3.583094225815235e-05,0.0006977602015014744,9.266015782512482e-05,cbb903c9cd0dc085,engagement_positive
S2,rule,False,980009,0.375,0.25,3,2,81,0,2,0.6666666666666666,1.0,22.5,92.3473633008833,0.4702267545375367,2.3985024958402663,0.0,1.0,0,0,0,11334.693767627683,11334.693767627683,5667.3468838138415,1.5,0.18485059259636513,0.16668629887766828,0.00011680988184747582,61.5,24.6,0.058581073298145575,1,1:heatwave:alternative|81:heatwave:alternative,0.004675819564477946,0.09215656501585222,0.051231446451579184,0.010848354424455515,1.8689581095596134e-05,0.0007037924004503261,0.00013163430748974644,cbb903c9cd0dc085,engagement_positive
S2,rule,False,980010,0.375,0.25,3,2,22,0,1,0.3333333333333333,1.0,18.0,82.37620854902407,0.4970645719498316,1.4615384615384615,0.017516853777639996,0.98248314622236,0,0,0,11334.945910417642,11334.945910417642,5667.472955208821,1.5,0.3567821474066764,0.17338274023974845,0.0005216205809654789,65.75,26.300000000000008,0.05294570441848084,2,68:flood:semiwild,0.005049406641870845,0.0906074749285264,0.03335553281012357,0.011385110132813969,8.345929295447661e-05,0.0007287214759861524,0.0001514271189757639,cbb903c9cd0dc085,engagement_positive
S2,rule,False,980011,0.25,0.125,2,1,23,0,1,0.3333333333333333,1.0,46.0,71.49167477402875,0.4849779078056167,1.9962264150943396,0.0004603204230338508,0.9995396795769661,0,0,0,11364.97126230279,11364.97126230279,11364.97126230279,1.5,0.3570703907847738,0.1201207797370728,2.7472527472527476e-05,46.5,18.60000000000001,0.04100738253826007,2,61:flood:origin,0.004448468877249983,0.08954867957077807,0.03599418103716254,0.012454396917527564,4.395604395604396e-06,0.0007488280911982925,0.00010408964017951044,cbb903c9cd0dc085,engagement_positive
S2,rule,False,980012,0.25,0.125,2,1,31,0,2,0.6666666666666666,1.0,15.5,75.99748701458462,0.4709787866844466,2.753581661891117,0.0,1.0,0,0,0,11354.154739512924,11354.154739512924,11354.154739512924,1.5,0.24872263635715278,0.11761391722982248,0.0004202497505880721,47.25,18.9,0.04477918487598017,1,33:flood:origin|59:wildfire:reserve,0.004311091097043699,0.0904058435914497,0.04635477678787944,0.012574512696067644,6.723996009409153e-05,0.0007002579206068697,0.00010336418636576801,cbb903c9cd0dc085,engagement_positive
S2,rule,False,980013,0.125,0.125,1,1,59,0,3,1.0,1.0,18.0,33.913864289650164,0.42397515034166466,3.787812840043526,0.0,1.0,0,0,0,11460.165718810107,11460.165718810107,11460.165718810107,1.5,0.1276662869463946,0.11421543341133436,0.0003709974997309337,23.0,9.200000000000001,0.03660338158129818,0,4:heatwave:origin|16:funding_collapse|18:wildfire:alternative|50:funding_collapse|57:heatwave:reserve|63:wildfire:semiwild,0.0018452911572743077,0.09708658926487114,0.04113626434830389,0.015516966347144693,5.935959995694941e-05,0.0006614946730195011,8.529184069659716e-05,cbb903c9cd0dc085,engagement_positive
S2,rule,False,980014,0.25,0.125,2,1,39,0,2,0.6666666666666666,1.0,37.0,62.35892507005726,0.4823777103750507,2.7015985790408528,0.0,1.0,0,0,0,11290.368344526882,11290.368344526882,11290.368344526882,1.5,0.3563542027741251,0.12655925872436363,0.000609801910195129,44.75,17.90000000000001,0.03828926328271291,1,24:funding_collapse|34:wildfire:semiwild|46:funding_collapse|54:funding_collapse|60:wildfire:semiwild,0.00448199306381243,0.08968346974372608,0.03646301707446021,0.013022502280512223,9.756830563122063e-05,0.0006865545856405874,0.00012469694469140633,cbb903c9cd0dc085,engagement_positive
S2,rule,False,980015,0.25,0.0,2,0,0,0,3,1.0,1.0,19.0,46.589071145995014,0.36379187412649294,0.0,,,0,0,0,11370.90216535735,11370.90216535735,11370.90216535735,1.5,0.17232496278542,0.02341230459646075,0.00031678517789421605,25.75,10.299999999999997,0.03089904158959375,0,12:heatwave:origin|14:heatwave:alternative|70:funding_collapse|70:wildfire:semiwild|93:heatwave:reserve,0.002778890883989404,0.07654461170451815,0.012761441531001722,0.005576244455718614,5.068562846307458e-05,0.0003927666689083568,8.264603332977326e-05,cbb903c9cd0dc085,engagement_positive
S2,rule,False,980016,0.25,0.25,2,2,36,0,1,0.3333333333333333,1.0,17.0,83.6907056691208,0.4789929020406239,2.162920398850769,0.013150516755555553,0.9868494832444444,0,0,0,11289.632262061497,11289.6322620615,5644.816131030749,1.5,0.0561364,0.15108178990168195,0.00016069718304710518,72.25,28.900000000000002,0.056694729565871266,2,25:wildfire:alternative|29:flood:reserve|38:heatwave:reserve|44:wildfire:origin|56:funding_collapse|82:wildfire:reserve|89:funding_collapse|94:flood:alternative,0.004705192197544627,0.0912472218106085,0.04511287342177342,0.012026169051524758,2.571154928753683e-05,0.0007342155396428828,0.0001536176074048167,cbb903c9cd0dc085,engagement_positive
S2,rule,False,980017,0.375,0.125,3,1,18,0,2,0.6666666666666666,1.0,16.5,63.385976639181884,0.48062265834858087,1.975609756097561,0.02018285835082678,0.9798171416491732,0,0,0,11327.649599692308,11327.649599692308,11327.649599692308,1.5,0.2770008536825214,0.11302994834730135,8.148148148148148e-05,45.75,18.299999999999997,0.04661882709036791,1,25:flood:origin|33:funding_collapse|84:wildfire:semiwild|92:wildfire:origin|96:flood:alternative,0.003964742310265565,0.0916388081042236,0.02843856161884534,0.013167628614412593,1.3037037037037036e-05,0.000742297424210455,0.00010406790533938657,cbb903c9cd0dc085,engagement_positive
S2,rule,False,980018,0.375,0.125,3,1,43,0,1,0.3333333333333333,1.0,23.0,100.88923231590623,0.4870947460196561,2.7972768532526477,0.0,1.0,0,0,0,11308.50556180343,11308.505561803431,11308.50556180343,1.5,0.3565283200599798,0.1318424623860812,0.0001649831258708342,70.25,28.10000000000001,0.05983430923778364,2,,0.00518609898773092,0.09218221725337723,0.044151818849470184,0.010283065377281363,2.639730013933348e-05,0.00069250500783722,0.00013369287461342433,cbb903c9cd0dc085,engagement_positive
S2,rule,False,980019,0.25,0.25,2,2,52,0,2,0.6666666666666666,1.0,25.5,85.71157131343179,0.47674781509759284,1.7160919540229884,0.02494548744246463,0.9750545125575354,0,0,0,11335.048128274677,11335.048128274677,5667.524064137338,1.5,0.17476799643456864,0.1571759839634395,0.000502854848706314,54.25,21.700000000000014,0.05019132389876359,1,10:wildfire:alternative|32:wildfire:alternative|36:heatwave:alternative|78:wildfire:semiwild|94:flood:alternative,0.004579557451532543,0.09150377876065655,0.04453989411230499,0.01095671826994696,8.045677579301023e-05,0.0006823857068017984,0.00010231354754035286,cbb903c9cd0dc085,engagement_positive
S2,rule,False,980020,0.375,0.125,3,1,18,0,2,0.6666666666666666,1.0,39.5,87.1775123843043,0.5019993347976844,2.6557377049180326,0.0,1.0,0,0,0,11265.626272445812,11265.626272445812,11265.626272445812,1.5,0.13755124069827288,0.10706349182973604,0.00019022803265355306,57.25,22.900000000000002,0.052504953553642084,1,9:funding_collapse|48:wildfire:reserve|57:flood:origin|66:flood:semiwild|77:wildfire:alternative|78:heatwave:semiwild|80:wildfire:reserve|90:flood:origin,0.005749207257515954,0.09174988857272952,0.03895492590788627,0.010673484949731842,3.043648522456849e-05,0.0007879125041291515,0.00013007314684208794,cbb903c9cd0dc085,engagement_positive
S2,rule,False,980021,0.375,0.125,3,1,28,0,1,0.3333333333333333,1.0,34.0,73.98287571162501,0.48903405956971246,2.8,0.0010705165120461972,0.9989294834879539,0,0,0,11319.706871040982,11319.706871040982,11319.706871040982,1.5,0.27886085285520745,0.121153484758907,0.00034906901476807405,51.25,20.50000000000001,0.04508699736693125,2,39:funding_collapse|58:flood:alternative|68:funding_collapse|93:heatwave:origin,0.0047264950874823805,0.09086768034305463,0.034197851163749605,0.011735989023339057,5.585104236289185e-05,0.0006388026715842415,0.00011656953457235553,cbb903c9cd0dc085,engagement_positive
S2,rule,False,980022,0.25,0.125,2,1,48,0,2,0.6666666666666666,1.0,22.0,58.45063480367171,0.4620419337196089,2.9312977099236646,0.0,1.0,0,0,0,11329.194127333232,11329.194127333234,11329.194127333232,1.5,0.35672693028906594,0.12992679823542405,0.0001181664777170395,33.5,13.399999999999999,0.043455640536403994,1,14:wildfire:origin|17:funding_collapse|50:funding_collapse|71:heatwave:semiwild,0.0035560569824931144,0.09535689165404858,0.03712536618252095,0.012570591759324033,1.8906636434726322e-05,0.0006446967079978997,8.970107893849394e-05,cbb903c9cd0dc085,engagement_positive
S2,rule,False,980023,0.375,0.25,3,2,48,0,2,0.6666666666666666,1.0,21.5,77.09069545720459,0.47844951814608905,1.676251331203408,0.03371459963971609,0.9662854003602839,0,0,0,11340.66771875976,11340.66771875976,5670.33385937988,1.5,0.27616242052609835,0.16852167850846206,0.0007034675879340241,55.5,22.199999999999996,0.0582146157190906,1,8:heatwave:semiwild|34:heatwave:reserve|40:flood:origin|42:flood:origin|82:heatwave:semiwild,0.00457188975309313,0.0911085561962059,0.042621397804101555,0.01168664913600167,0.00011255481406944386,0.0007328723140468252,0.00012514409707301032,cbb903c9cd0dc085,engagement_positive
S2,rule,False,980024,0.125,0.0,1,0,0,0,3,1.0,1.0,24.0,60.80341700407731,0.29956265661094794,0.0,,,0,0,0,11364.851245606575,11364.851245606575,11364.851245606575,1.5,0.23233963890437748,0.029738088123385388,0.00010162360358221554,45.25,18.100000000000005,0.03252062116473821,0,23:wildfire:origin|46:heatwave:semiwild|49:heatwave:alternative|64:flood:origin|86:wildfire:semiwild|100:flood:origin,0.004260242825081422,0.05057977431617448,0.005713991660512546,0.005008183267620802,1.6259776573154484e-05,0.00045908835420586827,9.462498523640238e-05,cbb903c9cd0dc085,engagement_positive
S2,rule,False,980025,0.125,0.0,1,0,0,0,3,1.0,1.0,28.0,51.21229346535224,0.3211287361818229,0.0,,,0,0,0,11307.181014031863,11307.181014031865,11307.181014031863,1.5,0.2587550625245245,0.031444903461608456,0.00021832474925454054,33.5,13.4,0.027846986045780023,0,9:wildfire:reserve|20:wildfire:semiwild|22:heatwave:origin|25:flood:origin|41:heatwave:semiwild|53:heatwave:origin,0.003897531203577193,0.054734920283780235,0.006330944029392677,0.007500667080463656,3.493195988072649e-05,0.0006340748223348881,8.286204489814281e-05,cbb903c9cd0dc085,engagement_positive
S2,rule,False,980026,0.25,0.0,2,0,0,0,1,0.3333333333333333,1.0,11.0,52.28283786438661,0.42507120513696,0.0,,,0,0,0,11392.784242864878,11392.78424286488,11392.784242864878,1.5,0.19057695386099516,0.027251647922376818,0.0001637408994643708,42.0,16.80000000000001,0.040969762681386496,2,14:heatwave:origin|47:flood:alternative|69:flood:alternative|97:flood:origin,0.0033154711498937324,0.09062612285074739,0.019353081271833657,0.006203789103276496,2.6198543914299328e-05,0.000572224429143527,0.00011624765379680264,cbb903c9cd0dc085,engagement_positive
S2,rule,False,980027,0.5,0.125,4,1,19,0,1,0.3333333333333333,1.0,22.0,73.604477242488,0.49183294445876063,2.714285714285715,0.0,1.0,0,0,0,11362.207345705941,11362.207345705941,11362.207345705941,1.5,0.35704385718544396,0.12983591068032638,0.00016271117240515909,59.0,23.60000000000001,0.05369333909462415,2,39:funding_collapse|41:wildfire:origin|54:wildfire:origin,0.004625261816848151,0.09212624012635982,0.02914150497661112,0.011826490639671497,2.603378758482545e-05,0.0007808274892743772,0.00013260522651020433,cbb903c9cd0dc085,engagement_positive
S2,rule,False,980028,0.375,0.125,3,1,40,0,3,1.0,1.0,27.0,87.33316713073197,0.4942792803601388,3.755868544600939,0.0,1.0,0,0,0,11250.428082024799,11250.428082024799,11250.428082024799,1.5,0.2623924681834448,0.12758394735583456,0.00013624586795318503,51.0,20.400000000000013,0.03768007545740344,0,18:heatwave:semiwild|22:wildfire:reserve|34:heatwave:origin|78:funding_collapse|79:funding_collapse,0.005098019548492638,0.09003737541408553,0.03543610681166686,0.01234597332413795,2.1799338872509605e-05,0.0007564854638046272,0.00010408796026103088,cbb903c9cd0dc085,engagement_positive
S2,rule,False,980029,0.25,0.125,2,1,29,0,2,0.6666666666666666,1.0,23.0,81.64237539086658,0.48810820781372205,3.2222222222222223,0.0,1.0,0,0,0,11341.603995448475,11341.603995448475,11341.603995448475,1.5,0.1787394652315212,0.11535345331995552,0.00031150235944469164,55.5,22.20000000000001,0.045036422872905796,1,11:flood:alternative|58:heatwave:semiwild|80:heatwave:reserve,0.004678289707423413,0.08950039420818193,0.03491252032577361,0.012268573035392274,4.984037751115066e-05,0.0007098183340137293,0.00012356620416233456,cbb903c9cd0dc085,engagement_positive
S2,rule,False,980030,0.25,0.125,2,1,50,0,2,0.6666666666666666,1.0,24.0,87.698256991741,0.48405129858292106,1.9872813990461045,6.402292302764507e-05,0.9999359770769723,0,0,0,11317.867482826383,11317.867482826383,11317.867482826383,1.5,0.24781896838133663,0.11116115153254755,0.0008328103638054078,56.5,22.60000000000001,0.051282203519764154,1,2:flood:alternative|64:flood:semiwild|75:funding_collapse,0.005067526426537125,0.09057360851772028,0.04639183418986196,0.011633598462526894,0.00013324965820886523,0.0006987886718818305,0.0001212823485014166,cbb903c9cd0dc085,engagement_positive
S2,rule,False,980031,0.375,0.125,3,1,29,0,2,0.6666666666666666,1.0,36.5,72.3036667033514,0.49696401229803105,1.7484407484407485,0.0,1.0,0,0,0,11198.654518611233,11198.654518611234,11198.654518611233,1.5,0.23444020906886187,0.10476922055878428,0.0001917084405907059,41.25,16.500000000000004,0.037953960837453046,1,17:flood:semiwild|41:flood:alternative|43:funding_collapse|54:heatwave:origin|73:funding_collapse|74:funding_collapse|77:wildfire:semiwild|94:flood:semiwild|99:funding_collapse,0.004867420164356541,0.08950093922533543,0.02981002903700139,0.012112982111941012,3.067335049451294e-05,0.0006969822107579886,9.372709788429414e-05,cbb903c9cd0dc085,engagement_positive
S2,rule,False,980032,0.125,0.125,1,1,55,0,2,0.6666666666666666,1.0,20.0,66.65296519344308,0.46802137350456424,2.6605101143359717,0.0,1.0,0,0,0,11338.962513366134,11338.962513366134,11338.962513366134,1.5,0.2574283738069433,0.11733766024076135,0.0003899626403265135,44.25,17.7,0.043698608583536504,1,23:wildfire:origin|44:flood:origin|68:flood:reserve|77:flood:semiwild|85:funding_collapse,0.0036223881164388224,0.0929978254001365,0.032849530427253686,0.014059232754417254,6.239402245224217e-05,0.0008346459046781771,9.359301224200636e-05,cbb903c9cd0dc085,engagement_positive
S2,rule,False,980033,0.375,0.0,3,0,0,0,1,0.3333333333333333,1.0,53.0,57.96408522643339,0.4183173153659634,0.0,,,0,0,0,11342.114902829559,11342.114902829559,11342.114902829559,1.5,0.2381807415983621,0.030926954943325664,0.0005526895809841002,51.0,20.400000000000006,0.03554440391744726,2,2:flood:reserve|62:funding_collapse|93:wildfire:reserve,0.004657818697796814,0.07088877129321733,0.012932926818406142,0.008713680744366516,8.843033295745603e-05,0.0006060909485811856,0.0001325941513508987,cbb903c9cd0dc085,engagement_positive
S2,rule,False,980034,0.375,0.125,3,1,65,0,2,0.6666666666666666,1.0,17.5,73.36005399956436,0.48976971822274357,3.3399209486166,0.0014327736118633421,0.9985672263881367,0,0,0,11223.998724788033,11223.998724788034,11223.998724788033,1.5,0.25965572305615126,0.12409459480459445,0.0004030941941402133,50.75,20.3,0.042399065064066585,1,2:heatwave:reserve|40:funding_collapse|62:funding_collapse|88:wildfire:semiwild,0.004773713518862929,0.088974423307468,0.03559640769153884,0.012472430588761714,6.449507106243413e-05,0.0007536833432625084,0.00014802573054652148,cbb903c9cd0dc085,engagement_positive
S2,rule,False,980035,0.125,0.125,1,1,33,0,3,1.0,1.0,26.0,50.01113317088153,0.4493951426300359,2.469387755102041,0.0,1.0,0,0,0,11349.092415236324,11349.092415236326,11349.092415236324,1.5,0.2875796026878093,0.11676586749072637,0.00026487775116877427,31.0,12.399999999999999,0.0353201483546251,0,9:flood:origin|10:funding_collapse|30:flood:semiwild|34:wildfire:reserve|71:wildfire:origin|75:funding_collapse|97:funding_collapse,0.0028018169278502146,0.09473100823894078,0.035600470146351745,0.015007196436504222,4.238044018700388e-05,0.0007518400777233494,7.165633435904346e-05,cbb903c9cd0dc085,engagement_positive
S2,rule,False,980036,0.125,0.0,1,0,0,0,2,0.6666666666666666,1.0,22.0,74.91812997561749,0.3933310393992191,0.0,,,0,0,0,11286.502599530306,11286.502599530306,11286.502599530306,1.5,0.12447578132580546,0.020122811829258097,0.00025469970065688635,56.5,22.600000000000005,0.03837616848338776,1,9:heatwave:alternative|10:funding_collapse|18:heatwave:alternative|37:wildfire:reserve,0.004722468795122566,0.06528479822876788,0.01414111974669129,0.008272940248876405,4.075195210510182e-05,0.0007057819427458478,0.00014286565928328288,cbb903c9cd0dc085,engagement_positive
S2,rule,False,980037,0.25,0.125,2,1,33,0,3,1.0,1.0,28.0,74.76035576121663,0.49833632256827765,3.330275229357798,0.0002639504205819904,0.999736049579418,0,0,0,11238.713269717697,11238.713269717697,11238.713269717697,1.5,0.1801877470895613,0.11583420702908613,0.0005136158496970506,53.0,21.20000000000001,0.04131340013276007,0,47:heatwave:reserve|49:heatwave:alternative|72:flood:origin|74:funding_collapse|86:flood:reserve|99:funding_collapse,0.0050085755435810096,0.08955005095213281,0.02978629324635409,0.01266862792893613,8.21785359515281e-05,0.0007876756935387302,0.00013342428567101827,cbb903c9cd0dc085,engagement_positive
S2,rule,False,980038,0.375,0.125,3,1,35,0,2,0.6666666666666666,1.0,12.0,38.28893742184536,0.4243263430559845,1.875957120980092,0.0,1.0,0,0,0,11453.039234686272,11453.039234686272,11453.039234686272,1.5,0.35791584331965526,0.12093952392766828,0.0013545067853213447,28.25,11.299999999999995,0.05069184192950918,1,3:heatwave:origin|95:funding_collapse,0.0020673718183069644,0.09743750854890502,0.046211724007117184,0.013024517523171783,0.00021672108565141512,0.0005852379960850205,9.82330059572908e-05,cbb903c9cd0dc085,engagement_positive
S2,rule,False,980039,0.25,0.125,2,1,50,0,2,0.6666666666666666,1.0,22.5,71.32089741560493,0.48370384800461613,2.5933609958506225,0.0014902472647345816,0.9985097527352654,0,0,0,11294.240407972102,11294.240407972102,11294.240407972102,1.5,0.24649177697566807,0.11553249019314255,0.00016829802741523915,47.5,19.000000000000007,0.043498512685347594,1,34:heatwave:semiwild|55:heatwave:semiwild|63:funding_collapse|66:flood:semiwild|90:flood:alternative|98:wildfire:semiwild|100:heatwave:origin,0.004424444718845449,0.09023542178944308,0.03529241674070996,0.012637494028773026,2.692768438643826e-05,0.0007273931790670969,0.00013709464046526113,cbb903c9cd0dc085,engagement_positive
S2,rule,False,980040,0.125,0.0,1,0,0,0,1,0.3333333333333333,1.0,21.0,53.32356278243421,0.39082929738114003,0.0,,,0,0,0,11317.94263273532,11317.942632735321,11317.94263273532,1.5,0.2898097086888248,0.036488991033564656,0.00010416666666666666,37.0,14.799999999999999,0.0375401008234109,2,16:wildfire:reserve|21:wildfire:origin|48:heatwave:semiwild|62:heatwave:origin|86:flood:origin|96:funding_collapse,0.003748794852546375,0.0747571866295966,0.006864466689214454,0.004756063819745242,1.6666666666666667e-05,0.000516495737242688,0.00010284164832046548,cbb903c9cd0dc085,engagement_positive
S2,rule,False,980041,0.125,0.125,1,1,8,0,3,1.0,1.0,21.0,38.32453319030156,0.4679679616699678,1.0,0.2877571450412685,0.7122428549587315,0,0,0,11355.292336608558,11355.29233660856,11355.292336608558,1.5,0.2595489405561248,0.09831948102098814,0.0003231110077758872,31.0,12.399999999999997,0.030572934826878315,0,9:funding_collapse|9:flood:origin|23:heatwave:origin|37:funding_collapse|46:funding_collapse|46:wildfire:alternative|59:flood:semiwild,0.002710870830810001,0.09380314577993179,0.015401971627093695,0.01497772216608708,5.169776124414193e-05,0.0006993128673205202,8.709622551613419e-05,cbb903c9cd0dc085,engagement_positive
S2,rule,False,980042,0.25,0.125,2,1,35,0,2,0.6666666666666666,1.0,37.0,80.27106163077444,0.48664189471224917,3.571428571428571,0.0,1.0,0,0,0,11340.590542911195,11340.590542911195,11340.590542911195,1.5,0.2386372823245678,0.12311807750124688,0.0003520896498424588,50.0,20.000000000000007,0.036450317772521924,1,4:flood:reserve|62:flood:semiwild|69:heatwave:origin|79:funding_collapse,0.004852992754949254,0.08983818494377108,0.039179897535833466,0.012072526735340943,5.633434397479342e-05,0.0006908531688146518,0.00010309476477633151,cbb903c9cd0dc085,engagement_positive
S2,rule,False,980043,0.375,0.125,3,1,41,0,3,1.0,1.0,29.666666666666668,79.41891875730298,0.49586441731258696,2.9964349376114074,0.0,1.0,0,0,0,11291.96102854397,11291.96102854397,11291.96102854397,1.5,0.23918252900773437,0.11844112875869774,0.00031803273165669594,46.5,18.6,0.04154263240905108,0,3:wildfire:semiwild|9:heatwave:semiwild|24:heatwave:alternative|49:funding_collapse|58:wildfire:reserve|62:wildfire:origin|65:wildfire:semiwild|71:heatwave:semiwild,0.004926832684035499,0.09029943972026513,0.030820999099552045,0.011725615571445042,5.088523706507136e-05,0.0007491408454697689,9.406471505576552e-05,cbb903c9cd0dc085,engagement_positive
S2,rule,False,980044,0.375,0.125,3,1,42,0,1,0.3333333333333333,1.0,57.0,87.05123270765331,0.498557814848726,3.458823529411765,0.0,1.0,0,0,0,11307.105377341191,11307.105377341191,11307.105377341191,1.5,0.2380360355596769,0.12382958778054803,0.0003730264152964885,56.0,22.400000000000013,0.04593874465231343,2,4:heatwave:semiwild|36:funding_collapse|40:wildfire:reserve|87:heatwave:semiwild|91:flood:semiwild|93:flood:reserve,0.00509646632651327,0.09052311314177915,0.03164797598185001,0.011740854508837755,5.9684226447438166e-05,0.0006901937387677832,0.00011540848802771164,cbb903c9cd0dc085,engagement_positive
S2,rule,False,980045,0.375,0.375,3,3,44,0,1,0.3333333333333333,1.0,12.0,88.94574824498392,0.4760294552757242,1.8325903912828132,0.007969417347441709,0.9920305826525583,0,0,0,11349.787874258755,11349.787874258755,3783.2626247529183,1.5,0.24562595004820276,0.22502247848467566,0.0007128813870994152,70.25,28.1,0.06691989783513631,2,5:wildfire:reserve|89:wildfire:origin,0.004890177610661029,0.0931805531239325,0.049423801709173,0.009447070950070989,0.00011406102193590642,0.000636893400096656,0.00015080975358282875,cbb903c9cd0dc085,engagement_positive
S2,rule,False,980046,0.375,0.125,3,1,25,0,2,0.6666666666666666,1.0,20.5,82.07392001266193,0.5138131617701306,2.934272300469483,0.0,1.0,0,0,0,11283.979448538803,11283.979448538805,11283.979448538803,1.5,0.052149466666666665,0.0988544450286883,0.000254324684198457,61.75,24.70000000000001,0.040233876786634024,1,2:wildfire:reserve|17:heatwave:semiwild|32:funding_collapse|59:heatwave:reserve|87:heatwave:alternative|98:heatwave:alternative,0.005565607757777118,0.09000882873483577,0.025548667934356496,0.011168488754734453,4.069194947175312e-05,0.0007488397840192902,0.00015009115757881936,cbb903c9cd0dc085,engagement_positive
S2,rule,False,980047,0.25,0.125,2,1,43,0,3,1.0,1.0,30.0,78.3281176120773,0.4877853588393249,2.772113943028486,0.0,1.0,0,0,0,11350.03825817027,11350.03825817027,11350.03825817027,1.5,0.35692703394510145,0.12977248485413634,2.6041666666666665e-05,60.75,24.300000000000004,0.05054321014670669,0,30:wildfire:semiwild|68:flood:origin|72:flood:semiwild|81:flood:origin,0.0046018731345034165,0.09205294863210495,0.034143920717022394,0.010849679265896766,4.166666666666667e-06,0.0006515812824837518,0.00012258485690283357,cbb903c9cd0dc085,engagement_positive
S2,rule,False,980000,0.25,0.125,2,1,43,0,3,1.0,1.0,21.666666666666668,66.09668285426577,0.45739483064076253,2.177856301531213,0.0,1.0,0,0,0,9300.720000000001,9300.720000000001,9300.720000000001,0.5,0.3372535786666666,0.12065584974836982,0.0003150001793573804,37.0,14.8,0.04450964433195518,0,16:funding_collapse|18:wildfire:origin|19:funding_collapse|27:wildfire:origin|72:funding_collapse|97:funding_collapse,0.0034556122120864867,0.09476543879565191,0.04205715446332614,0.011298649306418636,5.040002869718085e-05,0.0006321751410134245,8.419964983549581e-05,8f9a2b060d57b2c4,engagement_zero
S2,rule,False,980001,0.25,0.25,2,2,67,0,2,0.6666666666666666,1.0,28.0,82.33828067877619,0.4777535675723943,1.9563269876819709,0.06465286269204135,0.9353471373079587,0,0,0,9379.68,9379.68,4689.84,0.5,0.3380115946666666,0.1760032167431571,0.0008221308921051336,51.75,20.7,0.05069393699835355,1,90:funding_collapse,0.004768776046576663,0.09054803140473167,0.046848048853917634,0.0116690450209674,0.00013154094273682136,0.0006616699182584091,0.0001348821449198914,8f9a2b060d57b2c4,engagement_zero
S2,rule,False,980002,0.25,0.25,2,2,15,0,2,0.6666666666666666,1.0,34.0,80.12818114912572,0.4820623256434224,1.8333333333333333,0.06863795783178932,0.9313620421682107,0,0,0,9327.04,9327.04,4663.52,0.5,0.25729060781901064,0.16699702791348653,0.00032670880312084266,50.75,20.30000000000001,0.05217316899126064,1,10:funding_collapse|30:heatwave:reserve|92:funding_collapse|95:funding_collapse|97:wildfire:semiwild,0.004621608158185509,0.09106790033225613,0.03933710255932868,0.011072408704500783,5.227340849933484e-05,0.0007322047062190935,0.0001228157073037989,8f9a2b060d57b2c4,engagement_zero
S2,rule,False,980003,0.125,0.125,1,1,48,0,2,0.6666666666666666,1.0,32.5,70.50886145580711,0.4879896062434981,4.129032258064515,0.0,1.0,0,0,0,9379.68,9379.68,9379.68,0.5,0.23006934399999956,0.12825352611937016,0.00018572433612890538,49.0,19.600000000000016,0.03853134569362523,1,27:funding_collapse|41:wildfire:reserve|66:heatwave:reserve|89:wildfire:origin,0.004658093840609579,0.08922158067205527,0.035824085770498136,0.012876882809575212,2.9715893780624865e-05,0.0007755596887796173,0.00012903034797821322,8f9a2b060d57b2c4,engagement_zero
S2,rule,False,980004,0.25,0.125,2,1,11,0,3,1.0,1.0,25.333333333333332,79.44179621292795,0.5006670097797602,1.9836065573770496,0.0,1.0,0,0,0,9300.720000000001,9300.720000000001,9300.720000000001,0.5,0.13422975426958564,0.09883815303566659,0.00021224248472324716,43.75,17.50000000000001,0.04664556017468765,0,2:funding_collapse|14:funding_collapse|19:flood:reserve|20:funding_collapse|30:flood:origin|50:wildfire:origin|66:funding_collapse|77:flood:reserve|78:wildfire:alternative,0.004847602869306386,0.09228358380073828,0.024418733300626543,0.011502607853997477,3.395879755571954e-05,0.0007337736856566386,9.393562253461697e-05,8f9a2b060d57b2c4,engagement_zero
S2,rule,False,980005,0.375,0.25,3,2,23,0,1,0.3333333333333333,1.0,20.0,82.39608861165131,0.4830563107194477,1.9878048780487805,0.006796738685714283,0.9932032613142857,0,0,0,9327.04,9327.04,4663.52,0.5,0.06917801066666669,0.15201892219845065,5.405405405405406e-05,57.0,22.80000000000002,0.06361536175648073,2,4:flood:alternative|9:funding_collapse|51:heatwave:alternative|60:funding_collapse|91:heatwave:semiwild|95:flood:reserve|98:heatwave:reserve|100:funding_collapse,0.004841618133347612,0.09246184199370808,0.0409917058430867,0.011578274167948585,8.64864864864865e-06,0.0007324795629182198,0.00013001477504559207,8f9a2b060d57b2c4,engagement_zero
S2,rule,False,980006,0.375,0.125,3,1,55,0,2,0.6666666666666666,1.0,26.0,72.84924506617898,0.45845297968157006,4.824561403508772,0.0,1.0,0,0,0,9353.36,9353.36,9353.36,0.5,0.24941091118336464,0.13895629156467248,0.0002999793090199921,52.5,21.000000000000018,0.04759793205624145,1,21:wildfire:semiwild|35:funding_collapse|53:flood:reserve|78:funding_collapse,0.003939504669364712,0.09051936503943066,0.051524466608515625,0.012733267713333078,4.799668944319873e-05,0.0007380234447496586,0.00012252170121516458,8f9a2b060d57b2c4,engagement_zero
S2,rule,False,980007,0.375,0.125,3,1,33,0,3,1.0,1.0,33.0,88.38888885290767,0.5099018378013053,2.9353099730458223,2.4954226453736227e-05,0.9999750457735462,0,0,0,9379.68,9379.68,9379.68,0.5,0.06928680000000002,0.10130995313395982,0.0003325343328077063,52.5,21.000000000000014,0.043890867017507953,0,6:flood:reserve|14:wildfire:alternative|15:wildfire:alternative|55:flood:semiwild|56:funding_collapse|98:heatwave:reserve|99:heatwave:semiwild,0.005683027994192336,0.09015579962851308,0.030591938056949798,0.011769136098357797,5.320549324923299e-05,0.0008319123521034214,0.00012205935028338456,8f9a2b060d57b2c4,engagement_zero
S2,rule,False,980008,0.375,0.25,3,2,23,0,2,0.6666666666666666,1.0,20.0,49.329965299589176,0.43858686190587143,1.5,0.1570711081204653,0.8429288918795347,0,0,0,9406.0,9406.0,4703.0,0.5,0.2301781333333329,0.16229370143555621,0.00013465767482773787,32.0,12.799999999999999,0.058879440511114614,1,12:wildfire:origin|34:wildfire:reserve|81:heatwave:origin|92:flood:reserve,0.0025290161367872836,0.09774587827538711,0.04055818695612673,0.013299621377895927,2.154522797243806e-05,0.0006803415023337634,9.236245839094087e-05,8f9a2b060d57b2c4,engagement_zero
S2,rule,False,980009,0.375,0.0,3,0,0,0,2,0.6666666666666666,1.0,24.5,93.24214502706891,0.5106623014562955,0.0,,,0,0,0,9406.0,9406.0,9406.0,0.5,0.17242226666666705,0.027559950126217064,0.0007664605020742647,57.75,23.100000000000012,0.0515886172977518,1,1:heatwave:alternative|81:heatwave:alternative,0.005583957837143949,0.09428835278319977,0.023776900870050754,0.007315757410671061,0.00012263368033188236,0.0006061918455153972,0.00010839842354702509,8f9a2b060d57b2c4,engagement_zero
S2,rule,False,980010,0.375,0.125,3,1,41,0,1,0.3333333333333333,1.0,31.0,76.53398026146255,0.4877646161435261,2.655608214849921,0.0,1.0,0,0,0,9406.0,9406.0,9406.0,0.5,0.3382642666666666,0.12656418611802112,0.00039910975845465637,53.25,21.300000000000015,0.04965838651427612,2,68:flood:semiwild,0.004725633071225899,0.09036271715101347,0.03679043645676428,0.012516849993948203,6.385756135274502e-05,0.0007570386019618471,0.00012712612880285692,8f9a2b060d57b2c4,engagement_zero
S2,rule,False,980011,0.375,0.0,3,0,0,0,1,0.3333333333333333,1.0,54.0,73.05080191548173,0.472749926791535,0.0,,,0,0,0,9406.0,9406.0,9406.0,0.5,0.3382642666666666,0.04301121226807337,2.7472527472527476e-05,51.0,20.400000000000006,0.04592392800703356,2,61:flood:origin,0.005075268066976834,0.08272127900359358,0.018885555807973905,0.010293063584143591,4.395604395604396e-06,0.0006540047701391338,0.00010942699716931007,8f9a2b060d57b2c4,engagement_zero
S2,rule,False,980012,0.25,0.125,2,1,41,0,2,0.6666666666666666,1.0,14.5,72.09995364114779,0.48851142888765253,1.9893491124260354,0.0,1.0,0,0,0,9406.0,9406.0,9406.0,0.5,0.2301781333333329,0.10782212767908504,0.00027319847983797653,42.25,16.900000000000006,0.043304116107456936,1,33:flood:origin|59:wildfire:reserve,0.004643966655626215,0.0899457693624499,0.0331361358974947,0.012914795686479992,4.3711756774076255e-05,0.0007518325855738504,9.945159458368104e-05,8f9a2b060d57b2c4,engagement_zero
S2,rule,False,980013,0.125,0.125,1,1,52,0,3,1.0,1.0,15.0,30.02150191577649,0.43165919608958275,2.5752380952380953,0.0,1.0,0,0,0,9353.36,9353.36,9353.36,0.5,0.10744095204581756,0.10001996513524825,0.0003709974997309337,22.0,8.799999999999999,0.036367444891427694,0,4:heatwave:origin|16:funding_collapse|18:wildfire:alternative|50:funding_collapse|57:heatwave:reserve|63:wildfire:semiwild,0.001712252350431042,0.09680543753581976,0.03151473300980907,0.015612581804039183,5.935959995694941e-05,0.0007020285971218758,7.983417438568942e-05,8f9a2b060d57b2c4,engagement_zero
S2,rule,False,980014,0.25,0.125,2,1,33,0,1,0.3333333333333333,1.0,29.0,63.924322223004026,0.49183944380985134,3.617940199335548,0.0,1.0,0,0,0,9327.04,9327.04,9327.04,0.5,0.33750625066666656,0.13442665719870278,0.000609801910195129,43.5,17.400000000000016,0.0412331506934033,2,24:funding_collapse|34:wildfire:semiwild|46:funding_collapse|54:funding_collapse|60:wildfire:semiwild,0.004933075742863679,0.09015185587030054,0.03491170068850245,0.0124409438812938,9.756830563122063e-05,0.0006869311224277566,0.00012822850058637526,8f9a2b060d57b2c4,engagement_zero
S2,rule,False,980015,0.25,0.125,2,1,38,0,3,1.0,1.0,19.0,56.03180047883389,0.4476806262108171,2.0927536231884063,0.0,1.0,0,0,0,9379.68,9379.68,9379.68,0.5,0.1550642828203771,0.10152279897251906,0.00031277448270705026,25.5,10.199999999999998,0.04419417229298642,0,12:heatwave:origin|14:heatwave:alternative|70:funding_collapse|70:wildfire:semiwild|93:heatwave:reserve,0.0027751991066934465,0.09569105327645819,0.03704935875689558,0.013233839087904091,5.004391723312805e-05,0.0006342761425573759,7.855058843957702e-05,8f9a2b060d57b2c4,engagement_zero
S2,rule,False,980016,0.25,0.125,2,1,52,0,1,0.3333333333333333,1.0,17.0,75.95451310674338,0.4756284463017911,2.8704883227176223,0.0003791419133539339,0.999620858086646,0,0,0,9353.36,9353.36,9353.36,0.5,0.05554120000000001,0.10206309803491527,0.0003746458283047127,61.0,24.40000000000002,0.0577704740386952,2,25:wildfire:alternative|29:flood:reserve|38:heatwave:reserve|44:wildfire:origin|56:funding_collapse|82:wildfire:reserve|89:funding_collapse|94:flood:alternative,0.004380971386490538,0.09228301363046593,0.04102619658301934,0.01096188741618998,5.994333252875403e-05,0.0006623519060600954,0.0001411163721158327,8f9a2b060d57b2c4,engagement_zero
S2,rule,False,980017,0.125,0.125,1,1,43,0,2,0.6666666666666666,1.0,16.5,62.387147960783985,0.48235844832546454,1.9733191035218782,0.0,1.0,0,0,0,9379.68,9379.68,9379.68,0.5,0.2583003455254747,0.1094459275227035,8.148148148148148e-05,42.5,17.000000000000004,0.03816350967468631,1,25:flood:origin|33:funding_collapse|84:wildfire:semiwild|92:wildfire:origin|96:flood:alternative,0.004078417540370076,0.09116511950344652,0.026988599289560038,0.014338833616818474,1.3037037037037036e-05,0.0008843770527093984,0.00011197094014572554,8f9a2b060d57b2c4,engagement_zero
S2,rule,False,980018,0.375,0.25,3,2,14,0,1,0.3333333333333333,1.0,23.0,87.57663109781367,0.48788267245124417,1.6421621621621623,0.0305469352,0.9694530648,0,0,0,9406.0,9406.0,4703.0,0.5,0.3382642666666666,0.17586134055032462,0.000549991438309959,55.25,22.100000000000016,0.06556646131018166,2,,0.004719753926699063,0.0926780309557848,0.03354133475138609,0.011298613244537141,8.799863012959345e-05,0.0006853284943515632,0.00011763469834825571,8f9a2b060d57b2c4,engagement_zero
S2,rule,False,980019,0.125,0.125,1,1,58,0,3,1.0,1.0,32.666666666666664,86.92055759760586,0.48822350409268855,2.369014084507042,0.0,1.0,0,0,0,9406.0,9406.0,9406.0,0.5,0.16362733333333368,0.10377678053180418,0.000793861003899296,55.0,22.000000000000007,0.03736953176700196,0,10:wildfire:alternative|32:wildfire:alternative|36:heatwave:alternative|78:wildfire:semiwild|94:flood:alternative,0.004937162284268078,0.0894136441039795,0.040120518002716696,0.012688083980797429,0.00012701776062388735,0.0008020182248103376,0.00011489569578791111,8f9a2b060d57b2c4,engagement_zero
S2,rule,False,980020,0.375,0.125,3,1,32,0,3,1.0,1.0,37.0,74.50235917233154,0.5065652773102605,1.9692307692307693,0.003624456717867974,0.9963755432821321,0,0,0,9379.68,9379.68,9379.68,0.5,0.12975599610549646,0.09727209071250839,0.00019022803265355306,45.25,18.100000000000012,0.041770917048255266,0,9:funding_collapse|48:wildfire:reserve|57:flood:origin|66:flood:semiwild|77:wildfire:alternative|78:heatwave:semiwild|80:wildfire:reserve|90:flood:origin,0.0053480028231763024,0.09079862858774218,0.02758874232634854,0.012456072958711204,3.043648522456849e-05,0.0008414245680358409,0.000121424715794108,8f9a2b060d57b2c4,engagement_zero
S2,rule,False,980021,0.375,0.125,3,1,37,0,3,1.0,1.0,39.666666666666664,71.54769888155474,0.4913824785499719,1.9869375907111757,0.0,1.0,0,0,0,9353.36,9353.36,9353.36,0.5,0.25998392289321354,0.11089476831697376,0.00034906901476807405,50.5,20.200000000000014,0.04388500060270321,0,39:funding_collapse|58:flood:alternative|68:funding_collapse|93:heatwave:origin,0.004580548008241526,0.09236708870980623,0.029951046047358654,0.011171666893060306,5.585104236289185e-05,0.0006146488042829409,0.0001139671632414594,8f9a2b060d57b2c4,engagement_zero
S2,rule,False,980022,0.125,0.125,1,1,12,0,2,0.6666666666666666,1.0,22.0,57.37396428724002,0.46197590751706896,1.945945945945946,0.0,1.0,0,0,0,9353.36,9353.36,9353.36,0.5,0.3377589226666666,0.1170636704117165,0.00011858004264673348,32.75,13.1,0.03789159342795194,1,14:wildfire:origin|17:funding_collapse|50:funding_collapse|71:heatwave:semiwild,0.003263831952205191,0.09316434352728191,0.0352628898280178,0.013889441070278894,1.8972806823477356e-05,0.0006827859558364351,7.798531554792035e-05,8f9a2b060d57b2c4,engagement_zero
S2,rule,False,980023,0.375,0.25,3,2,79,0,2,0.6666666666666666,1.0,21.5,80.69996571338562,0.4658531260636645,2.5271493212669682,0.0,1.0,0,0,0,9406.0,9406.0,4703.0,0.5,0.25758961042600387,0.1753091745011162,0.0005334991922629951,55.0,22.00000000000001,0.05889360122923062,1,8:heatwave:semiwild|34:heatwave:reserve|40:flood:origin|42:flood:origin|82:heatwave:semiwild,0.00463878207400998,0.09143778648956483,0.056376420608392104,0.011536418515079035,8.535987076207924e-05,0.0007349724273181626,0.00012936851571346194,8f9a2b060d57b2c4,engagement_zero
S2,rule,False,980024,0.25,0.125,2,1,39,0,3,1.0,1.0,22.666666666666668,70.85326207622738,0.47242923262676656,2.9193857965451055,0.0,1.0,0,0,0,9406.0,9406.0,9406.0,0.5,0.2135346669465539,0.11659164037220668,0.00010162360358221554,43.25,17.300000000000004,0.048971578560501106,0,23:wildfire:origin|46:heatwave:semiwild|49:heatwave:alternative|64:flood:origin|86:wildfire:semiwild|100:flood:origin,0.0039446802687567225,0.0933558153717871,0.036100088050733385,0.012522455764476992,1.6259776573154484e-05,0.0007412121880350704,8.839282130048707e-05,8f9a2b060d57b2c4,engagement_zero
S2,rule,False,980025,0.125,0.125,1,1,50,0,3,1.0,1.0,26.333333333333332,62.873970105506395,0.46746466270340015,2.906976744186047,0.0,1.0,0,0,0,9406.0,9406.0,9406.0,0.5,0.2405037247898176,0.11734211903687476,0.00021832474925454054,31.25,12.5,0.03985989558016267,0,9:wildfire:reserve|20:wildfire:semiwild|22:heatwave:origin|25:flood:origin|41:heatwave:semiwild|53:heatwave:origin,0.0038221120381652374,0.09167059922984874,0.03831883841675757,0.01394411539393339,3.493195988072649e-05,0.0007883961600154192,8.019518809205076e-05,8f9a2b060d57b2c4,engagement_zero
S2,rule,False,980026,0.25,0.125,2,1,45,0,1,0.3333333333333333,1.0,11.0,59.2853268963788,0.4592645620411123,2.7476255088195387,0.0,1.0,0,0,0,9406.0,9406.0,9406.0,0.5,0.17664066666666703,0.1105949826580224,0.0001637408994643708,42.0,16.80000000000001,0.046023304515801534,2,14:heatwave:origin|47:flood:alternative|69:flood:alternative|97:flood:origin,0.0034706065158247464,0.09365178866314883,0.03664315240653385,0.01555295395172276,2.6198543914299328e-05,0.0009021726494978763,0.00011974466994843075,8f9a2b060d57b2c4,engagement_zero
S2,rule,False,980027,0.25,0.125,2,1,4,0,1,0.3333333333333333,1.0,22.0,79.16400422668463,0.5023081549550028,2.0,0.0,1.0,0,0,0,9379.68,9379.68,9379.68,0.5,0.3380115946666666,0.11911041522928714,0.00012737548335922268,64.5,25.800000000000015,0.04529627881310243,2,39:funding_collapse|41:wildfire:origin|54:wildfire:origin,0.005186866350675998,0.09129474975787943,0.028724643364169303,0.012065465193434115,2.0380077337475628e-05,0.00080798629369075,0.00014738298410806977,8f9a2b060d57b2c4,engagement_zero
S2,rule,False,980028,0.25,0.125,2,1,34,0,3,1.0,1.0,25.666666666666668,85.3551014095601,0.49506128975470676,3.4610778443113768,0.0,1.0,0,0,0,9353.36,9353.36,9353.36,0.5,0.244180614596006,0.12413747826051683,0.00013624586795318503,46.25,18.500000000000007,0.04429319178901225,0,18:heatwave:semiwild|22:wildfire:reserve|34:heatwave:origin|78:funding_collapse|79:funding_collapse,0.004843559401946818,0.09028000833909904,0.030528568827323334,0.012187906322245564,2.1799338872509605e-05,0.0007432045631009089,9.076739022410035e-05,8f9a2b060d57b2c4,engagement_zero
S2,rule,False,980029,0.25,0.125,2,1,56,0,2,0.6666666666666666,1.0,27.5,84.3685866578214,0.4808604786158332,2.343796711509716,0.0,1.0,0,0,0,9406.0,9406.0,9406.0,0.5,0.16015766687521563,0.10601069233511239,0.0003262145485912451,54.25,21.700000000000014,0.05153479266246835,1,11:flood:alternative|58:heatwave:semiwild|80:heatwave:reserve,0.004957551987843136,0.08996513237701272,0.04619470804756497,0.012136531047705384,5.2194327774599206e-05,0.0007020075454622205,0.00012378892599204994,8f9a2b060d57b2c4,engagement_zero
S2,rule,False,980030,0.25,0.25,2,2,49,0,2,0.6666666666666666,1.0,23.0,90.57015641906622,0.497283456440798,3.113778705636743,0.03270497790134176,0.9672950220986583,0,0,0,9379.68,9379.68,4689.84,0.5,0.22921236854620286,0.17776780205187837,0.00024090363910286752,62.5,25.000000000000014,0.056043890704453245,1,2:flood:alternative|64:flood:semiwild|75:funding_collapse,0.005736759032402453,0.09151295080892441,0.04364341222018615,0.010802592015015688,3.85445822564588e-05,0.0007090241971015676,0.00014811968869417365,8f9a2b060d57b2c4,engagement_zero
S2,rule,False,980031,0.25,0.25,2,2,50,0,2,0.6666666666666666,1.0,18.5,77.01540511026766,0.4820352357106592,2.317610062893082,0.0859614328228908,0.9140385671771092,0,0,0,9300.720000000001,9300.720000000001,4650.360000000001,0.5,0.2162200376901935,0.16788982257895588,0.0001917084405907059,53.75,21.5,0.05295859090502859,1,17:flood:semiwild|41:flood:alternative|43:funding_collapse|54:heatwave:origin|73:funding_collapse|74:funding_collapse|77:wildfire:semiwild|94:flood:semiwild|99:funding_collapse,0.004796261809400713,0.09010680334423168,0.044412368514994166,0.011703277882231012,3.067335049451294e-05,0.0006980208828581905,0.0001336211385755207,8f9a2b060d57b2c4,engagement_zero
S2,rule,False,980032,0.25,0.125,2,1,48,0,3,1.0,1.0,24.333333333333332,67.60508771481827,0.46822771527280904,2.4150943396226414,0.0,1.0,0,0,0,9379.68,9379.68,9379.68,0.5,0.23861926167862837,0.1121572519358678,0.0003899626403265135,41.75,16.700000000000014,0.03947191185889271,0,23:wildfire:origin|44:flood:origin|68:flood:reserve|77:flood:semiwild|85:funding_collapse,0.003748316692933528,0.09274176370199032,0.034594880263090655,0.014013412996563269,6.239402245224217e-05,0.0008006597524963985,9.586254761549125e-05,8f9a2b060d57b2c4,engagement_zero
S2,rule,False,980033,0.375,0.125,3,1,58,0,0,0.0,0.0,,68.62423021270205,0.48871088453793016,2.7349593495934963,0.0,1.0,0,0,0,9379.68,9379.68,9379.68,0.5,0.23006934399999956,0.11614365910604932,0.0003381047965068426,56.25,22.50000000000001,0.047685656050572026,3,2:flood:reserve|62:funding_collapse|93:wildfire:reserve,0.0047458231067032675,0.09033910002808523,0.034771389989915,0.01298793569542439,5.4096767441094816e-05,0.0007728670626092983,0.00014794541765227062,8f9a2b060d57b2c4,engagement_zero
S2,rule,False,980034,0.25,0.25,2,2,83,0,2,0.6666666666666666,1.0,22.5,84.35302652135681,0.475157559408116,1.7900517967632061,0.005857142857142857,0.9941428571428571,0,0,0,9353.36,9353.36,4676.68,0.5,0.24169759129818516,0.16469093243812616,0.00036319715424317346,49.0,19.60000000000001,0.050603276703377775,1,2:heatwave:reserve|40:funding_collapse|62:funding_collapse|88:wildfire:semiwild,0.0049659611777746636,0.09056604225108783,0.05409859440598772,0.011383011650380595,5.8111544678907744e-05,0.0006903901061375824,0.0001218120454446481,8f9a2b060d57b2c4,engagement_zero
S2,rule,False,980035,0.0,0.0,0,0,0,0,3,1.0,1.0,26.0,37.76913502307909,0.2482683964299428,0.0,,,0,0,0,9327.04,9327.04,9327.04,0.5,0.2681678995015396,0.03147731894300324,0.00026487775116877427,33.25,13.299999999999997,0.02330264496424642,0,9:flood:origin|10:funding_collapse|30:flood:semiwild|34:wildfire:reserve|71:wildfire:origin|75:funding_collapse|97:funding_collapse,0.0028378161159258964,0.04816628756202971,0.005000549252094456,0.006396379676924139,4.238044018700388e-05,0.0005105134401013408,8.265511666538279e-05,8f9a2b060d57b2c4,engagement_zero
S2,rule,False,980036,0.375,0.125,3,1,9,0,2,0.6666666666666666,1.0,23.0,81.64447217855653,0.4957773633956223,1.7999999999999998,0.02641919541878551,0.9735808045812145,0,0,0,9379.68,9379.68,9379.68,0.5,0.10617028437031427,0.09748452494272904,0.00015368959964678536,56.25,22.500000000000018,0.06308748252848806,1,9:heatwave:alternative|10:funding_collapse|18:heatwave:alternative|37:wildfire:reserve,0.0048158409371809145,0.09497182177772415,0.029311457966760945,0.010030289795295157,2.459033594348566e-05,0.0007170046600895038,0.0001287319958431523,8f9a2b060d57b2c4,engagement_zero
S2,rule,False,980037,0.375,0.125,3,1,15,0,3,1.0,1.0,31.333333333333332,79.61769124182634,0.5139251890886605,2.227722772277228,0.0,1.0,0,0,0,9353.36,9353.36,9353.36,0.5,0.1723949535747279,0.10399804933450382,0.0003427265043109367,49.0,19.600000000000012,0.04115663127129375,0,47:heatwave:reserve|49:heatwave:alternative|72:flood:origin|74:funding_collapse|86:flood:reserve|99:funding_collapse,0.005648349401566931,0.09069113425445106,0.026450919160674546,0.011779962154811545,5.483624068974988e-05,0.0007873617818875318,0.0001051878730351452,8f9a2b060d57b2c4,engagement_zero
S2,rule,False,980038,0.375,0.125,3,1,35,0,2,0.6666666666666666,1.0,12.0,38.294720207064536,0.4244064554122417,1.875957120980092,0.0,1.0,0,0,0,9379.68,9379.68,9379.68,0.5,0.3380115946666666,0.11894909906236942,0.0008189260558446826,28.0,11.199999999999996,0.05069184192950918,1,3:heatwave:origin|95:funding_collapse,0.0020673718183069644,0.09744308910936401,0.046211724007117184,0.013024517523171783,0.00013102816893514923,0.0005852379960850205,9.82330059572908e-05,8f9a2b060d57b2c4,engagement_zero
S2,rule,False,980039,0.375,0.25,3,2,44,0,2,0.6666666666666666,1.0,23.0,71.59825336620158,0.47873678697782923,1.6400000000000001,0.020226174009746304,0.9797738259902536,0,0,0,9379.68,9379.68,4689.84,0.5,0.22811199705913546,0.16307736957504873,0.0002583881175053292,48.25,19.30000000000001,0.05683084934567585,1,34:heatwave:semiwild|55:heatwave:semiwild|63:funding_collapse|66:flood:semiwild|90:flood:alternative|98:wildfire:semiwild|100:heatwave:origin,0.004355624876481105,0.09287440615421111,0.038297445099255104,0.011481011066986955,4.134209880085268e-05,0.0007177890834400384,0.0001291487520637052,8f9a2b060d57b2c4,engagement_zero
S2,rule,False,980040,0.25,0.125,2,1,44,0,1,0.3333333333333333,1.0,21.0,62.34814680364477,0.47100914866505117,2.488431876606684,0.0,1.0,0,0,0,9379.68,9379.68,9379.68,0.5,0.2712023874145647,0.11660118858625275,0.00010416666666666666,33.25,13.299999999999999,0.04173315539364718,2,16:wildfire:reserve|21:wildfire:origin|48:heatwave:semiwild|62:heatwave:origin|86:flood:origin|96:funding_collapse,0.0036393088727063234,0.09231068876936681,0.031164153344467763,0.01390583554362819,1.6666666666666667e-05,0.0008104100832846852,8.411014752952532e-05,8f9a2b060d57b2c4,engagement_zero
S2,rule,False,980041,0.125,0.0,1,0,0,0,3,1.0,1.0,17.0,35.182693533457716,0.40853894953035147,0.0,,,0,0,0,9327.04,9327.04,9327.04,0.5,0.24007771812468218,0.029165808137734388,0.0003231110077758872,29.75,11.899999999999999,0.025790181626330844,0,9:funding_collapse|9:flood:origin|23:heatwave:origin|37:funding_collapse|46:funding_collapse|46:wildfire:alternative|59:flood:semiwild,0.002526689423021182,0.0792661025874847,0.010003116787067785,0.012422000565426255,5.169776124414193e-05,0.0006399425554278878,8.843117954379129e-05,8f9a2b060d57b2c4,engagement_zero
S2,rule,False,980042,0.125,0.125,1,1,20,0,2,0.6666666666666666,1.0,34.5,75.0199601836698,0.4965384153779788,1.6,0.00038200023099960704,0.9996179997690003,0,0,0,9379.68,9379.68,9379.68,0.5,0.23006934399999956,0.10238919729921829,0.0003520896498424588,45.0,18.00000000000001,0.035661314496091646,1,4:flood:reserve|62:flood:semiwild|69:heatwave:origin|79:funding_collapse,0.004838123507022551,0.08945639087873639,0.02972788099902925,0.012326108159643688,5.633434397479342e-05,0.0006747881587520224,9.919338370501839e-05,8f9a2b060d57b2c4,engagement_zero
S2,rule,False,980043,0.375,0.125,3,1,43,0,3,1.0,1.0,30.666666666666668,83.3643320870172,0.5128626016434115,2.622695035460993,0.0,1.0,0,0,0,9379.68,9379.68,9379.68,0.5,0.22082463113371173,0.11323001617387002,0.0003699205210438388,48.0,19.200000000000006,0.0433530135294446,0,3:wildfire:semiwild|9:heatwave:semiwild|24:heatwave:alternative|49:funding_collapse|58:wildfire:reserve|62:wildfire:origin|65:wildfire:semiwild|71:heatwave:semiwild,0.005661751538027923,0.09116133190779524,0.027226805792546983,0.010662818634878281,5.918728336701422e-05,0.0006877665724888057,0.00010508459827046561,8f9a2b060d57b2c4,engagement_zero
S2,rule,False,980044,0.375,0.125,3,1,58,0,1,0.3333333333333333,1.0,52.0,90.20038317323966,0.49199691301725745,2.3009575923392616,0.0,1.0,0,0,0,9379.68,9379.68,9379.68,0.5,0.23006934399999956,0.11279861381262285,0.0003730264152964885,57.25,22.900000000000016,0.0526605174461514,2,4:heatwave:semiwild|36:funding_collapse|40:wildfire:reserve|87:heatwave:semiwild|91:flood:semiwild|93:flood:reserve,0.005026274438957055,0.09153158236869069,0.03850950817871892,0.010922742933176728,5.9684226447438166e-05,0.0006776534651959981,0.00011793789346894363,8f9a2b060d57b2c4,engagement_zero
S2,rule,False,980045,0.375,0.25,3,2,82,0,1,0.3333333333333333,1.0,12.0,89.47212063726336,0.4597380664653161,2.408620689655172,0.005351568893530438,0.9946484311064696,0,0,0,9406.0,9406.0,4703.0,0.5,0.2301781333333329,0.17015385546667994,0.0005803208539400554,60.25,24.100000000000016,0.052749176183974594,2,5:wildfire:reserve|89:wildfire:origin,0.004501315441085987,0.09127447391525755,0.06038907324028028,0.011388477570592697,9.285133663040887e-05,0.0007095941124152283,0.00012739664018913705,8f9a2b060d57b2c4,engagement_zero
S2,rule,False,980046,0.375,0.125,3,1,23,0,2,0.6666666666666666,1.0,20.5,76.34250013431325,0.5110979654561743,1.9665427509293683,0.0,1.0,0,0,0,9379.68,9379.68,9379.68,0.5,0.05195106666666668,0.0896918315642943,0.000254324684198457,55.5,22.200000000000006,0.04290648694166972,1,2:wildfire:reserve|17:heatwave:semiwild|32:funding_collapse|59:heatwave:reserve|87:heatwave:alternative|98:heatwave:alternative,0.005284233900551943,0.08952794810134228,0.0241495758413465,0.011886344962358348,4.069194947175312e-05,0.0007919653805442034,0.0001459306031905437,8f9a2b060d57b2c4,engagement_zero
S2,rule,False,980047,0.25,0.125,2,1,66,0,3,1.0,1.0,30.0,83.64363827110273,0.49335844469608037,3.8010471204188483,0.0,1.0,0,0,0,9406.0,9406.0,9406.0,0.5,0.3382642666666666,0.1368703461211374,0.00010227926178283136,61.75,24.70000000000002,0.04391724125141126,0,30:wildfire:semiwild|68:flood:origin|72:flood:semiwild|81:flood:origin,0.00505722961828589,0.09020586053220792,0.036429901580885375,0.011862590135501026,1.6364681885253016e-05,0.000717503652711756,0.00012344895542467643,8f9a2b060d57b2c4,engagement_zero
S2,rule,False,980000,0.25,0.25,2,2,70,0,3,1.0,1.0,23.666666666666668,65.76505838063335,0.4554693020708459,1.9085281980742779,0.09617341001525165,0.9038265899847484,0,0,0,8258.87528736578,8258.87528736578,4129.43764368289,0.0,0.32725186942537926,0.17439825265734119,0.0003492072065517848,37.5,14.999999999999993,0.05043891867030238,0,16:funding_collapse|18:wildfire:origin|19:funding_collapse|27:wildfire:origin|72:funding_collapse|97:funding_collapse,0.0035869278464807403,0.09408842113457108,0.045865397707573724,0.011941230499280689,5.587315304828557e-05,0.0006402496428474709,9.542164957693917e-05,4ef216bd8df7cdfb,engagement_negative
S2,rule,False,980001,0.25,0.125,2,1,29,0,2,0.6666666666666666,1.0,30.5,84.64920828872458,0.49197715100724415,2.5255255255255253,0.0,1.0,0,0,0,8351.962519967063,8351.962519967063,8351.962519967063,0.0,0.3281455068583516,0.1239338040983489,0.0007804266654718761,50.25,20.099999999999994,0.04806999078629243,1,90:funding_collapse,0.005099223299452918,0.09022224971497673,0.0388884653957771,0.011683063587722156,0.0001248682664755002,0.0006818045330841842,0.00011680719476406583,4ef216bd8df7cdfb,engagement_negative
S2,rule,False,980002,0.25,0.125,2,1,51,0,2,0.6666666666666666,1.0,33.0,82.95667096055178,0.4713299982743147,3.3561290322580644,0.0,1.0,0,0,0,8292.065437411584,8292.065437411586,8292.065437411584,0.0,0.24735485201816307,0.12430152003257841,0.00042262373443865633,46.75,18.699999999999992,0.04877372254090728,1,10:funding_collapse|30:heatwave:reserve|92:funding_collapse|95:funding_collapse|97:wildfire:semiwild,0.0044718557428636155,0.09056307377515184,0.04678402702827594,0.012921010716521266,6.7619797510185e-05,0.0008187176466995304,0.00010905810073591021,4ef216bd8df7cdfb,engagement_negative
S2,rule,False,980003,0.125,0.125,1,1,56,0,3,1.0,1.0,33.333333333333336,75.06262578654265,0.5103148476249044,2.9308411214953267,0.0,1.0,0,0,0,8343.050621641676,8343.050621641676,8343.050621641676,0.0,0.22578460923611984,0.11505240078405576,0.0004561930581968396,51.0,20.400000000000002,0.034577643227452576,0,27:funding_collapse|41:wildfire:reserve|66:heatwave:reserve|89:wildfire:origin,0.005575567177932773,0.08982305351929946,0.027734910708734704,0.012725466568932663,7.299088931149434e-05,0.0008643111236106484,0.00013742660470754048,4ef216bd8df7cdfb,engagement_negative
S2,rule,False,980004,0.25,0.125,2,1,54,0,3,1.0,1.0,25.0,79.67960947680595,0.49195010998744526,3.496402877697842,0.0,1.0,0,0,0,8262.269245942854,8262.269245942854,8262.269245942854,0.0,0.12993749115281703,0.11209079852357079,0.0003014461842210643,40.5,16.199999999999992,0.03941510315655333,0,2:funding_collapse|14:funding_collapse|19:flood:reserve|20:funding_collapse|30:flood:origin|50:wildfire:origin|66:funding_collapse|77:flood:reserve|78:wildfire:alternative,0.004967595927511322,0.09216646182853054,0.03472690915198672,0.011889195915295714,4.823138947537028e-05,0.0007552807681757269,8.809423543960135e-05,4ef216bd8df7cdfb,engagement_negative
S2,rule,False,980005,0.375,0.125,3,1,30,0,1,0.3333333333333333,1.0,20.0,81.75097905359571,0.47645457241336575,2.542372881355932,0.0,1.0,0,0,0,8278.302747083495,8278.302747083495,8278.302747083495,0.0,0.06732963199999997,0.10014847220717112,5.405405405405406e-05,49.0,19.599999999999994,0.05870890096805899,2,4:flood:alternative|9:funding_collapse|51:heatwave:alternative|60:funding_collapse|91:heatwave:semiwild|95:flood:reserve|98:heatwave:reserve|100:funding_collapse,0.004604489963154435,0.0908441763288452,0.0467453153542532,0.011792573785612432,8.64864864864865e-06,0.0006714923589899547,0.00011205342748181567,4ef216bd8df7cdfb,engagement_negative
S2,rule,False,980006,0.375,0.125,3,1,9,0,2,0.6666666666666666,1.0,26.0,72.25274588579862,0.47825959528644924,1.975609756097561,0.014620237110715929,0.9853797628892841,0,0,0,8299.274222539958,8299.274222539958,8299.274222539958,0.0,0.23929168771974949,0.11177573116617551,0.00039343725294522575,52.25,20.900000000000002,0.0592023241661247,1,21:wildfire:semiwild|35:funding_collapse|53:flood:reserve|78:funding_collapse,0.004557408303133131,0.09336221552280487,0.03944701871161193,0.011693836546660879,6.294996047123611e-05,0.000750759866735929,0.00013955767536877087,4ef216bd8df7cdfb,engagement_negative
S2,rule,False,980007,0.375,0.125,3,1,24,0,3,1.0,1.0,31.666666666666668,81.85059124060645,0.5155200284295675,2.742857142857143,0.0,1.0,0,0,0,8359.431851125039,8359.431851125039,8359.431851125039,0.0,0.06742453333333331,0.09859420020416536,0.00025083235949110316,39.0,15.599999999999993,0.04086587721130298,0,6:flood:reserve|14:wildfire:alternative|15:wildfire:alternative|55:flood:semiwild|56:funding_collapse|98:heatwave:reserve|99:heatwave:semiwild,0.0056920950111217115,0.08984914729564158,0.02528488188633598,0.012022459047298616,4.0133177518576495e-05,0.0007928403211265183,8.742127277326683e-05,4ef216bd8df7cdfb,engagement_negative
S2,rule,False,980008,0.125,0.125,1,1,46,0,2,0.6666666666666666,1.0,17.5,47.281799866063466,0.45472779255474544,1.9849906191369608,0.00042193965339021967,0.9995780603466098,0,0,0,8339.499892816826,8339.499892816826,8339.499892816826,0.0,0.22576993289031058,0.10661252201251889,0.00037004712853931795,31.75,12.7,0.03967811266059108,1,12:wildfire:origin|34:wildfire:reserve|81:heatwave:origin|92:flood:reserve,0.002734559098595138,0.09491043631670668,0.030806804621454482,0.014851841169546234,5.920754056629088e-05,0.000762672109667828,0.00010146141242811705,4ef216bd8df7cdfb,engagement_negative
S2,rule,False,980009,0.25,0.25,2,2,20,0,3,1.0,1.0,29.0,96.7431609799119,0.49538010143908984,1.7411764705882353,0.0,1.0,0,0,0,8365.21881656515,8365.21881656515,4182.609408282575,0.0,0.16579026286388962,0.1574012934750924,0.000281520205056109,58.0,23.200000000000003,0.05455251241410531,0,1:heatwave:alternative|81:heatwave:alternative,0.005541077316669007,0.09338291150573255,0.04097864019583183,0.010411789349603722,4.504323280897745e-05,0.0008328474978864135,0.00013602111771969508,4ef216bd8df7cdfb,engagement_negative
S2,rule,False,980010,0.25,0.125,2,1,57,0,2,0.6666666666666666,1.0,41.5,80.94024415696394,0.503035082732269,3.1391304347826092,0.0,1.0,0,0,0,8354.386526963612,8354.386526963612,8354.386526963612,0.0,0.3281687773255186,0.1280002640237451,0.0004335535922405955,55.0,21.999999999999996,0.03771040971683566,1,68:flood:semiwild,0.005540303364768779,0.09078159607513107,0.03573946939524717,0.011880444095512636,6.936857475849528e-05,0.000738763992840103,0.00012636708947075362,4ef216bd8df7cdfb,engagement_negative
S2,rule,False,980011,0.375,0.125,3,1,32,0,1,0.3333333333333333,1.0,55.0,76.93729137014294,0.5060047654068398,1.9922178988326849,0.0,1.0,0,0,0,8355.573262921365,8355.573262921363,8355.573262921365,0.0,0.3281801699907129,0.11739653934179678,2.7472527472527476e-05,45.25,18.099999999999998,0.042031716771993244,2,61:flood:origin,0.005299753917845381,0.09111452354678912,0.02686960025639874,0.011160882073080256,4.395604395604396e-06,0.0007098851666379919,9.784012716083546e-05,4ef216bd8df7cdfb,engagement_negative
S2,rule,False,980012,0.375,0.125,3,1,27,0,2,0.6666666666666666,1.0,14.5,70.05422027460227,0.4900123490578357,1.9972602739726029,0.0,1.0,0,0,0,8344.54011132714,8344.54011132714,8344.54011132714,0.0,0.22579076579348642,0.10856896169337593,0.00033346212553944226,39.75,15.899999999999993,0.04883641187150631,1,33:flood:origin|59:wildfire:reserve,0.004576354474491399,0.09108082156094775,0.03036468407242819,0.01217835576005057,5.335394008631076e-05,0.0006836164532280309,9.692779901339711e-05,4ef216bd8df7cdfb,engagement_negative
S2,rule,False,980013,0.125,0.125,1,1,33,0,3,1.0,1.0,15.0,31.23333745718144,0.4312130501990712,2.0742857142857143,0.0,1.0,0,0,0,8266.304720637814,8266.304720637814,8266.304720637814,0.0,0.10005582176565325,0.09341979587190664,0.0003709974997309337,21.0,8.4,0.03210678276242085,0,4:heatwave:origin|16:funding_collapse|18:wildfire:alternative|50:funding_collapse|57:heatwave:reserve|63:wildfire:semiwild,0.0017439842704664065,0.09622425771990387,0.03426425540239229,0.01567719180378035,5.935959995694941e-05,0.0006752993479285346,7.669334503811096e-05,4ef216bd8df7cdfb,engagement_negative
S2,rule,False,980014,0.25,0.125,2,1,61,0,2,0.6666666666666666,1.0,22.0,68.5972461679918,0.4940518244256857,2.6039188243526943,0.0,1.0,0,0,0,8270.395867456866,8270.395867456866,8270.395867456866,0.0,0.32736246699425364,0.12487836966289195,0.000609801910195129,55.0,21.999999999999993,0.04926467359969815,1,24:funding_collapse|34:wildfire:semiwild|46:funding_collapse|54:funding_collapse|60:wildfire:semiwild,0.0049076108641855735,0.09025902263981972,0.03432290762212213,0.011939621240229714,9.756830563122063e-05,0.0006684667909473227,0.00017014280277647463,4ef216bd8df7cdfb,engagement_negative
S2,rule,False,980015,0.125,0.0,1,0,0,0,3,1.0,1.0,17.666666666666668,47.98428391820862,0.36182728118489577,0.0,,,0,0,0,8335.206649703217,8335.206649703217,8335.206649703217,0.0,0.15074712630581702,0.020621003083573113,0.00017474787516824766,22.5,9.000000000000002,0.027731452264957053,0,12:heatwave:origin|14:heatwave:alternative|70:funding_collapse|70:wildfire:semiwild|93:heatwave:reserve,0.0026970050479848263,0.07194269337127278,0.016675312109125172,0.010263869782407686,2.7959660026919625e-05,0.0005437523569355118,7.122312901966777e-05,4ef216bd8df7cdfb,engagement_negative
S2,rule,False,980016,0.375,0.25,3,2,43,0,1,0.3333333333333333,1.0,17.0,81.02924532272354,0.4758643777211915,2.1939508506616257,0.0001757253061721641,0.9998242746938278,0,0,0,8301.48417296971,8301.48417296971,4150.742086484855,0.0,0.055243600000000004,0.1522512367388502,0.00028719927079038407,58.25,23.299999999999997,0.06143684116116955,2,25:wildfire:alternative|29:flood:reserve|38:heatwave:reserve|44:wildfire:origin|56:funding_collapse|82:wildfire:reserve|89:funding_collapse|94:flood:alternative,0.004804494511603998,0.09218013422278594,0.04756242852312294,0.011616603367425846,4.595188332646145e-05,0.0007208453900087486,0.00013695470720096625,4ef216bd8df7cdfb,engagement_negative
S2,rule,False,980017,0.125,0.0,1,0,0,0,3,1.0,1.0,28.0,57.32258642987271,0.34052128538770843,0.0,,,0,0,0,8323.196002572637,8323.196002572637,8323.196002572637,0.0,0.24815809915017328,0.029779378456118964,8.148148148148148e-05,37.0,14.799999999999994,0.02481784270550816,0,25:flood:origin|33:funding_collapse|84:wildfire:semiwild|92:wildfire:origin|96:flood:alternative,0.004090135596051002,0.05778526041180112,0.012833865986707636,0.007394885084308331,1.3037037037037036e-05,0.0005555546545514072,8.731817502228793e-05,4ef216bd8df7cdfb,engagement_negative
S2,rule,False,980018,0.375,0.25,3,2,28,0,1,0.3333333333333333,1.0,27.0,97.22422425493869,0.49783343409654734,1.4441340782122907,0.06611608460004506,0.933883915399955,0,0,0,8377.145284763199,8377.145284763199,4188.5726423815995,0.0,0.32838726140039437,0.17236094872110438,0.00021959904557231183,62.0,24.799999999999986,0.06290440899471017,2,,0.005531556921102625,0.09206078094657139,0.038564426257807975,0.010885421468143516,3.5135847291569894e-05,0.0007143691390632679,0.00014543509676532011,4ef216bd8df7cdfb,engagement_negative
S2,rule,False,980019,0.25,0.125,2,1,17,0,3,1.0,1.0,34.0,94.01691122881833,0.485585265993415,3.753246753246753,0.0,1.0,0,0,0,8359.587124793765,8359.587124793765,8359.587124793765,0.0,0.15760934294887272,0.11780322189524295,0.0003005129675700645,60.75,24.299999999999997,0.041299100339440745,0,10:wildfire:alternative|32:wildfire:alternative|36:heatwave:alternative|78:wildfire:semiwild|94:flood:alternative,0.005082048246513532,0.09022196123564535,0.044402325925305346,0.011858814918992074,4.808207481121032e-05,0.0007473179733325767,0.00012637891725528362,4ef216bd8df7cdfb,engagement_negative
S2,rule,False,980020,0.125,0.125,1,1,24,0,3,1.0,1.0,30.0,76.58806629180734,0.4953695996866556,2.618181818181818,0.0,1.0,0,0,0,8327.25295301067,8327.25295301067,8327.25295301067,0.0,0.12540596431127507,0.10292610222347508,0.00019022803265355306,49.5,19.800000000000004,0.0397684380526469,0,9:funding_collapse|48:wildfire:reserve|57:flood:origin|66:flood:semiwild|77:wildfire:alternative|78:heatwave:semiwild|80:wildfire:reserve|90:flood:origin,0.00519195194227092,0.08998933637171057,0.0370037642639583,0.012386506725581876,3.043648522456849e-05,0.000806612352944691,0.00013535663800520652,4ef216bd8df7cdfb,engagement_negative
S2,rule,False,980021,0.375,0.125,3,1,42,0,2,0.6666666666666666,1.0,43.5,83.60014992858474,0.5006027105640969,2.7391304347826093,0.0,1.0,0,0,0,8302.155395179212,8302.155395179212,8302.155395179212,0.0,0.24989235868693446,0.11860347706926261,0.000439978105677165,60.0,23.999999999999996,0.04986468426371525,1,39:funding_collapse|58:flood:alternative|68:funding_collapse|93:heatwave:origin,0.005328358772454146,0.09201302437394135,0.03186510573974849,0.011411372811936677,7.03964969083464e-05,0.000677444820411719,0.00013597693280624894,4ef216bd8df7cdfb,engagement_negative
S2,rule,False,980022,0.125,0.125,1,1,36,0,3,1.0,1.0,24.666666666666668,56.16465457390717,0.458437848956084,2.6234817813765186,0.0,1.0,0,0,0,8302.719956522065,8302.719956522065,8302.719956522065,0.0,0.3276727782492796,0.12261238429539004,5.4063913614475415e-05,29.0,11.599999999999998,0.0368014432834845,0,14:wildfire:origin|17:funding_collapse|50:funding_collapse|71:heatwave:semiwild,0.003224296956031682,0.09314380325717231,0.0361861626111432,0.013905895130687462,8.650226178316067e-06,0.0006867051067272279,7.984214585442764e-05,4ef216bd8df7cdfb,engagement_negative
S2,rule,False,980023,0.25,0.125,2,1,55,0,3,1.0,1.0,34.0,74.5469033112659,0.49725371692759934,1.894176581089543,0.0,1.0,0,0,0,8370.576838391784,8370.576838391784,8370.576838391784,0.0,0.24764954807456618,0.10981697147021428,0.0003955290320111605,46.0,18.4,0.04930125425931117,0,8:heatwave:semiwild|34:heatwave:reserve|40:flood:origin|42:flood:origin|82:heatwave:semiwild,0.004984782217385724,0.09240022271373188,0.030595042206585835,0.011189986339572165,6.328464512178568e-05,0.0007796203100116382,0.00012250556126393758,4ef216bd8df7cdfb,engagement_negative
S2,rule,False,980024,0.25,0.125,2,1,28,0,3,1.0,1.0,23.666666666666668,76.17010664964428,0.4710984598603509,1.950248756218905,0.0,1.0,0,0,0,8352.458664732114,8352.458664732114,8352.458664732114,0.0,0.20342067012798296,0.10639765055526741,0.00010162360358221554,43.5,17.399999999999995,0.05151547990140033,0,23:wildfire:origin|46:heatwave:semiwild|49:heatwave:alternative|64:flood:origin|86:wildfire:semiwild|100:flood:origin,0.004147743025582503,0.09337017693379876,0.040188377837035,0.012738868598009765,1.6259776573154484e-05,0.0007248338490585134,9.04968032409818e-05,4ef216bd8df7cdfb,engagement_negative
S2,rule,False,980025,0.25,0.0,2,0,0,0,3,1.0,1.0,24.0,58.806063836821785,0.4534593548902107,0.0,,,0,0,0,8381.138573957773,8381.138573957773,8381.138573957773,0.0,0.2306650550998136,0.0309986808075966,0.00021832474925454054,30.75,12.299999999999999,0.03966087648807618,0,9:wildfire:reserve|20:wildfire:semiwild|22:heatwave:origin|25:flood:origin|41:heatwave:semiwild|53:heatwave:origin,0.003940405570713986,0.08539679639663046,0.014232640373920934,0.011065303456305466,3.493195988072649e-05,0.0006982463300552408,6.971327127996227e-05,4ef216bd8df7cdfb,engagement_negative
S2,rule,False,980026,0.25,0.0,2,0,0,0,1,0.3333333333333333,1.0,11.0,54.21615496813154,0.4288804461705118,0.0,,,0,0,0,8358.183372879805,8358.183372879805,8358.183372879805,0.0,0.16937500243840983,0.02503195345088967,0.0001637408994643708,39.5,15.799999999999994,0.040472266035243426,2,14:heatwave:origin|47:flood:alternative|69:flood:alternative|97:flood:origin,0.0035808773661643828,0.08316489778323456,0.022014013613604746,0.011921324400216496,2.6198543914299328e-05,0.0007611273366628155,0.00011388522155571029,4ef216bd8df7cdfb,engagement_negative
S2,rule,False,980027,0.375,0.125,3,1,49,0,1,0.3333333333333333,1.0,36.0,79.03521956372234,0.5138415906560461,2.7253121452894433,0.0,1.0,0,0,0,8311.607137126834,8311.607137126834,8311.607137126834,0.0,0.3277580951830854,0.12521126951596143,0.0002315771322688471,53.5,21.400000000000002,0.04466169272379223,2,39:funding_collapse|41:wildfire:origin|54:wildfire:origin,0.005530090893366262,0.09171677995733486,0.022892799704405373,0.012097825415333193,3.705234116301553e-05,0.0008072039241770982,0.00012622483817994969,4ef216bd8df7cdfb,engagement_negative
S2,rule,False,980028,0.375,0.125,3,1,46,0,3,1.0,1.0,24.333333333333332,88.42532686001167,0.49018868507092556,2.947075208913649,0.0,1.0,0,0,0,8305.788751491875,8305.788751491875,8305.788751491875,0.0,0.23412393061032932,0.11916614113639136,0.00013624586795318503,46.5,18.599999999999998,0.05016497993110969,0,18:heatwave:semiwild|22:wildfire:reserve|34:heatwave:origin|78:funding_collapse|79:funding_collapse,0.004995983248462975,0.09350330521461979,0.037216128555857104,0.01123546351022912,2.1799338872509605e-05,0.0007187018888738416,9.365411142311155e-05,4ef216bd8df7cdfb,engagement_negative
S2,rule,False,980029,0.375,0.25,3,2,58,0,2,0.6666666666666666,1.0,20.0,78.82167073351872,0.4928501790634833,1.9936240636432263,0.015875908741022283,0.9841240912589777,0,0,0,8359.477656343679,8359.477656343679,4179.7388281718395,0.0,0.15011105237611555,0.15767706645768337,2.702702702702703e-05,42.75,17.1,0.051148602918197575,1,11:flood:alternative|58:heatwave:semiwild|80:heatwave:reserve,0.005267252346441868,0.0920572546838544,0.0397537787199886,0.010195856788868547,4.324324324324325e-06,0.0006828589199584705,0.00010593128643916092,4ef216bd8df7cdfb,engagement_negative
S2,rule,False,980030,0.25,0.125,2,1,45,0,2,0.6666666666666666,1.0,26.0,87.53727038562113,0.49256437324410096,3.546409807355517,0.00047598097459102,0.999524019025409,0,0,0,8324.944443418612,8324.944443418612,8324.944443418612,0.0,0.21908690720302193,0.1229695162046252,5.376344086021506e-05,53.25,21.299999999999997,0.046733637053839185,1,2:flood:alternative|64:flood:semiwild|75:funding_collapse,0.00536720993339484,0.09053315597169384,0.042538390496778204,0.011432050858512295,8.602150537634409e-06,0.0006916422318970446,0.0001218458808399653,4ef216bd8df7cdfb,engagement_negative
S2,rule,False,980031,0.25,0.125,2,1,24,0,3,1.0,1.0,30.666666666666668,72.49287026887508,0.5039420600275392,2.071942446043165,0.0,1.0,0,0,0,8268.92430433616,8268.92430433616,8268.92430433616,0.0,0.20631479901182134,0.1042914856579606,0.0001917084405907059,43.5,17.4,0.03345290648173413,0,17:flood:semiwild|41:flood:alternative|43:funding_collapse|54:heatwave:origin|73:funding_collapse|74:funding_collapse|77:wildfire:semiwild|94:flood:semiwild|99:funding_collapse,0.005102728333417299,0.0887256582942023,0.02738057776804308,0.012381648908936813,3.067335049451294e-05,0.0007397478681421686,0.00011408547656477945,4ef216bd8df7cdfb,engagement_negative
S2,rule,False,980032,0.125,0.125,1,1,51,0,3,1.0,1.0,24.666666666666668,66.75918311314713,0.47766487183405004,1.9395973154362416,0.0,1.0,0,0,0,8327.617667356055,8327.617667356055,8327.617667356055,0.0,0.22851946328524775,0.10580069825102646,0.0003899626403265135,39.0,15.599999999999993,0.036513893840696345,0,23:wildfire:origin|44:flood:origin|68:flood:reserve|77:flood:semiwild|85:funding_collapse,0.003989755874806589,0.0925730774761613,0.031116498588857136,0.014032036906378598,6.239402245224217e-05,0.0008172973769848959,9.778572801740438e-05,4ef216bd8df7cdfb,engagement_negative
S2,rule,False,980033,0.375,0.125,3,1,49,0,0,0.0,0.0,,72.0977240048033,0.484323850963017,1.99253112033195,5.236032825628749e-05,0.9999476396717437,0,0,0,8315.487928224306,8315.487928224306,8315.487928224306,0.0,0.2256706834366615,0.11032611964036748,0.0004482903099181625,56.25,22.499999999999996,0.057918700466909154,3,2:flood:reserve|62:funding_collapse|93:wildfire:reserve,0.004930945940152727,0.09095070602841726,0.04206220973187883,0.011420560117411542,7.172644958690599e-05,0.0006919232353817657,0.00014293952077961005,4ef216bd8df7cdfb,engagement_negative
S2,rule,False,980034,0.125,0.125,1,1,55,0,3,1.0,1.0,30.0,70.60836488646953,0.5059911195970579,2.998017839444995,0.0,1.0,0,0,0,8340.931073675969,8340.931073675969,8340.931073675969,0.0,0.23197827360547593,0.11688523576659424,0.0002679590590050782,44.0,17.599999999999998,0.037286150057983455,0,2:heatwave:reserve|40:funding_collapse|62:funding_collapse|88:wildfire:semiwild,0.0052098494559348115,0.0895504051621054,0.025956543182892942,0.012262049174558061,4.287344944081251e-05,0.0007360502682778264,0.0001293663851287954,4ef216bd8df7cdfb,engagement_negative
S2,rule,False,980035,0.125,0.125,1,1,40,0,3,1.0,1.0,22.0,49.99541224050765,0.44415731600319247,2.0,0.0,1.0,0,0,0,8269.959652973055,8269.959652973055,8269.959652973055,0.0,0.2580199281700822,0.10950977136553107,0.00026487775116877427,30.5,12.199999999999996,0.037288892742614245,0,9:flood:origin|10:funding_collapse|30:flood:semiwild|34:wildfire:reserve|71:wildfire:origin|75:funding_collapse|97:funding_collapse,0.0026697928474473513,0.09448765972662172,0.038603650221913643,0.0151212514644101,4.238044018700388e-05,0.0007273829946836154,7.54938197976114e-05,4ef216bd8df7cdfb,engagement_negative
S2,rule,False,980036,0.375,0.25,3,2,79,0,2,0.6666666666666666,1.0,22.5,84.63603533939666,0.48258868235418345,2.7827258426214145,0.006995078752469493,0.9930049212475305,0,0,0,8329.027959352998,8329.027959352998,4164.513979676499,0.0,0.09608402478010303,0.16225924806865902,0.00015368959964678536,53.25,21.299999999999997,0.061617935822172745,1,9:heatwave:alternative|10:funding_collapse|18:heatwave:alternative|37:wildfire:reserve,0.004901511799040131,0.0916791540530363,0.04350687576138584,0.0112182684027751,2.459033594348566e-05,0.0006976902999875658,0.00013174570368929244,4ef216bd8df7cdfb,engagement_negative
S2,rule,False,980037,0.25,0.125,2,1,15,0,3,1.0,1.0,29.333333333333332,74.20371937150217,0.5009153041285433,3.6885245901639347,0.0,1.0,0,0,0,8328.943818359041,8328.943818359041,8328.943818359041,0.0,0.16816070002394565,0.11744532501848512,0.0003571443824798662,45.75,18.3,0.03747004557225604,0,47:heatwave:reserve|49:heatwave:alternative|72:flood:origin|74:funding_collapse|86:flood:reserve|99:funding_collapse,0.005201164553406491,0.08935408251754552,0.030894851864016235,0.012251848291443344,5.714310119677859e-05,0.0007720188843569019,0.00011762787932156187,4ef216bd8df7cdfb,engagement_negative
S2,rule,False,980038,0.125,0.0,1,0,0,0,2,0.6666666666666666,1.0,13.5,24.75775006603926,0.2872855033695275,0.0,,,0,0,0,8306.232306507363,8306.232306507363,8306.232306507363,0.0,0.3277064968091386,0.03747427423360259,0.0003411367996463354,25.0,9.999999999999998,0.02351812276344365,1,3:heatwave:origin|95:funding_collapse,0.00210131450285122,0.06236053382373018,0.010224620393076528,0.004004971521274206,5.458188794341367e-05,0.0003251159773774331,9.482650367040964e-05,4ef216bd8df7cdfb,engagement_negative
S2,rule,False,980039,0.375,0.125,3,1,43,0,2,0.6666666666666666,1.0,25.5,77.19175579175123,0.47759119163116304,1.998918918918919,0.0,1.0,0,0,0,8344.2382957822,8344.2382957822,8344.2382957822,0.0,0.21817175669864572,0.10951658607082906,0.00016829802741523915,48.0,19.2,0.05730110605887645,1,34:heatwave:semiwild|55:heatwave:semiwild|63:funding_collapse|66:flood:semiwild|90:flood:alternative|98:wildfire:semiwild|100:heatwave:origin,0.0045885671952791965,0.09231697854776068,0.04387258815594927,0.010896326646734813,2.692768438643826e-05,0.000672256387044526,0.00012384445674816773,4ef216bd8df7cdfb,engagement_negative
S2,rule,False,980040,0.125,0.125,1,1,28,0,1,0.3333333333333333,1.0,21.0,63.374651078450235,0.47253205451728725,1.7737556561085972,0.0,1.0,0,0,0,8331.44276356423,8331.44276356423,8331.44276356423,0.0,0.26113930994478257,0.10817518272782421,0.00010416666666666666,32.0,12.799999999999995,0.040368475861299935,2,16:wildfire:reserve|21:wildfire:origin|48:heatwave:semiwild|62:heatwave:origin|86:flood:origin|96:funding_collapse,0.0037281933116913146,0.09194535516043682,0.03121290782100136,0.014237058794158864,1.6666666666666667e-05,0.0007933699534258521,9.24895439286765e-05,4ef216bd8df7cdfb,engagement_negative
S2,rule,False,980041,0.125,0.0,1,0,0,0,3,1.0,1.0,18.0,36.0085341540374,0.3297226633975624,0.0,,,0,0,0,8268.367332782382,8268.367332782382,8268.367332782382,0.0,0.2299144605193936,0.027470162010259497,0.0003231110077758872,30.0,11.999999999999996,0.022393579791600678,0,9:funding_collapse|9:flood:origin|23:heatwave:origin|37:funding_collapse|46:funding_collapse|46:wildfire:alternative|59:flood:semiwild,0.0027712764461389847,0.0633102946421391,0.009191717136188896,0.008801192141953258,5.169776124414193e-05,0.0005062565577519282,8.918574335569049e-05,4ef216bd8df7cdfb,engagement_negative
S2,rule,False,980042,0.375,0.125,3,1,23,0,2,0.6666666666666666,1.0,39.5,72.19981437037474,0.500266865584074,1.9097472924187722,0.0,1.0,0,0,0,8318.2330226243,8318.2330226243,8318.2330226243,0.0,0.22568202982684807,0.10552180103967265,0.0003520896498424588,39.0,15.599999999999993,0.038030625664000624,1,4:flood:reserve|62:flood:semiwild|69:heatwave:origin|79:funding_collapse,0.004818174834731168,0.0899177925306936,0.026658749344979825,0.012136058248659619,5.633434397479342e-05,0.00069453693123048,8.711945743390109e-05,4ef216bd8df7cdfb,engagement_negative
S2,rule,False,980043,0.375,0.125,3,1,8,0,3,1.0,1.0,34.666666666666664,77.36906519038084,0.5115244901971857,1.8823529411764706,8.468441589087349e-05,0.9999153155841092,0,0,0,8345.291478752428,8345.291478752428,8345.291478752428,0.0,0.21089450132973497,0.10417957849181066,0.00040195912289375785,49.75,19.9,0.04008299473536223,0,3:wildfire:semiwild|9:heatwave:semiwild|24:heatwave:alternative|49:funding_collapse|58:wildfire:reserve|62:wildfire:origin|65:wildfire:semiwild|71:heatwave:semiwild,0.0053634608441988875,0.09001755109210258,0.024859582155807736,0.011457642017634894,6.431345966300127e-05,0.0007179769340798196,0.0001256080449377196,4ef216bd8df7cdfb,engagement_negative
S2,rule,False,980044,0.25,0.0,2,0,0,0,2,0.6666666666666666,1.0,38.0,79.72317120823614,0.43620693243136804,0.0,,,0,0,0,8333.862223688158,8333.862223688158,8333.862223688158,0.0,0.22574663052457866,0.03164762373407788,0.0003730264152964885,49.0,19.599999999999994,0.04536480340810006,1,4:heatwave:semiwild|36:funding_collapse|40:wildfire:reserve|87:heatwave:semiwild|91:flood:semiwild|93:flood:reserve,0.004705970530553747,0.07815148956825951,0.01369423292357546,0.0073562537201770205,5.9684226447438166e-05,0.0005650980672672286,0.00010817205155785104,4ef216bd8df7cdfb,engagement_negative
S2,rule,False,980045,0.375,0.125,3,1,63,0,1,0.3333333333333333,1.0,12.0,90.11498370845491,0.486000905357118,4.121495327102804,8.169743613299962e-05,0.999918302563867,0,0,0,8348.297721125771,8348.297721125771,8348.297721125771,0.0,0.22580629724732082,0.12970911685577718,0.0004098544139104325,64.25,25.699999999999996,0.04831766930008522,2,5:wildfire:reserve|89:wildfire:origin,0.005173749328843954,0.0906808456986076,0.043638543092493084,0.011648699824627646,6.557670622566918e-05,0.0007836488570508364,0.00014391821013066074,4ef216bd8df7cdfb,engagement_negative
S2,rule,False,980046,0.375,0.125,3,1,40,0,2,0.6666666666666666,1.0,20.0,79.05510240283574,0.5078583521344345,3.375527426160337,0.0,1.0,0,0,0,8334.231550340852,8334.231550340852,8334.231550340852,0.0,0.05185186666666667,0.10343493901419071,0.000254324684198457,48.75,19.499999999999996,0.04122239042960331,1,2:wildfire:reserve|17:heatwave:semiwild|32:funding_collapse|59:heatwave:reserve|87:heatwave:alternative|98:heatwave:alternative,0.005483894060662017,0.08966476786284916,0.03114722600922583,0.011423516962648712,4.069194947175312e-05,0.0007569245948597192,0.00012371462648372357,4ef216bd8df7cdfb,engagement_negative
S2,rule,False,980047,0.25,0.125,2,1,34,0,3,1.0,1.0,33.666666666666664,82.63370602132278,0.5005972285788346,2.5462555066079293,0.0,1.0,0,0,0,8359.90844150172,8359.90844150172,8359.90844150172,0.0,0.32822178770508437,0.12451726384052114,0.00023038395351888304,62.0,24.79999999999999,0.049912650019667076,0,30:wildfire:semiwild|68:flood:origin|72:flood:semiwild|81:flood:origin,0.005184575234161918,0.09265575173869849,0.030471265314877177,0.010444902214146432,3.686143256302129e-05,0.0007501238575081119,0.0001397550198433749,4ef216bd8df7cdfb,engagement_negative
