allocation_scenario,allocation,replicate,policy,engine,oracle,seed,survival_50,survival_100,species_retained_50,species_retained_100,total_abundance,wild_abundance,n_ebd,fraction_ebd,p_ebd,mean_time_to_ebd,lifetime_welfare,mean_individual_welfare,founder_effective,mean_inbreeding,heterozygosity_proxy,successful_reintroductions,refuge_moves,origin_returns,cost,available_budget,cost_per_species_retained,engagement,habitat_integrity,future_option_value,disease_prevalence,quarantine_cost,relocation_burden,biobank_coverage,discovered_latent,events,welfare_burden_predation,welfare_burden_food_insecurity,welfare_burden_crowding,welfare_burden_restriction,welfare_burden_infection,welfare_burden_habituation,welfare_burden_relocation,config_hash
fixed_archetype,"{""biobank"": 0.04999999999999999, ""engagement"": 0.10999999999999997, ""ex_situ"": 0.0, ""genetics"": 0.04999999999999999, ""habitat"": 0.5499999999999999, ""rescue"": 0.07999999999999999, ""survey"": 0.15999999999999998}",0,S1,rule,False,820000,0.625,0.125,5,1,1,1,1,0.3333333333333333,1.0,39.0,219.29145557476642,0.7293879044819772,1.0,0.0,1.0,0,0,0,11214.30870424864,11214.30870424864,11214.30870424864,1.5,0.6892256509534352,0.149972743699891,0.0002992014046559501,0.0,0.0,0.07400089302273735,2,49:flood:origin|71:flood:reserve|91:heatwave:alternative|93:funding_collapse,0.01600000000000001,0.08373179196307672,0.0,0.0,4.787222474495202e-05,0.0008324313302013934,0.0,2ccc0b370f2725ad
fixed_archetype,"{""biobank"": 0.04999999999999999, ""engagement"": 0.10999999999999997, ""ex_situ"": 0.0, ""genetics"": 0.04999999999999999, ""habitat"": 0.5499999999999999, ""rescue"": 0.07999999999999999, ""survey"": 0.15999999999999998}",1,S1,rule,False,820100,0.75,0.5,6,4,293,293,0,0.0,0.0,,437.5452383046254,0.7575064270549062,4.790521985804881,0.0,1.0,0,0,0,11140.313753287968,11140.31375328797,2785.078438321992,1.5,0.827687033109337,0.3788780936558446,0.0003564796934818076,0.0,0.0,0.11602085243431041,3,3:flood:semiwild|10:wildfire:reserve|62:funding_collapse|63:heatwave:alternative|78:flood:reserve|95:funding_collapse,0.01600000000000001,0.0554523617096013,0.0,0.0,5.7036750957089225e-05,0.0009841744845353647,0.0,2ccc0b370f2725ad
fixed_archetype,"{""biobank"": 0.04999999999999999, ""engagement"": 0.10999999999999997, ""ex_situ"": 0.0, ""genetics"": 0.04999999999999999, ""habitat"": 0.5499999999999999, ""rescue"": 0.07999999999999999, ""survey"": 0.15999999999999998}",2,S1,rule,False,820200,0.125,0.0,1,0,0,0,1,0.3333333333333333,1.0,13.0,38.491358065485436,0.379262460484954,0.0,,,0,0,0,11129.022491402235,11129.022491402236,11129.022491402235,1.5,0.7723188785481511,0.08162995815987993,0.00013036758730031842,0.0,0.0,0.02199035152532411,2,6:flood:origin|17:flood:reserve|23:wildfire:alternative|81:heatwave:semiwild|93:funding_collapse,0.008480000000000007,0.05175292342787388,0.0,0.0,2.0858813968050946e-05,0.00038375727320414055,0.0,2ccc0b370f2725ad
fixed_archetype,"{""biobank"": 0.04999999999999999, ""engagement"": 0.10999999999999997, ""ex_situ"": 0.0, ""genetics"": 0.04999999999999999, ""habitat"": 0.5499999999999999, ""rescue"": 0.07999999999999999, ""survey"": 0.15999999999999998}",3,S1,rule,False,820300,0.875,0.625,7,5,339,339,0,0.0,0.0,,453.492706531237,0.7568239050772871,4.342313549450688,0.0,1.0,0,0,0,11181.510638682383,11181.510638682383,2236.3021277364765,1.5,0.8736565177431846,0.4372301184008399,0.00010441199330325436,0.0,0.0,0.12595665566007277,3,22:heatwave:semiwild|44:funding_collapse|48:wildfire:reserve|71:funding_collapse|87:heatwave:semiwild|88:flood:semiwild,0.01600000000000001,0.05620147452286481,0.0,0.0,1.6705918928520696e-05,0.0009579144809192922,0.0,2ccc0b370f2725ad
fixed_archetype,"{""biobank"": 0.04999999999999999, ""engagement"": 0.10999999999999997, ""ex_situ"": 0.0, ""genetics"": 0.04999999999999999, ""habitat"": 0.5499999999999999, ""rescue"": 0.07999999999999999, ""survey"": 0.15999999999999998}",4,S1,rule,False,820400,0.75,0.625,6,5,358,358,2,0.6666666666666666,1.0,17.0,464.28806277989673,0.7570285137354372,3.9550520412237304,0.0,1.0,0,0,0,11214.30870424864,11214.308704248642,2242.861740849728,1.5,0.8747388539068711,0.42958466682754637,0.00025384110057337475,0.0,0.0,0.10655130512310981,1,72:funding_collapse,0.01600000000000001,0.0559267176829253,0.0,0.0,4.061457609173995e-05,0.0010041540055455505,0.0,2ccc0b370f2725ad
fixed_archetype,"{""biobank"": 0.04999999999999999, ""engagement"": 0.10999999999999997, ""ex_situ"": 0.0, ""genetics"": 0.04999999999999999, ""habitat"": 0.5499999999999999, ""rescue"": 0.07999999999999999, ""survey"": 0.15999999999999998}",5,S1,rule,False,820500,0.25,0.0,2,0,0,0,0,0.0,0.0,,104.94165673669923,0.5394985576127813,0.0,,,0,0,0,11195.873251352088,11195.87325135209,11195.873251352088,1.5,0.7631999344169937,0.08563923398003508,0.0005152898831662177,0.0,0.0,0.04659620269167854,3,10:funding_collapse|21:heatwave:origin|31:wildfire:reserve|52:wildfire:semiwild|92:heatwave:semiwild,0.012000000000000009,0.0703770028708691,0.0,0.0,8.244638130659485e-05,0.0005419931350429568,0.0,2ccc0b370f2725ad
fixed_archetype,"{""biobank"": 0.04999999999999999, ""engagement"": 0.10999999999999997, ""ex_situ"": 0.0, ""genetics"": 0.04999999999999999, ""habitat"": 0.5499999999999999, ""rescue"": 0.07999999999999999, ""survey"": 0.15999999999999998}",6,S1,rule,False,820600,0.625,0.5,5,4,40,40,1,0.3333333333333333,1.0,14.0,403.72837966781344,0.7487679312328843,2.246876727473742,0.0,1.0,0,0,0,11247.348704248641,11247.348704248641,2811.8371760621603,1.5,0.7737503218164165,0.34504971227188436,7.936507936507937e-05,0.0,0.0,0.10102956407752643,2,26:flood:semiwild|84:flood:origin,0.01600000000000001,0.06426905611042949,0.0,0.0,1.2698412698412699e-05,0.0009503142439875055,0.0,2ccc0b370f2725ad
fixed_archetype,"{""biobank"": 0.04999999999999999, ""engagement"": 0.10999999999999997, ""ex_situ"": 0.0, ""genetics"": 0.04999999999999999, ""habitat"": 0.5499999999999999, ""rescue"": 0.07999999999999999, ""survey"": 0.15999999999999998}",7,S1,rule,False,820700,0.625,0.625,5,5,335,335,0,0.0,0.0,,424.8108860419627,0.7567593523234086,4.230934796652647,0.0,1.0,0,0,0,11183.464611084972,11183.464611084974,2236.6929222169942,1.5,0.7501350692010286,0.4194612368339786,0.0003380473392831399,0.0,0.0,0.10444190973674637,3,31:funding_collapse|39:flood:semiwild|54:funding_collapse|69:heatwave:reserve|81:flood:reserve,0.01600000000000001,0.05630525951712802,0.0,0.0,5.4087574285302404e-05,0.0008813005851779338,0.0,2ccc0b370f2725ad
fixed_archetype,"{""biobank"": 0.04999999999999999, ""engagement"": 0.10999999999999997, ""ex_situ"": 0.0, ""genetics"": 0.04999999999999999, ""habitat"": 0.5499999999999999, ""rescue"": 0.07999999999999999, ""survey"": 0.15999999999999998}",8,S1,rule,False,820800,0.75,0.5,6,4,220,220,0,0.0,0.0,,426.68079558205415,0.756608583601108,5.230612318382618,0.0,1.0,0,0,0,11247.348704248641,11247.348704248641,2811.8371760621603,1.5,0.8191161714266476,0.381675864112343,0.00012716188114335905,0.0,0.0,0.11229061892926015,3,77:heatwave:semiwild|96:wildfire:origin,0.01600000000000001,0.05642036627510657,0.0,0.0,2.034590098293745e-05,0.0009507042228024648,0.0,2ccc0b370f2725ad
fixed_archetype,"{""biobank"": 0.04999999999999999, ""engagement"": 0.10999999999999997, ""ex_situ"": 0.0, ""genetics"": 0.04999999999999999, ""habitat"": 0.5499999999999999, ""rescue"": 0.07999999999999999, ""survey"": 0.15999999999999998}",9,S1,rule,False,820900,0.125,0.0,1,0,0,0,2,0.6666666666666666,1.0,21.5,40.033528820631865,0.4771675092845443,0.0,,,0,0,0,11141.62376502578,11141.62376502578,11141.62376502578,1.5,0.6780224411624595,0.07362973280512404,0.00011165792283764334,0.0,0.0,0.02913744344439044,1,2:wildfire:semiwild|8:flood:origin|23:heatwave:reserve|26:funding_collapse|35:wildfire:semiwild|63:flood:origin|81:funding_collapse,0.010720000000000007,0.0677414124238228,0.0,0.0,1.7865267654022934e-05,0.00045321302397882213,0.0,2ccc0b370f2725ad
fixed_archetype,"{""biobank"": 0.04999999999999999, ""engagement"": 0.10999999999999997, ""ex_situ"": 0.0, ""genetics"": 0.04999999999999999, ""habitat"": 0.5499999999999999, ""rescue"": 0.07999999999999999, ""survey"": 0.15999999999999998}",10,S1,rule,False,821000,0.5,0.125,4,1,35,35,2,0.6666666666666666,1.0,32.0,223.82384922143757,0.7387275208946268,4.553903345724907,0.0,1.0,0,0,0,11214.20965793543,11214.209657935431,11214.20965793543,1.5,0.805954099319719,0.19551748026341093,2.6246719160104988e-05,0.0,0.0,0.0656651843709498,1,43:heatwave:origin|83:funding_collapse|96:wildfire:semiwild,0.01600000000000001,0.07442246494699105,0.0,0.0,4.199475065616798e-06,0.0008458146833164961,0.0,2ccc0b370f2725ad
fixed_archetype,"{""biobank"": 0.04999999999999999, ""engagement"": 0.10999999999999997, ""ex_situ"": 0.0, ""genetics"": 0.04999999999999999, ""habitat"": 0.5499999999999999, ""rescue"": 0.07999999999999999, ""survey"": 0.15999999999999998}",11,S1,rule,False,821100,0.5,0.25,4,2,28,28,0,0.0,0.0,,131.73716913728433,0.7268591142019082,2.3245283018867924,0.0029367041182857133,0.9970632958817143,0,0,0,11195.459699827501,11195.459699827501,5597.7298499137505,1.5,0.8044196796931052,0.23054413184345285,7.712082262210797e-05,0.0,0.0,0.07178440427637195,3,13:heatwave:origin|51:funding_collapse|52:flood:semiwild|63:flood:semiwild,0.01600000000000001,0.08645902845945357,0.0,0.0,1.2339331619537276e-05,0.0006695180070184878,0.0,2ccc0b370f2725ad
equal_active_categories,"{""biobank"": 0.16666666666666669, ""engagement"": 0.16666666666666669, ""ex_situ"": 0.0, ""genetics"": 0.16666666666666669, ""habitat"": 0.16666666666666669, ""rescue"": 0.16666666666666669, ""survey"": 0.16666666666666669}",0,S1,rule,False,820000,0.375,0.0,3,0,0,0,1,0.3333333333333333,1.0,34.0,91.45929941704397,0.4268429614540783,0.0,,,0,0,0,11180.187807755376,11180.187807755377,11180.187807755376,1.5,0.3025058640760473,0.0582444589031221,0.0002610121719433316,0.0,0.0,0.13996936247758682,2,49:flood:origin|71:flood:reserve|91:heatwave:alternative|93:funding_collapse,0.009600000000000008,0.06104896401081273,0.0,0.0,4.176194751093306e-05,0.0004663125875981014,0.0,4e78bb8ed1f55a94
equal_active_categories,"{""biobank"": 0.16666666666666669, ""engagement"": 0.16666666666666669, ""ex_situ"": 0.0, ""genetics"": 0.16666666666666669, ""habitat"": 0.16666666666666669, ""rescue"": 0.16666666666666669, ""survey"": 0.16666666666666669}",1,S1,rule,False,820100,0.375,0.0,3,0,0,0,0,0.0,0.0,,102.70946231532882,0.5209478366497805,0.0,,,0,0,0,11089.945359048497,11089.945359048499,11089.945359048497,1.5,0.20738662027171606,0.05389276493404506,0.00017972921929412138,0.0,0.0,0.16577051453436728,3,3:flood:semiwild|10:wildfire:reserve|62:funding_collapse|63:heatwave:alternative|78:flood:reserve|95:funding_collapse,0.011680000000000008,0.07267229866225666,0.0,0.0,2.8756675087059426e-05,0.0005711080128757345,0.0,4e78bb8ed1f55a94
equal_active_categories,"{""biobank"": 0.16666666666666669, ""engagement"": 0.16666666666666669, ""ex_situ"": 0.0, ""genetics"": 0.16666666666666669, ""habitat"": 0.16666666666666669, ""rescue"": 0.16666666666666669, ""survey"": 0.16666666666666669}",2,S1,rule,False,820200,0.0,0.0,0,0,0,0,1,0.3333333333333333,1.0,13.0,32.386393730991394,0.20843328842439685,0.0,,,0,0,0,10952.926294798812,10952.926294798814,10952.926294798812,1.5,0.28024272098501385,0.039884674996064226,0.00015023358741086796,0.0,0.0,0.059302014487814206,2,6:flood:origin|17:flood:reserve|23:wildfire:alternative|81:heatwave:semiwild|93:funding_collapse,0.004800000000000004,0.03545117027184884,0.0,0.0,2.4037373985738876e-05,0.0002915039297686393,0.0,4e78bb8ed1f55a94
equal_active_categories,"{""biobank"": 0.16666666666666669, ""engagement"": 0.16666666666666669, ""ex_situ"": 0.0, ""genetics"": 0.16666666666666669, ""habitat"": 0.16666666666666669, ""rescue"": 0.16666666666666669, ""survey"": 0.16666666666666669}",3,S1,rule,False,820300,0.375,0.0,3,0,0,0,0,0.0,0.0,,99.26971636603461,0.5215401893421204,0.0,,,0,0,0,11147.88551024252,11147.885510242522,11147.88551024252,1.5,0.37230521078417933,0.06847368222068717,0.00021132481312284308,0.0,0.0,0.1562158057113462,3,22:heatwave:semiwild|44:funding_collapse|48:wildfire:reserve|71:funding_collapse|87:heatwave:semiwild|88:flood:semiwild,0.011680000000000008,0.07221102343807041,0.0,0.0,3.3811970099654895e-05,0.00043497524970971513,0.0,4e78bb8ed1f55a94
equal_active_categories,"{""biobank"": 0.16666666666666669, ""engagement"": 0.16666666666666669, ""ex_situ"": 0.0, ""genetics"": 0.16666666666666669, ""habitat"": 0.16666666666666669, ""rescue"": 0.16666666666666669, ""survey"": 0.16666666666666669}",4,S1,rule,False,820400,0.375,0.0,3,0,0,0,1,0.3333333333333333,1.0,16.0,99.3416117375244,0.4871403302140426,0.0,,,0,0,0,11180.239414144977,11180.239414144979,11180.239414144977,1.5,0.4715714549495657,0.07809088475368041,0.0002544050174144379,0.0,0.0,0.15466869629361918,2,72:funding_collapse,0.010880000000000008,0.06585605230696599,0.0,0.0,4.0704802786310066e-05,0.00048291267620525255,0.0,4e78bb8ed1f55a94
equal_active_categories,"{""biobank"": 0.16666666666666669, ""engagement"": 0.16666666666666669, ""ex_situ"": 0.0, ""genetics"": 0.16666666666666669, ""habitat"": 0.16666666666666669, ""rescue"": 0.16666666666666669, ""survey"": 0.16666666666666669}",5,S1,rule,False,820500,0.0,0.0,0,0,0,0,1,0.3333333333333333,1.0,36.0,58.85375670675509,0.25545831933804697,0.0,,,0,0,0,11116.836041904404,11116.836041904406,11116.836041904404,1.5,0.38482089987162205,0.05370990692817144,0.0004903633405084856,0.0,0.0,0.07613908470504613,2,10:funding_collapse|21:heatwave:origin|31:wildfire:reserve|52:wildfire:semiwild|92:heatwave:semiwild,0.005760000000000004,0.03715982398762497,0.0,0.0,7.845813448135772e-05,0.0003433985398466641,0.0,4e78bb8ed1f55a94
equal_active_categories,"{""biobank"": 0.16666666666666669, ""engagement"": 0.16666666666666669, ""ex_situ"": 0.0, ""genetics"": 0.16666666666666669, ""habitat"": 0.16666666666666669, ""rescue"": 0.16666666666666669, ""survey"": 0.16666666666666669}",6,S1,rule,False,820600,0.375,0.0,3,0,0,0,1,0.3333333333333333,1.0,15.0,94.36116298302127,0.4958297325094321,0.0,,,0,0,0,11213.279414144978,11213.279414144978,11213.279414144978,1.5,0.4722322549495657,0.07362636742351199,0.00010799168152109329,0.0,0.0,0.13201570964277703,2,26:flood:semiwild|84:flood:origin,0.011040000000000008,0.06538697775988148,0.0,0.0,1.7278669043374927e-05,0.0004260110616431675,0.0,4e78bb8ed1f55a94
equal_active_categories,"{""biobank"": 0.16666666666666669, ""engagement"": 0.16666666666666669, ""ex_situ"": 0.0, ""genetics"": 0.16666666666666669, ""habitat"": 0.16666666666666669, ""rescue"": 0.16666666666666669, ""survey"": 0.16666666666666669}",7,S1,rule,False,820700,0.375,0.0,3,0,0,0,0,0.0,0.0,,85.91794212181696,0.4683947946662975,0.0,,,0,0,0,11149.65259021245,11149.652590212452,11149.65259021245,1.5,0.287310897304607,0.05551102282882296,0.00016659404276510317,0.0,0.0,0.13389966549181126,3,31:funding_collapse|39:flood:semiwild|54:funding_collapse|69:heatwave:reserve|81:flood:reserve,0.010400000000000006,0.0602090925490157,0.0,0.0,2.665504684241651e-05,0.000469457737844256,0.0,4e78bb8ed1f55a94
equal_active_categories,"{""biobank"": 0.16666666666666669, ""engagement"": 0.16666666666666669, ""ex_situ"": 0.0, ""genetics"": 0.16666666666666669, ""habitat"": 0.16666666666666669, ""rescue"": 0.16666666666666669, ""survey"": 0.16666666666666669}",8,S1,rule,False,820800,0.5,0.0,4,0,0,0,0,0.0,0.0,,114.86729872767029,0.4746982469827503,0.0,,,0,0,0,11213.279414144978,11213.279414144978,11213.279414144978,1.5,0.4722322549495657,0.07913957756697051,0.00012851377918807988,0.0,0.0,0.1595817603600697,3,77:heatwave:semiwild|96:wildfire:origin,0.010560000000000007,0.062006787260513584,0.0,0.0,2.056220467009278e-05,0.0005144035520660324,0.0,4e78bb8ed1f55a94
equal_active_categories,"{""biobank"": 0.16666666666666669, ""engagement"": 0.16666666666666669, ""ex_situ"": 0.0, ""genetics"": 0.16666666666666669, ""habitat"": 0.16666666666666669, ""rescue"": 0.16666666666666669, ""survey"": 0.16666666666666669}",9,S1,rule,False,820900,0.0,0.0,0,0,0,0,2,0.6666666666666666,1.0,16.0,29.017520683496514,0.2097611924194468,0.0,,,0,0,0,11041.541913924613,11041.541913924615,11041.541913924613,1.5,0.414314138055202,0.05356733212795676,0.00011268690857431797,0.0,0.0,0.06067959161218276,1,2:wildfire:semiwild|8:flood:origin|23:heatwave:reserve|26:funding_collapse|35:wildfire:semiwild|63:flood:origin|81:funding_collapse,0.004800000000000003,0.03417375701215289,0.0,0.0,1.8029905371890878e-05,0.0002470206630284281,0.0,4e78bb8ed1f55a94
equal_active_categories,"{""biobank"": 0.16666666666666669, ""engagement"": 0.16666666666666669, ""ex_situ"": 0.0, ""genetics"": 0.16666666666666669, ""habitat"": 0.16666666666666669, ""rescue"": 0.16666666666666669, ""survey"": 0.16666666666666669}",10,S1,rule,False,821000,0.375,0.0,3,0,0,0,2,0.6666666666666666,1.0,31.0,90.81129887380733,0.39370392485778133,0.0,,,0,0,0,11179.190907139777,11179.190907139779,11179.190907139777,1.5,0.47155048480946166,0.0709942989144215,5.5491418456091746e-05,0.0,0.0,0.11919625216737657,1,43:heatwave:origin|83:funding_collapse|96:wildfire:semiwild,0.008800000000000007,0.053316821295691735,0.0,0.0,8.87862695297468e-06,0.0006703752195738695,0.0,4e78bb8ed1f55a94
equal_active_categories,"{""biobank"": 0.16666666666666669, ""engagement"": 0.16666666666666669, ""ex_situ"": 0.0, ""genetics"": 0.16666666666666669, ""habitat"": 0.16666666666666669, ""rescue"": 0.16666666666666669, ""survey"": 0.16666666666666669}",11,S1,rule,False,821100,0.0,0.0,0,0,0,0,0,0.0,0.0,,52.75684191483997,0.34428601664771924,0.0,,,0,0,0,11153.976049424247,11153.976049424247,11153.976049424247,1.5,0.471046187655151,0.06356968545306033,0.00027706673244580883,0.0,0.0,0.08232533343772608,3,13:heatwave:origin|51:funding_collapse|52:flood:semiwild|63:flood:semiwild,0.007840000000000007,0.05411650619410668,0.0,0.0,4.433067719132941e-05,0.0004131464809827889,0.0,4e78bb8ed1f55a94
habitat_priority,"{""biobank"": 0.03666666666666667, ""engagement"": 0.08066666666666666, ""ex_situ"": 0.0, ""genetics"": 0.03666666666666667, ""habitat"": 0.67, ""rescue"": 0.05866666666666667, ""survey"": 0.11733333333333335}",0,S1,rule,False,820000,0.875,0.375,7,3,117,117,0,0.0,0.0,,353.6177749823811,0.7493511648117617,3.0167689791843877,0.0,1.0,0,0,0,11216.254705386815,11216.254705386815,3738.7515684622717,1.5,0.7771580548697798,0.2911070153485573,0.0001956103863364215,0.0,0.0,0.07236760034867716,3,49:flood:origin|71:flood:reserve|91:heatwave:alternative|93:funding_collapse,0.01600000000000001,0.06390559519380436,0.0,0.0,3.1297661813827436e-05,0.0007119423326200199,0.0,c33280ae76264cc4
habitat_priority,"{""biobank"": 0.03666666666666667, ""engagement"": 0.08066666666666666, ""ex_situ"": 0.0, ""genetics"": 0.03666666666666667, ""habitat"": 0.67, ""rescue"": 0.05866666666666667, ""survey"": 0.11733333333333335}",1,S1,rule,False,820100,0.875,0.875,7,7,997,997,0,0.0,0.0,,694.5696870579969,0.7769842039388868,4.751507105779626,0.0007385841448684391,0.9992614158551315,0,0,0,11146.85106816994,11146.85106816994,1592.4072954528488,1.5,0.9438888923820999,0.5554113278171622,0.00029304426092695415,0.0,0.0,0.09878683760577961,3,3:flood:semiwild|10:wildfire:reserve|62:funding_collapse|63:heatwave:alternative|78:flood:reserve|95:funding_collapse,0.01600000000000001,0.03600204578584074,0.0,0.0,4.688708174831266e-05,0.0009668631935243335,0.0,c33280ae76264cc4
habitat_priority,"{""biobank"": 0.03666666666666667, ""engagement"": 0.08066666666666666, ""ex_situ"": 0.0, ""genetics"": 0.03666666666666667, ""habitat"": 0.67, ""rescue"": 0.05866666666666667, ""survey"": 0.11733333333333335}",2,S1,rule,False,820200,0.25,0.125,2,1,85,85,1,0.3333333333333333,1.0,15.0,90.98594311312269,0.7318007891675977,2.553905973842347,0.0,1.0,0,0,0,11139.309660825977,11139.309660825977,11139.309660825977,1.5,0.8528613846970812,0.1725203702375436,0.00013036758730031842,0.0,0.0,0.027225860147060063,2,6:flood:origin|17:flood:reserve|23:wildfire:alternative|81:heatwave:semiwild|93:funding_collapse,0.01600000000000001,0.08150795976152869,0.0,0.0,2.0858813968050946e-05,0.0006703922569058123,0.0,c33280ae76264cc4
habitat_priority,"{""biobank"": 0.03666666666666667, ""engagement"": 0.08066666666666666, ""ex_situ"": 0.0, ""genetics"": 0.03666666666666667, ""habitat"": 0.67, ""rescue"": 0.05866666666666667, ""survey"": 0.11733333333333335}",3,S1,rule,False,820300,0.875,0.875,7,7,987,987,0,0.0,0.0,,686.5210072223887,0.7770379747210278,5.2766615179879635,0.002883516483516483,0.9971164835164835,0,0,0,11183.3857746881,11183.3857746881,1597.6265392411572,1.5,0.954238774809128,0.5620426782852249,0.0001795670460654177,0.0,0.0,0.1005109281221625,3,22:heatwave:semiwild|44:funding_collapse|48:wildfire:reserve|71:funding_collapse|87:heatwave:semiwild|88:flood:semiwild,0.01600000000000001,0.036009535562929115,0.0,0.0,2.8730727370466827e-05,0.0009237589886725091,0.0,c33280ae76264cc4
habitat_priority,"{""biobank"": 0.03666666666666667, ""engagement"": 0.08066666666666666, ""ex_situ"": 0.0, ""genetics"": 0.03666666666666667, ""habitat"": 0.67, ""rescue"": 0.05866666666666667, ""survey"": 0.11733333333333335}",4,S1,rule,False,820400,0.75,0.625,6,5,848,848,0,0.0,0.0,,624.7202196909099,0.7784767309432418,6.165942199668019,0.0,1.0,0,0,0,11216.254705386815,11216.254705386815,2243.2509410773628,1.5,0.9555601058232162,0.45599536725678336,0.00038593003786286523,0.0,0.0,0.087649673388908,3,72:funding_collapse,0.01600000000000001,0.034406494582264475,0.0,0.0,6.174880605805843e-05,0.0010550256684353596,0.0,c33280ae76264cc4
habitat_priority,"{""biobank"": 0.03666666666666667, ""engagement"": 0.08066666666666666, ""ex_situ"": 0.0, ""genetics"": 0.03666666666666667, ""habitat"": 0.67, ""rescue"": 0.05866666666666667, ""survey"": 0.11733333333333335}",5,S1,rule,False,820500,0.5,0.25,4,2,90,90,1,0.3333333333333333,1.0,12.0,144.45603963492312,0.7328383234202647,2.0786696621664182,0.0008633344443101609,0.9991366655556898,0,0,0,11199.19626726587,11199.19626726587,5599.598133632935,1.5,0.843943807066462,0.22739797934770262,0.00045503419783574637,0.0,0.0,0.04858451009696113,2,10:funding_collapse|21:heatwave:origin|31:wildfire:reserve|52:wildfire:semiwild|92:heatwave:semiwild,0.01600000000000001,0.07999990867633956,0.0,0.0,7.280547165371941e-05,0.0010889624317419646,0.0,c33280ae76264cc4
habitat_priority,"{""biobank"": 0.03666666666666667, ""engagement"": 0.08066666666666666, ""ex_situ"": 0.0, ""genetics"": 0.03666666666666667, ""habitat"": 0.67, ""rescue"": 0.05866666666666667, ""survey"": 0.11733333333333335}",6,S1,rule,False,820600,0.875,0.625,7,5,272,272,1,0.3333333333333333,1.0,17.0,601.0368101762397,0.7691232950947549,5.344107729097936,0.0,1.0,0,0,0,11249.294705386816,11249.294705386816,2249.858941077363,1.5,0.8548094617327614,0.4385501316210523,7.936507936507937e-05,0.0,0.0,0.09189054078398363,2,26:flood:semiwild|84:flood:origin,0.01600000000000001,0.043912507788707665,0.0,0.0,1.2698412698412699e-05,0.000951498703838963,0.0,c33280ae76264cc4
habitat_priority,"{""biobank"": 0.03666666666666667, ""engagement"": 0.08066666666666666, ""ex_situ"": 0.0, ""genetics"": 0.03666666666666667, ""habitat"": 0.67, ""rescue"": 0.05866666666666667, ""survey"": 0.11733333333333335}",7,S1,rule,False,820700,0.75,0.625,6,5,813,813,1,0.3333333333333333,1.0,27.0,600.6576918667511,0.7785789206194441,5.386236874088877,0.0,1.0,0,0,0,11185.36793364538,11185.367933645379,2237.073586729076,1.5,0.8616957279677688,0.43839745494746,0.0003314755604521933,0.0,0.0,0.0855775670489717,2,31:funding_collapse|39:flood:semiwild|54:funding_collapse|69:heatwave:reserve|81:flood:reserve,0.01600000000000001,0.03437426994618702,0.0,0.0,5.303608967235094e-05,0.0009937733446962126,0.0,c33280ae76264cc4
habitat_priority,"{""biobank"": 0.03666666666666667, ""engagement"": 0.08066666666666666, ""ex_situ"": 0.0, ""genetics"": 0.03666666666666667, ""habitat"": 0.67, ""rescue"": 0.05866666666666667, ""survey"": 0.11733333333333335}",8,S1,rule,False,820800,1.0,0.875,8,7,750,750,0,0.0,0.0,,677.8124634231953,0.7765860398390866,4.532540112878709,0.0484335969212159,0.9515664030787842,0,0,0,11249.294705386816,11249.294705386816,1607.0421007695452,1.5,0.9001753113429927,0.5493194463871712,0.0001454005240501591,0.0,0.0,0.10113257062042436,3,77:heatwave:semiwild|96:wildfire:origin,0.01600000000000001,0.03641283063633712,0.0,0.0,2.3264083848025453e-05,0.0009778654407280713,0.0,c33280ae76264cc4
habitat_priority,"{""biobank"": 0.03666666666666667, ""engagement"": 0.08066666666666666, ""ex_situ"": 0.0, ""genetics"": 0.03666666666666667, ""habitat"": 0.67, ""rescue"": 0.05866666666666667, ""survey"": 0.11733333333333335}",9,S1,rule,False,820900,0.375,0.0,3,0,0,0,2,0.6666666666666666,1.0,21.0,55.94375705017313,0.5837919371067328,0.0,,,0,0,0,11147.737670748596,11147.737670748596,11147.737670748596,1.5,0.7584879112807023,0.08170536774807603,0.00011285205724941273,0.0,0.0,0.029282883100028995,1,2:wildfire:semiwild|8:flood:origin|23:heatwave:reserve|26:funding_collapse|35:wildfire:semiwild|63:flood:origin|81:funding_collapse,0.01296000000000001,0.0749816097795924,0.0,0.0,1.805632915990604e-05,0.0005483967845146216,0.0,c33280ae76264cc4
habitat_priority,"{""biobank"": 0.03666666666666667, ""engagement"": 0.08066666666666666, ""ex_situ"": 0.0, ""genetics"": 0.03666666666666667, ""habitat"": 0.67, ""rescue"": 0.05866666666666667, ""survey"": 0.11733333333333335}",10,S1,rule,False,821000,0.75,0.625,6,5,409,409,0,0.0,0.0,,423.9475403479015,0.757628570290596,4.386169608112415,0.037287613987582964,0.962712386012417,0,0,0,11216.155658861251,11216.155658861251,2243.23113177225,1.5,0.8867746380940722,0.4286828583090298,2.6246719160104988e-05,0.0,0.0,0.07446849209249214,3,43:heatwave:origin|83:funding_collapse|96:wildfire:semiwild,0.01600000000000001,0.05544624313838102,0.0,0.0,4.199475065616798e-06,0.0009209870959574775,0.0,c33280ae76264cc4
habitat_priority,"{""biobank"": 0.03666666666666667, ""engagement"": 0.08066666666666666, ""ex_situ"": 0.0, ""genetics"": 0.03666666666666667, ""habitat"": 0.67, ""rescue"": 0.05866666666666667, ""survey"": 0.11733333333333335}",11,S1,rule,False,821100,0.5,0.5,4,4,374,374,0,0.0,0.0,,262.1040242009333,0.7475390218434275,3.502996882677979,0.0015002742609341996,0.9984997257390658,0,0,0,11197.987736761863,11197.987736761863,2799.4969341904657,1.5,0.8851286166166247,0.3616803391354416,7.712082262210797e-05,0.0,0.0,0.0656875432349967,3,13:heatwave:origin|51:funding_collapse|52:flood:semiwild|63:flood:semiwild,0.01600000000000001,0.06558305366162782,0.0,0.0,1.2339331619537276e-05,0.0008655851633253786,0.0,c33280ae76264cc4
movement_cautious,"{""biobank"": 0.04999999999999999, ""engagement"": 0.10999999999999997, ""ex_situ"": 0.0, ""genetics"": 0.04999999999999999, ""habitat"": 0.574, ""rescue"": 0.039999999999999994, ""survey"": 0.17599999999999996}",0,S1,rule,False,820000,0.625,0.0,5,0,0,0,1,0.3333333333333333,1.0,29.0,227.6146550645275,0.6487193169847683,0.0,,,0,0,0,11217.082700050203,11217.082700050203,11217.082700050203,1.5,0.7068920223029589,0.08651228875748629,0.0002985239896715307,0.0,0.0,0.07911543263595197,2,49:flood:origin|71:flood:reserve|91:heatwave:alternative|93:funding_collapse,0.014080000000000011,0.06684651580795099,0.0,0.0,4.776383834744491e-05,0.0007064033689332151,0.0,98986729d0d9894f
movement_cautious,"{""biobank"": 0.04999999999999999, ""engagement"": 0.10999999999999997, ""ex_situ"": 0.0, ""genetics"": 0.04999999999999999, ""habitat"": 0.574, ""rescue"": 0.039999999999999994, ""survey"": 0.17599999999999996}",1,S1,rule,False,820100,0.625,0.5,5,4,489,489,0,0.0,0.0,,439.86963251535104,0.7626733306803614,6.213969020041975,0.0,1.0,0,0,0,11144.314761868867,11144.314761868867,2786.078690467217,1.5,0.8620085822404319,0.39280287343774734,0.00038001123131352593,0.0,0.0,0.09731162506642213,3,3:flood:semiwild|10:wildfire:reserve|62:funding_collapse|63:heatwave:alternative|78:flood:reserve|95:funding_collapse,0.01600000000000001,0.050291489469143864,0.0,0.0,6.080179701016417e-05,0.000974378053484448,0.0,98986729d0d9894f
movement_cautious,"{""biobank"": 0.04999999999999999, ""engagement"": 0.10999999999999997, ""ex_situ"": 0.0, ""genetics"": 0.04999999999999999, ""habitat"": 0.574, ""rescue"": 0.039999999999999994, ""survey"": 0.17599999999999996}",2,S1,rule,False,820200,0.125,0.0,1,0,0,0,1,0.3333333333333333,1.0,13.0,42.41292221825012,0.49559200778204177,0.0,,,0,0,0,11134.42635460573,11134.42635460573,11134.42635460573,1.5,0.7885307799844984,0.08409801249010801,0.00013036758730031842,0.0,0.0,0.0262246724582908,2,6:flood:origin|17:flood:reserve|23:wildfire:alternative|81:heatwave:semiwild|93:funding_collapse,0.011040000000000008,0.065562419127145,0.0,0.0,2.0858813968050946e-05,0.0004847142768454441,0.0,98986729d0d9894f
movement_cautious,"{""biobank"": 0.04999999999999999, ""engagement"": 0.10999999999999997, ""ex_situ"": 0.0, ""genetics"": 0.04999999999999999, ""habitat"": 0.574, ""rescue"": 0.039999999999999994, ""survey"": 0.17599999999999996}",3,S1,rule,False,820300,0.875,0.75,7,6,499,499,0,0.0,0.0,,515.5330516072513,0.7606899525211468,4.272063408012289,0.016357721601777776,0.9836422783982223,0,0,0,11184.240991486478,11184.240991486478,1864.0401652477465,1.5,0.8898519264134608,0.495259546786811,7.838040623827644e-05,0.0,0.0,0.13026860032671012,3,22:heatwave:semiwild|44:funding_collapse|48:wildfire:reserve|71:funding_collapse|87:heatwave:semiwild|88:flood:semiwild,0.01600000000000001,0.05230531469814539,0.0,0.0,1.254086499812423e-05,0.0009921919157096942,0.0,98986729d0d9894f
movement_cautious,"{""biobank"": 0.04999999999999999, ""engagement"": 0.10999999999999997, ""ex_situ"": 0.0, ""genetics"": 0.04999999999999999, ""habitat"": 0.574, ""rescue"": 0.039999999999999994, ""survey"": 0.17599999999999996}",4,S1,rule,False,820400,0.875,0.625,7,5,481,481,0,0.0,0.0,,498.9924811071713,0.7612406365510682,5.107490430122061,0.0,1.0,0,0,0,11217.082700050203,11217.082700050203,2243.4165400100405,1.5,0.8909829948563953,0.443911435773477,0.00025384110057337475,0.0,0.0,0.11244115993308434,3,72:funding_collapse,0.01600000000000001,0.05170381698569055,0.0,0.0,4.061457609173995e-05,0.0010149318871494402,0.0,98986729d0d9894f
movement_cautious,"{""biobank"": 0.04999999999999999, ""engagement"": 0.10999999999999997, ""ex_situ"": 0.0, ""genetics"": 0.04999999999999999, ""habitat"": 0.574, ""rescue"": 0.039999999999999994, ""survey"": 0.17599999999999996}",5,S1,rule,False,820500,0.375,0.0,3,0,0,0,1,0.3333333333333333,1.0,12.0,105.05945799959498,0.5411326336193057,0.0,,,0,0,0,11199.332210362361,11199.332210362361,11199.332210362361,1.5,0.7794411184472544,0.08779585169955315,0.00048478892545958315,0.0,0.0,0.04925869927413856,2,10:funding_collapse|21:heatwave:origin|31:wildfire:reserve|52:wildfire:semiwild|92:heatwave:semiwild,0.012000000000000009,0.06872372284245963,0.0,0.0,7.756622807353331e-05,0.0005660773101610717,0.0,98986729d0d9894f
movement_cautious,"{""biobank"": 0.04999999999999999, ""engagement"": 0.10999999999999997, ""ex_situ"": 0.0, ""genetics"": 0.04999999999999999, ""habitat"": 0.574, ""rescue"": 0.039999999999999994, ""survey"": 0.17599999999999996}",6,S1,rule,False,820600,0.75,0.5,6,4,49,49,1,0.3333333333333333,1.0,14.0,442.23256530515624,0.7530033107831448,2.6630411255411257,0.0,1.0,0,0,0,11250.122700050204,11250.122700050204,2812.530675012551,1.5,0.7900420403659406,0.3517345850736406,7.936507936507937e-05,0.0,0.0,0.10549984890817612,2,26:flood:semiwild|84:flood:origin,0.01600000000000001,0.05997099382093647,0.0,0.0,1.2698412698412699e-05,0.0010129969832208328,0.0,98986729d0d9894f
movement_cautious,"{""biobank"": 0.04999999999999999, ""engagement"": 0.10999999999999997, ""ex_situ"": 0.0, ""genetics"": 0.04999999999999999, ""habitat"": 0.574, ""rescue"": 0.039999999999999994, ""survey"": 0.17599999999999996}",7,S1,rule,False,820700,0.75,0.625,6,5,464,464,0,0.0,0.0,,479.5803990822699,0.7612161884699894,5.065597445933067,0.0,1.0,0,0,0,11186.208915235027,11186.208915235027,2237.2417830470054,1.5,0.7725264120759189,0.43136827954650486,0.0003380473392831399,0.0,0.0,0.11104831939791132,3,31:funding_collapse|39:flood:semiwild|54:funding_collapse|69:heatwave:reserve|81:flood:reserve,0.01600000000000001,0.0517177283622719,0.0,0.0,5.4087574285302404e-05,0.0010119955934532873,0.0,98986729d0d9894f
movement_cautious,"{""biobank"": 0.04999999999999999, ""engagement"": 0.10999999999999997, ""ex_situ"": 0.0, ""genetics"": 0.04999999999999999, ""habitat"": 0.574, ""rescue"": 0.039999999999999994, ""survey"": 0.17599999999999996}",8,S1,rule,False,820800,0.875,0.625,7,5,275,275,0,0.0,0.0,,474.54623474694995,0.7602858497172669,4.373746098487453,0.005873723076923076,0.994126276923077,0,0,0,11250.122700050204,11250.122700050204,2250.0245400100407,1.5,0.8354078899761719,0.4338226216994113,0.00012716188114335905,0.0,0.0,0.12647185858459795,3,77:heatwave:semiwild|96:wildfire:origin,0.01600000000000001,0.052768586504223995,0.0,0.0,2.034590098293745e-05,0.0009252178775259723,0.0,98986729d0d9894f
movement_cautious,"{""biobank"": 0.04999999999999999, ""engagement"": 0.10999999999999997, ""ex_situ"": 0.0, ""genetics"": 0.04999999999999999, ""habitat"": 0.574, ""rescue"": 0.039999999999999994, ""survey"": 0.17599999999999996}",9,S1,rule,False,820900,0.125,0.0,1,0,0,0,2,0.6666666666666666,1.0,15.5,39.385181772463035,0.4385353747135703,0.0,,,0,0,0,11145.681125114857,11145.681125114857,11145.681125114857,1.5,0.6942061148655645,0.07575406781414094,0.00011165792283764334,0.0,0.0,0.03166728163792247,1,2:wildfire:semiwild|8:flood:origin|23:heatwave:reserve|26:funding_collapse|35:wildfire:semiwild|63:flood:origin|81:funding_collapse,0.009760000000000008,0.05738132413490358,0.0,0.0,1.7865267654022934e-05,0.0006054358838720363,0.0,98986729d0d9894f
movement_cautious,"{""biobank"": 0.04999999999999999, ""engagement"": 0.10999999999999997, ""ex_situ"": 0.0, ""genetics"": 0.04999999999999999, ""habitat"": 0.574, ""rescue"": 0.039999999999999994, ""survey"": 0.17599999999999996}",10,S1,rule,False,821000,0.625,0.25,5,2,18,18,1,0.3333333333333333,1.0,27.0,239.23664297800605,0.7419098165284427,2.053763440860215,0.013447999999999998,0.986552,0,0,0,11216.983653694522,11216.983653694522,5608.491826847261,1.5,0.8221980976410893,0.23317147630989665,2.6246719160104988e-05,0.0,0.0,0.08957016068592788,2,43:heatwave:origin|83:funding_collapse|96:wildfire:semiwild,0.01600000000000001,0.07114400818934477,0.0,0.0,4.199475065616798e-06,0.000941975807146982,0.0,98986729d0d9894f
movement_cautious,"{""biobank"": 0.04999999999999999, ""engagement"": 0.10999999999999997, ""ex_situ"": 0.0, ""genetics"": 0.04999999999999999, ""habitat"": 0.574, ""rescue"": 0.039999999999999994, ""survey"": 0.17599999999999996}",11,S1,rule,False,821100,0.375,0.125,3,1,41,41,0,0.0,0.0,,123.75875291764629,0.7318560842342098,3.662309368191721,0.0,1.0,0,0,0,11198.575965773562,11198.575965773562,11198.575965773562,1.5,0.8206484658600394,0.18806764195510944,7.712082262210797e-05,0.0,0.0,0.06564850843594147,3,13:heatwave:origin|51:funding_collapse|52:flood:semiwild|63:flood:semiwild,0.01600000000000001,0.08146372421174444,0.0,0.0,1.2339331619537276e-05,0.0006678522224261139,0.0,98986729d0d9894f
fixed_archetype,"{""biobank"": 0.05, ""engagement"": 0.08, ""ex_situ"": 0.42, ""genetics"": 0.1, ""habitat"": 0.08, ""rescue"": 0.22, ""survey"": 0.05}",0,S2,rule,False,830000,0.125,0.125,1,1,39,0,2,0.6666666666666666,1.0,33.0,77.3699624622009,0.4923279957548262,2.0526315789473686,0.0,1.0,0,0,0,11301.765383824037,11301.765383824037,11301.765383824037,1.5,0.28443508393277833,0.11365513118550148,0.00034868077294091177,56.0,22.4,0.04217653501374981,1,30:funding_collapse|85:wildfire:alternative,0.004512487117169562,0.0893308318642966,0.028523281835974645,0.012562873118777611,5.578892367054588e-05,0.0006782723987065202,0.00011977363988227934,d79d10c5065008f9
fixed_archetype,"{""biobank"": 0.05, ""engagement"": 0.08, ""ex_situ"": 0.42, ""genetics"": 0.1, ""habitat"": 0.08, ""rescue"": 0.22, ""survey"": 0.05}",1,S2,rule,False,830100,0.375,0.125,3,1,8,0,2,0.6666666666666666,1.0,43.5,61.5198070504085,0.4732831277342916,1.0,0.032799999999999996,0.9672000000000001,0,0,0,11387.399462440972,11387.399462440972,11387.399462440972,1.5,0.1716888003134935,0.09227200264757919,0.0003543294418476213,38.5,15.399999999999999,0.04426561308114921,1,15:wildfire:alternative|56:heatwave:reserve|74:heatwave:reserve|78:heatwave:reserve|94:wildfire:reserve,0.004038241612025725,0.09177393230817842,0.03734314618870909,0.012319103204667508,5.669271069561941e-05,0.0006438924726551335,9.000265260393326e-05,d79d10c5065008f9
fixed_archetype,"{""biobank"": 0.05, ""engagement"": 0.08, ""ex_situ"": 0.42, ""genetics"": 0.1, ""habitat"": 0.08, ""rescue"": 0.22, ""survey"": 0.05}",2,S2,rule,False,830200,0.125,0.125,1,1,39,0,3,1.0,1.0,15.333333333333334,36.59141638454704,0.44163364996908205,1.988235294117647,0.01492035002323036,0.9850796499767697,0,0,0,11410.034526999376,11410.034526999378,11410.034526999376,1.5,0.2384614760449307,0.10692337553053438,0.0,26.25,10.499999999999996,0.03472437492432426,0,4:heatwave:origin|47:funding_collapse|59:heatwave:reserve|67:flood:reserve,0.0023474982529162833,0.09556111014177318,0.03440359157021714,0.014506351506850965,0.0,0.0006574985554741995,8.800276556404747e-05,d79d10c5065008f9
fixed_archetype,"{""biobank"": 0.05, ""engagement"": 0.08, ""ex_situ"": 0.42, ""genetics"": 0.1, ""habitat"": 0.08, ""rescue"": 0.22, ""survey"": 0.05}",3,S2,rule,False,830300,0.25,0.125,2,1,24,0,3,1.0,1.0,31.0,96.76358364617143,0.49619429036605395,3.0638297872340425,0.0,1.0,0,0,0,11298.49424330709,11298.49424330709,11298.49424330709,1.5,0.2448971760835944,0.12064705441100708,0.0003069129105451631,58.25,23.300000000000008,0.046345194651536095,0,5:funding_collapse|18:flood:reserve|41:flood:origin|52:flood:origin|57:heatwave:origin,0.005268629713466303,0.0908527576139883,0.03751246931345763,0.010999157345777229,4.9106065687226106e-05,0.0006727743106361913,0.00011150356147548394,d79d10c5065008f9
fixed_archetype,"{""biobank"": 0.05, ""engagement"": 0.08, ""ex_situ"": 0.42, ""genetics"": 0.1, ""habitat"": 0.08, ""rescue"": 0.22, ""survey"": 0.05}",4,S2,rule,False,830400,0.375,0.25,3,2,12,0,2,0.6666666666666666,1.0,39.5,71.46405947803085,0.488455305103222,1.123076923076923,0.13040629395041592,0.8695937060495841,0,0,0,11374.008479632363,11374.008479632363,5687.004239816181,1.5,0.11105374930450833,0.14537183117229321,0.00025771183991758073,60.25,24.10000000000001,0.05267843505536574,1,20:heatwave:alternative|41:wildfire:alternative|54:flood:alternative|58:flood:reserve|90:flood:origin,0.00464872099349794,0.09207319715890407,0.03404147408708933,0.011013842503635763,4.1233894386812925e-05,0.0007012000163747948,0.00013351092375094123,d79d10c5065008f9
fixed_archetype,"{""biobank"": 0.05, ""engagement"": 0.08, ""ex_situ"": 0.42, ""genetics"": 0.1, ""habitat"": 0.08, ""rescue"": 0.22, ""survey"": 0.05}",5,S2,rule,False,830500,0.125,0.125,1,1,25,0,2,0.6666666666666666,1.0,35.5,80.7600212111442,0.4957134868708941,3.0193236714975846,0.0,1.0,0,0,0,11300.79845258966,11300.798452589663,11300.79845258966,1.5,0.1401132622381032,0.10863131768393372,0.0001637188095842727,48.75,19.500000000000007,0.040883773725737725,1,44:wildfire:origin|77:wildfire:semiwild|82:funding_collapse|88:heatwave:alternative|93:heatwave:reserve,0.004916989452116696,0.08977441825056098,0.03160375067354323,0.012870585758782235,2.619500953348363e-05,0.0008233087033298639,0.00010357149613733503,d79d10c5065008f9
fixed_archetype,"{""biobank"": 0.05, ""engagement"": 0.08, ""ex_situ"": 0.42, ""genetics"": 0.1, ""habitat"": 0.08, ""rescue"": 0.22, ""survey"": 0.05}",6,S2,rule,False,830600,0.375,0.125,3,1,25,0,1,0.3333333333333333,1.0,17.0,82.21861736667933,0.49072839896115134,2.8538812785388123,0.004600715256890788,0.9953992847431092,0,0,0,11266.830916169381,11266.830916169381,11266.830916169381,1.5,0.35612824346189303,0.13013638505279823,5.266111877161011e-05,55.75,22.300000000000004,0.04867373960610406,2,9:funding_collapse|37:funding_collapse|37:wildfire:semiwild,0.004676103861332943,0.08984676358651601,0.03283017968078692,0.012001480686368393,8.425779003457618e-06,0.0006718685305522491,0.00012260389638848196,d79d10c5065008f9
fixed_archetype,"{""biobank"": 0.05, ""engagement"": 0.08, ""ex_situ"": 0.42, ""genetics"": 0.1, ""habitat"": 0.08, ""rescue"": 0.22, ""survey"": 0.05}",7,S2,rule,False,830700,0.375,0.0,3,0,0,0,2,0.6666666666666666,1.0,25.0,66.36820581769591,0.40631488927818543,0.0,,,0,0,0,11321.36946546466,11321.36946546466,11321.36946546466,1.5,0.3566518135351277,0.04505234034463072,0.0002425617971874717,55.0,22.000000000000004,0.04693579495558974,1,9:funding_collapse|52:flood:semiwild,0.004358376723913723,0.07476359125955293,0.024220263151739408,0.006790246710036196,3.880988754999548e-05,0.0005495852961765311,0.00013002451524254474,d79d10c5065008f9
fixed_archetype,"{""biobank"": 0.05, ""engagement"": 0.08, ""ex_situ"": 0.42, ""genetics"": 0.1, ""habitat"": 0.08, ""rescue"": 0.22, ""survey"": 0.05}",8,S2,rule,False,830800,0.375,0.125,3,1,32,0,3,1.0,1.0,35.333333333333336,81.60500316642812,0.508988580093609,3.282051282051282,0.0,1.0,0,0,0,11240.251493475374,11240.251493475374,11240.251493475374,1.5,0.2570043931330625,0.12324101246287186,0.00047305647958920355,45.25,18.100000000000012,0.042350301645264016,0,15:flood:alternative|19:funding_collapse|75:funding_collapse,0.0053225717110417185,0.09060120021965312,0.025952141135313377,0.012294130852264537,7.568903673427257e-05,0.0007936386107318355,0.00010293046544934133,d79d10c5065008f9
fixed_archetype,"{""biobank"": 0.05, ""engagement"": 0.08, ""ex_situ"": 0.42, ""genetics"": 0.1, ""habitat"": 0.08, ""rescue"": 0.22, ""survey"": 0.05}",9,S2,rule,False,830900,0.25,0.125,2,1,60,0,3,1.0,1.0,25.666666666666668,86.22438811611411,0.49393037896260245,3.938730853391685,0.0,1.0,0,0,0,11316.415116070493,11316.415116070493,11316.415116070493,1.5,0.35660425178094357,0.1397717538326092,0.00039975654395146614,61.0,24.400000000000002,0.04237010060298992,0,1:heatwave:semiwild|2:flood:semiwild,0.005176984907538013,0.08967240992606115,0.038371885551231985,0.011432341397123544,6.396104703223459e-05,0.0007022574585859786,0.00014232439394571973,d79d10c5065008f9
fixed_archetype,"{""biobank"": 0.05, ""engagement"": 0.08, ""ex_situ"": 0.42, ""genetics"": 0.1, ""habitat"": 0.08, ""rescue"": 0.22, ""survey"": 0.05}",10,S2,rule,False,831000,0.25,0.0,2,0,0,0,2,0.6666666666666666,1.0,40.0,56.34678473699896,0.4211147737188329,0.0,,,0,0,0,11340.988830997449,11340.988830997449,11340.988830997449,1.5,0.2381760871681227,0.030040595324535756,0.00019908045977011496,50.75,20.300000000000008,0.03111493303861742,1,45:funding_collapse|55:flood:origin|77:wildfire:semiwild|92:wildfire:reserve|99:flood:reserve,0.0045521880679116125,0.07133819371359991,0.011525517929058841,0.009240529362691933,3.185287356321839e-05,0.0006616403148226777,0.0001342791701316749,d79d10c5065008f9
fixed_archetype,"{""biobank"": 0.05, ""engagement"": 0.08, ""ex_situ"": 0.42, ""genetics"": 0.1, ""habitat"": 0.08, ""rescue"": 0.22, ""survey"": 0.05}",11,S2,rule,False,831100,0.25,0.125,2,1,36,0,2,0.6666666666666666,1.0,25.0,63.895911847073165,0.496892807155367,3.410526315789473,0.0,1.0,0,0,0,11285.113278925199,11285.1132789252,11285.113278925199,1.5,0.12496591769073627,0.11083021559303853,0.00040773073161412825,47.75,19.100000000000005,0.039891803330350854,1,33:funding_collapse|40:funding_collapse|47:flood:reserve|74:heatwave:alternative|78:wildfire:origin,0.005050753706285976,0.09046408503606446,0.03115289227003097,0.012536795732802497,6.523691705826052e-05,0.0007045500256951962,0.00014279752736591185,d79d10c5065008f9
equal_active_categories,"{""biobank"": 0.14285714285714288, ""engagement"": 0.14285714285714288, ""ex_situ"": 0.14285714285714288, ""genetics"": 0.14285714285714288, ""habitat"": 0.14285714285714288, ""rescue"": 0.14285714285714288, ""survey"": 0.14285714285714288}",0,S2,rule,False,830000,0.25,0.125,2,1,48,0,1,0.3333333333333333,1.0,22.0,87.99964566350558,0.5250875312759681,1.7041420118343193,0.0,1.0,0,0,0,11259.357414290012,11259.357414290012,11259.357414290012,1.5,0.3689556919216123,0.13762550720198927,0.0006178681243402615,46.5,18.600000000000005,0.13719258945742419,2,30:funding_collapse|85:wildfire:alternative,0.005842761589286772,0.08904773550570554,0.019964379721035052,0.010399010177337692,9.885889989444185e-05,0.0006342056023733704,0.00012008014369384082,f5ab6b75b44ddbf9
equal_active_categories,"{""biobank"": 0.14285714285714288, ""engagement"": 0.14285714285714288, ""ex_situ"": 0.14285714285714288, ""genetics"": 0.14285714285714288, ""habitat"": 0.14285714285714288, ""rescue"": 0.14285714285714288, ""survey"": 0.14285714285714288}",1,S2,rule,False,830100,0.25,0.0,2,0,0,0,1,0.3333333333333333,1.0,12.0,85.07763252044559,0.4639552071358369,0.0,,,0,0,0,11281.123102489759,11281.123102489759,11281.123102489759,1.5,0.2078863149585429,0.04575603928486883,0.00012017338664903134,52.0,20.800000000000008,0.12483703894507268,2,15:wildfire:alternative|56:heatwave:reserve|74:heatwave:reserve|78:heatwave:reserve|94:wildfire:reserve,0.006312052190494407,0.07565110626490852,0.01682341314654857,0.0072484253123410005,1.9227741863845018e-05,0.000674538278769823,0.0001308827051637307,f5ab6b75b44ddbf9
equal_active_categories,"{""biobank"": 0.14285714285714288, ""engagement"": 0.14285714285714288, ""ex_situ"": 0.14285714285714288, ""genetics"": 0.14285714285714288, ""habitat"": 0.14285714285714288, ""rescue"": 0.14285714285714288, ""survey"": 0.14285714285714288}",2,S2,rule,False,830200,0.125,0.0,1,0,0,0,2,0.6666666666666666,1.0,18.5,25.444848719136242,0.275370875404665,0.0,,,0,0,0,11392.171727456842,11392.171727456844,11392.171727456842,1.5,0.2807740649964811,0.04147791415185157,0.0,20.75,8.299999999999999,0.06700253826101728,1,4:heatwave:origin|47:funding_collapse|59:heatwave:reserve|67:flood:reserve,0.0025520187259004366,0.053131761324800665,0.008338174524997476,0.006592122849726106,0.0,0.00037959068648585884,0.00010395403362409506,f5ab6b75b44ddbf9
equal_active_categories,"{""biobank"": 0.14285714285714288, ""engagement"": 0.14285714285714288, ""ex_situ"": 0.14285714285714288, ""genetics"": 0.14285714285714288, ""habitat"": 0.14285714285714288, ""rescue"": 0.14285714285714288, ""survey"": 0.14285714285714288}",3,S2,rule,False,830300,0.375,0.0,3,0,0,0,1,0.3333333333333333,1.0,12.0,91.61178926402641,0.430838929189174,0.0,,,0,0,0,11278.704894783246,11278.704894783246,11278.704894783246,1.5,0.32978085811556007,0.05924993483487624,0.00020438693633308074,44.5,17.799999999999997,0.1313592451166012,2,5:funding_collapse|18:flood:reserve|41:flood:origin|52:flood:origin|57:heatwave:origin,0.005697860542169621,0.07185568492310068,0.011357000925806484,0.004150522089596963,3.2701909813292925e-05,0.00048429973663506034,0.00010186657281647924,f5ab6b75b44ddbf9
equal_active_categories,"{""biobank"": 0.14285714285714288, ""engagement"": 0.14285714285714288, ""ex_situ"": 0.14285714285714288, ""genetics"": 0.14285714285714288, ""habitat"": 0.14285714285714288, ""rescue"": 0.14285714285714288, ""survey"": 0.14285714285714288}",4,S2,rule,False,830400,0.375,0.125,3,1,42,0,1,0.3333333333333333,1.0,29.0,95.91913371610012,0.5219041731908834,2.8178913738019173,0.0,1.0,0,0,0,11305.356065258165,11305.356065258165,11305.356065258165,1.5,0.17669265501480017,0.13217254548224808,0.00023465995504650127,56.0,22.400000000000013,0.1503718312137445,2,20:heatwave:alternative|41:wildfire:alternative|54:flood:alternative|58:flood:reserve|90:flood:origin,0.00623054857065099,0.08936684845687495,0.030331908893463516,0.010616955181124094,3.754559280744021e-05,0.0007628653164776005,0.0001515964401563119,f5ab6b75b44ddbf9
equal_active_categories,"{""biobank"": 0.14285714285714288, ""engagement"": 0.14285714285714288, ""ex_situ"": 0.14285714285714288, ""genetics"": 0.14285714285714288, ""habitat"": 0.14285714285714288, ""rescue"": 0.14285714285714288, ""survey"": 0.14285714285714288}",5,S2,rule,False,830500,0.375,0.0,3,0,0,0,1,0.3333333333333333,1.0,31.0,84.65889005024862,0.4827841706080281,0.0,,,0,0,0,11262.751317107539,11262.751317107539,11262.751317107539,1.5,0.22470133395794437,0.05509513500594142,5.309560024787336e-05,46.25,18.500000000000004,0.16312500805073488,2,44:wildfire:origin|77:wildfire:semiwild|82:funding_collapse|88:heatwave:alternative|93:heatwave:reserve,0.0059740729602465025,0.08055185593889108,0.013424145674299027,0.008357106534104985,8.495296039659737e-06,0.0007204782674812461,0.00013755193618230027,f5ab6b75b44ddbf9
equal_active_categories,"{""biobank"": 0.14285714285714288, ""engagement"": 0.14285714285714288, ""ex_situ"": 0.14285714285714288, ""genetics"": 0.14285714285714288, ""habitat"": 0.14285714285714288, ""rescue"": 0.14285714285714288, ""survey"": 0.14285714285714288}",6,S2,rule,False,830600,0.375,0.0,3,0,0,0,1,0.3333333333333333,1.0,15.0,90.52691785256253,0.4540944779194437,0.0,,,0,0,0,11233.690074905879,11233.690074905877,11233.690074905879,1.5,0.44054421080791206,0.07262400082137394,0.00016491803088395317,43.75,17.499999999999996,0.14284789870291364,2,9:funding_collapse|37:funding_collapse|37:wildfire:semiwild,0.00589492476941153,0.0741135176750792,0.01617088194042149,0.007038427187094967,2.6386884941432512e-05,0.0005573410748352269,0.00010398384742964199,f5ab6b75b44ddbf9
equal_active_categories,"{""biobank"": 0.14285714285714288, ""engagement"": 0.14285714285714288, ""ex_situ"": 0.14285714285714288, ""genetics"": 0.14285714285714288, ""habitat"": 0.14285714285714288, ""rescue"": 0.14285714285714288, ""survey"": 0.14285714285714288}",7,S2,rule,False,830700,0.375,0.0,3,0,0,0,2,0.6666666666666666,1.0,26.5,101.07945439877845,0.46798821714058414,0.0,,,0,0,0,11273.474880975353,11273.474880975353,11273.474880975353,1.5,0.44122623605481753,0.0720934942278763,0.0002644343584418923,57.25,22.900000000000006,0.1398543531119727,1,9:funding_collapse|52:flood:semiwild,0.0065347769965464556,0.07648372713347734,0.017204445242649868,0.006418457912471405,4.230949735070277e-05,0.0006069985258103573,0.0001260144391801309,f5ab6b75b44ddbf9
equal_active_categories,"{""biobank"": 0.14285714285714288, ""engagement"": 0.14285714285714288, ""ex_situ"": 0.14285714285714288, ""genetics"": 0.14285714285714288, ""habitat"": 0.14285714285714288, ""rescue"": 0.14285714285714288, ""survey"": 0.14285714285714288}",8,S2,rule,False,830800,0.375,0.125,3,1,40,0,2,0.6666666666666666,1.0,25.0,98.5871836844276,0.5266880635148329,2.1108179419525066,0.0,1.0,0,0,0,11208.677165230334,11208.677165230334,11208.677165230334,1.5,0.34124673019964796,0.1402991292457507,0.0002289252147840627,51.75,20.700000000000003,0.14408138403130408,1,15:flood:alternative|19:funding_collapse|75:funding_collapse,0.006324023545098562,0.08970349986617514,0.025566181340567568,0.010413428894382726,3.6628034365450036e-05,0.0007599333497587163,0.00012899500414337308,f5ab6b75b44ddbf9
equal_active_categories,"{""biobank"": 0.14285714285714288, ""engagement"": 0.14285714285714288, ""ex_situ"": 0.14285714285714288, ""genetics"": 0.14285714285714288, ""habitat"": 0.14285714285714288, ""rescue"": 0.14285714285714288, ""survey"": 0.14285714285714288}",9,S2,rule,False,830900,0.375,0.125,3,1,41,0,1,0.3333333333333333,1.0,12.0,98.09559407772848,0.5370207862385727,2.6556082148499214,0.0,1.0,0,0,0,11281.921714975833,11281.921714975833,11281.921714975833,1.5,0.4413710389233973,0.15400489082061125,0.00027427790388010446,47.0,18.8,0.13530852389886155,2,1:heatwave:semiwild|2:flood:semiwild,0.00670512579243528,0.08836707804676701,0.02313423417768575,0.010455487442461074,4.388446462081672e-05,0.0008010517801897421,0.00014317554251228008,f5ab6b75b44ddbf9
equal_active_categories,"{""biobank"": 0.14285714285714288, ""engagement"": 0.14285714285714288, ""ex_situ"": 0.14285714285714288, ""genetics"": 0.14285714285714288, ""habitat"": 0.14285714285714288, ""rescue"": 0.14285714285714288, ""survey"": 0.14285714285714288}",10,S2,rule,False,831000,0.25,0.125,2,1,15,0,1,0.3333333333333333,1.0,22.0,73.01415928691615,0.5275556329357588,1.923076923076923,0.02803159285333333,0.9719684071466667,0,0,0,11276.986981422446,11276.986981422444,11276.986981422446,1.5,0.2745349039105,0.13032892525531492,0.00025024495964393663,44.25,17.699999999999996,0.13697332816747845,2,45:funding_collapse|55:flood:origin|77:wildfire:semiwild|92:wildfire:reserve|99:flood:reserve,0.005672356688888737,0.08885777228406289,0.013496976692759916,0.01143153154187555,4.003919354302986e-05,0.0008462319775585539,0.0001543442492487244,f5ab6b75b44ddbf9
equal_active_categories,"{""biobank"": 0.14285714285714288, ""engagement"": 0.14285714285714288, ""ex_situ"": 0.14285714285714288, ""genetics"": 0.14285714285714288, ""habitat"": 0.14285714285714288, ""rescue"": 0.14285714285714288, ""survey"": 0.14285714285714288}",11,S2,rule,False,831100,0.375,0.125,3,1,28,0,1,0.3333333333333333,1.0,13.0,82.69789002702619,0.5049308341822992,2.903703703703704,0.0,1.0,0,0,0,11282.129833989928,11282.129833989928,11282.129833989928,1.5,0.2100367702243109,0.14047347597196355,0.00022102308439517744,54.5,21.800000000000008,0.17091380956247715,2,33:funding_collapse|40:funding_collapse|47:flood:reserve|74:heatwave:alternative|78:wildfire:origin,0.005675324568465963,0.09074346365429005,0.03596581735884248,0.009759522838979136,3.536369350322839e-05,0.0006566302595382799,0.00013250834426650412,f5ab6b75b44ddbf9
habitat_priority,"{""biobank"": 0.043478260869565216, ""engagement"": 0.06956521739130435, ""ex_situ"": 0.3652173913043478, ""genetics"": 0.08695652173913043, ""habitat"": 0.2, ""rescue"": 0.19130434782608696, ""survey"": 0.043478260869565216}",0,S2,rule,False,830000,0.375,0.125,3,1,40,0,1,0.3333333333333333,1.0,24.0,103.79132481811071,0.5203225366185429,2.7491408934707904,0.0,1.0,0,0,0,11256.210989518037,11256.210989518037,11256.210989518037,1.5,0.4460871999965013,0.13936201168784618,0.00017989023777871416,60.75,24.30000000000001,0.055059413767440606,2,30:funding_collapse|85:wildfire:alternative,0.00644738908941348,0.08909735409364869,0.03657081742547556,0.008960142009227895,2.8782438044594267e-05,0.0006231778570700599,0.0001350524871238131,0b05d2a081a9154f
habitat_priority,"{""biobank"": 0.043478260869565216, ""engagement"": 0.06956521739130435, ""ex_situ"": 0.3652173913043478, ""genetics"": 0.08695652173913043, ""habitat"": 0.2, ""rescue"": 0.19130434782608696, ""survey"": 0.043478260869565216}",1,S2,rule,False,830100,0.375,0.125,3,1,12,0,2,0.6666666666666666,1.0,51.0,93.56588768557133,0.5297558637864016,3.428571428571429,0.0001583563864406594,0.9998416436135593,0,0,0,11304.002686404487,11304.002686404487,11304.002686404487,1.5,0.24142891029491767,0.1219053630912331,0.00029427249917783073,56.75,22.70000000000001,0.0361337888801352,1,15:wildfire:alternative|56:heatwave:reserve|74:heatwave:reserve|78:heatwave:reserve|94:wildfire:reserve,0.0064906660780662566,0.08773285377661269,0.025509969312184883,0.010831833371867659,4.7083599868452915e-05,0.0007886827944002133,0.00012127528193294431,0b05d2a081a9154f
habitat_priority,"{""biobank"": 0.043478260869565216, ""engagement"": 0.06956521739130435, ""ex_situ"": 0.3652173913043478, ""genetics"": 0.08695652173913043, ""habitat"": 0.2, ""rescue"": 0.19130434782608696, ""survey"": 0.043478260869565216}",2,S2,rule,False,830200,0.0,0.0,0,0,0,0,3,1.0,1.0,23.666666666666668,28.37800078659373,0.23643752306857105,0.0,,,0,0,0,11369.228661034302,11369.2286610343,11369.228661034302,1.5,0.35834118039061513,0.038661640454266726,0.0,23.5,9.399999999999999,0.014137612076026035,0,4:heatwave:origin|47:funding_collapse|59:heatwave:reserve|67:flood:reserve,0.003327211851939778,0.043943193292092085,0.0028066384586157194,0.0015979232962450595,0.0,0.00026492772248771574,7.174321921577576e-05,0b05d2a081a9154f
habitat_priority,"{""biobank"": 0.043478260869565216, ""engagement"": 0.06956521739130435, ""ex_situ"": 0.3652173913043478, ""genetics"": 0.08695652173913043, ""habitat"": 0.2, ""rescue"": 0.19130434782608696, ""survey"": 0.043478260869565216}",3,S2,rule,False,830300,0.375,0.125,3,1,19,0,3,1.0,1.0,33.0,106.88352562132721,0.5117830417234439,2.560283687943263,0.0,1.0,0,0,0,11263.962874950994,11263.962874950994,11263.962874950994,1.5,0.40676674034667126,0.13063229242195318,0.00028079035672627097,50.25,20.100000000000012,0.040513907539267216,0,5:funding_collapse|18:flood:reserve|41:flood:origin|52:flood:origin|57:heatwave:origin,0.005776337036750883,0.08877418008894587,0.033462340607435644,0.010329074839004462,4.492645707620335e-05,0.0007152091982672467,0.00010008733423008625,0b05d2a081a9154f
habitat_priority,"{""biobank"": 0.043478260869565216, ""engagement"": 0.06956521739130435, ""ex_situ"": 0.3652173913043478, ""genetics"": 0.08695652173913043, ""habitat"": 0.2, ""rescue"": 0.19130434782608696, ""survey"": 0.043478260869565216}",4,S2,rule,False,830400,0.25,0.125,2,1,37,0,2,0.6666666666666666,1.0,47.0,99.53341295715035,0.5311973635442093,2.539888682745825,0.0,1.0,0,0,0,11318.327400574068,11318.327400574068,11318.327400574068,1.5,0.2370401774236968,0.11211110246202807,0.00025982022798936894,60.75,24.300000000000015,0.033790989461000794,1,20:heatwave:alternative|41:wildfire:alternative|54:flood:alternative|58:flood:reserve|90:flood:origin,0.006531141959019374,0.08736825184110181,0.027485855978003376,0.010826247976939601,4.157123647829904e-05,0.0007890968430205571,0.0001256075576645887,0b05d2a081a9154f
habitat_priority,"{""biobank"": 0.043478260869565216, ""engagement"": 0.06956521739130435, ""ex_situ"": 0.3652173913043478, ""genetics"": 0.08695652173913043, ""habitat"": 0.2, ""rescue"": 0.19130434782608696, ""survey"": 0.043478260869565216}",5,S2,rule,False,830500,0.375,0.125,3,1,16,0,2,0.6666666666666666,1.0,36.0,96.45694121816119,0.5161323781641246,1.8823529411764706,0.0,1.0,0,0,0,11259.13049491141,11259.130494911407,11259.13049491141,1.5,0.3018447289711166,0.11460605984299102,5.258284735081949e-05,54.25,21.700000000000006,0.046740287670573324,1,44:wildfire:origin|77:wildfire:semiwild|82:funding_collapse|88:heatwave:alternative|93:heatwave:reserve,0.005836146743842949,0.08829228034620373,0.03092568638461582,0.010275372732935259,8.41325557613112e-06,0.000710877613926803,0.00012251658697712937,0b05d2a081a9154f
habitat_priority,"{""biobank"": 0.043478260869565216, ""engagement"": 0.06956521739130435, ""ex_situ"": 0.3652173913043478, ""genetics"": 0.08695652173913043, ""habitat"": 0.2, ""rescue"": 0.19130434782608696, ""survey"": 0.043478260869565216}",6,S2,rule,False,830600,0.375,0.125,3,1,50,0,2,0.6666666666666666,1.0,19.5,101.79547393375391,0.524754797586911,1.9872813990461045,0.0,1.0,0,0,0,11243.098956433181,11243.098956433181,11243.098956433181,1.5,0.517801041621064,0.13905233166514064,0.00010471055798100728,59.0,23.600000000000012,0.05574706756286589,1,9:funding_collapse|37:funding_collapse|37:wildfire:semiwild,0.006221522184151784,0.08880489632476538,0.028299687529466443,0.009656915279996845,1.6753689276961165e-05,0.0007207588626563817,0.00014790610953735548,0b05d2a081a9154f
habitat_priority,"{""biobank"": 0.043478260869565216, ""engagement"": 0.06956521739130435, ""ex_situ"": 0.3652173913043478, ""genetics"": 0.08695652173913043, ""habitat"": 0.2, ""rescue"": 0.19130434782608696, ""survey"": 0.043478260869565216}",7,S2,rule,False,830700,0.375,0.0,3,0,0,0,3,1.0,1.0,34.0,78.31993588157783,0.5053659386692018,0.0,,,0,0,0,11311.49518083611,11311.495180836107,11311.49518083611,1.5,0.5194425510067343,0.06023479295479388,0.00016074560449913758,48.25,19.300000000000008,0.041452689270602194,0,9:funding_collapse|52:flood:semiwild,0.005637498497849177,0.09131209166993962,0.01784764013853777,0.005715141203803492,2.571929671986201e-05,0.000578385811213188,9.972375231270682e-05,0b05d2a081a9154f
habitat_priority,"{""biobank"": 0.043478260869565216, ""engagement"": 0.06956521739130435, ""ex_situ"": 0.3652173913043478, ""genetics"": 0.08695652173913043, ""habitat"": 0.2, ""rescue"": 0.19130434782608696, ""survey"": 0.043478260869565216}",8,S2,rule,False,830800,0.375,0.125,3,1,47,0,2,0.6666666666666666,1.0,38.5,109.21552439828942,0.5236879196943662,2.895150720838794,0.0,1.0,0,0,0,11202.974222555713,11202.974222555713,11202.974222555713,1.5,0.41796936013703573,0.13578192222986407,0.00016904786614545497,65.0,26.000000000000004,0.04391739503886273,1,15:flood:alternative|19:funding_collapse|75:funding_collapse,0.006328442575157606,0.08867750310944796,0.03048590261835149,0.010610902714105008,2.7047658583272797e-05,0.0008454123331029994,0.00013846900086259093,0b05d2a081a9154f
habitat_priority,"{""biobank"": 0.043478260869565216, ""engagement"": 0.06956521739130435, ""ex_situ"": 0.3652173913043478, ""genetics"": 0.08695652173913043, ""habitat"": 0.2, ""rescue"": 0.19130434782608696, ""survey"": 0.043478260869565216}",9,S2,rule,False,830900,0.375,0.125,3,1,48,0,3,1.0,1.0,35.0,107.50323650899027,0.5400455886303028,3.4803625377643512,0.0,1.0,0,0,0,11279.875602808537,11279.875602808537,11279.875602808537,1.5,0.5186836811340726,0.15037490561355535,0.00038956230445927364,48.5,19.400000000000013,0.03726456061252281,0,1:heatwave:semiwild|2:flood:semiwild,0.007061453225679537,0.08768326269550478,0.028233339934058976,0.010118746155792105,6.232996871348378e-05,0.0007085058761926022,9.866501332046275e-05,0b05d2a081a9154f
habitat_priority,"{""biobank"": 0.043478260869565216, ""engagement"": 0.06956521739130435, ""ex_situ"": 0.3652173913043478, ""genetics"": 0.08695652173913043, ""habitat"": 0.2, ""rescue"": 0.19130434782608696, ""survey"": 0.043478260869565216}",10,S2,rule,False,831000,0.375,0.0,3,0,0,0,2,0.6666666666666666,1.0,39.5,88.77971961371108,0.4610807343992115,0.0,,,0,0,0,11297.798398738249,11297.798398738249,11297.798398738249,1.5,0.3204027660401571,0.0382444150475669,0.0002499540242722061,44.5,17.80000000000001,0.03102069221775594,1,45:funding_collapse|55:flood:origin|77:wildfire:semiwild|92:wildfire:reserve|99:flood:reserve,0.006680674938464757,0.0739741943406268,0.008439821000245585,0.0032509826598741904,3.9992643883552974e-05,0.000477317215039283,7.649656349128593e-05,0b05d2a081a9154f
habitat_priority,"{""biobank"": 0.043478260869565216, ""engagement"": 0.06956521739130435, ""ex_situ"": 0.3652173913043478, ""genetics"": 0.08695652173913043, ""habitat"": 0.2, ""rescue"": 0.19130434782608696, ""survey"": 0.043478260869565216}",11,S2,rule,False,831100,0.25,0.125,2,1,7,0,1,0.3333333333333333,1.0,39.0,95.09818404531183,0.533796710695224,1.9600000000000004,0.0095509998712305,0.9904490001287695,0,0,0,11227.59758948408,11227.597589484078,11227.59758948408,1.5,0.28609117236067294,0.11244801654537631,0.00036899563454350606,73.0,29.200000000000003,0.03994449654654508,2,33:funding_collapse|40:funding_collapse|47:flood:reserve|74:heatwave:alternative|78:wildfire:origin,0.006642114714131101,0.08737627205234237,0.02646349536027569,0.010729954245695063,5.903930152696097e-05,0.00076833890077214,0.00017017656368021792,0b05d2a081a9154f
movement_cautious,"{""biobank"": 0.05, ""engagement"": 0.08, ""ex_situ"": 0.42, ""genetics"": 0.1, ""habitat"": 0.14600000000000002, ""rescue"": 0.11, ""survey"": 0.094}",0,S2,rule,False,830000,0.25,0.0,2,0,0,0,1,0.3333333333333333,1.0,18.0,93.50666061651,0.47561309653855693,0.0,,,0,0,0,11204.37934199634,11204.37934199634,11204.37934199634,1.5,0.37223886231984316,0.045775611834161005,0.00010309278350515463,41.0,16.400000000000006,0.04275862801088344,2,30:funding_collapse|85:wildfire:alternative,0.0070483185798133645,0.0721713332996791,0.0060209469276552305,0.005320125582841539,1.6494845360824743e-05,0.0005251549913519182,0.00013215621279148414,f6421b37addadbdb
movement_cautious,"{""biobank"": 0.05, ""engagement"": 0.08, ""ex_situ"": 0.42, ""genetics"": 0.1, ""habitat"": 0.14600000000000002, ""rescue"": 0.11, ""survey"": 0.094}",1,S2,rule,False,830100,0.375,0.125,3,1,1,0,1,0.3333333333333333,1.0,26.0,71.27451928069252,0.5227489288811895,1.0,0.26846667114505735,0.7315333288549426,0,0,0,11298.132910126631,11298.132910126633,11298.132910126631,1.5,0.20984646512079272,0.0989608607636437,0.0002290973195071478,42.75,17.100000000000016,0.05863107125782213,2,15:wildfire:alternative|56:heatwave:reserve|74:heatwave:reserve|78:heatwave:reserve|94:wildfire:reserve,0.00592309626800355,0.09144025304686039,0.02349683575598598,0.009817435855320425,3.665557112114365e-05,0.0007602678699054359,0.00014209859326755214,f6421b37addadbdb
movement_cautious,"{""biobank"": 0.05, ""engagement"": 0.08, ""ex_situ"": 0.42, ""genetics"": 0.1, ""habitat"": 0.14600000000000002, ""rescue"": 0.11, ""survey"": 0.094}",2,S2,rule,False,830200,0.0,0.0,0,0,0,0,2,0.6666666666666666,1.0,11.0,22.336495260952688,0.1825302975188918,0.0,,,0,0,0,11385.211520084576,11385.211520084576,11385.211520084576,1.5,0.2849485983576721,0.03206577530088149,0.0,18.25,7.300000000000001,0.017854577325571372,1,4:heatwave:origin|47:funding_collapse|59:heatwave:reserve|67:flood:reserve,0.0026256074297888506,0.03313525975649597,0.0012400661856929996,0.0017603086821925784,0.0,0.0003521160451320542,0.0001324478085683888,f6421b37addadbdb
movement_cautious,"{""biobank"": 0.05, ""engagement"": 0.08, ""ex_situ"": 0.42, ""genetics"": 0.1, ""habitat"": 0.14600000000000002, ""rescue"": 0.11, ""survey"": 0.094}",3,S2,rule,False,830300,0.5,0.125,4,1,26,0,1,0.3333333333333333,1.0,51.0,104.46669951479792,0.5330295813211761,2.888888888888889,0.0,1.0,0,0,0,11212.792560059119,11212.792560059119,11212.792560059119,1.5,0.332879757000082,0.12726958550968465,0.00033505439233483454,35.25,14.100000000000003,0.04421360460393785,2,5:funding_collapse|18:flood:reserve|41:flood:origin|52:flood:origin|57:heatwave:origin,0.00649467404605432,0.09116496547009749,0.021191812135319434,0.010940943908897443,5.3608702773573526e-05,0.0008094046595775956,8.5072297569791e-05,f6421b37addadbdb
movement_cautious,"{""biobank"": 0.05, ""engagement"": 0.08, ""ex_situ"": 0.42, ""genetics"": 0.1, ""habitat"": 0.14600000000000002, ""rescue"": 0.11, ""survey"": 0.094}",4,S2,rule,False,830400,0.375,0.125,3,1,27,0,1,0.3333333333333333,1.0,20.0,102.33920246458547,0.532065444800625,2.1378299120234607,0.008094986135111108,0.9919050138648889,0,0,0,11243.670145905091,11243.670145905093,11243.670145905091,1.5,0.17938659877149762,0.10559898689442765,0.00023769647488514113,53.0,21.200000000000014,0.05016013948521638,2,20:heatwave:alternative|41:wildfire:alternative|54:flood:alternative|58:flood:reserve|90:flood:origin,0.007099374900260323,0.09076490859682462,0.03301820451023919,0.008881683286246644,3.803143598162257e-05,0.0006749000027773073,0.0001217595721978775,f6421b37addadbdb
movement_cautious,"{""biobank"": 0.05, ""engagement"": 0.08, ""ex_situ"": 0.42, ""genetics"": 0.1, ""habitat"": 0.14600000000000002, ""rescue"": 0.11, ""survey"": 0.094}",5,S2,rule,False,830500,0.375,0.125,3,1,20,0,2,0.6666666666666666,1.0,39.5,93.97479354907001,0.5303300017824986,2.5974025974025974,0.0,1.0,0,0,0,11230.276474584234,11230.276474584234,11230.276474584234,1.5,0.22838004092795786,0.11458770184774367,2.5773195876288658e-05,35.5,14.200000000000001,0.04762835890460956,1,44:wildfire:origin|77:wildfire:semiwild|82:funding_collapse|88:heatwave:alternative|93:heatwave:reserve,0.006428563300464504,0.08940799873000435,0.024901393810825345,0.010060057762294421,4.123711340206186e-06,0.0007139632544950358,8.481795346934125e-05,f6421b37addadbdb
movement_cautious,"{""biobank"": 0.05, ""engagement"": 0.08, ""ex_situ"": 0.42, ""genetics"": 0.1, ""habitat"": 0.14600000000000002, ""rescue"": 0.11, ""survey"": 0.094}",6,S2,rule,False,830600,0.375,0.0,3,0,0,0,1,0.3333333333333333,1.0,18.0,81.79267315321441,0.42424648689377137,0.0,,,0,0,0,11214.05217916465,11214.05217916465,11214.05217916465,1.5,0.4444368608456311,0.052325106354789944,2.5706940874035987e-05,34.0,13.600000000000003,0.039407101351134136,2,9:funding_collapse|37:funding_collapse|37:wildfire:semiwild,0.006118136522547566,0.06780093482475824,0.006232271265642659,0.0027631899888105414,4.113110539845759e-06,0.0003991341368480105,0.0001096122222574584,f6421b37addadbdb
movement_cautious,"{""biobank"": 0.05, ""engagement"": 0.08, ""ex_situ"": 0.42, ""genetics"": 0.1, ""habitat"": 0.14600000000000002, ""rescue"": 0.11, ""survey"": 0.094}",7,S2,rule,False,830700,0.375,0.125,3,1,36,0,2,0.6666666666666666,1.0,20.0,77.54033515298724,0.5232978555993619,1.1172413793103448,0.07574558666666668,0.9242544133333334,0,0,0,11273.50290145355,11273.50290145355,11273.50290145355,1.5,0.44547843750013255,0.12155293925691857,0.000267783966566591,35.25,14.100000000000003,0.047913408569009365,1,9:funding_collapse|52:flood:semiwild,0.005764482014806581,0.08984233053909058,0.019342413061789326,0.010389722687593375,4.2845434650654546e-05,0.0006380560099831825,0.00010014453928502077,f6421b37addadbdb
movement_cautious,"{""biobank"": 0.05, ""engagement"": 0.08, ""ex_situ"": 0.42, ""genetics"": 0.1, ""habitat"": 0.14600000000000002, ""rescue"": 0.11, ""survey"": 0.094}",8,S2,rule,False,830800,0.375,0.125,3,1,2,0,2,0.6666666666666666,1.0,31.0,87.46229015995046,0.5499543944751526,1.0,0.046248,0.953752,0,0,0,11165.748200800583,11165.748200800583,11165.748200800583,1.5,0.34472188727372455,0.11041348215707159,0.0004465255069845487,40.5,16.200000000000006,0.04845646714849565,1,15:flood:alternative|19:funding_collapse|75:funding_collapse,0.006895125425481435,0.08982210883334214,0.013384018567199209,0.009522089953631315,7.144408111752779e-05,0.0007844434584367378,0.00014900567743114987,f6421b37addadbdb
movement_cautious,"{""biobank"": 0.05, ""engagement"": 0.08, ""ex_situ"": 0.42, ""genetics"": 0.1, ""habitat"": 0.14600000000000002, ""rescue"": 0.11, ""survey"": 0.094}",9,S2,rule,False,830900,0.375,0.125,3,1,64,0,2,0.6666666666666666,1.0,17.0,82.71199506595231,0.5243726394181195,2.2755555555555556,0.0,1.0,0,0,0,11276.126817620767,11276.126817620767,11276.126817620767,1.5,0.44552440851138214,0.13361409097930435,0.00043983613532276193,33.5,13.400000000000002,0.050280472863052886,1,1:heatwave:semiwild|2:flood:semiwild,0.006022918285173437,0.08844902949804531,0.02539041189020836,0.010696292253889676,7.03737816516419e-05,0.000711957012584166,0.00010452501260583309,f6421b37addadbdb
movement_cautious,"{""biobank"": 0.05, ""engagement"": 0.08, ""ex_situ"": 0.42, ""genetics"": 0.1, ""habitat"": 0.14600000000000002, ""rescue"": 0.11, ""survey"": 0.094}",10,S2,rule,False,831000,0.375,0.125,3,1,44,0,2,0.6666666666666666,1.0,19.0,84.37020101481207,0.5254293412780529,2.942249240121581,0.00011752515633451621,0.9998824748436654,0,0,0,11242.604325794857,11242.604325794857,11242.604325794857,1.5,0.2761067119642457,0.12445080011215609,0.0002508815024850721,41.5,16.600000000000012,0.055838182572578526,1,45:funding_collapse|55:flood:origin|77:wildfire:semiwild|92:wildfire:reserve|99:flood:reserve,0.006194519683776648,0.09020244970848626,0.0243242584210834,0.010276041452580032,4.014104039761154e-05,0.0008518220799207838,0.00011515905980828553,f6421b37addadbdb
movement_cautious,"{""biobank"": 0.05, ""engagement"": 0.08, ""ex_situ"": 0.42, ""genetics"": 0.1, ""habitat"": 0.14600000000000002, ""rescue"": 0.11, ""survey"": 0.094}",11,S2,rule,False,831100,0.375,0.125,3,1,37,0,2,0.6666666666666666,1.0,22.0,83.40019882057,0.5065664760332019,2.617590822179732,0.0022341571728284842,0.9977658428271715,0,0,0,11254.609769554812,11254.609769554812,11254.609769554812,1.5,0.2138095933756546,0.1132760156056174,0.00033625296864882857,40.75,16.300000000000008,0.04734574023127305,1,33:funding_collapse|40:funding_collapse|47:flood:reserve|74:heatwave:alternative|78:wildfire:origin,0.00572422696026255,0.08937821777619329,0.03644941579776044,0.01054741765703281,5.3800474983812576e-05,0.0006379897310089553,9.318050947327608e-05,f6421b37addadbdb
fixed_archetype,"{""biobank"": 0.05, ""engagement"": 0.11, ""ex_situ"": 0.18, ""genetics"": 0.08, ""habitat"": 0.28, ""rescue"": 0.2, ""survey"": 0.1}",0,S3,rule,False,840000,0.375,0.375,3,3,189,0,2,0.6666666666666666,1.0,15.5,173.18084940120892,0.6359161350897943,2.851823891743601,1.9685740254269394e-05,0.9999803142597458,26,133,26,11240.264365733114,11240.264365733114,3746.7547885777044,1.5,0.5085389134670601,0.2626087024457148,0.0002599950671667971,39.75,15.900000000000002,0.07243286090786386,1,49:wildfire:semiwild|52:heatwave:reserve|59:heatwave:origin,0.00850573971509601,0.07706710451586415,0.030619236649201666,0.0057599222435672885,4.1599210746687536e-05,0.0006612977597550853,8.636955433888061e-05,6195c68f6de557e4
fixed_archetype,"{""biobank"": 0.05, ""engagement"": 0.11, ""ex_situ"": 0.18, ""genetics"": 0.08, ""habitat"": 0.28, ""rescue"": 0.2, ""survey"": 0.1}",1,S3,rule,False,840100,0.25,0.25,2,2,258,0,3,1.0,1.0,28.333333333333332,133.30820589431553,0.5548504426605139,3.92757061526111,0.00022669054358174178,0.9997733094564183,8,101,8,11250.968038642593,11250.968038642593,5625.484019321297,1.5,0.26137095672431176,0.1883734319401979,0.00013223904449051853,27.25,10.899999999999997,0.052303150575778085,0,4:funding_collapse|20:flood:origin|21:wildfire:semiwild|24:funding_collapse|41:flood:reserve|64:wildfire:alternative|65:heatwave:reserve|84:heatwave:reserve,0.003845996384901798,0.07694497056096485,0.06971491892150718,0.010568290001691126,2.1158247118482964e-05,0.0006530077345325082,7.097179668361834e-05,6195c68f6de557e4
fixed_archetype,"{""biobank"": 0.05, ""engagement"": 0.11, ""ex_situ"": 0.18, ""genetics"": 0.08, ""habitat"": 0.28, ""rescue"": 0.2, ""survey"": 0.1}",2,S3,rule,False,840200,0.5,0.375,4,3,360,0,1,0.3333333333333333,1.0,23.0,176.2168567491297,0.5950999199851796,3.749289397756158,0.0012770197918559913,0.998722980208144,37,151,37,11235.392695838049,11235.392695838049,3745.130898612683,1.5,0.45356469423590395,0.2652208496245071,0.0002302655877514018,47.0,18.8,0.0681074311167754,2,40:wildfire:reserve|50:wildfire:origin|55:heatwave:reserve|88:wildfire:semiwild|94:wildfire:origin,0.007507631736859194,0.0768539228151222,0.06441808615377266,0.006163156714734387,3.684249404022429e-05,0.0007581079807426766,9.570427066373859e-05,6195c68f6de557e4
fixed_archetype,"{""biobank"": 0.05, ""engagement"": 0.11, ""ex_situ"": 0.18, ""genetics"": 0.08, ""habitat"": 0.28, ""rescue"": 0.2, ""survey"": 0.1}",3,S3,rule,False,840300,0.375,0.375,3,3,208,0,1,0.3333333333333333,1.0,19.0,143.32430043236326,0.5801821742072337,2.9622579874595814,0.0,1.0,21,160,21,11166.127692496208,11166.127692496208,3722.0425641654024,1.5,0.23055690919455274,0.2368771376729419,0.000646134524499394,45.25,18.099999999999998,0.07724433439445394,2,38:funding_collapse|38:wildfire:reserve|40:wildfire:origin|63:heatwave:alternative|79:wildfire:reserve|80:funding_collapse|84:wildfire:origin|95:flood:alternative,0.006738510024225469,0.07489751373473796,0.0766531216458844,0.00860264483067692,0.00010338152391990309,0.0006291064171481718,0.00010027137940945943,6195c68f6de557e4
fixed_archetype,"{""biobank"": 0.05, ""engagement"": 0.11, ""ex_situ"": 0.18, ""genetics"": 0.08, ""habitat"": 0.28, ""rescue"": 0.2, ""survey"": 0.1}",4,S3,rule,False,840400,0.75,0.375,6,3,335,0,1,0.3333333333333333,1.0,13.0,214.02596397346616,0.6024183239230227,4.101823903210804,0.00013997971372115592,0.9998600202862788,21,199,21,11193.649575537314,11193.649575537314,3731.216525179105,1.5,0.3672093600428705,0.2639033118015334,0.00031157859365078583,55.0,21.999999999999996,0.08707068382569158,2,3:heatwave:semiwild|12:heatwave:reserve|13:heatwave:reserve|31:flood:reserve|45:wildfire:reserve|88:wildfire:origin,0.007537583191479655,0.07710823174769593,0.055552338654596974,0.0066853170632832195,4.9852574984125724e-05,0.0007564850516953625,8.263415930856418e-05,6195c68f6de557e4
fixed_archetype,"{""biobank"": 0.05, ""engagement"": 0.11, ""ex_situ"": 0.18, ""genetics"": 0.08, ""habitat"": 0.28, ""rescue"": 0.2, ""survey"": 0.1}",5,S3,rule,False,840500,0.5,0.375,4,3,303,0,1,0.3333333333333333,1.0,21.0,173.15917907953215,0.6064584787974148,2.7420967977212363,0.0017700070404071423,0.9982299929595928,32,197,32,11203.5707146838,11203.570714683798,3734.5235715612666,1.5,0.44447676085332555,0.2557704132413211,4.9627791563275434e-05,57.25,22.900000000000002,0.07575884589388085,2,1:funding_collapse|46:wildfire:reserve|49:flood:reserve|67:flood:origin|91:wildfire:origin,0.007699732854382341,0.07508720650466881,0.05518823239824458,0.00804318097367461,7.940446650124069e-06,0.0007877962124723112,0.00012663833957644405,6195c68f6de557e4
fixed_archetype,"{""biobank"": 0.05, ""engagement"": 0.11, ""ex_situ"": 0.18, ""genetics"": 0.08, ""habitat"": 0.28, ""rescue"": 0.2, ""survey"": 0.1}",6,S3,rule,False,840600,0.5,0.375,4,3,327,0,1,0.3333333333333333,1.0,31.0,171.5570906125665,0.5351856919427238,3.856978978058621,0.00015006559407628012,0.9998499344059237,5,153,5,11244.78017867557,11244.780178675568,3748.260059558523,1.5,0.400958519720265,0.26276524701344395,0.0002274980267809347,39.5,15.8,0.07674802630415613,2,27:heatwave:origin|31:wildfire:reserve|32:flood:alternative|52:flood:semiwild|58:wildfire:origin|61:heatwave:alternative|98:funding_collapse,0.004848558490360899,0.07565381357618445,0.10165358552847746,0.010380679491924632,3.6399684284949554e-05,0.0007048893040143486,7.76796279316672e-05,6195c68f6de557e4
fixed_archetype,"{""biobank"": 0.05, ""engagement"": 0.11, ""ex_situ"": 0.18, ""genetics"": 0.08, ""habitat"": 0.28, ""rescue"": 0.2, ""survey"": 0.1}",7,S3,rule,False,840700,0.25,0.25,2,2,155,0,2,0.6666666666666666,1.0,16.0,126.42466316610691,0.5593493682675331,3.4966295489766988,0.0007045269614978229,0.9992954730385022,8,113,8,11142.410634906373,11142.410634906373,5571.205317453187,1.5,0.5217970859108827,0.21076556982244107,0.0001604482754200078,30.25,12.099999999999998,0.05559782870792909,1,22:wildfire:origin|25:funding_collapse|25:wildfire:origin|48:funding_collapse|72:funding_collapse|93:heatwave:alternative|96:funding_collapse,0.004000270845007264,0.07599227052327266,0.06970922398332458,0.009948353026961117,2.567172406720125e-05,0.0007104797183612213,6.04887723737153e-05,6195c68f6de557e4
fixed_archetype,"{""biobank"": 0.05, ""engagement"": 0.11, ""ex_situ"": 0.18, ""genetics"": 0.08, ""habitat"": 0.28, ""rescue"": 0.2, ""survey"": 0.1}",8,S3,rule,False,840800,0.375,0.375,3,3,349,0,2,0.6666666666666666,1.0,18.0,164.5127747880516,0.6151799750854696,3.0269549334596086,0.003420591462739214,0.9965794085372608,52,176,52,11196.631505239977,11196.631505239977,3732.210501746659,1.5,0.5375636487210967,0.2673445687256423,0.00013960011905731628,57.0,22.800000000000004,0.07284327259468264,1,1:funding_collapse|61:heatwave:origin|65:flood:reserve|95:flood:semiwild,0.007897260871148021,0.07522484337311004,0.04859317796572626,0.006776025042941574,2.2336019049170604e-05,0.0006663368365147582,0.000114000431238653,6195c68f6de557e4
fixed_archetype,"{""biobank"": 0.05, ""engagement"": 0.11, ""ex_situ"": 0.18, ""genetics"": 0.08, ""habitat"": 0.28, ""rescue"": 0.2, ""survey"": 0.1}",9,S3,rule,False,840900,0.5,0.25,4,2,305,0,1,0.3333333333333333,1.0,30.0,165.75392561658953,0.6298638053058822,4.701351530004345,0.00346717161296641,0.9965328283870336,13,170,13,11200.041661305695,11200.041661305695,5600.0208306528475,1.5,0.6471154330631413,0.23542927178822537,0.00033934113268726764,45.75,18.300000000000008,0.05602106590933882,2,15:funding_collapse|87:wildfire:semiwild,0.00927609423957469,0.07527755041894622,0.043250400330951504,0.007292366292398132,5.429458122996282e-05,0.0007958772852797877,0.00010960080376904594,6195c68f6de557e4
fixed_archetype,"{""biobank"": 0.05, ""engagement"": 0.11, ""ex_situ"": 0.18, ""genetics"": 0.08, ""habitat"": 0.28, ""rescue"": 0.2, ""survey"": 0.1}",10,S3,rule,False,841000,0.5,0.375,4,3,225,0,2,0.6666666666666666,1.0,19.5,153.03800452939592,0.6219895406713746,1.8553464456305602,0.09266912393430055,0.9073308760656995,24,157,24,11167.811264500315,11167.811264500315,3722.6037548334384,1.5,0.47522539744843145,0.24836646982662058,0.00026065020048297963,45.25,18.100000000000016,0.06770232812735913,1,10:funding_collapse|13:funding_collapse|19:wildfire:semiwild|80:heatwave:alternative|83:flood:semiwild|99:flood:reserve,0.008443010084871918,0.07481643211213009,0.04735446518838174,0.007347622179016554,4.1704032077276733e-05,0.0008062381551753035,0.0001227428718156086,6195c68f6de557e4
fixed_archetype,"{""biobank"": 0.05, ""engagement"": 0.11, ""ex_situ"": 0.18, ""genetics"": 0.08, ""habitat"": 0.28, ""rescue"": 0.2, ""survey"": 0.1}",11,S3,rule,False,841100,0.625,0.25,5,2,268,0,2,0.6666666666666666,1.0,27.0,197.56537518774067,0.6187619246556558,4.056416280849353,2.2414328987112952e-05,0.9999775856710129,23,177,23,11141.876133849117,11141.876133849117,5570.938066924558,1.5,0.34618026826466,0.20051329186859174,0.0002326786688488816,50.0,20.000000000000004,0.06415551116816098,1,16:wildfire:reserve|40:funding_collapse|57:flood:alternative|68:funding_collapse|75:heatwave:alternative|77:flood:origin|82:heatwave:origin,0.008515555032318588,0.07650266332854587,0.05062438885112647,0.005759649031127914,3.722858701582106e-05,0.0007020199727538746,8.260912560735703e-05,6195c68f6de557e4
equal_active_categories,"{""biobank"": 0.14285714285714288, ""engagement"": 0.14285714285714288, ""ex_situ"": 0.14285714285714288, ""genetics"": 0.14285714285714288, ""habitat"": 0.14285714285714288, ""rescue"": 0.14285714285714288, ""survey"": 0.14285714285714288}",0,S3,rule,False,840000,0.375,0.125,3,1,182,0,2,0.6666666666666666,1.0,18.0,108.77755791088931,0.6179998332888926,3.4296955891488925,0.0031949711561497477,0.9968050288438502,13,116,13,11225.9384634068,11225.9384634068,11225.9384634068,1.5,0.3233106901511156,0.15179298977406805,0.0001848775752346025,32.25,12.899999999999995,0.1445748243373378,1,49:wildfire:semiwild|52:heatwave:reserve|59:heatwave:origin,0.00647889733126483,0.07593832203109821,0.02889041470485898,0.009820042495620362,2.9580412037536406e-05,0.0007088234472876681,0.00010924205760298339,2ae94740bd1372f4
equal_active_categories,"{""biobank"": 0.14285714285714288, ""engagement"": 0.14285714285714288, ""ex_situ"": 0.14285714285714288, ""genetics"": 0.14285714285714288, ""habitat"": 0.14285714285714288, ""rescue"": 0.14285714285714288, ""survey"": 0.14285714285714288}",1,S3,rule,False,840100,0.25,0.25,2,2,148,0,1,0.3333333333333333,1.0,23.0,101.34313737687042,0.5488338931533512,3.417957814261749,0.0006223152276897242,0.9993776847723103,5,91,5,11240.233329467394,11240.233329467394,5620.116664733697,1.5,0.1774468460542078,0.19693983811618632,0.00013194366714596085,24.0,9.599999999999998,0.16257787684074007,2,4:funding_collapse|20:flood:origin|21:wildfire:semiwild|24:funding_collapse|41:flood:reserve|64:wildfire:alternative|65:heatwave:reserve|84:heatwave:reserve,0.003976680530992647,0.07730242595234726,0.08447208423110303,0.009545247493481596,2.1110986743353736e-05,0.00062946518694209,6.902270488531999e-05,2ae94740bd1372f4
equal_active_categories,"{""biobank"": 0.14285714285714288, ""engagement"": 0.14285714285714288, ""ex_situ"": 0.14285714285714288, ""genetics"": 0.14285714285714288, ""habitat"": 0.14285714285714288, ""rescue"": 0.14285714285714288, ""survey"": 0.14285714285714288}",2,S3,rule,False,840200,0.375,0.375,3,3,382,0,0,0.0,0.0,,163.96402076027752,0.5658444934578911,2.774543558173734,0.0008606788040421398,0.9991393211959578,12,124,12,11249.377724998269,11249.37772499827,3749.792574999423,1.5,0.27433112130355947,0.26439207230896483,0.00023069112570229473,34.0,13.599999999999994,0.2023176229843576,3,40:wildfire:reserve|50:wildfire:origin|55:heatwave:reserve|88:wildfire:semiwild|94:wildfire:origin,0.0058709248352176065,0.07906066268532035,0.07419454154489602,0.007391046906652059,3.691058011236716e-05,0.0006195045747026992,6.787906651553335e-05,2ae94740bd1372f4
equal_active_categories,"{""biobank"": 0.14285714285714288, ""engagement"": 0.14285714285714288, ""ex_situ"": 0.14285714285714288, ""genetics"": 0.14285714285714288, ""habitat"": 0.14285714285714288, ""rescue"": 0.14285714285714288, ""survey"": 0.14285714285714288}",3,S3,rule,False,840300,0.5,0.375,4,3,223,0,1,0.3333333333333333,1.0,13.0,136.4983328631222,0.5709132403322251,2.9093372179161388,0.0022337815950281186,0.9977662184049719,13,133,13,11208.165482502147,11208.165482502147,3736.055160834049,1.5,0.07766640272463406,0.25276439817795926,0.00037586498550255663,36.5,14.6,0.23577192863167207,2,38:funding_collapse|38:wildfire:reserve|40:wildfire:origin|63:heatwave:alternative|79:wildfire:reserve|80:funding_collapse|84:wildfire:origin|95:flood:alternative,0.005462536625088154,0.07874546698994606,0.07042973191222301,0.0083936482526756,6.013839768040905e-05,0.0005894739721146024,8.501030600177175e-05,2ae94740bd1372f4
equal_active_categories,"{""biobank"": 0.14285714285714288, ""engagement"": 0.14285714285714288, ""ex_situ"": 0.14285714285714288, ""genetics"": 0.14285714285714288, ""habitat"": 0.14285714285714288, ""rescue"": 0.14285714285714288, ""survey"": 0.14285714285714288}",4,S3,rule,False,840400,0.375,0.25,3,2,327,0,1,0.3333333333333333,1.0,18.0,141.9281765478929,0.5848573725239228,5.2464021377166326,5.920881334967921e-05,0.9999407911866504,9,119,9,11186.336096993886,11186.336096993884,5593.168048496943,1.5,0.2738658140492414,0.23011818640858522,0.0005468956614005921,32.0,12.799999999999995,0.18883791813247383,2,3:heatwave:semiwild|12:heatwave:reserve|13:heatwave:reserve|31:flood:reserve|45:wildfire:reserve|88:wildfire:origin,0.006171154014748447,0.07650241499754339,0.05902208943690737,0.00962962865722053,8.750330582409472e-05,0.0006706257740583103,9.308179331187343e-05,2ae94740bd1372f4
equal_active_categories,"{""biobank"": 0.14285714285714288, ""engagement"": 0.14285714285714288, ""ex_situ"": 0.14285714285714288, ""genetics"": 0.14285714285714288, ""habitat"": 0.14285714285714288, ""rescue"": 0.14285714285714288, ""survey"": 0.14285714285714288}",5,S3,rule,False,840500,0.5,0.25,4,2,254,0,1,0.3333333333333333,1.0,21.0,126.0393489344614,0.5925250920934918,2.3987523658650907,0.06835929201039356,0.9316407079896064,4,123,4,11213.02606780334,11213.026067803337,5606.51303390167,1.5,0.2740628114528351,0.2004235416389665,4.9627791563275434e-05,31.75,12.699999999999996,0.18264868417516034,2,1:funding_collapse|46:wildfire:reserve|49:flood:reserve|67:flood:origin|91:wildfire:origin,0.006541188361959589,0.07478411116173751,0.05886809264613903,0.010753202983692407,7.940446650124069e-06,0.0008099349181516806,9.115596888827708e-05,2ae94740bd1372f4
equal_active_categories,"{""biobank"": 0.14285714285714288, ""engagement"": 0.14285714285714288, ""ex_situ"": 0.14285714285714288, ""genetics"": 0.14285714285714288, ""habitat"": 0.14285714285714288, ""rescue"": 0.14285714285714288, ""survey"": 0.14285714285714288}",6,S3,rule,False,840600,0.375,0.25,3,2,123,0,1,0.3333333333333333,1.0,28.0,120.74351975033616,0.5690658158679203,3.711417128222294,0.0,1.0,1,117,1,11244.178987467292,11244.178987467292,5622.089493733646,1.5,0.21589125978763332,0.2081350089660658,0.00019583623566768414,29.5,11.799999999999997,0.1846585585253977,2,27:heatwave:origin|31:wildfire:reserve|32:flood:alternative|52:flood:semiwild|58:wildfire:origin|61:heatwave:alternative|98:funding_collapse,0.004811035765657875,0.0773779862376902,0.0704352690984076,0.009040000152141707,3.1333797706829465e-05,0.0006091596513834276,6.786897014167669e-05,2ae94740bd1372f4
equal_active_categories,"{""biobank"": 0.14285714285714288, ""engagement"": 0.14285714285714288, ""ex_situ"": 0.14285714285714288, ""genetics"": 0.14285714285714288, ""habitat"": 0.14285714285714288, ""rescue"": 0.14285714285714288, ""survey"": 0.14285714285714288}",7,S3,rule,False,840700,0.375,0.375,3,3,122,0,1,0.3333333333333333,1.0,18.0,103.66708284457522,0.5665605324700922,2.184473776247684,0.0,1.0,12,86,12,11135.273029721237,11135.273029721237,3711.7576765737454,1.5,0.33830248337325025,0.2652919610116945,0.0005840524436030054,24.5,9.799999999999999,0.20433487455946325,2,22:wildfire:origin|25:funding_collapse|25:wildfire:origin|48:funding_collapse|72:funding_collapse|93:heatwave:alternative|96:funding_collapse,0.003949939279999986,0.0757990627698002,0.06123005263077369,0.011350528014145647,9.344839097648086e-05,0.0006874184523359371,6.628166676517389e-05,2ae94740bd1372f4
equal_active_categories,"{""biobank"": 0.14285714285714288, ""engagement"": 0.14285714285714288, ""ex_situ"": 0.14285714285714288, ""genetics"": 0.14285714285714288, ""habitat"": 0.14285714285714288, ""rescue"": 0.14285714285714288, ""survey"": 0.14285714285714288}",8,S3,rule,False,840800,0.5,0.375,4,3,286,0,2,0.6666666666666666,1.0,21.5,135.07842413686305,0.5803999999046247,2.7852446761044476,0.10992594504858688,0.8900740549514131,17,111,17,11186.724168424378,11186.724168424378,3728.9080561414594,1.5,0.3531292444608795,0.2755301665027286,0.00011080586080586082,32.0,12.799999999999995,0.21807397647798085,1,1:funding_collapse|61:heatwave:origin|65:flood:reserve|95:flood:semiwild,0.006240090902872462,0.0780832040544146,0.06069619202134955,0.009403500265187771,1.772893772893773e-05,0.0007545905085718558,9.619786526699618e-05,2ae94740bd1372f4
equal_active_categories,"{""biobank"": 0.14285714285714288, ""engagement"": 0.14285714285714288, ""ex_situ"": 0.14285714285714288, ""genetics"": 0.14285714285714288, ""habitat"": 0.14285714285714288, ""rescue"": 0.14285714285714288, ""survey"": 0.14285714285714288}",9,S3,rule,False,840900,0.375,0.125,3,1,143,0,2,0.6666666666666666,1.0,45.0,114.34580564807162,0.6127103136204214,4.264650677789364,0.0009322356790177339,0.9990677643209823,11,114,11,11220.055560894392,11220.055560894392,11220.055560894392,1.5,0.4403104762820009,0.16890648695330557,0.00027391058247576905,31.25,12.499999999999998,0.1298946627360592,1,15:funding_collapse|87:wildfire:semiwild,0.0063505573292287265,0.07532125047049781,0.033216852729225345,0.00990309251389241,4.3825693196123056e-05,0.0006704299246254433,9.338768289269463e-05,2ae94740bd1372f4
equal_active_categories,"{""biobank"": 0.14285714285714288, ""engagement"": 0.14285714285714288, ""ex_situ"": 0.14285714285714288, ""genetics"": 0.14285714285714288, ""habitat"": 0.14285714285714288, ""rescue"": 0.14285714285714288, ""survey"": 0.14285714285714288}",10,S3,rule,False,841000,0.25,0.25,2,2,196,0,1,0.3333333333333333,1.0,19.0,124.73476272869155,0.6073343051122805,2.5019395954558057,0.13354730165104686,0.8664526983489531,16,95,16,11166.567822870518,11166.567822870518,5583.283911435259,1.5,0.2691279200144435,0.19322118105187291,4.761904761904762e-05,27.75,11.099999999999998,0.14394496547935243,2,10:funding_collapse|13:funding_collapse|19:wildfire:semiwild|80:heatwave:alternative|83:flood:semiwild|99:flood:reserve,0.006992742068828817,0.0747469495618015,0.04669155225300567,0.010076184277693285,7.61904761904762e-06,0.0007217895334566687,8.844472571799112e-05,2ae94740bd1372f4
equal_active_categories,"{""biobank"": 0.14285714285714288, ""engagement"": 0.14285714285714288, ""ex_situ"": 0.14285714285714288, ""genetics"": 0.14285714285714288, ""habitat"": 0.14285714285714288, ""rescue"": 0.14285714285714288, ""survey"": 0.14285714285714288}",11,S3,rule,False,841100,0.5,0.25,4,2,185,0,2,0.6666666666666666,1.0,22.5,149.14035172673084,0.6018882590539958,3.8181362319914283,0.00561307582498596,0.9943869241750141,2,132,2,11151.473205740005,11151.473205740005,5575.736602870003,1.5,0.17954426257777856,0.20227285583627377,0.0006668950531028897,33.5,13.399999999999999,0.16818533629290808,1,16:wildfire:reserve|40:funding_collapse|57:flood:alternative|68:funding_collapse|75:heatwave:alternative|77:flood:origin|82:heatwave:origin,0.006974861363875781,0.07771378312368302,0.04813312141453166,0.0095012176792134,0.00010670320849646236,0.0007934068211420786,9.526731565736977e-05,2ae94740bd1372f4
habitat_priority,"{""biobank"": 0.04166666666666667, ""engagement"": 0.09166666666666667, ""ex_situ"": 0.15, ""genetics"": 0.06666666666666667, ""habitat"": 0.4, ""rescue"": 0.16666666666666669, ""survey"": 0.08333333333333334}",0,S3,rule,False,840000,0.625,0.375,5,3,240,0,2,0.6666666666666666,1.0,34.0,206.33482692043472,0.656673041847842,2.7203278958302826,0.004073939963239687,0.9959260600367603,25,124,25,11235.42096410591,11235.42096410591,3745.1403213686367,1.5,0.6402996016119754,0.27285833951705424,0.00018456140350877194,37.25,14.899999999999991,0.06437550198776938,1,49:wildfire:semiwild|52:heatwave:reserve|59:heatwave:origin,0.010060130372140447,0.07445402855068012,0.02604906363200109,0.005003799975533206,2.952982456140351e-05,0.0008377798161589481,9.066263944117402e-05,5f657e7efb88f721
habitat_priority,"{""biobank"": 0.04166666666666667, ""engagement"": 0.09166666666666667, ""ex_situ"": 0.15, ""genetics"": 0.06666666666666667, ""habitat"": 0.4, ""rescue"": 0.16666666666666669, ""survey"": 0.08333333333333334}",1,S3,rule,False,840100,0.375,0.25,3,2,139,0,2,0.6666666666666666,1.0,28.5,119.47190169414361,0.5909489085036084,3.586097701260849,0.0,1.0,6,105,6,11202.75788597225,11202.75788597225,5601.378942986125,1.5,0.39998441219250896,0.1981217785744948,0.00012947546531302877,27.75,11.100000000000001,0.04881180171317714,1,4:funding_collapse|20:flood:origin|21:wildfire:semiwild|24:funding_collapse|41:flood:reserve|64:wildfire:alternative|65:heatwave:reserve|84:heatwave:reserve,0.004817491310837455,0.07703781082533734,0.04213780998310934,0.010187971880905438,2.0716074450084603e-05,0.0007045896334408911,8.976594126515366e-05,5f657e7efb88f721
habitat_priority,"{""biobank"": 0.04166666666666667, ""engagement"": 0.09166666666666667, ""ex_situ"": 0.15, ""genetics"": 0.06666666666666667, ""habitat"": 0.4, ""rescue"": 0.16666666666666669, ""survey"": 0.08333333333333334}",2,S3,rule,False,840200,0.5,0.25,4,2,308,0,2,0.6666666666666666,1.0,24.0,192.0455787168043,0.6298458262676292,2.998674595776818,0.05029266444131295,0.949707335558687,27,124,27,11225.666069072182,11225.666069072182,5612.833034536091,1.5,0.5515903722103849,0.20833754087947665,0.0006294711488238943,37.75,15.099999999999993,0.05345878850334991,1,40:wildfire:reserve|50:wildfire:origin|55:heatwave:reserve|88:wildfire:semiwild|94:wildfire:origin,0.008755523202428714,0.07223774338226391,0.04197681480185334,0.007604830408677352,0.00010071538381182309,0.0008193068403400548,9.879487113849332e-05,5f657e7efb88f721
habitat_priority,"{""biobank"": 0.04166666666666667, ""engagement"": 0.09166666666666667, ""ex_situ"": 0.15, ""genetics"": 0.06666666666666667, ""habitat"": 0.4, ""rescue"": 0.16666666666666669, ""survey"": 0.08333333333333334}",3,S3,rule,False,840300,0.625,0.375,5,3,287,0,1,0.3333333333333333,1.0,24.0,178.85902496749068,0.5945647705378485,3.4120910139025895,0.002616738823579568,0.9973832611764204,19,137,19,11167.813965281723,11167.813965281723,3722.6046550939077,1.5,0.39143008906020205,0.25618695806087904,0.0004250537622826751,39.0,15.59999999999999,0.07086519507916463,2,38:funding_collapse|38:wildfire:reserve|40:wildfire:origin|63:heatwave:alternative|79:wildfire:reserve|80:funding_collapse|84:wildfire:origin|95:flood:alternative,0.007420285734512172,0.07333111244920845,0.06899772850925175,0.007677100074278167,6.800860196522802e-05,0.0006606464903751911,7.976388459205513e-05,5f657e7efb88f721
habitat_priority,"{""biobank"": 0.04166666666666667, ""engagement"": 0.09166666666666667, ""ex_situ"": 0.15, ""genetics"": 0.06666666666666667, ""habitat"": 0.4, ""rescue"": 0.16666666666666669, ""survey"": 0.08333333333333334}",4,S3,rule,False,840400,0.5,0.375,4,3,304,0,1,0.3333333333333333,1.0,18.0,245.13717891971294,0.6738325313106618,2.9044214525312455,0.002132584610674278,0.9978674153893258,25,198,25,11172.643946023412,11172.64394602341,3724.214648674471,1.5,0.4560408824710163,0.2566553556923905,0.00032976075524854026,55.75,22.299999999999997,0.0662852645998819,2,3:heatwave:semiwild|12:heatwave:reserve|13:heatwave:reserve|31:flood:reserve|45:wildfire:reserve|88:wildfire:origin,0.01159162289263572,0.07355176288657589,0.026364972837949266,0.002915242042094582,5.2761720839766436e-05,0.0008109729331839126,8.692416372728384e-05,5f657e7efb88f721
habitat_priority,"{""biobank"": 0.04166666666666667, ""engagement"": 0.09166666666666667, ""ex_situ"": 0.15, ""genetics"": 0.06666666666666667, ""habitat"": 0.4, ""rescue"": 0.16666666666666669, ""survey"": 0.08333333333333334}",5,S3,rule,False,840500,0.5,0.375,4,3,405,0,1,0.3333333333333333,1.0,16.0,216.31048462868424,0.6501513843173786,3.9841480292068803,0.030580779963361147,0.9694192200366388,37,190,37,11202.70535459614,11202.70535459614,3734.2351181987137,1.5,0.5429440645322443,0.2760103067111875,4.9627791563275434e-05,56.75,22.7,0.06562209982947112,2,1:funding_collapse|46:wildfire:reserve|49:flood:reserve|67:flood:origin|91:wildfire:origin,0.010414363388097123,0.0728093083692116,0.039240093767027445,0.004224181685600718,7.940446650124069e-06,0.0006404380073929617,9.586373991846958e-05,5f657e7efb88f721
habitat_priority,"{""biobank"": 0.04166666666666667, ""engagement"": 0.09166666666666667, ""ex_situ"": 0.15, ""genetics"": 0.06666666666666667, ""habitat"": 0.4, ""rescue"": 0.16666666666666669, ""survey"": 0.08333333333333334}",6,S3,rule,False,840600,0.375,0.375,3,3,322,0,2,0.6666666666666666,1.0,20.0,175.071989076523,0.5749589946782905,3.6621845911130735,0.00571942675592748,0.9942805732440725,3,144,3,11208.440009273161,11208.440009273161,3736.1466697577202,1.5,0.5611390261618769,0.27329066400429824,0.0001607193862676338,36.75,14.699999999999998,0.0590245773848991,1,27:heatwave:origin|31:wildfire:reserve|32:flood:alternative|52:flood:semiwild|58:wildfire:origin|61:heatwave:alternative|98:funding_collapse,0.005923061929836627,0.07492111362636455,0.06991798143244567,0.010183185702166668,2.571510180282141e-05,0.0007354091890740211,8.740267806683769e-05,5f657e7efb88f721
habitat_priority,"{""biobank"": 0.04166666666666667, ""engagement"": 0.09166666666666667, ""ex_situ"": 0.15, ""genetics"": 0.06666666666666667, ""habitat"": 0.4, ""rescue"": 0.16666666666666669, ""survey"": 0.08333333333333334}",7,S3,rule,False,840700,0.375,0.375,3,3,255,0,2,0.6666666666666666,1.0,14.0,142.29749098505133,0.5393251257681194,3.745444179985876,0.0005581036895951964,0.9994418963104048,11,100,11,11141.051881546815,11141.051881546813,3713.683960515605,1.5,0.5923439285780273,0.277475330051408,0.00036142409946893596,27.75,11.099999999999996,0.06018247696873258,1,22:wildfire:origin|25:funding_collapse|25:wildfire:origin|48:funding_collapse|72:funding_collapse|93:heatwave:alternative|96:funding_collapse,0.004466019240805774,0.07760398122541648,0.094213869884267,0.009524326161171048,5.7827855915029756e-05,0.0006979006071397276,6.575991036511827e-05,5f657e7efb88f721
habitat_priority,"{""biobank"": 0.04166666666666667, ""engagement"": 0.09166666666666667, ""ex_situ"": 0.15, ""genetics"": 0.06666666666666667, ""habitat"": 0.4, ""rescue"": 0.16666666666666669, ""survey"": 0.08333333333333334}",8,S3,rule,False,840800,0.375,0.25,3,2,176,0,1,0.3333333333333333,1.0,24.0,168.9944249522784,0.6672938730396472,1.8412802090137166,0.08116789749823923,0.9188321025017607,26,129,26,11190.765950992201,11190.765950992201,5595.382975496101,1.5,0.6275021634783656,0.2048055595452699,0.00018123082272516826,38.75,15.499999999999995,0.05571270553648092,2,1:funding_collapse|61:heatwave:origin|65:flood:reserve|95:flood:semiwild,0.010040493580208192,0.07230954922845557,0.01998070865682867,0.005259533957486172,2.8996931636026918e-05,0.0006359274229753856,8.680190276349585e-05,5f657e7efb88f721
habitat_priority,"{""biobank"": 0.04166666666666667, ""engagement"": 0.09166666666666667, ""ex_situ"": 0.15, ""genetics"": 0.06666666666666667, ""habitat"": 0.4, ""rescue"": 0.16666666666666669, ""survey"": 0.08333333333333334}",9,S3,rule,False,840900,0.5,0.375,4,3,116,0,1,0.3333333333333333,1.0,35.0,199.46816308360155,0.6898563696634652,2.584246718494636,0.00045069722876982574,0.9995493027712302,27,152,27,11205.021672801844,11205.021672801844,3735.0072242672813,1.5,0.7735871868139101,0.28504763998530747,0.00023895617362417916,44.75,17.899999999999995,0.06548227059485036,2,15:funding_collapse|87:wildfire:semiwild,0.012131274234734224,0.07390890269109668,0.010402684633045233,0.006547146187484996,3.823298777986866e-05,0.0012431683858960174,0.00011314562643354522,5f657e7efb88f721
habitat_priority,"{""biobank"": 0.04166666666666667, ""engagement"": 0.09166666666666667, ""ex_situ"": 0.15, ""genetics"": 0.06666666666666667, ""habitat"": 0.4, ""rescue"": 0.16666666666666669, ""survey"": 0.08333333333333334}",10,S3,rule,False,841000,0.5,0.375,4,3,199,0,1,0.3333333333333333,1.0,30.0,199.97646759810337,0.6964303201654474,2.730130409690542,0.014117201701507176,0.9858827982984928,28,169,28,11166.093672514748,11166.093672514746,3722.0312241715824,1.5,0.6631899578579675,0.27446623327263797,0.00011362324671213171,49.25,19.699999999999992,0.060479666949678705,2,10:funding_collapse|13:funding_collapse|19:wildfire:semiwild|80:heatwave:alternative|83:flood:semiwild|99:flood:reserve,0.012945744112116258,0.0737760824144622,0.013572438800390838,0.002646431674483121,1.8179719473941074e-05,0.0008056325585829107,0.00011180517917506788,5f657e7efb88f721
habitat_priority,"{""biobank"": 0.04166666666666667, ""engagement"": 0.09166666666666667, ""ex_situ"": 0.15, ""genetics"": 0.06666666666666667, ""habitat"": 0.4, ""rescue"": 0.16666666666666669, ""survey"": 0.08333333333333334}",11,S3,rule,False,841100,0.625,0.375,5,3,284,0,2,0.6666666666666666,1.0,31.0,239.02609260183698,0.6856376459468108,3.73973605492834,0.01037960594536376,0.9896203940546362,27,124,27,11155.534541452173,11155.534541452173,3718.511513817391,1.5,0.5072788881570328,0.2696338522192737,0.0003249098565113236,37.75,15.09999999999999,0.06379301427143533,1,16:wildfire:reserve|40:funding_collapse|57:flood:alternative|68:funding_collapse|75:heatwave:alternative|77:flood:origin|82:heatwave:origin,0.012108306029132687,0.07378393777708568,0.018047894963194814,0.0033141417609998626,5.1985577041811765e-05,0.0007744770707896558,7.719520872130955e-05,5f657e7efb88f721
movement_cautious,"{""biobank"": 0.05, ""engagement"": 0.11, ""ex_situ"": 0.18, ""genetics"": 0.08, ""habitat"": 0.34, ""rescue"": 0.1, ""survey"": 0.14}",0,S3,rule,False,840000,0.625,0.375,5,3,119,0,2,0.6666666666666666,1.0,22.0,163.56326906696782,0.6688626219285552,2.0909090909090913,0.08610196404975345,0.9138980359502465,14,104,14,11227.369605738388,11227.369605738388,3742.456535246129,1.5,0.5604152512850825,0.2620316797993217,0.00022708113531516995,29.5,11.799999999999999,0.08165531880861251,1,49:wildfire:semiwild|52:heatwave:reserve|59:heatwave:origin,0.010076633056522248,0.07756235621649445,0.013029429803432337,0.005147202647326249,3.633298165042719e-05,0.0006568927166367794,8.609416372907822e-05,db5ec8b4df395892
movement_cautious,"{""biobank"": 0.05, ""engagement"": 0.11, ""ex_situ"": 0.18, ""genetics"": 0.08, ""habitat"": 0.34, ""rescue"": 0.1, ""survey"": 0.14}",1,S3,rule,False,840100,0.375,0.25,3,2,219,0,1,0.3333333333333333,1.0,34.0,111.30695727516415,0.5745680522226456,1.9509859340993234,0.06600873813329186,0.9339912618667081,3,88,3,11204.730322952271,11204.73032295227,5602.365161476136,1.5,0.3194050308422935,0.1759976817701483,0.0001325401166838799,22.75,9.100000000000001,0.06023659672462851,2,4:funding_collapse|20:flood:origin|21:wildfire:semiwild|24:funding_collapse|41:flood:reserve|64:wildfire:alternative|65:heatwave:reserve|84:heatwave:reserve,0.005013885560635859,0.07634066183763816,0.061416473485113254,0.011996556380435397,2.1206418669420784e-05,0.0007239447596728014,9.703614309800905e-05,db5ec8b4df395892
movement_cautious,"{""biobank"": 0.05, ""engagement"": 0.11, ""ex_situ"": 0.18, ""genetics"": 0.08, ""habitat"": 0.34, ""rescue"": 0.1, ""survey"": 0.14}",2,S3,rule,False,840200,0.5,0.375,4,3,274,0,0,0.0,0.0,,166.249713147872,0.6312003849110751,2.5324516066414176,0.0985178686416469,0.9014821313583531,15,91,15,11227.861335289623,11227.861335289623,3742.620445096541,1.5,0.5056161446789744,0.25985345830962914,0.000848685860101018,26.5,10.600000000000001,0.07608663887658743,3,40:wildfire:reserve|50:wildfire:origin|55:heatwave:reserve|88:wildfire:semiwild|94:wildfire:origin,0.00859910330815249,0.0755141964136873,0.03927089618547883,0.006410447565455461,0.00013578973761616288,0.0007401815674890454,8.567749103182138e-05,db5ec8b4df395892
movement_cautious,"{""biobank"": 0.05, ""engagement"": 0.11, ""ex_situ"": 0.18, ""genetics"": 0.08, ""habitat"": 0.34, ""rescue"": 0.1, ""survey"": 0.14}",3,S3,rule,False,840300,0.5,0.125,4,1,103,0,0,0.0,0.0,,141.84393529598137,0.6288590975431028,2.9842475386779186,0.0,1.0,12,99,12,11161.999167196505,11161.999167196507,11161.999167196505,1.5,0.3107845847482965,0.12909079989439587,0.0005066581025883864,27.75,11.100000000000001,0.059599330163935024,3,38:funding_collapse|38:wildfire:reserve|40:wildfire:origin|63:heatwave:alternative|79:wildfire:reserve|80:funding_collapse|84:wildfire:origin|95:flood:alternative,0.00777690853382252,0.07662128958366027,0.02634082499104802,0.009006857953036853,8.10652964141418e-05,0.0007869811835890581,0.00010061601501670595,db5ec8b4df395892
movement_cautious,"{""biobank"": 0.05, ""engagement"": 0.11, ""ex_situ"": 0.18, ""genetics"": 0.08, ""habitat"": 0.34, ""rescue"": 0.1, ""survey"": 0.14}",4,S3,rule,False,840400,0.5,0.375,4,3,232,0,1,0.3333333333333333,1.0,13.0,203.766217717601,0.6521704169699696,2.74303362516689,0.004184278714574382,0.9958157212854256,19,97,19,11143.44010669595,11143.44010669595,3714.480035565317,1.5,0.40011073863568813,0.2513892292300616,0.0003001050310885914,29.0,11.600000000000003,0.07598909557411927,2,3:heatwave:semiwild|12:heatwave:reserve|13:heatwave:reserve|31:flood:reserve|45:wildfire:reserve|88:wildfire:origin,0.00976072289807111,0.0762701623148578,0.028838632898667556,0.003729754321209662,4.8016804974174634e-05,0.0007289482038891476,5.223235085319513e-05,db5ec8b4df395892
movement_cautious,"{""biobank"": 0.05, ""engagement"": 0.11, ""ex_situ"": 0.18, ""genetics"": 0.08, ""habitat"": 0.34, ""rescue"": 0.1, ""survey"": 0.14}",5,S3,rule,False,840500,0.625,0.375,5,3,293,0,1,0.3333333333333333,1.0,18.0,194.42139173454711,0.6313455178094056,3.3620767633776123,0.004926641376426655,0.9950733586235734,13,141,13,11201.453050103068,11201.453050103068,3733.8176833676894,1.5,0.49698387737067806,0.2689533017623722,0.00010064819972654074,38.5,15.400000000000004,0.08442073195764123,2,1:funding_collapse|46:wildfire:reserve|49:flood:reserve|67:flood:origin|91:wildfire:origin,0.010004400588685321,0.07533393911220157,0.05415095286880871,0.004478376465043103,1.610371195624652e-05,0.000712080296248321,7.445848572678503e-05,db5ec8b4df395892
movement_cautious,"{""biobank"": 0.05, ""engagement"": 0.11, ""ex_situ"": 0.18, ""genetics"": 0.08, ""habitat"": 0.34, ""rescue"": 0.1, ""survey"": 0.14}",6,S3,rule,False,840600,0.5,0.5,4,4,202,0,1,0.3333333333333333,1.0,27.0,143.13773923982055,0.5515004535683325,2.610038468713363,0.003909952566684236,0.9960900474333158,3,98,3,11222.759214943972,11222.75921494397,2805.689803735993,1.5,0.4810224816864796,0.3169741645974741,0.0001777908084532028,25.25,10.100000000000001,0.08885765870846249,2,27:heatwave:origin|31:wildfire:reserve|32:flood:alternative|52:flood:semiwild|58:wildfire:origin|61:heatwave:alternative|98:funding_collapse,0.005630482128603569,0.07732807607536345,0.09405677722955831,0.009200897427049349,2.8446529352512455e-05,0.0006382220008095886,6.897233355546945e-05,db5ec8b4df395892
movement_cautious,"{""biobank"": 0.05, ""engagement"": 0.11, ""ex_situ"": 0.18, ""genetics"": 0.08, ""habitat"": 0.34, ""rescue"": 0.1, ""survey"": 0.14}",7,S3,rule,False,840700,0.5,0.25,4,2,119,0,1,0.3333333333333333,1.0,22.0,104.27957796567377,0.576416264041069,1.9783032704300918,0.0036581654911459136,0.996341834508854,7,70,7,11139.37536623291,11139.37536623291,5569.687683116455,1.5,0.5895199525780273,0.20473304450327898,5.518511752527098e-05,19.25,7.700000000000002,0.06749008270587659,2,22:wildfire:origin|25:funding_collapse|25:wildfire:origin|48:funding_collapse|72:funding_collapse|93:heatwave:alternative|96:funding_collapse,0.004300983244763263,0.07593278382480657,0.05375418979518134,0.014504196293427932,8.829618804043356e-06,0.000847399590837329,4.858831470018764e-05,db5ec8b4df395892
movement_cautious,"{""biobank"": 0.05, ""engagement"": 0.11, ""ex_situ"": 0.18, ""genetics"": 0.08, ""habitat"": 0.34, ""rescue"": 0.1, ""survey"": 0.14}",8,S3,rule,False,840800,0.375,0.375,3,3,191,0,1,0.3333333333333333,1.0,14.0,162.65476442458575,0.6529849975211118,1.9144270191040793,0.08058027536975318,0.9194197246302468,22,94,22,11203.380122453013,11203.38012245301,3734.4600408176707,1.5,0.5903486949900242,0.2620685393348935,0.00013898411145641065,29.0,11.600000000000005,0.07569699822425144,2,1:funding_collapse|61:heatwave:origin|65:flood:reserve|95:flood:semiwild,0.009789513109241964,0.07597813813256461,0.031096476322015194,0.004268714575664044,2.22374578330257e-05,0.0005437119513114358,7.381384840319052e-05,db5ec8b4df395892
movement_cautious,"{""biobank"": 0.05, ""engagement"": 0.11, ""ex_situ"": 0.18, ""genetics"": 0.08, ""habitat"": 0.34, ""rescue"": 0.1, ""survey"": 0.14}",9,S3,rule,False,840900,0.5,0.375,4,3,365,0,1,0.3333333333333333,1.0,26.0,183.14594060801375,0.650197062875663,2.522870302479239,0.008934067900880477,0.9910659320991195,12,118,12,11195.317343499268,11195.317343499268,3731.7724478330892,1.5,0.7330511404740517,0.28178164631825275,0.00019091431242903895,32.5,13.000000000000004,0.072489146230276,2,15:funding_collapse|87:wildfire:semiwild,0.010340404825041748,0.07535967413548571,0.036847960697215305,0.004102951676655284,3.054628998864623e-05,0.0006894961457848225,7.477120235138887e-05,db5ec8b4df395892
movement_cautious,"{""biobank"": 0.05, ""engagement"": 0.11, ""ex_situ"": 0.18, ""genetics"": 0.08, ""habitat"": 0.34, ""rescue"": 0.1, ""survey"": 0.14}",10,S3,rule,False,841000,0.375,0.375,3,3,277,0,1,0.3333333333333333,1.0,29.0,170.80650507913109,0.6512341416432688,2.6441317682177607,0.030978307579810693,0.9690216924201893,16,104,16,11165.996626734635,11165.996626734635,3721.998875578212,1.5,0.5911197816459722,0.26806877807771673,7.148975047107862e-05,30.0,12.0,0.0688274111547095,2,10:funding_collapse|13:funding_collapse|19:wildfire:semiwild|80:heatwave:alternative|83:flood:semiwild|99:flood:reserve,0.010413884131678095,0.07513448642703788,0.03775765024245088,0.004228698499076814,1.143836007537258e-05,0.0006762694731630247,7.236219294942615e-05,db5ec8b4df395892
movement_cautious,"{""biobank"": 0.05, ""engagement"": 0.11, ""ex_situ"": 0.18, ""genetics"": 0.08, ""habitat"": 0.34, ""rescue"": 0.1, ""survey"": 0.14}",11,S3,rule,False,841100,0.625,0.375,5,3,338,0,2,0.6666666666666666,1.0,26.5,181.51309187441038,0.6578655202637114,3.4529154980638226,0.00028855074706128257,0.9997114492529388,15,105,15,11137.767943175151,11137.767943175151,3712.589314391717,1.5,0.4262341622488752,0.26112888714494364,0.00017948717948717947,30.0,12.000000000000005,0.0761315796970894,1,16:wildfire:reserve|40:funding_collapse|57:flood:alternative|68:funding_collapse|75:heatwave:alternative|77:flood:origin|82:heatwave:origin,0.01096166851888314,0.07565150804172684,0.033812412505594115,0.004140798996299865,2.871794871794872e-05,0.0006662955569432588,8.454194088219232e-05,db5ec8b4df395892
fixed_archetype,"{""biobank"": 0.07000000000000002, ""engagement"": 0.11000000000000001, ""ex_situ"": 0.18000000000000002, ""genetics"": 0.10000000000000002, ""habitat"": 0.22000000000000003, ""rescue"": 0.20000000000000004, ""survey"": 0.12000000000000001}",0,S4,state_dependent_rule,False,850000,0.625,0.5,5,4,468,453,1,0.3333333333333333,1.0,12.0,196.063254837498,0.5144575874364833,2.9895851915188754,0.002167957854464715,0.9978320421455353,224,0,0,11208.200739942742,11208.200739942742,2802.0501849856855,1.5,0.4784940776029698,0.3304503677523862,0.0005808605836314855,133.5,53.39999999999999,0.138525540384502,2,1:wildfire:origin|9:funding_collapse|16:funding_collapse|29:heatwave:alternative|76:funding_collapse|78:heatwave:origin|86:heatwave:semiwild,0.011929997412823745,0.0690090652992349,0.18965712327551784,0.01945306375321345,9.29376933810377e-05,0.0008474087118051131,0.00020462672689218434,d56d770bd0028f71
fixed_archetype,"{""biobank"": 0.07000000000000002, ""engagement"": 0.11000000000000001, ""ex_situ"": 0.18000000000000002, ""genetics"": 0.10000000000000002, ""habitat"": 0.22000000000000003, ""rescue"": 0.20000000000000004, ""survey"": 0.12000000000000001}",1,S4,state_dependent_rule,False,850100,0.625,0.5,5,4,512,511,1,0.3333333333333333,1.0,12.0,223.15330575842333,0.567906710512222,3.6214978087407355,0.0019528439758774675,0.9980471560241225,247,0,0,11244.637987308106,11244.637987308106,2811.1594968270265,1.5,0.5448251095316016,0.3433600507555399,0.0003211104789816855,136.25,54.499999999999986,0.13831280857486192,2,25:flood:origin|43:flood:origin|48:flood:semiwild,0.012803131670184788,0.06703412062642915,0.14289400372262726,0.019316307457953888,5.137767663706968e-05,0.0009735829793866425,0.00017038589065711948,d56d770bd0028f71
fixed_archetype,"{""biobank"": 0.07000000000000002, ""engagement"": 0.11000000000000001, ""ex_situ"": 0.18000000000000002, ""genetics"": 0.10000000000000002, ""habitat"": 0.22000000000000003, ""rescue"": 0.20000000000000004, ""survey"": 0.12000000000000001}",2,S4,state_dependent_rule,False,850200,0.25,0.25,2,2,317,0,1,0.3333333333333333,1.0,11.0,146.84710714016626,0.599909291584646,2.983467632118335,0.002662920603688787,0.9973370793963112,101,0,0,11138.151168979632,11138.151168979632,5569.075584489816,1.5,0.18440951452414256,0.1767279842289854,0.001120826303120794,159.5,63.799999999999976,0.07976178227693898,2,11:wildfire:alternative|16:flood:reserve|30:heatwave:alternative|51:heatwave:origin|92:flood:alternative,0.007332289197317607,0.07518603652053238,0.056146374521159254,0.009158774301812946,0.000179332208499327,0.0008531844261003535,0.0003747901576415497,d56d770bd0028f71
fixed_archetype,"{""biobank"": 0.07000000000000002, ""engagement"": 0.11000000000000001, ""ex_situ"": 0.18000000000000002, ""genetics"": 0.10000000000000002, ""habitat"": 0.22000000000000003, ""rescue"": 0.20000000000000004, ""survey"": 0.12000000000000001}",3,S4,state_dependent_rule,False,850300,0.625,0.25,5,2,186,0,0,0.0,0.0,,143.4264697587823,0.6302915604698116,2.7047883901846417,0.005381069374599387,0.9946189306254006,136,0,0,11153.0168203411,11153.0168203411,5576.50841017055,1.5,0.12224566509773205,0.17567520234973444,0.0009580739213096629,165.0,65.99999999999997,0.11951375969057407,3,2:wildfire:semiwild|10:heatwave:alternative|37:wildfire:alternative|40:flood:reserve|70:wildfire:reserve|74:funding_collapse|100:wildfire:alternative,0.008653884154481673,0.0809391177871851,0.03674481195205782,0.005404435218717795,0.00015329182740954608,0.0007374616228891208,0.00048475697028400807,d56d770bd0028f71
fixed_archetype,"{""biobank"": 0.07000000000000002, ""engagement"": 0.11000000000000001, ""ex_situ"": 0.18000000000000002, ""genetics"": 0.10000000000000002, ""habitat"": 0.22000000000000003, ""rescue"": 0.20000000000000004, ""survey"": 0.12000000000000001}",4,S4,state_dependent_rule,False,850400,0.625,0.5,5,4,613,608,0,0.0,0.0,,222.96658130653873,0.6029959091924074,3.9992083884279013,0.0015665027970749091,0.9984334972029251,239,0,0,11207.829118767357,11207.829118767357,2801.957279691839,1.5,0.5438533554021259,0.34677597987537495,0.0004400589569526396,145.0,57.99999999999997,0.13699280225441662,3,35:funding_collapse,0.013214181406213854,0.06862064231013487,0.11106054811662194,0.015659320764369274,7.040943311242235e-05,0.0009462797255777751,0.00019862672222619801,d56d770bd0028f71
fixed_archetype,"{""biobank"": 0.07000000000000002, ""engagement"": 0.11000000000000001, ""ex_situ"": 0.18000000000000002, ""genetics"": 0.10000000000000002, ""habitat"": 0.22000000000000003, ""rescue"": 0.20000000000000004, ""survey"": 0.12000000000000001}",5,S4,state_dependent_rule,False,850500,0.25,0.125,2,1,371,189,1,0.3333333333333333,1.0,16.0,127.95458631466683,0.5748438586912191,5.234891415966227,0.00016216196570718213,0.9998378380342928,135,0,0,11206.117355512097,11206.117355512097,11206.117355512097,1.5,0.3779643249806266,0.16066815605883236,0.0005033180813593727,163.5,65.39999999999996,0.07136404700553713,2,1:funding_collapse|5:flood:origin|17:wildfire:semiwild|18:wildfire:reserve|25:wildfire:semiwild|66:wildfire:reserve|91:funding_collapse|97:funding_collapse,0.005524076396661001,0.0764971604335334,0.05344089937029043,0.014605144555497602,8.053089301749962e-05,0.0008502949832167557,0.00041844601048575083,d56d770bd0028f71
fixed_archetype,"{""biobank"": 0.07000000000000002, ""engagement"": 0.11000000000000001, ""ex_situ"": 0.18000000000000002, ""genetics"": 0.10000000000000002, ""habitat"": 0.22000000000000003, ""rescue"": 0.20000000000000004, ""survey"": 0.12000000000000001}",6,S4,state_dependent_rule,False,850600,0.25,0.125,2,1,87,0,2,0.6666666666666666,1.0,17.0,64.29112682598112,0.6007696016233103,2.8127090301003346,0.004636480201047542,0.9953635197989524,114,0,0,11190.631064808847,11190.631064808847,11190.631064808847,1.5,0.2464497152542154,0.12105721479025465,0.0017849941975806125,120.0,48.0,0.06017576481914883,1,1:heatwave:alternative|7:heatwave:origin|13:wildfire:alternative|14:flood:origin|43:wildfire:reserve,0.005791620936746836,0.08363303811276498,0.028387148006470846,0.019311095689326162,0.000285599071612898,0.0010445955756297808,0.0007277164289589263,d56d770bd0028f71
fixed_archetype,"{""biobank"": 0.07000000000000002, ""engagement"": 0.11000000000000001, ""ex_situ"": 0.18000000000000002, ""genetics"": 0.10000000000000002, ""habitat"": 0.22000000000000003, ""rescue"": 0.20000000000000004, ""survey"": 0.12000000000000001}",7,S4,state_dependent_rule,False,850700,0.25,0.125,2,1,183,0,1,0.3333333333333333,1.0,17.0,94.85512500453126,0.5891831157770487,3.595169082125604,0.0025278722262848424,0.9974721277737152,55,0,0,11155.491368520712,11155.491368520712,11155.491368520712,1.5,0.12966933699733832,0.11820579890611005,0.0004725084526395983,124.5,49.79999999999996,0.06518587192560091,2,2:wildfire:alternative|18:heatwave:origin|19:flood:reserve|47:flood:reserve|57:funding_collapse|60:wildfire:alternative|98:flood:reserve,0.004373388925627971,0.0761654196522928,0.03425673797349394,0.013795601728013576,7.560135242233572e-05,0.001020498766229929,0.0006320436174461174,d56d770bd0028f71
fixed_archetype,"{""biobank"": 0.07000000000000002, ""engagement"": 0.11000000000000001, ""ex_situ"": 0.18000000000000002, ""genetics"": 0.10000000000000002, ""habitat"": 0.22000000000000003, ""rescue"": 0.20000000000000004, ""survey"": 0.12000000000000001}",8,S4,state_dependent_rule,False,850800,0.75,0.5,6,4,722,639,1,0.3333333333333333,1.0,24.0,244.49842472985372,0.6005095532852481,3.7054567605320523,0.01126936725287798,0.988730632747122,265,0,0,11209.201238101547,11209.201238101548,2802.3003095253866,1.5,0.5438895793525483,0.34497741667171417,0.00011276726553446484,163.5,65.39999999999996,0.14266945565569386,2,10:funding_collapse|57:flood:semiwild,0.013237240708307552,0.06813586505433467,0.11453386092184478,0.014826173381281636,1.804276248551437e-05,0.0008904748475125352,0.000199307598028659,d56d770bd0028f71
fixed_archetype,"{""biobank"": 0.07000000000000002, ""engagement"": 0.11000000000000001, ""ex_situ"": 0.18000000000000002, ""genetics"": 0.10000000000000002, ""habitat"": 0.22000000000000003, ""rescue"": 0.20000000000000004, ""survey"": 0.12000000000000001}",9,S4,state_dependent_rule,False,850900,0.375,0.25,3,2,120,0,0,0.0,0.0,,152.70953414563385,0.6415205148814099,2.770711024135682,0.020139922901459432,0.9798600770985406,167,0,0,11158.663361696726,11158.663361696728,5579.331680848363,1.5,0.345240038596893,0.19290311733829496,0.00037033944365911787,173.0,69.2,0.09086001618624415,3,5:funding_collapse|14:wildfire:reserve|55:flood:alternative|58:flood:origin|66:funding_collapse|67:heatwave:semiwild,0.008290915986211338,0.08269889473139144,0.021030909247831738,0.0035230475518455546,5.925431098545886e-05,0.000561211860725177,0.0005361706249128854,d56d770bd0028f71
fixed_archetype,"{""biobank"": 0.07000000000000002, ""engagement"": 0.11000000000000001, ""ex_situ"": 0.18000000000000002, ""genetics"": 0.10000000000000002, ""habitat"": 0.22000000000000003, ""rescue"": 0.20000000000000004, ""survey"": 0.12000000000000001}",10,S4,state_dependent_rule,False,851000,0.625,0.5,5,4,522,469,0,0.0,0.0,,232.31097111267468,0.5806183249184628,3.9272020738760967,0.001551336860253189,0.9984486631397468,215,0,0,11199.288573835805,11199.288573835805,2799.8221434589514,1.5,0.44563549750267467,0.3341485709054093,0.0005380908708369818,138.75,55.5,0.1265650020819042,3,21:funding_collapse|37:wildfire:alternative,0.01299103763506717,0.06909023124417102,0.13153613656336652,0.016429167529933522,8.609453933391709e-05,0.000986596997143524,0.0001803384252616916,d56d770bd0028f71
fixed_archetype,"{""biobank"": 0.07000000000000002, ""engagement"": 0.11000000000000001, ""ex_situ"": 0.18000000000000002, ""genetics"": 0.10000000000000002, ""habitat"": 0.22000000000000003, ""rescue"": 0.20000000000000004, ""survey"": 0.12000000000000001}",11,S4,state_dependent_rule,False,851100,0.25,0.25,2,2,285,0,0,0.0,0.0,,96.30563074675416,0.5735222000554026,2.254811555940121,0.015836952796216854,0.9841630472037831,100,0,0,11175.779489697441,11175.779489697441,5587.8897448487205,1.5,0.39361198030824934,0.190506479198591,0.0005372497763969711,149.5,59.79999999999996,0.08048582804182426,3,6:wildfire:origin|9:wildfire:alternative|11:funding_collapse|21:wildfire:reserve|35:funding_collapse|97:funding_collapse,0.004507548382333611,0.0781454419778642,0.05203334118834119,0.012804742023018149,8.595996422351538e-05,0.000813016128524249,0.0005620923805723394,d56d770bd0028f71
equal_active_categories,"{""biobank"": 0.14285714285714288, ""engagement"": 0.14285714285714288, ""ex_situ"": 0.14285714285714288, ""genetics"": 0.14285714285714288, ""habitat"": 0.14285714285714288, ""rescue"": 0.14285714285714288, ""survey"": 0.14285714285714288}",0,S4,state_dependent_rule,False,850000,0.375,0.25,3,2,244,49,1,0.3333333333333333,1.0,14.0,114.98750104445175,0.5949066006158304,2.4845896261873848,0.06556146178932867,0.9344385382106714,124,0,0,11211.602691013786,11211.602691013786,5605.801345506893,1.5,0.3747964813430033,0.2080563902686467,0.0003759588344863768,112.5,45.00000000000006,0.16615422936236263,2,1:wildfire:origin|9:funding_collapse|16:funding_collapse|29:heatwave:alternative|76:funding_collapse|78:heatwave:origin|86:heatwave:semiwild,0.00995079018565351,0.07969868981542237,0.06832747566783931,0.030071873208094773,6.0153413517820285e-05,0.0012954593534524608,0.000306445554383352,7fac130fe5af9d84
equal_active_categories,"{""biobank"": 0.14285714285714288, ""engagement"": 0.14285714285714288, ""ex_situ"": 0.14285714285714288, ""genetics"": 0.14285714285714288, ""habitat"": 0.14285714285714288, ""rescue"": 0.14285714285714288, ""survey"": 0.14285714285714288}",1,S4,state_dependent_rule,False,850100,0.5,0.25,4,2,260,20,1,0.3333333333333333,1.0,18.0,156.44707628151474,0.6179523181775337,3.8440016072391803,0.0017313838352689746,0.9982686161647311,182,0,0,11238.120290914147,11238.120290914147,5619.060145457073,1.5,0.4406201573680539,0.23787739641114336,0.0009944108082717718,135.0,54.000000000000085,0.21437682300973082,2,25:flood:origin|43:flood:origin|48:flood:semiwild,0.008580922163538271,0.08238780346920262,0.046614436299233335,0.009920851666742184,0.00015910572932348354,0.0006565008773761527,0.0002835783689259688,7fac130fe5af9d84
equal_active_categories,"{""biobank"": 0.14285714285714288, ""engagement"": 0.14285714285714288, ""ex_situ"": 0.14285714285714288, ""genetics"": 0.14285714285714288, ""habitat"": 0.14285714285714288, ""rescue"": 0.14285714285714288, ""survey"": 0.14285714285714288}",2,S4,state_dependent_rule,False,850200,0.5,0.25,4,2,253,0,1,0.3333333333333333,1.0,15.0,124.36325250025146,0.6113884495702147,2.6500181356546966,0.044453947763477795,0.9555460522365222,89,0,0,11160.950616169855,11160.950616169855,5580.475308084928,1.5,0.12143920399797963,0.18671142752174544,0.0006547613150443961,120.0,48.000000000000064,0.17783662882700257,2,11:wildfire:alternative|16:flood:reserve|30:heatwave:alternative|51:heatwave:origin|92:flood:alternative,0.006788256808815995,0.08122555610664277,0.03789193414662224,0.005702379079800151,0.00010476181040710339,0.0006264286450496609,0.0004148826136669386,7fac130fe5af9d84
equal_active_categories,"{""biobank"": 0.14285714285714288, ""engagement"": 0.14285714285714288, ""ex_situ"": 0.14285714285714288, ""genetics"": 0.14285714285714288, ""habitat"": 0.14285714285714288, ""rescue"": 0.14285714285714288, ""survey"": 0.14285714285714288}",3,S4,state_dependent_rule,False,850300,0.375,0.25,3,2,210,0,0,0.0,0.0,,117.44762973282447,0.6143651127254994,2.490879390144296,0.005796082486948754,0.9942039175130513,89,0,0,11153.149687026507,11153.149687026507,5576.574843513254,1.5,0.05000000000000001,0.17861173925060395,0.0006573061361979569,113.75,45.50000000000005,0.18101472674580496,3,2:wildfire:semiwild|10:heatwave:alternative|37:wildfire:alternative|40:flood:reserve|70:wildfire:reserve|74:funding_collapse|100:wildfire:alternative,0.007154911233449689,0.07838850897714915,0.03397541667919888,0.011020386797040897,0.0001051689817916731,0.0008796989823496691,0.0004013451825231841,7fac130fe5af9d84
equal_active_categories,"{""biobank"": 0.14285714285714288, ""engagement"": 0.14285714285714288, ""ex_situ"": 0.14285714285714288, ""genetics"": 0.14285714285714288, ""habitat"": 0.14285714285714288, ""rescue"": 0.14285714285714288, ""survey"": 0.14285714285714288}",4,S4,state_dependent_rule,False,850400,0.5,0.375,4,3,292,50,0,0.0,0.0,,152.67685010107755,0.6572830391297988,2.558968568623359,0.017032519801382737,0.9829674801986172,151,0,0,11189.396331767948,11189.396331767948,3729.7987772559827,1.5,0.43978488949697603,0.28641739643863495,0.0005786836095664415,128.75,51.500000000000064,0.24049610901351876,3,35:funding_collapse,0.011457788175236228,0.08190572237762357,0.033880932512382535,0.007776382498499417,9.258937753063065e-05,0.0007201302081180108,0.0002991287445324056,7fac130fe5af9d84
equal_active_categories,"{""biobank"": 0.14285714285714288, ""engagement"": 0.14285714285714288, ""ex_situ"": 0.14285714285714288, ""genetics"": 0.14285714285714288, ""habitat"": 0.14285714285714288, ""rescue"": 0.14285714285714288, ""survey"": 0.14285714285714288}",5,S4,state_dependent_rule,False,850500,0.125,0.125,1,1,254,74,1,0.3333333333333333,1.0,18.0,84.08611783674706,0.5792579501528814,3.7116557358186633,0.039485527873964206,0.9605144721260358,52,0,0,11212.93311268162,11212.93311268162,11212.93311268162,1.5,0.2743445372982214,0.1441733362871576,0.002042792625410712,104.75,41.90000000000006,0.1168616259957441,2,1:funding_collapse|5:flood:origin|17:wildfire:semiwild|18:wildfire:reserve|25:wildfire:semiwild|66:wildfire:reserve|91:funding_collapse|97:funding_collapse,0.0042777442204750705,0.07940022389137552,0.039867778226527276,0.013921116543476643,0.0003268468200657139,0.0008070907644730553,0.0004485342816266917,7fac130fe5af9d84
equal_active_categories,"{""biobank"": 0.14285714285714288, ""engagement"": 0.14285714285714288, ""ex_situ"": 0.14285714285714288, ""genetics"": 0.14285714285714288, ""habitat"": 0.14285714285714288, ""rescue"": 0.14285714285714288, ""survey"": 0.14285714285714288}",6,S4,state_dependent_rule,False,850600,0.0,0.0,0,0,0,0,2,0.6666666666666666,1.0,17.0,26.829315505147232,0.3233999019624262,0.0,,,32,0,0,11209.487326007202,11209.487326007202,11209.487326007202,1.5,0.15422080430684293,0.02762808728663447,0.0010381217690059253,23.0,9.199999999999994,0.06103003427975087,1,1:heatwave:alternative|7:heatwave:origin|13:wildfire:alternative|14:flood:origin|43:wildfire:reserve,0.0047167174939657785,0.04463469167473297,0.001731754057796312,0.008250330929640406,0.00016609948304094804,0.001517702428850579,0.0009381928552874967,7fac130fe5af9d84
equal_active_categories,"{""biobank"": 0.14285714285714288, ""engagement"": 0.14285714285714288, ""ex_situ"": 0.14285714285714288, ""genetics"": 0.14285714285714288, ""habitat"": 0.14285714285714288, ""rescue"": 0.14285714285714288, ""survey"": 0.14285714285714288}",7,S4,state_dependent_rule,False,850700,0.25,0.125,2,1,115,0,1,0.3333333333333333,1.0,17.0,78.55204964334447,0.5934423118840986,1.0,0.3256471662408728,0.6743528337591271,38,0,0,11137.570550224587,11137.570550224587,11137.570550224587,1.5,0.08855809523809516,0.10105505786450938,0.0005665431933846787,85.75,34.30000000000004,0.12974624170349933,2,2:wildfire:alternative|18:heatwave:origin|19:flood:reserve|47:flood:reserve|57:funding_collapse|60:wildfire:alternative|98:flood:reserve,0.004971238376649029,0.07921433211724623,0.024742497826811895,0.021540750768294023,9.064691094154859e-05,0.0016769722361048012,0.0006598806740391183,7fac130fe5af9d84
equal_active_categories,"{""biobank"": 0.14285714285714288, ""engagement"": 0.14285714285714288, ""ex_situ"": 0.14285714285714288, ""genetics"": 0.14285714285714288, ""habitat"": 0.14285714285714288, ""rescue"": 0.14285714285714288, ""survey"": 0.14285714285714288}",8,S4,state_dependent_rule,False,850800,0.5,0.125,4,1,98,2,1,0.3333333333333333,1.0,20.0,120.743142275755,0.6436908436796073,2.9733746130030956,0.0034861332388102847,0.9965138667611897,112,0,0,11189.870004416453,11189.870004416453,11189.870004416453,1.5,0.43979300959952194,0.16709613657715117,0.0013350886856201374,113.75,45.50000000000005,0.18566544743583996,2,10:funding_collapse|57:flood:semiwild,0.008844137079092108,0.08198771445247484,0.026367185698295895,0.00623637969305223,0.00021361418969922195,0.0007146844474465835,0.0004241193128266067,7fac130fe5af9d84
equal_active_categories,"{""biobank"": 0.14285714285714288, ""engagement"": 0.14285714285714288, ""ex_situ"": 0.14285714285714288, ""genetics"": 0.14285714285714288, ""habitat"": 0.14285714285714288, ""rescue"": 0.14285714285714288, ""survey"": 0.14285714285714288}",9,S4,state_dependent_rule,False,850900,0.375,0.125,3,1,134,0,0,0.0,0.0,,127.77769712239667,0.6174692240252514,3.451749327181853,0.001292989732848529,0.9987070102671515,83,0,0,11168.279666099796,11168.279666099796,11168.279666099796,1.5,0.24210754869552367,0.15015357699652734,0.0006804413028746489,117.25,46.90000000000007,0.17587664427578215,3,5:funding_collapse|14:wildfire:reserve|55:flood:alternative|58:flood:origin|66:funding_collapse|67:heatwave:semiwild,0.0069591723223857115,0.07965765618951105,0.033027999345868336,0.008059523434061444,0.00010887060845994383,0.0007512345202643539,0.0003386071753356728,7fac130fe5af9d84
equal_active_categories,"{""biobank"": 0.14285714285714288, ""engagement"": 0.14285714285714288, ""ex_situ"": 0.14285714285714288, ""genetics"": 0.14285714285714288, ""habitat"": 0.14285714285714288, ""rescue"": 0.14285714285714288, ""survey"": 0.14285714285714288}",10,S4,state_dependent_rule,False,851000,0.25,0.25,2,2,247,52,0,0.0,0.0,,134.9198534111853,0.6622306295380291,2.973676230175967,0.02453614029365473,0.9754638597063453,103,0,0,11184.821420909526,11184.821420909526,5592.410710454763,1.5,0.34171407494042955,0.21040423077528536,0.00029250811923755285,122.75,49.100000000000065,0.16998030489741367,3,21:funding_collapse|37:wildfire:alternative,0.010686923490241638,0.07995634020741656,0.02212260379335987,0.00940412404289181,4.6801299078008454e-05,0.000800593602329333,0.0003783864137085629,7fac130fe5af9d84
equal_active_categories,"{""biobank"": 0.14285714285714288, ""engagement"": 0.14285714285714288, ""ex_situ"": 0.14285714285714288, ""genetics"": 0.14285714285714288, ""habitat"": 0.14285714285714288, ""rescue"": 0.14285714285714288, ""survey"": 0.14285714285714288}",11,S4,state_dependent_rule,False,851100,0.125,0.0,1,0,0,0,1,0.3333333333333333,1.0,29.0,33.04148007242286,0.44200312145583287,0.0,,,22,0,0,11190.0656347611,11190.065634761098,11190.0656347611,1.5,0.2904010983761413,0.044501285545552785,0.00043224242198490535,39.0,15.599999999999987,0.07730587853969326,2,6:wildfire:origin|9:wildfire:alternative|11:funding_collapse|21:wildfire:reserve|35:funding_collapse|97:funding_collapse,0.004064207469538533,0.06090371212858685,0.003117784807278808,0.003452448604244453,6.915878751758485e-05,0.000437470843591335,0.0008474076689894163,7fac130fe5af9d84
habitat_priority,"{""biobank"": 0.05923076923076924, ""engagement"": 0.09307692307692308, ""ex_situ"": 0.15230769230769234, ""genetics"": 0.08461538461538463, ""habitat"": 0.34, ""rescue"": 0.16923076923076927, ""survey"": 0.10153846153846155}",0,S4,state_dependent_rule,False,850000,0.5,0.5,4,4,709,709,1,0.3333333333333333,1.0,12.0,209.40577321840183,0.45370911228157823,4.359034864718406,0.00016945416798488415,0.9998305458320151,53,0,0,11197.588424245954,11197.588424245954,2799.3971060614886,1.5,0.6326352147210667,0.351440454489778,0.00037225384995352164,53.25,21.300000000000004,0.0979329218524364,2,1:wildfire:origin|9:funding_collapse|16:funding_collapse|29:heatwave:alternative|76:funding_collapse|78:heatwave:origin|86:heatwave:semiwild,0.012402234622306545,0.04686366622292378,0.26600679426491586,0.030260650205464975,5.956061599256346e-05,0.0012122678618053339,0.00010326704915856056,4d5766d4d7676e04
habitat_priority,"{""biobank"": 0.05923076923076924, ""engagement"": 0.09307692307692308, ""ex_situ"": 0.15230769230769234, ""genetics"": 0.08461538461538463, ""habitat"": 0.34, ""rescue"": 0.16923076923076927, ""survey"": 0.10153846153846155}",1,S4,state_dependent_rule,False,850100,0.5,0.5,4,4,736,736,2,0.6666666666666666,1.0,38.0,247.2583882969804,0.5052064355355926,4.142948601095441,0.0003169598758339483,0.9996830401241661,46,0,0,11238.293624418726,11238.293624418726,2809.5734061046815,1.5,0.6699999999999999,0.35360896412665016,0.0004165182097055347,54.5,21.799999999999997,0.10089739057847869,1,25:flood:origin|43:flood:origin|48:flood:semiwild,0.013139383625768813,0.04641173251170962,0.22634199221324547,0.02234786004807932,6.664291355288555e-05,0.001063213130682627,7.360155583210695e-05,4d5766d4d7676e04
habitat_priority,"{""biobank"": 0.05923076923076924, ""engagement"": 0.09307692307692308, ""ex_situ"": 0.15230769230769234, ""genetics"": 0.08461538461538463, ""habitat"": 0.34, ""rescue"": 0.16923076923076927, ""survey"": 0.10153846153846155}",2,S4,state_dependent_rule,False,850200,0.5,0.25,4,2,57,12,1,0.3333333333333333,1.0,11.0,150.1348700390237,0.6694098940776935,1.7857142857142856,0.1277636832505948,0.8722363167494052,132,0,0,11114.020079889398,11114.0200798894,5557.010039944699,1.5,0.3351073105401354,0.1795639697725725,0.0004805791091330078,96.25,38.500000000000014,0.07848047930708044,2,11:wildfire:alternative|16:flood:reserve|30:heatwave:alternative|51:heatwave:origin|92:flood:alternative,0.009854149162177417,0.07611778246409152,0.010402465687931873,0.0073899031772347735,7.689265746128124e-05,0.001052430205072747,0.0005185076502350609,4d5766d4d7676e04
habitat_priority,"{""biobank"": 0.05923076923076924, ""engagement"": 0.09307692307692308, ""ex_situ"": 0.15230769230769234, ""genetics"": 0.08461538461538463, ""habitat"": 0.34, ""rescue"": 0.16923076923076927, ""survey"": 0.10153846153846155}",3,S4,state_dependent_rule,False,850300,0.75,0.25,6,2,136,8,0,0.0,0.0,,213.39001259182515,0.6729102811044663,1.811015430788224,0.06840719381831496,0.931592806181685,187,0,0,11160.557287004602,11160.557287004602,5580.278643502301,1.5,0.34549879367207587,0.18898240541626027,0.0006750340626975965,135.25,54.10000000000006,0.11911185870585202,3,2:wildfire:semiwild|10:heatwave:alternative|37:wildfire:alternative|40:flood:reserve|70:wildfire:reserve|74:funding_collapse|100:wildfire:alternative,0.01186125664949144,0.07838734849310737,0.021972807709047,0.007765464582685137,0.00010800545003161544,0.000868940225674287,0.00026939945085535834,4d5766d4d7676e04
habitat_priority,"{""biobank"": 0.05923076923076924, ""engagement"": 0.09307692307692308, ""ex_situ"": 0.15230769230769234, ""genetics"": 0.08461538461538463, ""habitat"": 0.34, ""rescue"": 0.16923076923076927, ""survey"": 0.10153846153846155}",4,S4,state_dependent_rule,False,850400,0.75,0.75,6,6,1094,1094,0,0.0,0.0,,269.9594201456038,0.5078666936181444,3.682269090083865,0.00011864384277169712,0.9998813561572283,84,0,0,11212.144883741814,11212.144883741814,1868.690813956969,1.5,0.7333944222949998,0.4760334502405965,0.000343555948543543,94.25,37.70000000000001,0.14185658555128916,3,35:funding_collapse,0.013698632315239845,0.0497717028407565,0.22888301620761098,0.01622056501773038,5.4968951766966895e-05,0.0009352774926143985,8.878449054232618e-05,4d5766d4d7676e04
habitat_priority,"{""biobank"": 0.05923076923076924, ""engagement"": 0.09307692307692308, ""ex_situ"": 0.15230769230769234, ""genetics"": 0.08461538461538463, ""habitat"": 0.34, ""rescue"": 0.16923076923076927, ""survey"": 0.10153846153846155}",5,S4,state_dependent_rule,False,850500,0.375,0.375,3,3,713,549,1,0.3333333333333333,1.0,18.0,191.69065539836353,0.6518482051292948,2.3249953043151,0.009646657345681396,0.9903533426543186,266,0,0,11182.608542602158,11182.608542602158,3727.536180867386,1.5,0.5106320986015644,0.26071469507566547,0.0006834387915343164,141.25,56.50000000000007,0.08825766086179004,2,1:funding_collapse|5:flood:origin|17:wildfire:semiwild|18:wildfire:reserve|25:wildfire:semiwild|66:wildfire:reserve|91:funding_collapse|97:funding_collapse,0.01057308008561259,0.07278194730435769,0.02706153798714889,0.007625006662249071,0.00010935020664549062,0.0005650031542817337,0.0003263844313135823,4d5766d4d7676e04
habitat_priority,"{""biobank"": 0.05923076923076924, ""engagement"": 0.09307692307692308, ""ex_situ"": 0.15230769230769234, ""genetics"": 0.08461538461538463, ""habitat"": 0.34, ""rescue"": 0.16923076923076927, ""survey"": 0.10153846153846155}",6,S4,state_dependent_rule,False,850600,0.5,0.25,4,2,333,124,3,1.0,1.0,18.666666666666668,142.4146329021208,0.5852395227124678,3.0564619475183075,0.007063766960142207,0.9929362330398578,126,0,0,11197.457182508026,11197.457182508026,5598.728591254013,1.5,0.40787330818959006,0.19999052915156612,0.0006649805301593621,117.25,46.90000000000004,0.08069289428712013,0,1:heatwave:alternative|7:heatwave:origin|13:wildfire:alternative|14:flood:origin|43:wildfire:reserve,0.009505073725041273,0.07339716084197925,0.07913660088536553,0.02895862657393853,0.00010639688482549795,0.0012702544708673832,0.000255778121164008,4d5766d4d7676e04
habitat_priority,"{""biobank"": 0.05923076923076924, ""engagement"": 0.09307692307692308, ""ex_situ"": 0.15230769230769234, ""genetics"": 0.08461538461538463, ""habitat"": 0.34, ""rescue"": 0.16923076923076927, ""survey"": 0.10153846153846155}",7,S4,state_dependent_rule,False,850700,0.25,0.25,2,2,156,0,2,0.6666666666666666,1.0,26.0,114.3849849595715,0.584492736237844,1.9136053369558639,0.049749275288170684,0.9502507247118294,92,0,0,11178.039638126294,11178.039638126294,5589.019819063147,1.5,0.22931781666543946,0.16746609465228587,0.0008953129337215343,115.25,46.100000000000044,0.06449129808091641,1,2:wildfire:alternative|18:heatwave:origin|19:flood:reserve|47:flood:reserve|57:funding_collapse|60:wildfire:alternative|98:flood:reserve,0.0046727338314798625,0.07617350159099615,0.04620470448607244,0.012588401938903872,0.00014325006939544548,0.0008879693556100157,0.0004425389818662913,4d5766d4d7676e04
habitat_priority,"{""biobank"": 0.05923076923076924, ""engagement"": 0.09307692307692308, ""ex_situ"": 0.15230769230769234, ""genetics"": 0.08461538461538463, ""habitat"": 0.34, ""rescue"": 0.16923076923076927, ""survey"": 0.10153846153846155}",8,S4,state_dependent_rule,False,850800,0.75,0.75,6,6,1060,1060,1,0.3333333333333333,1.0,28.0,278.1800159791744,0.5108624756595678,4.501399794040567,0.0009664557524520864,0.9990335442475479,86,0,0,11215.387349710843,11215.387349710845,1869.2312249518072,1.5,0.7334605686007681,0.4832533000179673,0.00027936497368588863,85.75,34.3,0.13696622608742393,2,10:funding_collapse|57:flood:semiwild,0.01359992221619666,0.04829006093856439,0.22860204325942995,0.014655928325541592,4.469839578974217e-05,0.0009122037722153662,7.702998711264066e-05,4d5766d4d7676e04
habitat_priority,"{""biobank"": 0.05923076923076924, ""engagement"": 0.09307692307692308, ""ex_situ"": 0.15230769230769234, ""genetics"": 0.08461538461538463, ""habitat"": 0.34, ""rescue"": 0.16923076923076927, ""survey"": 0.10153846153846155}",9,S4,state_dependent_rule,False,850900,0.5,0.125,4,1,160,129,1,0.3333333333333333,1.0,11.0,214.15881460229957,0.6910077359213096,3.34640522875817,0.011821850191143202,0.9881781498088568,247,0,0,11153.541509319653,11153.541509319653,11153.541509319653,1.5,0.5057158194283405,0.1548807440225068,5.10204081632653e-05,131.0,52.40000000000007,0.07297554896045516,2,5:funding_collapse|14:wildfire:reserve|55:flood:alternative|58:flood:origin|66:funding_collapse|67:heatwave:semiwild,0.012226701283797275,0.07579502360735436,0.017057451640555395,0.002851813929806907,8.16326530612245e-06,0.0006897110029145904,0.00031076870745048914,4d5766d4d7676e04
habitat_priority,"{""biobank"": 0.05923076923076924, ""engagement"": 0.09307692307692308, ""ex_situ"": 0.15230769230769234, ""genetics"": 0.08461538461538463, ""habitat"": 0.34, ""rescue"": 0.16923076923076927, ""survey"": 0.10153846153846155}",10,S4,state_dependent_rule,False,851000,0.625,0.625,5,5,901,901,1,0.3333333333333333,1.0,17.0,291.3419663841802,0.519840284185457,4.635204923744289,0.001160738079493296,0.9988392619205066,50,0,0,11202.386592696981,11202.386592696981,2240.477318539396,1.5,0.6632915567894703,0.4184559824438777,0.0002688963105472601,85.5,34.19999999999999,0.1226238876374389,2,21:funding_collapse|37:wildfire:alternative,0.013628771566369068,0.04705326700040894,0.21806195012591453,0.01739535692523607,4.3023409687561604e-05,0.001049838465726591,7.868483629702773e-05,4d5766d4d7676e04
habitat_priority,"{""biobank"": 0.05923076923076924, ""engagement"": 0.09307692307692308, ""ex_situ"": 0.15230769230769234, ""genetics"": 0.08461538461538463, ""habitat"": 0.34, ""rescue"": 0.16923076923076927, ""survey"": 0.10153846153846155}",11,S4,state_dependent_rule,False,851100,0.125,0.125,1,1,406,287,2,0.6666666666666666,1.0,24.0,149.9062084740739,0.6248561552191407,3.2651136993899055,0.0018630224824064498,0.9981369775175936,247,0,0,11149.234783346483,11149.234783346483,11149.234783346483,1.5,0.5613383316213093,0.15338598583276916,0.00041528560831600796,149.75,59.900000000000084,0.04175507838369583,1,6:wildfire:origin|9:wildfire:alternative|11:funding_collapse|21:wildfire:reserve|35:funding_collapse|97:funding_collapse,0.008489099885355846,0.07607317313239141,0.03656452299154221,0.012695101521791041,6.644569733056126e-05,0.0007759194165087112,0.00040259963286232555,4d5766d4d7676e04
movement_cautious,"{""biobank"": 0.07000000000000002, ""engagement"": 0.11000000000000001, ""ex_situ"": 0.18000000000000002, ""genetics"": 0.10000000000000002, ""habitat"": 0.2800000000000001, ""rescue"": 0.10000000000000002, ""survey"": 0.16000000000000003}",0,S4,state_dependent_rule,False,850000,0.5,0.5,4,4,516,516,1,0.3333333333333333,1.0,12.0,178.44786483659834,0.5264069092558123,2.2505200399497802,0.16927570621473256,0.8307242937852675,37,0,0,11194.336929862442,11194.336929862442,2798.5842324656105,1.5,0.5587272989118598,0.32746531700967574,0.0007762471842235655,38.5,15.4,0.12043693359495979,2,1:wildfire:origin|9:funding_collapse|16:funding_collapse|29:heatwave:alternative|76:funding_collapse|78:heatwave:origin|86:heatwave:semiwild,0.012477246442777241,0.05819284432724011,0.18727222004738153,0.025654851697617054,0.00012419954947577052,0.0010674047031042206,9.958448960114812e-05,2886bcf496977200
movement_cautious,"{""biobank"": 0.07000000000000002, ""engagement"": 0.11000000000000001, ""ex_situ"": 0.18000000000000002, ""genetics"": 0.10000000000000002, ""habitat"": 0.2800000000000001, ""rescue"": 0.10000000000000002, ""survey"": 0.16000000000000003}",1,S4,state_dependent_rule,False,850100,0.5,0.375,4,3,547,547,1,0.3333333333333333,1.0,21.0,226.24177206144995,0.5621372685966314,4.175569145454073,0.00012220020087344116,0.9998777997991266,32,0,0,11236.902880475354,11236.902880475354,3745.634293491785,1.5,0.6255266034506399,0.293873460930467,0.00044329471202163116,37.75,15.1,0.10407554565431125,2,25:flood:origin|43:flood:origin|48:flood:semiwild,0.013156191120578902,0.05581220067280159,0.15720915903924737,0.02470616345433393,7.092715392346098e-05,0.0011776374951634125,5.534973072834952e-05,2886bcf496977200
movement_cautious,"{""biobank"": 0.07000000000000002, ""engagement"": 0.11000000000000001, ""ex_situ"": 0.18000000000000002, ""genetics"": 0.10000000000000002, ""habitat"": 0.2800000000000001, ""rescue"": 0.10000000000000002, ""survey"": 0.16000000000000003}",2,S4,state_dependent_rule,False,850200,0.375,0.25,3,2,208,0,1,0.3333333333333333,1.0,13.0,144.8180915771353,0.6426076767377309,1.8081548290116498,0.1407651017924209,0.859234898207579,51,0,0,11110.293690349434,11110.293690349434,5555.146845174717,1.5,0.25496115927638885,0.17510561853775822,0.0006264188080954121,74.5,29.799999999999965,0.09513977160001408,2,11:wildfire:alternative|16:flood:reserve|30:heatwave:alternative|51:heatwave:origin|92:flood:alternative,0.008762841847740689,0.08073634867568029,0.026100850592184366,0.003915719050078054,0.00010022700929526593,0.0006013843838230345,0.000278069980322046,2886bcf496977200
movement_cautious,"{""biobank"": 0.07000000000000002, ""engagement"": 0.11000000000000001, ""ex_situ"": 0.18000000000000002, ""genetics"": 0.10000000000000002, ""habitat"": 0.2800000000000001, ""rescue"": 0.10000000000000002, ""survey"": 0.16000000000000003}",3,S4,state_dependent_rule,False,850300,0.5,0.25,4,2,153,0,0,0.0,0.0,,161.20731720246636,0.6581575258203533,3.0794539010798987,0.006836401225386329,0.9931635987746137,61,0,0,11145.96598503644,11145.96598503644,5572.98299251822,1.5,0.22422937335323,0.1874744094262343,0.0006444625251680975,75.0,29.99999999999997,0.1087846654005615,3,2:wildfire:semiwild|10:heatwave:alternative|37:wildfire:alternative|40:flood:reserve|70:wildfire:reserve|74:funding_collapse|100:wildfire:alternative,0.010521706454363,0.07798808504959177,0.0286446791071206,0.005063482162335923,0.00010311400402689563,0.0007196444744142891,0.00023531954966261436,2886bcf496977200
movement_cautious,"{""biobank"": 0.07000000000000002, ""engagement"": 0.11000000000000001, ""ex_situ"": 0.18000000000000002, ""genetics"": 0.10000000000000002, ""habitat"": 0.2800000000000001, ""rescue"": 0.10000000000000002, ""survey"": 0.16000000000000003}",4,S4,state_dependent_rule,False,850400,0.75,0.625,6,5,803,790,0,0.0,0.0,,250.0857248489698,0.5782522014892696,3.3118950660144093,0.008587659848211261,0.9914123401517887,106,0,0,11194.820173511362,11194.820173511362,2238.9640347022723,1.5,0.6468522700783071,0.4118305768619853,0.0005458926613676554,73.0,29.199999999999978,0.16388199597005282,3,35:funding_collapse,0.013737137835127462,0.061386588563788515,0.14383049244452267,0.01895953379742543,8.734282581882488e-05,0.0010251968207469246,8.310723902762814e-05,2886bcf496977200
movement_cautious,"{""biobank"": 0.07000000000000002, ""engagement"": 0.11000000000000001, ""ex_situ"": 0.18000000000000002, ""genetics"": 0.10000000000000002, ""habitat"": 0.2800000000000001, ""rescue"": 0.10000000000000002, ""survey"": 0.16000000000000003}",5,S4,state_dependent_rule,False,850500,0.25,0.125,2,1,346,185,1,0.3333333333333333,1.0,16.0,115.07519170647278,0.6166991873373885,2.711819870429937,0.0008363191462497438,0.9991636808537503,88,0,0,11185.537601587332,11185.537601587332,11185.537601587332,1.5,0.4579568902084423,0.14131592966179124,0.0009009402637105735,74.5,29.799999999999972,0.06076020968323809,2,1:funding_collapse|5:flood:origin|17:wildfire:semiwild|18:wildfire:reserve|25:wildfire:semiwild|66:wildfire:reserve|91:funding_collapse|97:funding_collapse,0.0074270383667700635,0.07506123369105362,0.0321165599999705,0.01177033708135874,0.00014415044219369177,0.0007740059674061838,0.00035115430621700976,2886bcf496977200
movement_cautious,"{""biobank"": 0.07000000000000002, ""engagement"": 0.11000000000000001, ""ex_situ"": 0.18000000000000002, ""genetics"": 0.10000000000000002, ""habitat"": 0.2800000000000001, ""rescue"": 0.10000000000000002, ""survey"": 0.16000000000000003}",6,S4,state_dependent_rule,False,850600,0.25,0.125,2,1,59,0,2,0.6666666666666666,1.0,17.0,57.359680839690846,0.6197551539430455,1.0,0.33873503031590696,0.6612649696840931,28,0,0,11186.537906298163,11186.537906298163,11186.537906298163,1.5,0.32688472879488084,0.11096728138613579,0.0011770506118971734,56.25,22.49999999999999,0.06014404253323849,1,1:heatwave:alternative|7:heatwave:origin|13:wildfire:alternative|14:flood:origin|43:wildfire:reserve,0.006840746806165068,0.07828201143194119,0.027242795695582557,0.0197779929932508,0.00018832809790354774,0.001044732026912312,0.0005051386319986756,2886bcf496977200
movement_cautious,"{""biobank"": 0.07000000000000002, ""engagement"": 0.11000000000000001, ""ex_situ"": 0.18000000000000002, ""genetics"": 0.10000000000000002, ""habitat"": 0.2800000000000001, ""rescue"": 0.10000000000000002, ""survey"": 0.16000000000000003}",7,S4,state_dependent_rule,False,850700,0.125,0.125,1,1,100,0,0,0.0,0.0,,84.14764152252201,0.6063308110255498,1.0,0.3212113203925341,0.6787886796074659,32,0,0,11139.25892811333,11139.25892811333,11139.25892811333,1.5,0.16453199760185888,0.09502342476411992,0.0004556295016218059,57.5,22.999999999999975,0.06160112501967009,3,2:wildfire:alternative|18:heatwave:origin|19:flood:reserve|47:flood:reserve|57:funding_collapse|60:wildfire:alternative|98:flood:reserve,0.005197307598304701,0.077551917084876,0.019844878852103672,0.01883398988338439,7.290072025948896e-05,0.001407991660987263,0.0006651289443359664,2886bcf496977200
movement_cautious,"{""biobank"": 0.07000000000000002, ""engagement"": 0.11000000000000001, ""ex_situ"": 0.18000000000000002, ""genetics"": 0.10000000000000002, ""habitat"": 0.2800000000000001, ""rescue"": 0.10000000000000002, ""survey"": 0.16000000000000003}",8,S4,state_dependent_rule,False,850800,0.625,0.625,5,5,790,782,1,0.3333333333333333,1.0,23.0,255.02861392837912,0.5909888991381927,3.6696042142885625,0.004920227673342584,0.9950797723266575,77,0,0,11189.536033483386,11189.536033483386,2237.9072066966773,1.5,0.6465859494208969,0.41114557425715015,0.0001959692856928059,70.75,28.299999999999986,0.14270468586087412,2,10:funding_collapse|57:flood:semiwild,0.013965092471176145,0.0623859407447705,0.13564008198711328,0.014814674808160155,3.135508571084895e-05,0.0010513983717136716,8.199964582411817e-05,2886bcf496977200
movement_cautious,"{""biobank"": 0.07000000000000002, ""engagement"": 0.11000000000000001, ""ex_situ"": 0.18000000000000002, ""genetics"": 0.10000000000000002, ""habitat"": 0.2800000000000001, ""rescue"": 0.10000000000000002, ""survey"": 0.16000000000000003}",9,S4,state_dependent_rule,False,850900,0.5,0.25,4,2,216,1,0,0.0,0.0,,175.78693682001796,0.6421082491713044,2.9919855558888617,0.005154276762737975,0.9948457232372621,117,0,0,11145.738748652926,11145.738748652926,5572.869374326463,1.5,0.4251481478028376,0.203867021173988,0.0002508854452161856,81.75,32.69999999999995,0.0946617541740781,3,5:funding_collapse|14:wildfire:reserve|55:flood:alternative|58:flood:origin|66:funding_collapse|67:heatwave:semiwild,0.009144218708576618,0.07973583653279279,0.033098146762090344,0.003973426415054872,4.0141671234589694e-05,0.000601271579464834,0.00020179316174738575,2886bcf496977200
movement_cautious,"{""biobank"": 0.07000000000000002, ""engagement"": 0.11000000000000001, ""ex_situ"": 0.18000000000000002, ""genetics"": 0.10000000000000002, ""habitat"": 0.2800000000000001, ""rescue"": 0.10000000000000002, ""survey"": 0.16000000000000003}",10,S4,state_dependent_rule,False,851000,0.5,0.5,4,4,693,645,0,0.0,0.0,,238.31616304710195,0.6042085107970481,3.293790606275346,0.001736372230554516,0.9982636277694454,83,0,0,11183.147685361586,11183.147685361586,2795.7869213403965,1.5,0.5482715891622999,0.33705277318715987,0.00026048093685117715,70.5,28.199999999999974,0.12143854104088214,3,21:funding_collapse|37:wildfire:alternative,0.013768572411357498,0.06211663665101542,0.11815437699826552,0.017239081563315405,4.1676949896188344e-05,0.0011199507166251338,9.731395340601253e-05,2886bcf496977200
movement_cautious,"{""biobank"": 0.07000000000000002, ""engagement"": 0.11000000000000001, ""ex_situ"": 0.18000000000000002, ""genetics"": 0.10000000000000002, ""habitat"": 0.2800000000000001, ""rescue"": 0.10000000000000002, ""survey"": 0.16000000000000003}",11,S4,state_dependent_rule,False,851100,0.25,0.125,2,1,41,2,0,0.0,0.0,,49.56536840132341,0.6257927998213116,1.0,0.24809815509984037,0.7519018449001597,71,0,0,11110.246569160812,11110.246569160812,11110.246569160812,1.5,0.4718756865040412,0.12642992906034894,0.00035939805486912344,65.25,26.100000000000005,0.06496180204972403,3,6:wildfire:origin|9:wildfire:alternative|11:funding_collapse|21:wildfire:reserve|35:funding_collapse|97:funding_collapse,0.005992248439776399,0.08766262638545755,0.0078370022831508,0.0043271437328724245,5.7503688779059756e-05,0.0005740067578447109,0.0008968914102053674,2886bcf496977200
fixed_archetype,"{""biobank"": 0.08, ""engagement"": 0.11, ""ex_situ"": 0.16, ""genetics"": 0.09, ""habitat"": 0.2, ""rescue"": 0.22, ""survey"": 0.14}",0,S5,greedy_expected_utility,False,860000,0.125,0.125,1,1,310,165,1,0.3333333333333333,1.0,12.0,109.43396092426842,0.6051921636791728,3.8998457917376834,0.0008605974595325497,0.9991394025404674,248,0,0,11260.072153231667,11260.072153231667,11260.072153231667,1.5,0.39730068673145796,0.14604679761161438,0.0005217801915122287,154.75,61.90000000000001,0.0553413551054588,2,5:flood:origin|18:wildfire:reserve|100:funding_collapse,0.007069327255763508,0.07438987026577634,0.033836313551710025,0.014571038749769031,8.348483064195657e-05,0.0009898707394366184,0.0005344446450367315,0d75ef8e6e0e1b29
fixed_archetype,"{""biobank"": 0.08, ""engagement"": 0.11, ""ex_situ"": 0.16, ""genetics"": 0.09, ""habitat"": 0.2, ""rescue"": 0.22, ""survey"": 0.14}",1,S5,greedy_expected_utility,False,860100,0.875,0.5,7,4,661,342,1,0.3333333333333333,1.0,20.0,267.9585550673562,0.5898962758399374,4.295202926654779,0.0012517958461302286,0.9987482041538698,281,0,0,11221.888634414545,11221.888634414545,2805.472158603636,1.5,0.308239144670332,0.33393541841520336,0.00034434316859740204,204.75,81.89999999999999,0.17579737340811175,2,11:heatwave:alternative|25:wildfire:alternative|33:wildfire:alternative|65:heatwave:alternative|69:heatwave:origin|90:flood:semiwild|91:flood:semiwild,0.011529011310837625,0.07286035372298447,0.10325523976594297,0.018727083310459695,5.5094906975584315e-05,0.0009960574659435854,0.00021792021977402667,0d75ef8e6e0e1b29
fixed_archetype,"{""biobank"": 0.08, ""engagement"": 0.11, ""ex_situ"": 0.16, ""genetics"": 0.09, ""habitat"": 0.2, ""rescue"": 0.22, ""survey"": 0.14}",2,S5,greedy_expected_utility,False,860200,0.75,0.375,6,3,169,30,1,0.3333333333333333,1.0,9.0,185.45305025433987,0.5938238109903574,2.7257194360747814,0.0012424958325597246,0.9987575041674402,160,0,0,11166.45992442509,11166.45992442509,3722.1533081416965,1.5,0.18512329368154354,0.24351653506215695,0.0005983749287718574,150.0,60.00000000000002,0.14498505666627381,2,3:flood:alternative|21:heatwave:origin|43:flood:alternative|66:heatwave:alternative|67:wildfire:semiwild|71:funding_collapse|92:wildfire:reserve,0.011391847232146925,0.07388209204738,0.09804584796294041,0.019086539746416286,9.573998860349719e-05,0.0008975922287636059,0.00022761612148618508,0d75ef8e6e0e1b29
fixed_archetype,"{""biobank"": 0.08, ""engagement"": 0.11, ""ex_situ"": 0.16, ""genetics"": 0.09, ""habitat"": 0.2, ""rescue"": 0.22, ""survey"": 0.14}",3,S5,greedy_expected_utility,False,860300,0.5,0.25,4,2,209,5,1,0.3333333333333333,1.0,18.0,118.45105684553391,0.5879938621421962,2.8298329355608596,0.023011540431575748,0.9769884595684243,151,0,0,11183.842402558003,11183.842402558003,5591.921201279001,1.5,0.21245491697820496,0.1800152923154887,0.0005842698242548884,177.75,71.09999999999997,0.08985735631029809,2,7:funding_collapse|11:flood:reserve|21:heatwave:reserve|23:wildfire:origin|34:heatwave:reserve|53:flood:alternative|76:funding_collapse|85:flood:reserve,0.00561668029818979,0.07583108173569847,0.04904622116435757,0.010806544717321565,9.348317188078215e-05,0.0008335998831482732,0.00046152980548502023,0d75ef8e6e0e1b29
fixed_archetype,"{""biobank"": 0.08, ""engagement"": 0.11, ""ex_situ"": 0.16, ""genetics"": 0.09, ""habitat"": 0.2, ""rescue"": 0.22, ""survey"": 0.14}",4,S5,greedy_expected_utility,False,860400,0.625,0.625,5,5,581,394,1,0.3333333333333333,1.0,18.0,247.6702503898155,0.6041113099468661,2.8864151824589097,0.0376138878572143,0.9623861121427857,253,0,0,11203.646851544183,11203.646851544183,2240.7293703088367,1.5,0.44247992226087113,0.3868322212764594,0.00011801733889960854,201.0,80.39999999999999,0.16235038612891572,2,23:heatwave:semiwild|30:funding_collapse|59:heatwave:alternative|73:flood:origin,0.012418761684626713,0.07484131127689028,0.09459114042673519,0.017634943309904328,1.8882774223937365e-05,0.0010262480456616713,0.00023685937427384156,0d75ef8e6e0e1b29
fixed_archetype,"{""biobank"": 0.08, ""engagement"": 0.11, ""ex_situ"": 0.16, ""genetics"": 0.09, ""habitat"": 0.2, ""rescue"": 0.22, ""survey"": 0.14}",5,S5,greedy_expected_utility,False,860500,0.5,0.375,4,3,423,240,1,0.3333333333333333,1.0,14.0,218.5236397068658,0.6348771307489737,3.895406857775825,0.0013080902594353528,0.9986919097405647,337,0,0,11143.054541870762,11143.054541870762,3714.351513956921,1.5,0.5153999756715659,0.28509048660754543,0.000288496553976201,199.75,79.9,0.1292321023131529,2,8:funding_collapse|42:funding_collapse|67:funding_collapse,0.010602602875396813,0.07417318567746534,0.054994248214088506,0.008141688284721796,4.6159448636192164e-05,0.0006692103348578935,0.00027999539718641847,0d75ef8e6e0e1b29
fixed_archetype,"{""biobank"": 0.08, ""engagement"": 0.11, ""ex_situ"": 0.16, ""genetics"": 0.09, ""habitat"": 0.2, ""rescue"": 0.22, ""survey"": 0.14}",6,S5,greedy_expected_utility,False,860600,0.75,0.375,6,3,233,0,2,0.6666666666666666,1.0,24.5,187.41640108363342,0.6044282037539414,2.757686530101116,0.021609524995033352,0.9783904750049667,226,0,0,11177.45627616551,11177.45627616551,3725.8187587218367,1.5,0.21847768928631184,0.25050720609559696,0.00039360982535191193,188.0,75.19999999999999,0.16166285932977315,1,17:heatwave:alternative|24:wildfire:alternative|29:heatwave:origin|76:wildfire:reserve|80:funding_collapse,0.010469488243511706,0.08038307660764442,0.06678714471840148,0.020204339333451643,6.297757205630591e-05,0.0011551255292012396,0.00032281468067629424,0d75ef8e6e0e1b29
fixed_archetype,"{""biobank"": 0.08, ""engagement"": 0.11, ""ex_situ"": 0.16, ""genetics"": 0.09, ""habitat"": 0.2, ""rescue"": 0.22, ""survey"": 0.14}",7,S5,greedy_expected_utility,False,860700,0.625,0.375,5,3,283,0,1,0.3333333333333333,1.0,33.0,181.26294188489854,0.6138658878374067,2.3592612754327145,0.06731907083948603,0.9326809291605139,129,0,0,11198.825760949412,11198.82576094941,3732.9419203164707,1.5,0.20216183313071592,0.2422411888150545,0.0006576317372994557,200.5,80.19999999999999,0.14841196373827872,2,9:funding_collapse|36:flood:semiwild|38:heatwave:alternative|52:flood:alternative|69:flood:reserve|91:flood:origin,0.009919743436235137,0.0787884996745159,0.053674370801025884,0.018954729679687306,0.00010522107796791292,0.0011466459100321002,0.00037315561131903816,0d75ef8e6e0e1b29
fixed_archetype,"{""biobank"": 0.08, ""engagement"": 0.11, ""ex_situ"": 0.16, ""genetics"": 0.09, ""habitat"": 0.2, ""rescue"": 0.22, ""survey"": 0.14}",8,S5,greedy_expected_utility,False,860800,0.5,0.25,4,2,427,161,1,0.3333333333333333,1.0,24.0,206.3989332049895,0.6325363848381058,2.8425371563251076,0.0045178008326126895,0.9954821991673873,285,0,0,11216.136375264346,11216.136375264345,5608.068187632173,1.5,0.41050595340576135,0.20381392531693504,0.00022549012386840532,213.75,85.49999999999999,0.10918979206553903,2,31:funding_collapse|58:flood:semiwild|69:heatwave:alternative,0.009603326442502723,0.07448243712022823,0.04870941612756645,0.008543677361056046,3.6078419818944856e-05,0.000696809737050411,0.00031821577890327207,0d75ef8e6e0e1b29
fixed_archetype,"{""biobank"": 0.08, ""engagement"": 0.11, ""ex_situ"": 0.16, ""genetics"": 0.09, ""habitat"": 0.2, ""rescue"": 0.22, ""survey"": 0.14}",9,S5,greedy_expected_utility,False,860900,0.5,0.5,4,4,468,447,1,0.3333333333333333,1.0,27.0,226.35884705350693,0.632295204671486,2.540432943224786,0.06778891601331348,0.9322110839866865,352,0,0,11245.885058315505,11245.885058315505,2811.4712645788763,1.5,0.5178679080662397,0.32969559243498936,0.00031832521153136393,208.75,83.49999999999997,0.13752236098058745,2,52:heatwave:semiwild,0.012423992323000064,0.07365846938972852,0.06793409992485296,0.015389193882950512,5.093203384501823e-05,0.0008798394555380288,0.0002798201621142069,0d75ef8e6e0e1b29
fixed_archetype,"{""biobank"": 0.08, ""engagement"": 0.11, ""ex_situ"": 0.16, ""genetics"": 0.09, ""habitat"": 0.2, ""rescue"": 0.22, ""survey"": 0.14}",10,S5,greedy_expected_utility,False,861000,0.5,0.25,4,2,478,203,2,0.6666666666666666,1.0,30.0,188.73102195674934,0.6574158113488106,3.1036513238662105,0.003265881162978505,0.9967341188370215,227,0,0,11064.853148356538,11064.853148356538,5532.426574178269,1.5,0.2507192677881937,0.19109058181273395,0.0006630287606632116,188.0,75.2,0.11241070897626233,1,1:wildfire:reserve|23:flood:reserve|53:funding_collapse|62:funding_collapse|73:funding_collapse|98:wildfire:alternative,0.011337264420608761,0.07505081294822338,0.024213132373486754,0.005866972082286012,0.00010608460170611389,0.0009299709066859051,0.00034997767111648727,0d75ef8e6e0e1b29
fixed_archetype,"{""biobank"": 0.08, ""engagement"": 0.11, ""ex_situ"": 0.16, ""genetics"": 0.09, ""habitat"": 0.2, ""rescue"": 0.22, ""survey"": 0.14}",11,S5,greedy_expected_utility,False,861100,0.5,0.375,4,3,584,442,1,0.3333333333333333,1.0,17.0,192.23266043952208,0.607974343521764,3.1416544812321163,0.02099314544838123,0.9790068545516187,318,0,0,11230.638570021638,11230.638570021636,3743.5461900072128,1.5,0.517501992347187,0.2755370897036323,0.00010596082109138246,189.75,75.89999999999999,0.11810172828296202,2,5:funding_collapse|5:flood:origin|13:funding_collapse|63:wildfire:semiwild|93:funding_collapse,0.011004256900418768,0.07152092445687043,0.08545503477696181,0.01370725333597087,1.6953731374621193e-05,0.0007149546125752136,0.0003113708151434945,0d75ef8e6e0e1b29
equal_active_categories,"{""biobank"": 0.14285714285714288, ""engagement"": 0.14285714285714288, ""ex_situ"": 0.14285714285714288, ""genetics"": 0.14285714285714288, ""habitat"": 0.14285714285714288, ""rescue"": 0.14285714285714288, ""survey"": 0.14285714285714288}",0,S5,greedy_expected_utility,False,860000,0.0,0.0,0,0,0,0,1,0.3333333333333333,1.0,15.0,25.66173059935104,0.22997944435662096,0.0,,,35,0,0,11245.108681218868,11245.108681218866,11245.108681218868,1.5,0.3198322467319353,0.04470709167058425,0.00029841192675417275,32.5,12.999999999999998,0.06361933498695363,2,5:flood:origin|18:wildfire:reserve|100:funding_collapse,0.0038192830176861387,0.03361487703584711,0.0016901732280327846,0.002616317455367098,4.774590828066764e-05,0.0005037272627837198,0.00064014018921782,5f33d4c51c9605c2
equal_active_categories,"{""biobank"": 0.14285714285714288, ""engagement"": 0.14285714285714288, ""ex_situ"": 0.14285714285714288, ""genetics"": 0.14285714285714288, ""habitat"": 0.14285714285714288, ""rescue"": 0.14285714285714288, ""survey"": 0.14285714285714288}",1,S5,greedy_expected_utility,False,860100,0.5,0.125,4,1,130,0,0,0.0,0.0,,144.81265301398497,0.6303830984534224,3.542976939203354,0.003644659159442284,0.9963553408405578,118,0,0,11184.307849483735,11184.307849483735,11184.307849483735,1.5,0.2518601480544848,0.15743128411495802,0.00012072113747060239,137.25,54.900000000000084,0.20282749958738,3,11:heatwave:alternative|25:wildfire:alternative|33:wildfire:alternative|65:heatwave:alternative|69:heatwave:origin|90:flood:semiwild|91:flood:semiwild,0.0076948773789931625,0.08337417736684966,0.026314223297790207,0.004521596121542113,1.9315381995296384e-05,0.0006417017310199989,0.0003665886391808086,5f33d4c51c9605c2
equal_active_categories,"{""biobank"": 0.14285714285714288, ""engagement"": 0.14285714285714288, ""ex_situ"": 0.14285714285714288, ""genetics"": 0.14285714285714288, ""habitat"": 0.14285714285714288, ""rescue"": 0.14285714285714288, ""survey"": 0.14285714285714288}",2,S5,greedy_expected_utility,False,860200,0.375,0.125,3,1,135,0,1,0.3333333333333333,1.0,9.0,94.95446477688853,0.6308394767510184,1.95274831243973,0.012366786901576337,0.9876332130984237,73,0,0,11148.890718903387,11148.890718903387,11148.890718903387,1.5,0.1296020117322678,0.11775502707579097,0.00044483078555261754,95.75,38.300000000000054,0.14508671389083438,2,3:flood:alternative|21:heatwave:origin|43:flood:alternative|66:heatwave:alternative|67:wildfire:semiwild|71:funding_collapse|92:wildfire:reserve,0.009043902267810296,0.07982424710863707,0.030245135008584056,0.019921910273583046,7.117292568841881e-05,0.0010633415214050415,0.0003838107090617965,5f33d4c51c9605c2
equal_active_categories,"{""biobank"": 0.14285714285714288, ""engagement"": 0.14285714285714288, ""ex_situ"": 0.14285714285714288, ""genetics"": 0.14285714285714288, ""habitat"": 0.14285714285714288, ""rescue"": 0.14285714285714288, ""survey"": 0.14285714285714288}",3,S5,greedy_expected_utility,False,860300,0.25,0.25,2,2,263,0,2,0.6666666666666666,1.0,31.0,113.44631681768044,0.5791731914286207,2.6367217288134706,0.006905252886054717,0.9930947471139453,60,0,0,11177.39910121201,11177.39910121201,5588.699550606005,1.5,0.17938839599405124,0.1871113840327739,0.0004289335239590342,112.0,44.80000000000004,0.1515266357261704,1,7:funding_collapse|11:flood:reserve|21:heatwave:reserve|23:wildfire:origin|34:heatwave:reserve|53:flood:alternative|76:funding_collapse|85:flood:reserve,0.005242689336548513,0.07741654491253538,0.05805732909502994,0.01005435066207172,6.862936383344548e-05,0.0007064907068417521,0.00033065034618147827,5f33d4c51c9605c2
equal_active_categories,"{""biobank"": 0.14285714285714288, ""engagement"": 0.14285714285714288, ""ex_situ"": 0.14285714285714288, ""genetics"": 0.14285714285714288, ""habitat"": 0.14285714285714288, ""rescue"": 0.14285714285714288, ""survey"": 0.14285714285714288}",4,S5,greedy_expected_utility,False,860400,0.5,0.125,4,1,2,2,1,0.3333333333333333,1.0,21.0,116.94926221341326,0.6401785828327224,2.0,0.0,1.0,144,0,0,11231.246592558242,11231.24659255824,11231.246592558242,1.5,0.36612805369623813,0.14992401246335907,0.0007397663095462378,97.0,38.80000000000006,0.18530603546867624,2,23:heatwave:semiwild|30:funding_collapse|59:heatwave:alternative|73:flood:origin,0.012333522498277238,0.08802550354809596,0.009995353070690131,0.04986049268001373,0.00011836260952739807,0.002565753329935448,0.00047205675938235376,5f33d4c51c9605c2
equal_active_categories,"{""biobank"": 0.14285714285714288, ""engagement"": 0.14285714285714288, ""ex_situ"": 0.14285714285714288, ""genetics"": 0.14285714285714288, ""habitat"": 0.14285714285714288, ""rescue"": 0.14285714285714288, ""survey"": 0.14285714285714288}",5,S5,greedy_expected_utility,False,860500,0.375,0.375,3,3,228,92,0,0.0,0.0,,147.52756560017707,0.6505008739538204,2.2490296863526695,0.08380075691364346,0.9161992430863566,132,0,0,11139.318256926144,11139.318256926144,3713.106085642048,1.5,0.4389264082139735,0.27740751540454667,0.0005615594030515911,126.5,50.60000000000006,0.21137288859811296,3,8:funding_collapse|42:funding_collapse|67:funding_collapse,0.010402935454102223,0.0785649373445807,0.032860772074074666,0.009225119977315498,8.984950448825456e-05,0.0007175670840009331,0.00030713705784831096,5f33d4c51c9605c2
equal_active_categories,"{""biobank"": 0.14285714285714288, ""engagement"": 0.14285714285714288, ""ex_situ"": 0.14285714285714288, ""genetics"": 0.14285714285714288, ""habitat"": 0.14285714285714288, ""rescue"": 0.14285714285714288, ""survey"": 0.14285714285714288}",6,S5,greedy_expected_utility,False,860600,0.25,0.125,2,1,61,0,2,0.6666666666666666,1.0,13.0,123.20723927212266,0.6304733742622429,3.2272333044232435,0.022409732348912713,0.9775902676510873,87,0,0,11173.765637241606,11173.765637241606,11173.765637241606,1.5,0.15344849570017338,0.1351909108371741,0.0008396058990128792,118.25,47.30000000000006,0.15661864111462165,1,17:heatwave:alternative|24:wildfire:alternative|29:heatwave:origin|76:wildfire:reserve|80:funding_collapse,0.009142727416566514,0.08499479620368218,0.020670699625260074,0.020410064417298635,0.00013433694384206067,0.0011976126639506486,0.00047657275112903395,5f33d4c51c9605c2
equal_active_categories,"{""biobank"": 0.14285714285714288, ""engagement"": 0.14285714285714288, ""ex_situ"": 0.14285714285714288, ""genetics"": 0.14285714285714288, ""habitat"": 0.14285714285714288, ""rescue"": 0.14285714285714288, ""survey"": 0.14285714285714288}",7,S5,greedy_expected_utility,False,860700,0.5,0.125,4,1,175,0,1,0.3333333333333333,1.0,24.0,127.76764188550493,0.6265762723727589,2.9557957726088215,0.0026615953514241516,0.9973384046485758,86,0,0,11203.475417874348,11203.475417874348,11203.475417874348,1.5,0.1415569083885634,0.13322659170361797,0.0006561170531339688,118.0,47.20000000000006,0.16631471569336703,2,9:funding_collapse|36:flood:semiwild|38:heatwave:alternative|52:flood:alternative|69:flood:reserve|91:flood:origin,0.008547385415582866,0.07671183034277715,0.028994242469821456,0.02013869663338991,0.00010497872850143502,0.0011059804787670246,0.00033538484249810507,5f33d4c51c9605c2
equal_active_categories,"{""biobank"": 0.14285714285714288, ""engagement"": 0.14285714285714288, ""ex_situ"": 0.14285714285714288, ""genetics"": 0.14285714285714288, ""habitat"": 0.14285714285714288, ""rescue"": 0.14285714285714288, ""survey"": 0.14285714285714288}",8,S5,greedy_expected_utility,False,860800,0.375,0.0,3,0,0,0,1,0.3333333333333333,1.0,27.0,88.4319825616462,0.5279258699573426,0.0,,,96,0,0,11195.92144908258,11195.92144908258,11195.92144908258,1.5,0.3332487623836908,0.06396098310998762,0.00012955161184879612,77.0,30.80000000000004,0.1531805343580927,2,31:funding_collapse|58:flood:semiwild|69:heatwave:alternative,0.008568705052428705,0.06425902840828777,0.0013743842923748485,0.007940604982565014,2.072825789580738e-05,0.0012802820320095701,0.001106112750285929,5f33d4c51c9605c2
equal_active_categories,"{""biobank"": 0.14285714285714288, ""engagement"": 0.14285714285714288, ""ex_situ"": 0.14285714285714288, ""genetics"": 0.14285714285714288, ""habitat"": 0.14285714285714288, ""rescue"": 0.14285714285714288, ""survey"": 0.14285714285714288}",9,S5,greedy_expected_utility,False,860900,0.375,0.25,3,2,378,113,1,0.3333333333333333,1.0,24.0,178.81005911113675,0.6225868452670664,2.769818624290302,0.01504713695080302,0.9849528630491969,221,0,0,11256.757393259066,11256.757393259064,5628.378696629533,1.5,0.44093965055110945,0.22122880214912205,0.0001970576848625629,135.0,54.00000000000009,0.18468325425554027,2,52:heatwave:semiwild,0.009090408458457556,0.07658002107240816,0.04543555161085698,0.013095363531994735,3.152922957801007e-05,0.0008640020772822868,0.00023634415061999706,5f33d4c51c9605c2
equal_active_categories,"{""biobank"": 0.14285714285714288, ""engagement"": 0.14285714285714288, ""ex_situ"": 0.14285714285714288, ""genetics"": 0.14285714285714288, ""habitat"": 0.14285714285714288, ""rescue"": 0.14285714285714288, ""survey"": 0.14285714285714288}",10,S5,greedy_expected_utility,False,861000,0.25,0.25,2,2,302,33,2,0.6666666666666666,1.0,21.0,136.93247288993862,0.5982974352316659,2.9454983403436135,0.017403225925897322,0.9825967740741027,83,0,0,11062.84125268288,11062.84125268288,5531.42062634144,1.5,0.21710773678321293,0.19543582642768664,0.0004785122858121786,117.0,46.800000000000054,0.15885034672964587,1,1:wildfire:reserve|23:flood:reserve|53:funding_collapse|62:funding_collapse|73:funding_collapse|98:wildfire:alternative,0.0069570781256254165,0.07697138467410607,0.05198272105028113,0.009092460942157323,7.65619657299486e-05,0.0007599431402738556,0.0002829767090227233,5f33d4c51c9605c2
equal_active_categories,"{""biobank"": 0.14285714285714288, ""engagement"": 0.14285714285714288, ""ex_situ"": 0.14285714285714288, ""genetics"": 0.14285714285714288, ""habitat"": 0.14285714285714288, ""rescue"": 0.14285714285714288, ""survey"": 0.14285714285714288}",11,S5,greedy_expected_utility,False,861100,0.25,0.25,2,2,92,22,1,0.3333333333333333,1.0,17.0,57.49956083904616,0.6279210496707416,1.0,0.3216633745282614,0.6783366254717387,136,0,0,11188.093110461943,11188.093110461943,5594.0465552309715,1.5,0.43976254856030184,0.19866771775032255,0.00039323119118666553,93.0,37.20000000000001,0.16095731447146178,2,5:funding_collapse|5:flood:origin|13:funding_collapse|63:wildfire:semiwild|93:funding_collapse,0.006806971665628681,0.07681864471710548,0.02328283387826443,0.012433726987458284,6.291699058986649e-05,0.0007528956701929501,0.000664406432256555,5f33d4c51c9605c2
habitat_priority,"{""biobank"": 0.068, ""engagement"": 0.0935, ""ex_situ"": 0.136, ""genetics"": 0.0765, ""habitat"": 0.32, ""rescue"": 0.187, ""survey"": 0.11900000000000001}",0,S5,greedy_expected_utility,False,860000,0.125,0.125,1,1,300,210,2,0.6666666666666666,1.0,12.0,109.443018576522,0.6594850680161373,3.296944831123159,0.031195840202897937,0.9688041597971021,243,0,0,11247.143947167144,11247.143947167144,11247.143947167144,1.5,0.5416965026986181,0.15463172688407434,0.0011084970426410614,109.0,43.599999999999966,0.056213141514904655,1,5:flood:origin|18:wildfire:reserve|100:funding_collapse,0.010144513877177817,0.06475728878260584,0.015641808926214848,0.00915438334186568,0.00017735952682256982,0.000857413717073465,0.0005142552893127341,de9c0c41d04bff93
habitat_priority,"{""biobank"": 0.068, ""engagement"": 0.0935, ""ex_situ"": 0.136, ""genetics"": 0.0765, ""habitat"": 0.32, ""rescue"": 0.187, ""survey"": 0.11900000000000001}",1,S5,greedy_expected_utility,False,860100,0.625,0.625,5,5,990,896,1,0.3333333333333333,1.0,35.0,301.2190566099191,0.5159656512670414,4.22388496166533,0.0023287580841603456,0.9976712419158397,199,0,0,11227.330377633636,11227.330377633636,2245.4660755267273,1.5,0.42598362425758857,0.39371840712058037,3.447559709241952e-05,124.75,49.89999999999998,0.13815597539084098,2,11:heatwave:alternative|25:wildfire:alternative|33:wildfire:alternative|65:heatwave:alternative|69:heatwave:origin|90:flood:semiwild|91:flood:semiwild,0.012905187175793729,0.0515057420551014,0.21059290997815108,0.01925842519873211,5.516095534787123e-06,0.0009674833341918368,0.00010352608137827971,de9c0c41d04bff93
habitat_priority,"{""biobank"": 0.068, ""engagement"": 0.0935, ""ex_situ"": 0.136, ""genetics"": 0.0765, ""habitat"": 0.32, ""rescue"": 0.187, ""survey"": 0.11900000000000001}",2,S5,greedy_expected_utility,False,860200,0.75,0.75,6,6,398,362,1,0.3333333333333333,1.0,9.0,216.16622564691835,0.44771890646908913,2.986003843577946,0.0006118166748000068,0.9993881833252,58,0,0,11176.03039167884,11176.03039167884,1862.6717319464733,1.5,0.3015670912791111,0.4293797666735521,0.0009243369162842799,67.5,27.000000000000036,0.1593150955493074,2,3:flood:alternative|21:heatwave:origin|43:flood:alternative|66:heatwave:alternative|67:wildfire:semiwild|71:funding_collapse|92:wildfire:reserve,0.012844145749069828,0.054574558910465205,0.27523266195788204,0.021467203031699154,0.0001478939066054848,0.0009905622460179364,8.821145123272616e-05,de9c0c41d04bff93
habitat_priority,"{""biobank"": 0.068, ""engagement"": 0.0935, ""ex_situ"": 0.136, ""genetics"": 0.0765, ""habitat"": 0.32, ""rescue"": 0.187, ""survey"": 0.11900000000000001}",3,S5,greedy_expected_utility,False,860300,0.5,0.375,4,3,276,29,1,0.3333333333333333,1.0,29.0,131.2526512953661,0.6181957831430211,3.475739609338133,0.0253545783816571,0.9746454216183429,181,0,0,11147.561535745812,11147.561535745812,3715.853845248604,1.5,0.28989889620943593,0.2526657496816633,0.0003773280928675408,156.75,62.69999999999991,0.10084231983669167,2,7:funding_collapse|11:flood:reserve|21:heatwave:reserve|23:wildfire:origin|34:heatwave:reserve|53:flood:alternative|76:funding_collapse|85:flood:reserve,0.008262262659259825,0.076403513191814,0.039479964652737266,0.0080472097252272,6.037249485880653e-05,0.0007539383045198436,0.0004083478510068764,de9c0c41d04bff93
habitat_priority,"{""biobank"": 0.068, ""engagement"": 0.0935, ""ex_situ"": 0.136, ""genetics"": 0.0765, ""habitat"": 0.32, ""rescue"": 0.187, ""survey"": 0.11900000000000001}",4,S5,greedy_expected_utility,False,860400,0.625,0.625,5,5,898,898,1,0.3333333333333333,1.0,19.0,297.7296264014186,0.5352671070618084,4.331421851010222,0.00018252557562380123,0.9998174744243762,210,0,0,11221.216338495684,11221.216338495684,2244.2432676991366,1.5,0.6044871052220439,0.41314505330761425,0.00034289685598356455,112.5,44.99999999999999,0.14066062137653831,2,23:heatwave:semiwild|30:funding_collapse|59:heatwave:alternative|73:flood:origin,0.013270185885396564,0.05234966652873516,0.19687757937514155,0.014963309710689009,5.486349695737033e-05,0.0009277972319635882,0.00010632064101324617,de9c0c41d04bff93
habitat_priority,"{""biobank"": 0.068, ""engagement"": 0.0935, ""ex_situ"": 0.136, ""genetics"": 0.0765, ""habitat"": 0.32, ""rescue"": 0.187, ""survey"": 0.11900000000000001}",5,S5,greedy_expected_utility,False,860500,0.625,0.5,5,4,1131,1131,1,0.3333333333333333,1.0,20.0,354.5152037298902,0.6057931913260323,4.382344446467855,0.0017459848220791685,0.9982540151779208,77,0,0,11141.975671298222,11141.975671298222,2785.4939178245554,1.5,0.7088971342346467,0.36678972691907274,0.00013111614127162973,89.0,35.60000000000003,0.13538284515464769,2,8:funding_collapse|42:funding_collapse|67:funding_collapse,0.014229814657633805,0.05139446581381185,0.12948034918019297,0.01481037537161984,2.0978582603460756e-05,0.0009423424887170845,8.984076421130412e-05,de9c0c41d04bff93
habitat_priority,"{""biobank"": 0.068, ""engagement"": 0.0935, ""ex_situ"": 0.136, ""genetics"": 0.0765, ""habitat"": 0.32, ""rescue"": 0.187, ""survey"": 0.11900000000000001}",6,S5,greedy_expected_utility,False,860600,0.75,0.625,6,5,342,209,2,0.6666666666666666,1.0,27.0,261.5025016715021,0.5428152832497644,2.9593408415666955,0.009373096429147822,0.9906269035708521,145,0,0,11186.503907419534,11186.503907419534,2237.3007814839066,1.5,0.3636780559803749,0.37840966390856506,0.00020341106217904872,129.75,51.89999999999994,0.1559922494743032,1,17:heatwave:alternative|24:wildfire:alternative|29:heatwave:origin|76:wildfire:reserve|80:funding_collapse,0.012197232844847307,0.06223764505773127,0.16613241665875883,0.020232182775914927,3.25457699486478e-05,0.0010483116212786422,0.00014042680642482722,de9c0c41d04bff93
habitat_priority,"{""biobank"": 0.068, ""engagement"": 0.0935, ""ex_situ"": 0.136, ""genetics"": 0.0765, ""habitat"": 0.32, ""rescue"": 0.187, ""survey"": 0.11900000000000001}",7,S5,greedy_expected_utility,False,860700,0.5,0.5,4,4,333,191,1,0.3333333333333333,1.0,29.0,236.03215564737692,0.6168590329877223,3.31066945936491,0.040083749989029346,0.9599162500109707,162,0,0,11199.834195832347,11199.834195832347,2799.958548958087,1.5,0.3634636479878919,0.3190478043826285,0.00042347209518863317,155.5,62.19999999999991,0.12297372495095113,2,9:funding_collapse|36:flood:semiwild|38:heatwave:alternative|52:flood:alternative|69:flood:reserve|91:flood:origin,0.011937232153380037,0.06695772348616887,0.0912460457561502,0.011605259242383885,6.775553523018132e-05,0.0007632910356984498,0.0001908739261522137,de9c0c41d04bff93
habitat_priority,"{""biobank"": 0.068, ""engagement"": 0.0935, ""ex_situ"": 0.136, ""genetics"": 0.0765, ""habitat"": 0.32, ""rescue"": 0.187, ""survey"": 0.11900000000000001}",8,S5,greedy_expected_utility,False,860800,0.75,0.625,6,5,895,895,1,0.3333333333333333,1.0,40.0,306.26253654395623,0.5522201942412361,4.348545758634987,0.0015016539240301097,0.9984983460759699,145,0,0,11214.479039575965,11214.479039575965,2242.895807915193,1.5,0.6219393397456585,0.4172963109010981,0.00017574230318540698,129.5,51.799999999999976,0.15183459670091187,2,31:funding_collapse|58:flood:semiwild|69:heatwave:alternative,0.013644190980686628,0.05419695365811316,0.1785983951075961,0.016198933327863645,2.8118768509665117e-05,0.0010158207528853551,0.00011436735535806623,de9c0c41d04bff93
habitat_priority,"{""biobank"": 0.068, ""engagement"": 0.0935, ""ex_situ"": 0.136, ""genetics"": 0.0765, ""habitat"": 0.32, ""rescue"": 0.187, ""survey"": 0.11900000000000001}",9,S5,greedy_expected_utility,False,860900,0.625,0.625,5,5,1111,1111,1,0.3333333333333333,1.0,34.0,288.11159354183434,0.5598275534283137,4.393727555940339,0.004788117231299893,0.9952118827687001,85,0,0,11240.573142339486,11240.573142339486,2248.114628467897,1.5,0.7129462037120747,0.42470227705379243,9.758730067009106e-05,107.0,42.799999999999976,0.14110190561590763,2,52:heatwave:semiwild,0.013806012181495877,0.0512908934019639,0.17526509463313644,0.015138738957477249,1.5613968107214573e-05,0.0009095829381364882,0.00011624350773966211,de9c0c41d04bff93
habitat_priority,"{""biobank"": 0.068, ""engagement"": 0.0935, ""ex_situ"": 0.136, ""genetics"": 0.0765, ""habitat"": 0.32, ""rescue"": 0.187, ""survey"": 0.11900000000000001}",10,S5,greedy_expected_utility,False,861000,0.5,0.375,4,3,463,459,2,0.6666666666666666,1.0,22.5,263.56055944326823,0.7228857436837761,3.471929012795337,0.02619120231747594,0.973808797682524,257,0,0,11052.69882495492,11052.69882495492,3684.23294165164,1.5,0.45000175730578423,0.2692686520016445,0.0002658564025241065,131.75,52.69999999999999,0.10399593071556351,1,1:wildfire:reserve|23:flood:reserve|53:funding_collapse|62:funding_collapse|73:funding_collapse|98:wildfire:alternative,0.015188116233397124,0.06339731285937154,0.0033006000503995082,0.0008753371426700365,4.2537024403857044e-05,0.0006540135075555663,0.00018947973624429436,de9c0c41d04bff93
habitat_priority,"{""biobank"": 0.068, ""engagement"": 0.0935, ""ex_situ"": 0.136, ""genetics"": 0.0765, ""habitat"": 0.32, ""rescue"": 0.187, ""survey"": 0.11900000000000001}",11,S5,greedy_expected_utility,False,861100,0.5,0.5,4,4,685,685,1,0.3333333333333333,1.0,13.0,226.55931603739413,0.4902125510503473,4.62633725646718,6.702508851755496e-05,0.9999329749114825,68,0,0,11203.22076447855,11203.22076447855,2800.8051911196376,1.5,0.6616437607165974,0.3612484586382309,0.00018525646857918716,62.75,25.100000000000016,0.11910355000949668,2,5:funding_collapse|5:flood:origin|13:funding_collapse|63:wildfire:semiwild|93:funding_collapse,0.01251542415801473,0.04825421065028562,0.24885664869704852,0.010767866245999869,2.9641034972669945e-05,0.0005317153696424118,0.00010365950997092273,de9c0c41d04bff93
movement_cautious,"{""biobank"": 0.08, ""engagement"": 0.11, ""ex_situ"": 0.16, ""genetics"": 0.09, ""habitat"": 0.266, ""rescue"": 0.11, ""survey"": 0.18400000000000002}",0,S5,greedy_expected_utility,False,860000,0.0,0.0,0,0,0,0,2,0.6666666666666666,1.0,12.0,28.410997771800194,0.3008481257503984,0.0,,,31,0,0,11205.604838505713,11205.604838505713,11205.604838505713,1.5,0.48474186149899984,0.05559420215070492,0.0031747199741510813,28.25,11.300000000000002,0.0356000800040247,1,5:flood:origin|18:wildfire:reserve|100:funding_collapse,0.005711995782979822,0.04042646976183393,0.0007090550010646696,0.0026818789336362737,0.000507955195864173,0.0005050170769446604,0.0005858014833675444,a50a48d3f277e005
movement_cautious,"{""biobank"": 0.08, ""engagement"": 0.11, ""ex_situ"": 0.16, ""genetics"": 0.09, ""habitat"": 0.266, ""rescue"": 0.11, ""survey"": 0.18400000000000002}",1,S5,greedy_expected_utility,False,860100,0.75,0.375,6,3,470,463,0,0.0,0.0,,229.56327749521006,0.6256030318100017,3.9079820054585284,0.0006833166333318402,0.9993166833666681,137,0,0,11194.730763586023,11194.730763586022,3731.576921195341,1.5,0.372439522846115,0.27457203941422503,0.00018451322890821787,86.75,34.700000000000024,0.1474913353751412,3,11:heatwave:alternative|25:wildfire:alternative|33:wildfire:alternative|65:heatwave:alternative|69:heatwave:origin|90:flood:semiwild|91:flood:semiwild,0.013313872949649985,0.06402799246588158,0.09209367494887229,0.017651631980972173,2.9522116625314857e-05,0.001008080467433387,0.00011862186919490823,a50a48d3f277e005
movement_cautious,"{""biobank"": 0.08, ""engagement"": 0.11, ""ex_situ"": 0.16, ""genetics"": 0.09, ""habitat"": 0.266, ""rescue"": 0.11, ""survey"": 0.18400000000000002}",2,S5,greedy_expected_utility,False,860200,0.375,0.25,3,2,122,85,0,0.0,0.0,,142.56138911816518,0.6245218094825713,3.4670541941125457,0.0006915096783962668,0.9993084903216037,45,0,0,11147.303983723621,11147.303983723621,5573.6519918618105,1.5,0.2487040903918835,0.19344243920469717,0.0008690593371987962,51.5,20.6,0.10700744112191676,3,3:flood:alternative|21:heatwave:origin|43:flood:alternative|66:heatwave:alternative|67:wildfire:semiwild|71:funding_collapse|92:wildfire:reserve,0.01286081191639211,0.06636380682047176,0.07512976153132071,0.03130325743486723,0.00013904949395180744,0.0014190987036069125,0.00014091260943556309,a50a48d3f277e005
movement_cautious,"{""biobank"": 0.08, ""engagement"": 0.11, ""ex_situ"": 0.16, ""genetics"": 0.09, ""habitat"": 0.266, ""rescue"": 0.11, ""survey"": 0.18400000000000002}",3,S5,greedy_expected_utility,False,860300,0.375,0.25,3,2,128,0,0,0.0,0.0,,119.14915320050817,0.5938762450346973,3.2659026081828615,0.0014571482828282826,0.9985428517171717,95,0,0,11139.950859630482,11139.950859630482,5569.975429815241,1.5,0.2521613034659608,0.18797985483325994,0.00040583188436878285,94.5,37.80000000000001,0.08802349202417614,3,7:funding_collapse|11:flood:reserve|21:heatwave:reserve|23:wildfire:origin|34:heatwave:reserve|53:flood:alternative|76:funding_collapse|85:flood:reserve,0.006584118322145362,0.07810177577416333,0.0557681979578945,0.008122266266641795,6.493310149900524e-05,0.0006553697609740058,0.0002744582735958525,a50a48d3f277e005
movement_cautious,"{""biobank"": 0.08, ""engagement"": 0.11, ""ex_situ"": 0.16, ""genetics"": 0.09, ""habitat"": 0.266, ""rescue"": 0.11, ""survey"": 0.18400000000000002}",4,S5,greedy_expected_utility,False,860400,0.5,0.375,4,3,483,477,0,0.0,0.0,,227.91054531560385,0.609307783066068,4.24972044110531,0.0010540301378851801,0.9989459698621148,48,0,0,11190.46463836195,11190.464638361947,3730.154879453983,1.5,0.5307920290803242,0.28884586269724805,0.00014409526498483402,69.0,27.6,0.12259727689081255,3,23:heatwave:semiwild|30:funding_collapse|59:heatwave:alternative|73:flood:origin,0.013722273522052355,0.062244037822213716,0.10829350511676329,0.022741641168096717,2.3055242397573444e-05,0.001108942359471044,9.017741365273537e-05,a50a48d3f277e005
movement_cautious,"{""biobank"": 0.08, ""engagement"": 0.11, ""ex_situ"": 0.16, ""genetics"": 0.09, ""habitat"": 0.266, ""rescue"": 0.11, ""survey"": 0.18400000000000002}",5,S5,greedy_expected_utility,False,860500,0.5,0.5,4,4,956,956,0,0.0,0.0,,294.59965942704673,0.6161402764979965,4.0163508763786275,0.0012142478444648213,0.9987857521555352,68,0,0,11131.572795204711,11131.572795204711,2782.8931988011777,1.5,0.6156130387677353,0.35472665802135167,9.337645421282239e-05,73.25,29.3,0.14000922690395906,3,8:funding_collapse|42:funding_collapse|67:funding_collapse,0.01423134859401687,0.06167329789513822,0.1078954456086771,0.016499580772145184,1.4940232674051581e-05,0.001005966416703735,8.400363823430521e-05,a50a48d3f277e005
movement_cautious,"{""biobank"": 0.08, ""engagement"": 0.11, ""ex_situ"": 0.16, ""genetics"": 0.09, ""habitat"": 0.266, ""rescue"": 0.11, ""survey"": 0.18400000000000002}",6,S5,greedy_expected_utility,False,860600,0.5,0.25,4,2,35,5,2,0.6666666666666666,1.0,19.5,194.18434420466926,0.6368861976024691,2.855656108597285,0.014655394606993003,0.985344605393007,49,0,0,11174.141048520325,11174.141048520325,5587.0705242601625,1.5,0.29750164995262324,0.1960944564420667,0.0005616691559982564,78.75,31.50000000000002,0.12643865180415756,1,17:heatwave:alternative|24:wildfire:alternative|29:heatwave:origin|76:wildfire:reserve|80:funding_collapse,0.012199843041632647,0.07503680004502303,0.0709891398946502,0.0073012877740128755,8.986706495972102e-05,0.0006337340918459321,0.0002601182152083365,a50a48d3f277e005
movement_cautious,"{""biobank"": 0.08, ""engagement"": 0.11, ""ex_situ"": 0.16, ""genetics"": 0.09, ""habitat"": 0.266, ""rescue"": 0.11, ""survey"": 0.18400000000000002}",7,S5,greedy_expected_utility,False,860700,0.5,0.25,4,2,92,7,1,0.3333333333333333,1.0,36.0,185.13259539221633,0.6301857320321264,2.101444771382286,0.02753100383282717,0.9724689961671729,67,0,0,11198.0961256642,11198.0961256642,5599.0480628321,1.5,0.29083324319913095,0.18908827608649967,0.000462328930489702,98.25,39.300000000000004,0.1324525202638186,2,9:funding_collapse|36:flood:semiwild|38:heatwave:alternative|52:flood:alternative|69:flood:reserve|91:flood:origin,0.011786362723458878,0.07753958693465149,0.0571272801695697,0.019019606691775322,7.397262887835231e-05,0.0010271385848544836,0.00020551857339788318,a50a48d3f277e005
movement_cautious,"{""biobank"": 0.08, ""engagement"": 0.11, ""ex_situ"": 0.16, ""genetics"": 0.09, ""habitat"": 0.266, ""rescue"": 0.11, ""survey"": 0.18400000000000002}",8,S5,greedy_expected_utility,False,860800,0.625,0.5,5,4,532,527,1,0.3333333333333333,1.0,26.0,205.4139187282911,0.6291843072235667,2.457487807823954,0.0031903797119207343,0.9968096202880793,91,0,0,11200.000637881016,11200.000637881016,2800.000159470254,1.5,0.5122413776078264,0.33156671435523105,0.00012118483839020437,86.75,34.70000000000002,0.1538384925810441,2,31:funding_collapse|58:flood:semiwild|69:heatwave:alternative,0.013781272427582134,0.06669166961716075,0.08620337246859759,0.019799288950788908,1.93895741424327e-05,0.0012101302649677587,0.00015488415810766974,a50a48d3f277e005
movement_cautious,"{""biobank"": 0.08, ""engagement"": 0.11, ""ex_situ"": 0.16, ""genetics"": 0.09, ""habitat"": 0.266, ""rescue"": 0.11, ""survey"": 0.18400000000000002}",9,S5,greedy_expected_utility,False,860900,0.5,0.5,4,4,646,646,0,0.0,0.0,,236.71718531841015,0.6023499149502606,3.2356158833606496,0.0018375814310714073,0.9981624185689286,81,0,0,11225.01896373073,11225.01896373073,2806.2547409326826,1.5,0.6200872413167607,0.34900894860158155,0.00014775567924544907,70.25,28.100000000000016,0.1482203281814948,3,52:heatwave:semiwild,0.013722230972688041,0.061951237419741026,0.11908997011123697,0.01882899518392514,2.3640908679271853e-05,0.0009433030183893982,9.591755581178063e-05,a50a48d3f277e005
movement_cautious,"{""biobank"": 0.08, ""engagement"": 0.11, ""ex_situ"": 0.16, ""genetics"": 0.09, ""habitat"": 0.266, ""rescue"": 0.11, ""survey"": 0.18400000000000002}",10,S5,greedy_expected_utility,False,861000,0.5,0.375,4,3,420,407,0,0.0,0.0,,189.30670604707782,0.7146199665217604,2.378083734629928,0.09001897033832156,0.9099810296616785,146,0,0,11039.983726475026,11039.983726475024,3679.9945754916753,1.5,0.34842387971792704,0.25105437847919393,0.00024315640477844076,88.75,35.50000000000001,0.11840576580550977,3,1:wildfire:reserve|23:flood:reserve|53:funding_collapse|62:funding_collapse|73:funding_collapse|98:wildfire:alternative,0.014934158014889011,0.0709662388318648,0.00252093496403075,0.0010612120463378344,3.890502476455052e-05,0.0006099131183204707,0.0001917010580894668,a50a48d3f277e005
movement_cautious,"{""biobank"": 0.08, ""engagement"": 0.11, ""ex_situ"": 0.16, ""genetics"": 0.09, ""habitat"": 0.266, ""rescue"": 0.11, ""survey"": 0.18400000000000002}",11,S5,greedy_expected_utility,False,861100,0.375,0.375,3,3,588,584,1,0.3333333333333333,1.0,15.0,206.31148312678135,0.559919864377205,3.249601798713011,0.004474409173336185,0.9955255908266638,107,0,0,11175.498084342655,11175.498084342655,3725.166028114218,1.5,0.6046885655188846,0.28439305161871686,0.000215070775191947,63.25,25.300000000000015,0.11339088539849128,2,5:funding_collapse|5:flood:origin|13:funding_collapse|63:wildfire:semiwild|93:funding_collapse,0.01267988021471339,0.06024539308026752,0.16633717291208824,0.009904948396772606,3.441132403071152e-05,0.0005426192616891921,0.00012157923799586273,a50a48d3f277e005
fixed_archetype,"{""biobank"": 0.019999999999999997, ""engagement"": 0.09999999999999998, ""ex_situ"": 0.0, ""genetics"": 0.029999999999999992, ""habitat"": 0.6799999999999999, ""rescue"": 0.029999999999999992, ""survey"": 0.13999999999999999}",0,S6,rule,False,870000,0.75,0.75,6,6,983,983,1,0.3333333333333333,1.0,22.0,690.2923493193215,0.7792202426321218,5.541155232720635,0.0,1.0,0,0,0,11160.763346823445,11160.763346823447,1860.1272244705742,1.5,0.9591359359999999,0.49818066992316373,0.00014367816091954023,0.0,0.0,0.04677761997978685,2,24:wildfire:semiwild|28:funding_collapse|77:flood:alternative|88:funding_collapse|92:funding_collapse,0.01600000000000001,0.03370026192487909,0.0,0.0,2.2988505747126437e-05,0.0010565069372517632,0.0,ed475be2f5ed52e7
fixed_archetype,"{""biobank"": 0.019999999999999997, ""engagement"": 0.09999999999999998, ""ex_situ"": 0.0, ""genetics"": 0.029999999999999992, ""habitat"": 0.6799999999999999, ""rescue"": 0.029999999999999992, ""survey"": 0.13999999999999999}",1,S6,rule,False,870100,0.75,0.75,6,6,936,936,0,0.0,0.0,,678.826545114111,0.7793963742315926,5.8294781135009055,0.0005446135441472593,0.9994553864558527,0,0,0,11179.445435994798,11179.4454359948,1863.240905999133,1.5,0.9044097073961453,0.49595473433498394,0.00012734833009559046,0.0,0.0,0.04859491230180153,3,13:funding_collapse|15:wildfire:reserve|65:heatwave:semiwild|74:funding_collapse|84:heatwave:semiwild|97:flood:alternative,0.01600000000000001,0.033592732837650796,0.0,0.0,2.0375732815294473e-05,0.0009905171979410724,0.0,ed475be2f5ed52e7
fixed_archetype,"{""biobank"": 0.019999999999999997, ""engagement"": 0.09999999999999998, ""ex_situ"": 0.0, ""genetics"": 0.029999999999999992, ""habitat"": 0.6799999999999999, ""rescue"": 0.029999999999999992, ""survey"": 0.13999999999999999}",2,S6,rule,False,870200,0.875,0.5,7,4,33,33,1,0.3333333333333333,1.0,16.0,366.0463736010256,0.7470554046982365,2.9227761485826007,0.003887144399999999,0.9961128556,0,0,0,11127.827464495438,11127.82746449544,2781.9568661238595,1.5,0.6918455514363692,0.3317560136859759,0.00029512424280135076,0.0,0.0,0.041718485282564916,2,27:funding_collapse|39:flood:reserve|40:funding_collapse|44:heatwave:reserve|47:heatwave:origin|59:funding_collapse|59:heatwave:reserve|86:funding_collapse|93:wildfire:origin,0.01600000000000001,0.06601710652535994,0.0,0.0,4.721987884821612e-05,0.0008802688975555624,0.0,ed475be2f5ed52e7
fixed_archetype,"{""biobank"": 0.019999999999999997, ""engagement"": 0.09999999999999998, ""ex_situ"": 0.0, ""genetics"": 0.029999999999999992, ""habitat"": 0.6799999999999999, ""rescue"": 0.029999999999999992, ""survey"": 0.13999999999999999}",3,S6,rule,False,870300,0.875,0.875,7,7,1100,1100,0,0.0,0.0,,693.8636949075276,0.7799538354008484,4.843167598237985,0.0018705879958841579,0.9981294120041159,0,0,0,11257.357186533314,11257.357186533316,1608.1938837904734,1.5,0.9618319999999998,0.5486358103352416,0.00018742051524290543,0.0,0.0,0.05135467176430833,3,69:heatwave:alternative|99:flood:semiwild,0.01600000000000001,0.0330946052031134,0.0,0.0,2.998728243886487e-05,0.0009215721135989875,0.0,ed475be2f5ed52e7
fixed_archetype,"{""biobank"": 0.019999999999999997, ""engagement"": 0.09999999999999998, ""ex_situ"": 0.0, ""genetics"": 0.029999999999999992, ""habitat"": 0.6799999999999999, ""rescue"": 0.029999999999999992, ""survey"": 0.13999999999999999}",4,S6,rule,False,870400,0.875,0.75,7,6,973,973,0,0.0,0.0,,652.6531047563268,0.7800789331487679,4.755021641372021,0.031606966370221555,0.9683930336297785,0,0,0,11224.317186533315,11224.317186533317,1870.7195310888858,1.5,0.8852344184723476,0.48379823280669165,0.0002659795540468921,0.0,0.0,0.05112287272868343,3,55:funding_collapse|68:flood:reserve|78:wildfire:semiwild|88:heatwave:alternative,0.01600000000000001,0.03286605927848425,0.0,0.0,4.2556728647502744e-05,0.0010124508441007136,0.0,ed475be2f5ed52e7
fixed_archetype,"{""biobank"": 0.019999999999999997, ""engagement"": 0.09999999999999998, ""ex_situ"": 0.0, ""genetics"": 0.029999999999999992, ""habitat"": 0.6799999999999999, ""rescue"": 0.029999999999999992, ""survey"": 0.13999999999999999}",5,S6,rule,False,870500,0.5,0.375,4,3,106,106,0,0.0,0.0,,255.60532892643567,0.7426705435120666,3.2241208501121807,0.018533882955487174,0.9814661170445128,0,0,0,11134.847651987011,11134.847651987013,3711.61588399567,1.5,0.7594034585387615,0.28449795403512723,0.00026702817645377156,0.0,0.0,0.03783199840064645,3,14:funding_collapse|17:funding_collapse|19:funding_collapse|36:wildfire:origin|43:wildfire:alternative|48:funding_collapse|50:flood:semiwild|64:heatwave:alternative|93:flood:reserve,0.01600000000000001,0.07040040678166118,0.0,0.0,4.272450823260345e-05,0.0008863251980398216,0.0,ed475be2f5ed52e7
fixed_archetype,"{""biobank"": 0.019999999999999997, ""engagement"": 0.09999999999999998, ""ex_situ"": 0.0, ""genetics"": 0.029999999999999992, ""habitat"": 0.6799999999999999, ""rescue"": 0.029999999999999992, ""survey"": 0.13999999999999999}",6,S6,rule,False,870600,0.875,0.875,7,7,1029,1029,0,0.0,0.0,,721.8627378545373,0.7785838159391258,5.163085621511684,0.0006566161093248977,0.9993433838906751,0,0,0,11158.237186533315,11158.237186533315,1594.0338837904735,1.5,0.9325840027222814,0.5488391866357025,0.0002802454571819956,0.0,0.0,0.05099965074178751,3,52:funding_collapse|66:funding_collapse|73:funding_collapse|77:heatwave:reserve,0.01600000000000001,0.034382625181039635,0.0,0.0,4.483927314911929e-05,0.0009887196066850927,0.0,ed475be2f5ed52e7
fixed_archetype,"{""biobank"": 0.019999999999999997, ""engagement"": 0.09999999999999998, ""ex_situ"": 0.0, ""genetics"": 0.029999999999999992, ""habitat"": 0.6799999999999999, ""rescue"": 0.029999999999999992, ""survey"": 0.13999999999999999}",7,S6,rule,False,870700,0.875,0.875,7,7,1132,1132,0,0.0,0.0,,739.5690582871008,0.778410266358613,5.960886967479246,0.0,1.0,0,0,0,11188.08077899526,11188.080778995261,1598.29725414218,1.5,0.9604839679999998,0.560299258815701,0.00022494320757993297,0.0,0.0,0.054459961704542884,3,4:funding_collapse|25:heatwave:reserve|48:wildfire:reserve|96:funding_collapse,0.01600000000000001,0.03462334953693704,0.0,0.0,3.599091321278928e-05,0.0009303931912371864,0.0,ed475be2f5ed52e7
fixed_archetype,"{""biobank"": 0.019999999999999997, ""engagement"": 0.09999999999999998, ""ex_situ"": 0.0, ""genetics"": 0.029999999999999992, ""habitat"": 0.6799999999999999, ""rescue"": 0.029999999999999992, ""survey"": 0.13999999999999999}",8,S6,rule,False,870800,0.875,0.75,7,6,900,900,1,0.3333333333333333,1.0,16.0,710.0025197330119,0.7775332574962768,6.5740988559617675,0.0,1.0,0,0,0,11181.504001562062,11181.504001562062,1863.5840002603436,1.5,0.8737043990093761,0.5003693209317452,0.00024192121816779522,0.0,0.0,0.04878946235594918,2,4:funding_collapse|6:heatwave:alternative|47:flood:semiwild|66:wildfire:reserve|100:flood:origin,0.01600000000000001,0.03544112210885177,0.0,0.0,3.870739490684724e-05,0.0009869129999646375,0.0,ed475be2f5ed52e7
fixed_archetype,"{""biobank"": 0.019999999999999997, ""engagement"": 0.09999999999999998, ""ex_situ"": 0.0, ""genetics"": 0.029999999999999992, ""habitat"": 0.6799999999999999, ""rescue"": 0.029999999999999992, ""survey"": 0.13999999999999999}",9,S6,rule,False,870900,0.0,0.0,0,0,0,0,2,0.6666666666666666,1.0,18.0,20.623107028621398,0.19161526567225082,0.0,,,0,0,0,10992.58641765413,10992.586417654133,10992.58641765413,1.5,0.7381975708604758,0.07485244551763193,0.0004237725266558059,0.0,0.0,0.005163442157921682,1,4:flood:origin|7:funding_collapse|17:wildfire:origin|27:funding_collapse|62:funding_collapse|73:funding_collapse|95:funding_collapse,0.004480000000000003,0.03599485913672268,0.0,0.0,6.780360426492893e-05,0.00024207158676161584,0.0,ed475be2f5ed52e7
fixed_archetype,"{""biobank"": 0.019999999999999997, ""engagement"": 0.09999999999999998, ""ex_situ"": 0.0, ""genetics"": 0.029999999999999992, ""habitat"": 0.6799999999999999, ""rescue"": 0.029999999999999992, ""survey"": 0.13999999999999999}",10,S6,rule,False,871000,0.875,0.875,7,7,1057,1057,0,0.0,0.0,,699.4575469232824,0.7793883688921532,4.927237450375335,0.045718494925281496,0.9542815050747185,0,0,0,11195.673531052873,11195.673531052875,1599.3819330075532,1.5,0.9614501467336236,0.5500826687333031,2.5125628140703518e-05,0.0,0.0,0.05457639778093692,3,11:wildfire:reserve|37:funding_collapse|37:heatwave:semiwild|53:wildfire:reserve|94:flood:semiwild,0.01600000000000001,0.033578673902086666,0.0,0.0,4.020100502512563e-06,0.0010289371052576027,0.0,ed475be2f5ed52e7
fixed_archetype,"{""biobank"": 0.019999999999999997, ""engagement"": 0.09999999999999998, ""ex_situ"": 0.0, ""genetics"": 0.029999999999999992, ""habitat"": 0.6799999999999999, ""rescue"": 0.029999999999999992, ""survey"": 0.13999999999999999}",11,S6,rule,False,871100,0.75,0.5,6,4,271,271,1,0.3333333333333333,1.0,17.0,404.0903949340312,0.7546917281765191,4.2160739645943055,0.0,1.0,0,0,0,11127.292204320136,11127.292204320136,2781.823051080034,1.5,0.8372506518117175,0.35931111777245694,0.00029529287254330226,0.0,0.0,0.04212656472671053,2,4:flood:reserve|22:heatwave:alternative|46:heatwave:origin|66:funding_collapse|87:wildfire:reserve|93:funding_collapse,0.01600000000000001,0.05829412006791693,0.0,0.0,4.724685960692837e-05,0.0009669048959574754,0.0,ed475be2f5ed52e7
equal_active_categories,"{""biobank"": 0.16666666666666669, ""engagement"": 0.16666666666666669, ""ex_situ"": 0.0, ""genetics"": 0.16666666666666669, ""habitat"": 0.16666666666666669, ""rescue"": 0.16666666666666669, ""survey"": 0.16666666666666669}",0,S6,rule,False,870000,0.5,0.0,4,0,0,0,2,0.6666666666666666,1.0,25.5,95.65882771007584,0.5213729822809892,0.0,,,0,0,0,11116.98741521478,11116.987415214782,11116.98741521478,1.5,0.38886544091227515,0.07017646879600395,0.00014339678910482628,0.0,0.0,0.1564496235238821,1,24:wildfire:semiwild|28:funding_collapse|77:flood:alternative|88:funding_collapse|92:funding_collapse,0.011680000000000008,0.07223973356579513,0.0,0.0,2.2943486256772203e-05,0.0005843406669586141,0.0,bed028ea476f5b23
equal_active_categories,"{""biobank"": 0.16666666666666669, ""engagement"": 0.16666666666666669, ""ex_situ"": 0.0, ""genetics"": 0.16666666666666669, ""habitat"": 0.16666666666666669, ""rescue"": 0.16666666666666669, ""survey"": 0.16666666666666669}",1,S6,rule,False,870100,0.25,0.0,2,0,0,0,0,0.0,0.0,,69.18611955258761,0.42686358381685174,0.0,,,0,0,0,11121.761230062792,11121.761230062792,11121.761230062792,1.5,0.30670057094672315,0.057000716104199996,0.00018940467773342147,0.0,0.0,0.1316532950476384,3,13:funding_collapse|15:wildfire:reserve|65:heatwave:semiwild|74:funding_collapse|84:heatwave:semiwild|97:flood:alternative,0.009440000000000007,0.05292952315677726,0.0,0.0,3.030474843734743e-05,0.00043658827793361673,0.0,bed028ea476f5b23
equal_active_categories,"{""biobank"": 0.16666666666666669, ""engagement"": 0.16666666666666669, ""ex_situ"": 0.0, ""genetics"": 0.16666666666666669, ""habitat"": 0.16666666666666669, ""rescue"": 0.16666666666666669, ""survey"": 0.16666666666666669}",2,S6,rule,False,870200,0.5,0.0,4,0,0,0,1,0.3333333333333333,1.0,14.0,102.43870835180206,0.4260064330112469,0.0,,,0,0,0,11078.120649218867,11078.120649218868,11078.120649218867,1.5,0.28669492781271794,0.056273512563013384,0.0004211682995287323,0.0,0.0,0.13802009890870792,2,27:funding_collapse|39:flood:reserve|40:funding_collapse|44:heatwave:reserve|47:heatwave:origin|59:funding_collapse|59:heatwave:reserve|86:funding_collapse|93:wildfire:origin,0.009600000000000008,0.06179537194576445,0.0,0.0,6.738692792459717e-05,0.000530808115064123,0.0,bed028ea476f5b23
equal_active_categories,"{""biobank"": 0.16666666666666669, ""engagement"": 0.16666666666666669, ""ex_situ"": 0.0, ""genetics"": 0.16666666666666669, ""habitat"": 0.16666666666666669, ""rescue"": 0.16666666666666669, ""survey"": 0.16666666666666669}",3,S6,rule,False,870300,0.5,0.0,4,0,0,0,1,0.3333333333333333,1.0,22.0,95.02579546735869,0.4885963310376432,0.0,,,0,0,0,11213.279414144978,11213.279414144978,11213.279414144978,1.5,0.4092462390581253,0.06898159295777903,0.00018884277792059938,0.0,0.0,0.14028484525983248,2,69:heatwave:alternative|99:flood:semiwild,0.010880000000000008,0.06435371535014321,0.0,0.0,3.02148444672959e-05,0.00053973876774622,0.0,bed028ea476f5b23
equal_active_categories,"{""biobank"": 0.16666666666666669, ""engagement"": 0.16666666666666669, ""ex_situ"": 0.0, ""genetics"": 0.16666666666666669, ""habitat"": 0.16666666666666669, ""rescue"": 0.16666666666666669, ""survey"": 0.16666666666666669}",4,S6,rule,False,870400,0.25,0.0,2,0,0,0,1,0.3333333333333333,1.0,23.0,87.86806097500846,0.4881409544363542,0.0,,,0,0,0,11180.239414144977,11180.239414144979,11180.239414144977,1.5,0.22036614008857955,0.0523634207734701,0.0002475273557334092,0.0,0.0,0.15163403382306073,2,55:funding_collapse|68:flood:reserve|78:wildfire:semiwild|88:heatwave:alternative,0.010880000000000008,0.06472510477284414,0.0,0.0,3.960437691734547e-05,0.0006143364138844205,0.0,bed028ea476f5b23
equal_active_categories,"{""biobank"": 0.16666666666666669, ""engagement"": 0.16666666666666669, ""ex_situ"": 0.0, ""genetics"": 0.16666666666666669, ""habitat"": 0.16666666666666669, ""rescue"": 0.16666666666666669, ""survey"": 0.16666666666666669}",5,S6,rule,False,870500,0.125,0.0,1,0,0,0,1,0.3333333333333333,1.0,28.0,80.45903158331072,0.40721867989704275,0.0,,,0,0,0,11085.444456444675,11085.444456444675,11085.444456444675,1.5,0.16855566931863467,0.04142141589497985,0.00013179097605893185,0.0,0.0,0.12282924481558191,2,14:funding_collapse|17:funding_collapse|19:funding_collapse|36:wildfire:origin|43:wildfire:alternative|48:funding_collapse|50:flood:semiwild|64:heatwave:alternative|93:flood:reserve,0.009280000000000007,0.06440833738652361,0.0,0.0,2.10865561694291e-05,0.00047189616026431134,0.0,bed028ea476f5b23
equal_active_categories,"{""biobank"": 0.16666666666666669, ""engagement"": 0.16666666666666669, ""ex_situ"": 0.0, ""genetics"": 0.16666666666666669, ""habitat"": 0.16666666666666669, ""rescue"": 0.16666666666666669, ""survey"": 0.16666666666666669}",6,S6,rule,False,870600,0.375,0.0,3,0,0,0,1,0.3333333333333333,1.0,34.0,109.25382114462802,0.5084437269320508,0.0,,,0,0,0,11114.159414144977,11114.159414144979,11114.159414144977,1.5,0.35963232167184706,0.0675868247929933,0.00013002220876236624,0.0,0.0,0.15811796312904297,2,52:funding_collapse|66:funding_collapse|73:funding_collapse|77:heatwave:reserve,0.011360000000000007,0.06885002365672403,0.0,0.0,2.0803553401978598e-05,0.0006254458578233525,0.0,bed028ea476f5b23
equal_active_categories,"{""biobank"": 0.16666666666666669, ""engagement"": 0.16666666666666669, ""ex_situ"": 0.0, ""genetics"": 0.16666666666666669, ""habitat"": 0.16666666666666669, ""rescue"": 0.16666666666666669, ""survey"": 0.16666666666666669}",7,S6,rule,False,870700,0.5,0.0,4,0,0,0,0,0.0,0.0,,107.99905957531138,0.4945337548042076,0.0,,,0,0,0,11132.7939675209,11132.793967520902,11132.7939675209,1.5,0.28968885695495694,0.06090921797280385,0.00013137609903518554,0.0,0.0,0.15970166138654077,3,4:funding_collapse|25:heatwave:reserve|48:wildfire:reserve|96:funding_collapse,0.011040000000000008,0.06654886883128698,0.0,0.0,2.1020175845629685e-05,0.0005563561886597376,0.0,bed028ea476f5b23
equal_active_categories,"{""biobank"": 0.16666666666666669, ""engagement"": 0.16666666666666669, ""ex_situ"": 0.0, ""genetics"": 0.16666666666666669, ""habitat"": 0.16666666666666669, ""rescue"": 0.16666666666666669, ""survey"": 0.16666666666666669}",8,S6,rule,False,870800,0.25,0.0,2,0,0,0,0,0.0,0.0,,90.02658791115903,0.48160143636511793,0.0,,,0,0,0,11118.815024452691,11118.815024452693,11118.815024452691,1.5,0.29336709146750495,0.057644079115555295,0.00021673739855558038,0.0,0.0,0.14153684984402398,3,4:funding_collapse|6:heatwave:alternative|47:flood:semiwild|66:wildfire:reserve|100:flood:origin,0.010720000000000007,0.0631381033640423,0.0,0.0,3.467798376889286e-05,0.0006057822870710508,0.0,bed028ea476f5b23
equal_active_categories,"{""biobank"": 0.16666666666666669, ""engagement"": 0.16666666666666669, ""ex_situ"": 0.0, ""genetics"": 0.16666666666666669, ""habitat"": 0.16666666666666669, ""rescue"": 0.16666666666666669, ""survey"": 0.16666666666666669}",9,S6,rule,False,870900,0.0,0.0,0,0,0,0,2,0.6666666666666666,1.0,17.5,16.87971914349255,0.15519154588942213,0.0,,,0,0,0,10873.363091053594,10873.363091053594,10873.363091053594,1.5,0.46543392848773846,0.05374250143124385,0.00022457341793726232,0.0,0.0,0.035995542912350034,1,4:flood:origin|7:funding_collapse|17:wildfire:origin|27:funding_collapse|62:funding_collapse|73:funding_collapse|95:funding_collapse,0.0036800000000000023,0.031815342600399116,0.0,0.0,3.593174686996197e-05,0.00017717976330878748,0.0,bed028ea476f5b23
equal_active_categories,"{""biobank"": 0.16666666666666669, ""engagement"": 0.16666666666666669, ""ex_situ"": 0.0, ""genetics"": 0.16666666666666669, ""habitat"": 0.16666666666666669, ""rescue"": 0.16666666666666669, ""survey"": 0.16666666666666669}",10,S6,rule,False,871000,0.25,0.0,2,0,0,0,1,0.3333333333333333,1.0,10.0,86.84208581893765,0.48856651603853507,0.0,,,0,0,0,11131.348137283969,11131.34813728397,11131.348137283969,1.5,0.2871532756266116,0.05770569528829758,5.2701013748090546e-05,0.0,0.0,0.1449518386281821,2,11:wildfire:reserve|37:funding_collapse|37:heatwave:semiwild|53:wildfire:reserve|94:flood:semiwild,0.010880000000000008,0.06442954650423488,0.0,0.0,8.432162199694487e-06,0.0005155052950302396,0.0,bed028ea476f5b23
equal_active_categories,"{""biobank"": 0.16666666666666669, ""engagement"": 0.16666666666666669, ""ex_situ"": 0.0, ""genetics"": 0.16666666666666669, ""habitat"": 0.16666666666666669, ""rescue"": 0.16666666666666669, ""survey"": 0.16666666666666669}",11,S6,rule,False,871100,0.375,0.0,3,0,0,0,0,0.0,0.0,,83.46496319840017,0.3817861774394708,0.0,,,0,0,0,11024.274511270187,11024.274511270189,11024.274511270187,1.5,0.17868782809269065,0.04285201687592511,0.00030198820360508494,0.0,0.0,0.12491617033328022,3,4:flood:reserve|22:heatwave:alternative|46:heatwave:origin|66:funding_collapse|87:wildfire:reserve|93:funding_collapse,0.008480000000000007,0.04920128241138659,0.0,0.0,4.83181125768136e-05,0.0003842220365657834,0.0,bed028ea476f5b23
habitat_priority,"{""biobank"": 0.013000000000000001, ""engagement"": 0.065, ""ex_situ"": 0.0, ""genetics"": 0.0195, ""habitat"": 0.792, ""rescue"": 0.0195, ""survey"": 0.09100000000000003}",0,S6,rule,False,870000,0.875,0.875,7,7,1160,1160,1,0.3333333333333333,1.0,20.0,783.170857812857,0.7827689587028682,4.903658109686932,0.0,1.0,0,0,0,11158.142890736004,11158.142890736004,1594.0204129622864,1.5,0.9748755583999998,0.5470829003654785,0.00014351348680960378,0.0,0.0,0.03404381714304577,2,24:wildfire:semiwild|28:funding_collapse|77:flood:alternative|88:funding_collapse|92:funding_collapse,0.01600000000000001,0.03021134714599506,0.0,0.0,2.2962157889536604e-05,0.0009967319932471066,0.0,372f8b4989e9eb77
habitat_priority,"{""biobank"": 0.013000000000000001, ""engagement"": 0.065, ""ex_situ"": 0.0, ""genetics"": 0.0195, ""habitat"": 0.792, ""rescue"": 0.0195, ""survey"": 0.09100000000000003}",1,S6,rule,False,870100,0.875,0.875,7,7,1170,1170,1,0.3333333333333333,1.0,18.0,764.0151807778644,0.7834147343955686,5.387484286495024,0.0,1.0,0,0,0,11180.263526016615,11180.263526016613,1597.1805037166594,1.5,0.924530646062812,0.5470389160355792,2.5125628140703518e-05,0.0,0.0,0.03480504282173853,2,13:funding_collapse|15:wildfire:reserve|65:heatwave:semiwild|74:funding_collapse|84:heatwave:semiwild|97:flood:alternative,0.01600000000000001,0.02965881676595568,0.0,0.0,4.020100502512563e-06,0.0009224287379730763,0.0,372f8b4989e9eb77
habitat_priority,"{""biobank"": 0.013000000000000001, ""engagement"": 0.065, ""ex_situ"": 0.0, ""genetics"": 0.0195, ""habitat"": 0.792, ""rescue"": 0.0195, ""survey"": 0.09100000000000003}",2,S6,rule,False,870200,0.875,0.5,7,4,263,263,1,0.3333333333333333,1.0,15.0,495.906396161796,0.7589976225192057,4.566796670824879,0.0016965517241379307,0.998303448275862,0,0,0,11125.21653735604,11125.21653735604,2781.30413433901,1.5,0.801208790117689,0.357054833482844,0.00025435021881107736,0.0,0.0,0.03132993881413152,2,27:funding_collapse|39:flood:reserve|40:funding_collapse|44:heatwave:reserve|47:heatwave:origin|59:funding_collapse|59:heatwave:reserve|86:funding_collapse|93:wildfire:origin,0.01600000000000001,0.05402743539499248,0.0,0.0,4.069603500977237e-05,0.0009342460507918134,0.0,372f8b4989e9eb77
habitat_priority,"{""biobank"": 0.013000000000000001, ""engagement"": 0.065, ""ex_situ"": 0.0, ""genetics"": 0.0195, ""habitat"": 0.792, ""rescue"": 0.0195, ""survey"": 0.09100000000000003}",3,S6,rule,False,870300,0.625,0.625,5,5,941,941,0,0.0,0.0,,620.7929114284602,0.7861290757739893,6.786964123134257,0.0,1.0,0,0,0,11254.686250577874,11254.686250577874,2250.937250115575,1.5,0.9778735999999998,0.45193270625588156,0.00026477607118944376,0.0,0.0,0.02512852512269521,3,69:heatwave:alternative|99:flood:semiwild,0.01600000000000001,0.026866723578025452,0.0,0.0,4.2364171390311004e-05,0.0009618364765952046,0.0,372f8b4989e9eb77
habitat_priority,"{""biobank"": 0.013000000000000001, ""engagement"": 0.065, ""ex_situ"": 0.0, ""genetics"": 0.0195, ""habitat"": 0.792, ""rescue"": 0.0195, ""survey"": 0.09100000000000003}",4,S6,rule,False,870400,0.875,0.875,7,7,1184,1184,0,0.0,0.0,,771.9600123394005,0.7833863166452903,5.552781310553065,0.0,1.0,0,0,0,11221.646250577875,11221.646250577873,1603.092321511125,1.5,0.9204116012470793,0.5485080170136023,0.0002913119343670622,0.0,0.0,0.035945218916818636,3,55:funding_collapse|68:flood:reserve|78:wildfire:semiwild|88:heatwave:alternative,0.01600000000000001,0.029589235511572366,0.0,0.0,4.660990949872995e-05,0.000977837933638435,0.0,372f8b4989e9eb77
habitat_priority,"{""biobank"": 0.013000000000000001, ""engagement"": 0.065, ""ex_situ"": 0.0, ""genetics"": 0.0195, ""habitat"": 0.792, ""rescue"": 0.0195, ""survey"": 0.09100000000000003}",5,S6,rule,False,870500,0.75,0.5,6,4,576,576,1,0.3333333333333333,1.0,23.0,399.3832155300385,0.7615052544537952,4.901009893391356,0.0,1.0,0,0,0,11132.473660922135,11132.473660922133,2783.1184152305336,1.5,0.841341569371377,0.36373742211043825,0.00026762136229983174,0.0,0.0,0.02796583119693471,2,14:funding_collapse|17:funding_collapse|19:funding_collapse|36:wildfire:origin|43:wildfire:alternative|48:funding_collapse|50:flood:semiwild|64:heatwave:alternative|93:flood:reserve,0.01600000000000001,0.051495393666727576,0.0,0.0,4.2819417967973076e-05,0.0009565324615092531,0.0,372f8b4989e9eb77
habitat_priority,"{""biobank"": 0.013000000000000001, ""engagement"": 0.065, ""ex_situ"": 0.0, ""genetics"": 0.0195, ""habitat"": 0.792, ""rescue"": 0.0195, ""survey"": 0.09100000000000003}",6,S6,rule,False,870600,0.875,0.875,7,7,1177,1177,0,0.0,0.0,,780.3329561625405,0.7835286262653537,5.316308869053363,0.0,1.0,0,0,0,11155.566250577875,11155.566250577873,1593.652321511125,1.5,0.9725239067222807,0.5505637751320345,0.0001773225437941207,0.0,0.0,0.031991478846364385,3,52:funding_collapse|66:funding_collapse|73:funding_collapse|77:heatwave:reserve,0.01600000000000001,0.02944921492930939,0.0,0.0,2.8371607007059312e-05,0.0009937871983298858,0.0,372f8b4989e9eb77
habitat_priority,"{""biobank"": 0.013000000000000001, ""engagement"": 0.065, ""ex_situ"": 0.0, ""genetics"": 0.0195, ""habitat"": 0.792, ""rescue"": 0.0195, ""survey"": 0.09100000000000003}",7,S6,rule,False,870700,0.75,0.75,6,6,1100,1100,1,0.3333333333333333,1.0,9.0,720.6971246295451,0.7843463525178772,5.2497424804188455,0.00028395419514351864,0.9997160458048565,0,0,0,11185.939042196802,11185.939042196802,1864.323173699467,1.5,0.9763035391999999,0.49358658225114094,7.77991060224783e-05,0.0,0.0,0.029794017634762533,2,4:funding_collapse|25:heatwave:reserve|48:wildfire:reserve|96:funding_collapse,0.01600000000000001,0.028606963293974937,0.0,0.0,1.244785696359653e-05,0.0010342363311843196,0.0,372f8b4989e9eb77
habitat_priority,"{""biobank"": 0.013000000000000001, ""engagement"": 0.065, ""ex_situ"": 0.0, ""genetics"": 0.0195, ""habitat"": 0.792, ""rescue"": 0.0195, ""survey"": 0.09100000000000003}",8,S6,rule,False,870800,0.75,0.75,6,6,936,936,1,0.3333333333333333,1.0,20.0,754.3531122586381,0.7832795838991583,5.514142700646538,0.0,1.0,0,0,0,11179.0011951299,11179.0011951299,1863.1668658549834,1.5,0.8907059690789776,0.4875153134621162,0.0002667810330852295,0.0,0.0,0.029016447738764998,2,4:funding_collapse|6:heatwave:alternative|47:flood:semiwild|66:wildfire:reserve|100:flood:origin,0.01600000000000001,0.029649628555038266,0.0,0.0,4.268496529363673e-05,0.0010281025805096767,0.0,372f8b4989e9eb77
habitat_priority,"{""biobank"": 0.013000000000000001, ""engagement"": 0.065, ""ex_situ"": 0.0, ""genetics"": 0.0195, ""habitat"": 0.792, ""rescue"": 0.0195, ""survey"": 0.09100000000000003}",9,S6,rule,False,870900,0.0,0.0,0,0,0,0,3,1.0,1.0,18.0,23.554255772154182,0.17297268185885495,0.0,,,0,0,0,10981.854493297835,10981.854493297833,10981.854493297835,1.5,0.8115577705417004,0.08183537013706287,0.00013123359580052493,0.0,0.0,0.0033979654144641407,0,4:flood:origin|7:funding_collapse|17:wildfire:origin|27:funding_collapse|62:funding_collapse|73:funding_collapse|95:funding_collapse,0.004000000000000003,0.030261241822974377,0.0,0.0,2.099737532808399e-05,0.0002450789428425826,0.0,372f8b4989e9eb77
habitat_priority,"{""biobank"": 0.013000000000000001, ""engagement"": 0.065, ""ex_situ"": 0.0, ""genetics"": 0.0195, ""habitat"": 0.792, ""rescue"": 0.0195, ""survey"": 0.09100000000000003}",10,S6,rule,False,871000,0.875,0.875,7,7,1189,1189,0,0.0,0.0,,792.5179577893384,0.7833030284776004,5.491337784210197,0.0,1.0,0,0,0,11196.894965470652,11196.894965470652,1599.5564236386647,1.5,0.9778735999999998,0.5531567738492414,2.5125628140703518e-05,0.0,0.0,0.03353018003569727,3,11:wildfire:reserve|37:funding_collapse|37:heatwave:semiwild|53:wildfire:reserve|94:flood:semiwild,0.01600000000000001,0.02972614468693745,0.0,0.0,4.020100502512563e-06,0.0009668067349596613,0.0,372f8b4989e9eb77
habitat_priority,"{""biobank"": 0.013000000000000001, ""engagement"": 0.065, ""ex_situ"": 0.0, ""genetics"": 0.0195, ""habitat"": 0.792, ""rescue"": 0.0195, ""survey"": 0.09100000000000003}",11,S6,rule,False,871100,0.875,0.75,7,6,672,672,0,0.0,0.0,,562.5564808629371,0.767198248878933,5.473503066885645,0.0,1.0,0,0,0,11130.0897266272,11130.0897266272,1855.0149544378667,1.5,0.9054488761954658,0.4892161859139553,0.0002166701223304997,0.0,0.0,0.03218133812776146,3,4:flood:reserve|22:heatwave:alternative|46:heatwave:origin|66:funding_collapse|87:wildfire:reserve|93:funding_collapse,0.01600000000000001,0.04584186973280995,0.0,0.0,3.466721957287995e-05,0.0009252141686845734,0.0,372f8b4989e9eb77
movement_cautious,"{""biobank"": 0.019999999999999997, ""engagement"": 0.09999999999999998, ""ex_situ"": 0.0, ""genetics"": 0.029999999999999992, ""habitat"": 0.689, ""rescue"": 0.014999999999999996, ""survey"": 0.146}",0,S6,rule,False,870000,0.875,0.75,7,6,1022,1022,1,0.3333333333333333,1.0,24.0,716.870636708615,0.779504704376405,5.488304939234591,7.308289716847374e-05,0.9999269171028315,0,0,0,11161.624848329193,11161.624848329193,1860.2708080548655,1.5,0.9609737327999995,0.4989512070710856,0.00014367816091954023,0.0,0.0,0.05235392199369847,2,24:wildfire:semiwild|28:funding_collapse|77:flood:alternative|88:funding_collapse|92:funding_collapse,0.01600000000000001,0.03344198081340923,0.0,0.0,2.2988505747126437e-05,0.001030326304439022,0.0,5ec3ad76cd142b89
movement_cautious,"{""biobank"": 0.019999999999999997, ""engagement"": 0.09999999999999998, ""ex_situ"": 0.0, ""genetics"": 0.029999999999999992, ""habitat"": 0.689, ""rescue"": 0.014999999999999996, ""survey"": 0.146}",1,S6,rule,False,870100,0.75,0.625,6,5,889,889,0,0.0,0.0,,644.4116277547568,0.7810057367217458,6.193072832004633,0.0,1.0,0,0,0,11180.617598615541,11180.617598615543,2236.123519723108,1.5,0.9064848257961451,0.4427693399578399,0.00012734833009559046,0.0,0.0,0.04470064529089544,3,13:funding_collapse|15:wildfire:reserve|65:heatwave:semiwild|74:funding_collapse|84:heatwave:semiwild|97:flood:alternative,0.01600000000000001,0.0319623150115083,0.0,0.0,2.0375732815294473e-05,0.00101157253393078,0.0,5ec3ad76cd142b89
movement_cautious,"{""biobank"": 0.019999999999999997, ""engagement"": 0.09999999999999998, ""ex_situ"": 0.0, ""genetics"": 0.029999999999999992, ""habitat"": 0.689, ""rescue"": 0.014999999999999996, ""survey"": 0.146}",2,S6,rule,False,870200,0.875,0.5,7,4,41,41,1,0.3333333333333333,1.0,21.0,347.57219267502546,0.7487845930388436,2.9031036633972205,0.016399999999999998,0.9836,0,0,0,11128.680688232225,11128.680688232227,2782.1701720580563,1.5,0.7023347443928412,0.33266901352822903,0.00029540837568461757,0.0,0.0,0.04202251227486367,2,27:funding_collapse|39:flood:reserve|40:funding_collapse|44:heatwave:reserve|47:heatwave:origin|59:funding_collapse|59:heatwave:reserve|86:funding_collapse|93:wildfire:origin,0.01600000000000001,0.06431397623325692,0.0,0.0,4.726534010953882e-05,0.0008541653877903757,0.0,5ec3ad76cd142b89
movement_cautious,"{""biobank"": 0.019999999999999997, ""engagement"": 0.09999999999999998, ""ex_situ"": 0.0, ""genetics"": 0.029999999999999992, ""habitat"": 0.689, ""rescue"": 0.014999999999999996, ""survey"": 0.146}",3,S6,rule,False,870300,0.75,0.75,6,6,999,999,0,0.0,0.0,,704.9052669270293,0.7801149408979274,4.884927755867064,0.0,1.0,0,0,0,11258.22747587177,11258.227475871772,1876.3712459786284,1.5,0.9637054799999994,0.49192032967319627,0.00018742051524290543,0.0,0.0,0.04600252057262841,3,69:heatwave:alternative|99:flood:semiwild,0.01600000000000001,0.03292747906891793,0.0,0.0,2.998728243886487e-05,0.000927592750715512,0.0,5ec3ad76cd142b89
movement_cautious,"{""biobank"": 0.019999999999999997, ""engagement"": 0.09999999999999998, ""ex_situ"": 0.0, ""genetics"": 0.029999999999999992, ""habitat"": 0.689, ""rescue"": 0.014999999999999996, ""survey"": 0.146}",4,S6,rule,False,870400,0.875,0.875,7,7,1098,1098,0,0.0,0.0,,721.5256231967101,0.7795404467892459,5.094595009969503,6.382263751533195e-05,0.9999361773624846,0,0,0,11225.18747587177,11225.187475871771,1603.5982108388241,1.5,0.8902160184723465,0.5446003291012431,0.0002659795540468921,0.0,0.0,0.054413885771567236,3,55:funding_collapse|68:flood:reserve|78:wildfire:semiwild|88:heatwave:alternative,0.01600000000000001,0.03346101516491082,0.0,0.0,4.2556728647502744e-05,0.0009559813171955034,0.0,5ec3ad76cd142b89
movement_cautious,"{""biobank"": 0.019999999999999997, ""engagement"": 0.09999999999999998, ""ex_situ"": 0.0, ""genetics"": 0.029999999999999992, ""habitat"": 0.689, ""rescue"": 0.014999999999999996, ""survey"": 0.146}",5,S6,rule,False,870500,0.75,0.25,6,2,108,108,1,0.3333333333333333,1.0,39.0,244.74086585227096,0.745514051579257,3.647048650785318,0.0,1.0,0,0,0,11135.759381459871,11135.759381459873,5567.879690729936,1.5,0.7660345271672417,0.23221793029002846,0.000267400432923589,0.0,0.0,0.033219955327255545,2,14:funding_collapse|17:funding_collapse|19:funding_collapse|36:wildfire:origin|43:wildfire:alternative|48:funding_collapse|50:flood:semiwild|64:heatwave:alternative|93:flood:reserve,0.01600000000000001,0.06760496209081937,0.0,0.0,4.2784069267774244e-05,0.0008382022606556808,0.0,5ec3ad76cd142b89
movement_cautious,"{""biobank"": 0.019999999999999997, ""engagement"": 0.09999999999999998, ""ex_situ"": 0.0, ""genetics"": 0.029999999999999992, ""habitat"": 0.689, ""rescue"": 0.014999999999999996, ""survey"": 0.146}",6,S6,rule,False,870600,0.75,0.75,6,6,988,988,1,0.3333333333333333,1.0,42.0,673.9527483053884,0.7803189433433473,5.128363874283623,0.0,1.0,0,0,0,11159.10747587177,11159.107475871771,1859.8512459786282,1.5,0.9365201995222806,0.49215527625603506,0.0002802454571819956,0.0,0.0,0.04859808780485355,2,52:funding_collapse|66:funding_collapse|73:funding_collapse|77:heatwave:reserve,0.01600000000000001,0.032618113312172216,0.0,0.0,4.483927314911929e-05,0.0010181040713311592,0.0,5ec3ad76cd142b89
movement_cautious,"{""biobank"": 0.019999999999999997, ""engagement"": 0.09999999999999998, ""ex_situ"": 0.0, ""genetics"": 0.029999999999999992, ""habitat"": 0.689, ""rescue"": 0.014999999999999996, ""survey"": 0.146}",7,S6,rule,False,870700,1.0,0.875,8,7,1170,1170,0,0.0,0.0,,755.1441709634535,0.779256755674632,5.540133971238437,0.0,1.0,0,0,0,11189.04072704265,11189.04072704265,1598.4343895775214,1.5,0.9623396063999996,0.5569931997786628,0.00020740190196290287,0.0,0.0,0.05803949713139217,3,4:funding_collapse|25:heatwave:reserve|48:wildfire:reserve|96:funding_collapse,0.01600000000000001,0.03377174300767381,0.0,0.0,3.3184304314064466e-05,0.000938317013380255,0.0,5ec3ad76cd142b89
movement_cautious,"{""biobank"": 0.019999999999999997, ""engagement"": 0.09999999999999998, ""ex_situ"": 0.0, ""genetics"": 0.029999999999999992, ""habitat"": 0.689, ""rescue"": 0.014999999999999996, ""survey"": 0.146}",8,S6,rule,False,870800,0.875,0.625,7,5,802,802,1,0.3333333333333333,1.0,20.0,654.5577491917244,0.7798475724777313,5.846777287033851,0.0,1.0,0,0,0,11182.587736237001,11182.587736237001,2236.5175472474,1.5,0.8765378490789772,0.4364512923550732,0.00024192121816779522,0.0,0.0,0.04539867288418491,2,4:funding_collapse|6:heatwave:alternative|47:flood:semiwild|66:wildfire:reserve|100:flood:origin,0.01600000000000001,0.03306568444657423,0.0,0.0,3.870739490684724e-05,0.0010480356807877616,0.0,5ec3ad76cd142b89
movement_cautious,"{""biobank"": 0.019999999999999997, ""engagement"": 0.09999999999999998, ""ex_situ"": 0.0, ""genetics"": 0.029999999999999992, ""habitat"": 0.689, ""rescue"": 0.014999999999999996, ""survey"": 0.146}",9,S6,rule,False,870900,0.0,0.0,0,0,0,0,2,0.6666666666666666,1.0,18.0,20.366146503187863,0.16533149244472503,0.0,,,0,0,0,10982.52401481707,10982.524014817072,10982.52401481707,1.5,0.7437175877927252,0.0753565643255651,0.0004237725266558059,0.0,0.0,0.004924027731462826,1,4:flood:origin|7:funding_collapse|17:wildfire:origin|27:funding_collapse|62:funding_collapse|73:funding_collapse|95:funding_collapse,0.0038400000000000023,0.02978165183431316,0.0,0.0,6.780360426492893e-05,0.00017905211669686608,0.0,5ec3ad76cd142b89
movement_cautious,"{""biobank"": 0.019999999999999997, ""engagement"": 0.09999999999999998, ""ex_situ"": 0.0, ""genetics"": 0.029999999999999992, ""habitat"": 0.689, ""rescue"": 0.014999999999999996, ""survey"": 0.146}",10,S6,rule,False,871000,0.875,0.875,7,7,1091,1091,0,0.0,0.0,,678.3683446154977,0.7804974568116263,3.92121362513008,0.04779029246236295,0.952209707537637,0,0,0,11196.92314638608,11196.923146386081,1599.5604494837257,1.5,0.9637054799999994,0.5401710692376748,2.5125628140703518e-05,0.0,0.0,0.054191924931869986,3,11:wildfire:reserve|37:funding_collapse|37:heatwave:semiwild|53:wildfire:reserve|94:flood:semiwild,0.01600000000000001,0.03245418934371635,0.0,0.0,4.020100502512563e-06,0.0010443337441550845,0.0,5ec3ad76cd142b89
movement_cautious,"{""biobank"": 0.019999999999999997, ""engagement"": 0.09999999999999998, ""ex_situ"": 0.0, ""genetics"": 0.029999999999999992, ""habitat"": 0.689, ""rescue"": 0.014999999999999996, ""survey"": 0.146}",11,S6,rule,False,871100,0.875,0.5,7,4,394,394,0,0.0,0.0,,436.1698893544482,0.7560907090236628,4.382075415329007,0.0,1.0,0,0,0,11128.9246670244,11128.9246670244,2782.2311667561,1.5,0.8443225360102441,0.36253851069156645,0.00029529287254330226,0.0,0.0,0.04642751468625976,3,4:flood:reserve|22:heatwave:alternative|46:heatwave:origin|66:funding_collapse|87:wildfire:reserve|93:funding_collapse,0.01600000000000001,0.05688509003560424,0.0,0.0,4.724685960692837e-05,0.0009769540811256374,0.0,5ec3ad76cd142b89
fixed_archetype,"{""biobank"": 0.08000000000000002, ""engagement"": 0.09000000000000001, ""ex_situ"": 0.10000000000000002, ""genetics"": 0.08000000000000002, ""habitat"": 0.35000000000000003, ""rescue"": 0.14000000000000004, ""survey"": 0.16000000000000003}",0,S7,forward_rollout_proxy,False,880000,0.0,0.0,0,0,0,0,1,0.3333333333333333,1.0,17.0,36.783849928748154,0.25696153638821195,0.0,,,27,0,0,11204.564064061684,11204.564064061684,11204.564064061684,1.5,0.5161244170528083,0.05876684735607592,7.853403141361257e-05,30.5,12.199999999999998,0.03577202825397542,2,6:heatwave:origin|11:wildfire:reserve|12:heatwave:semiwild|15:flood:origin|28:funding_collapse|28:wildfire:alternative|37:heatwave:origin|80:wildfire:origin,0.0042310838950396,0.03792663380961769,0.00051729417644803,0.0020400640260885144,1.256544502617801e-05,0.0004004249735754976,0.0004970712600192351,974ecfc69fa4c67e
fixed_archetype,"{""biobank"": 0.08000000000000002, ""engagement"": 0.09000000000000001, ""ex_situ"": 0.10000000000000002, ""genetics"": 0.08000000000000002, ""habitat"": 0.35000000000000003, ""rescue"": 0.14000000000000004, ""survey"": 0.16000000000000003}",1,S7,forward_rollout_proxy,False,880100,0.625,0.5,5,4,503,503,0,0.0,0.0,,214.421222337398,0.5363655583522484,2.710625068627067,0.08238488128765396,0.917615118712346,60,0,0,11225.854180898326,11225.854180898328,2806.4635452245816,1.5,0.5943275951215751,0.34509769640798527,0.00017377050071259884,41.5,16.599999999999994,0.16779343104778544,3,3:funding_collapse|8:wildfire:semiwild|14:flood:origin|66:flood:reserve|74:flood:origin|75:flood:alternative|81:flood:origin,0.012831888278805652,0.05637175351984302,0.19679841687056399,0.010019478824535197,2.780328011401582e-05,0.0006255912651479897,8.65122672297403e-05,974ecfc69fa4c67e
fixed_archetype,"{""biobank"": 0.08000000000000002, ""engagement"": 0.09000000000000001, ""ex_situ"": 0.10000000000000002, ""genetics"": 0.08000000000000002, ""habitat"": 0.35000000000000003, ""rescue"": 0.14000000000000004, ""survey"": 0.16000000000000003}",2,S7,forward_rollout_proxy,False,880200,0.625,0.5,5,4,775,775,1,0.3333333333333333,1.0,15.0,273.1831746101189,0.5575893961881984,3.6346123198395546,0.00029456080072669694,0.9997054391992733,10,0,0,11175.144899734816,11175.144899734816,2793.786224933704,1.5,0.6182149328729133,0.3528604086739604,0.00031297895382537285,44.5,17.799999999999997,0.14846396094136766,2,33:heatwave:alternative|42:heatwave:origin|91:funding_collapse,0.013825912168593517,0.04644347219010838,0.18227038051151898,0.016931536739430136,5.007663261205965e-05,0.0010269842187088036,5.623633737165167e-05,974ecfc69fa4c67e
fixed_archetype,"{""biobank"": 0.08000000000000002, ""engagement"": 0.09000000000000001, ""ex_situ"": 0.10000000000000002, ""genetics"": 0.08000000000000002, ""habitat"": 0.35000000000000003, ""rescue"": 0.14000000000000004, ""survey"": 0.16000000000000003}",3,S7,forward_rollout_proxy,False,880300,0.375,0.375,3,3,578,578,0,0.0,0.0,,222.49667940845103,0.5855673061899157,3.1880047927859003,0.10770290180615628,0.8922970981938437,15,0,0,11160.16208767165,11160.162087671652,3720.0540292238834,1.5,0.6699999999999999,0.2918016434130256,0.00034937873429252746,22.25,8.899999999999997,0.1208579774258331,3,12:funding_collapse|23:wildfire:origin|77:funding_collapse,0.013257430345412513,0.04457674512188935,0.16138649609811828,0.009814448843239088,5.590059748680439e-05,0.0006779029871382468,0.00010060508731006196,974ecfc69fa4c67e
fixed_archetype,"{""biobank"": 0.08000000000000002, ""engagement"": 0.09000000000000001, ""ex_situ"": 0.10000000000000002, ""genetics"": 0.08000000000000002, ""habitat"": 0.35000000000000003, ""rescue"": 0.14000000000000004, ""survey"": 0.16000000000000003}",4,S7,forward_rollout_proxy,False,880400,0.625,0.625,5,5,913,913,0,0.0,0.0,,277.4116275486845,0.5544700847775157,3.9399782006234103,0.0003619031447280183,0.9996380968552719,40,0,0,11056.115207007519,11056.115207007519,2211.223041401504,1.5,0.6614726454928361,0.4196578083055584,7.679504212608464e-05,65.5,26.200000000000017,0.16430380875020323,3,13:funding_collapse|22:funding_collapse|31:heatwave:alternative|47:funding_collapse|48:funding_collapse|68:funding_collapse,0.014003343177968985,0.05066299901964506,0.18461547522878552,0.014956602669063776,1.2287206740173544e-05,0.0009549309587810992,6.656943484738106e-05,974ecfc69fa4c67e
fixed_archetype,"{""biobank"": 0.08000000000000002, ""engagement"": 0.09000000000000001, ""ex_situ"": 0.10000000000000002, ""genetics"": 0.08000000000000002, ""habitat"": 0.35000000000000003, ""rescue"": 0.14000000000000004, ""survey"": 0.16000000000000003}",5,S7,forward_rollout_proxy,False,880500,0.625,0.625,5,5,1194,1194,1,0.3333333333333333,1.0,22.0,336.70730377077774,0.5952085795440919,4.007688404030871,0.027148142181413586,0.9728518578185864,56,0,0,11091.434890945391,11091.434890945391,2218.286978189078,1.5,0.6699999999999999,0.42220546350895316,0.00028891087739137496,69.0,27.60000000000002,0.1693928973432221,2,44:funding_collapse|49:funding_collapse|65:funding_collapse|89:funding_collapse|95:wildfire:origin,0.014330407653380527,0.049802611383060844,0.14681959112135987,0.011789247527950035,4.622574038261999e-05,0.0008903854210517955,6.80380827184894e-05,974ecfc69fa4c67e
fixed_archetype,"{""biobank"": 0.08000000000000002, ""engagement"": 0.09000000000000001, ""ex_situ"": 0.10000000000000002, ""genetics"": 0.08000000000000002, ""habitat"": 0.35000000000000003, ""rescue"": 0.14000000000000004, ""survey"": 0.16000000000000003}",6,S7,forward_rollout_proxy,False,880600,0.625,0.625,5,5,865,865,2,0.6666666666666666,1.0,27.5,267.06578075106006,0.5779051283654465,3.778687460998962,0.003021580022752141,0.9969784199772479,22,0,0,11154.172707523587,11154.172707523587,2230.8345415047174,1.5,0.6663486092445883,0.418233396015966,0.0002983556528316624,51.5,20.6,0.16280830240758773,1,44:funding_collapse|47:heatwave:alternative|78:funding_collapse,0.013921761606661172,0.04803905468188686,0.1622689088726081,0.0158370600361297,4.773690445306599e-05,0.0011147890113228532,5.899173453403549e-05,974ecfc69fa4c67e
fixed_archetype,"{""biobank"": 0.08000000000000002, ""engagement"": 0.09000000000000001, ""ex_situ"": 0.10000000000000002, ""genetics"": 0.08000000000000002, ""habitat"": 0.35000000000000003, ""rescue"": 0.14000000000000004, ""survey"": 0.16000000000000003}",7,S7,forward_rollout_proxy,False,880700,0.625,0.25,5,2,197,188,0,0.0,0.0,,196.98239194028702,0.7255960499652935,2.334816802231588,0.020982543208288747,0.9790174567917113,57,0,0,11119.19376300283,11119.19376300283,5559.596881501415,1.5,0.5030923874544814,0.21126497113306164,0.0003128897084443217,42.0,16.799999999999997,0.1255378218264881,3,12:flood:semiwild|14:flood:reserve|16:wildfire:alternative|53:funding_collapse|94:heatwave:reserve,0.01553124423054401,0.07272185215721645,0.00035579146629464634,0.0011462463155672892,5.0062353351091465e-05,0.000823091783334143,0.00022878802352876266,974ecfc69fa4c67e
fixed_archetype,"{""biobank"": 0.08000000000000002, ""engagement"": 0.09000000000000001, ""ex_situ"": 0.10000000000000002, ""genetics"": 0.08000000000000002, ""habitat"": 0.35000000000000003, ""rescue"": 0.14000000000000004, ""survey"": 0.16000000000000003}",8,S7,forward_rollout_proxy,False,880800,0.375,0.125,3,1,306,223,2,0.6666666666666666,1.0,44.0,174.87436972320285,0.6848859728907987,3.692562504929411,0.0,1.0,99,0,0,11128.483014349953,11128.483014349953,11128.483014349953,1.5,0.49772933894860544,0.15661688343141886,0.0004058342202992154,58.5,23.400000000000013,0.06834162243632108,1,3:heatwave:reserve|26:flood:semiwild|33:flood:origin|66:funding_collapse|82:flood:alternative,0.012621291796862362,0.06744137889785262,0.01365315430452525,0.004873650305392057,6.493347524787446e-05,0.0007544133466564737,0.00021217130845269883,974ecfc69fa4c67e
fixed_archetype,"{""biobank"": 0.08000000000000002, ""engagement"": 0.09000000000000001, ""ex_situ"": 0.10000000000000002, ""genetics"": 0.08000000000000002, ""habitat"": 0.35000000000000003, ""rescue"": 0.14000000000000004, ""survey"": 0.16000000000000003}",9,S7,forward_rollout_proxy,False,880900,0.5,0.5,4,4,359,277,1,0.3333333333333333,1.0,9.0,223.3012275086137,0.7215291352732451,2.946002552149902,0.004087744431074254,0.9959122555689257,87,0,0,11093.683624167235,11093.683624167235,2773.420906041809,1.5,0.3211448364570572,0.31515028960950653,8.152173913043478e-05,75.75,30.300000000000026,0.14287890221150878,2,2:wildfire:reserve|37:heatwave:reserve|48:heatwave:semiwild|54:funding_collapse|68:wildfire:origin|74:wildfire:alternative|99:heatwave:alternative,0.015636556955303568,0.069547229383539,0.0027983227299529312,0.0007277773831025225,1.3043478260869564e-05,0.0010272928427779737,0.0001353351762575129,974ecfc69fa4c67e
fixed_archetype,"{""biobank"": 0.08000000000000002, ""engagement"": 0.09000000000000001, ""ex_situ"": 0.10000000000000002, ""genetics"": 0.08000000000000002, ""habitat"": 0.35000000000000003, ""rescue"": 0.14000000000000004, ""survey"": 0.16000000000000003}",10,S7,forward_rollout_proxy,False,881000,0.5,0.375,4,3,511,511,1,0.3333333333333333,1.0,22.0,259.8403461006422,0.743354867301342,3.3421468549592093,0.0006036074939119889,0.999396392506088,14,0,0,11162.539848904677,11162.539848904678,3720.8466163015587,1.5,0.4615801978591203,0.2738275115657129,3.816793893129771e-05,37.5,14.999999999999993,0.12749011615104355,2,11:flood:reserve|30:heatwave:semiwild|50:heatwave:reserve|65:flood:reserve|70:heatwave:semiwild,0.016615924772002,0.058454855574283246,6.586777395727844e-06,3.110049913746435e-05,6.106870229007634e-06,0.001312528787713087,8.198039554823923e-05,974ecfc69fa4c67e
fixed_archetype,"{""biobank"": 0.08000000000000002, ""engagement"": 0.09000000000000001, ""ex_situ"": 0.10000000000000002, ""genetics"": 0.08000000000000002, ""habitat"": 0.35000000000000003, ""rescue"": 0.14000000000000004, ""survey"": 0.16000000000000003}",11,S7,forward_rollout_proxy,False,881100,0.75,0.75,6,6,1130,1130,0,0.0,0.0,,294.9935924650433,0.5881715088092363,2.9798399802225557,0.003865152556002193,0.9961348474439978,56,0,0,11185.666731570662,11185.666731570662,1864.2777885951102,1.5,0.6849345921455582,0.47468929154740225,0.00019229353779114198,87.75,35.10000000000004,0.19448716265310453,3,47:funding_collapse|75:wildfire:alternative,0.014456030661857857,0.0557114886150727,0.1512275482460171,0.009841585489749846,3.076696604658271e-05,0.0009912367843432225,8.296293274570559e-05,974ecfc69fa4c67e
equal_active_categories,"{""biobank"": 0.14285714285714288, ""engagement"": 0.14285714285714288, ""ex_situ"": 0.14285714285714288, ""genetics"": 0.14285714285714288, ""habitat"": 0.14285714285714288, ""rescue"": 0.14285714285714288, ""survey"": 0.14285714285714288}",0,S7,forward_rollout_proxy,False,880000,0.125,0.125,1,1,105,0,2,0.6666666666666666,1.0,13.5,72.34734254146036,0.57474579607246,2.9376498800959236,0.0022577645750686093,0.9977422354249313,16,0,0,11246.633840476767,11246.633840476767,11246.633840476767,1.5,0.23833216362753337,0.1285517122327275,0.0007662784490681976,120.0,48.00000000000007,0.09545998534507451,1,6:heatwave:origin|11:wildfire:reserve|12:heatwave:semiwild|15:flood:origin|28:funding_collapse|28:wildfire:alternative|37:heatwave:origin|80:wildfire:origin,0.0029181569131850387,0.0881397059129614,0.028444227269437943,0.005112889272547687,0.0001226045518509116,0.0004223407590108873,0.0006439086514227414,acb693ee93c885c6
equal_active_categories,"{""biobank"": 0.14285714285714288, ""engagement"": 0.14285714285714288, ""ex_situ"": 0.14285714285714288, ""genetics"": 0.14285714285714288, ""habitat"": 0.14285714285714288, ""rescue"": 0.14285714285714288, ""survey"": 0.14285714285714288}",1,S7,forward_rollout_proxy,False,880100,0.375,0.375,3,3,197,7,1,0.3333333333333333,1.0,16.0,127.78503912691181,0.6104935769883031,1.981868522905638,0.12107079617912235,0.8789292038208777,90,0,0,11223.689786779152,11223.689786779152,3741.229928926384,1.5,0.3152478301543464,0.2639917854330667,0.00043687313964559403,108.5,43.400000000000055,0.21949158594287826,2,3:funding_collapse|8:wildfire:semiwild|14:flood:origin|66:flood:reserve|74:flood:origin|75:flood:alternative|81:flood:origin,0.008866782404541968,0.08216510211790058,0.05825000286138365,0.00916308954772966,6.989970234329504e-05,0.0006258132259638061,0.0002876415523937196,acb693ee93c885c6
equal_active_categories,"{""biobank"": 0.14285714285714288, ""engagement"": 0.14285714285714288, ""ex_situ"": 0.14285714285714288, ""genetics"": 0.14285714285714288, ""habitat"": 0.14285714285714288, ""rescue"": 0.14285714285714288, ""survey"": 0.14285714285714288}",2,S7,forward_rollout_proxy,False,880200,0.5,0.25,4,2,154,21,1,0.3333333333333333,1.0,30.0,127.80269225365666,0.6417767077349064,2.8139666606281124,0.015257312919000735,0.9847426870809992,95,0,0,11171.190832538075,11171.190832538075,5585.595416269038,1.5,0.33903024412691196,0.218548472756717,0.0004898235726868666,95.5,38.20000000000003,0.2200289086887233,2,33:heatwave:alternative|42:heatwave:origin|91:funding_collapse,0.009478987426817256,0.0800846128503057,0.0291998744885227,0.013057151061574724,7.837177162989865e-05,0.0009241316669427273,0.0003534318658867089,acb693ee93c885c6
equal_active_categories,"{""biobank"": 0.14285714285714288, ""engagement"": 0.14285714285714288, ""ex_situ"": 0.14285714285714288, ""genetics"": 0.14285714285714288, ""habitat"": 0.14285714285714288, ""rescue"": 0.14285714285714288, ""survey"": 0.14285714285714288}",3,S7,forward_rollout_proxy,False,880300,0.125,0.125,1,1,302,95,1,0.3333333333333333,1.0,30.0,110.9087915961419,0.6424079826293659,1.997809515464821,0.005743133288852546,0.9942568667111474,126,0,0,11163.715581008466,11163.715581008466,11163.715581008466,1.5,0.4393446480553847,0.14520600555592478,2.6666666666666667e-05,82.0,32.80000000000003,0.1252172279786905,2,12:funding_collapse|23:wildfire:origin|77:funding_collapse,0.009343861605755158,0.07887585544369945,0.024592899963927915,0.011900323598013044,4.266666666666667e-06,0.0009087979059531016,0.0005170700609168054,acb693ee93c885c6
equal_active_categories,"{""biobank"": 0.14285714285714288, ""engagement"": 0.14285714285714288, ""ex_situ"": 0.14285714285714288, ""genetics"": 0.14285714285714288, ""habitat"": 0.14285714285714288, ""rescue"": 0.14285714285714288, ""survey"": 0.14285714285714288}",4,S7,forward_rollout_proxy,False,880400,0.25,0.25,2,2,159,6,0,0.0,0.0,,128.81419599464434,0.6579526091960627,2.522464883094642,0.008753683797771429,0.9912463162022286,92,0,0,11042.173891366903,11042.173891366903,5521.086945683452,1.5,0.3306572190519166,0.2035942320579915,0.0005264188974424572,99.75,39.90000000000004,0.16401930660926695,3,13:funding_collapse|22:funding_collapse|31:heatwave:alternative|47:funding_collapse|48:funding_collapse|68:funding_collapse,0.010956069208883075,0.08017396779997397,0.028457016059624522,0.008640867879181415,8.422702359079316e-05,0.0007477527380886841,0.000316797824232546,acb693ee93c885c6
equal_active_categories,"{""biobank"": 0.14285714285714288, ""engagement"": 0.14285714285714288, ""ex_situ"": 0.14285714285714288, ""genetics"": 0.14285714285714288, ""habitat"": 0.14285714285714288, ""rescue"": 0.14285714285714288, ""survey"": 0.14285714285714288}",5,S7,forward_rollout_proxy,False,880500,0.625,0.0,5,0,0,0,1,0.3333333333333333,1.0,15.0,101.122853076044,0.5457133026166013,0.0,,,120,0,0,11089.27644610403,11089.27644610403,11089.27644610403,1.5,0.43806854859988015,0.07371471870664206,0.00024994369194383104,72.25,28.900000000000023,0.1495393192332702,2,44:funding_collapse|49:funding_collapse|65:funding_collapse|89:funding_collapse|95:wildfire:origin,0.009477522496820236,0.06687974390773248,0.0032574784275113994,0.002486436866009859,3.999099071101296e-05,0.0005977813385146599,0.00043904167973530834,acb693ee93c885c6
equal_active_categories,"{""biobank"": 0.14285714285714288, ""engagement"": 0.14285714285714288, ""ex_situ"": 0.14285714285714288, ""genetics"": 0.14285714285714288, ""habitat"": 0.14285714285714288, ""rescue"": 0.14285714285714288, ""survey"": 0.14285714285714288}",6,S7,forward_rollout_proxy,False,880600,0.5,0.25,4,2,111,4,2,0.6666666666666666,1.0,27.0,124.51717673319239,0.612558742192226,2.571611253196931,0.00273551818862232,0.9972644818113777,104,0,0,11159.680255517502,11159.680255517502,5579.840127758751,1.5,0.33371516363917597,0.2072665880914797,0.0010952495907799883,94.0,37.60000000000004,0.17839479597796384,1,44:funding_collapse|47:heatwave:alternative|78:funding_collapse,0.007430587982309699,0.08007459529124794,0.04542417891181641,0.00609527286148195,0.0001752399345247981,0.0007428542147181118,0.00031393686057481503,acb693ee93c885c6
equal_active_categories,"{""biobank"": 0.14285714285714288, ""engagement"": 0.14285714285714288, ""ex_situ"": 0.14285714285714288, ""genetics"": 0.14285714285714288, ""habitat"": 0.14285714285714288, ""rescue"": 0.14285714285714288, ""survey"": 0.14285714285714288}",7,S7,forward_rollout_proxy,False,880700,0.5,0.125,4,1,99,0,0,0.0,0.0,,125.07533888169988,0.6360128391511501,2.645344129554656,0.00280693154019582,0.9971930684598042,38,0,0,11112.345023590658,11112.345023590657,11112.345023590658,1.5,0.20873205404752748,0.1345049939522741,0.00023093838992168945,89.25,35.70000000000003,0.15464173625987387,3,12:flood:semiwild|14:flood:reserve|16:wildfire:alternative|53:funding_collapse|94:heatwave:reserve,0.007705759463514968,0.08413093633135815,0.01951142222920834,0.0033601254822772817,3.695014238747032e-05,0.0006334388048179346,0.00047349317611828474,acb693ee93c885c6
equal_active_categories,"{""biobank"": 0.14285714285714288, ""engagement"": 0.14285714285714288, ""ex_situ"": 0.14285714285714288, ""genetics"": 0.14285714285714288, ""habitat"": 0.14285714285714288, ""rescue"": 0.14285714285714288, ""survey"": 0.14285714285714288}",8,S7,forward_rollout_proxy,False,880800,0.125,0.125,1,1,50,0,2,0.6666666666666666,1.0,28.0,76.54173201557785,0.6293620535454062,1.9716088328075707,0.06269686138142229,0.9373031386185777,27,0,0,11137.386127522732,11137.386127522732,11137.386127522732,1.5,0.2212596716748689,0.12323804454908445,0.0007206101728483394,61.0,24.399999999999995,0.12572994526760925,1,3:heatwave:reserve|26:flood:semiwild|33:flood:origin|66:funding_collapse|82:flood:alternative,0.00646323000010569,0.08545280605147926,0.009154933157062032,0.004070958512466655,0.00011529762765573432,0.0006484218968104173,0.0007790040896323386,acb693ee93c885c6
equal_active_categories,"{""biobank"": 0.14285714285714288, ""engagement"": 0.14285714285714288, ""ex_situ"": 0.14285714285714288, ""genetics"": 0.14285714285714288, ""habitat"": 0.14285714285714288, ""rescue"": 0.14285714285714288, ""survey"": 0.14285714285714288}",9,S7,forward_rollout_proxy,False,880900,0.25,0.25,2,2,190,0,1,0.3333333333333333,1.0,9.0,119.22159639654274,0.6088046525956494,2.593823584571464,0.002747356794618178,0.9972526432053819,66,0,0,11108.81378438246,11108.81378438246,5554.40689219123,1.5,0.12040629822554727,0.18374031542518657,0.0003542945119032076,87.75,35.10000000000004,0.16630724878458608,2,2:wildfire:reserve|37:heatwave:reserve|48:heatwave:semiwild|54:funding_collapse|68:wildfire:origin|74:wildfire:alternative|99:heatwave:alternative,0.007912120368037184,0.07844848669246995,0.051483432917808124,0.008161676555830853,5.6687121904513205e-05,0.0008261998103994035,0.0002739484477150732,acb693ee93c885c6
equal_active_categories,"{""biobank"": 0.14285714285714288, ""engagement"": 0.14285714285714288, ""ex_situ"": 0.14285714285714288, ""genetics"": 0.14285714285714288, ""habitat"": 0.14285714285714288, ""rescue"": 0.14285714285714288, ""survey"": 0.14285714285714288}",10,S7,forward_rollout_proxy,False,881000,0.375,0.25,3,2,43,32,0,0.0,0.0,,105.64907312753236,0.6613373041333535,1.659085239085239,0.078884057824058,0.9211159421759421,164,0,0,11170.588383452983,11170.588383452985,5585.294191726492,1.5,0.2737495809254871,0.19293883644808396,0.0007200384507081936,104.5,41.80000000000003,0.1823651298234143,3,11:flood:reserve|30:heatwave:semiwild|50:heatwave:reserve|65:flood:reserve|70:heatwave:semiwild,0.010021277945797108,0.08244690128106218,0.007620307772667261,0.0034759221578465594,0.000115206152113311,0.0006227679770453179,0.0006208555986067301,acb693ee93c885c6
equal_active_categories,"{""biobank"": 0.14285714285714288, ""engagement"": 0.14285714285714288, ""ex_situ"": 0.14285714285714288, ""genetics"": 0.14285714285714288, ""habitat"": 0.14285714285714288, ""rescue"": 0.14285714285714288, ""survey"": 0.14285714285714288}",11,S7,forward_rollout_proxy,False,881100,0.375,0.125,3,1,90,0,2,0.6666666666666666,1.0,21.0,124.16293559033933,0.6606225840570855,1.923076923076923,0.00869315656211424,0.9913068434378858,124,0,0,11183.365196766154,11183.365196766154,11183.365196766154,1.5,0.3514762826645695,0.1455021770648207,0.0002610621205351495,103.0,41.20000000000004,0.1743688978379726,1,47:funding_collapse|75:wildfire:alternative,0.009587114415404186,0.083083178391461,0.01276341933124955,0.00492406793902795,4.176993928562392e-05,0.0006038572511367034,0.0005114693252777947,acb693ee93c885c6
habitat_priority,"{""biobank"": 0.06523076923076924, ""engagement"": 0.0733846153846154, ""ex_situ"": 0.08153846153846156, ""genetics"": 0.06523076923076924, ""habitat"": 0.47000000000000003, ""rescue"": 0.11415384615384618, ""survey"": 0.1304615384615385}",0,S7,forward_rollout_proxy,False,880000,0.125,0.125,1,1,335,259,2,0.6666666666666666,1.0,23.0,94.44639282216974,0.6554894181319264,1.999127135400894,0.014074717793193853,0.9859252822068062,89,0,0,11208.53114388457,11208.53114388457,11208.53114388457,1.5,0.6699999999999999,0.15158752903400322,0.0006548591705898753,44.5,17.799999999999994,0.04173128839997148,1,6:heatwave:origin|11:wildfire:reserve|12:heatwave:semiwild|15:flood:origin|28:funding_collapse|28:wildfire:alternative|37:heatwave:origin|80:wildfire:origin,0.009804492555942701,0.06403926152727919,0.03401592617354092,0.012479702806782688,0.00010477746729438006,0.0007849068338793059,0.00047885107117829473,3d87958b0dfdda9d
habitat_priority,"{""biobank"": 0.06523076923076924, ""engagement"": 0.0733846153846154, ""ex_situ"": 0.08153846153846156, ""genetics"": 0.06523076923076924, ""habitat"": 0.47000000000000003, ""rescue"": 0.11415384615384618, ""survey"": 0.1304615384615385}",1,S7,forward_rollout_proxy,False,880100,0.5,0.5,4,4,594,594,2,0.6666666666666666,1.0,30.0,220.71720451639706,0.5297296618954782,3.6688718124959077,0.010437088824667163,0.9895629111753328,8,0,0,11223.086813562233,11223.086813562233,2805.7717033905583,1.5,0.6699999999999999,0.350883932339204,0.00021424497894231633,24.5,9.800000000000002,0.11097607107122463,1,3:funding_collapse|8:wildfire:semiwild|14:flood:origin|66:flood:reserve|74:flood:origin|75:flood:alternative|81:flood:origin,0.012962563688610313,0.043050789285627514,0.2023583392667273,0.024734663855643088,3.427919663077062e-05,0.001112985133358154,5.532253570199969e-05,3d87958b0dfdda9d
habitat_priority,"{""biobank"": 0.06523076923076924, ""engagement"": 0.0733846153846154, ""ex_situ"": 0.08153846153846156, ""genetics"": 0.06523076923076924, ""habitat"": 0.47000000000000003, ""rescue"": 0.11415384615384618, ""survey"": 0.1304615384615385}",2,S7,forward_rollout_proxy,False,880200,0.75,0.75,6,6,1053,1053,0,0.0,0.0,,294.6203233747113,0.5302635729126469,3.3865455746460076,0.0024402551764685526,0.9975597448235315,11,0,0,11190.490059130503,11190.490059130501,1865.0816765217505,1.5,0.7661673904733094,0.4789472622360274,0.0003341673694498864,63.75,25.500000000000014,0.15482533721118188,3,33:heatwave:alternative|42:heatwave:origin|91:funding_collapse,0.013940202284719974,0.045105058203897076,0.21543297532321362,0.01357921088476795,5.3466779111981825e-05,0.0009475741874894398,4.638470789577743e-05,3d87958b0dfdda9d
habitat_priority,"{""biobank"": 0.06523076923076924, ""engagement"": 0.0733846153846154, ""ex_situ"": 0.08153846153846156, ""genetics"": 0.06523076923076924, ""habitat"": 0.47000000000000003, ""rescue"": 0.11415384615384618, ""survey"": 0.1304615384615385}",3,S7,forward_rollout_proxy,False,880300,0.625,0.625,5,5,874,874,1,0.3333333333333333,1.0,40.0,234.5101782808147,0.48476744201874716,3.2153136155085322,0.007807955877814794,0.9921920441221852,12,0,0,11169.640975512944,11169.640975512943,2233.9281951025887,1.5,0.6947780032253124,0.410119397002402,0.0001088775582830351,21.75,8.7,0.1361923026239274,2,12:funding_collapse|23:wildfire:origin|77:funding_collapse,0.013275068768146395,0.04105665217514488,0.2533060377300988,0.021974911270251096,1.7420409325285617e-05,0.0010887314343862747,5.758403980908176e-05,3d87958b0dfdda9d
habitat_priority,"{""biobank"": 0.06523076923076924, ""engagement"": 0.0733846153846154, ""ex_situ"": 0.08153846153846156, ""genetics"": 0.06523076923076924, ""habitat"": 0.47000000000000003, ""rescue"": 0.11415384615384618, ""survey"": 0.1304615384615385}",4,S7,forward_rollout_proxy,False,880400,0.75,0.75,6,6,854,854,0,0.0,0.0,,417.366513053596,0.6453243812382823,3.3648560328491595,0.0028328660167209634,0.997167133983279,15,0,0,11073.84794754547,11073.84794754547,1845.6413245909116,1.5,0.8105552625993034,0.48338220803543885,9.402762909077302e-05,63.25,25.299999999999997,0.15589060723508427,3,13:funding_collapse|22:funding_collapse|31:heatwave:alternative|47:funding_collapse|48:funding_collapse|68:funding_collapse,0.014361046759056507,0.050719873253313834,0.10493654216525275,0.00495395323110927,1.5044420654523682e-05,0.0008205829341163823,4.7135578157154356e-05,3d87958b0dfdda9d
habitat_priority,"{""biobank"": 0.06523076923076924, ""engagement"": 0.0733846153846154, ""ex_situ"": 0.08153846153846156, ""genetics"": 0.06523076923076924, ""habitat"": 0.47000000000000003, ""rescue"": 0.11415384615384618, ""survey"": 0.1304615384615385}",5,S7,forward_rollout_proxy,False,880500,0.5,0.5,4,4,1025,1025,1,0.3333333333333333,1.0,36.0,407.73086340907713,0.6803078974761858,4.194311967799282,0.005195300701013873,0.9948046992989861,22,0,0,11105.761660915481,11105.761660915481,2776.4404152288703,1.5,0.7004649600168026,0.35995899860901553,0.0002870636706769064,49.75,19.900000000000002,0.11484691464671212,2,44:funding_collapse|49:funding_collapse|65:funding_collapse|89:funding_collapse|95:wildfire:origin,0.014815581402414481,0.048398849482168244,0.060589779609957733,0.015662402638389625,4.593018730830503e-05,0.0013727492727673555,3.744950999927824e-05,3d87958b0dfdda9d
habitat_priority,"{""biobank"": 0.06523076923076924, ""engagement"": 0.0733846153846154, ""ex_situ"": 0.08153846153846156, ""genetics"": 0.06523076923076924, ""habitat"": 0.47000000000000003, ""rescue"": 0.11415384615384618, ""survey"": 0.1304615384615385}",6,S7,forward_rollout_proxy,False,880600,0.875,0.75,7,6,801,801,1,0.3333333333333333,1.0,18.0,434.350498873234,0.6699958925834865,3.373691067067923,0.0012687957624475802,0.9987312042375525,28,0,0,11169.193488971552,11169.19348897155,1861.5322481619253,1.5,0.8166028642050648,0.4836182840211311,0.000168622848200313,58.25,23.299999999999997,0.1536054346497267,2,44:funding_collapse|47:heatwave:alternative|78:funding_collapse,0.014658475136616653,0.05231023770694948,0.07717672045704668,0.007655634913426249,2.6979655712050077e-05,0.000909619928430042,4.030783137204749e-05,3d87958b0dfdda9d
habitat_priority,"{""biobank"": 0.06523076923076924, ""engagement"": 0.0733846153846154, ""ex_situ"": 0.08153846153846156, ""genetics"": 0.06523076923076924, ""habitat"": 0.47000000000000003, ""rescue"": 0.11415384615384618, ""survey"": 0.1304615384615385}",7,S7,forward_rollout_proxy,False,880700,0.625,0.5,5,4,615,615,0,0.0,0.0,,370.76751105741823,0.7433119030407844,4.399462475739808,0.0006276625453666604,0.9993723374546334,48,0,0,11134.784152040438,11134.784152040436,2783.6960380101095,1.5,0.7074838799015172,0.3630573746782274,0.00020957432340541277,43.0,17.2,0.11657180965338791,3,12:flood:semiwild|14:flood:reserve|16:wildfire:alternative|53:funding_collapse|94:heatwave:reserve,0.015997432762396246,0.06125301018541257,0.0031381499210600293,0.000829041949364146,3.353189174486604e-05,0.000962404108615065,4.4847279248748914e-05,3d87958b0dfdda9d
habitat_priority,"{""biobank"": 0.06523076923076924, ""engagement"": 0.0733846153846154, ""ex_situ"": 0.08153846153846156, ""genetics"": 0.06523076923076924, ""habitat"": 0.47000000000000003, ""rescue"": 0.11415384615384618, ""survey"": 0.1304615384615385}",8,S7,forward_rollout_proxy,False,880800,0.375,0.375,3,3,798,721,1,0.3333333333333333,1.0,19.0,306.57732326659436,0.7237121870128945,3.588609690618327,0.0,1.0,63,0,0,11121.798349768103,11121.798349768103,3707.266116589368,1.5,0.6489227970835366,0.2880958384158108,0.00028614460735874034,43.0,17.200000000000003,0.09283730900636941,2,3:heatwave:reserve|26:flood:semiwild|33:flood:origin|66:funding_collapse|82:flood:alternative,0.015423564083543269,0.05447207104786514,0.007016480172980127,0.0017550239503123918,4.5783137177398454e-05,0.0005576123525882493,9.588009213820913e-05,3d87958b0dfdda9d
habitat_priority,"{""biobank"": 0.06523076923076924, ""engagement"": 0.0733846153846154, ""ex_situ"": 0.08153846153846156, ""genetics"": 0.06523076923076924, ""habitat"": 0.47000000000000003, ""rescue"": 0.11415384615384618, ""survey"": 0.1304615384615385}",9,S7,forward_rollout_proxy,False,880900,0.75,0.625,6,5,476,476,1,0.3333333333333333,1.0,11.0,327.6856490849262,0.7437062139586123,2.1922267785756238,0.027392530263862087,0.9726074697361379,21,0,0,11112.726600253223,11112.726600253223,2222.5453200506445,1.5,0.5227826314460305,0.384692337241376,8.152173913043478e-05,42.0,16.8,0.14620903155508375,2,2:wildfire:reserve|37:heatwave:reserve|48:heatwave:semiwild|54:funding_collapse|68:wildfire:origin|74:wildfire:alternative|99:heatwave:alternative,0.016595582707243872,0.05896389733218792,1.0598911434213734e-05,2.862736897175542e-05,1.3043478260869564e-05,0.0008391532488044412,5.518826591315149e-05,3d87958b0dfdda9d
habitat_priority,"{""biobank"": 0.06523076923076924, ""engagement"": 0.0733846153846154, ""ex_situ"": 0.08153846153846156, ""genetics"": 0.06523076923076924, ""habitat"": 0.47000000000000003, ""rescue"": 0.11415384615384618, ""survey"": 0.1304615384615385}",10,S7,forward_rollout_proxy,False,881000,0.75,0.625,6,5,660,660,1,0.3333333333333333,1.0,22.0,410.6229728247423,0.7494119968435311,3.0102949556450063,0.0006384890118091386,0.9993615109881908,6,0,0,11179.63760034956,11179.637600349559,2235.927520069912,1.5,0.6345145909069024,0.4031502716273806,0.00013290469964984618,50.0,20.0,0.14172931490120133,2,11:flood:reserve|30:heatwave:semiwild|50:heatwave:reserve|65:flood:reserve|70:heatwave:semiwild,0.016423426938966142,0.056652293332648214,1.7535655393494592e-06,9.273175965474385e-06,2.1264751943975396e-05,0.0009303558405181736,4.399877202135414e-05,3d87958b0dfdda9d
habitat_priority,"{""biobank"": 0.06523076923076924, ""engagement"": 0.0733846153846154, ""ex_situ"": 0.08153846153846156, ""genetics"": 0.06523076923076924, ""habitat"": 0.47000000000000003, ""rescue"": 0.11415384615384618, ""survey"": 0.1304615384615385}",11,S7,forward_rollout_proxy,False,881100,0.75,0.75,6,6,953,953,1,0.3333333333333333,1.0,15.0,452.80999875568176,0.680046815332568,3.250412810783375,0.0029321534608097223,0.9970678465391902,14,0,0,11198.462728674536,11198.462728674534,1866.4104547790894,1.5,0.8139093663352934,0.4810663625545898,0.0001434829441556492,65.0,26.0,0.14835648906613313,2,47:funding_collapse|75:wildfire:alternative,0.014861100315147608,0.05297744984182382,0.06910656778696954,0.004223837283994137,2.295727106490387e-05,0.0007527340623297421,4.3464933030126016e-05,3d87958b0dfdda9d
movement_cautious,"{""biobank"": 0.08000000000000002, ""engagement"": 0.09000000000000001, ""ex_situ"": 0.10000000000000003, ""genetics"": 0.08000000000000002, ""habitat"": 0.39200000000000007, ""rescue"": 0.07000000000000002, ""survey"": 0.18800000000000006}",0,S7,forward_rollout_proxy,False,880000,0.0,0.0,0,0,0,0,1,0.3333333333333333,1.0,12.0,35.05183208275673,0.22736149888379628,0.0,,,10,0,0,10985.158310139168,10985.158310139168,10985.158310139168,1.5,0.5622745732711633,0.06309060457073089,7.853403141361257e-05,13.5,5.400000000000002,0.03431573621807279,2,6:heatwave:origin|11:wildfire:reserve|12:heatwave:semiwild|15:flood:origin|28:funding_collapse|28:wildfire:alternative|37:heatwave:origin|80:wildfire:origin,0.005006660345103179,0.035930465515353734,3.23538898363173e-05,0.00038443724803188285,1.256544502617801e-05,0.00025693714335753455,0.0003184492114016067,670b1d923568a4e9
movement_cautious,"{""biobank"": 0.08000000000000002, ""engagement"": 0.09000000000000001, ""ex_situ"": 0.10000000000000003, ""genetics"": 0.08000000000000002, ""habitat"": 0.39200000000000007, ""rescue"": 0.07000000000000002, ""survey"": 0.18800000000000006}",1,S7,forward_rollout_proxy,False,880100,0.625,0.5,5,4,659,659,0,0.0,0.0,,206.42318128565276,0.5250291009200395,3.5380262456657148,0.0015356783341185327,0.9984643216658815,10,0,0,11199.818400504966,11199.818400504966,2799.9546001262415,1.5,0.6436376415287383,0.3538837254478053,0.00023656985410190067,20.5,8.199999999999998,0.1456984941913717,3,3:funding_collapse|8:wildfire:semiwild|14:flood:origin|66:flood:reserve|74:flood:origin|75:flood:alternative|81:flood:origin,0.013196739689986832,0.054228907390060144,0.1993348980048544,0.02228623494290703,3.7851176656304115e-05,0.0010258272469990718,6.398849103425897e-05,670b1d923568a4e9
movement_cautious,"{""biobank"": 0.08000000000000002, ""engagement"": 0.09000000000000001, ""ex_situ"": 0.10000000000000003, ""genetics"": 0.08000000000000002, ""habitat"": 0.39200000000000007, ""rescue"": 0.07000000000000002, ""survey"": 0.18800000000000006}",2,S7,forward_rollout_proxy,False,880200,0.5,0.5,4,4,777,777,1,0.3333333333333333,1.0,26.0,279.78311138782004,0.5995868736976704,4.28441444339917,0.0,1.0,6,0,0,11177.773172448282,11177.773172448286,2794.4432931120705,1.5,0.6707414107102476,0.3632719266449367,0.00037892492924408017,28.5,11.400000000000002,0.1417682056996012,2,33:heatwave:alternative|42:heatwave:origin|91:funding_collapse,0.014135988175400965,0.04887651406720197,0.1424558140032497,0.01399173724364464,6.062798867905283e-05,0.0010352970118507215,3.899950678289326e-05,670b1d923568a4e9
movement_cautious,"{""biobank"": 0.08000000000000002, ""engagement"": 0.09000000000000001, ""ex_situ"": 0.10000000000000003, ""genetics"": 0.08000000000000002, ""habitat"": 0.39200000000000007, ""rescue"": 0.07000000000000002, ""survey"": 0.18800000000000006}",3,S7,forward_rollout_proxy,False,880300,0.25,0.25,2,2,393,393,0,0.0,0.0,,189.88125391147926,0.6406919213880229,3.0792811107528735,0.0009124814769636251,0.9990875185230363,7,0,0,11148.577612763464,11148.577612763467,5574.288806381732,1.5,0.6699999999999999,0.22954715559258898,0.00011019367372958533,15.5,6.1999999999999975,0.09627172242530141,3,12:funding_collapse|23:wildfire:origin|77:funding_collapse,0.013534773976863236,0.04672115683023979,0.10539887229703909,0.009986300412407102,1.7630987796733653e-05,0.0006849760991179571,0.00011755696851138659,670b1d923568a4e9
movement_cautious,"{""biobank"": 0.08000000000000002, ""engagement"": 0.09000000000000001, ""ex_situ"": 0.10000000000000003, ""genetics"": 0.08000000000000002, ""habitat"": 0.39200000000000007, ""rescue"": 0.07000000000000002, ""survey"": 0.18800000000000006}",4,S7,forward_rollout_proxy,False,880400,0.625,0.625,5,5,906,906,0,0.0,0.0,,295.4361254001997,0.6174622531054406,3.4925201933910244,0.000691320206969709,0.9993086797930303,16,0,0,11053.639657119733,11053.639657119735,2210.7279314239468,1.5,0.7132174627432799,0.42133491161746883,2.403846153846154e-05,35.5,14.200000000000008,0.1691898170461532,3,13:funding_collapse|22:funding_collapse|31:heatwave:alternative|47:funding_collapse|48:funding_collapse|68:funding_collapse,0.014463387106375385,0.05299212451208422,0.12416112218552496,0.011631220388192733,3.846153846153846e-06,0.001081610854659195,3.7031036122280905e-05,670b1d923568a4e9
movement_cautious,"{""biobank"": 0.08000000000000002, ""engagement"": 0.09000000000000001, ""ex_situ"": 0.10000000000000003, ""genetics"": 0.08000000000000002, ""habitat"": 0.39200000000000007, ""rescue"": 0.07000000000000002, ""survey"": 0.18800000000000006}",5,S7,forward_rollout_proxy,False,880500,0.75,0.5,6,4,994,994,0,0.0,0.0,,323.47836375048126,0.6852025335880922,2.948684694316154,0.028326636288304636,0.9716733637116953,12,0,0,11086.839394697796,11086.839394697796,2771.709848674449,1.5,0.6699999999999999,0.3524624408950064,0.00019925463401876493,40.5,16.200000000000014,0.15487796975922433,3,44:funding_collapse|49:funding_collapse|65:funding_collapse|89:funding_collapse|95:wildfire:origin,0.015017661344332618,0.05481596383694007,0.055915164652006924,0.010884634860323903,3.1880741443002385e-05,0.0009836353933792468,4.143724010500326e-05,670b1d923568a4e9
movement_cautious,"{""biobank"": 0.08000000000000002, ""engagement"": 0.09000000000000001, ""ex_situ"": 0.10000000000000003, ""genetics"": 0.08000000000000002, ""habitat"": 0.39200000000000007, ""rescue"": 0.07000000000000002, ""survey"": 0.18800000000000006}",6,S7,forward_rollout_proxy,False,880600,0.875,0.625,7,5,851,851,1,0.3333333333333333,1.0,24.0,298.9830375825436,0.6466294189919367,3.008403145496429,0.004659866438149291,0.9953401335618507,13,0,0,11154.849169588742,11154.849169588744,2230.9698339177485,1.5,0.7186912902423389,0.42213722214209204,0.00029104980562719526,41.5,16.600000000000016,0.19467030831446924,2,44:funding_collapse|47:heatwave:alternative|78:funding_collapse,0.014548339232039883,0.05525897535291399,0.09569948158753785,0.009243659396626431,4.656796890035126e-05,0.0009560508826652711,4.03475911308128e-05,670b1d923568a4e9
movement_cautious,"{""biobank"": 0.08000000000000002, ""engagement"": 0.09000000000000001, ""ex_situ"": 0.10000000000000003, ""genetics"": 0.08000000000000002, ""habitat"": 0.39200000000000007, ""rescue"": 0.07000000000000002, ""survey"": 0.18800000000000006}",7,S7,forward_rollout_proxy,False,880700,0.625,0.25,5,2,242,242,0,0.0,0.0,,221.37605254835435,0.7342487192398908,3.3489520160395765,0.0015963580315092778,0.9984036419684907,34,0,0,11126.499248370375,11126.499248370379,5563.249624185188,1.5,0.5876689673503158,0.23130798087090465,0.0003153504440071614,27.25,10.900000000000006,0.13275781987738655,3,12:flood:semiwild|14:flood:reserve|16:wildfire:alternative|53:funding_collapse|94:heatwave:reserve,0.015875113847819308,0.0718527764434061,0.0015847466792142857,0.0010553987557175174,5.045607104114582e-05,0.0009441793756291604,9.106968046261481e-05,670b1d923568a4e9
movement_cautious,"{""biobank"": 0.08000000000000002, ""engagement"": 0.09000000000000001, ""ex_situ"": 0.10000000000000003, ""genetics"": 0.08000000000000002, ""habitat"": 0.39200000000000007, ""rescue"": 0.07000000000000002, ""survey"": 0.18800000000000006}",8,S7,forward_rollout_proxy,False,880800,0.375,0.125,3,1,223,223,2,0.6666666666666666,1.0,47.0,148.08508411122585,0.7327935447970446,1.9989950556739153,0.002317025779646277,0.9976829742203537,19,0,0,11105.666412015149,11105.66641201515,11105.666412015149,1.5,0.5488788099690857,0.14653784567036865,0.00027925194181820275,19.75,7.899999999999995,0.07705007058360464,1,3:heatwave:reserve|26:flood:semiwild|33:flood:origin|66:funding_collapse|82:flood:alternative,0.016682708606962228,0.060725462447620206,0.00037941610060968767,0.0005759275869996824,4.4680310690912436e-05,0.0007757279949278202,0.0001494023283321237,670b1d923568a4e9
movement_cautious,"{""biobank"": 0.08000000000000002, ""engagement"": 0.09000000000000001, ""ex_situ"": 0.10000000000000003, ""genetics"": 0.08000000000000002, ""habitat"": 0.39200000000000007, ""rescue"": 0.07000000000000002, ""survey"": 0.18800000000000006}",9,S7,forward_rollout_proxy,False,880900,0.625,0.25,5,2,186,184,1,0.3333333333333333,1.0,9.0,246.22083606654138,0.7343664318032576,3.6031763394952634,0.0022503997986592856,0.9977496002013407,28,0,0,11103.689687413958,11103.68968741396,5551.844843706979,1.5,0.38283564968468475,0.2139705552918203,8.152173913043478e-05,32.25,12.900000000000004,0.1357761346419959,2,2:wildfire:reserve|37:heatwave:reserve|48:heatwave:semiwild|54:funding_collapse|68:wildfire:origin|74:wildfire:alternative|99:heatwave:alternative,0.01651720108794359,0.06621199305427512,6.50911492637629e-05,0.00019020196950699696,1.3043478260869564e-05,0.0009350749466364908,6.0133872878547635e-05,670b1d923568a4e9
movement_cautious,"{""biobank"": 0.08000000000000002, ""engagement"": 0.09000000000000001, ""ex_situ"": 0.10000000000000003, ""genetics"": 0.08000000000000002, ""habitat"": 0.39200000000000007, ""rescue"": 0.07000000000000002, ""survey"": 0.18800000000000006}",10,S7,forward_rollout_proxy,False,881000,0.625,0.5,5,4,709,709,0,0.0,0.0,,310.4725363458007,0.7462542132342569,3.4996017156039607,0.0029073459021318917,0.9970926540978681,9,0,0,11171.954560993694,11171.954560993698,2792.9886402484235,1.5,0.5222199104275413,0.3430713504744866,0.00011584042330215375,30.25,12.100000000000003,0.15426671137846443,3,11:flood:reserve|30:heatwave:semiwild|50:heatwave:reserve|65:flood:reserve|70:heatwave:semiwild,0.016559913685795333,0.057554018317917705,3.916197828893335e-06,1.3645628935954922e-05,1.8534467728344603e-05,0.00088854368783122,4.1017977487777316e-05,670b1d923568a4e9
movement_cautious,"{""biobank"": 0.08000000000000002, ""engagement"": 0.09000000000000001, ""ex_situ"": 0.10000000000000003, ""genetics"": 0.08000000000000002, ""habitat"": 0.39200000000000007, ""rescue"": 0.07000000000000002, ""survey"": 0.18800000000000006}",11,S7,forward_rollout_proxy,False,881100,0.625,0.5,5,4,776,776,0,0.0,0.0,,295.83963504373713,0.6544752875954454,3.149948767829888,0.0024074288937040644,0.997592571106296,11,0,0,11185.338685155422,11185.338685155424,2796.3346712888556,1.5,0.7373810094315415,0.3624725296605401,0.0001833439950377909,36.5,14.600000000000005,0.16117470519543556,3,47:funding_collapse|75:wildfire:alternative,0.01459382702726356,0.05300384994023284,0.08678391628896928,0.012334346416867936,2.9335039206046537e-05,0.0011136311444403886,3.993478535168999e-05,670b1d923568a4e9
