candidate_id,allocation,replicate,policy,engine,oracle,seed,survival_50,survival_100,species_retained_50,species_retained_100,total_abundance,wild_abundance,n_ebd,fraction_ebd,p_ebd,mean_time_to_ebd,lifetime_welfare,mean_individual_welfare,founder_effective,mean_inbreeding,heterozygosity_proxy,successful_reintroductions,refuge_moves,origin_returns,cost,available_budget,cost_per_species_retained,engagement,habitat_integrity,future_option_value,disease_prevalence,quarantine_cost,relocation_burden,biobank_coverage,discovered_latent,events,welfare_burden_predation,welfare_burden_food_insecurity,welfare_burden_crowding,welfare_burden_restriction,welfare_burden_infection,welfare_burden_habituation,welfare_burden_relocation,config_hash,diagnostic_utility
0,"{""biobank"": 0.05, ""engagement"": 0.11, ""ex_situ"": 0.0, ""genetics"": 0.05, ""habitat"": 0.55, ""rescue"": 0.08, ""survey"": 0.16}",0,S1,rule,False,830000,0.75,0.625,6,5,404,404,0,0.0,0.0,,425.66816604546415,0.7573690736837186,4.025908264653696,0.01598062576,0.98401937424,0,0,0,11216.646854859191,11216.646854859191,2243.329370971838,1.5,0.8629181491250869,0.429019846481886,0.00010261343594676929,0.0,0.0,0.10609474461420176,3,30:funding_collapse|85:wildfire:alternative,0.01600000000000001,0.05564282403596752,0.0,0.0,1.6418149751483086e-05,0.0009716841305622555,0.0,6f2c5ed5f49a912b,0.6627573457007464
0,"{""biobank"": 0.05, ""engagement"": 0.11, ""ex_situ"": 0.0, ""genetics"": 0.05, ""habitat"": 0.55, ""rescue"": 0.08, ""survey"": 0.16}",1,S1,rule,False,830001,0.625,0.5,5,4,37,37,0,0.0,0.0,,377.93063903564683,0.7474797969687645,2.2284313725490197,0.009052982222222221,0.9909470177777778,0,0,0,11214.30870424864,11214.30870424864,2803.57717606216,1.5,0.8081069162408734,0.34967180455803515,0.00010432917543513491,0.0,0.0,0.10788399604228809,3,34:wildfire:semiwild|39:heatwave:semiwild|68:heatwave:reserve|70:flood:origin|76:wildfire:alternative|77:funding_collapse,0.01600000000000001,0.06550694153860218,0.0,0.0,1.6692668069621585e-05,0.000996568824563864,0.0,6f2c5ed5f49a912b,0.5720891500011182
0,"{""biobank"": 0.05, ""engagement"": 0.11, ""ex_situ"": 0.0, ""genetics"": 0.05, ""habitat"": 0.55, ""rescue"": 0.08, ""survey"": 0.16}",2,S1,rule,False,830002,0.75,0.5,6,4,14,14,0,0.0,0.0,,406.6724110755707,0.7454434321877262,2.5,0.0,1.0,0,0,0,11201.85382817897,11201.85382817897,2800.4634570447424,1.5,0.7034427716369939,0.3422305709859811,0.00029801270873312823,0.0,0.0,0.10943146911140829,3,17:funding_collapse|19:wildfire:alternative|21:flood:semiwild|30:flood:semiwild|54:flood:alternative|84:heatwave:origin,0.01600000000000001,0.06746549476788638,0.0,0.0,4.768203339730052e-05,0.0010433910109897049,0.0,6f2c5ed5f49a912b,0.5710395719267571
1,"{""biobank"": 0.022473569542364274, ""engagement"": 0.0605463676871709, ""ex_situ"": 0.0, ""genetics"": 0.03189538817430818, ""habitat"": 0.5441887377297642, ""rescue"": 0.06793789283445836, ""survey"": 0.272958044031934}",0,S1,rule,False,830100,0.75,0.625,6,5,306,306,0,0.0,0.0,,437.3367924605307,0.7561752524457366,4.076334850429501,0.0,1.0,0,0,0,11209.434983903167,11209.434983903167,2241.8869967806336,1.5,0.6410307633668589,0.3963600667535547,0.0004575317032059381,0.0,0.0,0.051218209562868836,3,15:wildfire:alternative|56:heatwave:reserve|74:heatwave:reserve|78:heatwave:reserve|94:wildfire:reserve,0.01600000000000001,0.0568087812276355,0.0,0.0,7.32050725129501e-05,0.0009427612541152468,0.0,f7d5dc35fda7a05a,0.659312294542216
1,"{""biobank"": 0.022473569542364274, ""engagement"": 0.0605463676871709, ""ex_situ"": 0.0, ""genetics"": 0.03189538817430818, ""habitat"": 0.5441887377297642, ""rescue"": 0.06793789283445836, ""survey"": 0.272958044031934}",1,S1,rule,False,830101,0.875,0.25,7,2,3,3,0,0.0,0.0,,339.96837478931116,0.7411856550659734,1.5,0.0,1.0,0,0,0,11193.99494518829,11193.99494518829,5596.997472594145,1.5,0.7656053298321143,0.21389892644788178,0.0003355336933050722,0.0,0.0,0.04919196732335164,3,17:wildfire:semiwild|54:heatwave:reserve|67:flood:alternative|73:flood:origin|77:funding_collapse,0.01600000000000001,0.07178106189721925,0.0,0.0,5.3685390928811544e-05,0.0009795976458785468,0.0,f7d5dc35fda7a05a,0.3950677409046842
1,"{""biobank"": 0.022473569542364274, ""engagement"": 0.0605463676871709, ""ex_situ"": 0.0, ""genetics"": 0.03189538817430818, ""habitat"": 0.5441887377297642, ""rescue"": 0.06793789283445836, ""survey"": 0.272958044031934}",2,S1,rule,False,830102,0.75,0.25,6,2,4,4,0,0.0,0.0,,316.2495801755558,0.741105930679863,1.0,0.0,1.0,0,0,0,11129.839908848091,11129.839908848095,5564.9199544240455,1.5,0.7295534230756267,0.20544417865058534,0.00024613866067490017,0.0,0.0,0.04994418171511336,3,34:funding_collapse|64:funding_collapse|69:wildfire:origin|88:funding_collapse|98:wildfire:origin,0.01600000000000001,0.07206828466675375,0.0,0.0,3.9382185707984035e-05,0.000786402467675206,0.0,f7d5dc35fda7a05a,0.394210307467038
2,"{""biobank"": 0.023023929608326183, ""engagement"": 0.13072678882730673, ""ex_situ"": 0.0, ""genetics"": 0.016413262420912046, ""habitat"": 0.6468549646429071, ""rescue"": 0.043356306987035395, ""survey"": 0.13962474751351248}",0,S1,rule,False,830200,0.375,0.375,3,3,271,271,2,0.6666666666666666,1.0,15.5,171.194170419892,0.740345943329781,2.8270042118159533,0.0,1.0,0,0,0,11204.002345715915,11204.002345715915,3734.667448571972,1.5,0.8426302606860192,0.28762254068120996,0.0,0.0,0.0,0.03169736247224256,1,4:heatwave:origin|47:funding_collapse|59:heatwave:reserve|67:flood:reserve,0.01600000000000001,0.07302183373374885,0.0,0.0,0.0,0.0006322229364704553,0.0,6cb01454bb747da9,0.4168974789009215
2,"{""biobank"": 0.023023929608326183, ""engagement"": 0.13072678882730673, ""ex_situ"": 0.0, ""genetics"": 0.016413262420912046, ""habitat"": 0.6468549646429071, ""rescue"": 0.043356306987035395, ""survey"": 0.13962474751351248}",1,S1,rule,False,830201,0.625,0.625,5,5,398,398,0,0.0,0.0,,512.308199422502,0.7702673396239972,4.100577929157761,0.0014577777777777777,0.9985422222222222,0,0,0,11199.183195868893,11199.183195868893,2239.8366391737786,1.5,0.8852082701849447,0.4203137167815184,2.7548209366391185e-05,0.0,0.0,0.04768555235723158,3,79:flood:reserve|80:funding_collapse|81:heatwave:origin|95:funding_collapse,0.01600000000000001,0.04263539393730159,0.0,0.0,4.407713498622589e-06,0.001092858725202655,0.0,6cb01454bb747da9,0.6638214726217514
2,"{""biobank"": 0.023023929608326183, ""engagement"": 0.13072678882730673, ""ex_situ"": 0.0, ""genetics"": 0.016413262420912046, ""habitat"": 0.6468549646429071, ""rescue"": 0.043356306987035395, ""survey"": 0.13962474751351248}",2,S1,rule,False,830202,0.875,0.875,7,7,996,996,0,0.0,0.0,,646.2243316623103,0.7745014437960718,4.415383594497036,0.0,1.0,0,0,0,11263.816200745796,11263.816200745796,1609.1166001065424,1.5,0.9418299924833242,0.5445984853081679,0.00019553975436328378,0.0,0.0,0.06255825057432549,3,15:wildfire:semiwild|34:flood:alternative,0.01600000000000001,0.03846684241142718,0.0,0.0,3.1286360698125405e-05,0.0010004274318029627,0.0,6cb01454bb747da9,0.8393850651002276
3,"{""biobank"": 0.02343394641161238, ""engagement"": 0.06879577410182239, ""ex_situ"": 0.0, ""genetics"": 0.02422616191584363, ""habitat"": 0.465034880990631, ""rescue"": 0.1671820701542112, ""survey"": 0.2513271664258795}",0,S1,rule,False,830300,0.625,0.0,5,0,0,0,0,0.0,0.0,,168.32376078575234,0.4479126453353986,0.0,,,0,0,0,11161.488801794994,11161.488801794994,11161.488801794994,1.5,0.6598145418169484,0.07079913292307205,0.0003778000171001212,0.0,0.0,0.024088393706886004,3,5:funding_collapse|18:flood:reserve|41:flood:origin|52:flood:origin|57:heatwave:origin,0.009920000000000007,0.05618990290216533,0.0,0.0,6.04480027360194e-05,0.0005170037597002301,0.0,ce57c5a6d7f0a9c1,0.174266810092617
3,"{""biobank"": 0.02343394641161238, ""engagement"": 0.06879577410182239, ""ex_situ"": 0.0, ""genetics"": 0.02422616191584363, ""habitat"": 0.465034880990631, ""rescue"": 0.1671820701542112, ""survey"": 0.2513271664258795}",1,S1,rule,False,830301,0.625,0.375,5,3,8,8,0,0.0,0.0,,267.91482112225236,0.733701396947642,1.3333333333333333,0.008965333333333332,0.9910346666666666,0,0,0,11114.653159847025,11114.653159847025,3704.884386615675,1.5,0.5089438744019962,0.24230416649841421,0.0002647530686349122,0.0,0.0,0.046632228624406254,3,9:flood:alternative|12:funding_collapse|15:flood:semiwild|30:flood:reserve|56:wildfire:alternative|75:heatwave:semiwild|77:heatwave:origin|81:flood:reserve|89:flood:alternative|92:funding_collapse,0.01600000000000001,0.0792349115951412,0.0,0.0,4.236049098158595e-05,0.0010213309662349913,0.0,ce57c5a6d7f0a9c1,0.4780356261919878
3,"{""biobank"": 0.02343394641161238, ""engagement"": 0.06879577410182239, ""ex_situ"": 0.0, ""genetics"": 0.02422616191584363, ""habitat"": 0.465034880990631, ""rescue"": 0.1671820701542112, ""survey"": 0.2513271664258795}",2,S1,rule,False,830302,0.0,0.0,0,0,0,0,0,0.0,0.0,,56.43442581019049,0.3293849998417074,0.0,,,0,0,0,11126.06127308037,11126.06127308037,11126.06127308037,1.5,0.6382577234263506,0.06659554790510037,0.0,0.0,0.0,0.013848877812326538,3,4:funding_collapse|13:flood:origin|61:flood:origin|67:funding_collapse|71:flood:reserve|78:flood:origin,0.007360000000000005,0.04472960928647099,0.0,0.0,0.0,0.00032539087182159273,0.0,ce57c5a6d7f0a9c1,0.15606730476676614
4,"{""biobank"": 0.0588374317185212, ""engagement"": 0.04640891650163809, ""ex_situ"": 0.0, ""genetics"": 0.07972643403133914, ""habitat"": 0.5419469824104727, ""rescue"": 0.128302651264024, ""survey"": 0.14477758407400493}",0,S1,rule,False,830400,0.5,0.5,4,4,93,93,1,0.3333333333333333,1.0,43.0,384.90614532541963,0.7526260312841935,3.666700189078705,0.0,1.0,0,0,0,11196.21570803146,11196.21570803146,2799.053927007865,1.5,0.6416337279248934,0.3462868790900356,0.0003736095521709495,0.0,0.0,0.10228252203379581,2,20:heatwave:alternative|41:wildfire:alternative|54:flood:alternative|58:flood:reserve|90:flood:origin,0.01600000000000001,0.060337796594753475,0.0,0.0,5.9777528347351906e-05,0.0009763945927059226,0.0,3a5550e4a3d49317,0.5391892592682992
4,"{""biobank"": 0.0588374317185212, ""engagement"": 0.04640891650163809, ""ex_situ"": 0.0, ""genetics"": 0.07972643403133914, ""habitat"": 0.5419469824104727, ""rescue"": 0.128302651264024, ""survey"": 0.14477758407400493}",1,S1,rule,False,830401,0.25,0.0,2,0,0,0,2,0.6666666666666666,1.0,17.5,48.925195501935974,0.48903763182732424,0.0,,,0,0,0,11186.458467211156,11186.458467211154,11186.458467211156,1.5,0.7258099321700503,0.08085514978947642,0.00026346842884421463,0.0,0.0,0.04137078286235689,1,7:wildfire:origin|37:wildfire:origin|55:heatwave:reserve|57:heatwave:alternative,0.011040000000000008,0.07209658035529294,0.0,0.0,4.215494861507434e-05,0.0004836328687677277,0.0,3a5550e4a3d49317,0.11477449308637962
4,"{""biobank"": 0.0588374317185212, ""engagement"": 0.04640891650163809, ""ex_situ"": 0.0, ""genetics"": 0.07972643403133914, ""habitat"": 0.5419469824104727, ""rescue"": 0.128302651264024, ""survey"": 0.14477758407400493}",2,S1,rule,False,830402,0.625,0.25,5,2,56,56,2,0.6666666666666666,1.0,11.0,308.23906990616064,0.7452205421249475,3.9277617248277394,0.0,1.0,0,0,0,11176.29601578621,11176.29601578621,5588.148007893105,1.5,0.6383791041485432,0.23603400872463545,2.617801047120419e-05,0.0,0.0,0.1020924053075187,1,16:flood:semiwild|20:heatwave:semiwild|29:wildfire:alternative|55:heatwave:semiwild|59:heatwave:origin|82:wildfire:alternative|92:funding_collapse|95:wildfire:reserve|98:flood:semiwild,0.01600000000000001,0.06786700081729125,0.0,0.0,4.18848167539267e-06,0.0009082685760861409,0.0,3a5550e4a3d49317,0.331219815524539
5,"{""biobank"": 0.04383709596867469, ""engagement"": 0.11788339903288719, ""ex_situ"": 0.0, ""genetics"": 0.051899088102122855, ""habitat"": 0.5841147791605603, ""rescue"": 0.07359365464686293, ""survey"": 0.1286719830888921}",0,S1,rule,False,830500,0.75,0.375,6,3,74,74,1,0.3333333333333333,1.0,24.0,293.470435103645,0.7449118189355604,2.7739978647419665,0.0,1.0,0,0,0,11221.176925110787,11221.176925110787,3740.3923083702625,1.5,0.6880499050768442,0.28124077272969317,5.2716387225826173e-05,0.0,0.0,0.07972901787294528,2,44:wildfire:origin|77:wildfire:semiwild|82:funding_collapse|88:heatwave:alternative|93:heatwave:reserve,0.01600000000000001,0.06812842723896383,0.0,0.0,8.434621956132186e-06,0.0009513192035202133,0.0,0b6d11f8d8f45e9f,0.4502775167799701
5,"{""biobank"": 0.04383709596867469, ""engagement"": 0.11788339903288719, ""ex_situ"": 0.0, ""genetics"": 0.051899088102122855, ""habitat"": 0.5841147791605603, ""rescue"": 0.07359365464686293, ""survey"": 0.1286719830888921}",1,S1,rule,False,830501,0.25,0.125,2,1,11,11,0,0.0,0.0,,70.67140987499019,0.7235693979830232,1.9836065573770496,0.008835122914231046,0.991164877085769,0,0,0,11194.158356273932,11194.158356273932,11194.158356273932,1.5,0.8145324763743774,0.1659784002635064,2.652519893899204e-05,0.0,0.0,0.04219543526149083,3,7:flood:origin|20:funding_collapse|86:wildfire:semiwild,0.01600000000000001,0.08978298843649124,0.0,0.0,4.244031830238727e-06,0.0006433695486554932,0.0,0b6d11f8d8f45e9f,0.30638324972380415
5,"{""biobank"": 0.04383709596867469, ""engagement"": 0.11788339903288719, ""ex_situ"": 0.0, ""genetics"": 0.051899088102122855, ""habitat"": 0.5841147791605603, ""rescue"": 0.07359365464686293, ""survey"": 0.1286719830888921}",2,S1,rule,False,830502,0.625,0.125,5,1,3,3,1,0.3333333333333333,1.0,18.0,261.72024642373225,0.7332268437940134,1.0,0.021866666666666663,0.9781333333333333,0,0,0,11190.119879527047,11190.119879527047,11190.119879527047,1.5,0.6633759543256398,0.14794446392543067,0.00021067868687702035,0.0,0.0,0.0767843424643334,2,30:funding_collapse|41:flood:origin|66:funding_collapse|83:flood:origin|94:wildfire:alternative,0.01600000000000001,0.07993774737805698,0.0,0.0,3.370858990032326e-05,0.0008017002380291588,0.0,0b6d11f8d8f45e9f,0.2726951396283117
6,"{""biobank"": 0.12688255600905252, ""engagement"": 0.06028977925865781, ""ex_situ"": 0.0, ""genetics"": 0.012340603845856626, ""habitat"": 0.5815428120016378, ""rescue"": 0.07240754999178803, ""survey"": 0.14653669889300702}",0,S1,rule,False,830600,0.75,0.5,6,4,491,491,1,0.3333333333333333,1.0,18.0,467.7635209022182,0.7631782849327194,6.790962091510226,0.0,1.0,0,0,0,11171.717463159159,11171.71746315916,2792.9293657897897,1.5,0.8944765859714684,0.43556339983580494,2.5062656641604008e-05,0.0,0.0,0.26603060161777925,2,9:funding_collapse|37:funding_collapse|37:wildfire:semiwild,0.01600000000000001,0.049704951699816514,0.0,0.0,4.010025062656642e-06,0.0011127533424013173,0.0,9142f58a8deb5a87,0.5496997493901551
6,"{""biobank"": 0.12688255600905252, ""engagement"": 0.06028977925865781, ""ex_situ"": 0.0, ""genetics"": 0.012340603845856626, ""habitat"": 0.5815428120016378, ""rescue"": 0.07240754999178803, ""survey"": 0.14653669889300702}",1,S1,rule,False,830601,0.625,0.625,5,5,532,532,1,0.3333333333333333,1.0,10.0,490.79396492652245,0.7629361032980201,5.525622008206118,0.0,1.0,0,0,0,11198.541587760248,11198.54158776025,2239.7083175520497,1.5,0.8954125485824683,0.4792945363737859,7.475747574757476e-05,0.0,0.0,0.2662353071673894,2,5:heatwave:semiwild|53:funding_collapse|58:heatwave:semiwild|72:wildfire:reserve,0.01600000000000001,0.050124999424026775,0.0,0.0,1.1961196119611961e-05,0.0009269360818334845,0.0,9142f58a8deb5a87,0.6352865357987482
6,"{""biobank"": 0.12688255600905252, ""engagement"": 0.06028977925865781, ""ex_situ"": 0.0, ""genetics"": 0.012340603845856626, ""habitat"": 0.5815428120016378, ""rescue"": 0.07240754999178803, ""survey"": 0.14653669889300702}",2,S1,rule,False,830602,0.5,0.25,4,2,36,36,1,0.3333333333333333,1.0,16.0,170.27651647791757,0.7341864497725061,1.9056603773584904,0.008199999999999999,0.9918,0,0,0,11157.269375920669,11157.26937592067,5578.634687960334,1.5,0.8185323545781786,0.25296204732959177,2.7855153203342618e-05,0.0,0.0,0.19776104049094487,2,26:heatwave:origin|58:funding_collapse|70:flood:reserve|88:funding_collapse,0.01600000000000001,0.07894015038950221,0.0,0.0,4.4568245125348185e-06,0.000868943013479366,0.0,9142f58a8deb5a87,0.3645908388655018
7,"{""biobank"": 0.03735780499252094, ""engagement"": 0.1930793778341162, ""ex_situ"": 0.0, ""genetics"": 0.13624688793066744, ""habitat"": 0.43221249040823967, ""rescue"": 0.05911549166926991, ""survey"": 0.14198794716518592}",0,S1,rule,False,830700,0.75,0.125,6,1,23,23,1,0.3333333333333333,1.0,22.0,233.0422445203533,0.7379155567566046,2.5555555555555554,0.0,1.0,0,0,0,11235.915360649245,11235.915360649245,11235.915360649245,1.5,0.7960448442692117,0.1744512704439966,0.00018366589709762534,0.0,0.0,0.0652061523075994,2,9:funding_collapse|52:flood:semiwild,0.01600000000000001,0.07530171029526352,0.0,0.0,2.9386543535620053e-05,0.0007533464045959637,0.0,2bfb606851fe8b3a,0.276049127224557
7,"{""biobank"": 0.03735780499252094, ""engagement"": 0.1930793778341162, ""ex_situ"": 0.0, ""genetics"": 0.13624688793066744, ""habitat"": 0.43221249040823967, ""rescue"": 0.05911549166926991, ""survey"": 0.14198794716518592}",1,S1,rule,False,830701,0.625,0.375,5,3,37,37,2,0.6666666666666666,1.0,19.0,262.89374473493893,0.7375722880246748,2.819703372276079,0.0031238095238095235,0.9968761904761905,0,0,0,11121.637747326506,11121.637747326504,3707.2125824421687,1.5,0.7326325027121768,0.2823897780315556,8.021390374331552e-05,0.0,0.0,0.06089747018788557,1,2:funding_collapse|9:wildfire:reserve|36:funding_collapse|43:heatwave:reserve|73:funding_collapse|85:funding_collapse,0.01600000000000001,0.07557609060438714,0.0,0.0,1.283422459893048e-05,0.0008387871463391542,0.0,2bfb606851fe8b3a,0.4159581543401901
7,"{""biobank"": 0.03735780499252094, ""engagement"": 0.1930793778341162, ""ex_situ"": 0.0, ""genetics"": 0.13624688793066744, ""habitat"": 0.43221249040823967, ""rescue"": 0.05911549166926991, ""survey"": 0.14198794716518592}",2,S1,rule,False,830702,0.5,0.375,4,3,53,53,1,0.3333333333333333,1.0,14.0,260.5924549827461,0.7379219635221471,3.104281737439795,0.022596770370370372,0.9774032296296297,0,0,0,11142.572354311102,11142.572354311102,3714.1907847703674,1.5,0.5084724657832406,0.2634157096250166,0.0002827375564152912,0.0,0.0,0.06387822836147286,2,15:flood:reserve|22:funding_collapse|40:wildfire:reserve|48:wildfire:reserve|59:heatwave:reserve|83:heatwave:alternative|85:flood:alternative|91:funding_collapse|95:wildfire:semiwild|96:funding_collapse,0.01600000000000001,0.07512066956765119,0.0,0.0,4.523800902644659e-05,0.0009121289011750334,0.0,2bfb606851fe8b3a,0.4474465321574904
8,"{""biobank"": 0.04700861039336263, ""engagement"": 0.12312436649112385, ""ex_situ"": 0.0, ""genetics"": 0.10412902014589555, ""habitat"": 0.4930153520600303, ""rescue"": 0.0873080613888669, ""survey"": 0.14541458952072078}",0,S1,rule,False,830800,0.75,0.5,6,4,170,170,1,0.3333333333333333,1.0,17.0,361.2674401326976,0.7466329135920834,4.213539492358796,0.0,1.0,0,0,0,11158.244711961093,11158.244711961093,2789.5611779902733,1.5,0.8347378233690352,0.3702948923950684,0.00019862110921369924,0.0,0.0,0.09842857567288443,2,15:flood:alternative|19:funding_collapse|75:funding_collapse,0.01600000000000001,0.06639420984819709,0.0,0.0,3.177937747419188e-05,0.0009410971822450646,0.0,528db556daf4a788,0.5406910929449861
8,"{""biobank"": 0.04700861039336263, ""engagement"": 0.12312436649112385, ""ex_situ"": 0.0, ""genetics"": 0.10412902014589555, ""habitat"": 0.4930153520600303, ""rescue"": 0.0873080613888669, ""survey"": 0.14541458952072078}",1,S1,rule,False,830801,0.5,0.5,4,4,155,155,1,0.3333333333333333,1.0,44.0,325.2227550600456,0.7481112205971949,4.022236250481306,0.0,1.0,0,0,0,11191.119695162297,11191.119695162297,2797.7799237905742,1.5,0.6095058988078036,0.34325522866613467,0.0001861119301101506,0.0,0.0,0.0854113814027061,2,8:wildfire:alternative|14:wildfire:semiwild|31:funding_collapse|39:heatwave:alternative|43:wildfire:reserve|53:flood:reserve|64:flood:alternative,0.01600000000000001,0.06485705547258855,0.0,0.0,2.9777908817624102e-05,0.0010019460213989487,0.0,528db556daf4a788,0.5382088726228593
8,"{""biobank"": 0.04700861039336263, ""engagement"": 0.12312436649112385, ""ex_situ"": 0.0, ""genetics"": 0.10412902014589555, ""habitat"": 0.4930153520600303, ""rescue"": 0.0873080613888669, ""survey"": 0.14541458952072078}",2,S1,rule,False,830802,0.0,0.0,0,0,0,0,0,0.0,0.0,,18.831171457030056,0.2611371905309928,0.0,,,0,0,0,11189.921266261877,11189.921266261877,11189.921266261877,1.5,0.6178759791678596,0.06608710314491975,3.236245954692557e-05,0.0,0.0,0.021497526140668917,3,1:wildfire:origin|56:wildfire:semiwild|58:heatwave:origin|76:wildfire:alternative|87:flood:alternative,0.005920000000000004,0.039436514274750534,0.0,0.0,5.17799352750809e-06,0.0006011172007291272,0.0,528db556daf4a788,0.1457792888941409
9,"{""biobank"": 0.09538359697998836, ""engagement"": 0.0815384353083908, ""ex_situ"": 0.0, ""genetics"": 0.06460187400656155, ""habitat"": 0.574710055836661, ""rescue"": 0.060026287203279814, ""survey"": 0.12373975066511853}",0,S1,rule,False,830900,0.75,0.75,6,6,536,536,0,0.0,0.0,,489.9049850298598,0.7619913572558698,4.068484528960082,0.0028271461514470498,0.9971728538485529,0,0,0,11239.263643247354,11239.263643247356,1873.2106072078923,1.5,0.8922257368250843,0.5143162981139983,0.0001683853586027499,0.0,0.0,0.23454439570944485,3,1:heatwave:semiwild|2:flood:semiwild,0.01600000000000001,0.050990965083248734,0.0,0.0,2.694165737643998e-05,0.0009907360035049185,0.0,a0c27601ca11a355,0.7532303333997803
9,"{""biobank"": 0.09538359697998836, ""engagement"": 0.0815384353083908, ""ex_situ"": 0.0, ""genetics"": 0.06460187400656155, ""habitat"": 0.574710055836661, ""rescue"": 0.060026287203279814, ""survey"": 0.12373975066511853}",1,S1,rule,False,830901,0.75,0.25,6,2,2,2,0,0.0,0.0,,316.6555335318211,0.7398154658042624,1.0,0.0,1.0,0,0,0,11113.35982491334,11113.359824913343,5556.67991245667,1.5,0.6526881196790498,0.22301313141462623,2.793296089385475e-05,0.0,0.0,0.17622159723360611,3,14:flood:alternative|20:heatwave:reserve|32:funding_collapse|42:funding_collapse|62:funding_collapse|67:wildfire:reserve|68:heatwave:origin|73:flood:reserve,0.01600000000000001,0.07339841370320316,0.0,0.0,4.46927374301676e-06,0.0007816512187913414,0.0,a0c27601ca11a355,0.395773633012102
9,"{""biobank"": 0.09538359697998836, ""engagement"": 0.0815384353083908, ""ex_situ"": 0.0, ""genetics"": 0.06460187400656155, ""habitat"": 0.574710055836661, ""rescue"": 0.060026287203279814, ""survey"": 0.12373975066511853}",2,S1,rule,False,830902,0.625,0.625,5,5,430,430,2,0.6666666666666666,1.0,16.0,478.2730900641223,0.760995933469201,4.660743841770159,0.0,1.0,0,0,0,11110.70738892959,11110.70738892959,2222.141477785918,1.5,0.7486142798915445,0.4428278340273062,0.00013072981397419962,0.0,0.0,0.2005448381022506,1,20:funding_collapse|48:flood:reserve|54:funding_collapse|54:heatwave:reserve|63:wildfire:reserve|67:funding_collapse|92:funding_collapse,0.01600000000000001,0.051933276182314796,0.0,0.0,2.0916770235871944e-05,0.0010498735782482988,0.0,a0c27601ca11a355,0.5980155067564441
10,"{""biobank"": 0.012692388122842669, ""engagement"": 0.10365990222345506, ""ex_situ"": 0.0, ""genetics"": 0.03696148960087001, ""habitat"": 0.5604692812424572, ""rescue"": 0.11840509495462063, ""survey"": 0.1678118438557544}",0,S1,rule,False,831000,0.75,0.25,6,2,16,16,2,0.6666666666666666,1.0,19.5,308.6882449662414,0.7386992494391629,1.4878048780487805,0.07218270856550857,0.9278172914344914,0,0,0,11213.19581570918,11213.195815709181,5606.59790785459,1.5,0.6196430141401766,0.1940879328031626,0.0002744684922312434,0.0,0.0,0.023727913043285614,1,45:funding_collapse|55:flood:origin|77:wildfire:semiwild|92:wildfire:reserve|99:flood:reserve,0.01600000000000001,0.07435060851162154,0.0,0.0,4.391495875699895e-05,0.0009062270904587146,0.0,d5644bef5657adc0,0.326047014029524
10,"{""biobank"": 0.012692388122842669, ""engagement"": 0.10365990222345506, ""ex_situ"": 0.0, ""genetics"": 0.03696148960087001, ""habitat"": 0.5604692812424572, ""rescue"": 0.11840509495462063, ""survey"": 0.1678118438557544}",1,S1,rule,False,831001,0.75,0.0,6,0,0,0,0,0.0,0.0,,309.0369570276587,0.7310008026338679,0.0,,,0,0,0,11173.278171312846,11173.278171312846,11173.278171312846,1.5,0.7720817243882804,0.08227947432370167,0.00010733544340894437,0.0,0.0,0.02535650942436808,3,3:wildfire:reserve|25:heatwave:alternative|41:wildfire:alternative|54:funding_collapse|65:flood:origin,0.01584000000000001,0.07398197160233873,0.0,0.0,1.71736709454311e-05,0.0008600520928480055,0.0,d5644bef5657adc0,0.21787806782745034
10,"{""biobank"": 0.012692388122842669, ""engagement"": 0.10365990222345506, ""ex_situ"": 0.0, ""genetics"": 0.03696148960087001, ""habitat"": 0.5604692812424572, ""rescue"": 0.11840509495462063, ""survey"": 0.1678118438557544}",2,S1,rule,False,831002,0.75,0.5,6,4,425,425,0,0.0,0.0,,452.34207087653516,0.7601701029220098,5.016556558645636,0.0,1.0,0,0,0,11215.926119027132,11215.926119027132,2803.981529756783,1.5,0.8818375896906452,0.3685590561277966,0.00047163467173739706,0.0,0.0,0.026048657861378548,3,26:funding_collapse|44:flood:alternative,0.01600000000000001,0.052781447857786844,0.0,0.0,7.546154747798352e-05,0.0009729876727254913,0.0,d5644bef5657adc0,0.5758814210510812
11,"{""biobank"": 0.045933226498709574, ""engagement"": 0.09467566165866637, ""ex_situ"": 0.0, ""genetics"": 0.05046999004217123, ""habitat"": 0.5819125159112949, ""rescue"": 0.0550996421714407, ""survey"": 0.17190896371771708}",0,S1,rule,False,831100,0.75,0.625,6,5,171,171,1,0.3333333333333333,1.0,14.0,427.76367492527834,0.7559195795282918,3.3686138954863765,0.00020278081477908102,0.9997972191852209,0,0,0,11181.876725607017,11181.876725607017,2236.3753451214034,1.5,0.817269432452755,0.4185416571893925,0.00028202145564574404,0.0,0.0,0.10939287494626615,2,33:funding_collapse|40:funding_collapse|47:flood:reserve|74:heatwave:alternative|78:wildfire:origin,0.01600000000000001,0.05700106664178781,0.0,0.0,4.512343290331905e-05,0.001034230397017273,0.0,82a8dd19380e5947,0.6281587693148497
11,"{""biobank"": 0.045933226498709574, ""engagement"": 0.09467566165866637, ""ex_situ"": 0.0, ""genetics"": 0.05046999004217123, ""habitat"": 0.5819125159112949, ""rescue"": 0.0550996421714407, ""survey"": 0.17190896371771708}",1,S1,rule,False,831101,0.75,0.5,6,4,78,78,0,0.0,0.0,,357.7673562120457,0.7484519767037335,2.7480818414322252,0.016797426666666667,0.9832025733333334,0,0,0,11052.425768895662,11052.425768895664,2763.1064422239156,1.5,0.8177302658903133,0.3539393500526861,0.00019027930545204429,0.0,0.0,0.0984275252466627,3,1:heatwave:alternative|45:funding_collapse|65:heatwave:origin|69:funding_collapse|90:funding_collapse|98:funding_collapse,0.01600000000000001,0.06458938252601781,0.0,0.0,3.0444688872327083e-05,0.0009281960813766429,0.0,82a8dd19380e5947,0.5726617315108287
11,"{""biobank"": 0.045933226498709574, ""engagement"": 0.09467566165866637, ""ex_situ"": 0.0, ""genetics"": 0.05046999004217123, ""habitat"": 0.5819125159112949, ""rescue"": 0.0550996421714407, ""survey"": 0.17190896371771708}",2,S1,rule,False,831102,0.75,0.625,6,5,521,521,1,0.3333333333333333,1.0,22.0,496.5596322179554,0.7629825397860056,4.955997545747307,0.0,1.0,0,0,0,11211.14608926799,11211.14608926799,2242.229217853598,1.5,0.879537980002861,0.43786193270664875,0.0001812008747789272,0.0,0.0,0.09549079624444809,2,3:funding_collapse|31:flood:reserve|42:flood:semiwild|77:flood:alternative,0.01600000000000001,0.04998004135366504,0.0,0.0,2.8992139964628357e-05,0.0010084267203650799,0.0,82a8dd19380e5947,0.6311502409052324
0,"{""biobank"": 0.05, ""engagement"": 0.08, ""ex_situ"": 0.42, ""genetics"": 0.1, ""habitat"": 0.08, ""rescue"": 0.22, ""survey"": 0.05}",0,S2,rule,False,840000,0.375,0.125,3,1,5,0,3,1.0,1.0,31.0,79.78944058643395,0.5015067883970789,2.7777777777777772,0.0,1.0,0,0,0,11351.208334413628,11351.208334413628,11351.208334413628,1.5,0.23983763078879763,0.11617187309266629,0.0008481009568263183,63.75,25.500000000000007,0.040801661180043726,0,49:wildfire:semiwild|52:heatwave:reserve|59:heatwave:origin,0.00495293901095728,0.09016551991931589,0.027182703163889058,0.012353103560701446,0.00013569615309221093,0.0008118573257644625,0.00013178018855494202,d79d10c5065008f9,0.16809320556882845
0,"{""biobank"": 0.05, ""engagement"": 0.08, ""ex_situ"": 0.42, ""genetics"": 0.1, ""habitat"": 0.08, ""rescue"": 0.22, ""survey"": 0.05}",1,S2,rule,False,840001,0.25,0.25,2,2,45,0,3,1.0,1.0,28.0,68.38483533062409,0.46804254852639615,1.523809523809524,0.032360227297178364,0.9676397727028216,0,0,0,11297.009455498855,11297.009455498857,5648.504727749428,1.5,0.2379943057493952,0.16209415195309249,0.0004070436134569356,39.75,15.9,0.0527831307002886,0,21:flood:reserve|27:flood:origin|69:heatwave:reserve|74:heatwave:semiwild|82:funding_collapse,0.0041145206790853175,0.09188294034067404,0.04359945822559428,0.012250208831003915,6.512697815310967e-05,0.0007593365879458372,0.00010523695906985243,d79d10c5065008f9,0.24891579747426867
0,"{""biobank"": 0.05, ""engagement"": 0.08, ""ex_situ"": 0.42, ""genetics"": 0.1, ""habitat"": 0.08, ""rescue"": 0.22, ""survey"": 0.05}",2,S2,rule,False,840002,0.375,0.125,3,1,23,0,2,0.6666666666666666,1.0,17.5,74.8671839818327,0.4892194420310416,3.598639455782313,0.0,1.0,0,0,0,11204.492085278505,11204.492085278507,11204.492085278505,1.5,0.3555297906853408,0.13829875397774233,8.403361344537815e-05,55.25,22.100000000000005,0.05254690175692557,1,17:funding_collapse|22:funding_collapse|72:funding_collapse|79:flood:semiwild|86:funding_collapse|95:wildfire:origin,0.004913822861688264,0.09043102385667551,0.03809271249782966,0.01226638539966604,1.3445378151260504e-05,0.0008232080083230949,0.00014601614772162422,d79d10c5065008f9,0.20179612503576383
1,"{""biobank"": 0.08974809097827556, ""engagement"": 0.07626088736801016, ""ex_situ"": 0.31814274440479745, ""genetics"": 0.15243267243383993, ""habitat"": 0.08483914565263623, ""rescue"": 0.2646361582845892, ""survey"": 0.013940300877851397}",0,S2,rule,False,840100,0.25,0.125,2,1,51,0,3,1.0,1.0,26.0,64.81411514362249,0.45795631817521454,4.313432835820896,0.0,1.0,0,0,0,11307.087707789879,11307.087707789879,11307.087707789879,1.5,0.14404620824761155,0.1285201286188712,0.00013194366714596085,37.75,15.099999999999996,0.07365589717950545,0,4:funding_collapse|20:flood:origin|21:wildfire:semiwild|24:funding_collapse|41:flood:reserve|64:wildfire:alternative|65:heatwave:reserve|84:heatwave:reserve,0.003444748207619177,0.09264550982010768,0.04220353405884717,0.013337667113851133,2.1110986743353736e-05,0.0007353617164773312,8.706439867620216e-05,d973e5972d2b2e46,0.1627954605881693
1,"{""biobank"": 0.08974809097827556, ""engagement"": 0.07626088736801016, ""ex_situ"": 0.31814274440479745, ""genetics"": 0.15243267243383993, ""habitat"": 0.08483914565263623, ""rescue"": 0.2646361582845892, ""survey"": 0.013940300877851397}",1,S2,rule,False,840101,0.25,0.125,2,1,43,0,3,1.0,1.0,32.0,73.47502824156857,0.49747125026182554,1.7296538821328344,0.0,1.0,0,0,0,11325.028870156399,11325.028870156399,11325.028870156399,1.5,0.36326335952692784,0.1237116002320798,0.00026494116084323466,65.0,26.00000000000001,0.06919362729029335,0,27:flood:semiwild|58:heatwave:semiwild|62:funding_collapse,0.004762259543538726,0.08995530443429954,0.02593807617865873,0.012990281889788841,4.2390585734917545e-05,0.0007834052213500503,0.0001366326249822894,d973e5972d2b2e46,0.1682418475624818
1,"{""biobank"": 0.08974809097827556, ""engagement"": 0.07626088736801016, ""ex_situ"": 0.31814274440479745, ""genetics"": 0.15243267243383993, ""habitat"": 0.08483914565263623, ""rescue"": 0.2646361582845892, ""survey"": 0.013940300877851397}",2,S2,rule,False,840102,0.375,0.125,3,1,22,0,2,0.6666666666666666,1.0,18.5,88.88487112552514,0.49222115054341326,1.1980198019801982,0.0427358416,0.9572641584,0,0,0,11299.995859031857,11299.995859031857,11299.995859031857,1.5,0.30197420905038447,0.11907210305817366,0.0002319298908611972,65.25,26.099999999999998,0.10322242066666612,1,50:wildfire:alternative|61:flood:origin|95:wildfire:semiwild,0.005161133354161957,0.09179260953364504,0.03885479817019908,0.010843673454056757,3.7108782537791556e-05,0.0007384011258255742,0.00015136675142106694,d973e5972d2b2e46,0.2003237162206627
2,"{""biobank"": 0.07454778888851245, ""engagement"": 0.10332097394800423, ""ex_situ"": 0.29118695458174954, ""genetics"": 0.16749246183331679, ""habitat"": 0.03086531083907634, ""rescue"": 0.2471730756397604, ""survey"": 0.08541343426958035}",0,S2,rule,False,840200,0.375,0.125,3,1,42,0,2,0.6666666666666666,1.0,16.0,75.63608980637132,0.47142282867731067,3.2546125461254616,0.0,1.0,0,0,0,11363.23156043283,11363.231560432829,11363.23156043283,1.5,0.20942103316954022,0.12623234236559638,0.00042111429488659306,65.0,26.000000000000014,0.08247056793693866,1,40:wildfire:reserve|50:wildfire:origin|55:heatwave:reserve|88:wildfire:semiwild|94:wildfire:origin,0.0043389540725805404,0.09139826493094866,0.04418588659315807,0.012603384849761748,6.737828718185488e-05,0.0007839442400506062,0.00016199931595840423,08909e374acee8c0,0.19791999187148956
2,"{""biobank"": 0.07454778888851245, ""engagement"": 0.10332097394800423, ""ex_situ"": 0.29118695458174954, ""genetics"": 0.16749246183331679, ""habitat"": 0.03086531083907634, ""rescue"": 0.2471730756397604, ""survey"": 0.08541343426958035}",1,S2,rule,False,840201,0.125,0.125,1,1,48,0,2,0.6666666666666666,1.0,17.0,57.244773900097414,0.4684250129143432,2.6853146853146854,0.0,1.0,0,0,0,11368.849531777803,11368.849531777802,11368.849531777803,1.5,0.06224840069742845,0.10022207570634163,0.0002004027975253972,67.5,27.00000000000001,0.054470443917259685,1,6:wildfire:semiwild|23:wildfire:reserve|28:heatwave:alternative|56:flood:origin|71:wildfire:alternative|77:flood:semiwild|95:funding_collapse,0.0036140594225717126,0.08959413566521414,0.03679818108902441,0.0138762656487822,3.206444760406356e-05,0.0007363593721524942,0.0001715798604556982,08909e374acee8c0,0.19486929284111898
2,"{""biobank"": 0.07454778888851245, ""engagement"": 0.10332097394800423, ""ex_situ"": 0.29118695458174954, ""genetics"": 0.16749246183331679, ""habitat"": 0.03086531083907634, ""rescue"": 0.2471730756397604, ""survey"": 0.08541343426958035}",2,S2,rule,False,840202,0.25,0.125,2,1,63,0,3,1.0,1.0,23.666666666666668,58.902275324747286,0.46763042982149544,2.690847457627119,0.004381677309714285,0.9956183226902857,0,0,0,11355.394720884937,11355.394720884937,11355.394720884937,1.5,0.07023121941998653,0.10234810989218114,0.0005257927295818711,43.5,17.40000000000001,0.0608325668695565,0,32:heatwave:alternative|52:heatwave:alternative|62:funding_collapse|73:flood:reserve,0.003604988779357993,0.09023792691490531,0.03632063326939869,0.013247628846960926,8.412683673309937e-05,0.0006813717345004852,0.00011027368263627218,08909e374acee8c0,0.1616293754624424
3,"{""biobank"": 0.040575442026445266, ""engagement"": 0.08520825091951865, ""ex_situ"": 0.3232107965137755, ""genetics"": 0.10102246710410608, ""habitat"": 0.09012638959496047, ""rescue"": 0.2666672394773222, ""survey"": 0.09318941436387179}",0,S2,rule,False,840300,0.375,0.25,3,2,60,0,1,0.3333333333333333,1.0,15.0,80.42867584129749,0.4586854208695499,2.8865985811179544,0.0,1.0,0,0,0,11302.33169050924,11302.331690509242,5651.16584525462,1.5,0.055487352776153055,0.15688519961914887,0.0002514568691614197,68.5,27.400000000000013,0.049852392651770064,2,38:funding_collapse|38:wildfire:reserve|40:wildfire:origin|63:heatwave:alternative|79:wildfire:reserve|80:funding_collapse|84:wildfire:origin|95:flood:alternative,0.004138374896093734,0.09146728366855003,0.053852182729384086,0.011728292690036888,4.023309906582716e-05,0.0006751786149394174,0.00013549811059543798,4434e7241f500ee5,0.3136579997590141
3,"{""biobank"": 0.040575442026445266, ""engagement"": 0.08520825091951865, ""ex_situ"": 0.3232107965137755, ""genetics"": 0.10102246710410608, ""habitat"": 0.09012638959496047, ""rescue"": 0.2666672394773222, ""survey"": 0.09318941436387179}",1,S2,rule,False,840301,0.375,0.125,3,1,49,0,1,0.3333333333333333,1.0,21.0,75.1168289752689,0.49314750749858915,3.3393602225312935,0.0,1.0,0,0,0,11302.275912523726,11302.275912523728,11302.275912523726,1.5,0.2870594895721659,0.12584435486965315,0.0001642176533729667,59.25,23.699999999999996,0.03747401843561811,2,31:heatwave:alternative|76:funding_collapse,0.004830045967197726,0.08966624232163613,0.03247947071090845,0.012363707484097026,2.6274824539674673e-05,0.0007100620607190833,0.00015021101061661601,4434e7241f500ee5,0.23447322827842035
3,"{""biobank"": 0.040575442026445266, ""engagement"": 0.08520825091951865, ""ex_situ"": 0.3232107965137755, ""genetics"": 0.10102246710410608, ""habitat"": 0.09012638959496047, ""rescue"": 0.2666672394773222, ""survey"": 0.09318941436387179}",2,S2,rule,False,840302,0.375,0.0,3,0,0,0,1,0.3333333333333333,1.0,21.0,75.67201694500369,0.44467580473653456,0.0,,,0,0,0,11285.128407863107,11285.128407863107,11285.128407863107,1.5,0.24384954044167204,0.03138673460514394,0.00035071907552454803,62.5,25.0,0.035008902804883675,2,29:funding_collapse|37:heatwave:reserve|44:flood:semiwild|59:heatwave:origin|82:heatwave:reserve|87:wildfire:origin,0.005044080691545828,0.07624646433462184,0.023049614091973526,0.008588018231384845,5.6115052083927686e-05,0.0005791238694770662,0.00013661923138599938,4434e7241f500ee5,0.13650671083766125
4,"{""biobank"": 0.009507359780064213, ""engagement"": 0.09483327902192687, ""ex_situ"": 0.29919614027269376, ""genetics"": 0.10487078067976614, ""habitat"": 0.08673925712236778, ""rescue"": 0.3041423321642323, ""survey"": 0.10071085095894904}",0,S2,rule,False,840400,0.375,0.125,3,1,1,0,1,0.3333333333333333,1.0,19.0,75.33617315155557,0.47490922113269823,1.0,0.0,1.0,0,0,0,11356.622395248856,11356.622395248858,11356.622395248856,1.5,0.2421950244824628,0.09238812598480967,0.0003759101582184757,81.25,32.50000000000001,0.009593117682816954,2,3:heatwave:semiwild|12:heatwave:reserve|13:heatwave:reserve|31:flood:reserve|45:wildfire:reserve|88:wildfire:origin,0.004292403574538632,0.09037447083606684,0.03954107521896846,0.012581295050318757,6.014562531495613e-05,0.0007279977490250875,0.0001736086693749812,07c56513fa545a61,0.22839186243505238
4,"{""biobank"": 0.009507359780064213, ""engagement"": 0.09483327902192687, ""ex_situ"": 0.29919614027269376, ""genetics"": 0.10487078067976614, ""habitat"": 0.08673925712236778, ""rescue"": 0.3041423321642323, ""survey"": 0.10071085095894904}",1,S2,rule,False,840401,0.375,0.25,3,2,5,0,2,0.6666666666666666,1.0,24.5,75.6834140691878,0.47731737885985936,1.0,0.017987805944481575,0.9820121940555184,0,0,0,11286.737485646838,11286.737485646838,5643.368742823419,1.5,0.17009974584068532,0.14178679444247197,0.00012120559874368852,71.25,28.500000000000007,0.011384099292017225,1,25:funding_collapse|27:funding_collapse|31:flood:reserve|85:heatwave:alternative,0.004338542308229803,0.09121066080853575,0.03782748036160938,0.012140072016959304,1.9392895798990165e-05,0.0007171909266800283,0.00014649828286043175,07c56513fa545a61,0.28160961960655945
4,"{""biobank"": 0.009507359780064213, ""engagement"": 0.09483327902192687, ""ex_situ"": 0.29919614027269376, ""genetics"": 0.10487078067976614, ""habitat"": 0.08673925712236778, ""rescue"": 0.3041423321642323, ""survey"": 0.10071085095894904}",2,S2,rule,False,840402,0.375,0.125,3,1,5,0,1,0.3333333333333333,1.0,24.0,71.61454813983556,0.4816582377282739,1.0,0.28587167293975563,0.7141283270602443,0,0,0,11327.781682750003,11327.781682750005,11327.781682750003,1.5,0.24206577401364957,0.09264026987951299,0.0002982557667820449,58.25,23.300000000000008,0.010918462390740121,2,4:heatwave:reserve|27:flood:reserve|28:heatwave:origin,0.004313908031886157,0.09306152749634919,0.034187319111847844,0.010809773032220901,4.7720922685127186e-05,0.0006080712208830962,0.00013077129938051244,07c56513fa545a61,0.22942942931385904
5,"{""biobank"": 0.01944149152557105, ""engagement"": 0.1108450610728959, ""ex_situ"": 0.21534017211084125, ""genetics"": 0.22421692527016648, ""habitat"": 0.1020983979601463, ""rescue"": 0.26018323106239194, ""survey"": 0.06787472099798704}",0,S2,rule,False,840500,0.25,0.125,2,1,64,0,2,0.6666666666666666,1.0,34.0,81.03938262172055,0.49177469790802353,2.778833107191316,0.0,1.0,0,0,0,11328.751216695542,11328.751216695542,11328.751216695542,1.5,0.251060113089207,0.11264408218436286,0.00010140623413544523,55.25,22.10000000000001,0.017498699017644993,1,1:funding_collapse|46:wildfire:reserve|49:flood:reserve|67:flood:origin|91:wildfire:origin,0.00464895547872547,0.09001169379388757,0.031335017802592645,0.01234645022411713,1.6224997461671235e-05,0.0007606080232235549,0.00011350452750814792,7e77f481250f5e11,0.19961394623797313
5,"{""biobank"": 0.01944149152557105, ""engagement"": 0.1108450610728959, ""ex_situ"": 0.21534017211084125, ""genetics"": 0.22421692527016648, ""habitat"": 0.1020983979601463, ""rescue"": 0.26018323106239194, ""survey"": 0.06787472099798704}",1,S2,rule,False,840501,0.25,0.125,2,1,25,0,2,0.6666666666666666,1.0,17.0,76.77920675830762,0.5192720196186785,2.5720164609053495,0.0015828292284920603,0.9984171707715079,0,0,0,11209.081926596911,11209.081926596911,11209.081926596911,1.5,0.07914886660805202,0.09280222547868618,0.00038760258489785613,56.5,22.6,0.01458587104413737,1,11:funding_collapse|16:flood:alternative|17:wildfire:alternative|29:funding_collapse|54:funding_collapse|61:funding_collapse|72:flood:reserve|90:wildfire:reserve|99:heatwave:semiwild,0.005748917374515585,0.09034915656125603,0.02223267915566429,0.011654827673701441,6.201641358365698e-05,0.0006934046040817214,0.0001170150280470204,7e77f481250f5e11,0.20175435882400372
5,"{""biobank"": 0.01944149152557105, ""engagement"": 0.1108450610728959, ""ex_situ"": 0.21534017211084125, ""genetics"": 0.22421692527016648, ""habitat"": 0.1020983979601463, ""rescue"": 0.26018323106239194, ""survey"": 0.06787472099798704}",2,S2,rule,False,840502,0.375,0.25,3,2,79,0,1,0.3333333333333333,1.0,15.0,89.45139892192245,0.4846367114345797,2.1724395798633536,0.020014834639461136,0.9799851653605388,0,0,0,11384.762805840452,11384.762805840452,5692.381402920226,1.5,0.27079189864702985,0.1656530872199138,0.0006112286310682814,63.25,25.300000000000008,0.021747507782886442,2,48:heatwave:reserve|57:wildfire:origin|62:heatwave:semiwild|95:wildfire:reserve,0.005101111817827202,0.0914256556541281,0.04614449109105714,0.011080678698092858,9.779658097092504e-05,0.0007034202183375793,0.0001171622744344486,7e77f481250f5e11,0.31842748210384497
6,"{""biobank"": 0.013979992455246039, ""engagement"": 0.07699358424337545, ""ex_situ"": 0.2503379620907603, ""genetics"": 0.20272652048678338, ""habitat"": 0.10816824574152768, ""rescue"": 0.2952554479339943, ""survey"": 0.0525382470483127}",0,S2,rule,False,840600,0.375,0.125,3,1,41,0,2,0.6666666666666666,1.0,21.0,78.25181378132405,0.46592712522284785,2.8932874354561102,0.0,1.0,0,0,0,11303.927106220366,11303.927106220368,11303.927106220366,1.5,0.16986102152515983,0.1048590791958518,0.00023658538271193624,61.75,24.699999999999996,0.013450513443873519,1,27:heatwave:origin|31:wildfire:reserve|32:flood:alternative|52:flood:semiwild|58:wildfire:origin|61:heatwave:alternative|98:funding_collapse,0.0041108201757807826,0.09126607171272505,0.04382494822040299,0.01410620124907813,3.78536612339098e-05,0.0008720286015010243,0.00012333574256119065,5f8caeaac4cd1795,0.19495831003634567
6,"{""biobank"": 0.013979992455246039, ""engagement"": 0.07699358424337545, ""ex_situ"": 0.2503379620907603, ""genetics"": 0.20272652048678338, ""habitat"": 0.10816824574152768, ""rescue"": 0.2952554479339943, ""survey"": 0.0525382470483127}",1,S2,rule,False,840601,0.125,0.125,1,1,1,0,3,1.0,1.0,27.666666666666668,54.579396573118466,0.4992050345097974,1.0,0.092496,0.907504,0,0,0,11279.096567654944,11279.096567654946,11279.096567654944,1.5,0.3358316638480989,0.10195905090085203,0.00027945976925568765,57.0,22.800000000000008,0.010629422580210568,0,9:heatwave:semiwild|32:flood:semiwild|45:flood:semiwild|47:heatwave:origin|51:funding_collapse|77:wildfire:semiwild|78:wildfire:reserve|84:funding_collapse|89:funding_collapse,0.004205232171710489,0.08897665907552021,0.01557048500636153,0.013891855105868019,4.4713563080910014e-05,0.0008362628552664274,0.00016748944558511437,5f8caeaac4cd1795,0.16632666026655482
6,"{""biobank"": 0.013979992455246039, ""engagement"": 0.07699358424337545, ""ex_situ"": 0.2503379620907603, ""genetics"": 0.20272652048678338, ""habitat"": 0.10816824574152768, ""rescue"": 0.2952554479339943, ""survey"": 0.0525382470483127}",2,S2,rule,False,840602,0.25,0.125,2,1,41,0,1,0.3333333333333333,1.0,42.0,62.184592513012284,0.46024082104602704,2.49777117384844,0.0,1.0,0,0,0,11294.45310080683,11294.45310080683,11294.45310080683,1.5,0.29272562540092056,0.1127924340605711,0.0006089827972284872,48.0,19.200000000000003,0.01146079890997324,2,9:wildfire:alternative|24:heatwave:origin|95:funding_collapse|97:funding_collapse,0.003734312585391162,0.09173178619863277,0.04439065614741126,0.012919434745503899,9.743724755655797e-05,0.0007108183145593487,0.00011422546214747774,5f8caeaac4cd1795,0.22823203322962782
7,"{""biobank"": 0.1533396536344707, ""engagement"": 0.08444980105520788, ""ex_situ"": 0.33807121882686453, ""genetics"": 0.08509743103062445, ""habitat"": 0.08802221357868852, ""rescue"": 0.23976004483608854, ""survey"": 0.011259637038055189}",0,S2,rule,False,840700,0.25,0.125,2,1,47,0,3,1.0,1.0,24.333333333333332,69.56241758363522,0.4698201422686586,1.9918845807033365,0.0,1.0,0,0,0,11223.059113579233,11223.059113579233,11223.059113579233,1.5,0.26595750933423473,0.12975887675682835,5.2362829920052566e-05,45.75,18.3,0.13497140008185754,0,22:wildfire:origin|25:funding_collapse|25:wildfire:origin|48:funding_collapse|72:funding_collapse|93:heatwave:alternative|96:funding_collapse,0.0036316075648850487,0.09368806998796556,0.032064539385595954,0.012608121572071772,8.378052787208412e-06,0.0007868278774765872,8.236654937974888e-05,36f0d6bd683a183a,0.16469890901598164
7,"{""biobank"": 0.1533396536344707, ""engagement"": 0.08444980105520788, ""ex_situ"": 0.33807121882686453, ""genetics"": 0.08509743103062445, ""habitat"": 0.08802221357868852, ""rescue"": 0.23976004483608854, ""survey"": 0.011259637038055189}",1,S2,rule,False,840701,0.375,0.125,3,1,21,0,3,1.0,1.0,36.333333333333336,73.68105115786467,0.5045881248265501,3.5280000000000005,0.0,1.0,0,0,0,11298.048684888769,11298.04868488877,11298.048684888769,1.5,0.13896584590663733,0.1302306531130876,0.00021937548752342122,51.25,20.500000000000007,0.12402034261211924,0,6:wildfire:semiwild|38:funding_collapse|44:heatwave:alternative|61:heatwave:reserve|77:wildfire:alternative|91:wildfire:origin,0.005353675843898415,0.0904962164959159,0.03067448349608039,0.01183825718598444,3.51000780037474e-05,0.000795279432463062,0.0001208102222099178,36f0d6bd683a183a,0.16996128403529126
7,"{""biobank"": 0.1533396536344707, ""engagement"": 0.08444980105520788, ""ex_situ"": 0.33807121882686453, ""genetics"": 0.08509743103062445, ""habitat"": 0.08802221357868852, ""rescue"": 0.23976004483608854, ""survey"": 0.011259637038055189}",2,S2,rule,False,840702,0.25,0.125,2,1,61,0,3,1.0,1.0,26.0,72.74102340737355,0.4674051048343499,2.81254724111867,0.0,1.0,0,0,0,11345.027554280898,11345.027554280898,11345.027554280898,1.5,0.3132266527527965,0.14454011393786012,0.00013628043620523276,52.25,20.900000000000006,0.14420988125696887,0,35:flood:origin|83:funding_collapse|90:wildfire:alternative,0.004147506009190855,0.09105817167722625,0.04416580767826447,0.012592410670673314,2.1804869792837242e-05,0.0006727324458450024,0.00010816860983262109,36f0d6bd683a183a,0.16581477711893852
8,"{""biobank"": 0.10096824888714422, ""engagement"": 0.10920564573485793, ""ex_situ"": 0.4468719010238344, ""genetics"": 0.09137353879567339, ""habitat"": 0.04215240538030273, ""rescue"": 0.18299128496313147, ""survey"": 0.026436975215055836}",0,S2,rule,False,840800,0.25,0.0,2,0,0,0,2,0.6666666666666666,1.0,18.5,66.950748388045,0.4658313219465356,0.0,,,0,0,0,11297.761185184447,11297.761185184449,11297.761185184447,1.5,0.21850416726916136,0.03729705606215902,8.242887370039425e-05,44.75,17.900000000000006,0.07723319667621442,1,1:funding_collapse|61:heatwave:origin|65:flood:reserve|95:flood:semiwild,0.005154433484660069,0.0801829477998276,0.01901170898284488,0.010285042446428276,1.3188619792063082e-05,0.0007853591197281738,0.00016212512506834714,bc649b7e3ba840e3,0.10693773723152958
8,"{""biobank"": 0.10096824888714422, ""engagement"": 0.10920564573485793, ""ex_situ"": 0.4468719010238344, ""genetics"": 0.09137353879567339, ""habitat"": 0.04215240538030273, ""rescue"": 0.18299128496313147, ""survey"": 0.026436975215055836}",1,S2,rule,False,840801,0.375,0.125,3,1,38,0,3,1.0,1.0,26.0,81.19661022064219,0.5047574823145399,1.9780821917808218,0.0,1.0,0,0,0,11331.125163559736,11331.125163559736,11331.125163559736,1.5,0.21597776603431496,0.11424108101734584,0.0008466206955041076,51.75,20.70000000000001,0.08306241248053065,0,25:flood:reserve|28:wildfire:reserve|49:heatwave:semiwild|61:flood:semiwild,0.005213803457204776,0.09059161101325289,0.028510475930152726,0.01211122879708886,0.00013545931128065725,0.0007656400491754783,0.00011158959415360117,bc649b7e3ba840e3,0.16838773044891556
8,"{""biobank"": 0.10096824888714422, ""engagement"": 0.10920564573485793, ""ex_situ"": 0.4468719010238344, ""genetics"": 0.09137353879567339, ""habitat"": 0.04215240538030273, ""rescue"": 0.18299128496313147, ""survey"": 0.026436975215055836}",2,S2,rule,False,840802,0.375,0.125,3,1,35,0,2,0.6666666666666666,1.0,47.5,76.55429457169411,0.5291197395551192,1.99836867862969,0.0,1.0,0,0,0,11152.535927330795,11152.535927330795,11152.535927330795,1.5,0.30437941251793466,0.12368362971367741,0.00012204774671262608,44.5,17.800000000000004,0.08506000837793519,1,16:funding_collapse|32:funding_collapse|68:funding_collapse|70:funding_collapse|94:heatwave:semiwild|97:funding_collapse,0.006127118582438117,0.09318768377042605,0.013789829965274336,0.011631824390300603,1.9527639474020172e-05,0.0008304716324719257,0.00010619647757061718,bc649b7e3ba840e3,0.2063196572379689
9,"{""biobank"": 0.02463218036145962, ""engagement"": 0.07393956924435854, ""ex_situ"": 0.4930670860123237, ""genetics"": 0.0799374765649834, ""habitat"": 0.13091769820970967, ""rescue"": 0.19149309021458505, ""survey"": 0.006012899392580138}",0,S2,rule,False,840900,0.375,0.125,3,1,25,0,3,1.0,1.0,41.0,81.042334349501,0.48674580351073493,2.934272300469483,0.0,1.0,0,0,0,11321.269636795516,11321.269636795518,11321.269636795516,1.5,0.42582521406595714,0.13201881235835838,0.00029677341716428626,48.5,19.400000000000013,0.01921783973533916,0,15:funding_collapse|87:wildfire:semiwild,0.0049338476486481715,0.08934984240387413,0.04224175505615972,0.011903930892438776,4.74837467462858e-05,0.0007089670083208526,0.00011226031201514083,ca29988742126f4b,0.16746375176244607
9,"{""biobank"": 0.02463218036145962, ""engagement"": 0.07393956924435854, ""ex_situ"": 0.4930670860123237, ""genetics"": 0.0799374765649834, ""habitat"": 0.13091769820970967, ""rescue"": 0.19149309021458505, ""survey"": 0.006012899392580138}",1,S2,rule,False,840901,0.25,0.125,2,1,24,0,3,1.0,1.0,21.0,41.918032026604145,0.45768887223804533,2.0,0.0,1.0,0,0,0,11385.020919964274,11385.020919964274,11385.020919964274,1.5,0.31843036598582825,0.11195771681403029,0.00018055362727014288,29.75,11.899999999999997,0.01932340107723734,0,7:wildfire:origin|11:flood:reserve|26:flood:origin|78:funding_collapse,0.0026337983009405513,0.09654888260871347,0.023989211229401605,0.013859842339905726,2.8888580363222858e-05,0.0006869866500278952,0.00010102678536803661,ca29988742126f4b,0.16109910251710982
9,"{""biobank"": 0.02463218036145962, ""engagement"": 0.07393956924435854, ""ex_situ"": 0.4930670860123237, ""genetics"": 0.0799374765649834, ""habitat"": 0.13091769820970967, ""rescue"": 0.19149309021458505, ""survey"": 0.006012899392580138}",2,S2,rule,False,840902,0.25,0.125,2,1,33,0,3,1.0,1.0,32.0,92.15326222905665,0.4991007008470077,2.858267716535433,0.0,1.0,0,0,0,11256.338939787214,11256.338939787216,11256.338939787214,1.5,0.4248051447784997,0.13214705403711088,0.0001642203076544598,46.0,18.400000000000013,0.024169311969532887,0,34:heatwave:origin|58:funding_collapse,0.0054219408222536646,0.09126017448416425,0.036976810988563105,0.010929182427918316,2.627524922471356e-05,0.0007566141000332488,0.00010490437355300188,ca29988742126f4b,0.16932981053076224
10,"{""biobank"": 0.026556845959312726, ""engagement"": 0.04898287409302973, ""ex_situ"": 0.5454679012608287, ""genetics"": 0.09091044141709875, ""habitat"": 0.09515720612387554, ""rescue"": 0.18399273754330114, ""survey"": 0.008931993602553328}",0,S2,rule,False,841000,0.375,0.0,3,0,0,0,3,1.0,1.0,32.333333333333336,69.931420468811,0.46535058162780474,0.0,,,0,0,0,11273.960516075384,11273.960516075384,11273.960516075384,1.5,0.2064368732102231,0.02433391345007678,4.761904761904762e-05,45.25,18.100000000000005,0.01845113064527232,0,10:funding_collapse|13:funding_collapse|19:wildfire:semiwild|80:heatwave:alternative|83:flood:semiwild|99:flood:reserve,0.0051394206624370345,0.07857513380093627,0.013589558185646819,0.009680338313727473,7.61904761904762e-06,0.000629347894082687,0.00012255078824189043,8657bb9c58421db6,0.07223597858917839
10,"{""biobank"": 0.026556845959312726, ""engagement"": 0.04898287409302973, ""ex_situ"": 0.5454679012608287, ""genetics"": 0.09091044141709875, ""habitat"": 0.09515720612387554, ""rescue"": 0.18399273754330114, ""survey"": 0.008931993602553328}",1,S2,rule,False,841001,0.25,0.125,2,1,45,0,3,1.0,1.0,27.666666666666668,72.07420645322573,0.4882941988867786,2.6196636481241917,0.0,1.0,0,0,0,11312.907363348626,11312.907363348626,11312.907363348626,1.5,0.3771472256068051,0.12513957181291077,0.00028096548006410147,38.5,15.400000000000004,0.02489106385494167,0,30:wildfire:origin|31:wildfire:semiwild,0.00460497905995224,0.0905196235412912,0.03235609796123014,0.01265522651209319,4.495447681025623e-05,0.0008190740785060965,0.00010714093012394867,8657bb9c58421db6,0.1670080870143079
10,"{""biobank"": 0.026556845959312726, ""engagement"": 0.04898287409302973, ""ex_situ"": 0.5454679012608287, ""genetics"": 0.09091044141709875, ""habitat"": 0.09515720612387554, ""rescue"": 0.18399273754330114, ""survey"": 0.008931993602553328}",2,S2,rule,False,841002,0.25,0.25,2,2,55,0,3,1.0,1.0,29.666666666666668,83.48390930723698,0.49064125443662676,1.4941176470588236,0.12620525347417397,0.873794746525826,0,0,0,11296.737061325697,11296.737061325697,5648.368530662849,1.5,0.3036547267834215,0.1638623913018019,0.0002656139084108274,41.75,16.700000000000006,0.030278710764357605,0,39:flood:origin|43:wildfire:semiwild|65:heatwave:origin|66:wildfire:origin|72:wildfire:alternative|76:flood:origin|91:funding_collapse,0.005101658847912151,0.09277986021925105,0.04006837078170225,0.009893191952506736,4.249822534573238e-05,0.000626385581327407,9.279397900092341e-05,8657bb9c58421db6,0.2524824272956742
11,"{""biobank"": 0.20931837094747055, ""engagement"": 0.06449896254683642, ""ex_situ"": 0.23200242173170657, ""genetics"": 0.1719446768422842, ""habitat"": 0.11879754334789515, ""rescue"": 0.17499971156835406, ""survey"": 0.028438313015453104}",0,S2,rule,False,841100,0.25,0.125,2,1,52,0,2,0.6666666666666666,1.0,31.5,74.34862889819529,0.5004239659145963,3.3218673218673223,0.0,1.0,0,0,0,11232.74384961477,11232.74384961477,11232.74384961477,1.5,0.15820308814655587,0.14205289292296633,0.00034799541809851087,52.0,20.799999999999997,0.18381955444818754,1,16:wildfire:reserve|40:funding_collapse|57:flood:alternative|68:funding_collapse|75:heatwave:alternative|77:flood:origin|82:heatwave:origin,0.005356441455864377,0.08935396680070554,0.033754276395001684,0.01199842445529788,5.567926689576174e-05,0.000791224504778658,0.0001675092742167273,210f9e542e91c5b5,0.2038522175128194
11,"{""biobank"": 0.20931837094747055, ""engagement"": 0.06449896254683642, ""ex_situ"": 0.23200242173170657, ""genetics"": 0.1719446768422842, ""habitat"": 0.11879754334789515, ""rescue"": 0.17499971156835406, ""survey"": 0.028438313015453104}",1,S2,rule,False,841101,0.375,0.0,3,0,0,0,2,0.6666666666666666,1.0,23.5,87.24959403812376,0.46149284013630315,0.0,,,0,0,0,11209.567896524793,11209.567896524793,11209.567896524793,1.5,0.2562167332347303,0.055620530704733356,0.0004603098332709763,53.75,21.5,0.1499942869063016,1,14:heatwave:alternative|30:funding_collapse|42:funding_collapse|53:wildfire:reserve,0.006023712677989066,0.07450025115320436,0.016488784125034538,0.008426509197694308,7.36495733233562e-05,0.0007124099733006405,0.00013753617361000209,210f9e542e91c5b5,0.10811931242425214
11,"{""biobank"": 0.20931837094747055, ""engagement"": 0.06449896254683642, ""ex_situ"": 0.23200242173170657, ""genetics"": 0.1719446768422842, ""habitat"": 0.11879754334789515, ""rescue"": 0.17499971156835406, ""survey"": 0.028438313015453104}",2,S2,rule,False,841102,0.25,0.125,2,1,25,0,3,1.0,1.0,33.666666666666664,84.62500114880149,0.5166430241496517,1.7313019390581716,0.0,1.0,0,0,0,11246.342809184078,11246.342809184078,11246.342809184078,1.5,0.35172976995389443,0.13907810556135602,0.00018554197308060292,37.25,14.899999999999993,0.15171054587692429,0,10:heatwave:alternative|52:funding_collapse|66:heatwave:origin,0.005751479543639577,0.08857850835324765,0.026944104716619878,0.01133555929512307,2.9686715692896467e-05,0.0006840138546249315,8.80407768825497e-05,210f9e542e91c5b5,0.17265426417858337
0,"{""biobank"": 0.05, ""engagement"": 0.11, ""ex_situ"": 0.18, ""genetics"": 0.08, ""habitat"": 0.28, ""rescue"": 0.2, ""survey"": 0.1}",0,S3,rule,False,850000,0.25,0.25,2,2,244,0,1,0.3333333333333333,1.0,12.0,109.77634197253498,0.5120438771623617,4.683867368641261,0.00021576910629127321,0.9997842308937087,0,139,0,11322.243235823695,11322.243235823695,5661.121617911847,1.5,0.563024950792158,0.22627785756010632,0.0005868304136556801,34.75,13.899999999999999,0.053183443972389464,2,1:wildfire:origin|9:funding_collapse|16:funding_collapse|29:heatwave:alternative|76:funding_collapse|78:heatwave:origin|86:heatwave:semiwild,0.0019239045531786218,0.07665905998189121,0.0929501109371449,0.015277846410116945,9.389286618490883e-05,0.0007189286479966694,0.00011346826314369553,6195c68f6de557e4,0.32860103399703156
0,"{""biobank"": 0.05, ""engagement"": 0.11, ""ex_situ"": 0.18, ""genetics"": 0.08, ""habitat"": 0.28, ""rescue"": 0.2, ""survey"": 0.1}",1,S3,rule,False,850001,0.75,0.375,6,3,412,0,0,0.0,0.0,,209.62827306700078,0.5975395888864872,3.9100187623720815,0.0006837160739168118,0.9993162839260832,28,288,28,11129.424996171014,11129.424996171014,3709.8083320570045,1.5,0.3017089276786347,0.25660109464991004,7.693521756021756e-05,79.0,31.59999999999999,0.09290007129162872,3,4:heatwave:alternative|6:wildfire:reserve|9:wildfire:alternative|48:funding_collapse|85:flood:reserve,0.007819624344812042,0.07739683345974041,0.06268124587101973,0.006491540771788858,1.230963480963481e-05,0.0007109312746470674,0.00011860436614814498,6195c68f6de557e4,0.45904104779796406
0,"{""biobank"": 0.05, ""engagement"": 0.11, ""ex_situ"": 0.18, ""genetics"": 0.08, ""habitat"": 0.28, ""rescue"": 0.2, ""survey"": 0.1}",2,S3,rule,False,850002,0.625,0.375,5,3,319,0,2,0.6666666666666666,1.0,15.0,157.63282335152252,0.6044922530549734,3.280982546919413,0.0006547308184374989,0.9993452691815625,45,190,45,11152.496709120633,11152.496709120633,3717.4989030402107,1.5,0.6447191674730144,0.2815386641397304,0.00021911380625245426,58.75,23.500000000000004,0.077534609616174,1,5:funding_collapse|59:wildfire:semiwild|75:funding_collapse|94:funding_collapse,0.008228329008075248,0.07551883042272377,0.0624809027426171,0.007055735174617272,3.505820900039268e-05,0.000679421601025365,0.00012882108571315683,6195c68f6de557e4,0.3959110377055524
1,"{""biobank"": 0.05856303309249113, ""engagement"": 0.05568446221659213, ""ex_situ"": 0.17534998025507717, ""genetics"": 0.13201576183106165, ""habitat"": 0.3158938157341108, ""rescue"": 0.10823330655673334, ""survey"": 0.15425964031393385}",0,S3,rule,False,850100,0.375,0.375,3,3,187,0,0,0.0,0.0,,125.73055286122081,0.6010085504428675,1.666429418742586,0.10532717887568634,0.8946728211243137,10,92,10,11222.385889792746,11222.385889792746,3740.795296597582,1.5,0.6589139571917645,0.26746973683787234,0.0003244701348747591,25.5,10.200000000000005,0.08082023465635016,3,25:flood:origin|43:flood:origin|48:flood:semiwild,0.005493077809030358,0.07825929964746448,0.035003366800962506,0.009820045429634655,5.1915221579961465e-05,0.0006670043780182494,9.026334487736504e-05,e2a495ce6a43466c,0.46064825625021744
1,"{""biobank"": 0.05856303309249113, ""engagement"": 0.05568446221659213, ""ex_situ"": 0.17534998025507717, ""genetics"": 0.13201576183106165, ""habitat"": 0.3158938157341108, ""rescue"": 0.10823330655673334, ""survey"": 0.15425964031393385}",1,S3,rule,False,850101,0.25,0.25,2,2,183,0,1,0.3333333333333333,1.0,26.0,92.51262710500349,0.5417640657093334,2.6350472813238768,0.1727828546417994,0.8272171453582006,5,75,5,11346.459182936753,11346.459182936751,5673.229591468376,1.5,0.5470008304423691,0.20623917197077618,0.0004515664926385621,20.0,7.999999999999997,0.06344308056650245,2,3:flood:origin|5:flood:reserve|37:heatwave:semiwild,0.0024454665753431398,0.07820532299060373,0.06343587849406361,0.014192962989732176,7.225063882216992e-05,0.0006732134812187185,8.26861326865422e-05,e2a495ce6a43466c,0.33105519372014436
1,"{""biobank"": 0.05856303309249113, ""engagement"": 0.05568446221659213, ""ex_situ"": 0.17534998025507717, ""genetics"": 0.13201576183106165, ""habitat"": 0.3158938157341108, ""rescue"": 0.10823330655673334, ""survey"": 0.15425964031393385}",2,S3,rule,False,850102,0.25,0.25,2,2,88,0,2,0.6666666666666666,1.0,14.5,67.27741998891872,0.5531977848000929,1.967618236046016,0.1690247772719739,0.830975222728026,4,77,4,11318.189485329694,11318.189485329694,5659.094742664847,1.5,0.5367595241022246,0.19832312665720855,0.00024628286442239934,20.25,8.099999999999998,0.062354959432629656,1,2:wildfire:origin|32:wildfire:alternative|33:funding_collapse|44:wildfire:origin|52:flood:alternative,0.0021309259703369866,0.07813643218375557,0.056443860453360264,0.012824658426810949,3.940525830758389e-05,0.0006317085048851899,9.171283575391169e-05,e2a495ce6a43466c,0.2986453137190681
2,"{""biobank"": 0.012234930539472453, ""engagement"": 0.05907767963093137, ""ex_situ"": 0.25115370021878675, ""genetics"": 0.15931188796735976, ""habitat"": 0.22451750007567875, ""rescue"": 0.20834734234783953, ""survey"": 0.08535695921993135}",0,S3,rule,False,850200,0.375,0.375,3,3,439,0,1,0.3333333333333333,1.0,11.0,185.53629886177964,0.5678478806321978,3.731661486445781,0.001939807930455929,0.9980601920695441,20,202,20,11158.714705156852,11158.714705156854,3719.5715683856174,1.5,0.1903565413829955,0.22849008789643976,0.00043847307101722984,55.5,22.2,0.0169390944684119,2,11:wildfire:alternative|16:flood:reserve|30:heatwave:alternative|51:heatwave:origin|92:flood:alternative,0.006368373334604478,0.07732083543126278,0.07917740062099653,0.007130573299464241,7.015569136275677e-05,0.0006564279712073533,9.322058236217188e-05,19de812fe3db7a70,0.4184428575511403
2,"{""biobank"": 0.012234930539472453, ""engagement"": 0.05907767963093137, ""ex_situ"": 0.25115370021878675, ""genetics"": 0.15931188796735976, ""habitat"": 0.22451750007567875, ""rescue"": 0.20834734234783953, ""survey"": 0.08535695921993135}",1,S3,rule,False,850201,0.25,0.25,2,2,235,0,2,0.6666666666666666,1.0,22.0,100.32861895180808,0.527569626366533,2.752320732538094,0.07629425768706452,0.9237057423129355,0,100,0,11364.203384954806,11364.203384954806,5682.101692477403,1.5,0.55414217078766,0.1981485378068165,0.00029032965796473806,25.0,9.999999999999996,0.013555567013347739,1,4:wildfire:origin|22:funding_collapse,0.001955594241715343,0.07879445394752338,0.07367775030455967,0.013773064050101117,4.645274527435809e-05,0.0006271575038963909,8.160807275177782e-05,19de812fe3db7a70,0.29478363106899497
2,"{""biobank"": 0.012234930539472453, ""engagement"": 0.05907767963093137, ""ex_situ"": 0.25115370021878675, ""genetics"": 0.15931188796735976, ""habitat"": 0.22451750007567875, ""rescue"": 0.20834734234783953, ""survey"": 0.08535695921993135}",2,S3,rule,False,850202,0.5,0.25,4,2,223,0,3,1.0,1.0,37.333333333333336,175.5559606667296,0.5993621607780284,4.720345055817853,0.0,1.0,25,158,25,11136.735230647508,11136.735230647508,5568.367615323754,1.5,0.22844519403908992,0.18543818127729436,0.00031570706708330357,45.75,18.300000000000004,0.014451056576034182,0,29:flood:semiwild|33:funding_collapse|42:heatwave:alternative|49:heatwave:alternative|51:funding_collapse|53:wildfire:alternative|68:funding_collapse|70:flood:semiwild|83:heatwave:reserve|90:flood:semiwild|99:wildfire:origin,0.006776184752147391,0.07481008829107547,0.0538202435794378,0.00862165248886266,5.051313073332857e-05,0.0006483353237773034,8.193842085316979e-05,19de812fe3db7a70,0.2709481422444337
3,"{""biobank"": 0.0658551724196686, ""engagement"": 0.13262813621692213, ""ex_situ"": 0.21419305877820302, ""genetics"": 0.11333065843726278, ""habitat"": 0.14277783307371217, ""rescue"": 0.1906171140091007, ""survey"": 0.14059802706513078}",0,S3,rule,False,850300,0.5,0.375,4,3,303,0,1,0.3333333333333333,1.0,9.0,148.34074099884185,0.5674996820544609,2.4841196206985434,0.004466562916334849,0.9955334370836652,17,132,17,11155.300478769315,11155.300478769315,3718.433492923105,1.5,0.05000000000000001,0.2181049029483042,0.0005412068416671246,37.25,14.9,0.09756853370659377,2,2:wildfire:semiwild|10:heatwave:alternative|37:wildfire:alternative|40:flood:reserve|70:wildfire:reserve|74:funding_collapse|100:wildfire:alternative,0.006357303594302508,0.07654040427500869,0.07955584702510674,0.009881279806927799,8.659309466673993e-05,0.0007766022183383413,0.00010526902320465873,2646154476162b62,0.41735210926966626
3,"{""biobank"": 0.0658551724196686, ""engagement"": 0.13262813621692213, ""ex_situ"": 0.21419305877820302, ""genetics"": 0.11333065843726278, ""habitat"": 0.14277783307371217, ""rescue"": 0.1906171140091007, ""survey"": 0.14059802706513078}",1,S3,rule,False,850301,0.25,0.25,2,2,250,0,1,0.3333333333333333,1.0,35.0,134.41867836309478,0.5306728765519251,4.073428333729861,0.0017647204089229855,0.998235279591077,1,115,1,11200.536925824646,11200.536925824648,5600.268462912323,1.5,0.4398692736504259,0.21138370226561315,0.00022050773328005958,29.0,11.599999999999998,0.07081245781635977,2,11:heatwave:origin|24:funding_collapse|51:wildfire:semiwild|56:funding_collapse|59:funding_collapse|90:flood:semiwild|91:funding_collapse,0.003073430216981122,0.07713526159119935,0.08710973713745349,0.011016408821478349,3.5281237324809534e-05,0.0005797990108705879,6.431888274107178e-05,2646154476162b62,0.3299059683760167
3,"{""biobank"": 0.0658551724196686, ""engagement"": 0.13262813621692213, ""ex_situ"": 0.21419305877820302, ""genetics"": 0.11333065843726278, ""habitat"": 0.14277783307371217, ""rescue"": 0.1906171140091007, ""survey"": 0.14059802706513078}",2,S3,rule,False,850302,0.25,0.25,2,2,153,0,2,0.6666666666666666,1.0,19.5,85.0715352930652,0.5164263076353559,3.307341402922086,0.0,1.0,1,88,1,11343.947163836583,11343.947163836583,5671.9735819182915,1.5,0.38059824047854035,0.1976273134252084,8.064516129032258e-05,22.25,8.9,0.0699703767406674,1,7:wildfire:origin|42:wildfire:alternative|69:wildfire:semiwild|80:funding_collapse|95:wildfire:origin,0.0025367354266627867,0.0768118205440903,0.10363235466307369,0.011246277064006325,1.2903225806451613e-05,0.0005789634442416875,6.749397419480809e-05,2646154476162b62,0.29306001082115757
4,"{""biobank"": 0.03273183143717078, ""engagement"": 0.052289116832098345, ""ex_situ"": 0.175531092224568, ""genetics"": 0.09212807239020644, ""habitat"": 0.24995123910268788, ""rescue"": 0.27411977136331545, ""survey"": 0.1232488766499532}",0,S3,rule,False,850400,0.5,0.375,4,3,311,0,0,0.0,0.0,,164.22960950571408,0.5953437868577656,2.6904097827006646,0.10010346666956883,0.8998965333304312,53,230,53,11215.000480902914,11215.000480902912,3738.333493634305,1.5,0.587209921346338,0.2660279254630602,0.0002742934568533884,70.75,28.300000000000004,0.058264177507098905,3,35:funding_collapse,0.006824441829850111,0.07536501495219076,0.05680005064077852,0.00861151190197179,4.388695309654215e-05,0.0006863528316292011,0.00014038142912135344,55785e6060034348,0.4596543605749709
4,"{""biobank"": 0.03273183143717078, ""engagement"": 0.052289116832098345, ""ex_situ"": 0.175531092224568, ""genetics"": 0.09212807239020644, ""habitat"": 0.24995123910268788, ""rescue"": 0.27411977136331545, ""survey"": 0.1232488766499532}",1,S3,rule,False,850401,0.375,0.25,3,2,357,0,2,0.6666666666666666,1.0,15.0,165.25521006950774,0.5936690967036955,4.488622606488331,0.00033025268644561797,0.9996697473135544,17,163,17,11166.982536329018,11166.982536329018,5583.491268164509,1.5,0.5022769770564627,0.21581343702499461,0.0011783533754284891,45.0,18.000000000000004,0.040997566272325134,1,24:heatwave:reserve|31:funding_collapse,0.007403906185417508,0.07452357321737293,0.06298112159314975,0.009903017701322788,0.0001885365400685583,0.0008485813246473834,9.997191321367614e-05,55785e6060034348,0.30646504154138715
4,"{""biobank"": 0.03273183143717078, ""engagement"": 0.052289116832098345, ""ex_situ"": 0.175531092224568, ""genetics"": 0.09212807239020644, ""habitat"": 0.24995123910268788, ""rescue"": 0.27411977136331545, ""survey"": 0.1232488766499532}",2,S3,rule,False,850402,0.125,0.125,1,1,95,0,2,0.6666666666666666,1.0,16.0,66.84474506679399,0.5609955373535763,3.3192350128723795,0.0,1.0,0,66,0,11329.8442776816,11329.844277681597,11329.8442776816,1.5,0.38796637818699375,0.13285161634285525,7.851489463399548e-05,16.5,6.599999999999999,0.02306314197716027,1,12:wildfire:origin|21:heatwave:reserve|57:heatwave:reserve|63:wildfire:semiwild|69:heatwave:alternative|82:wildfire:origin|84:funding_collapse,0.00259942356598666,0.07094271829185644,0.06049000929464915,0.01583727123077352,1.2562383141439276e-05,0.0008202504278372726,8.122511902819844e-05,55785e6060034348,0.21201782557065535
5,"{""biobank"": 0.05642741206954542, ""engagement"": 0.13362710837299221, ""ex_situ"": 0.13707596672124198, ""genetics"": 0.059613890288249656, ""habitat"": 0.23040787803785143, ""rescue"": 0.18645802091456581, ""survey"": 0.19638972359555357}",0,S3,rule,False,850500,0.125,0.125,1,1,174,0,1,0.3333333333333333,1.0,17.0,94.84729250481752,0.5417377341903109,6.072202166064983,0.0,1.0,0,86,0,11234.218794142567,11234.21879414257,11234.218794142567,1.5,0.39273712844766767,0.16480203196512133,0.0004763475657167348,21.5,8.6,0.0427814872985237,2,1:funding_collapse|5:flood:origin|17:wildfire:semiwild|18:wildfire:reserve|25:wildfire:semiwild|66:wildfire:reserve|91:funding_collapse|97:funding_collapse,0.002110169491836492,0.0755886193616023,0.06170610200386297,0.016112638429400927,7.621561051467756e-05,0.000742224238324689,7.776032959711566e-05,03fb1553097b4122,0.24565752999172547
5,"{""biobank"": 0.05642741206954542, ""engagement"": 0.13362710837299221, ""ex_situ"": 0.13707596672124198, ""genetics"": 0.059613890288249656, ""habitat"": 0.23040787803785143, ""rescue"": 0.18645802091456581, ""survey"": 0.19638972359555357}",1,S3,rule,False,850501,0.375,0.375,3,3,296,0,0,0.0,0.0,,172.90383027998467,0.5902701199869672,3.794012902658993,0.0014599999527848994,0.9985400000472151,17,154,17,11219.859215737659,11219.859215737659,3739.953071912553,1.5,0.4468087178052871,0.2675974185187514,0.0003328852646733903,42.75,17.10000000000001,0.08113208855816365,3,44:flood:origin|66:flood:semiwild|77:wildfire:reserve|82:heatwave:origin,0.006768388171165264,0.0771083553257237,0.05995179438786881,0.007154318659210698,5.326164234774244e-05,0.0005872791332405284,7.67538855580462e-05,03fb1553097b4122,0.4590502598499202
5,"{""biobank"": 0.05642741206954542, ""engagement"": 0.13362710837299221, ""ex_situ"": 0.13707596672124198, ""genetics"": 0.059613890288249656, ""habitat"": 0.23040787803785143, ""rescue"": 0.18645802091456581, ""survey"": 0.19638972359555357}",2,S3,rule,False,850502,0.25,0.125,2,1,111,0,0,0.0,0.0,,102.95150758773306,0.6286693406086081,4.962142569472412,0.0014750692522416892,0.9985249307477583,21,107,21,11140.735750918326,11140.735750918328,11140.735750918326,1.5,0.26610972661950166,0.14445236452745783,8.379888268156425e-05,32.0,12.799999999999999,0.05984983085391771,3,1:heatwave:alternative|25:flood:reserve|30:heatwave:alternative|41:wildfire:semiwild|58:heatwave:semiwild|100:funding_collapse,0.007417315727315562,0.07236439928496849,0.032717425019420716,0.010136840715189367,1.340782122905028e-05,0.0009433260027626856,0.00011408950176845536,03fb1553097b4122,0.289995637544037
6,"{""biobank"": 0.05764823267106562, ""engagement"": 0.04086274331915499, ""ex_situ"": 0.20793865615473986, ""genetics"": 0.031508854329286795, ""habitat"": 0.33255490120573156, ""rescue"": 0.1337417623114019, ""survey"": 0.19574485000861938}",0,S3,rule,False,850600,0.25,0.25,2,2,155,0,2,0.6666666666666666,1.0,17.0,86.61370801077894,0.55429293298757,2.742985857343678,0.0,1.0,0,61,0,11286.191106164262,11286.191106164264,5643.095553082131,1.5,0.40141043533919846,0.1927869903090015,0.0005142156418551282,15.25,6.099999999999999,0.06358044100822435,1,1:heatwave:alternative|7:heatwave:origin|13:wildfire:alternative|14:flood:origin|43:wildfire:reserve,0.0022200810050145973,0.07990705961095944,0.05310032172612519,0.011770415406879974,8.227450269682052e-05,0.0005715031081106731,6.003303368345509e-05,8e8d5582450b581f,0.298255972312369
6,"{""biobank"": 0.05764823267106562, ""engagement"": 0.04086274331915499, ""ex_situ"": 0.20793865615473986, ""genetics"": 0.031508854329286795, ""habitat"": 0.33255490120573156, ""rescue"": 0.1337417623114019, ""survey"": 0.19574485000861938}",1,S3,rule,False,850601,0.5,0.375,4,3,327,0,1,0.3333333333333333,1.0,19.0,196.04257775286365,0.6480980612281556,3.390004110786892,0.008558119558265395,0.9914418804417346,28,171,28,11131.812581004528,11131.81258100453,3710.604193668176,1.5,0.6070905229317327,0.2808199047627563,0.0003577147123614397,49.75,19.900000000000006,0.0873040568085706,2,51:funding_collapse|70:heatwave:alternative|73:flood:reserve|90:funding_collapse,0.010066230506191503,0.0751982040953061,0.03458360959997093,0.005213649017353344,5.723435397783035e-05,0.0006694634286846183,9.873056601084378e-05,8e8d5582450b581f,0.43571336632716573
6,"{""biobank"": 0.05764823267106562, ""engagement"": 0.04086274331915499, ""ex_situ"": 0.20793865615473986, ""genetics"": 0.031508854329286795, ""habitat"": 0.33255490120573156, ""rescue"": 0.1337417623114019, ""survey"": 0.19574485000861938}",2,S3,rule,False,850602,0.75,0.375,6,3,416,0,0,0.0,0.0,,195.4067495569244,0.6394728521897928,3.535406985646396,0.0024334011388442833,0.9975665988611557,23,143,23,11025.858141609695,11025.858141609695,3675.2860472032316,1.5,0.39004235853219554,0.2620590851940832,0.00012853522146679004,41.5,16.6,0.09475389742199826,3,9:funding_collapse|16:heatwave:reserve|28:funding_collapse|35:flood:alternative|39:funding_collapse|62:heatwave:alternative|64:heatwave:alternative|69:funding_collapse,0.009895536201443096,0.07629690891918056,0.040999185321644295,0.004600965435856887,2.0565635434686406e-05,0.000737623193227187,7.753104745047221e-05,8e8d5582450b581f,0.46587683634787724
7,"{""biobank"": 0.008589938222713473, ""engagement"": 0.20522268545226552, ""ex_situ"": 0.10955510347727083, ""genetics"": 0.11428331979048632, ""habitat"": 0.19377894171164836, ""rescue"": 0.26415764531149455, ""survey"": 0.10441236603412117}",0,S3,rule,False,850700,0.25,0.25,2,2,233,0,2,0.6666666666666666,1.0,24.0,133.41016105488995,0.5450869915196216,3.406755683670411,0.0,1.0,9,87,9,11242.043771226268,11242.043771226268,5621.021885613134,1.5,0.11542293791613932,0.15995093314123937,0.00010178117048346057,24.0,9.6,0.009205412564606755,1,2:wildfire:alternative|18:heatwave:origin|19:flood:reserve|47:flood:reserve|57:funding_collapse|60:wildfire:alternative|98:flood:reserve,0.003379915705281551,0.07474727815926334,0.07554300434609153,0.012045540625972235,1.628498727735369e-05,0.0006208306363763917,5.610605518362055e-05,9ad8c881b7ab8ede,0.29359147537540053
7,"{""biobank"": 0.008589938222713473, ""engagement"": 0.20522268545226552, ""ex_situ"": 0.10955510347727083, ""genetics"": 0.11428331979048632, ""habitat"": 0.19377894171164836, ""rescue"": 0.26415764531149455, ""survey"": 0.10441236603412117}",1,S3,rule,False,850701,0.625,0.375,5,3,412,0,2,0.6666666666666666,1.0,19.0,186.5847611488296,0.5613855576300179,4.274178433994228,0.0,1.0,46,220,46,11298.754402167504,11298.754402167504,3766.251467389168,1.5,0.41813608288088727,0.2561754824143387,9.16573138795361e-05,66.5,26.6,0.014350448931538431,1,100:heatwave:alternative,0.0064953805068221175,0.07705589288877529,0.08772962806626305,0.008713735125045266,1.4665170220725777e-05,0.0007108553055809354,0.00011459851463901596,9ad8c881b7ab8ede,0.3869087152192699
7,"{""biobank"": 0.008589938222713473, ""engagement"": 0.20522268545226552, ""ex_situ"": 0.10955510347727083, ""genetics"": 0.11428331979048632, ""habitat"": 0.19377894171164836, ""rescue"": 0.26415764531149455, ""survey"": 0.10441236603412117}",2,S3,rule,False,850702,0.375,0.375,3,3,380,0,1,0.3333333333333333,1.0,34.0,188.2912640113389,0.573236241375266,4.01662765965046,0.0017747515017600718,0.9982252484982399,20,163,20,11260.147268280863,11260.147268280863,3753.3824227602877,1.5,0.30078058292083343,0.24151249742302563,0.00023399543627040893,45.75,18.3,0.012590812672188437,2,36:flood:alternative|42:wildfire:semiwild|57:wildfire:semiwild|58:wildfire:reserve|61:wildfire:semiwild,0.006349569000640864,0.07708616345876754,0.0735458206328717,0.008032320844917005,3.7439269803265435e-05,0.0006322428472955063,8.41105760387308e-05,9ad8c881b7ab8ede,0.42055335261525917
8,"{""biobank"": 0.08309824448812367, ""engagement"": 0.19453191246624127, ""ex_situ"": 0.19423237354373693, ""genetics"": 0.008725973724946509, ""habitat"": 0.3201849218163987, ""rescue"": 0.15060998755408161, ""survey"": 0.04861658640647145}",0,S3,rule,False,850800,0.75,0.25,6,2,278,0,1,0.3333333333333333,1.0,20.0,169.9668508884288,0.6526376852459176,3.37834828926532,0.0002975309771879602,0.999702469022812,45,149,45,11268.310314327897,11268.310314327897,5634.155157163948,1.5,0.7143526923144848,0.24338265060269987,2.6246719160104988e-05,48.5,19.399999999999995,0.12831949239299087,2,10:funding_collapse|57:flood:semiwild,0.009618265511728032,0.0759892031012057,0.025081801624124562,0.0061594866952982006,4.199475065616798e-06,0.0006934752493392546,0.00012517658336592117,3e9937d25c749f20,0.3514005845138243
8,"{""biobank"": 0.08309824448812367, ""engagement"": 0.19453191246624127, ""ex_situ"": 0.19423237354373693, ""genetics"": 0.008725973724946509, ""habitat"": 0.3201849218163987, ""rescue"": 0.15060998755408161, ""survey"": 0.04861658640647145}",1,S3,rule,False,850801,0.625,0.25,5,2,282,0,2,0.6666666666666666,1.0,22.0,147.13174193649692,0.6445001530177791,3.1246588370429906,0.0009311470261127695,0.9990688529738873,43,157,43,11209.391836715433,11209.391836715433,5604.695918357716,1.5,0.4477741031779807,0.21146719724465862,0.0002790396540044179,50.0,19.999999999999996,0.11471599278215316,1,13:heatwave:alternative|19:funding_collapse|67:flood:origin|71:flood:origin|82:wildfire:semiwild|87:wildfire:alternative|90:funding_collapse,0.009448053814191601,0.07567905350070457,0.03189295566851874,0.006648886752254965,4.464634464070687e-05,0.0007735857157688364,0.00013373128913225126,3e9937d25c749f20,0.31365507601046605
8,"{""biobank"": 0.08309824448812367, ""engagement"": 0.19453191246624127, ""ex_situ"": 0.19423237354373693, ""genetics"": 0.008725973724946509, ""habitat"": 0.3201849218163987, ""rescue"": 0.15060998755408161, ""survey"": 0.04861658640647145}",2,S3,rule,False,850802,0.5,0.375,4,3,408,0,2,0.6666666666666666,1.0,23.5,189.70012219587596,0.6278248810828606,2.8851906984904825,0.030443470761875664,0.9695565292381243,25,173,25,11226.384645142753,11226.384645142753,3742.128215047584,1.5,0.5879168038784887,0.27963009330852906,0.0006004917046355183,49.5,19.799999999999994,0.1161825296788767,1,6:funding_collapse|22:flood:semiwild|47:flood:reserve,0.009174577395362309,0.07579985534839413,0.048155023831488036,0.004949800835528029,9.607867274168294e-05,0.0007008680284310962,8.451217067821693e-05,3e9937d25c749f20,0.3992200748266153
9,"{""biobank"": 0.11302893692027506, ""engagement"": 0.0713032954660049, ""ex_situ"": 0.20489560831631454, ""genetics"": 0.08632436325109427, ""habitat"": 0.3029693138647554, ""rescue"": 0.154895895277384, ""survey"": 0.06658258690417174}",0,S3,rule,False,850900,0.5,0.25,4,2,250,0,0,0.0,0.0,,181.61665611784142,0.6241792933442164,3.0883905505981284,0.010759279092282675,0.9892407209077173,38,169,38,11135.169449629893,11135.169449629895,5567.584724814947,1.5,0.45548508359875645,0.22219683688965877,0.0001532470945123371,51.75,20.699999999999996,0.16632211511900913,3,5:funding_collapse|14:wildfire:reserve|55:flood:alternative|58:flood:origin|66:funding_collapse|67:heatwave:semiwild,0.007905716676322318,0.07762431399936788,0.0401349553243647,0.004801308305038941,2.4519535121973937e-05,0.0006426713823418773,9.041990217748263e-05,89c3dbb683036e44,0.3783465776905983
9,"{""biobank"": 0.11302893692027506, ""engagement"": 0.0713032954660049, ""ex_situ"": 0.20489560831631454, ""genetics"": 0.08632436325109427, ""habitat"": 0.3029693138647554, ""rescue"": 0.154895895277384, ""survey"": 0.06658258690417174}",1,S3,rule,False,850901,0.5,0.375,4,3,366,0,1,0.3333333333333333,1.0,12.0,197.80014472466158,0.6167616163727557,3.9267186164895183,0.0008103315199144901,0.9991896684800855,14,220,14,11075.590369686797,11075.590369686797,3691.8634565622656,1.5,0.5670953025882143,0.29861645090084,0.0003474447630291786,58.5,23.399999999999995,0.1694486723856168,2,27:flood:semiwild|41:wildfire:alternative|46:funding_collapse|47:funding_collapse|56:funding_collapse|61:funding_collapse|65:heatwave:semiwild|67:wildfire:origin,0.008747050869813297,0.07606298517869088,0.05438500252107371,0.005783889887980034,5.559116208466858e-05,0.0006154474847525186,9.588600342686063e-05,89c3dbb683036e44,0.43279255421266405
9,"{""biobank"": 0.11302893692027506, ""engagement"": 0.0713032954660049, ""ex_situ"": 0.20489560831631454, ""genetics"": 0.08632436325109427, ""habitat"": 0.3029693138647554, ""rescue"": 0.154895895277384, ""survey"": 0.06658258690417174}",2,S3,rule,False,850902,0.5,0.375,4,3,310,0,2,0.6666666666666666,1.0,25.5,184.86412300096777,0.630846136893354,3.9407926202458774,0.0002773193467617237,0.9997226806532383,25,170,25,11115.622326939158,11115.622326939158,3705.2074423130525,1.5,0.557290093692513,0.2962527653608041,0.0003085981104849029,48.75,19.499999999999996,0.16182914894546996,1,2:funding_collapse|24:funding_collapse|28:funding_collapse|75:heatwave:origin|82:wildfire:reserve,0.009378073879257702,0.07720348559898371,0.04517398659621973,0.004892185043977384,4.9375697677584474e-05,0.0005666675855451952,9.999005942943595e-05,89c3dbb683036e44,0.40133553040341685
10,"{""biobank"": 0.007629564071368838, ""engagement"": 0.17025633702732887, ""ex_situ"": 0.11707288628081369, ""genetics"": 0.13256645850874138, ""habitat"": 0.203623929499255, ""rescue"": 0.2932252169323684, ""survey"": 0.0756256076801239}",0,S3,rule,False,851000,0.5,0.375,4,3,443,0,1,0.3333333333333333,1.0,17.0,188.95630113774783,0.5529759500788916,5.014828486464293,0.0007349061928348862,0.9992650938071651,22,276,22,11246.620497995216,11246.620497995216,3748.873499331739,1.5,0.4247840062800467,0.2636233962472231,0.0003873598989524026,74.5,29.800000000000008,0.011233553772877464,2,21:funding_collapse|37:wildfire:alternative,0.005691158671096011,0.07630142297545786,0.08803451144459667,0.009843816138880485,6.197758383238441e-05,0.0007580244682383876,0.0001262227293472626,b18a2c5e037a89d2,0.4197253988032227
10,"{""biobank"": 0.007629564071368838, ""engagement"": 0.17025633702732887, ""ex_situ"": 0.11707288628081369, ""genetics"": 0.13256645850874138, ""habitat"": 0.203623929499255, ""rescue"": 0.2932252169323684, ""survey"": 0.0756256076801239}",1,S3,rule,False,851001,0.375,0.25,3,2,247,0,2,0.6666666666666666,1.0,30.0,161.8423817567472,0.5888005983561567,4.091689250225835,0.0020846020103830716,0.9979153979896169,11,174,11,11147.25802652283,11147.258026522828,5573.629013261415,1.5,0.4573564537403274,0.2009624665920121,0.00037828514936525526,46.25,18.50000000000001,0.009049643578605002,1,9:funding_collapse|28:flood:alternative|37:funding_collapse|42:flood:origin|63:flood:semiwild|64:wildfire:origin|79:funding_collapse,0.006229821737072812,0.07459483672152341,0.057209842103803865,0.009668281729544844,6.052562389844083e-05,0.0006623666654100768,8.836914155138373e-05,b18a2c5e037a89d2,0.3042496697459581
10,"{""biobank"": 0.007629564071368838, ""engagement"": 0.17025633702732887, ""ex_situ"": 0.11707288628081369, ""genetics"": 0.13256645850874138, ""habitat"": 0.203623929499255, ""rescue"": 0.2932252169323684, ""survey"": 0.0756256076801239}",2,S3,rule,False,851002,0.375,0.375,3,3,356,0,2,0.6666666666666666,1.0,24.0,170.03775470659266,0.5628697426681696,3.252946020312398,0.00016843637265981742,0.9998315636273402,35,212,35,11102.814877011237,11102.814877011237,3700.938292337079,1.5,0.4227087907881822,0.2457470874304186,0.0003279733870144279,61.75,24.700000000000006,0.010983740742381978,1,6:funding_collapse|38:heatwave:semiwild|44:wildfire:origin|50:wildfire:semiwild|52:funding_collapse|73:heatwave:alternative|80:funding_collapse|82:funding_collapse|88:funding_collapse,0.005829160402016972,0.07636660230575121,0.08144545776952644,0.008023918398744804,5.2475741922308455e-05,0.0005755147791086869,0.00010979751405247083,b18a2c5e037a89d2,0.3860885034766006
11,"{""biobank"": 0.019647688959023423, ""engagement"": 0.20537001035947103, ""ex_situ"": 0.254672166201768, ""genetics"": 0.006643348678984233, ""habitat"": 0.3336750713497347, ""rescue"": 0.07880195342637686, ""survey"": 0.10118976102464187}",0,S3,rule,False,851100,0.125,0.125,1,1,105,0,1,0.3333333333333333,1.0,15.0,63.99867278597722,0.5939984762541585,2.8276481149012564,0.0,1.0,10,61,10,11181.855734181987,11181.855734181987,11181.855734181987,1.5,0.5506043346671162,0.14236030267865907,0.0003082114915993331,17.75,7.099999999999998,0.013866940314674434,2,6:wildfire:origin|9:wildfire:alternative|11:funding_collapse|21:wildfire:reserve|35:funding_collapse|97:funding_collapse,0.0050369201798961686,0.07441668080542671,0.04655509529843673,0.012449783376213467,4.9313838655893294e-05,0.0006997809553644145,0.00011286541293133707,fe6d7d0135aeacda,0.25125246837265636
11,"{""biobank"": 0.019647688959023423, ""engagement"": 0.20537001035947103, ""ex_situ"": 0.254672166201768, ""genetics"": 0.006643348678984233, ""habitat"": 0.3336750713497347, ""rescue"": 0.07880195342637686, ""survey"": 0.10118976102464187}",1,S3,rule,False,851101,0.625,0.25,5,2,135,0,2,0.6666666666666666,1.0,31.0,184.78585494940515,0.6818744670212561,3.0119820082462203,0.02155067977546082,0.9784493202245392,14,92,14,11234.93912251362,11234.93912251362,5617.46956125681,1.5,0.5973854786178202,0.20868429767190116,0.0003338277762368343,26.5,10.6,0.03162964863828471,1,20:heatwave:alternative|29:flood:semiwild|40:funding_collapse|98:heatwave:reserve,0.01151654768828484,0.07771927118348387,0.01186900406612975,0.005458685109086326,5.341244419789347e-05,0.0009278734936832144,9.224866148729433e-05,fe6d7d0135aeacda,0.31898293315371185
11,"{""biobank"": 0.019647688959023423, ""engagement"": 0.20537001035947103, ""ex_situ"": 0.254672166201768, ""genetics"": 0.006643348678984233, ""habitat"": 0.3336750713497347, ""rescue"": 0.07880195342637686, ""survey"": 0.10118976102464187}",2,S3,rule,False,851102,0.625,0.375,5,3,190,0,0,0.0,0.0,,186.27303820916768,0.6686104756344885,2.3628642617267905,0.048076819250215036,0.951923180749785,14,129,14,11191.007390505089,11191.00739050509,3730.3357968350297,1.5,0.7287162780367978,0.27244481333876636,0.00031396362772282105,35.75,14.300000000000004,0.03597271458909323,3,71:flood:semiwild|80:funding_collapse|92:funding_collapse,0.010720840465645762,0.07896413002689105,0.017277311066414933,0.0041554083900371104,5.023418043565136e-05,0.0007806105035499662,9.109507330726923e-05,fe6d7d0135aeacda,0.47128605267905
0,"{""biobank"": 0.07, ""engagement"": 0.11, ""ex_situ"": 0.18, ""genetics"": 0.1, ""habitat"": 0.22, ""rescue"": 0.2, ""survey"": 0.12}",0,S4,state_dependent_rule,False,860000,0.125,0.125,1,1,312,191,1,0.3333333333333333,1.0,13.0,100.22945755632367,0.598184329884809,2.965454213123743,0.0003277427748750175,0.999672257225125,149,0,0,11290.552419763208,11290.552419763206,11290.552419763208,1.5,0.4251295389356456,0.13885910954175928,0.00039222281752901043,127.25,50.89999999999998,0.052208067584786404,2,5:flood:origin|18:wildfire:reserve|100:funding_collapse,0.005602425099320771,0.07280546462546333,0.034384910698627265,0.014664219337107034,6.275565080464165e-05,0.0009763510449689497,0.0005177626294268091,0a0b9554ec6d66ff,0.251530227103564
0,"{""biobank"": 0.07, ""engagement"": 0.11, ""ex_situ"": 0.18, ""genetics"": 0.1, ""habitat"": 0.22, ""rescue"": 0.2, ""survey"": 0.12}",1,S4,state_dependent_rule,False,860001,0.5,0.5,4,4,763,516,1,0.3333333333333333,1.0,16.0,260.8585087325763,0.5808637126415994,4.000530996071367,0.0010530181437623724,0.9989469818562376,278,0,0,11201.154933787502,11201.154933787502,2800.2887334468755,1.5,0.44213800009521825,0.3336136029578908,0.000236080695350406,174.5,69.79999999999998,0.12197246493827625,2,10:funding_collapse|45:wildfire:alternative|52:flood:semiwild,0.011789088423829157,0.06883640040792768,0.11484891236400824,0.021093038124245785,3.7772911256064954e-05,0.001125128539871369,0.00018050820996198238,0a0b9554ec6d66ff,0.5121575838586957
0,"{""biobank"": 0.07, ""engagement"": 0.11, ""ex_situ"": 0.18, ""genetics"": 0.1, ""habitat"": 0.22, ""rescue"": 0.2, ""survey"": 0.12}",2,S4,state_dependent_rule,False,860002,0.75,0.5,6,4,155,6,2,0.6666666666666666,1.0,17.5,214.83077098610846,0.5816791360016658,3.3904349953755695,0.010416997595797365,0.9895830024042026,149,0,0,11177.644928138121,11177.644928138121,2794.4112320345303,1.5,0.35410062539740256,0.3224995221973948,0.00024160300310550287,155.75,62.29999999999997,0.14092554851949418,1,28:funding_collapse|29:funding_collapse|38:heatwave:alternative|50:wildfire:semiwild|56:flood:origin|82:flood:reserve|92:wildfire:semiwild|99:flood:semiwild,0.012194975691727245,0.07488636093694107,0.11442488856019083,0.018794106149210486,3.8656480496880454e-05,0.0010603637785440649,0.00023654545037029234,0a0b9554ec6d66ff,0.47783515595332265
1,"{""biobank"": 0.01802103624967728, ""engagement"": 0.09197553572168862, ""ex_situ"": 0.17282582296776428, ""genetics"": 0.037727463588937186, ""habitat"": 0.28347859244857304, ""rescue"": 0.2537158481770921, ""survey"": 0.14225570084626754}",0,S4,state_dependent_rule,False,860100,0.625,0.5,5,4,826,712,0,0.0,0.0,,297.22183817113745,0.5711875613144077,5.229357082841,0.002690232239871539,0.9973097677601285,341,0,0,11197.781776844444,11197.781776844444,2799.445444211111,1.5,0.38959892045613814,0.3228274513762257,0.0003072835929158787,175.25,70.10000000000004,0.03286994251100936,3,11:heatwave:alternative|25:wildfire:alternative|33:wildfire:alternative|65:heatwave:alternative|69:heatwave:origin|90:flood:semiwild|91:flood:semiwild,0.012683212461025615,0.05939181491911726,0.14602775644162735,0.017897413816766093,4.91653748665406e-05,0.0010153883948115481,0.00016089860562684902,20f4c1163634761a,0.5429608793347838
1,"{""biobank"": 0.01802103624967728, ""engagement"": 0.09197553572168862, ""ex_situ"": 0.17282582296776428, ""genetics"": 0.037727463588937186, ""habitat"": 0.28347859244857304, ""rescue"": 0.2537158481770921, ""survey"": 0.14225570084626754}",1,S4,state_dependent_rule,False,860101,0.625,0.625,5,5,877,806,0,0.0,0.0,,253.2208081497336,0.5259696986830585,4.191421771533994,0.0030868880059253313,0.9969131119940746,289,0,0,11198.605685120776,11198.605685120776,2239.7211370241553,1.5,0.5467541072352328,0.38564025953827874,0.00027927732824910853,154.25,61.70000000000005,0.03900315549707767,3,45:wildfire:origin|46:wildfire:alternative|70:funding_collapse|74:wildfire:semiwild|99:flood:origin,0.013033275393606712,0.05774032128252812,0.19375475683517288,0.019937016516310666,4.4684372519857376e-05,0.0011054731860324245,0.0001570061474318229,20f4c1163634761a,0.6237094807562866
1,"{""biobank"": 0.01802103624967728, ""engagement"": 0.09197553572168862, ""ex_situ"": 0.17282582296776428, ""genetics"": 0.037727463588937186, ""habitat"": 0.28347859244857304, ""rescue"": 0.2537158481770921, ""survey"": 0.14225570084626754}",2,S4,state_dependent_rule,False,860102,0.625,0.625,5,5,786,754,1,0.3333333333333333,1.0,16.0,260.9470417260174,0.5786540827319387,3.205598441908762,0.007417339053514514,0.9925826609464855,253,0,0,11221.336950086365,11221.336950086366,2244.267390017273,1.5,0.5821237965186822,0.3789775529007946,0.0007183426971476485,147.75,59.10000000000005,0.03729594414919371,2,26:flood:semiwild|50:wildfire:semiwild|87:wildfire:alternative,0.013352929576892143,0.06018887799822837,0.14724315052392184,0.012364843231747897,0.00011493483154362376,0.0010112519573010112,0.00016897215030483347,20f4c1163634761a,0.5976125343665369
2,"{""biobank"": 0.08421521928572957, ""engagement"": 0.07277783383073254, ""ex_situ"": 0.1835688329979704, ""genetics"": 0.23644392210257756, ""habitat"": 0.1561182234074387, ""rescue"": 0.14966411362906532, ""survey"": 0.11721185474648577}",0,S4,state_dependent_rule,False,860200,0.5,0.25,4,2,206,3,0,0.0,0.0,,136.19627153168256,0.6294050803778022,2.882969527636928,0.010472880046687526,0.9895271199533124,82,0,0,11123.346309941639,11123.346309941639,5561.673154970819,1.5,0.14215854269255337,0.17796966837037992,0.0004138213752280891,112.5,45.000000000000036,0.11212059412377638,3,3:flood:alternative|21:heatwave:origin|43:flood:alternative|66:heatwave:alternative|67:wildfire:semiwild|71:funding_collapse|92:wildfire:reserve,0.010598980606777261,0.07921582286143296,0.05479985444485354,0.013653003642014373,6.621142003649425e-05,0.0007826892293326661,0.00026775381813486863,b71bf1f3d99f4dd4,0.3747077288937083
2,"{""biobank"": 0.08421521928572957, ""engagement"": 0.07277783383073254, ""ex_situ"": 0.1835688329979704, ""genetics"": 0.23644392210257756, ""habitat"": 0.1561182234074387, ""rescue"": 0.14966411362906532, ""survey"": 0.11721185474648577}",1,S4,state_dependent_rule,False,860201,0.5,0.375,4,3,254,101,1,0.3333333333333333,1.0,18.0,159.8277464964101,0.6455999676175354,2.9471454042521916,0.011832880072047657,0.9881671199279524,199,0,0,11191.957166485872,11191.957166485874,3730.652388828624,1.5,0.37686158426390187,0.2605364667103469,0.00032151311096261014,129.75,51.900000000000084,0.12314427120717401,2,81:flood:origin|97:heatwave:reserve,0.012051807505926953,0.08054754741146325,0.04510982540865896,0.015050638811038259,5.144209775401762e-05,0.0010773683136803183,0.0002814529484081576,b71bf1f3d99f4dd4,0.4333103084803317
2,"{""biobank"": 0.08421521928572957, ""engagement"": 0.07277783383073254, ""ex_situ"": 0.1835688329979704, ""genetics"": 0.23644392210257756, ""habitat"": 0.1561182234074387, ""rescue"": 0.14966411362906532, ""survey"": 0.11721185474648577}",2,S4,state_dependent_rule,False,860202,0.375,0.125,3,1,191,0,0,0.0,0.0,,134.66144586799703,0.6278671985251376,3.5504622871046236,0.0002980904451304579,0.9997019095548696,93,0,0,11168.724456368736,11168.724456368738,11168.724456368736,1.5,0.20680502442632118,0.13227127560475666,0.0003466571298429208,114.0,45.600000000000065,0.09918075145539151,3,29:funding_collapse|36:flood:alternative|43:heatwave:reserve|73:flood:semiwild|92:heatwave:reserve,0.007657558363430329,0.07710725882623876,0.028880073571562838,0.010447785542026062,5.546514077486733e-05,0.0008074107382693288,0.0003998970903698551,b71bf1f3d99f4dd4,0.2886572073392463
3,"{""biobank"": 0.14732371407170808, ""engagement"": 0.07877344590262589, ""ex_situ"": 0.14806123027141446, ""genetics"": 0.07848379571621503, ""habitat"": 0.23246605830542524, ""rescue"": 0.17232409259422654, ""survey"": 0.14256766313838468}",0,S4,state_dependent_rule,False,860300,0.375,0.25,3,2,241,1,2,0.6666666666666666,1.0,34.0,131.21947021760107,0.5760278511980738,3.2829793121006974,0.005693250905008304,0.9943067490949917,130,0,0,11176.24063363456,11176.24063363456,5588.12031681728,1.5,0.23112353683509337,0.20216836187188425,0.00048796650428265274,147.0,58.79999999999995,0.1686310753368398,1,7:funding_collapse|11:flood:reserve|21:heatwave:reserve|23:wildfire:origin|34:heatwave:reserve|53:flood:alternative|76:funding_collapse|85:flood:reserve,0.00542764244084288,0.0764256847641817,0.0639932798919485,0.010205261668826394,7.807464068522444e-05,0.0007460547081885828,0.0003437961297003728,e7c2d44826b17bdc,0.30245434720023284
3,"{""biobank"": 0.14732371407170808, ""engagement"": 0.07877344590262589, ""ex_situ"": 0.14806123027141446, ""genetics"": 0.07848379571621503, ""habitat"": 0.23246605830542524, ""rescue"": 0.17232409259422654, ""survey"": 0.14256766313838468}",1,S4,state_dependent_rule,False,860301,0.375,0.375,3,3,552,299,1,0.3333333333333333,1.0,13.0,133.48767290673732,0.6030594078278413,2.5074751516986464,0.01823268238961445,0.9817673176103856,198,0,0,11255.748703984234,11255.748703984234,3751.9162346614116,1.5,0.48117709524323143,0.2858607660543647,0.0007276583671938384,136.0,54.39999999999997,0.21959152506527557,2,6:wildfire:origin|38:flood:reserve|65:heatwave:semiwild|74:wildfire:semiwild|76:heatwave:origin,0.00912384609474488,0.07723152471162135,0.058997617445143265,0.018398368487676346,0.00011642533875101415,0.0011092838065068125,0.00035104111399545117,e7c2d44826b17bdc,0.4294616544462794
3,"{""biobank"": 0.14732371407170808, ""engagement"": 0.07877344590262589, ""ex_situ"": 0.14806123027141446, ""genetics"": 0.07848379571621503, ""habitat"": 0.23246605830542524, ""rescue"": 0.17232409259422654, ""survey"": 0.14256766313838468}",2,S4,state_dependent_rule,False,860302,0.5,0.5,4,4,366,210,1,0.3333333333333333,1.0,25.0,211.33003629595245,0.6152999318991375,3.090367772630291,0.034774520517569026,0.965225479482431,234,0,0,11175.803097295375,11175.803097295375,2793.9507743238437,1.5,0.47007991151195255,0.35200756915880843,0.0005267673383644231,135.25,54.09999999999993,0.24547950140655142,2,29:funding_collapse|36:wildfire:semiwild|78:flood:reserve,0.012574422938479131,0.0716763004388164,0.08662887611340109,0.015790820977308627,8.42827741383077e-05,0.0009351918234164125,0.00019273457213058443,e7c2d44826b17bdc,0.5191624133674181
4,"{""biobank"": 0.08354475810966305, ""engagement"": 0.13678198020879706, ""ex_situ"": 0.24323212112077222, ""genetics"": 0.12498209742428737, ""habitat"": 0.20331988276560056, ""rescue"": 0.14200317946220006, ""survey"": 0.06613598090867975}",0,S4,state_dependent_rule,False,860400,0.75,0.5,6,4,552,382,2,0.6666666666666666,1.0,16.5,210.95749870267292,0.6275900960315901,2.953910389596608,0.010110691391546554,0.9898893086084535,159,0,0,11193.05887733517,11193.058877335166,2798.2647193337925,1.5,0.4466849680711997,0.33027990952990754,0.000328746710466645,110.75,44.300000000000054,0.15536154413410735,1,23:heatwave:semiwild|30:funding_collapse|59:heatwave:alternative|73:flood:origin,0.012679796980141845,0.07389536702551344,0.07705872708109358,0.01435630600507829,5.259947367466319e-05,0.0008914883066752415,0.00017167796798049404,c9b0b3bab22d573c,0.4854998386910626
4,"{""biobank"": 0.08354475810966305, ""engagement"": 0.13678198020879706, ""ex_situ"": 0.24323212112077222, ""genetics"": 0.12498209742428737, ""habitat"": 0.20331988276560056, ""rescue"": 0.14200317946220006, ""survey"": 0.06613598090867975}",1,S4,state_dependent_rule,False,860401,0.25,0.125,2,1,170,0,1,0.3333333333333333,1.0,50.0,127.78121949743822,0.6271642837587507,3.3379533379533384,0.0009291490530296949,0.9990708509469703,80,0,0,11194.603778772253,11194.603778772253,11194.603778772253,1.5,0.20387559842607217,0.12448102607129245,0.0002044386422976501,98.25,39.30000000000006,0.07231966424575922,2,4:flood:reserve|26:flood:alternative|70:flood:reserve|81:heatwave:alternative|86:flood:origin|96:flood:origin,0.007513339710052032,0.07427230585102998,0.029219411966783085,0.010521597387640134,3.271018276762402e-05,0.0010333613129093447,0.0003124993081233802,c9b0b3bab22d573c,0.25443941183760854
4,"{""biobank"": 0.08354475810966305, ""engagement"": 0.13678198020879706, ""ex_situ"": 0.24323212112077222, ""genetics"": 0.12498209742428737, ""habitat"": 0.20331988276560056, ""rescue"": 0.14200317946220006, ""survey"": 0.06613598090867975}",2,S4,state_dependent_rule,False,860402,0.375,0.25,3,2,297,6,1,0.3333333333333333,1.0,22.0,114.68106855011597,0.6524908208005823,1.9972082707260288,0.010390306661889176,0.9896096933381108,74,0,0,11149.68251761854,11149.68251761854,5574.84125880927,1.5,0.3146303316172498,0.18530040336631926,0.0003090157805777455,89.0,35.60000000000004,0.10682643748666999,2,23:heatwave:alternative|32:flood:origin|50:heatwave:semiwild|51:flood:alternative|67:heatwave:reserve|84:flood:origin|91:funding_collapse|97:funding_collapse,0.010112512738708954,0.07546694997186536,0.031509297759460216,0.010281802362779655,4.944252489243927e-05,0.0007422621928447514,0.0003193439455493339,c9b0b3bab22d573c,0.3455703301233859
5,"{""biobank"": 0.05912465342872484, ""engagement"": 0.1437452733441967, ""ex_situ"": 0.2768226903563974, ""genetics"": 0.13660726680490543, ""habitat"": 0.1970791792562298, ""rescue"": 0.11110694015534368, ""survey"": 0.0755139966542022}",0,S4,state_dependent_rule,False,860500,0.625,0.25,5,2,218,105,3,1.0,1.0,34.666666666666664,188.03357037269637,0.6624926211262447,3.419135347210725,0.0051131520512431895,0.9948868479487568,173,0,0,11141.93539310275,11141.93539310275,5570.967696551375,1.5,0.511467884578502,0.21167489411120438,0.0004315715940883198,98.75,39.50000000000001,0.06918376090623457,0,8:funding_collapse|42:funding_collapse|67:funding_collapse,0.010980872771988157,0.07639733437176927,0.03332049777600989,0.005696450507316562,6.905145505413115e-05,0.0005979326346298729,0.00019404440991090975,ed09e2de0cd8b8e1,0.2830413825800572
5,"{""biobank"": 0.05912465342872484, ""engagement"": 0.1437452733441967, ""ex_situ"": 0.2768226903563974, ""genetics"": 0.13660726680490543, ""habitat"": 0.1970791792562298, ""rescue"": 0.11110694015534368, ""survey"": 0.0755139966542022}",1,S4,state_dependent_rule,False,860501,0.75,0.25,6,2,250,52,2,0.6666666666666666,1.0,25.5,139.674137874186,0.6500883508927987,1.9694091940499203,0.14712490002368322,0.8528750999763168,132,0,0,11167.37740608944,11167.37740608944,5583.68870304472,1.5,0.45493566351571446,0.19416783594819545,0.000815361166364745,97.0,38.80000000000001,0.08240088828062406,1,38:flood:origin|52:funding_collapse|68:funding_collapse|70:flood:reserve|86:wildfire:semiwild,0.00997178067158499,0.07979712405143369,0.030601755936360057,0.006794329892387664,0.0001304577866183592,0.0006744633071822941,0.00031202569841050907,ed09e2de0cd8b8e1,0.31276336956207273
5,"{""biobank"": 0.05912465342872484, ""engagement"": 0.1437452733441967, ""ex_situ"": 0.2768226903563974, ""genetics"": 0.13660726680490543, ""habitat"": 0.1970791792562298, ""rescue"": 0.11110694015534368, ""survey"": 0.0755139966542022}",2,S4,state_dependent_rule,False,860502,0.375,0.25,3,2,199,0,2,0.6666666666666666,1.0,18.5,118.18065783957172,0.632572765709575,1.8774193994424397,0.02777547886141958,0.9722245211385804,78,0,0,11128.111364088123,11128.111364088123,5564.0556820440615,1.5,0.32748573142744614,0.1788853232690119,0.00028837588833992853,90.25,36.10000000000001,0.07431278065921437,1,17:funding_collapse|18:funding_collapse|41:flood:reserve|60:funding_collapse|86:flood:alternative,0.008053593825883297,0.08018090115966099,0.02734859578542044,0.007135973410828792,4.6140142134388564e-05,0.0006585699020293551,0.00036870557012548376,ed09e2de0cd8b8e1,0.30860778051667076
6,"{""biobank"": 0.14066810744153557, ""engagement"": 0.10994277803704355, ""ex_situ"": 0.12392949964345094, ""genetics"": 0.08269256192687112, ""habitat"": 0.07962431441634715, ""rescue"": 0.2390251290112899, ""survey"": 0.22411760952346182}",0,S4,state_dependent_rule,False,860600,0.5,0.125,4,1,84,0,1,0.3333333333333333,1.0,8.0,121.64561085198197,0.6243996195924637,2.7412587412587412,0.0006162806722408065,0.9993837193277592,133,0,0,11163.087229530971,11163.08722953097,11163.087229530971,1.5,0.08612529976474954,0.12721569144395,0.00022958328221486115,176.5,70.59999999999998,0.17470287027443818,2,17:heatwave:alternative|24:wildfire:alternative|29:heatwave:origin|76:wildfire:reserve|80:funding_collapse,0.006958597498878987,0.08534205604274864,0.021512038290645387,0.0077890894497587735,3.673332515437779e-05,0.000757823270811546,0.0007410555134461251,2adcfe57ace71967,0.2542981787499312
6,"{""biobank"": 0.14066810744153557, ""engagement"": 0.10994277803704355, ""ex_situ"": 0.12392949964345094, ""genetics"": 0.08269256192687112, ""habitat"": 0.07962431441634715, ""rescue"": 0.2390251290112899, ""survey"": 0.22411760952346182}",1,S4,state_dependent_rule,False,860601,0.5,0.375,4,3,392,2,0,0.0,0.0,,141.68416587576078,0.5693510104712985,2.070790822166405,0.004946327534211074,0.9950536724657889,173,0,0,11187.861438185097,11187.861438185097,3729.287146061699,1.5,0.3548657622827365,0.27073509274066176,0.0009177799799755183,210.5,84.19999999999995,0.2289530414536203,3,5:funding_collapse|35:heatwave:origin|46:heatwave:semiwild|72:flood:origin,0.00644082412388525,0.0790562049457129,0.06769620288948354,0.01597530946363765,0.00014684479679608295,0.0010667549528052159,0.0004916375205323204,2adcfe57ace71967,0.456226160844761
6,"{""biobank"": 0.14066810744153557, ""engagement"": 0.10994277803704355, ""ex_situ"": 0.12392949964345094, ""genetics"": 0.08269256192687112, ""habitat"": 0.07962431441634715, ""rescue"": 0.2390251290112899, ""survey"": 0.22411760952346182}",2,S4,state_dependent_rule,False,860602,0.375,0.125,3,1,191,0,0,0.0,0.0,,122.0012802908676,0.6114305022340695,5.6115982156591295,0.0013555846778487955,0.9986444153221512,196,0,0,11135.140983827292,11135.140983827292,11135.140983827292,1.5,0.26775855117672814,0.17134832439759212,0.00043726455460315803,185.25,74.09999999999997,0.16103243561664005,3,18:funding_collapse|37:funding_collapse|65:wildfire:semiwild|76:funding_collapse|85:flood:alternative,0.007541292216791213,0.07725199584335894,0.03236067033735592,0.01978439037803715,6.996232873650528e-05,0.001206248161340194,0.0005354100722421175,2adcfe57ace71967,0.29009940777486964
7,"{""biobank"": 0.10446294914964757, ""engagement"": 0.0666458028539317, ""ex_situ"": 0.20230551155422086, ""genetics"": 0.09455096219844092, ""habitat"": 0.10940681029382493, ""rescue"": 0.229726008158867, ""survey"": 0.19290195579106684}",0,S4,state_dependent_rule,False,860700,0.5,0.25,4,2,128,0,1,0.3333333333333333,1.0,21.0,137.06742495030088,0.6201692945101478,2.376103550875549,0.013664911220777098,0.9863350887792229,180,0,0,11173.308954368023,11173.308954368025,5586.654477184012,1.5,0.10593387606580022,0.17506505591486585,0.0008064769818579963,205.5,82.2,0.14105316399765172,2,9:funding_collapse|36:flood:semiwild|38:heatwave:alternative|52:flood:alternative|69:flood:reserve|91:flood:origin,0.007751422955139891,0.0830176685059204,0.03392791052986059,0.009078169722528862,0.0001290363170972794,0.0007312899251238512,0.0005273593899482869,83e083a5b8904c2b,0.33969856643467544
7,"{""biobank"": 0.10446294914964757, ""engagement"": 0.0666458028539317, ""ex_situ"": 0.20230551155422086, ""genetics"": 0.09455096219844092, ""habitat"": 0.10940681029382493, ""rescue"": 0.229726008158867, ""survey"": 0.19290195579106684}",1,S4,state_dependent_rule,False,860701,0.375,0.25,3,2,256,0,1,0.3333333333333333,1.0,21.0,128.9460876328845,0.5932140139571945,3.2844451114423654,0.003340542386612021,0.996659457613388,115,0,0,11212.851188922963,11212.851188922963,5606.4255944614815,1.5,0.254682717948769,0.2003397344303212,0.0006395429272254501,172.75,69.10000000000001,0.1476350576051031,2,33:flood:reserve|72:wildfire:reserve|80:flood:semiwild,0.006130943680104572,0.07736532529723297,0.051907757360118725,0.010076618529277676,0.000102326868356072,0.0007438929922955418,0.0004740247626227021,83e083a5b8904c2b,0.33818274220327793
7,"{""biobank"": 0.10446294914964757, ""engagement"": 0.0666458028539317, ""ex_situ"": 0.20230551155422086, ""genetics"": 0.09455096219844092, ""habitat"": 0.10940681029382493, ""rescue"": 0.229726008158867, ""survey"": 0.19290195579106684}",2,S4,state_dependent_rule,False,860702,0.375,0.375,3,3,285,0,0,0.0,0.0,,149.29219666705947,0.5821697549528667,2.916170966316249,0.11256560352990445,0.8874343964700956,82,0,0,11187.005971821347,11187.005971821349,3729.0019906071157,1.5,0.3044437311449813,0.25831102366756886,0.0006628941170383934,186.75,74.7,0.14977470444954094,3,18:flood:reserve|87:flood:origin,0.006083504037668275,0.07744462604144225,0.05947280822351659,0.009616473043757167,0.00010606305872614293,0.0008112658615465441,0.0004203268198869142,83e083a5b8904c2b,0.4569065656096869
8,"{""biobank"": 0.09872887885749976, ""engagement"": 0.11308948665684913, ""ex_situ"": 0.12701211440112956, ""genetics"": 0.05806690652549789, ""habitat"": 0.31344842660544675, ""rescue"": 0.14580654128719361, ""survey"": 0.14384764566638336}",0,S4,state_dependent_rule,False,860800,0.625,0.625,5,5,947,895,1,0.3333333333333333,1.0,20.0,265.2947015839673,0.5437205671434507,4.0563262990524125,0.0009444128308711095,0.9990555871691289,137,0,0,11207.654723063939,11207.654723063937,2241.5309446127876,1.5,0.6083292600647525,0.4248310799093499,0.00013194867042212632,97.25,38.90000000000004,0.21092445456175213,2,31:funding_collapse|58:flood:semiwild|69:heatwave:alternative,0.013524267190943396,0.05503678499770295,0.1853841118381049,0.01705579775281352,2.1111787267540213e-05,0.001045338705993663,9.78486872744866e-05,c1018dc480443feb,0.5969578597291193
8,"{""biobank"": 0.09872887885749976, ""engagement"": 0.11308948665684913, ""ex_situ"": 0.12701211440112956, ""genetics"": 0.05806690652549789, ""habitat"": 0.31344842660544675, ""rescue"": 0.14580654128719361, ""survey"": 0.14384764566638336}",1,S4,state_dependent_rule,False,860801,0.75,0.75,6,6,1047,1047,2,0.6666666666666666,1.0,21.0,226.26030187435134,0.4559207151898876,3.7605626933473055,0.0019494276175325165,0.9980505723824675,68,0,0,11208.187113916787,11208.187113916785,1868.0311856527978,1.5,0.6567345554237041,0.48748947015106087,0.00012961426094231795,53.75,21.500000000000025,0.23355193837608698,1,16:wildfire:origin|33:flood:origin|71:heatwave:origin|76:funding_collapse|80:wildfire:origin,0.013139176598905062,0.0519244128706725,0.27237399587930883,0.020121587783953468,2.073828175077087e-05,0.0009584196805307958,7.475013150688848e-05,c1018dc480443feb,0.6379703876269226
8,"{""biobank"": 0.09872887885749976, ""engagement"": 0.11308948665684913, ""ex_situ"": 0.12701211440112956, ""genetics"": 0.05806690652549789, ""habitat"": 0.31344842660544675, ""rescue"": 0.14580654128719361, ""survey"": 0.14384764566638336}",2,S4,state_dependent_rule,False,860802,0.625,0.5,5,4,551,499,2,0.6666666666666666,1.0,14.0,188.5378578953333,0.5547043914293982,2.617867637581845,0.08632426413584435,0.9136757358641556,175,0,0,11284.456883131907,11284.456883131907,2821.1142207829766,1.5,0.5511830654552318,0.34453375216605836,7.548709113164683e-05,108.5,43.400000000000055,0.19118384622358348,1,2:flood:origin|32:heatwave:alternative|48:heatwave:reserve,0.012299842348174897,0.06709510127607261,0.1487850551196885,0.024382553042918947,1.2077934581063492e-05,0.001044492120090798,0.0001683267385198306,c1018dc480443feb,0.4759923672643489
9,"{""biobank"": 0.03464563113041365, ""engagement"": 0.14176247449762883, ""ex_situ"": 0.16513630874251678, ""genetics"": 0.10191008178634138, ""habitat"": 0.15874971628949763, ""rescue"": 0.20979880326718814, ""survey"": 0.18799698428641357}",0,S4,state_dependent_rule,False,860900,0.5,0.375,4,3,395,119,0,0.0,0.0,,180.89614254842556,0.6162616796983864,2.716830170505266,0.0012452416558224413,0.9987547583441776,287,0,0,11248.913246501368,11248.913246501368,3749.6377488337894,1.5,0.4622580810403381,0.252529582945185,0.00019022507007466477,195.0,78.00000000000001,0.05192736568049252,3,52:heatwave:semiwild,0.008839549985840032,0.0775908894300005,0.05719270052214328,0.007597647840839158,3.0436011211946368e-05,0.0006309465426522016,0.0003256201815644335,3ab53b7d1b8c0038,0.46144221024927645
9,"{""biobank"": 0.03464563113041365, ""engagement"": 0.14176247449762883, ""ex_situ"": 0.16513630874251678, ""genetics"": 0.10191008178634138, ""habitat"": 0.15874971628949763, ""rescue"": 0.20979880326718814, ""survey"": 0.18799698428641357}",1,S4,state_dependent_rule,False,860901,0.5,0.375,4,3,223,53,2,0.6666666666666666,1.0,27.0,173.9965476554428,0.649711139695874,2.556730700535436,0.03422689819481287,0.9657731018051872,245,0,0,11169.755992706198,11169.755992706196,3723.2519975687323,1.5,0.37587125960043766,0.2431147365247364,0.0004532964862303249,179.25,71.69999999999997,0.056051517796691264,1,12:funding_collapse|17:funding_collapse|33:heatwave:semiwild|34:flood:semiwild|62:heatwave:alternative|77:flood:semiwild,0.011253944869867536,0.07838691797306138,0.04164835223355183,0.010749423565280483,7.252743779685197e-05,0.0008528513659339287,0.0003739624121481224,3ab53b7d1b8c0038,0.3988514779401881
9,"{""biobank"": 0.03464563113041365, ""engagement"": 0.14176247449762883, ""ex_situ"": 0.16513630874251678, ""genetics"": 0.10191008178634138, ""habitat"": 0.15874971628949763, ""rescue"": 0.20979880326718814, ""survey"": 0.18799698428641357}",2,S4,state_dependent_rule,False,860902,0.25,0.25,2,2,425,123,0,0.0,0.0,,206.4373876727299,0.6235360979102835,5.249446704079213,0.0006578696045846607,0.9993421303954153,252,0,0,11168.322392075906,11168.322392075906,5584.161196037953,1.5,0.3650976689731161,0.2091355898568829,0.00039807915375051793,181.0,72.39999999999999,0.038156779593895906,3,8:flood:semiwild|59:flood:alternative|71:funding_collapse|96:funding_collapse,0.009588337680385868,0.07600866225347105,0.05602495846732186,0.009169299911898137,6.369266460008288e-05,0.0006453357643177562,0.0002620330937415108,3ab53b7d1b8c0038,0.37694397367223087
10,"{""biobank"": 0.0371334611838177, ""engagement"": 0.046809791258709765, ""ex_situ"": 0.27836882447201977, ""genetics"": 0.21253711020753205, ""habitat"": 0.1892406116274343, ""rescue"": 0.14735216179993066, ""survey"": 0.08855803945055589}",0,S4,state_dependent_rule,False,861000,0.375,0.25,3,2,283,36,1,0.3333333333333333,1.0,14.0,144.99163218505586,0.6161077725226369,2.699913650905727,0.0021905948550292043,0.9978094051449709,105,0,0,10984.475125472289,10984.475125472287,5492.237562736144,1.5,0.24285338650857713,0.1724171124694811,0.0003569888720680235,111.5,44.60000000000006,0.04316318654783067,2,1:wildfire:reserve|23:flood:reserve|53:funding_collapse|62:funding_collapse|73:funding_collapse|98:wildfire:alternative,0.008100383862160115,0.07872462848196561,0.04094367592064505,0.007906353623839924,5.7118219530883765e-05,0.0008730545083779398,0.00028841740409087124,e462336a5abc24e8,0.3388245437920103
10,"{""biobank"": 0.0371334611838177, ""engagement"": 0.046809791258709765, ""ex_situ"": 0.27836882447201977, ""genetics"": 0.21253711020753205, ""habitat"": 0.1892406116274343, ""rescue"": 0.14735216179993066, ""survey"": 0.08855803945055589}",1,S4,state_dependent_rule,False,861001,0.375,0.375,3,3,250,9,1,0.3333333333333333,1.0,26.0,146.09335592931987,0.5844734546883644,2.7833759601654724,0.007856392868669073,0.9921436071313309,108,0,0,11194.409896103132,11194.40989610313,3731.4699653677108,1.5,0.31141707511558236,0.238371559323638,0.00042224707389951715,126.5,50.600000000000065,0.053230461052124964,2,36:flood:reserve|89:flood:semiwild|98:heatwave:origin|100:flood:reserve,0.0073067000156517735,0.07702550162641321,0.07376581862512999,0.007773041994382565,6.755953182392276e-05,0.0006258064707473958,0.00026191820257609916,e462336a5abc24e8,0.4219248408022852
10,"{""biobank"": 0.0371334611838177, ""engagement"": 0.046809791258709765, ""ex_situ"": 0.27836882447201977, ""genetics"": 0.21253711020753205, ""habitat"": 0.1892406116274343, ""rescue"": 0.14735216179993066, ""survey"": 0.08855803945055589}",2,S4,state_dependent_rule,False,861002,0.5,0.375,4,3,426,243,0,0.0,0.0,,211.85350709697542,0.635887089817257,4.233883610252985,0.005150875581879187,0.9948491244181208,161,0,0,11127.091778017299,11127.091778017297,3709.0305926724327,1.5,0.3870375187887727,0.26188378397145656,0.00027160978564531624,134.75,53.900000000000084,0.06045597995024726,3,5:heatwave:alternative|62:heatwave:semiwild,0.012797704455761316,0.0763460249567339,0.07520813862893654,0.0071987817376927355,4.345756570325061e-05,0.0006532449926697592,0.00020392669464692294,e462336a5abc24e8,0.46532144186973423
11,"{""biobank"": 0.1254154441236524, ""engagement"": 0.08399361113754143, ""ex_situ"": 0.20516245945894562, ""genetics"": 0.11542850994216808, ""habitat"": 0.2413841668053076, ""rescue"": 0.08792601904463677, ""survey"": 0.14068978948774805}",0,S4,state_dependent_rule,False,861100,0.375,0.125,3,1,189,169,1,0.3333333333333333,1.0,17.0,91.51809028690552,0.6744040456263787,2.820450059218319,0.0408205408574676,0.9591794591425324,55,0,0,11158.278581315659,11158.278581315659,11158.278581315659,1.5,0.5711784800665529,0.1648417133097277,0.0001626896658465381,36.5,14.599999999999994,0.11634682355444595,2,5:funding_collapse|5:flood:origin|13:funding_collapse|63:wildfire:semiwild|93:funding_collapse,0.012364562638363625,0.06645663920204016,0.04353695817871566,0.010643309892902842,2.6030346535446097e-05,0.0006091950867494665,0.00019800011122772624,1815d2a89f4b9e30,0.2655614448415963
11,"{""biobank"": 0.1254154441236524, ""engagement"": 0.08399361113754143, ""ex_situ"": 0.20516245945894562, ""genetics"": 0.11542850994216808, ""habitat"": 0.2413841668053076, ""rescue"": 0.08792601904463677, ""survey"": 0.14068978948774805}",1,S4,state_dependent_rule,False,861101,0.5,0.5,4,4,538,401,2,0.6666666666666666,1.0,22.0,209.44100950827834,0.6425371684726122,2.638453602663744,0.010963181439631648,0.9890368185603684,103,0,0,11161.491204144015,11161.491204144015,2790.3728010360037,1.5,0.45643461110010347,0.3388778888702922,0.00027696887064104363,70.5,28.199999999999967,0.20924945866822206,1,24:funding_collapse|50:heatwave:alternative,0.013233922959375023,0.07123474935609148,0.0676750648620121,0.015961165397863474,4.431501930256698e-05,0.0010143401329257516,0.00011884482700816276,1815d2a89f4b9e30,0.48860169749125437
11,"{""biobank"": 0.1254154441236524, ""engagement"": 0.08399361113754143, ""ex_situ"": 0.20516245945894562, ""genetics"": 0.11542850994216808, ""habitat"": 0.2413841668053076, ""rescue"": 0.08792601904463677, ""survey"": 0.14068978948774805}",2,S4,state_dependent_rule,False,861102,0.5,0.375,4,3,431,342,1,0.3333333333333333,1.0,19.0,189.4961871523205,0.666915924916613,2.9555308366825366,0.006308914046695708,0.9936910859533042,69,0,0,11166.206300346867,11166.206300346867,3722.068766782289,1.5,0.4930492981336687,0.2853251699683289,0.0002741905495002096,57.0,22.799999999999997,0.18857465894068343,2,21:funding_collapse|25:flood:semiwild|76:flood:alternative,0.013481115314450988,0.06865084380993731,0.056507286334272926,0.006938795337314379,4.387048792003353e-05,0.0007548669695367787,0.00012769978797149583,1815d2a89f4b9e30,0.4389865724009916
0,"{""biobank"": 0.08, ""engagement"": 0.11, ""ex_situ"": 0.16, ""genetics"": 0.09, ""habitat"": 0.2, ""rescue"": 0.22, ""survey"": 0.14}",0,S5,greedy_expected_utility,False,870000,0.625,0.375,5,3,516,330,1,0.3333333333333333,1.0,24.0,246.17824685097514,0.6136252892911139,4.004517141433845,0.016305364979286776,0.9836946350207132,277,0,0,11144.171373940255,11144.171373940255,3714.723791313418,1.5,0.4339858055825469,0.27763641238087355,0.0006456033433404128,213.25,85.29999999999998,0.12721330204140213,2,24:wildfire:semiwild|28:funding_collapse|77:flood:alternative|88:funding_collapse|92:funding_collapse,0.011794270503092886,0.07317457747283419,0.0887317572371429,0.008137353275482657,0.00010329653493446604,0.0006523418727230013,0.00025581911878236747,0d75ef8e6e0e1b29,0.43022410129842115
0,"{""biobank"": 0.08, ""engagement"": 0.11, ""ex_situ"": 0.16, ""genetics"": 0.09, ""habitat"": 0.2, ""rescue"": 0.22, ""survey"": 0.14}",1,S5,greedy_expected_utility,False,870001,0.25,0.125,2,1,294,173,1,0.3333333333333333,1.0,23.0,108.70569004990813,0.6356676302952969,2.9725565719788154,0.005249205444331808,0.9947507945556682,239,0,0,11185.4227071736,11185.4227071736,11185.4227071736,1.5,0.4240954867266422,0.1448989123427104,0.0003021887525412674,145.25,58.1,0.08256898975129018,2,18:wildfire:origin|35:heatwave:reserve|68:funding_collapse|75:wildfire:semiwild|92:funding_collapse,0.008924677863399323,0.07434709045770856,0.020512118304374775,0.01296823192722668,4.835020040660278e-05,0.001061672368248408,0.0006662879847016498,0d75ef8e6e0e1b29,0.2577567024452323
0,"{""biobank"": 0.08, ""engagement"": 0.11, ""ex_situ"": 0.16, ""genetics"": 0.09, ""habitat"": 0.2, ""rescue"": 0.22, ""survey"": 0.14}",2,S5,greedy_expected_utility,False,870002,0.5,0.125,4,1,197,4,0,0.0,0.0,,140.9017455348819,0.6108135030362705,3.4709775512029335,0.003743626627997773,0.9962563733720022,150,0,0,11244.155562796943,11244.155562796943,11244.155562796943,1.5,0.2449738331598531,0.13825328302196616,0.0006304094778221517,193.5,77.39999999999996,0.11398062096975752,3,32:flood:reserve|48:flood:alternative|77:flood:reserve,0.006998473579085035,0.07532061188885848,0.037296792431247235,0.011322555668988894,0.00010086551645154427,0.0008966147677049903,0.0005173600059276318,0d75ef8e6e0e1b29,0.28669735375763716
1,"{""biobank"": 0.0745283516979864, ""engagement"": 0.11503403222970769, ""ex_situ"": 0.123398153485026, ""genetics"": 0.07481346697715252, ""habitat"": 0.09309392650048431, ""rescue"": 0.41069531194575537, ""survey"": 0.1084367571638877}",0,S5,greedy_expected_utility,False,870100,0.375,0.375,3,3,338,14,1,0.3333333333333333,1.0,16.0,154.64994895585957,0.5692861668167436,2.8899845016623265,0.017867902592046014,0.9821320974079539,361,0,0,11184.80049491766,11184.80049491766,3728.2668316392196,1.5,0.2092137857690405,0.23930248604528073,0.0005380772145472739,368.75,147.50000000000014,0.10365631225876712,2,13:funding_collapse|15:wildfire:reserve|65:heatwave:semiwild|74:funding_collapse|84:heatwave:semiwild|97:flood:alternative,0.005434235463895477,0.07750262869643701,0.06192923445280944,0.010490730779319207,8.60923543275638e-05,0.0007193294745401365,0.0006757924846144142,a169dd4fcd7a0d75,0.41973984029370637
1,"{""biobank"": 0.0745283516979864, ""engagement"": 0.11503403222970769, ""ex_situ"": 0.123398153485026, ""genetics"": 0.07481346697715252, ""habitat"": 0.09309392650048431, ""rescue"": 0.41069531194575537, ""survey"": 0.1084367571638877}",1,S5,greedy_expected_utility,False,870101,0.375,0.375,3,3,436,0,2,0.6666666666666666,1.0,19.0,169.29835944700923,0.540627558619475,3.6996666400142715,0.005903000795882115,0.9940969992041179,114,0,0,11137.69861571964,11137.69861571964,3712.56620523988,1.5,0.21359555926449444,0.24767245564568663,0.0007917230265763102,339.5,135.80000000000015,0.10283116659547231,1,3:heatwave:alternative|7:heatwave:reserve|35:wildfire:semiwild|54:funding_collapse|54:wildfire:origin|73:flood:origin|84:funding_collapse|91:flood:origin|98:wildfire:origin,0.005179063800648536,0.07660472443682124,0.09264255415414926,0.010762348440554868,0.0001266756842522096,0.0008516782303226382,0.0005459252494396505,a169dd4fcd7a0d75,0.38294471269082325
1,"{""biobank"": 0.0745283516979864, ""engagement"": 0.11503403222970769, ""ex_situ"": 0.123398153485026, ""genetics"": 0.07481346697715252, ""habitat"": 0.09309392650048431, ""rescue"": 0.41069531194575537, ""survey"": 0.1084367571638877}",2,S5,greedy_expected_utility,False,870102,0.375,0.25,3,2,352,6,3,1.0,1.0,24.666666666666668,166.09569866612762,0.5724907496624178,4.233893903123972,0.0029405598445559717,0.997059440155444,341,0,0,11216.284720370797,11216.284720370797,5608.1423601853985,1.5,0.37326682491067026,0.21068111151899505,0.0008231288226669385,358.75,143.50000000000014,0.09257744998344139,0,13:funding_collapse|23:heatwave:origin|47:flood:semiwild|81:funding_collapse,0.007119067214056687,0.0791317892451989,0.06658296108655544,0.019787065635624334,0.0001317006116267101,0.0010685985897787207,0.0005932934876761104,a169dd4fcd7a0d75,0.2694417236012622
2,"{""biobank"": 0.1930070247260461, ""engagement"": 0.14315670367244668, ""ex_situ"": 0.10949875565103179, ""genetics"": 0.07392967609636006, ""habitat"": 0.15107201033285042, ""rescue"": 0.15161858317868182, ""survey"": 0.17771724634258335}",0,S5,greedy_expected_utility,False,870200,0.5,0.125,4,1,130,46,0,0.0,0.0,,122.64824958572962,0.6404629508814598,2.9890343119915106,0.016254364910493008,0.983745635089507,172,0,0,11110.119513499749,11110.119513499749,11110.119513499749,1.5,0.27801878464703644,0.1606317144884745,0.0007929226977794512,130.25,52.100000000000065,0.23344746451927864,3,27:funding_collapse|39:flood:reserve|40:funding_collapse|44:heatwave:reserve|47:heatwave:origin|59:funding_collapse|59:heatwave:reserve|86:funding_collapse|93:wildfire:origin,0.009011656920137869,0.08113382341158928,0.0183656561257821,0.009030035447739684,0.0001268676316447122,0.0009135555093262458,0.0005334284485951943,b8276a8aa95e6f47,0.2933826140810664
2,"{""biobank"": 0.1930070247260461, ""engagement"": 0.14315670367244668, ""ex_situ"": 0.10949875565103179, ""genetics"": 0.07392967609636006, ""habitat"": 0.15107201033285042, ""rescue"": 0.15161858317868182, ""survey"": 0.17771724634258335}",1,S5,greedy_expected_utility,False,870201,0.5,0.375,4,3,263,43,1,0.3333333333333333,1.0,28.0,147.4023345987715,0.6306851622238108,2.2062146607081092,0.03658322652693755,0.9634167734730624,118,0,0,11230.405949181622,11230.405949181622,3743.4686497272073,1.5,0.36983913352140824,0.29064608101502964,0.00023391587181069393,140.0,56.000000000000085,0.3142501052790386,2,48:flood:alternative,0.009713232110230218,0.07695241771482435,0.048240346873768186,0.010013788246661083,3.7426539489711026e-05,0.0007139014992330794,0.00032140835816374684,b8276a8aa95e6f47,0.43408404910174125
2,"{""biobank"": 0.1930070247260461, ""engagement"": 0.14315670367244668, ""ex_situ"": 0.10949875565103179, ""genetics"": 0.07392967609636006, ""habitat"": 0.15107201033285042, ""rescue"": 0.15161858317868182, ""survey"": 0.17771724634258335}",2,S5,greedy_expected_utility,False,870202,0.25,0.25,2,2,124,16,2,0.6666666666666666,1.0,16.5,77.65862398923414,0.6412002780267819,2.398406791129702,0.041652811874072874,0.9583471881259271,152,0,0,11277.493227599087,11277.493227599087,5638.746613799543,1.5,0.34877275721792905,0.2145356784456024,0.0005993534502057931,131.0,52.400000000000055,0.21587167406256225,1,5:heatwave:origin|8:heatwave:semiwild|34:heatwave:origin|80:heatwave:origin|82:heatwave:alternative,0.009157035917448446,0.08378491085992425,0.02957735908486617,0.007727242292094761,9.589655203292689e-05,0.000554349712518819,0.0005423322098736192,b8276a8aa95e6f47,0.31346694288191085
3,"{""biobank"": 0.0990697239672905, ""engagement"": 0.07778531643175922, ""ex_situ"": 0.28365285344104857, ""genetics"": 0.07296000765978035, ""habitat"": 0.09968660328144821, ""rescue"": 0.18009348997936933, ""survey"": 0.18675200523930394}",0,S5,greedy_expected_utility,False,870300,0.375,0.25,3,2,149,0,1,0.3333333333333333,1.0,25.0,145.05884965696782,0.614732397823639,2.7769260252970485,0.14280331350350134,0.8571966864964986,121,0,0,11242.727525654036,11242.727525654036,5621.363762827018,1.5,0.3194705690133807,0.19740301319440545,0.0006432149261673482,184.0,73.59999999999987,0.12593348020048434,2,69:heatwave:alternative|99:flood:semiwild,0.007216078060489881,0.08261584500931711,0.03759444996376491,0.005804836266229815,0.00010291438818677573,0.0005185336342210989,0.00040691584103634136,cd1f834c7b192fd9,0.3411168276596531
3,"{""biobank"": 0.0990697239672905, ""engagement"": 0.07778531643175922, ""ex_situ"": 0.28365285344104857, ""genetics"": 0.07296000765978035, ""habitat"": 0.09968660328144821, ""rescue"": 0.18009348997936933, ""survey"": 0.18675200523930394}",1,S5,greedy_expected_utility,False,870301,0.5,0.25,4,2,50,0,0,0.0,0.0,,101.2094878422098,0.6246896167275398,1.3692976104272265,0.035103785961892474,0.9648962140381075,136,0,0,11135.829736826254,11135.829736826254,5567.914868413127,1.5,0.3214298953892138,0.1866243177342691,0.0004526652594668884,144.5,57.79999999999995,0.1414417604553772,3,8:heatwave:alternative|44:funding_collapse|77:funding_collapse|99:flood:semiwild,0.007380304159034773,0.08031252050543859,0.022757584512249705,0.014757745384741196,7.242644151470215e-05,0.0010474469627971914,0.0005915145626464999,cd1f834c7b192fd9,0.3748658742825579
3,"{""biobank"": 0.0990697239672905, ""engagement"": 0.07778531643175922, ""ex_situ"": 0.28365285344104857, ""genetics"": 0.07296000765978035, ""habitat"": 0.09968660328144821, ""rescue"": 0.18009348997936933, ""survey"": 0.18675200523930394}",2,S5,greedy_expected_utility,False,870302,0.5,0.375,4,3,353,0,0,0.0,0.0,,147.47558255620606,0.5651906381281078,2.898620368654188,0.033767928396201005,0.966232071603799,118,0,0,11127.118141422758,11127.118141422758,3709.0393804742525,1.5,0.09616685087075255,0.2407483945385999,0.0006702092090010165,162.0,64.79999999999991,0.16697752882491385,3,10:flood:alternative|16:flood:semiwild|38:flood:semiwild|43:funding_collapse|52:heatwave:alternative|61:flood:alternative|69:funding_collapse|86:wildfire:reserve,0.006786058823410788,0.07874124402673559,0.08102988051953208,0.012913326366830635,0.00010723347344016262,0.0008354881493896779,0.00031159765529743865,cd1f834c7b192fd9,0.4526034351730761
4,"{""biobank"": 0.060734963898395666, ""engagement"": 0.0370773939866211, ""ex_situ"": 0.08873596567519411, ""genetics"": 0.022487041699610466, ""habitat"": 0.17737604563122764, ""rescue"": 0.3279357271788853, ""survey"": 0.28565286193006556}",0,S5,greedy_expected_utility,False,870400,0.5,0.375,4,3,433,0,1,0.3333333333333333,1.0,22.0,220.14084624881855,0.576885380984567,3.190217828497108,0.002805159987128125,0.9971948400128718,340,0,0,11185.379232167226,11185.379232167226,3728.4597440557422,1.5,0.23484355225617706,0.24566632460855578,0.0006727422241052744,308.75,123.5,0.10764895548983491,2,55:funding_collapse|68:flood:reserve|78:wildfire:semiwild|88:heatwave:alternative,0.008527358601656175,0.07542705573345987,0.07902230614942772,0.019600876279695853,0.00010763875585684387,0.0011548059346887067,0.00037208036297484826,59085d17aa55aa09,0.4215161062752073
4,"{""biobank"": 0.060734963898395666, ""engagement"": 0.0370773939866211, ""ex_situ"": 0.08873596567519411, ""genetics"": 0.022487041699610466, ""habitat"": 0.17737604563122764, ""rescue"": 0.3279357271788853, ""survey"": 0.28565286193006556}",1,S5,greedy_expected_utility,False,870401,0.625,0.375,5,3,396,224,1,0.3333333333333333,1.0,19.0,228.19112629544844,0.6193772014694052,3.0627696823929598,0.011587882509801377,0.9884121174901986,419,0,0,11155.557614247096,11155.557614247098,3718.5192047490323,1.5,0.3642389696554576,0.25666820000461915,0.0010262808640237406,308.75,123.49999999999999,0.1043330310757188,2,4:funding_collapse|11:funding_collapse|26:flood:semiwild|69:wildfire:reserve|83:funding_collapse,0.011833538987355154,0.07506088842777003,0.0643228188233767,0.01610507578579444,0.0001642049382437985,0.0009815817895275818,0.00040794241306315183,59085d17aa55aa09,0.4289900668875394
4,"{""biobank"": 0.060734963898395666, ""engagement"": 0.0370773939866211, ""ex_situ"": 0.08873596567519411, ""genetics"": 0.022487041699610466, ""habitat"": 0.17737604563122764, ""rescue"": 0.3279357271788853, ""survey"": 0.28565286193006556}",2,S5,greedy_expected_utility,False,870402,0.375,0.375,3,3,278,65,0,0.0,0.0,,148.19388188485297,0.5778920745791144,3.604527746387058,0.007069077349539131,0.9929309226504609,297,0,0,11229.805215048993,11229.805215048995,3743.268405016331,1.5,0.29421475284980625,0.2524526439869541,0.0004856521218934925,236.75,94.69999999999999,0.0911794561905143,3,32:flood:reserve|86:heatwave:reserve,0.007120480165656577,0.07642782613096703,0.0758685673013579,0.008220517423359094,7.770433950295881e-05,0.0006172333412321855,0.0004962569229420356,59085d17aa55aa09,0.45567907558556264
5,"{""biobank"": 0.07670705263774065, ""engagement"": 0.09151275183806828, ""ex_situ"": 0.1328291724611162, ""genetics"": 0.011416034544749562, ""habitat"": 0.09500993107539743, ""rescue"": 0.30781782103619787, ""survey"": 0.28470723640672996}",0,S5,greedy_expected_utility,False,870500,0.5,0.375,4,3,420,0,0,0.0,0.0,,165.9527847119438,0.5653000874335349,2.9617237436382866,0.004462429170600471,0.9955375708293995,193,0,0,11124.010935472383,11124.010935472383,3708.003645157461,1.5,0.08580458960831915,0.2335722602227826,0.0005409208331795327,282.25,112.90000000000013,0.13312281912783902,3,14:funding_collapse|17:funding_collapse|19:funding_collapse|36:wildfire:origin|43:wildfire:alternative|48:funding_collapse|50:flood:semiwild|64:heatwave:alternative|93:flood:reserve,0.006837489080314408,0.07695011367699729,0.08137772416321697,0.015665308248280097,8.654733330872523e-05,0.0009105991623399895,0.0004804082643551775,56eaf2cc81f7a896,0.45190223913730854
5,"{""biobank"": 0.07670705263774065, ""engagement"": 0.09151275183806828, ""ex_situ"": 0.1328291724611162, ""genetics"": 0.011416034544749562, ""habitat"": 0.09500993107539743, ""rescue"": 0.30781782103619787, ""survey"": 0.28470723640672996}",1,S5,greedy_expected_utility,False,870501,0.5,0.375,4,3,432,0,0,0.0,0.0,,166.4520568030124,0.5891747231951908,3.1041711185894147,0.012053941907259724,0.9879460580927403,97,0,0,11199.73579166807,11199.73579166807,3733.245263889357,1.5,0.20671443705497664,0.2458735248659794,0.0003028502875258454,282.0,112.80000000000015,0.12705184987293786,3,19:wildfire:alternative|23:heatwave:alternative|29:wildfire:semiwild|97:flood:origin,0.007499384957128378,0.07935955172355207,0.06437227571747296,0.010140907878872861,4.845604600413526e-05,0.0007534713937940651,0.0005259585164401192,56eaf2cc81f7a896,0.45671356096587656
5,"{""biobank"": 0.07670705263774065, ""engagement"": 0.09151275183806828, ""ex_situ"": 0.1328291724611162, ""genetics"": 0.011416034544749562, ""habitat"": 0.09500993107539743, ""rescue"": 0.30781782103619787, ""survey"": 0.28470723640672996}",2,S5,greedy_expected_utility,False,870502,0.375,0.375,3,3,393,29,0,0.0,0.0,,183.46944888033732,0.5609983238289126,3.5219431233753675,0.002217730486209498,0.9977822695137905,165,0,0,11219.046991756048,11219.046991756048,3739.682330585349,1.5,0.30976898229347766,0.25923043150151714,0.00023935060020581608,305.25,122.10000000000015,0.12142051019207833,3,42:flood:origin|44:heatwave:reserve|56:funding_collapse|58:flood:semiwild|83:flood:origin,0.005868749923292302,0.07901014950609675,0.07742618451960598,0.008792065391670987,3.829609603293057e-05,0.0006367630177483648,0.00045371447334792143,56eaf2cc81f7a896,0.4538227917244886
6,"{""biobank"": 0.06517780009170264, ""engagement"": 0.22855464414744914, ""ex_situ"": 0.17772580121240653, ""genetics"": 0.07587369797048021, ""habitat"": 0.23232839096743035, ""rescue"": 0.12736758121403013, ""survey"": 0.092972084396501}",0,S5,greedy_expected_utility,False,870600,0.5,0.25,4,2,210,201,1,0.3333333333333333,1.0,26.0,188.53212220253926,0.6914620054742276,3.1221245859403757,0.0035407530139459,0.9964592469860541,218,0,0,11170.429110663228,11170.429110663226,5585.214555331614,1.5,0.4487740719924845,0.20598483136069987,0.0002581607661086888,110.75,44.300000000000054,0.08693089151023814,2,52:funding_collapse|66:funding_collapse|73:funding_collapse|77:heatwave:reserve,0.013753250663754522,0.07306352907435937,0.02211796500060066,0.003821807101257565,4.130572257739021e-05,0.0005334125265419374,0.00021841625301487894,4e46eeab71187aed,0.3534844506238708
6,"{""biobank"": 0.06517780009170264, ""engagement"": 0.22855464414744914, ""ex_situ"": 0.17772580121240653, ""genetics"": 0.07587369797048021, ""habitat"": 0.23232839096743035, ""rescue"": 0.12736758121403013, ""survey"": 0.092972084396501}",1,S5,greedy_expected_utility,False,870601,0.5,0.375,4,3,469,457,2,0.6666666666666666,1.0,24.0,185.32934156807346,0.621416780451896,2.891639645320693,0.0006338164251207728,0.9993661835748793,109,0,0,11206.038019988404,11206.038019988402,3735.3460066628013,1.5,0.35778957271601425,0.25461761294825164,0.000336344292807501,73.0,29.200000000000028,0.1058612961172164,1,23:funding_collapse|24:heatwave:origin|42:wildfire:origin|48:wildfire:alternative|60:funding_collapse|60:wildfire:semiwild|72:wildfire:semiwild|89:flood:alternative|96:wildfire:semiwild,0.012995802397387188,0.06748505638254942,0.09911343976101712,0.010237088280953918,5.381508684920016e-05,0.0007026000132240774,0.00017523547316568847,4e46eeab71187aed,0.3957576116959429
6,"{""biobank"": 0.06517780009170264, ""engagement"": 0.22855464414744914, ""ex_situ"": 0.17772580121240653, ""genetics"": 0.07587369797048021, ""habitat"": 0.23232839096743035, ""rescue"": 0.12736758121403013, ""survey"": 0.092972084396501}",2,S5,greedy_expected_utility,False,870602,0.5,0.5,4,4,560,521,1,0.3333333333333333,1.0,20.0,243.82597884477482,0.5956587808692339,4.414027297288513,0.0032645050582531254,0.9967354949417468,134,0,0,11187.351614847938,11187.351614847938,2796.8379037119844,1.5,0.337088674636145,0.32509468784297435,0.00021528381843748126,102.25,40.90000000000003,0.11122773703237367,2,17:wildfire:alternative|18:funding_collapse|30:wildfire:semiwild|42:heatwave:alternative|49:funding_collapse|52:wildfire:semiwild|67:flood:alternative|79:flood:origin,0.013217927722570934,0.06763925462800437,0.11663720432619802,0.018654509080178586,3.4445410949997006e-05,0.0010456102843550232,0.00011783503926700048,4e46eeab71187aed,0.5135249525813492
7,"{""biobank"": 0.19503840216477228, ""engagement"": 0.09283956157907404, ""ex_situ"": 0.09569748819215775, ""genetics"": 0.1286296229943021, ""habitat"": 0.1437338657021931, ""rescue"": 0.20395689902682765, ""survey"": 0.1401041603406732}",0,S5,greedy_expected_utility,False,870700,0.375,0.25,3,2,407,85,0,0.0,0.0,,166.780353169754,0.6048143364286158,3.2704759170437665,0.0032013114798510787,0.996798688520149,210,0,0,11140.491408707498,11140.491408707498,5570.245704353749,1.5,0.2740320712931062,0.23254829931155435,0.0002484887612922041,192.5,77.00000000000003,0.2997016650590302,3,4:funding_collapse|25:heatwave:reserve|48:wildfire:reserve|96:funding_collapse,0.007792586098349521,0.07902478590462893,0.04859410627991819,0.007894619948596096,3.975820180675265e-05,0.0007432844387995365,0.00039305736809200755,7ae63369deaedf4a,0.37647698039544775
7,"{""biobank"": 0.19503840216477228, ""engagement"": 0.09283956157907404, ""ex_situ"": 0.09569748819215775, ""genetics"": 0.1286296229943021, ""habitat"": 0.1437338657021931, ""rescue"": 0.20395689902682765, ""survey"": 0.1401041603406732}",1,S5,greedy_expected_utility,False,870701,0.5,0.375,4,3,326,95,0,0.0,0.0,,175.7549862072604,0.6280761670969293,2.5979714102987983,0.0419852120538047,0.9580147879461953,185,0,0,11156.407877371212,11156.407877371214,3718.802625790404,1.5,0.369763237555452,0.2942080111290179,0.0006243074190383349,193.75,77.50000000000004,0.31250986635242345,3,9:funding_collapse|13:wildfire:alternative|40:funding_collapse|82:heatwave:semiwild,0.009644992679027669,0.0782916109301112,0.045656142490462265,0.013043976065588643,9.988918704613355e-05,0.0007976044127406471,0.0003472716958911432,7ae63369deaedf4a,0.4673822261774412
7,"{""biobank"": 0.19503840216477228, ""engagement"": 0.09283956157907404, ""ex_situ"": 0.09569748819215775, ""genetics"": 0.1286296229943021, ""habitat"": 0.1437338657021931, ""rescue"": 0.20395689902682765, ""survey"": 0.1401041603406732}",2,S5,greedy_expected_utility,False,870702,0.375,0.375,3,3,352,36,0,0.0,0.0,,167.14800942315435,0.5889843108827247,2.68430900432142,0.10705608937965783,0.8929439106203422,195,0,0,11204.177746314937,11204.177746314937,3734.7259154383123,1.5,0.44121704020574554,0.29983388479909057,0.0003729921213186254,197.0,78.80000000000004,0.30059545367650925,3,1:funding_collapse|21:flood:semiwild|35:flood:origin,0.006996284335553988,0.0788553768644848,0.06270758763382282,0.007288391988797368,5.967873941098007e-05,0.000619427761213999,0.0003483658364110322,7ae63369deaedf4a,0.4620810351123178
8,"{""biobank"": 0.1089880182556815, ""engagement"": 0.07251757257444068, ""ex_situ"": 0.2111402177240437, ""genetics"": 0.12241563930183766, ""habitat"": 0.151855233988034, ""rescue"": 0.24517887207456382, ""survey"": 0.08790444608139884}",0,S5,greedy_expected_utility,False,870800,0.625,0.375,5,3,370,2,1,0.3333333333333333,1.0,17.0,199.91226604150424,0.5967735191239241,3.5370054589802855,0.007583289324576396,0.9924167106754236,169,0,0,11137.089196686688,11137.089196686686,3712.363065562229,1.5,0.27393782528746735,0.26868238664519706,0.0005366208168695588,216.25,86.49999999999993,0.18584274763323713,2,4:funding_collapse|6:heatwave:alternative|47:flood:semiwild|66:wildfire:reserve|100:flood:origin,0.008921436304963497,0.07949729996752303,0.0669955686051285,0.01250799054951959,8.585933069912938e-05,0.000865238206833248,0.00031619020539493857,1891cd1e7483bddd,0.42680093319977497
8,"{""biobank"": 0.1089880182556815, ""engagement"": 0.07251757257444068, ""ex_situ"": 0.2111402177240437, ""genetics"": 0.12241563930183766, ""habitat"": 0.151855233988034, ""rescue"": 0.24517887207456382, ""survey"": 0.08790444608139884}",1,S5,greedy_expected_utility,False,870801,0.25,0.125,2,1,349,170,1,0.3333333333333333,1.0,12.0,158.83666260497682,0.6103750583717505,4.031143471785536,0.0035917952823718213,0.9964082047176281,321,0,0,11245.281101010269,11245.281101010267,11245.281101010269,1.5,0.45288524180928147,0.16116002003538016,0.0003953155086768732,208.5,83.39999999999996,0.09655030568298324,2,5:heatwave:origin|7:funding_collapse|83:heatwave:origin,0.008421400243228367,0.0743613422566648,0.048127866552892674,0.017057989865136312,6.325048138829971e-05,0.0009761080456402103,0.0004080154284577642,1891cd1e7483bddd,0.2555889274259673
8,"{""biobank"": 0.1089880182556815, ""engagement"": 0.07251757257444068, ""ex_situ"": 0.2111402177240437, ""genetics"": 0.12241563930183766, ""habitat"": 0.151855233988034, ""rescue"": 0.24517887207456382, ""survey"": 0.08790444608139884}",2,S5,greedy_expected_utility,False,870802,0.625,0.25,5,2,221,51,3,1.0,1.0,33.0,170.23264434199064,0.5961809587764221,3.937642548742473,0.008273233038985701,0.9917267669610142,341,0,0,11246.752771294643,11246.752771294643,5623.3763856473215,1.5,0.3273629551280485,0.2144200497907555,0.0003767474163550516,221.5,88.59999999999997,0.14903664395262944,0,46:heatwave:semiwild|51:heatwave:reserve,0.008103297873862624,0.07769251265326557,0.06298587300208315,0.010729713882731784,6.027958661680827e-05,0.0007177979972709976,0.0004023305932191324,1891cd1e7483bddd,0.27336914879553886
9,"{""biobank"": 0.03875202024365921, ""engagement"": 0.21327487940304307, ""ex_situ"": 0.0895736264249486, ""genetics"": 0.04954610255983509, ""habitat"": 0.11327292572909484, ""rescue"": 0.2637706896208997, ""survey"": 0.23180975601851952}",0,S5,greedy_expected_utility,False,870900,0.25,0.25,2,2,274,55,1,0.3333333333333333,1.0,15.0,123.9839915383928,0.5990029506223812,3.4655463863468956,0.009327700691919941,0.9906722993080801,316,0,0,11155.125821762387,11155.125821762387,5577.562910881194,1.5,0.39959551531153076,0.19558764127609596,0.0008442759693351326,249.5,99.80000000000014,0.042363129407369665,2,4:flood:origin|7:funding_collapse|17:wildfire:origin|27:funding_collapse|62:funding_collapse|73:funding_collapse|95:funding_collapse,0.00763369412142378,0.08155304988955069,0.0504461525007663,0.015520384809453867,0.00013508415509362118,0.0007409352959218664,0.0005773891881184638,9a0ab27143c1c9be,0.3385758733876334
9,"{""biobank"": 0.03875202024365921, ""engagement"": 0.21327487940304307, ""ex_situ"": 0.0895736264249486, ""genetics"": 0.04954610255983509, ""habitat"": 0.11327292572909484, ""rescue"": 0.2637706896208997, ""survey"": 0.23180975601851952}",1,S5,greedy_expected_utility,False,870901,0.375,0.375,3,3,209,0,1,0.3333333333333333,1.0,23.0,129.27727796965348,0.5788855640521856,3.0718131850034402,0.011139792773960063,0.98886020722604,90,0,0,11150.540844097324,11150.540844097324,3716.8469480324416,1.5,0.11634704520619377,0.2226993636230357,0.0006437827504574267,214.75,85.90000000000009,0.05798263626190947,2,11:flood:reserve|15:heatwave:alternative|39:heatwave:alternative|48:funding_collapse|75:funding_collapse|87:wildfire:semiwild|93:wildfire:reserve,0.005852584241405981,0.07743962776127908,0.06095512429513362,0.009721982903080836,0.00010300524007318828,0.0008365075708000712,0.000547600524471889,9a0ab27143c1c9be,0.4195194376367981
9,"{""biobank"": 0.03875202024365921, ""engagement"": 0.21327487940304307, ""ex_situ"": 0.0895736264249486, ""genetics"": 0.04954610255983509, ""habitat"": 0.11327292572909484, ""rescue"": 0.2637706896208997, ""survey"": 0.23180975601851952}",2,S5,greedy_expected_utility,False,870902,0.375,0.375,3,3,236,0,0,0.0,0.0,,176.51492985796202,0.5997579049873408,3.0975470780827354,0.02876113439666592,0.9712388656033341,218,0,0,11243.914466463633,11243.914466463633,3747.971488821211,1.5,0.10889886283849108,0.2223483353519264,0.00029309876829028306,245.25,98.10000000000015,0.058664891436249825,3,75:funding_collapse|78:flood:reserve|86:flood:alternative|96:heatwave:alternative,0.008047866548302345,0.07841790452057167,0.06206289865894897,0.009933596522031825,4.689580292644528e-05,0.0007483239453909756,0.0004277460497631028,9a0ab27143c1c9be,0.4559485192832937
10,"{""biobank"": 0.09869102967877774, ""engagement"": 0.08849891283361527, ""ex_situ"": 0.08733259004422067, ""genetics"": 0.10139718542561624, ""habitat"": 0.2628376940614409, ""rescue"": 0.13762718910235738, ""survey"": 0.22361539885397172}",0,S5,greedy_expected_utility,False,871000,0.375,0.25,3,2,364,364,2,0.6666666666666666,1.0,13.5,166.31485592489852,0.7286709809696719,3.51936539127008,0.0006778255259364619,0.9993221744740636,64,0,0,11137.538334910032,11137.538334910034,5568.769167455016,1.5,0.4016490649981628,0.21283817210336659,7.272727272727273e-05,72.75,29.100000000000026,0.12489805845424751,1,11:wildfire:reserve|37:funding_collapse|37:heatwave:semiwild|53:wildfire:reserve|94:flood:semiwild,0.016538731709890134,0.06526521098683911,0.00022108604073792606,0.0007655778177545437,1.1636363636363637e-05,0.0013514383826955367,0.00019576083014254098,c3d704ca47abad45,0.32641779768912077
10,"{""biobank"": 0.09869102967877774, ""engagement"": 0.08849891283361527, ""ex_situ"": 0.08733259004422067, ""genetics"": 0.10139718542561624, ""habitat"": 0.2628376940614409, ""rescue"": 0.13762718910235738, ""survey"": 0.22361539885397172}",1,S5,greedy_expected_utility,False,871001,0.375,0.25,3,2,200,0,0,0.0,0.0,,135.39713680719697,0.5890529572087891,3.6099413992164737,0.006086995551489522,0.9939130044485105,50,0,0,11135.660168859727,11135.66016885973,5567.830084429864,1.5,0.22492982561926597,0.19546494517641133,0.0008471065167867911,123.75,49.500000000000064,0.12186274311159989,3,3:heatwave:alternative|17:heatwave:reserve|24:flood:semiwild|25:heatwave:origin|34:wildfire:reserve|56:flood:semiwild|73:funding_collapse|79:flood:origin|95:heatwave:alternative,0.00594841057090291,0.07888804394594978,0.05255885288737067,0.007558399235776783,0.00013553704268588654,0.000673302738687925,0.0003351653589951027,c3d704ca47abad45,0.3704044380989595
10,"{""biobank"": 0.09869102967877774, ""engagement"": 0.08849891283361527, ""ex_situ"": 0.08733259004422067, ""genetics"": 0.10139718542561624, ""habitat"": 0.2628376940614409, ""rescue"": 0.13762718910235738, ""survey"": 0.22361539885397172}",2,S5,greedy_expected_utility,False,871002,0.625,0.625,5,5,700,700,0,0.0,0.0,,227.05172274894022,0.5480176494972318,3.35760426594032,0.00046276603117397663,0.999537233968826,128,0,0,11232.818202792168,11232.818202792168,2246.5636405584337,1.5,0.6022556307746594,0.4181860656671011,0.0005406902191962133,80.75,32.30000000000003,0.2156722996511599,3,33:heatwave:origin|60:heatwave:semiwild|98:wildfire:origin,0.013278936149440628,0.06235707984895371,0.1703216449667627,0.019266975199905938,8.651043507139412e-05,0.0010688782571747438,0.00011484533787248597,c3d704ca47abad45,0.6302712539912949
11,"{""biobank"": 0.06629640577492707, ""engagement"": 0.04096380707263864, ""ex_situ"": 0.2219939709966903, ""genetics"": 0.22670038810751175, ""habitat"": 0.1927525613230062, ""rescue"": 0.20802394650487818, ""survey"": 0.04326892022034806}",0,S5,greedy_expected_utility,False,871100,0.375,0.125,3,1,88,0,2,0.6666666666666666,1.0,25.0,124.05672833020368,0.6178399429961705,2.3061346039309116,0.009934578115050378,0.9900654218849496,99,0,0,11086.022236846755,11086.022236846755,11086.022236846755,1.5,0.19789757013166878,0.1143694896142725,0.0008627508827147296,183.0,73.19999999999999,0.07634193280898252,1,4:flood:reserve|22:heatwave:alternative|46:heatwave:origin|66:funding_collapse|87:wildfire:reserve|93:funding_collapse,0.0063574034649635566,0.08200129869030416,0.02299854841602806,0.004477060112533938,0.00013804014123435676,0.0005420408861796531,0.0006664334788748154,38817d8be0594509,0.21869627374418615
11,"{""biobank"": 0.06629640577492707, ""engagement"": 0.04096380707263864, ""ex_situ"": 0.2219939709966903, ""genetics"": 0.22670038810751175, ""habitat"": 0.1927525613230062, ""rescue"": 0.20802394650487818, ""survey"": 0.04326892022034806}",1,S5,greedy_expected_utility,False,871101,0.5,0.375,4,3,300,34,2,0.6666666666666666,1.0,16.5,241.58745542936208,0.6013611030965387,4.200973358499321,0.010194138709120419,0.9898058612908796,203,0,0,11129.202032524387,11129.202032524387,3709.7340108414624,1.5,0.3242609782385985,0.26197839319676997,0.0002787184528620959,187.5,75.0,0.09396280893958447,1,14:heatwave:alternative|23:funding_collapse|34:flood:semiwild|44:funding_collapse|76:wildfire:semiwild|88:flood:reserve|100:heatwave:semiwild,0.010086305038664409,0.07394181459607085,0.07638473942885113,0.01690195408102045,4.459495245793533e-05,0.0009072956941877674,0.0002110442205902353,38817d8be0594509,0.39348533811749115
11,"{""biobank"": 0.06629640577492707, ""engagement"": 0.04096380707263864, ""ex_situ"": 0.2219939709966903, ""genetics"": 0.22670038810751175, ""habitat"": 0.1927525613230062, ""rescue"": 0.20802394650487818, ""survey"": 0.04326892022034806}",2,S5,greedy_expected_utility,False,871102,0.5,0.125,4,1,287,83,3,1.0,1.0,31.666666666666668,150.70267239301148,0.6282242471041691,4.011151692232773,0.005224532764094862,0.9947754672359052,217,0,0,11192.855424713794,11192.855424713794,11192.855424713794,1.5,0.421217426403222,0.1526131852630658,0.00024562978081354406,163.5,65.39999999999996,0.07064962850207933,0,2:flood:semiwild|25:heatwave:semiwild|33:flood:reserve|42:funding_collapse|70:heatwave:semiwild|78:flood:semiwild,0.008288320732534946,0.07544747327427108,0.030915652513161106,0.009208975737973014,3.930076493016706e-05,0.0007644774069826085,0.00038178882005486975,38817d8be0594509,0.19074495559193194
0,"{""biobank"": 0.02, ""engagement"": 0.1, ""ex_situ"": 0.0, ""genetics"": 0.03, ""habitat"": 0.68, ""rescue"": 0.03, ""survey"": 0.14}",0,S6,rule,False,880000,0.0,0.0,0,0,0,0,2,0.6666666666666666,1.0,20.5,43.475373121297636,0.3078187054026714,0.0,,,0,0,0,11121.621277283728,11121.62127728373,11121.621277283728,1.5,0.6699999999999999,0.06888798793739687,7.91656724169392e-05,0.0,0.0,0.009439939686984382,1,6:heatwave:origin|11:wildfire:reserve|12:heatwave:semiwild|15:flood:origin|28:funding_collapse|28:wildfire:alternative|37:heatwave:origin|80:wildfire:origin,0.0070400000000000055,0.049937535483814584,0.0,0.0,1.2666507586710274e-05,0.0003910926059272812,0.0,9d87449128bed9a2,0.08639493793747374
0,"{""biobank"": 0.02, ""engagement"": 0.1, ""ex_situ"": 0.0, ""genetics"": 0.03, ""habitat"": 0.68, ""rescue"": 0.03, ""survey"": 0.14}",1,S6,rule,False,880001,0.5,0.25,4,2,96,96,0,0.0,0.0,,211.83895041465937,0.7377954190345345,3.3563474387527843,0.0,1.0,0,0,0,11195.150160699824,11195.150160699824,5597.575080349912,1.5,0.7438000053918675,0.22670077452065726,0.00038647020861404783,0.0,0.0,0.03128649796971339,3,14:flood:alternative|20:funding_collapse|29:flood:origin|97:heatwave:alternative,0.01600000000000001,0.07535804573966992,0.0,0.0,6.183523337824766e-05,0.0007846999924175071,0.0,9d87449128bed9a2,0.3958393903072459
0,"{""biobank"": 0.02, ""engagement"": 0.1, ""ex_situ"": 0.0, ""genetics"": 0.03, ""habitat"": 0.68, ""rescue"": 0.03, ""survey"": 0.14}",2,S6,rule,False,880002,0.375,0.25,3,2,65,65,1,0.3333333333333333,1.0,24.0,138.00327876902423,0.7289568190164367,2.5560266505148395,0.005537671445423437,0.9944623285545766,0,0,0,11175.098491167246,11175.09849116725,5587.549245583623,1.5,0.829639473516015,0.22613538860972307,0.0001818989723548994,0.0,0.0,0.025555873764865695,2,15:funding_collapse|17:wildfire:origin|22:funding_collapse|42:flood:semiwild|58:wildfire:reserve|71:flood:semiwild|89:flood:alternative,0.01600000000000001,0.08432440548199029,0.0,0.0,2.9103835576783907e-05,0.0006896716659961072,0.0,9d87449128bed9a2,0.3611237283801044
1,"{""biobank"": 0.011185175662069778, ""engagement"": 0.07593746352348565, ""ex_situ"": 0.0, ""genetics"": 0.0548013716801804, ""habitat"": 0.7479762353125152, ""rescue"": 0.05700317653652999, ""survey"": 0.05309657728521898}",0,S6,rule,False,880100,0.25,0.0,2,0,0,0,2,0.6666666666666666,1.0,21.0,140.1624659495633,0.6623712978932578,0.0,,,0,0,0,11202.055166744414,11202.055166744412,11202.055166744414,1.5,0.6882826582749576,0.07114751838554392,0.00011299435028248587,0.0,0.0,0.011596262790240756,1,3:funding_collapse|8:wildfire:semiwild|14:flood:origin|66:flood:reserve|74:flood:origin|75:flood:alternative|81:flood:origin,0.01456000000000001,0.0777497867112386,0.0,0.0,1.807909604519774e-05,0.0006008362994588895,0.0,d059cb709b10704b,0.1398037798558764
1,"{""biobank"": 0.011185175662069778, ""engagement"": 0.07593746352348565, ""ex_situ"": 0.0, ""genetics"": 0.0548013716801804, ""habitat"": 0.7479762353125152, ""rescue"": 0.05700317653652999, ""survey"": 0.05309657728521898}",1,S6,rule,False,880101,0.75,0.75,6,6,1048,1048,1,0.3333333333333333,1.0,31.0,698.0397273455179,0.7830746593910709,4.6626164516782795,0.0,1.0,0,0,0,11217.311290254005,11217.311290254005,1869.5518817090008,1.5,0.9734420914282268,0.48604728982633405,0.0002959307743035192,0.0,0.0,0.022884580833642504,1,4:funding_collapse|20:heatwave:alternative|38:heatwave:reserve,0.01600000000000001,0.029861882089533595,0.0,0.0,4.734892388856308e-05,0.0010161095955064947,0.0,d059cb709b10704b,0.7202325945579608
1,"{""biobank"": 0.011185175662069778, ""engagement"": 0.07593746352348565, ""ex_situ"": 0.0, ""genetics"": 0.0548013716801804, ""habitat"": 0.7479762353125152, ""rescue"": 0.05700317653652999, ""survey"": 0.05309657728521898}",2,S6,rule,False,880102,0.75,0.625,6,5,910,910,2,0.6666666666666666,1.0,23.5,660.0896397877796,0.7839202261204856,6.14756491963591,0.0,1.0,0,0,0,11249.911544338855,11249.911544338853,2249.982308867771,1.5,0.9734420914282268,0.4447152849676519,0.00010333041364300306,0.0,0.0,0.023227133142350295,1,30:wildfire:alternative|52:wildfire:reserve,0.01600000000000001,0.02904153394762782,0.0,0.0,1.6532866182880487e-05,0.0010217070657038859,0.0,d059cb709b10704b,0.6016428957481713
2,"{""biobank"": 0.12618340901141142, ""engagement"": 0.09504593226341182, ""ex_situ"": 0.0, ""genetics"": 0.009520988557777868, ""habitat"": 0.6716844567243557, ""rescue"": 0.005819497625883394, ""survey"": 0.09174571581715987}",0,S6,rule,False,880200,0.75,0.625,6,5,540,540,1,0.3333333333333333,1.0,16.0,493.1774791035794,0.7621271237030015,4.5454747171831835,0.029752825699763997,0.970247174300236,0,0,0,11218.013623301205,11218.013623301205,2243.602724660241,1.5,0.9026934939714387,0.47449092105713925,0.00031373514669884745,0.0,0.0,0.28758412244081777,2,33:heatwave:alternative|42:heatwave:origin|91:funding_collapse,0.01600000000000001,0.05087044241556258,0.0,0.0,5.019762347181559e-05,0.0009522362579644881,0.0,3d95d4f3abc3b1f4,0.6346848273278308
2,"{""biobank"": 0.12618340901141142, ""engagement"": 0.09504593226341182, ""ex_situ"": 0.0, ""genetics"": 0.009520988557777868, ""habitat"": 0.6716844567243557, ""rescue"": 0.005819497625883394, ""survey"": 0.09174571581715987}",1,S6,rule,False,880201,0.75,0.25,6,2,109,109,1,0.3333333333333333,1.0,21.0,272.9979798011956,0.7385485823389577,3.571922025146279,0.006594526315789473,0.9934054736842105,0,0,0,11252.379400509539,11252.379400509537,5626.189700254769,1.5,0.8381692501690079,0.2790692868090524,0.0004704795065280146,0.0,0.0,0.23516570770344417,2,36:flood:origin|56:heatwave:reserve,0.01600000000000001,0.07447356075392325,0.0,0.0,7.527672104448234e-05,0.0009025801860745635,0.0,3d95d4f3abc3b1f4,0.3678558826984155
2,"{""biobank"": 0.12618340901141142, ""engagement"": 0.09504593226341182, ""ex_situ"": 0.0, ""genetics"": 0.009520988557777868, ""habitat"": 0.6716844567243557, ""rescue"": 0.005819497625883394, ""survey"": 0.09174571581715987}",2,S6,rule,False,880202,0.875,0.875,7,7,1058,1058,1,0.3333333333333333,1.0,21.0,671.3404968212619,0.7792257082713596,4.0935822292819735,0.0010620136096615284,0.9989379863903385,0,0,0,11245.39898774509,11245.398987745088,1606.48556967787,1.5,0.886994162355751,0.5869093545874169,5.194805194805195e-05,0.0,0.0,0.31762058029511026,2,24:flood:reserve|87:heatwave:reserve,0.01600000000000001,0.03383313934419478,0.0,0.0,8.311688311688312e-06,0.0009328406961340498,0.0,3d95d4f3abc3b1f4,0.8109914583661124
3,"{""biobank"": 0.03616584986899623, ""engagement"": 0.09270045803294072, ""ex_situ"": 0.0, ""genetics"": 0.011241846007171784, ""habitat"": 0.7041825783644489, ""rescue"": 0.004122483828037958, ""survey"": 0.15158678389840452}",0,S6,rule,False,880300,0.375,0.25,3,2,61,61,1,0.3333333333333333,1.0,51.0,135.85097724490524,0.7341511162918036,1.7851425106124927,0.047042772807335674,0.9529572271926643,0,0,0,11180.081462269489,11180.081462269489,5590.040731134744,1.5,0.8521632431413776,0.22404382780951726,2.6666666666666667e-05,0.0,0.0,0.04238039194627283,2,12:funding_collapse|23:wildfire:origin|77:funding_collapse,0.01600000000000001,0.07910719336980561,0.0,0.0,4.266666666666667e-06,0.0007374236717241677,0.0,fe8360a1b4e6e2ba,0.36169371689138896
3,"{""biobank"": 0.03616584986899623, ""engagement"": 0.09270045803294072, ""ex_situ"": 0.0, ""genetics"": 0.011241846007171784, ""habitat"": 0.7041825783644489, ""rescue"": 0.004122483828037958, ""survey"": 0.15158678389840452}",1,S6,rule,False,880301,0.875,0.875,7,7,1166,1166,0,0.0,0.0,,747.7076306913739,0.7803782174317252,5.363272624954419,0.0,1.0,0,0,0,11212.355065428479,11212.355065428479,1601.7650093469256,1.5,0.9666259290253277,0.5637212716199067,0.00010457995076196871,0.0,0.0,0.09837976233914875,3,5:flood:reserve,0.01600000000000001,0.032608957369196265,0.0,0.0,1.6732792121914992e-05,0.0009960924069567756,0.0,fe8360a1b4e6e2ba,0.8421788597767496
3,"{""biobank"": 0.03616584986899623, ""engagement"": 0.09270045803294072, ""ex_situ"": 0.0, ""genetics"": 0.011241846007171784, ""habitat"": 0.7041825783644489, ""rescue"": 0.004122483828037958, ""survey"": 0.15158678389840452}",2,S6,rule,False,880302,0.875,0.75,7,6,1022,1022,0,0.0,0.0,,665.9367951370041,0.7812404282800796,5.449421973492964,0.0008470070757268291,0.9991529929242732,0,0,0,11197.688177363598,11197.688177363598,1866.281362893933,1.5,0.8296691984003989,0.49330135067999065,0.00010702838827838827,0.0,0.0,0.09170105552510552,3,3:flood:alternative|77:funding_collapse|85:flood:reserve|86:wildfire:reserve|92:heatwave:semiwild,0.01600000000000001,0.03182855085485009,0.0,0.0,1.7124542124542127e-05,0.0009138963229456241,0.0,fe8360a1b4e6e2ba,0.7540161993100111
4,"{""biobank"": 0.07508505990426245, ""engagement"": 0.13093026425410834, ""ex_situ"": 0.0, ""genetics"": 0.04248821985911349, ""habitat"": 0.5867928859524537, ""rescue"": 0.04766796609670737, ""survey"": 0.11703560393335456}",0,S6,rule,False,880400,0.75,0.75,6,6,491,491,1,0.3333333333333333,1.0,33.0,511.3262075811522,0.7623174197328243,4.841163229954849,8.565204671853064e-05,0.9999143479532815,0,0,0,11096.599539049284,11096.599539049284,1849.433256508214,1.5,0.8953510067333111,0.5108878641313147,2.583979328165375e-05,0.0,0.0,0.17720565579217523,2,13:funding_collapse|22:funding_collapse|31:heatwave:alternative|47:funding_collapse|48:funding_collapse|68:funding_collapse,0.01600000000000001,0.05065138188403233,0.0,0.0,4.1343669250646e-06,0.0010270640162182325,0.0,30a0bbf12d4a4c80,0.7196030660397219
4,"{""biobank"": 0.07508505990426245, ""engagement"": 0.13093026425410834, ""ex_situ"": 0.0, ""genetics"": 0.04248821985911349, ""habitat"": 0.5867928859524537, ""rescue"": 0.04766796609670737, ""survey"": 0.11703560393335456}",1,S6,rule,False,880401,0.625,0.625,5,5,486,486,0,0.0,0.0,,507.8818654015671,0.7640799982931444,4.763219943984269,0.002185226647272727,0.9978147733527273,0,0,0,11172.348983014137,11172.348983014137,2234.4697966028275,1.5,0.8235473000902775,0.44236024548871183,0.00018408681041910625,0.0,0.0,0.15561658019920668,3,8:flood:reserve|18:heatwave:semiwild|57:wildfire:reserve|58:funding_collapse|71:funding_collapse|95:flood:alternative,0.01600000000000001,0.04883691031278756,0.0,0.0,2.9453889667057002e-05,0.001053637504400482,0.0,30a0bbf12d4a4c80,0.6650980242928428
4,"{""biobank"": 0.07508505990426245, ""engagement"": 0.13093026425410834, ""ex_situ"": 0.0, ""genetics"": 0.04248821985911349, ""habitat"": 0.5867928859524537, ""rescue"": 0.04766796609670737, ""survey"": 0.11703560393335456}",2,S6,rule,False,880402,0.625,0.625,5,5,511,511,0,0.0,0.0,,503.2431876468319,0.7647389689124158,4.231861813197022,0.0010792957537711129,0.9989207042462289,0,0,0,11258.550952927468,11258.550952927468,2251.7101905854934,1.5,0.9010529229853308,0.44417743262609377,0.00010810810810810812,0.0,0.0,0.15251761097795216,3,37:heatwave:alternative|55:heatwave:semiwild,0.01600000000000001,0.04826953491189708,0.0,0.0,1.72972972972973e-05,0.0009741988783899937,0.0,30a0bbf12d4a4c80,0.6653785885994717
5,"{""biobank"": 0.00795190801223915, ""engagement"": 0.06509269833897374, ""ex_situ"": 0.0, ""genetics"": 0.029455090538747595, ""habitat"": 0.7499699724091198, ""rescue"": 0.025502367455912833, ""survey"": 0.12202796324500685}",0,S6,rule,False,880500,0.875,0.875,7,7,497,497,0,0.0,0.0,,724.627375738012,0.7781222138131944,4.590312978671449,0.0016519121500329409,0.9983480878499671,0,0,0,11119.097752891092,11119.097752891092,1588.4425361272988,1.5,0.8548252473228345,0.5290961851138647,0.00029263881532584364,0.0,0.0,0.01980265297433418,3,44:funding_collapse|49:funding_collapse|65:funding_collapse|89:funding_collapse|95:wildfire:origin,0.01600000000000001,0.034862510342464625,0.0,0.0,4.682221045213498e-05,0.0009684536338887094,0.0,d3c4f3b79789d419,0.8383779505833656
5,"{""biobank"": 0.00795190801223915, ""engagement"": 0.06509269833897374, ""ex_situ"": 0.0, ""genetics"": 0.029455090538747595, ""habitat"": 0.7499699724091198, ""rescue"": 0.025502367455912833, ""survey"": 0.12202796324500685}",1,S6,rule,False,880501,0.375,0.0,3,0,0,0,2,0.6666666666666666,1.0,25.0,83.78962493253944,0.4316222943668786,0.0,,,0,0,0,11096.557452911587,11096.557452911587,11096.557452911587,1.5,0.7340265549135286,0.0746327030842469,0.00026685847837472983,0.0,0.0,0.006150237964470089,1,8:funding_collapse|13:flood:origin|28:funding_collapse|28:heatwave:origin|45:wildfire:alternative|50:wildfire:alternative|70:heatwave:alternative|81:funding_collapse|92:wildfire:alternative|100:funding_collapse,0.009600000000000008,0.05632108218383984,0.0,0.0,4.269735653995677e-05,0.0004139260927415414,0.0,d3c4f3b79789d419,0.10553994779678981
5,"{""biobank"": 0.00795190801223915, ""engagement"": 0.06509269833897374, ""ex_situ"": 0.0, ""genetics"": 0.029455090538747595, ""habitat"": 0.7499699724091198, ""rescue"": 0.025502367455912833, ""survey"": 0.12202796324500685}",2,S6,rule,False,880502,0.375,0.25,3,2,93,93,0,0.0,0.0,,117.41272302557627,0.7320034325330569,2.660869565217392,0.0008676117414965909,0.9991323882585034,0,0,0,11188.359858024849,11188.359858024849,5594.1799290124245,1.5,0.7187737478068154,0.2128748955248794,0.0003350903716526725,0.0,0.0,0.009444125460119619,3,3:heatwave:origin|9:funding_collapse|25:heatwave:origin|44:flood:semiwild|83:heatwave:reserve|91:heatwave:alternative|98:flood:origin,0.01600000000000001,0.08127814327968544,0.0,0.0,5.36144594644276e-05,0.0006648097277932887,0.0,d3c4f3b79789d419,0.39358800443244646
6,"{""biobank"": 0.11657711353605231, ""engagement"": 0.15682737548175643, ""ex_situ"": 0.0, ""genetics"": 0.0779236124035505, ""habitat"": 0.5697632017645246, ""rescue"": 0.03513952298493416, ""survey"": 0.04376917382918214}",0,S6,rule,False,880600,0.875,0.625,7,5,444,444,2,0.6666666666666666,1.0,35.0,487.0239732123134,0.7608800797823828,4.756963996056922,0.0,1.0,0,0,0,11200.796749973748,11200.796749973746,2240.1593499947494,1.5,0.8875747757813909,0.460530824293367,0.000168622848200313,0.0,0.0,0.21476853377329308,0,44:funding_collapse|47:heatwave:alternative|78:funding_collapse,0.01600000000000001,0.05206691975215466,0.0,0.0,2.6979655712050077e-05,0.0010260208097507921,0.0,ec8fa0cc2a6b64b8,0.5997684277300275
6,"{""biobank"": 0.11657711353605231, ""engagement"": 0.15682737548175643, ""ex_situ"": 0.0, ""genetics"": 0.0779236124035505, ""habitat"": 0.5697632017645246, ""rescue"": 0.03513952298493416, ""survey"": 0.04376917382918214}",1,S6,rule,False,880601,0.75,0.0,6,0,0,0,3,1.0,1.0,36.0,179.241939461299,0.4896833077100456,0.0,,,0,0,0,11264.453030159046,11264.453030159046,11264.453030159046,1.5,0.6505035648391616,0.08673193410098688,0.00018069502090120644,0.0,0.0,0.10840788808535361,0,33:wildfire:origin|55:heatwave:origin|85:heatwave:reserve,0.010720000000000007,0.05502226551086248,0.0,0.0,2.8911203344193034e-05,0.0006455155757477051,0.0,ec8fa0cc2a6b64b8,0.08212568956660553
6,"{""biobank"": 0.11657711353605231, ""engagement"": 0.15682737548175643, ""ex_situ"": 0.0, ""genetics"": 0.0779236124035505, ""habitat"": 0.5697632017645246, ""rescue"": 0.03513952298493416, ""survey"": 0.04376917382918214}",2,S6,rule,False,880602,0.875,0.625,7,5,420,420,1,0.3333333333333333,1.0,23.0,468.6539186716447,0.7613674804225213,4.13319766390946,0.0008316407493634976,0.9991683592506365,0,0,0,11266.876749973748,11266.876749973748,2253.3753499947497,1.5,0.889833772923747,0.4643229852672276,0.0003251891967960911,0.0,0.0,0.26378815667879135,2,50:heatwave:alternative|73:wildfire:semiwild|94:wildfire:semiwild,0.01600000000000001,0.05155323669197192,0.0,0.0,5.203027148737459e-05,0.0010272526140192022,0.0,ec8fa0cc2a6b64b8,0.6335540872567675
7,"{""biobank"": 0.07293810928946541, ""engagement"": 0.09396259281366598, ""ex_situ"": 0.0, ""genetics"": 0.06505091512490324, ""habitat"": 0.6341412817712447, ""rescue"": 0.019025299912420492, ""survey"": 0.11488180108829989}",0,S6,rule,False,880700,0.875,0.75,7,6,766,766,1,0.3333333333333333,1.0,32.0,609.5904677134898,0.7712545930196119,6.0041550579612775,8.11842079781036e-05,0.9999188157920219,0,0,0,11175.877081771921,11175.877081771923,1862.6461802953202,1.5,0.8477531015033793,0.5193594910399223,0.00025878532208383555,0.0,0.0,0.18521315154985746,2,12:flood:semiwild|14:flood:reserve|16:wildfire:alternative|53:funding_collapse|94:heatwave:reserve,0.01600000000000001,0.041692169162151675,0.0,0.0,4.140565153341369e-05,0.0010118321667030067,0.0,415b3fd2007b3edc,0.7217908047236007
7,"{""biobank"": 0.07293810928946541, ""engagement"": 0.09396259281366598, ""ex_situ"": 0.0, ""genetics"": 0.06505091512490324, ""habitat"": 0.6341412817712447, ""rescue"": 0.019025299912420492, ""survey"": 0.11488180108829989}",1,S6,rule,False,880701,0.875,0.875,7,7,390,390,0,0.0,0.0,,603.6552156282804,0.7668857160273724,4.192496841116266,0.000579658021871078,0.9994203419781289,0,0,0,11217.573206665707,11217.57320666571,1602.510458095101,1.5,0.8190433199351318,0.5533074764409756,0.0001474620666115122,0.0,0.0,0.17864088018149848,3,51:wildfire:semiwild|57:heatwave:alternative|73:flood:alternative|77:heatwave:alternative|88:heatwave:origin|93:funding_collapse,0.01600000000000001,0.04612210222091385,0.0,0.0,2.3593930657841955e-05,0.0009685878210557615,0.0,415b3fd2007b3edc,0.8391136050482034
7,"{""biobank"": 0.07293810928946541, ""engagement"": 0.09396259281366598, ""ex_situ"": 0.0, ""genetics"": 0.06505091512490324, ""habitat"": 0.6341412817712447, ""rescue"": 0.019025299912420492, ""survey"": 0.11488180108829989}",2,S6,rule,False,880702,0.75,0.75,6,6,723,723,1,0.3333333333333333,1.0,41.0,591.2463430767909,0.7725492127180447,5.173676167592908,0.0,1.0,0,0,0,11217.573206665707,11217.57320666571,1869.5955344442846,1.5,0.9314782417649315,0.51744621174636,0.00016394061304127953,0.0,0.0,0.1753081294696881,2,82:funding_collapse|100:wildfire:semiwild,0.01600000000000001,0.04043748909404472,0.0,0.0,2.6230498086604725e-05,0.0009870676898243187,0.0,415b3fd2007b3edc,0.7217936697490094
8,"{""biobank"": 0.049894804878415265, ""engagement"": 0.02964524831314907, ""ex_situ"": 0.0, ""genetics"": 0.024371196409321238, ""habitat"": 0.7548961318057179, ""rescue"": 0.016983680125732127, ""survey"": 0.12420893846766445}",0,S6,rule,False,880800,0.75,0.5,6,4,368,368,0,0.0,0.0,,322.89876739151873,0.7499684004835651,4.392039060585177,0.0,1.0,0,0,0,11143.740667567849,11143.740667567849,2785.935166891962,1.5,0.8924047110350305,0.37783639118219403,0.0003069625296546659,0.0,0.0,0.0983776473641959,3,3:heatwave:reserve|26:flood:semiwild|33:flood:origin|66:funding_collapse|82:flood:alternative,0.01600000000000001,0.06295012113855895,0.0,0.0,4.911400474474656e-05,0.0010323643731312835,0.0,e02dc50f9e7f1b82,0.5752788991907541
8,"{""biobank"": 0.049894804878415265, ""engagement"": 0.02964524831314907, ""ex_situ"": 0.0, ""genetics"": 0.024371196409321238, ""habitat"": 0.7548961318057179, ""rescue"": 0.016983680125732127, ""survey"": 0.12420893846766445}",1,S6,rule,False,880801,0.875,0.875,7,7,757,757,0,0.0,0.0,,600.2525415016826,0.7715126029612308,3.740038650112196,0.025357659164190475,0.9746423408358095,0,0,0,11172.10318868707,11172.103188687068,1596.01474124101,1.5,0.9420525548953256,0.5502889956191723,0.0007860188671675705,0.0,0.0,0.12466676814258956,3,45:flood:origin|49:funding_collapse|50:heatwave:reserve|67:funding_collapse,0.01600000000000001,0.04136263632867804,0.0,0.0,0.00012576301874681127,0.0009989976913443858,0.0,e02dc50f9e7f1b82,0.8395057900061019
8,"{""biobank"": 0.049894804878415265, ""engagement"": 0.02964524831314907, ""ex_situ"": 0.0, ""genetics"": 0.024371196409321238, ""habitat"": 0.7548961318057179, ""rescue"": 0.016983680125732127, ""survey"": 0.12420893846766445}",2,S6,rule,False,880802,0.75,0.625,6,5,943,943,2,0.6666666666666666,1.0,19.0,683.736238338539,0.7835639289242016,6.3413699817985645,0.0,1.0,0,0,0,11207.939166223008,11207.939166223008,2241.587833244602,1.5,0.9742992984241359,0.463478665945805,0.00010666666666666667,0.0,0.0,0.1069251814270288,1,27:funding_collapse|46:wildfire:semiwild|59:flood:alternative|93:wildfire:semiwild,0.01600000000000001,0.029429067916834178,0.0,0.0,1.7066666666666667e-05,0.000989936492297535,0.0,e02dc50f9e7f1b82,0.603465789266544
9,"{""biobank"": 0.001528345372631744, ""engagement"": 0.09918726207137384, ""ex_situ"": 0.0, ""genetics"": 0.008316007282052292, ""habitat"": 0.7276295418228265, ""rescue"": 0.08028408005306627, ""survey"": 0.0830547633980494}",0,S6,rule,False,880900,0.75,0.75,6,6,377,377,1,0.3333333333333333,1.0,11.0,550.5122630239873,0.7670978558976286,3.756456234439156,0.0,1.0,0,0,0,11174.992809794809,11174.99280979481,1862.498801632468,1.5,0.820317824035267,0.4578063505135789,0.00013287492234860656,0.0,0.0,0.003550028828303092,2,2:wildfire:reserve|37:heatwave:reserve|48:heatwave:semiwild|54:funding_collapse|68:wildfire:origin|74:wildfire:alternative|99:heatwave:alternative,0.01600000000000001,0.04585450688176516,0.0,0.0,2.125998757577705e-05,0.0010263772330303584,0.0,daadf736bb2d7e48,0.7150119801026689
9,"{""biobank"": 0.001528345372631744, ""engagement"": 0.09918726207137384, ""ex_situ"": 0.0, ""genetics"": 0.008316007282052292, ""habitat"": 0.7276295418228265, ""rescue"": 0.08028408005306627, ""survey"": 0.0830547633980494}",1,S6,rule,False,880901,0.75,0.75,6,6,648,648,1,0.3333333333333333,1.0,29.0,629.6380570007492,0.7737652191657234,5.065058672993906,0.0,1.0,0,0,0,11167.062864726871,11167.062864726871,1861.1771441211451,1.5,0.851173879509421,0.47397185806652503,0.00013270182625021336,0.0,0.0,0.0035194169282192936,2,10:funding_collapse|38:heatwave:semiwild|57:funding_collapse|58:wildfire:alternative|61:funding_collapse|71:wildfire:origin|96:wildfire:reserve,0.01600000000000001,0.039222679599971964,0.0,0.0,2.1232292200034137e-05,0.0009908689421044303,0.0,daadf736bb2d7e48,0.7176286353481777
9,"{""biobank"": 0.001528345372631744, ""engagement"": 0.09918726207137384, ""ex_situ"": 0.0, ""genetics"": 0.008316007282052292, ""habitat"": 0.7276295418228265, ""rescue"": 0.08028408005306627, ""survey"": 0.0830547633980494}",2,S6,rule,False,880902,1.0,0.75,8,6,454,454,0,0.0,0.0,,617.8288279898817,0.7689129757963156,4.107317283719309,0.009545893333333331,0.9904541066666667,0,0,0,11261.405035089676,11261.405035089676,1876.9008391816126,1.5,0.883951526861837,0.4676255866024076,0.00027400497788019116,0.0,0.0,0.003286305395153926,2,32:heatwave:semiwild|42:flood:reserve|65:heatwave:semiwild|73:flood:origin,0.01600000000000001,0.044094398992203486,0.0,0.0,4.3840796460830583e-05,0.0009487844150201175,0.0,daadf736bb2d7e48,0.7495995050296881
10,"{""biobank"": 0.003658496067173015, ""engagement"": 0.17944138524838618, ""ex_situ"": 0.0, ""genetics"": 0.060652570329424976, ""habitat"": 0.6040847314815369, ""rescue"": 0.03132614936000786, ""survey"": 0.12083666751347107}",0,S6,rule,False,881000,0.75,0.75,6,6,632,632,1,0.3333333333333333,1.0,39.0,523.4886629432269,0.767258691793748,4.808294786803423,0.004441868226703124,0.9955581317732969,0,0,0,11248.059525841543,11248.059525841545,1874.6765876402571,1.5,0.8321930136682137,0.47056713960456475,2.67379679144385e-05,0.0,0.0,0.00882445184854552,2,11:flood:reserve|30:heatwave:semiwild|50:heatwave:reserve|65:flood:reserve|70:heatwave:semiwild,0.01600000000000001,0.0456862374994902,0.0,0.0,4.2780748663101604e-06,0.001050792631895878,0.0,8aeb2654392a7aea,0.7163121843961854
10,"{""biobank"": 0.003658496067173015, ""engagement"": 0.17944138524838618, ""ex_situ"": 0.0, ""genetics"": 0.060652570329424976, ""habitat"": 0.6040847314815369, ""rescue"": 0.03132614936000786, ""survey"": 0.12083666751347107}",1,S6,rule,False,881001,0.75,0.5,6,4,157,157,1,0.3333333333333333,1.0,20.0,428.12955375170344,0.7584582124630872,4.21115582383188,0.0,1.0,0,0,0,11231.92482234519,11231.92482234519,2807.9812055862976,1.5,0.7973856955469388,0.34830737580771925,8.287292817679557e-05,0.0,0.0,0.007286240073533024,2,12:wildfire:alternative|64:funding_collapse|76:wildfire:origin|91:heatwave:reserve,0.01600000000000001,0.05455374777226173,0.0,0.0,1.3259668508287294e-05,0.0009747800961427583,0.0,8aeb2654392a7aea,0.5402661361169017
10,"{""biobank"": 0.003658496067173015, ""engagement"": 0.17944138524838618, ""ex_situ"": 0.0, ""genetics"": 0.060652570329424976, ""habitat"": 0.6040847314815369, ""rescue"": 0.03132614936000786, ""survey"": 0.12083666751347107}",2,S6,rule,False,881002,0.875,0.625,7,5,605,605,2,0.6666666666666666,1.0,42.0,504.7378922421327,0.7670472081229921,4.312278023231416,0.0,1.0,0,0,0,11244.902892525988,11244.902892525988,2248.9805785051976,1.5,0.9122391153287169,0.4171515107108425,0.0005333971244965887,0.0,0.0,0.007774094728283368,1,13:funding_collapse|27:heatwave:alternative|98:flood:semiwild,0.01600000000000001,0.04589247081495458,0.0,0.0,8.53435399194542e-05,0.0009749775221339382,0.0,8aeb2654392a7aea,0.5963555656228664
11,"{""biobank"": 0.0026049026333351045, ""engagement"": 0.04962148375300672, ""ex_situ"": 0.0, ""genetics"": 0.0067366727549225645, ""habitat"": 0.6662614760649945, ""rescue"": 0.045397563245891615, ""survey"": 0.2293779015478495}",0,S6,rule,False,881100,0.75,0.75,6,6,934,934,0,0.0,0.0,,658.8615528154561,0.7773524721543111,5.380044934644558,0.0,1.0,0,0,0,11203.981888783565,11203.981888783565,1867.3303147972608,1.5,0.9525535573282499,0.48783806015918246,0.0001249822536327457,0.0,0.0,0.006411275399559203,3,47:funding_collapse|75:wildfire:alternative,0.01600000000000001,0.0356066394339928,0.0,0.0,1.9997160581239314e-05,0.0010208912511148816,0.0,b36262f2147fd90d,0.752886676839065
11,"{""biobank"": 0.0026049026333351045, ""engagement"": 0.04962148375300672, ""ex_situ"": 0.0, ""genetics"": 0.0067366727549225645, ""habitat"": 0.6662614760649945, ""rescue"": 0.045397563245891615, ""survey"": 0.2293779015478495}",1,S6,rule,False,881101,1.0,0.875,8,7,1007,1007,0,0.0,0.0,,688.2703315181778,0.7759870983876502,4.468975409355216,0.0017547244677067184,0.9982452755322933,0,0,0,11160.80906396855,11160.80906396855,1594.4012948526502,1.5,0.8528781707034176,0.5252207628477774,0.00019223492015439338,0.0,0.0,0.007465958419417724,3,7:heatwave:alternative|67:funding_collapse|88:wildfire:reserve|99:flood:alternative,0.01600000000000001,0.03703634032773007,0.0,0.0,3.075758722470294e-05,0.0009458036973950821,0.0,b36262f2147fd90d,0.8376701410429254
11,"{""biobank"": 0.0026049026333351045, ""engagement"": 0.04962148375300672, ""ex_situ"": 0.0, ""genetics"": 0.0067366727549225645, ""habitat"": 0.6662614760649945, ""rescue"": 0.045397563245891615, ""survey"": 0.2293779015478495}",2,S6,rule,False,881102,0.125,0.125,1,1,129,129,0,0.0,0.0,,110.84542780328157,0.7375107310783187,3.464709556527171,0.0,1.0,0,0,0,11167.451110350907,11167.451110350905,11167.451110350907,1.5,0.859928084252882,0.17731409796439435,0.0007243327548158881,0.0,0.0,0.0021209698691721617,3,10:flood:origin|28:heatwave:semiwild|35:wildfire:reserve|36:heatwave:reserve|59:wildfire:alternative|81:funding_collapse,0.01600000000000001,0.07573204196304974,0.0,0.0,0.0001158932407705421,0.0006413337178613699,0.0,b36262f2147fd90d,0.3096080194581873
0,"{""biobank"": 0.08, ""engagement"": 0.09, ""ex_situ"": 0.1, ""genetics"": 0.08, ""habitat"": 0.35, ""rescue"": 0.14, ""survey"": 0.16}",0,S7,forward_rollout_proxy,False,890000,0.5,0.25,4,2,386,378,1,0.3333333333333333,1.0,30.0,238.5405951669489,0.733777180081838,3.8423229590675803,0.008217716736458847,0.9917822832635411,110,0,0,11214.545237115855,11214.545237115855,5607.272618557928,1.5,0.38586958317843045,0.21201277624130488,0.0003918731546956944,61.75,24.699999999999996,0.1125129416639302,2,32:flood:reserve|43:heatwave:origin|44:flood:reserve|79:wildfire:reserve,0.016293926093648062,0.057679862785019534,0.0011764621464683597,0.0006141338344798132,6.269970475131109e-05,0.0006388260702852131,0.00013740222824902565,bcde0f719d7ea55d,0.36043452130307285
0,"{""biobank"": 0.08, ""engagement"": 0.09, ""ex_situ"": 0.1, ""genetics"": 0.08, ""habitat"": 0.35, ""rescue"": 0.14, ""survey"": 0.16}",1,S7,forward_rollout_proxy,False,890001,0.5,0.5,4,4,768,768,0,0.0,0.0,,283.90909856164575,0.5957721945912308,3.92898879073047,1.5935606257665756e-05,0.9999840643937423,19,0,0,11084.664775202968,11084.664775202968,2771.166193800742,1.5,0.6699999999999999,0.3595661788925018,0.0005135854801092837,46.75,18.700000000000003,0.14138145492598575,3,48:funding_collapse|51:funding_collapse|61:wildfire:origin|72:funding_collapse|97:wildfire:semiwild|99:funding_collapse,0.014063317373097753,0.04965008980596994,0.14381785231591157,0.015523644417553582,8.21736768174854e-05,0.0010122268314307055,5.348114615257878e-05,bcde0f719d7ea55d,0.5503224470779349
0,"{""biobank"": 0.08, ""engagement"": 0.09, ""ex_situ"": 0.1, ""genetics"": 0.08, ""habitat"": 0.35, ""rescue"": 0.14, ""survey"": 0.16}",2,S7,forward_rollout_proxy,False,890002,0.5,0.5,4,4,651,651,0,0.0,0.0,,191.7017939231997,0.5458964075237471,2.4841394946966346,0.07712051118848749,0.9228794888115125,39,0,0,11186.468042536697,11186.468042536697,2796.617010634174,1.5,0.5907082804071063,0.33735609709090064,0.000426044563901058,28.5,11.399999999999997,0.14221937051611827,3,13:wildfire:origin|30:heatwave:alternative|64:flood:semiwild|67:funding_collapse|69:funding_collapse,0.012794418719676553,0.043384706758983704,0.18421642153913126,0.025066667585079513,6.816713022416926e-05,0.0011081680846238534,9.41387565495106e-05,bcde0f719d7ea55d,0.5406200708376522
1,"{""biobank"": 0.03154303581869565, ""engagement"": 0.09878740749059656, ""ex_situ"": 0.05015919273755525, ""genetics"": 0.02540332973108842, ""habitat"": 0.5265255519968285, ""rescue"": 0.17697122165585755, ""survey"": 0.09061026056937817}",0,S7,forward_rollout_proxy,False,890100,0.625,0.625,5,5,738,738,1,0.3333333333333333,1.0,25.0,472.07803384091204,0.7135490988076836,3.8515490472229024,0.0009079407952019199,0.999092059204798,121,0,0,11167.863435649691,11167.863435649691,2233.5726871299385,1.5,0.8183996454739783,0.41454048147478756,8.028751123090746e-05,94.75,37.899999999999984,0.06467513227580352,2,23:heatwave:alternative|30:wildfire:semiwild|31:flood:alternative|35:heatwave:reserve|46:funding_collapse|69:funding_collapse|100:heatwave:semiwild,0.01503285927360477,0.052428572230550294,0.037867805752667974,0.0047915616701562375,1.2846001796945194e-05,0.00089990957116051,6.804539594280154e-05,60058f8e73268b29,0.621403079635298
1,"{""biobank"": 0.03154303581869565, ""engagement"": 0.09878740749059656, ""ex_situ"": 0.05015919273755525, ""genetics"": 0.02540332973108842, ""habitat"": 0.5265255519968285, ""rescue"": 0.17697122165585755, ""survey"": 0.09061026056937817}",1,S7,forward_rollout_proxy,False,890101,0.75,0.75,6,6,1020,1020,1,0.3333333333333333,1.0,17.0,370.23573886120715,0.5662559806437558,4.0140185295482,0.05343564389444738,0.9465643561055526,24,0,0,11187.27839515644,11187.278395156438,1864.54639919274,1.5,0.7296218345482273,0.4650658994344413,0.0001885738296638134,63.5,25.400000000000027,0.07231765342068269,2,16:funding_collapse|25:wildfire:semiwild|33:funding_collapse|51:heatwave:alternative|56:wildfire:origin|60:flood:origin|65:heatwave:semiwild,0.014130850521778239,0.04429571404948752,0.18426991275631174,0.010414500844688384,3.0171812746210145e-05,0.0008679009245664787,4.6964634241045825e-05,60058f8e73268b29,0.6856116537066742
1,"{""biobank"": 0.03154303581869565, ""engagement"": 0.09878740749059656, ""ex_situ"": 0.05015919273755525, ""genetics"": 0.02540332973108842, ""habitat"": 0.5265255519968285, ""rescue"": 0.17697122165585755, ""survey"": 0.09061026056937817}",2,S7,forward_rollout_proxy,False,890102,0.625,0.625,5,5,886,886,0,0.0,0.0,,535.1505639609406,0.7255878904144392,4.788196283052802,0.00026071525470119916,0.9997392847452988,82,0,0,11219.80700637747,11219.80700637747,2243.961401275494,1.5,0.8591175713065136,0.4279981117145854,0.00033710053779775214,74.25,29.700000000000014,0.06477195876703018,3,65:flood:reserve|89:funding_collapse,0.015300009577610456,0.05082944641903645,0.028666068457499746,0.0022013911054488177,5.393608604764036e-05,0.0008218118385894148,4.662063763083598e-05,60058f8e73268b29,0.6578879947336245
2,"{""biobank"": 0.18214671113020614, ""engagement"": 0.0644176515674545, ""ex_situ"": 0.06923635481660599, ""genetics"": 0.06705925720399154, ""habitat"": 0.2668899601309729, ""rescue"": 0.08651518915461216, ""survey"": 0.26373487599615675}",0,S7,forward_rollout_proxy,False,890200,0.375,0.375,3,3,381,381,1,0.3333333333333333,1.0,14.0,166.90910868443564,0.7310119239712811,2.4076408625720522,0.013949034930404704,0.9860509650695953,27,0,0,11138.96214976858,11138.96214976858,3712.9873832561934,1.5,0.40889659447043164,0.28891582044069264,2.6109660574412533e-05,35.0,14.000000000000005,0.2759987618396448,2,12:flood:reserve|44:heatwave:semiwild|67:flood:reserve,0.016436582357053333,0.07050880250655985,3.453031136765152e-05,0.00011882341294980624,4.177545691906005e-06,0.000594969873611157,0.00015699273345310194,6b5849595d4ff3df,0.4489600373064281
2,"{""biobank"": 0.18214671113020614, ""engagement"": 0.0644176515674545, ""ex_situ"": 0.06923635481660599, ""genetics"": 0.06705925720399154, ""habitat"": 0.2668899601309729, ""rescue"": 0.08651518915461216, ""survey"": 0.26373487599615675}",1,S7,forward_rollout_proxy,False,890201,0.25,0.125,2,1,193,3,1,0.3333333333333333,1.0,25.0,118.15140755115445,0.623082849666485,2.952286597447888,0.0031738094641558016,0.9968261905358442,39,0,0,11040.635164088944,11040.635164088944,11040.635164088944,1.5,0.28526418114835955,0.15069434041123558,8.043011372645112e-05,45.75,18.299999999999994,0.1819752816096037,2,9:heatwave:reserve|25:wildfire:origin|32:heatwave:alternative|33:funding_collapse|62:wildfire:reserve|89:funding_collapse,0.007472294856469595,0.07990241826568316,0.02637181956095892,0.009574191161319573,1.2868818196232181e-05,0.0008051896915354503,0.00028694925196065687,6b5849595d4ff3df,0.256448528157763
2,"{""biobank"": 0.18214671113020614, ""engagement"": 0.0644176515674545, ""ex_situ"": 0.06923635481660599, ""genetics"": 0.06705925720399154, ""habitat"": 0.2668899601309729, ""rescue"": 0.08651518915461216, ""survey"": 0.26373487599615675}",2,S7,forward_rollout_proxy,False,890202,0.5,0.5,4,4,614,614,0,0.0,0.0,,225.9978358520165,0.6238435635467371,2.8867393615454544,0.002274556524518735,0.9977254434754813,34,0,0,11113.848561511564,11113.848561511564,2778.462140377891,1.5,0.5435621581880202,0.3771600288983014,0.0008100713768934137,43.25,17.300000000000004,0.34468209732022415,3,18:funding_collapse|20:wildfire:semiwild|28:heatwave:alternative|77:funding_collapse,0.014119498364206139,0.065949703625337,0.10213435481726928,0.012678193707579402,0.00012961142030294624,0.0009824721061876662,7.212295050690689e-05,6b5849595d4ff3df,0.5562925374218407
3,"{""biobank"": 0.04220036771610977, ""engagement"": 0.10765231310364325, ""ex_situ"": 0.11804451304283972, ""genetics"": 0.08881142447110102, ""habitat"": 0.40185677666043734, ""rescue"": 0.08033545262123475, ""survey"": 0.16109915238463424}",0,S7,forward_rollout_proxy,False,890300,0.625,0.125,5,1,7,6,0,0.0,0.0,,212.78923007413994,0.7253261247019206,1.0,0.07584565188806422,0.9241543481119358,31,0,0,11175.471766091265,11175.471766091268,11175.471766091265,1.5,0.4435346865642644,0.12523468508258984,0.00019414493905609142,36.75,14.700000000000003,0.0731560821308169,3,18:heatwave:reserve|48:flood:alternative|49:funding_collapse|67:wildfire:reserve|80:flood:origin|87:wildfire:alternative,0.015472434982932343,0.07664087686803854,0.0001514482439715824,0.0007182876381589676,3.1063190248974625e-05,0.0007276192724838062,0.0002911979121559467,7c0bc5f96c921e7a,0.30257238721354707
3,"{""biobank"": 0.04220036771610977, ""engagement"": 0.10765231310364325, ""ex_situ"": 0.11804451304283972, ""genetics"": 0.08881142447110102, ""habitat"": 0.40185677666043734, ""rescue"": 0.08033545262123475, ""survey"": 0.16109915238463424}",1,S7,forward_rollout_proxy,False,890301,0.75,0.25,6,2,100,100,0,0.0,0.0,,230.90951187296545,0.7349447320563663,3.0504568517341615,0.028795115995115993,0.971204884004884,17,0,0,11117.108754085888,11117.108754085888,5558.554377042944,1.5,0.6589392301501878,0.22528340043942285,0.0002114936441976489,34.25,13.70000000000001,0.08192454453531234,3,7:wildfire:reserve|21:funding_collapse|36:funding_collapse|80:wildfire:alternative,0.016273743520387324,0.07107092562798913,0.00018356187789480698,0.00045948058195459065,3.3838983071623825e-05,0.0007475814911454447,8.987063657827268e-05,7c0bc5f96c921e7a,0.3952700498523972
3,"{""biobank"": 0.04220036771610977, ""engagement"": 0.10765231310364325, ""ex_situ"": 0.11804451304283972, ""genetics"": 0.08881142447110102, ""habitat"": 0.40185677666043734, ""rescue"": 0.08033545262123475, ""survey"": 0.16109915238463424}",2,S7,forward_rollout_proxy,False,890302,0.5,0.5,4,4,559,559,1,0.3333333333333333,1.0,14.0,182.39076501365378,0.5732158937585319,2.6605449084068766,0.08305550752562903,0.9169444924743709,16,0,0,11259.511000315939,11259.511000315939,2814.8777500789847,1.5,0.621627311633499,0.32891318882237125,0.00023637717457523861,19.5,7.799999999999996,0.07572504287476267,2,5:wildfire:semiwild|12:wildfire:origin|76:wildfire:semiwild|83:heatwave:alternative,0.01288015232012374,0.04420454065663179,0.15351130025654477,0.028418150352378893,3.7820347932038175e-05,0.0013482601888313976,6.95690262566928e-05,7c0bc5f96c921e7a,0.5105403696126836
4,"{""biobank"": 0.14424015363016043, ""engagement"": 0.15574394635115746, ""ex_situ"": 0.0746158450529022, ""genetics"": 0.07718034222037043, ""habitat"": 0.22441368346095178, ""rescue"": 0.15201689712826907, ""survey"": 0.1717891321561886}",0,S7,forward_rollout_proxy,False,890400,0.625,0.5,5,4,514,483,1,0.3333333333333333,1.0,13.0,205.89240408489164,0.5954736664241972,4.0936239146340725,0.0029520237868717446,0.9970479762131282,132,0,0,11132.7005716663,11132.7005716663,2783.175142916575,1.5,0.42600284250249665,0.3601718565833302,8.729454514725146e-05,86.5,34.599999999999994,0.25817666593369865,2,38:flood:alternative|68:funding_collapse|69:heatwave:semiwild|88:funding_collapse|89:heatwave:origin|94:funding_collapse,0.013550744437688557,0.06819452186080822,0.11810497441071378,0.019891148174507066,1.396712722356023e-05,0.0010947220000210407,0.00012589734225114285,5df31cc0fe0fe541,0.5170049022886293
4,"{""biobank"": 0.14424015363016043, ""engagement"": 0.15574394635115746, ""ex_situ"": 0.0746158450529022, ""genetics"": 0.07718034222037043, ""habitat"": 0.22441368346095178, ""rescue"": 0.15201689712826907, ""survey"": 0.1717891321561886}",1,S7,forward_rollout_proxy,False,890401,0.5,0.25,4,2,298,168,2,0.6666666666666666,1.0,38.0,156.16468035135037,0.6739818323068083,2.342030186268057,0.018039060779504082,0.9819609392204959,199,0,0,11197.186230083442,11197.186230083444,5598.593115041721,1.5,0.45550738730757634,0.21774135100048989,0.0004060952129548882,106.25,42.50000000000003,0.18135155203525846,1,68:heatwave:semiwild|83:funding_collapse|86:wildfire:reserve|90:flood:semiwild,0.012769885502853975,0.07224245249305263,0.03685513154834775,0.006902535948983436,6.49752340727821e-05,0.0006973441483475265,0.00026160813425479796,5df31cc0fe0fe541,0.31870474327940357
4,"{""biobank"": 0.14424015363016043, ""engagement"": 0.15574394635115746, ""ex_situ"": 0.0746158450529022, ""genetics"": 0.07718034222037043, ""habitat"": 0.22441368346095178, ""rescue"": 0.15201689712826907, ""survey"": 0.1717891321561886}",2,S7,forward_rollout_proxy,False,890402,0.375,0.25,3,2,360,267,1,0.3333333333333333,1.0,11.0,149.9816705265026,0.6070716686269968,2.882018281127041,0.009777301520925626,0.9902226984790744,241,0,0,11258.272711077932,11258.272711077932,5629.136355538966,1.5,0.35829773664568637,0.2103466403311307,0.0015981315660224564,116.25,46.50000000000005,0.1659834192764584,2,3:flood:origin|5:wildfire:origin|19:wildfire:origin|64:funding_collapse|72:heatwave:alternative|92:flood:alternative,0.01142485920982978,0.06883919500956437,0.09983782047107173,0.011683974384734978,0.00025570105056359297,0.0005535447899686575,0.000253243638007222,5df31cc0fe0fe541,0.34126208099382926
5,"{""biobank"": 0.09957192096752565, ""engagement"": 0.10562485113059011, ""ex_situ"": 0.08854969758642237, ""genetics"": 0.1438293800685308, ""habitat"": 0.3907660761992035, ""rescue"": 0.04073550231243626, ""survey"": 0.13092257173529123}",0,S7,forward_rollout_proxy,False,890500,0.5,0.125,4,1,143,143,1,0.3333333333333333,1.0,11.0,136.08271410494493,0.6997177608765952,1.997557878284654,0.010315828320910542,0.9896841716790895,22,0,0,11156.94723909336,11156.94723909336,11156.94723909336,1.5,0.49462664810034807,0.14649904283191248,0.0002665583866504587,13.75,5.4999999999999964,0.10405399619515565,2,19:funding_collapse|23:heatwave:origin|50:funding_collapse|54:flood:reserve|63:flood:reserve,0.015687602662762236,0.06082574398428295,0.011328936989959015,0.024218590695154422,4.26493418640734e-05,0.002331698351048922,7.623356901031215e-05,30d5014171bfe243,0.2675242350813472
5,"{""biobank"": 0.09957192096752565, ""engagement"": 0.10562485113059011, ""ex_situ"": 0.08854969758642237, ""genetics"": 0.1438293800685308, ""habitat"": 0.3907660761992035, ""rescue"": 0.04073550231243626, ""survey"": 0.13092257173529123}",1,S7,forward_rollout_proxy,False,890501,0.75,0.375,6,3,206,206,0,0.0,0.0,,225.34791072671888,0.7354395093396049,2.1313685470922796,0.012208888888888887,0.9877911111111111,20,0,0,11225.186048726951,11225.186048726951,3741.728682908984,1.5,0.6412055698151023,0.2929873004461979,7.594936708860759e-05,17.25,6.8999999999999915,0.19401528996882442,3,70:wildfire:reserve|71:wildfire:reserve,0.015812249577983273,0.06616251189967075,0.004233265234951136,0.0008469832404436843,1.2151898734177214e-05,0.0005758250548462772,3.749820737397567e-05,30d5014171bfe243,0.4833646564455606
5,"{""biobank"": 0.09957192096752565, ""engagement"": 0.10562485113059011, ""ex_situ"": 0.08854969758642237, ""genetics"": 0.1438293800685308, ""habitat"": 0.3907660761992035, ""rescue"": 0.04073550231243626, ""survey"": 0.13092257173529123}",2,S7,forward_rollout_proxy,False,890502,0.5,0.125,4,1,52,52,0,0.0,0.0,,135.73640959732205,0.7204992425872395,1.0,0.2596432357808496,0.7403567642191504,21,0,0,11100.30609149251,11100.306091492512,11100.30609149251,1.5,0.47600647062880874,0.14231082893163494,0.00028605354058721934,13.75,5.4999999999999964,0.14230090934377027,3,5:funding_collapse|16:heatwave:semiwild|21:funding_collapse|26:wildfire:semiwild|29:flood:origin|44:funding_collapse|46:wildfire:reserve|57:funding_collapse|59:flood:reserve|98:heatwave:reserve,0.016088221880975945,0.07292919439813679,0.0023733979591203575,0.005450989607540833,4.576856649395509e-05,0.0008825638716174185,0.00010018802492953779,30d5014171bfe243,0.3035559692812494
6,"{""biobank"": 0.14711466755753713, ""engagement"": 0.06027027248822947, ""ex_situ"": 0.08113061459049269, ""genetics"": 0.046397067415907677, ""habitat"": 0.4566302340165311, ""rescue"": 0.08794370603235917, ""survey"": 0.12051343789894285}",0,S7,forward_rollout_proxy,False,890600,0.5,0.5,4,4,716,716,3,1.0,1.0,17.0,246.47264314789186,0.5405814138455803,3.1779166524136,0.0014481004957493937,0.9985518995042506,70,0,0,11226.31237638298,11226.312376382979,2806.578094095745,1.5,0.5053510146959369,0.3577965382427377,0.00027741281101236295,37.0,14.799999999999994,0.2524113512450399,0,2:heatwave:origin|57:heatwave:origin|75:wildfire:semiwild|85:flood:semiwild|94:funding_collapse|95:heatwave:alternative|100:flood:reserve,0.013234379507791523,0.04107257460032552,0.18288996684603565,0.032431272492294584,4.438604976197808e-05,0.0013852963094646864,7.668152014044006e-05,d9b42f48b0a0a90c,0.44186686590111085
6,"{""biobank"": 0.14711466755753713, ""engagement"": 0.06027027248822947, ""ex_situ"": 0.08113061459049269, ""genetics"": 0.046397067415907677, ""habitat"": 0.4566302340165311, ""rescue"": 0.08794370603235917, ""survey"": 0.12051343789894285}",1,S7,forward_rollout_proxy,False,890601,0.875,0.75,7,6,992,992,0,0.0,0.0,,271.94451911626516,0.45762693956033806,3.9038306686656643,0.0019416891215360962,0.9980583108784639,38,0,0,11172.463779670408,11172.463779670408,1862.0772966117347,1.5,0.6677956855349271,0.5161875280609995,9.603145316102962e-05,43.5,17.4,0.3643482641042505,3,31:flood:origin|51:funding_collapse|62:flood:origin|70:funding_collapse|87:wildfire:alternative,0.013483458331048088,0.04292096735701507,0.28564498175076125,0.015833170460214395,1.536503250576474e-05,0.0008892402886964099,3.745354167609648e-05,d9b42f48b0a0a90c,0.7077627937401507
6,"{""biobank"": 0.14711466755753713, ""engagement"": 0.06027027248822947, ""ex_situ"": 0.08113061459049269, ""genetics"": 0.046397067415907677, ""habitat"": 0.4566302340165311, ""rescue"": 0.08794370603235917, ""survey"": 0.12051343789894285}",2,S7,forward_rollout_proxy,False,890602,0.625,0.625,5,5,992,992,2,0.6666666666666666,1.0,22.5,359.25385746222906,0.6853268248072214,3.5404809853373655,0.007446457681929658,0.9925535423180704,21,0,0,11168.024163336035,11168.024163336033,2233.604832667207,1.5,0.7316154570098421,0.4397061459516582,0.0003909677284328613,46.5,18.599999999999998,0.24944895198650152,1,9:flood:semiwild|16:funding_collapse|52:funding_collapse|97:heatwave:origin,0.014718563374110968,0.052012442730102935,0.06442166966971506,0.004956655843766086,6.255483654925781e-05,0.000821586441082095,4.0521598668278844e-05,d9b42f48b0a0a90c,0.5863529716495823
7,"{""biobank"": 0.07848959979989259, ""engagement"": 0.05377393739016121, ""ex_situ"": 0.045605395295821596, ""genetics"": 0.07165912282817076, ""habitat"": 0.3970366134491134, ""rescue"": 0.14650853742669018, ""survey"": 0.20692679381015028}",0,S7,forward_rollout_proxy,False,890700,0.625,0.25,5,2,153,63,1,0.3333333333333333,1.0,19.0,202.9580012405282,0.6872033426213463,2.8473397328145857,0.003501272502702286,0.9964987274972977,54,0,0,10943.769557719854,10943.76955771985,5471.884778859927,1.5,0.3231274471466526,0.19761484993924794,0.00018062716092524022,49.5,19.800000000000004,0.1216435394821841,2,1:wildfire:alternative|2:funding_collapse|8:wildfire:reserve|13:funding_collapse|19:wildfire:reserve|24:wildfire:alternative|33:flood:semiwild|40:flood:reserve|44:flood:semiwild|52:wildfire:semiwild|55:wildfire:semiwild|69:flood:origin|75:flood:semiwild|76:flood:reserve|80:funding_collapse,0.01189891710805898,0.07501055523032131,0.012983328624591131,0.0026381584778408327,2.8900345748038436e-05,0.0007318600725531854,0.0002059278030987496,03e621ce892ca670,0.35200865305379336
7,"{""biobank"": 0.07848959979989259, ""engagement"": 0.05377393739016121, ""ex_situ"": 0.045605395295821596, ""genetics"": 0.07165912282817076, ""habitat"": 0.3970366134491134, ""rescue"": 0.14650853742669018, ""survey"": 0.20692679381015028}",1,S7,forward_rollout_proxy,False,890701,0.625,0.375,5,3,1103,1103,1,0.3333333333333333,1.0,10.0,319.956289319009,0.716287116800226,3.7052345970138827,0.03758872036239937,0.9624112796376006,58,0,0,11175.582321423448,11175.582321423448,3725.1941071411493,1.5,0.7472787318212593,0.3090833469297849,0.00019550086685282328,74.0,29.600000000000033,0.1427656388876008,2,37:heatwave:reserve|100:funding_collapse,0.015425145790822214,0.05826787341004671,0.028172314840453686,0.0024790731644234376,3.128013869645172e-05,0.0006634034515484047,0.00010164697786262826,03e621ce892ca670,0.4487680688796791
7,"{""biobank"": 0.07848959979989259, ""engagement"": 0.05377393739016121, ""ex_situ"": 0.045605395295821596, ""genetics"": 0.07165912282817076, ""habitat"": 0.3970366134491134, ""rescue"": 0.14650853742669018, ""survey"": 0.20692679381015028}",2,S7,forward_rollout_proxy,False,890702,0.875,0.875,7,7,1119,1119,0,0.0,0.0,,297.29664576825513,0.47889833651231584,4.138505537921047,0.04088828227779732,0.9591117177222027,32,0,0,11130.200969109354,11130.200969109354,1590.0287098727647,1.5,0.6447565709939694,0.5425020439734092,0.0005538659118673304,57.75,23.100000000000012,0.21445665747400877,3,8:flood:semiwild|12:wildfire:semiwild|17:funding_collapse|31:funding_collapse|34:flood:alternative|41:funding_collapse|48:wildfire:origin,0.013669945909425652,0.04524241044387061,0.2658654422526027,0.013003375673897415,8.861854589877287e-05,0.0008755879846540478,4.6484717800882444e-05,03e621ce892ca670,0.7948349548741884
8,"{""biobank"": 0.03603818604184965, ""engagement"": 0.06921685587922945, ""ex_situ"": 0.08440685185481014, ""genetics"": 0.06614095060281071, ""habitat"": 0.4798824355698653, ""rescue"": 0.16130410214042698, ""survey"": 0.1030106179110079}",0,S7,forward_rollout_proxy,False,890800,0.875,0.5,7,4,809,809,0,0.0,0.0,,409.8732435232032,0.7332892518060902,3.172250157097609,0.011631319109621016,0.988368680890379,90,0,0,11230.723505271211,11230.72350527121,2807.680876317803,1.5,0.6698918689807809,0.33940224528140667,0.00024054091102309575,61.25,24.499999999999986,0.07845278406176238,3,48:heatwave:reserve|56:flood:origin|60:flood:origin|100:heatwave:semiwild,0.01578972422359719,0.049986074199460245,0.015771729964659077,0.0013128953273123783,3.848654576369531e-05,0.0008648475326283103,6.316708794675399e-05,cb259918aae59a73,0.5689336122990543
8,"{""biobank"": 0.03603818604184965, ""engagement"": 0.06921685587922945, ""ex_situ"": 0.08440685185481014, ""genetics"": 0.06614095060281071, ""habitat"": 0.4798824355698653, ""rescue"": 0.16130410214042698, ""survey"": 0.1030106179110079}",1,S7,forward_rollout_proxy,False,890801,0.75,0.625,6,5,930,930,1,0.3333333333333333,1.0,18.0,286.1575850365578,0.47246472971727743,4.604144218208584,0.0,1.0,9,0,0,11169.858722337052,11169.858722337052,2233.9717444674106,1.5,0.7541362120751837,0.4179945848516103,0.00025458520342973285,52.0,20.8,0.07644760731003047,2,9:wildfire:alternative|31:flood:origin|96:funding_collapse|99:wildfire:semiwild,0.013500151367995308,0.039915792094577456,0.27227843260905293,0.017486446025589065,4.073363254875725e-05,0.000979488183351978,4.166091507875215e-05,cb259918aae59a73,0.5855858346094194
8,"{""biobank"": 0.03603818604184965, ""engagement"": 0.06921685587922945, ""ex_situ"": 0.08440685185481014, ""genetics"": 0.06614095060281071, ""habitat"": 0.4798824355698653, ""rescue"": 0.16130410214042698, ""survey"": 0.1030106179110079}",2,S7,forward_rollout_proxy,False,890802,0.875,0.75,7,6,775,775,0,0.0,0.0,,455.64664803095167,0.7124388900585018,3.7066995911642735,0.013741050530442384,0.9862589494695576,89,0,0,11201.379854396066,11201.379854396064,1866.8966423993443,1.5,0.8058257944704708,0.47194114325270775,0.00029127128868622077,88.5,35.39999999999999,0.08395783947008975,3,9:funding_collapse|35:wildfire:semiwild|65:heatwave:reserve,0.01525297979362006,0.05559211845887705,0.03486720264162511,0.002749586284084238,4.660340618979532e-05,0.0008578958481757958,6.377847101880293e-05,cb259918aae59a73,0.7415599478340461
9,"{""biobank"": 0.07167889748338918, ""engagement"": 0.14428943424836352, ""ex_situ"": 0.0303925879338781, ""genetics"": 0.10153897851563216, ""habitat"": 0.3165808103183676, ""rescue"": 0.10081117490272978, ""survey"": 0.23470811659763963}",0,S7,forward_rollout_proxy,False,890900,0.75,0.625,6,5,846,846,0,0.0,0.0,,213.85794254782485,0.5623508859310354,3.182273471413319,0.0023686868740463948,0.9976313131259537,74,0,0,11208.615020081346,11208.615020081348,2241.7230040162694,1.5,0.6591428824162718,0.4108126115109101,0.0005811290190828214,45.0,18.000000000000004,0.1591279427757483,3,16:funding_collapse|44:heatwave:origin|55:heatwave:semiwild|93:flood:origin,0.013738015190497754,0.053108712286003126,0.16735986027139063,0.02024243146460991,9.298064305325143e-05,0.001101503641591444,8.248400862168185e-05,43ddf2761539f454,0.6316838940407463
9,"{""biobank"": 0.07167889748338918, ""engagement"": 0.14428943424836352, ""ex_situ"": 0.0303925879338781, ""genetics"": 0.10153897851563216, ""habitat"": 0.3165808103183676, ""rescue"": 0.10081117490272978, ""survey"": 0.23470811659763963}",1,S7,forward_rollout_proxy,False,890901,0.125,0.125,1,1,98,48,0,0.0,0.0,,82.9274343484686,0.650798259021344,2.5407407407407407,0.007548782771761426,0.9924512172282386,90,0,0,11176.96728435163,11176.967284351631,11176.96728435163,1.5,0.41097332961067873,0.13626221533136856,0.0011131840650292438,75.0,29.999999999999968,0.06753737481446635,3,3:wildfire:alternative|15:wildfire:origin|16:flood:semiwild|36:heatwave:reserve|50:heatwave:alternative|55:funding_collapse|68:heatwave:origin,0.008516827568925057,0.08234104573137371,0.017585614366442605,0.005461038740542581,0.00017810945040467902,0.0004871824314768177,0.000449859220782736,43ddf2761539f454,0.2924959603863385
9,"{""biobank"": 0.07167889748338918, ""engagement"": 0.14428943424836352, ""ex_situ"": 0.0303925879338781, ""genetics"": 0.10153897851563216, ""habitat"": 0.3165808103183676, ""rescue"": 0.10081117490272978, ""survey"": 0.23470811659763963}",2,S7,forward_rollout_proxy,False,890902,0.625,0.625,5,5,911,911,0,0.0,0.0,,242.86384605513868,0.5732593698901228,3.2779634895651055,2.2995454482496084e-05,0.9999770045455175,41,0,0,11199.743596096225,11199.743596096228,2239.948719219245,1.5,0.6085317269425053,0.40600426188886035,0.00013847805788982259,45.75,18.3,0.15560727149479356,3,48:flood:alternative|66:funding_collapse|73:wildfire:origin|77:flood:origin,0.01403385641727291,0.05641373657903916,0.15836905683562116,0.016366250455385378,2.2156489262371613e-05,0.0009593339248625344,5.643161819133138e-05,43ddf2761539f454,0.6328393316724045
10,"{""biobank"": 0.033438831078636204, ""engagement"": 0.10668122843308721, ""ex_situ"": 0.149770876929313, ""genetics"": 0.09779239605552886, ""habitat"": 0.3426305247326387, ""rescue"": 0.20784706124132407, ""survey"": 0.06183908152947197}",0,S7,forward_rollout_proxy,False,891000,0.5,0.5,4,4,764,763,1,0.3333333333333333,1.0,25.0,262.0317068200947,0.5361847434079707,4.168495534627395,0.002561411492147482,0.9974385885078525,53,0,0,11235.995186747787,11235.995186747787,2808.9987966869467,1.5,0.617453861380025,0.3397017777528264,0.00029985228593475187,56.5,22.60000000000003,0.056357181342749654,2,41:heatwave:origin|45:heatwave:alternative|59:heatwave:semiwild|89:heatwave:semiwild,0.013485061817881434,0.04505563723051357,0.20165319197048096,0.01892742829540369,4.797636574956031e-05,0.0011418970626697583,6.220509467580774e-05,6eeb0700ece00f15,0.5060645559531449
10,"{""biobank"": 0.033438831078636204, ""engagement"": 0.10668122843308721, ""ex_situ"": 0.149770876929313, ""genetics"": 0.09779239605552886, ""habitat"": 0.3426305247326387, ""rescue"": 0.20784706124132407, ""survey"": 0.06183908152947197}",1,S7,forward_rollout_proxy,False,891001,0.625,0.5,5,4,690,690,3,1.0,1.0,46.333333333333336,307.02110056148666,0.5642560679661733,5.572228672675856,2.9086908295068345e-05,0.9999709130917049,52,0,0,11094.000840835124,11094.000840835124,2773.500210208781,1.5,0.6699999999999999,0.3591489350488439,0.00025050237442315334,82.75,33.09999999999999,0.05713324161042643,0,1:funding_collapse|6:funding_collapse|13:heatwave:semiwild|49:funding_collapse|55:heatwave:semiwild|71:wildfire:origin|80:funding_collapse|86:funding_collapse,0.013660928940232377,0.04880959321356803,0.1748070054123088,0.01470998159221637,4.008037990770453e-05,0.0008765109118211573,7.811762388644213e-05,6eeb0700ece00f15,0.4455533036998104
10,"{""biobank"": 0.033438831078636204, ""engagement"": 0.10668122843308721, ""ex_situ"": 0.149770876929313, ""genetics"": 0.09779239605552886, ""habitat"": 0.3426305247326387, ""rescue"": 0.20784706124132407, ""survey"": 0.06183908152947197}",2,S7,forward_rollout_proxy,False,891002,0.625,0.5,5,4,919,880,2,0.6666666666666666,1.0,18.5,283.3140965716964,0.71159946188524,2.5449252723733746,0.038606469118192654,0.9613935308818073,183,0,0,11107.923834492445,11107.923834492445,2776.9809586231113,1.5,0.5758279945865202,0.3197658529926877,0.00025068136894829384,131.0,52.399999999999956,0.05866900405150979,1,3:funding_collapse|4:funding_collapse|8:heatwave:reserve|27:funding_collapse|60:wildfire:origin|79:flood:alternative,0.015332659994229508,0.06744700371039986,0.015292933313575834,0.0030447310266627165,4.010901903172701e-05,0.0008082682692264011,0.00018949301062431276,6eeb0700ece00f15,0.4970498379153881
11,"{""biobank"": 0.04916096241071169, ""engagement"": 0.03420515742112518, ""ex_situ"": 0.11086644326664791, ""genetics"": 0.05634434131813588, ""habitat"": 0.4332390271150519, ""rescue"": 0.18406030666446865, ""survey"": 0.1321237618038588}",0,S7,forward_rollout_proxy,False,891100,0.75,0.75,6,6,1200,1200,0,0.0,0.0,,488.67020694220776,0.6245448170890883,3.8045700079209577,0.00349011488777134,0.9965098851122287,72,0,0,11178.830647092833,11178.830647092833,1863.1384411821389,1.5,0.7763519530495633,0.4774326232979114,0.00036620151614597115,108.5,43.39999999999999,0.12125863956872725,3,33:funding_collapse|70:funding_collapse|74:heatwave:reserve,0.014564636550612797,0.048249101882052274,0.11602069770893554,0.012541020625222554,5.8592242583355385e-05,0.0010082308664792143,7.335334956343125e-05,c6ec3f59207cc77e,0.7289249848931544
11,"{""biobank"": 0.04916096241071169, ""engagement"": 0.03420515742112518, ""ex_situ"": 0.11086644326664791, ""genetics"": 0.05634434131813588, ""habitat"": 0.4332390271150519, ""rescue"": 0.18406030666446865, ""survey"": 0.1321237618038588}",1,S7,forward_rollout_proxy,False,891101,0.75,0.5,6,4,725,725,0,0.0,0.0,,348.4986562560156,0.7476031606940974,4.018403945447396,0.0017309821485932974,0.9982690178514066,36,0,0,11141.38511872709,11141.385118727092,2785.3462796817726,1.5,0.717396546540893,0.3553267551672285,0.00025366704566346125,88.75,35.50000000000002,0.09201530529332586,3,8:flood:semiwild|14:flood:reserve|37:funding_collapse|54:heatwave:reserve,0.016543073387110835,0.054274801798217906,3.707082997784618e-05,4.742983976965042e-05,4.058672730615381e-05,0.000907083023147997,9.366917176533675e-05,c6ec3f59207cc77e,0.5726731496208375
11,"{""biobank"": 0.04916096241071169, ""engagement"": 0.03420515742112518, ""ex_situ"": 0.11086644326664791, ""genetics"": 0.05634434131813588, ""habitat"": 0.4332390271150519, ""rescue"": 0.18406030666446865, ""survey"": 0.1321237618038588}",2,S7,forward_rollout_proxy,False,891102,0.875,0.875,7,7,1188,1188,1,0.3333333333333333,1.0,30.0,286.1561530516844,0.44396050396287223,4.002506323821409,0.0007526455322638913,0.9992473544677362,48,0,0,11190.15357856729,11190.15357856729,1598.5933683667556,1.5,0.5679884240073391,0.5174428007169691,0.0004032525983285448,60.75,24.30000000000002,0.13434447539010563,2,10:heatwave:semiwild|19:heatwave:alternative|38:flood:alternative|44:wildfire:origin|90:wildfire:origin,0.013642878205842706,0.04380899760582052,0.30105274978433444,0.013930788554596906,6.452041573256717e-05,0.0009656537579998362,4.980242063385246e-05,c6ec3f59207cc77e,0.7537550223327946
