policy,engine,oracle,seed,survival_50,survival_100,species_retained_50,species_retained_100,total_abundance,wild_abundance,n_ebd,fraction_ebd,p_ebd,mean_time_to_ebd,lifetime_welfare,mean_individual_welfare,founder_effective,mean_inbreeding,heterozygosity_proxy,successful_reintroductions,refuge_moves,origin_returns,cost,available_budget,cost_per_species_retained,engagement,habitat_integrity,future_option_value,disease_prevalence,quarantine_cost,relocation_burden,biobank_coverage,discovered_latent,events,welfare_burden_predation,welfare_burden_food_insecurity,welfare_burden_crowding,welfare_burden_restriction,welfare_burden_infection,welfare_burden_habituation,welfare_burden_relocation,config_hash
S0,none,False,200000,0.125,0.0,1,0,0,0,3,1.0,1.0,30.333333333333332,71.80713778942896,0.3977374919024147,0.0,,,0,0,0,0.0,0.0,0.0,1.4731012373779346,0.1913,0.01913,0.00027242997657245477,0.0,0.0,0.0,0,11:wildfire:reserve,0.008960000000000006,0.05770197939484837,0.0,0.0,4.3588796251592754e-05,0.000356939906485288,0.0,44136fa355b3678a
S1,rule,False,200000,0.875,0.5,7,4,307,307,1,0.3333333333333333,1.0,12.0,482.8412233689373,0.7564963016443086,6.243595692768408,0.0,1.0,0,0,0,11154.942718973743,11154.942718973743,2788.735679743436,1.5,0.8727797763927994,0.3989176527625041,0.00019945153612087592,0.0,0.0,0.12101859097770068,2,11:wildfire:reserve|58:funding_collapse|79:funding_collapse,0.01600000000000001,0.056601004237452644,0.0,0.0,3.191224577934015e-05,0.0008707818724594987,0.0,44136fa355b3678a
S2,rule,False,200000,0.25,0.125,2,1,23,0,3,1.0,1.0,38.666666666666664,81.44593846649876,0.5199396731322438,1.9962264150943396,0.006973946211923478,0.9930260537880765,0,0,0,11248.627628091377,11248.627628091379,11248.627628091377,1.5,0.2675354090435971,0.11081989524757475,0.00028987561553412837,53.0,21.200000000000006,0.03927045096135818,0,11:wildfire:reserve|58:funding_collapse|79:funding_collapse,0.005823677249933244,0.09080826897262392,0.02184547083292755,0.011461290210487191,4.6380098485460536e-05,0.0007274971020262001,0.00013729057355662606,44136fa355b3678a
S3,rule,False,200000,0.625,0.375,5,3,281,0,1,0.3333333333333333,1.0,20.0,191.82064273198546,0.6187109873594145,3.518261117568238,0.003248260687762147,0.9967517393122378,20,157,20,11109.942790051551,11109.942790051551,3703.314263350517,1.5,0.5541563670991855,0.2760142262040424,0.0003540941145019992,44.25,17.70000000000001,0.08332989159220726,2,11:wildfire:reserve|58:funding_collapse|79:funding_collapse,0.00845277250689764,0.07661620488366262,0.048085857315404885,0.006154550416628126,5.665505832031988e-05,0.000702604541847761,8.15530408599472e-05,44136fa355b3678a
S4,state_dependent_rule,False,200000,0.375,0.25,3,2,306,130,1,0.3333333333333333,1.0,18.0,176.30301392704482,0.6392456466719263,2.7543261779652743,0.0005856190482847181,0.9994143809517153,148,0,0,11100.987516912402,11100.987516912402,5550.493758456201,1.5,0.45261465426040726,0.2024657582497246,0.0002510001172198855,141.75,56.69999999999995,0.08580515522015558,2,11:wildfire:reserve|58:funding_collapse|79:funding_collapse,0.00952714829318699,0.07676868300961791,0.03245661238240085,0.007353407923276772,4.016001875518168e-05,0.0009197893563579628,0.0003557473906717838,44136fa355b3678a
S5,greedy_expected_utility,False,200000,0.5,0.25,4,2,191,88,1,0.3333333333333333,1.0,12.0,164.2572498262875,0.6447294216884434,3.3179834480131536,0.025100383198559936,0.9748996168014401,256,0,0,11110.330215167944,11110.330215167942,5555.165107583972,1.5,0.42619650897795136,0.21046384306631072,0.0002835656045120796,194.75,77.89999999999999,0.11082178844192023,2,11:wildfire:reserve|58:funding_collapse|79:funding_collapse,0.009599344625966049,0.08036639468754418,0.02444004466859463,0.004752480302757203,4.537049672193274e-05,0.0007370946652894929,0.00047591080259341134,44136fa355b3678a
S6,rule,False,200000,0.875,0.875,7,7,1091,1091,1,0.3333333333333333,1.0,14.0,741.4927457901024,0.7783669705695001,5.140180691777623,0.0,1.0,0,0,0,11169.767254999137,11169.767254999138,1595.6810364284481,1.5,0.9603931706706312,0.5517003266220962,0.00020063867828810735,0.0,0.0,0.05254601318628466,2,11:wildfire:reserve|58:funding_collapse|79:funding_collapse,0.01600000000000001,0.03471123668229612,0.0,0.0,3.210218852609718e-05,0.0008896905596779582,0.0,44136fa355b3678a
S7,forward_rollout_proxy,False,200000,0.5,0.5,4,4,859,785,1,0.3333333333333333,1.0,17.0,304.1407372523642,0.7352783572369921,2.605750671558385,0.02213394993032164,0.9778660500696783,104,0,0,11109.267256112758,11109.267256112758,2777.3168140281896,1.5,0.6619065047343188,0.34518893792240823,0.0001597121270637726,61.25,24.500000000000007,0.13970390366696256,2,11:wildfire:reserve|58:funding_collapse|79:funding_collapse,0.015942844551448655,0.06162984057875169,0.0023095596913541806,0.0007914945604006917,2.555394033020362e-05,0.0007816937761655825,9.932153028739968e-05,44136fa355b3678a
S0,none,False,200001,0.125,0.0,1,0,0,0,3,1.0,1.0,34.0,53.31560220528195,0.3615132584236559,0.0,,,0,0,0,0.0,0.0,0.0,1.4258249072363025,0.15424704795811672,0.015424704795811673,0.0,0.0,0.0,0.0,0,17:heatwave:alternative|47:wildfire:origin,0.008160000000000006,0.053141508965623224,0.0,0.0,0.0,0.0004852326107210451,0.0,44136fa355b3678a
S1,rule,False,200001,0.625,0.0,5,0,0,0,0,0.0,0.0,,209.57402471809192,0.6884496344991808,0.0,,,0,0,0,11161.404008711677,11161.404008711677,11161.404008711677,1.5,0.7731232360738524,0.09273418890283233,0.0,0.0,0.0,0.07710932647723547,3,17:heatwave:alternative|47:wildfire:origin|48:funding_collapse|83:funding_collapse,0.015040000000000012,0.07586800606936954,0.0,0.0,0.0,0.000842359431449623,0.0,44136fa355b3678a
S2,rule,False,200001,0.25,0.125,2,1,54,0,2,0.6666666666666666,1.0,35.0,73.34276239326692,0.47362278426799953,3.635910224438903,0.0,1.0,0,0,0,11289.745907061762,11289.745907061762,11289.745907061762,1.5,0.2626286086659102,0.12758698062123244,0.0,63.5,25.400000000000013,0.04357508755126195,1,17:heatwave:alternative|47:wildfire:origin|48:funding_collapse|83:funding_collapse,0.00438054829958003,0.09082239781493692,0.04313831184924019,0.01271275750952976,0.0,0.0007799166238602364,0.0001362897950072891,44136fa355b3678a
S3,rule,False,200001,0.375,0.375,3,3,390,0,1,0.3333333333333333,1.0,28.0,155.1722310330935,0.5876482991046528,3.0476532000492877,0.0012800240542718366,0.9987199759457281,14,146,14,11186.367255694458,11186.367255694458,3728.7890852314863,1.5,0.5301089877494517,0.26586180323355835,0.0002698007999063557,40.0,15.999999999999998,0.06812186229060131,2,17:heatwave:alternative|47:wildfire:origin|48:funding_collapse|83:funding_collapse,0.0068344483143818234,0.07540065566701226,0.06640423965907062,0.007359812595452063,4.3168127985016916e-05,0.0005600518495819208,8.057722506813738e-05,44136fa355b3678a
S4,state_dependent_rule,False,200001,0.5,0.375,4,3,571,347,0,0.0,0.0,,239.37416382966296,0.5869594323771596,4.6673156700073894,0.006965093822841249,0.9930349061771587,292,0,0,11164.028486004514,11164.028486004514,3721.3428286681715,1.5,0.4489773999886372,0.2823094477723693,0.00013760128681324741,174.0,69.6,0.10994275536715845,3,17:heatwave:alternative|47:wildfire:origin|48:funding_collapse|83:funding_collapse,0.011680726242308093,0.06792860436428924,0.10466280016828433,0.024149761047547725,2.2016205890119587e-05,0.0011784621438881099,0.0002024248237892681,44136fa355b3678a
S5,greedy_expected_utility,False,200001,0.625,0.5,5,4,527,314,1,0.3333333333333333,1.0,22.0,250.18005246986485,0.5772856525091411,3.542107245064218,0.001226098741611997,0.998773901258388,263,0,0,11182.419119340308,11182.419119340306,2795.604779835077,1.5,0.4226251068222842,0.33319663596427973,0.0001664709943108961,213.5,85.39999999999999,0.15256526415704574,2,17:heatwave:alternative|47:wildfire:origin|48:funding_collapse|83:funding_collapse,0.010972496922321906,0.0717718925547199,0.11340659001090225,0.017386196546429956,2.6635359089743378e-05,0.000932282979946285,0.00023641388131725844,44136fa355b3678a
S6,rule,False,200001,0.75,0.5,6,4,271,271,0,0.0,0.0,,378.9712432995559,0.7514846170085862,3.7435825023255225,0.0,1.0,0,0,0,11172.99150061488,11172.991500614882,2793.24787515372,1.5,0.8606549570114538,0.35691855914640747,0.0,0.0,0.0,0.04208619211003446,3,17:heatwave:alternative|47:wildfire:origin|48:funding_collapse|83:funding_collapse,0.01600000000000001,0.061552995252691554,0.0,0.0,0.0,0.0009623877387221763,0.0,44136fa355b3678a
S7,forward_rollout_proxy,False,200001,0.625,0.625,5,5,903,903,0,0.0,0.0,,256.52018577000575,0.5289780259567034,2.8423057778016276,0.001270889120664115,0.9987291108793359,32,0,0,11133.349504281834,11133.349504281836,2226.669900856367,1.5,0.6089084514938794,0.40345797194866273,7.661929940515531e-05,43.0,17.200000000000003,0.16447034510629255,3,17:heatwave:alternative|47:wildfire:origin|48:funding_collapse|83:funding_collapse,0.013732521969058175,0.04754651870847029,0.21178886607508296,0.015558764978525605,1.2259087904824852e-05,0.0009078568766506738,4.963785670001053e-05,44136fa355b3678a
S0,none,False,200002,0.0,0.0,0,0,0,0,3,1.0,1.0,27.666666666666668,64.9158327419871,0.31283284637328607,0.0,,,0,0,0,0.0,0.0,0.0,1.243905408843064,0.09823742195247342,0.009823742195247342,0.00018960381292820971,0.0,0.0,0.0,0,17:wildfire:alternative|27:wildfire:origin|28:flood:reserve,0.007200000000000005,0.05311123658674781,0.0,0.0,3.0336610068513555e-05,0.0003255804298976742,0.0,44136fa355b3678a
S1,rule,False,200002,0.5,0.0,4,0,0,0,1,0.3333333333333333,1.0,38.0,136.71495813985663,0.6138453362151847,0.0,,,0,0,0,11173.54033814603,11173.540338146031,11173.54033814603,1.5,0.7682927171831713,0.08730778825876548,0.0002526564607574196,0.0,0.0,0.05239258270224174,2,17:wildfire:alternative|27:wildfire:origin|28:flood:reserve|61:funding_collapse,0.01360000000000001,0.07730134296411655,0.0,0.0,4.042503372118714e-05,0.0007128957869777114,0.0,44136fa355b3678a
S2,rule,False,200002,0.25,0.0,2,0,0,0,2,0.6666666666666666,1.0,33.5,73.01020800517999,0.406899874223539,0.0,,,0,0,0,11317.08290695496,11317.082906954962,11317.08290695496,1.5,0.1808787370177051,0.027062381944881114,0.000289806863504759,47.5,19.00000000000001,0.04487254121555301,1,17:wildfire:alternative|27:wildfire:origin|28:flood:reserve|61:funding_collapse,0.004031928073285514,0.07557868614552758,0.018774284974651365,0.009515911332974768,4.6369098160761437e-05,0.0006566191954147685,8.306656911830024e-05,44136fa355b3678a
S3,rule,False,200002,0.375,0.375,3,3,351,0,1,0.3333333333333333,1.0,34.0,171.34399763484075,0.5422498326214125,3.590858946916612,0.00028256425978432915,0.9997174357402157,21,140,21,11203.19343949966,11203.19343949966,3734.3978131665535,1.5,0.4486620406781269,0.2638483015572508,0.0004324147101629952,40.25,16.100000000000005,0.07161754010136012,2,17:wildfire:alternative|27:wildfire:origin|28:flood:reserve|61:funding_collapse,0.004622559893201615,0.0771449304518243,0.08729407078558443,0.009101826827250255,6.918635362607922e-05,0.0005721444239403366,8.062942451740695e-05,44136fa355b3678a
S4,state_dependent_rule,False,200002,0.375,0.25,3,2,201,3,1,0.3333333333333333,1.0,25.0,128.8234018116588,0.591417001469864,2.4408780910222556,0.00752024632905852,0.9924797536709414,101,0,0,11173.89490080964,11173.894900809639,5586.94745040482,1.5,0.36722556649231225,0.19123835652224958,0.0005518110931973188,141.25,56.49999999999999,0.08803509481397881,2,17:wildfire:alternative|27:wildfire:origin|28:flood:reserve|61:funding_collapse,0.005775091336660801,0.07914751294674872,0.04641601776159525,0.011884039338897067,8.828977491157102e-05,0.0009630107619104624,0.0005395183141113763,44136fa355b3678a
S5,greedy_expected_utility,False,200002,0.25,0.25,2,2,145,1,1,0.3333333333333333,1.0,27.0,119.78547835846882,0.5873807851229255,2.455322543879644,0.0497524944388481,0.9502475055611519,67,0,0,11193.95767741616,11193.957677416158,5596.97883870808,1.5,0.3408897253689252,0.19035438093578833,0.0008820533071628503,157.5,63.00000000000002,0.09606091480049682,2,17:wildfire:alternative|27:wildfire:origin|28:flood:reserve|61:funding_collapse,0.0051388877463309345,0.07712966482849329,0.04850860446967849,0.01063103338259024,0.00014112852914605604,0.0007838063053861003,0.0005440100783091332,44136fa355b3678a
S6,rule,False,200002,0.625,0.375,5,3,89,89,1,0.3333333333333333,1.0,35.0,226.66585479195362,0.7395007073133607,3.082793235133661,0.011111926053557297,0.9888880739464427,0,0,0,11189.219386437446,11189.219386437446,3729.7397954791486,1.5,0.8560860369909996,0.2925950869125579,0.00015676786424499535,0.0,0.0,0.037042754310606836,2,17:wildfire:alternative|27:wildfire:origin|28:flood:reserve|61:funding_collapse,0.01600000000000001,0.07371666787462534,0.0,0.0,2.5082858279199256e-05,0.000757541953734786,0.0,44136fa355b3678a
S7,forward_rollout_proxy,False,200002,0.375,0.375,3,3,289,196,1,0.3333333333333333,1.0,37.0,157.35815212415093,0.6514255514761277,1.5937878964417316,0.20377782285231083,0.7962221771476892,269,0,0,11165.353664588376,11165.353664588376,3721.784554862792,1.5,0.5411795950236489,0.2630021188791679,0.0007122333470670531,120.0,48.00000000000006,0.12098140206192846,2,17:wildfire:alternative|27:wildfire:origin|28:flood:reserve|61:funding_collapse,0.009233509355176216,0.08045306272945245,0.020578574287079956,0.007132337817013511,0.0001139573355307285,0.0007198221943648005,0.00046992442012503945,44136fa355b3678a
S0,none,False,200003,0.0,0.0,0,0,0,0,3,1.0,1.0,27.666666666666668,63.257587527268136,0.34397715062485146,0.0,,,0,0,0,0.0,0.0,0.0,1.5,0.1913,0.01913,0.0003014475416966323,0.0,0.0,0.0,0,85:heatwave:semiwild|88:heatwave:reserve,0.007680000000000005,0.04636353057815524,0.0,0.0,4.823160667146116e-05,0.000331087190321852,0.0,44136fa355b3678a
S1,rule,False,200003,0.75,0.5,6,4,385,385,2,0.6666666666666666,1.0,49.5,437.65265124238164,0.756838529196829,5.400479656114015,0.0,1.0,0,0,0,11155.352720032472,11155.352720032473,2788.838180008118,1.5,0.7944274547435825,0.37861923190268304,0.00021814990385680486,0.0,0.0,0.10085844933592288,1,1:funding_collapse|22:funding_collapse|65:funding_collapse|85:heatwave:semiwild|88:heatwave:reserve,0.01600000000000001,0.05602907008270577,0.0,0.0,3.490398461708877e-05,0.0010974967358483726,0.0,44136fa355b3678a
S2,rule,False,200003,0.25,0.125,2,1,24,0,3,1.0,1.0,27.666666666666668,83.45377284925222,0.4918517205115512,3.6455696202531644,0.00011108290494319649,0.9998889170950568,0,0,0,11230.280722587786,11230.280722587788,11230.280722587786,1.5,0.24575867658602069,0.12580434279082,0.000403048646665655,55.0,22.0,0.04261389464843148,0,1:funding_collapse|22:funding_collapse|65:funding_collapse|85:heatwave:semiwild|88:heatwave:reserve,0.005071630090147558,0.08972403681269782,0.037526204492051254,0.012760609713012691,6.44877834665048e-05,0.0008310710838180051,0.00011869184207793083,44136fa355b3678a
S3,rule,False,200003,0.625,0.25,5,2,314,0,3,1.0,1.0,32.333333333333336,195.11317576401515,0.6141697946611625,3.702335375232902,0.0009985488925583644,0.9990014511074417,44,183,44,11159.465939935579,11159.465939935579,5579.732969967789,1.5,0.5350517316885988,0.21673020950394417,0.0005375899075182127,56.75,22.7,0.06850841291377621,0,1:funding_collapse|22:funding_collapse|65:funding_collapse|85:heatwave:semiwild|88:heatwave:reserve,0.007853110799527175,0.07790594627240548,0.04678780146677301,0.00656208029605397,8.601438520291403e-05,0.0007955753490568452,8.85504876557402e-05,44136fa355b3678a
S4,state_dependent_rule,False,200003,0.625,0.625,5,5,305,113,2,0.6666666666666666,1.0,24.5,249.9425014734522,0.592631012041092,3.198835348964313,0.00618908989146578,0.9938109101085342,261,0,0,11148.012448667116,11148.012448667116,2229.602489733423,1.5,0.4322555102939904,0.38376024569003964,0.0004211386249709146,178.25,71.30000000000001,0.13648170585498742,1,1:funding_collapse|22:funding_collapse|65:funding_collapse|85:heatwave:semiwild|88:heatwave:reserve,0.012209421993339142,0.07383583815945882,0.10329716593898086,0.0183513886182361,6.738217999534633e-05,0.0010789691202626366,0.00020075199404945382,44136fa355b3678a
S5,greedy_expected_utility,False,200003,0.625,0.375,5,3,198,196,3,1.0,1.0,30.333333333333332,193.78268575898477,0.6362433302213857,2.8676070128779507,0.016365285173731828,0.9836347148262682,249,0,0,11151.132098444781,11151.132098444781,3717.044032814927,1.5,0.4055751520118534,0.2610069870171926,0.0006653821688307735,164.0,65.59999999999998,0.11511700843613877,0,1:funding_collapse|22:funding_collapse|65:funding_collapse|85:heatwave:semiwild|88:heatwave:reserve,0.013396731891596377,0.07219778070510284,0.06369325147806441,0.022043238705380025,0.00010646114701292378,0.001342556646022859,0.00026486053473277765,44136fa355b3678a
S6,rule,False,200003,0.75,0.75,6,6,900,900,2,0.6666666666666666,1.0,26.5,666.2160592599002,0.7791174118309178,5.7045139220934304,0.05238663410227257,0.9476133658977275,0,0,0,11165.242300917596,11165.242300917598,1860.8737168195994,1.5,0.8954697341932825,0.4920167083743472,0.0002708870207976379,0.0,0.0,0.03962297867042315,0,1:funding_collapse|22:funding_collapse|65:funding_collapse|85:heatwave:semiwild|88:heatwave:reserve,0.01600000000000001,0.033815957138315096,0.0,0.0,4.334192332762205e-05,0.0010232891074395914,0.0,44136fa355b3678a
S7,forward_rollout_proxy,False,200003,0.75,0.75,6,6,832,832,2,0.6666666666666666,1.0,21.0,344.91494215712123,0.6186581434393682,3.2051317332405955,0.043857365753242165,0.9561426342467578,94,0,0,11142.89842030331,11142.89842030331,1857.1497367172185,1.5,0.6393370151422143,0.47013454289509526,0.00025013354059695044,87.0,34.80000000000003,0.1832476202423391,1,1:funding_collapse|22:funding_collapse|65:funding_collapse|85:heatwave:semiwild|88:heatwave:reserve,0.014326726241621554,0.056335919645755024,0.11558945698888799,0.012753929621285102,4.002136649551206e-05,0.0008767217088427457,7.497575158581486e-05,44136fa355b3678a
S0,none,False,200004,0.125,0.0,1,0,0,0,3,1.0,1.0,28.666666666666668,68.24547650543694,0.42212898827384193,0.0,,,0,0,0,0.0,0.0,0.0,1.5,0.24796666666666647,0.024796666666666647,0.00018652519893899204,0.0,0.0,0.0,0,43:flood:semiwild|53:flood:origin,0.009600000000000008,0.06579308074896557,0.0,0.0,2.9844031830238726e-05,0.0004480869453624302,0.0,44136fa355b3678a
S1,rule,False,200004,0.75,0.125,6,1,2,2,1,0.3333333333333333,1.0,35.0,275.0607056326872,0.7267478745170908,1.0,0.0018316401953295991,0.9981683598046704,0,0,0,11247.348704248641,11247.348704248641,11247.348704248641,1.5,0.7546580143956012,0.1588626568612061,0.00019143090951601592,0.0,0.0,0.08573427710822976,2,43:flood:semiwild|53:flood:origin,0.01600000000000001,0.08642105788958615,0.0,0.0,3.062894552256254e-05,0.0008004386478006735,0.0,44136fa355b3678a
S2,rule,False,200004,0.375,0.25,3,2,73,0,2,0.6666666666666666,1.0,28.5,82.80468058504715,0.4747936016228936,1.9679529103989535,0.011568472533333332,0.9884315274666666,0,0,0,11324.996795960093,11324.996795960094,5662.498397980046,1.5,0.3566866359078838,0.17902086124242464,0.00018504931356087652,45.25,18.1,0.05586334273823371,1,43:flood:semiwild|53:flood:origin,0.004748092102245315,0.09146030335165703,0.04970010109255234,0.010748073397487961,2.960789016974024e-05,0.0006498361895612406,0.00010214062864132919,44136fa355b3678a
S3,rule,False,200004,0.5,0.375,4,3,344,0,2,0.6666666666666666,1.0,29.0,181.47692735628144,0.592484125863451,3.0741303781969553,0.00041606458757633487,0.9995839354124236,29,169,29,11232.215288025083,11232.215288025083,3744.071762675028,1.5,0.6253691003443106,0.2773644012699245,0.00019193543583787486,49.5,19.799999999999997,0.0766809372676194,1,43:flood:semiwild|53:flood:origin,0.007408074015267063,0.0758674317001343,0.06773291097181298,0.006798639459070522,3.070966973405998e-05,0.0007260487403952863,8.203259161099503e-05,44136fa355b3678a
S4,state_dependent_rule,False,200004,0.625,0.5,5,4,640,550,2,0.6666666666666666,1.0,28.0,252.46819627287783,0.594900098028187,3.74023696390663,0.005176299841294265,0.9948237001587057,256,0,0,11242.90610506856,11242.90610506856,2810.72652626714,1.5,0.5447793878404779,0.34352391064243,0.00034320913471031037,142.25,56.89999999999996,0.13321801109657933,1,43:flood:semiwild|53:flood:origin,0.012931447836436606,0.06831484284323644,0.10965937066483439,0.022604095755440673,5.491346155364966e-05,0.0010658166078794764,0.000155715700306873,44136fa355b3678a
S5,greedy_expected_utility,False,200004,0.625,0.375,5,3,759,642,2,0.6666666666666666,1.0,20.5,255.81209623415884,0.6512460562238255,3.407204764020881,0.0034543009868765774,0.9965456990131234,359,0,0,11237.170680887566,11237.170680887564,3745.7235602958553,1.5,0.5176587630079691,0.2825641671201514,0.00032110361595420744,195.0,78.0,0.13988121589572838,1,43:flood:semiwild|53:flood:origin,0.012269348772743488,0.0728465422922044,0.05310745796249011,0.007564736944258459,5.1376578552673194e-05,0.0006083281665359961,0.0002462034642691155,44136fa355b3678a
S6,rule,False,200004,0.875,0.375,7,3,120,120,1,0.3333333333333333,1.0,19.0,405.3857510524155,0.7490676505271636,2.7582819816399446,0.0,1.0,0,0,0,11257.357186533314,11257.357186533316,3752.452395511105,1.5,0.8427956803659548,0.28946339460395143,0.0002077922077922078,0.0,0.0,0.04425503375478232,2,43:flood:semiwild|53:flood:origin,0.01600000000000001,0.06398278915406068,0.0,0.0,3.324675324675325e-05,0.000916313565528891,0.0,44136fa355b3678a
S7,forward_rollout_proxy,False,200004,0.625,0.625,5,5,853,853,0,0.0,0.0,,295.7691160589022,0.5431958992711041,3.637587289118641,0.0,1.0,11,0,0,11227.647047239741,11227.647047239741,2245.529409447948,1.5,0.6699999999999999,0.4179053486894849,0.00022802501560051174,45.75,18.299999999999997,0.16639737899149282,3,43:flood:semiwild|53:flood:origin,0.01372701433512145,0.0461303493690596,0.19078097661337218,0.022973971165906604,3.648400249608187e-05,0.0011605964637124494,4.3075593303006e-05,44136fa355b3678a
S0,none,False,200005,0.25,0.0,2,0,0,0,3,1.0,1.0,29.666666666666668,66.67192120656324,0.38439863539134206,0.0,,,0,0,0,0.0,0.0,0.0,1.5,0.24796666666666647,0.024796666666666647,2.5706940874035987e-05,0.0,0.0,0.0,0,46:wildfire:semiwild|55:heatwave:semiwild,0.008640000000000007,0.05469817134212101,0.0,0.0,4.113110539845759e-06,0.00045908015599727884,0.0,44136fa355b3678a
S1,rule,False,200005,0.875,0.625,7,5,428,428,0,0.0,0.0,,449.40699968000314,0.7570509896493515,4.016673535822567,0.027660630290826365,0.9723393697091737,0,0,0,11150.56685485919,11150.566854859191,2230.113370971838,1.5,0.8726353728770193,0.4326882441443123,2.6109660574412533e-05,0.0,0.0,0.1200398574919233,3,30:funding_collapse|46:wildfire:semiwild|55:heatwave:semiwild|57:funding_collapse|84:funding_collapse,0.01600000000000001,0.05598233363595912,0.0,0.0,4.177545691906005e-06,0.0009624991689976524,0.0,44136fa355b3678a
S2,rule,False,200005,0.375,0.25,3,2,16,0,3,1.0,1.0,32.666666666666664,69.05250303737321,0.47665196656247255,1.896551724137931,0.08384767374119653,0.9161523262588035,0,0,0,11287.569356717257,11287.569356717257,5643.784678358628,1.5,0.3563273324911527,0.17716360464546416,6.661566902530758e-05,49.0,19.60000000000001,0.050326770774847825,0,30:funding_collapse|46:wildfire:semiwild|55:heatwave:semiwild|57:funding_collapse|84:funding_collapse,0.004417569531903607,0.09226162743281881,0.04266528593496691,0.010708473736615225,1.0658507044049212e-05,0.0006416052250809161,0.00011804168042793735,44136fa355b3678a
S3,rule,False,200005,0.5,0.375,4,3,374,0,2,0.6666666666666666,1.0,29.0,201.25562835035961,0.6161108316487028,4.474102834411005,0.00043578334289023045,0.9995642166571098,18,177,18,11134.964765216646,11134.964765216646,3711.654921738882,1.5,0.6438355575002533,0.2926974086419402,2.6109660574412533e-05,48.75,19.500000000000004,0.07411412273902394,1,30:funding_collapse|46:wildfire:semiwild|55:heatwave:semiwild|57:funding_collapse|84:funding_collapse,0.008800578678141695,0.07678122026642692,0.054245874278379604,0.006229426814939471,4.177545691906005e-06,0.0006846583542719331,8.165518490532998e-05,44136fa355b3678a
S4,state_dependent_rule,False,200005,0.5,0.5,4,4,768,623,2,0.6666666666666666,1.0,13.5,252.79399976850746,0.5907934679205293,4.164821461319019,0.0013662834994740136,0.998633716500526,317,0,0,11155.7686560894,11155.7686560894,2788.94216402235,1.5,0.5424789591874278,0.3449308541877972,8.589157154025121e-05,168.5,67.39999999999996,0.1201737182793208,1,30:funding_collapse|46:wildfire:semiwild|55:heatwave:semiwild|57:funding_collapse|84:funding_collapse,0.012306461136473506,0.06964722260776517,0.11091947736084845,0.018904312621230674,1.3742651446440196e-05,0.001038410871748033,0.00018478846683615368,44136fa355b3678a
S5,greedy_expected_utility,False,200005,0.75,0.375,6,3,563,391,1,0.3333333333333333,1.0,31.0,243.22050044162842,0.6222880330276197,4.65233306602322,0.0009567865639737187,0.9990432134360263,394,0,0,11150.874168203509,11150.874168203507,3716.9580560678364,1.5,0.5155876467035518,0.2937755319126029,5.370298285829621e-05,208.0,83.2,0.13471718291007756,2,30:funding_collapse|46:wildfire:semiwild|55:heatwave:semiwild|57:funding_collapse|84:funding_collapse,0.01181238623307421,0.07293640554267296,0.0665810337556977,0.020903794981787963,8.592477257327393e-06,0.0012102852276054256,0.00024938041684223494,44136fa355b3678a
S6,rule,False,200005,0.875,0.875,7,7,1092,1092,0,0.0,0.0,,717.1056459716457,0.7790829576602705,6.3132464499709835,0.0,1.0,0,0,0,11160.47762067518,11160.477620675181,1594.35394581074,1.5,0.9600141535902139,0.5635644832999537,2.5e-05,0.0,0.0,0.05340301720611221,3,30:funding_collapse|46:wildfire:semiwild|55:heatwave:semiwild|57:funding_collapse|84:funding_collapse,0.01600000000000001,0.03392980890667881,0.0,0.0,4e-06,0.000983233433050842,0.0,44136fa355b3678a
S7,forward_rollout_proxy,False,200005,0.625,0.625,5,5,1168,1168,0,0.0,0.0,,321.56353902215415,0.6061781172609634,3.77510644441555,0.0014704320572243238,0.9985295679427757,64,0,0,11127.246438184771,11127.246438184771,2225.449287636954,1.5,0.7383388418685471,0.425736877851455,2.6109660574412533e-05,68.25,27.300000000000022,0.16450964610222396,3,30:funding_collapse|46:wildfire:semiwild|55:heatwave:semiwild|57:funding_collapse|84:funding_collapse,0.014277307502096452,0.05346267301359511,0.13343886682244568,0.011829915201932897,4.177545691906005e-06,0.000890622609446604,6.540125689881669e-05,44136fa355b3678a
S0,none,False,200006,0.125,0.0,1,0,0,0,2,0.6666666666666666,1.0,19.5,66.27478655818506,0.404381681469545,0.0,,,0,0,0,0.0,0.0,0.0,1.5,0.24796666666666647,0.024796666666666647,5.494505494505495e-05,0.0,0.0,0.0,1,,0.009120000000000007,0.05923218130021321,0.0,0.0,8.791208791208792e-06,0.00035734602145068647,0.0,44136fa355b3678a
S1,rule,False,200006,0.75,0.75,6,6,373,373,0,0.0,0.0,,419.2653002967511,0.7574109113306959,3.88692721301357,0.0,1.0,0,0,0,11215.326168132724,11215.326168132728,1869.2210280221207,1.5,0.8747724302150458,0.48762577790526707,0.0002221581133679039,0.0,0.0,0.11889631376813375,3,39:funding_collapse,0.01600000000000001,0.055626222260022756,0.0,0.0,3.554529813886462e-05,0.0009273211111426053,0.0,44136fa355b3678a
S2,rule,False,200006,0.25,0.125,2,1,27,0,3,1.0,1.0,35.666666666666664,69.25012076494649,0.5114441197752003,2.488054607508533,0.0,1.0,0,0,0,11315.007398126721,11315.007398126723,11315.007398126721,1.5,0.3565907376886834,0.12462384911165914,5.263157894736842e-05,44.5,17.800000000000008,0.03917114633852735,0,39:funding_collapse,0.005657436463700098,0.09120732703008871,0.027325335126317934,0.011472149299577333,8.421052631578948e-06,0.0006513242115751807,9.775120883590098e-05,44136fa355b3678a
S3,rule,False,200006,0.625,0.375,5,3,366,0,2,0.6666666666666666,1.0,20.0,165.59183716635266,0.6071370710597791,3.276323621165955,0.00040450896028020646,0.9995954910397198,42,207,42,11211.216644615492,11211.21664461549,3737.0722148718305,1.5,0.6476786522219552,0.28361735065248656,0.00011512885830548848,62.25,24.900000000000006,0.0866812460931574,1,39:funding_collapse,0.008275944382980582,0.07749706100502095,0.059042196411627085,0.006299648579573431,1.8420617328878154e-05,0.000668215344181723,0.00013128282316264683,44136fa355b3678a
S4,state_dependent_rule,False,200006,0.625,0.375,5,3,528,502,1,0.3333333333333333,1.0,21.0,210.79884661067936,0.616786390809869,3.1070194687684256,0.0018777032039246089,0.9981222967960753,176,0,0,11189.546182088265,11189.546182088263,3729.8487273627547,1.5,0.5433706858737978,0.2755419117091784,0.00036973954207662453,123.5,49.40000000000001,0.10692324217057175,2,39:funding_collapse,0.013558156505293231,0.06812704756997506,0.0900749907677668,0.024692856419415977,5.915832673225993e-05,0.0012414668877767572,0.0001770417332888047,44136fa355b3678a
S5,greedy_expected_utility,False,200006,0.5,0.5,4,4,649,521,0,0.0,0.0,,245.72808024495794,0.5857846422276413,2.9986622494894273,0.003550135984539813,0.9964498640154602,339,0,0,11208.225814206802,11208.225814206802,2802.0564535517005,1.5,0.5169640862076307,0.3342700056593288,0.0001439503803695419,178.5,71.39999999999999,0.13793487271835708,3,39:funding_collapse,0.011844880976038861,0.07040320227745474,0.11104200726402738,0.018819307616285988,2.3032060859126704e-05,0.000954139470713274,0.00020984724359362255,44136fa355b3678a
S6,rule,False,200006,0.75,0.625,6,5,904,904,0,0.0,0.0,,620.8138450658099,0.7802795254371407,5.858068843998627,0.0,1.0,0,0,0,11225.19625004871,11225.19625004871,2245.039250009742,1.5,0.9618319999999998,0.4452975698074797,0.0002741000995731636,0.0,0.0,0.046418406837467306,3,39:funding_collapse,0.01600000000000001,0.03266082230386433,0.0,0.0,4.385601593170617e-05,0.0010157962430630736,0.0,44136fa355b3678a
S7,forward_rollout_proxy,False,200006,0.625,0.625,5,5,1123,1123,1,0.3333333333333333,1.0,21.0,310.94028216552283,0.5776986876244729,4.266790160887005,0.0022748337746654234,0.9977251662253346,42,0,0,11193.456854339302,11193.456854339303,2238.6913708678603,1.5,0.7397292606077922,0.4298871838798614,0.00010189728343163651,67.25,26.900000000000023,0.15998178105106067,2,39:funding_collapse,0.014140917154116299,0.04879151871500454,0.1641752731368158,0.012679690994947219,1.6303565349061836e-05,0.0009221360236718758,6.53183571498347e-05,44136fa355b3678a
S0,none,False,200007,0.125,0.0,1,0,0,0,3,1.0,1.0,30.0,67.98336617887871,0.4041188042378236,0.0,,,0,0,0,0.0,0.0,0.0,1.288531859863908,0.1099084831711095,0.010990848317110951,0.0002260381051935792,0.0,0.0,0.0,0,12:wildfire:reserve|17:heatwave:alternative|25:heatwave:semiwild|34:flood:reserve|61:wildfire:origin|84:flood:origin|100:heatwave:reserve,0.009120000000000007,0.05939974904159946,0.0,0.0,3.616609683097267e-05,0.00042528062374616864,0.0,44136fa355b3678a
S1,rule,False,200007,0.75,0.125,6,1,1,1,1,0.3333333333333333,1.0,20.0,280.2799784997467,0.7250762016862987,1.0,0.0,1.0,0,0,0,11196.428073498406,11196.428073498408,11196.428073498406,1.5,0.5830712037585881,0.1414702526936417,0.00022652583500987016,0.0,0.0,0.08456566158891435,2,12:wildfire:reserve|17:heatwave:alternative|25:heatwave:semiwild|34:flood:reserve|61:wildfire:origin|84:flood:origin|100:heatwave:reserve,0.01600000000000001,0.0881038456286598,0.0,0.0,3.624413360157923e-05,0.000783708551440311,0.0,44136fa355b3678a
S2,rule,False,200007,0.375,0.125,3,1,17,0,2,0.6666666666666666,1.0,42.5,76.12798292388214,0.49935563190206694,1.8407643312101907,0.0,1.0,0,0,0,11296.849663161367,11296.849663161367,11296.849663161367,1.5,0.15660212844550989,0.09817271434172634,0.0007839810268614347,49.5,19.8,0.0392742909253672,1,12:wildfire:reserve|17:heatwave:alternative|25:heatwave:semiwild|34:flood:reserve|61:wildfire:origin|84:flood:origin|100:heatwave:reserve,0.0051352566896216345,0.08946029960694304,0.0339000870322492,0.011812850184165405,0.00012543696429782958,0.0007605435257820757,0.00012207804861021768,44136fa355b3678a
S3,rule,False,200007,0.5,0.25,4,2,299,0,2,0.6666666666666666,1.0,49.0,163.0375687394476,0.6107450052570216,3.928186591229234,9.232338471574004e-05,0.9999076766152842,8,137,8,11164.710907195687,11164.710907195687,5582.355453597844,1.5,0.2873148849824901,0.19183265464152655,0.00023446726801986284,36.25,14.499999999999998,0.05659650115492593,1,12:wildfire:reserve|17:heatwave:alternative|25:heatwave:semiwild|34:flood:reserve|61:wildfire:origin|84:flood:origin|100:heatwave:reserve,0.007656821896646041,0.07532587999858681,0.05014005174996167,0.006775599366476167,3.751476288317806e-05,0.0007946551391870094,7.161951940613042e-05,44136fa355b3678a
S4,state_dependent_rule,False,200007,0.5,0.375,4,3,292,0,1,0.3333333333333333,1.0,20.0,150.0778688529333,0.6217079234163514,2.4636180341748406,0.08022569036878362,0.9197743096312164,72,0,0,11150.936273797812,11150.936273797812,3716.978757932604,1.5,0.2366574588166117,0.23848394079145682,0.0008814086185868605,144.75,57.899999999999935,0.10716007284023606,2,12:wildfire:reserve|17:heatwave:alternative|25:heatwave:semiwild|34:flood:reserve|61:wildfire:origin|84:flood:origin|100:heatwave:reserve,0.008009101226556032,0.07903299737194425,0.038201293085728595,0.006112757258703522,0.0001410253789738977,0.0007195530799767006,0.0003773219638416622,44136fa355b3678a
S5,greedy_expected_utility,False,200007,0.375,0.25,3,2,321,0,1,0.3333333333333333,1.0,17.0,141.42863094923274,0.6114258880065379,2.93044582277526,0.004125386141616405,0.9958746138583836,77,0,0,11188.478277009835,11188.478277009834,5594.239138504918,1.5,0.2255227587002114,0.18506558225707653,0.0005999452722047859,204.0,81.59999999999998,0.10354424079651378,2,12:wildfire:reserve|17:heatwave:alternative|25:heatwave:semiwild|34:flood:reserve|61:wildfire:origin|84:flood:origin|100:heatwave:reserve,0.007070609257002242,0.08066229349321913,0.034435588223132314,0.005843027616429568,9.599124355276572e-05,0.0006735282815065961,0.0005419808920098054,44136fa355b3678a
S6,rule,False,200007,0.875,0.25,7,2,2,2,0,0.0,0.0,,406.3022793352567,0.7441230488582959,1.0,0.0,1.0,0,0,0,11215.14149216925,11215.14149216925,5607.570746084625,1.5,0.6464984717871411,0.19574658251650462,0.00024912416798704434,0.0,0.0,0.042983676688952525,3,12:wildfire:reserve|17:heatwave:alternative|25:heatwave:semiwild|34:flood:reserve|61:wildfire:origin|84:flood:origin|100:heatwave:reserve,0.01600000000000001,0.06886632541001975,0.0,0.0,3.985986687792709e-05,0.0009707658648063332,0.0,44136fa355b3678a
S7,forward_rollout_proxy,False,200007,0.5,0.125,4,1,40,29,1,0.3333333333333333,1.0,21.0,155.99922226212016,0.6913641156777587,1.663201663201663,0.01817963529688148,0.9818203647031185,35,0,0,11139.709458675636,11139.709458675636,11139.709458675636,1.5,0.3800483957650907,0.13202660519494175,0.00029408759496958505,34.25,13.699999999999992,0.10569874493208023,2,12:wildfire:reserve|17:heatwave:alternative|25:heatwave:semiwild|34:flood:reserve|61:wildfire:origin|84:flood:origin|100:heatwave:reserve,0.01230216808769419,0.0756863750465394,0.0020092440397769906,0.0036348816119240574,4.70540151951336e-05,0.0009199305460457194,0.0004359561650719819,44136fa355b3678a
S0,none,False,200008,0.125,0.0,1,0,0,0,3,1.0,1.0,34.333333333333336,67.15008315486558,0.39745463784224677,0.0,,,0,0,0,0.0,0.0,0.0,1.3477186189238024,0.10340787364393499,0.010340787364393499,0.00032611095721610044,0.0,0.0,0.0,0,5:flood:alternative|32:wildfire:reserve,0.008960000000000006,0.0579073142671065,0.0,0.0,5.2177753154576064e-05,0.0004258701374923865,0.0,44136fa355b3678a
S1,rule,False,200008,0.75,0.5,6,4,278,278,0,0.0,0.0,,436.23466648281703,0.7563129171893378,5.097872915579163,0.0,1.0,0,0,0,11146.465542237504,11146.465542237504,2786.616385559376,1.5,0.8725000295605035,0.3858004373901168,0.00034665580286493677,0.0,0.0,0.11285852639137434,3,5:flood:alternative|12:funding_collapse|23:funding_collapse|32:wildfire:reserve,0.01600000000000001,0.056698189618575257,0.0,0.0,5.5464928458389885e-05,0.0009334282636286578,0.0,44136fa355b3678a
S2,rule,False,200008,0.25,0.125,2,1,56,0,2,0.6666666666666666,1.0,40.0,81.03872973198992,0.48821055224291693,3.4461538461538463,0.0,1.0,0,0,0,11271.642517884242,11271.642517884242,11271.642517884242,1.5,0.1856318634175114,0.11696977051168111,0.0007732071697121213,57.5,23.0,0.03847522854195758,1,5:flood:alternative|12:funding_collapse|23:funding_collapse|32:wildfire:reserve,0.005014074555481156,0.08942304015302494,0.04161208084030198,0.012373225880756743,0.00012371314715393944,0.0006818328489424736,0.00011759431986762364,44136fa355b3678a
S3,rule,False,200008,0.5,0.25,4,2,306,0,0,0.0,0.0,,172.34409139310605,0.5994989216807263,5.092707946324818,3.154109799030831e-05,0.9999684589020097,44,247,44,11161.320761776824,11161.320761776824,5580.660380888412,1.5,0.4746213283060425,0.22283704140665211,0.00015868289232398106,72.75,29.10000000000001,0.05973914556399834,3,5:flood:alternative|12:funding_collapse|23:funding_collapse|32:wildfire:reserve,0.007502634200580547,0.07496850102645718,0.06139486041213822,0.007180023351040776,2.5389262771836964e-05,0.0007088722829589907,0.0001304181239751671,44136fa355b3678a
S4,state_dependent_rule,False,200008,0.5,0.375,4,3,208,0,0,0.0,0.0,,142.0097146247313,0.5757380278619947,2.947806710983871,0.0018515152767239337,0.9981484847232761,124,0,0,11140.755910764381,11140.75591076438,3713.585303588127,1.5,0.37154005129000245,0.257630134825942,0.0002905877400657098,147.5,58.99999999999999,0.11124031293551508,3,5:flood:alternative|12:funding_collapse|23:funding_collapse|32:wildfire:reserve,0.007353385546981892,0.07615108073742066,0.08482324664720857,0.008002033590233909,4.649403841051358e-05,0.000781047631941237,0.00034076317363426344,44136fa355b3678a
S5,greedy_expected_utility,False,200008,0.5,0.375,4,3,194,0,0,0.0,0.0,,146.19124567631582,0.5811158742034099,2.753136046381903,0.012486243032235987,0.987513756967764,113,0,0,11155.905909204212,11155.905909204212,3718.6353030680707,1.5,0.3451658370667239,0.2577600268067977,0.0003350497257474075,177.0,70.80000000000001,0.13481041318153136,3,5:flood:alternative|12:funding_collapse|23:funding_collapse|32:wildfire:reserve,0.006999203085218282,0.07761236746037216,0.07207249133626817,0.009546904639934623,5.3607956119585194e-05,0.0008211675864266793,0.00037967098722924933,44136fa355b3678a
S6,rule,False,200008,0.75,0.75,6,6,997,997,0,0.0,0.0,,673.08484746916,0.7783074607417849,5.294249463088936,0.0001862478850210594,0.9998137521149789,0,0,0,11159.749333092892,11159.749333092894,1859.9582221821486,1.5,0.9599844394568563,0.4964915766928111,0.00026800505549443064,0.0,0.0,0.05025319058118034,3,5:flood:alternative|12:funding_collapse|23:funding_collapse|32:wildfire:reserve,0.01600000000000001,0.034670869891885926,0.0,0.0,4.2880808879108906e-05,0.0009787885574502541,0.0,44136fa355b3678a
S7,forward_rollout_proxy,False,200008,0.625,0.25,5,2,340,268,0,0.0,0.0,,184.3901777215702,0.7064821917472243,2.983917507158333,0.008065804820162937,0.991934195179837,134,0,0,11108.015814535354,11108.015814535356,5554.007907267677,1.5,0.6118957582282162,0.22973245158430958,0.00020797810484259863,78.5,31.400000000000027,0.13101850344952315,3,5:flood:alternative|12:funding_collapse|23:funding_collapse|32:wildfire:reserve,0.013790122911597818,0.07396366878294326,0.012621507716624647,0.003878327786394362,3.327649677481578e-05,0.0007707087885352655,0.00021458833019574668,44136fa355b3678a
S0,none,False,200009,0.25,0.0,2,0,0,0,3,1.0,1.0,33.666666666666664,74.55205893417994,0.39085155015940254,0.0,,,0,0,0,0.0,0.0,0.0,1.4575697471914149,0.11268744848936531,0.011268744848936531,0.0002816697726723434,0.0,0.0,0.0,0,6:heatwave:semiwild|17:heatwave:semiwild|33:wildfire:reserve|63:wildfire:alternative,0.008800000000000007,0.056382616479870674,0.0,0.0,4.5067163627574944e-05,0.00042076619709913843,0.0,44136fa355b3678a
S1,rule,False,200009,0.875,0.625,7,5,383,383,0,0.0,0.0,,448.22852165790965,0.7570752914921012,4.307343926132141,0.041712073292555094,0.9582879267074449,0,0,0,11178.545706509913,11178.545706509914,2235.7091413019825,1.5,0.873558674981493,0.43625293820340927,0.0003035247317725819,0.0,0.0,0.12286815721969264,3,6:heatwave:semiwild|17:heatwave:semiwild|33:wildfire:reserve|48:funding_collapse|55:funding_collapse|63:wildfire:alternative,0.01600000000000001,0.05588711725279121,0.0,0.0,4.85639570836131e-05,0.0009890272980239826,0.0,44136fa355b3678a
S2,rule,False,200009,0.25,0.125,2,1,55,0,3,1.0,1.0,26.0,84.65925419106259,0.48652837018604694,3.9646133682830937,0.0,1.0,0,0,0,11277.527198672704,11277.527198672704,11277.527198672704,1.5,0.19785226287593619,0.12405635295187546,0.0002288989750388539,58.0,23.200000000000006,0.0418749649072545,0,6:heatwave:semiwild|17:heatwave:semiwild|33:wildfire:reserve|48:funding_collapse|55:funding_collapse|63:wildfire:alternative,0.00483754894042506,0.08957038461749471,0.03934040952626869,0.012830690268065692,3.6623836006216624e-05,0.0007810490693364193,0.00011870086546878003,44136fa355b3678a
S3,rule,False,200009,0.625,0.375,5,3,295,0,1,0.3333333333333333,1.0,11.0,185.32553837746374,0.6037283411907203,3.3622062639701737,0.002886157816873843,0.9971138421831262,39,187,39,11167.818262748362,11167.81826274836,3722.6060875827875,1.5,0.48711270887786345,0.2663576447563921,0.0003999848928614651,56.5,22.599999999999998,0.0763715561445203,2,6:heatwave:semiwild|17:heatwave:semiwild|33:wildfire:reserve|48:funding_collapse|55:funding_collapse|63:wildfire:alternative,0.008214866152340764,0.07483194957885012,0.06373496555500978,0.00700108395136041,6.39975828578344e-05,0.0007042403267742968,0.00010626370905434903,44136fa355b3678a
S4,state_dependent_rule,False,200009,0.375,0.25,3,2,243,4,1,0.3333333333333333,1.0,72.0,168.5685993550053,0.6119762589233916,3.068740515933232,0.15058019891049607,0.849419801089504,123,0,0,11156.579503600717,11156.579503600718,5578.289751800358,1.5,0.38412170066373746,0.19795547327175245,0.0003166134542237364,143.25,57.29999999999999,0.08177949023023187,2,6:heatwave:semiwild|17:heatwave:semiwild|33:wildfire:reserve|48:funding_collapse|55:funding_collapse|63:wildfire:alternative,0.00760406372286627,0.07524419229088318,0.04664917978515609,0.008565296111020452,5.065815267579783e-05,0.0007193788488800819,0.00028148293974994203,44136fa355b3678a
S5,greedy_expected_utility,False,200009,0.375,0.375,3,3,373,8,0,0.0,0.0,,174.25400123360924,0.571579422061815,2.972919993399063,0.0014806778294652113,0.9985193221705347,145,0,0,11194.119631569853,11194.119631569853,3731.3732105232843,1.5,0.3582468729263552,0.2583829739324457,0.0006826145962539772,196.0,78.4,0.12039543352909744,3,6:heatwave:semiwild|17:heatwave:semiwild|33:wildfire:reserve|48:funding_collapse|55:funding_collapse|63:wildfire:alternative,0.006930472092413831,0.07698958932713816,0.08387884808169664,0.008174838323318973,0.00010921833540063631,0.0005961653263956792,0.0003541996832675681,44136fa355b3678a
S6,rule,False,200009,0.75,0.75,6,6,999,999,0,0.0,0.0,,672.0430315398991,0.780029769802888,5.294725675490548,0.0005866678470458731,0.9994133321529541,0,0,0,11189.193464014223,11189.193464014224,1864.8655773357038,1.5,0.9611857599984468,0.4964337130944489,0.0002778354014713776,0.0,0.0,0.04933940169849352,3,6:heatwave:semiwild|17:heatwave:semiwild|33:wildfire:reserve|48:funding_collapse|55:funding_collapse|63:wildfire:alternative,0.01600000000000001,0.0329451443593777,0.0,0.0,4.4453664235420406e-05,0.0009806321734989526,0.0,44136fa355b3678a
S7,forward_rollout_proxy,False,200009,0.625,0.5,5,4,245,234,0,0.0,0.0,,186.51962373823517,0.7186916820114783,1.7748939729603928,0.07265571138783328,0.9273442886121668,90,0,0,11147.61407339786,11147.614073397861,2786.903518349465,1.5,0.6265543550594099,0.33517184103238484,0.00034291890767191164,72.25,28.900000000000016,0.14883732898419963,3,6:heatwave:semiwild|17:heatwave:semiwild|33:wildfire:reserve|48:funding_collapse|55:funding_collapse|63:wildfire:alternative,0.014939145343675766,0.07383223400568566,0.006753610969609452,0.0026141059264256717,5.486702522750587e-05,0.0007816107539847566,0.00024863171361572215,44136fa355b3678a
S0,none,False,200010,0.125,0.0,1,0,0,0,3,1.0,1.0,29.333333333333332,75.02081024388531,0.4244217749833063,0.0,,,0,0,0,0.0,0.0,0.0,1.5,0.1913,0.01913,0.00017680520373515262,0.0,0.0,0.0,0,7:wildfire:semiwild|72:heatwave:semiwild|76:heatwave:reserve|95:heatwave:semiwild,0.009600000000000008,0.06353966323455165,0.0,0.0,2.8288832597624418e-05,0.0004102729495445508,0.0,44136fa355b3678a
S1,rule,False,200010,0.625,0.5,5,4,327,327,0,0.0,0.0,,444.75341238154675,0.7584755650490987,4.581802287467946,0.0,1.0,0,0,0,11214.30870424864,11214.308704248642,2803.57717606216,1.5,0.8468139022673885,0.37646355927298625,0.00017466845507317768,0.0,0.0,0.10482073085783943,3,7:wildfire:semiwild|66:funding_collapse|72:heatwave:semiwild|76:heatwave:reserve|95:heatwave:semiwild,0.01600000000000001,0.054493554997516895,0.0,0.0,2.7946952811708428e-05,0.0010029330005729357,0.0,44136fa355b3678a
S2,rule,False,200010,0.375,0.125,3,1,39,0,2,0.6666666666666666,1.0,35.5,82.81494040326322,0.4956197282452996,2.8536585365853657,0.0,1.0,0,0,0,11319.071704112996,11319.071704112994,11319.071704112996,1.5,0.26783397005333537,0.12031207623189433,0.00030701184012458036,60.0,24.0,0.043710469303535684,1,7:wildfire:semiwild|66:funding_collapse|72:heatwave:semiwild|76:heatwave:reserve|95:heatwave:semiwild,0.005058478211926929,0.09026113613210324,0.03364366294067922,0.011387085876145463,4.9121894419932845e-05,0.0006931677852781544,0.00012741982604967867,44136fa355b3678a
S3,rule,False,200010,0.375,0.375,3,3,323,0,1,0.3333333333333333,1.0,27.0,197.00906855190846,0.6151928037881113,3.4976271793643403,0.048739641895417574,0.9512603581045824,37,207,37,11213.115978505431,11213.115978505431,3737.7053261684773,1.5,0.5589785936771917,0.2745219616175964,0.00020254904950095715,61.0,24.399999999999995,0.07448915228116904,2,7:wildfire:semiwild|66:funding_collapse|72:heatwave:semiwild|76:heatwave:reserve|95:heatwave:semiwild,0.008514458266228476,0.07597598875306553,0.05135306872365049,0.006894471373911594,3.240784792015314e-05,0.0006512613565460852,0.00011610213187189976,44136fa355b3678a
S4,state_dependent_rule,False,200010,0.625,0.625,5,5,257,172,1,0.3333333333333333,1.0,26.0,224.7587603703994,0.6324624277310903,2.7563216695279555,0.010273512546252464,0.9897264874537476,269,0,0,11203.694154691626,11203.694154691624,2240.738830938325,1.5,0.45494840737770953,0.382993922011397,0.0002250945028936814,175.75,70.29999999999998,0.14342932289173235,2,7:wildfire:semiwild|66:funding_collapse|72:heatwave:semiwild|76:heatwave:reserve|95:heatwave:semiwild,0.013314410984572778,0.07645976254909573,0.0753211426770228,0.010608741975810554,3.6015120462989024e-05,0.0008358005255006927,0.00025955522488033535,44136fa355b3678a
S5,greedy_expected_utility,False,200010,0.625,0.5,5,4,270,221,1,0.3333333333333333,1.0,27.0,209.72108522594027,0.6539575531553691,2.8910052494061382,0.05852596841720819,0.9414740315827919,342,0,0,11221.81043288818,11221.810432888178,2805.452608222045,1.5,0.42849433208316734,0.32533054719255144,0.0003544195508569607,185.25,74.09999999999997,0.14285530745086664,2,7:wildfire:semiwild|66:funding_collapse|72:heatwave:semiwild|76:heatwave:reserve|95:heatwave:semiwild,0.013211018063708621,0.07579427386701272,0.05238351061946126,0.008866788985595026,5.6707128137113703e-05,0.000764629685055698,0.0003101908466357499,44136fa355b3678a
S6,rule,False,200010,1.0,0.875,8,7,1046,1046,0,0.0,0.0,,759.7967551303847,0.7785223736363247,5.618053560097289,0.0,1.0,0,0,0,11224.317186533313,11224.317186533317,1603.4738837904733,1.5,0.9592368496938505,0.5569446181323936,0.00019154584589380598,0.0,0.0,0.05545198781017799,3,7:wildfire:semiwild|66:funding_collapse|72:heatwave:semiwild|76:heatwave:reserve|95:heatwave:semiwild,0.01600000000000001,0.03450739202740898,0.0,0.0,3.0647335343008956e-05,0.0009395870009234351,0.0,44136fa355b3678a
S7,forward_rollout_proxy,False,200010,0.5,0.375,4,3,726,726,1,0.3333333333333333,1.0,29.0,317.56034389781826,0.6826969007905922,4.827179467832214,0.0015722090888931168,0.9984277909111069,76,0,0,11189.047460146345,11189.047460146345,3729.6824867154482,1.5,0.6651122634454246,0.3079561597116121,0.00035990465661692454,72.75,29.100000000000016,0.12211569344373742,2,7:wildfire:semiwild|66:funding_collapse|72:heatwave:semiwild|76:heatwave:reserve|95:heatwave:semiwild,0.014675621863763574,0.056474975927765715,0.060656851856650935,0.0038844266284668457,5.758474505870793e-05,0.0005502592365827484,8.03960509788037e-05,44136fa355b3678a
S0,none,False,200011,0.0,0.0,0,0,0,0,3,1.0,1.0,33.666666666666664,64.4958218538328,0.3313303799354382,0.0,,,0,0,0,0.0,0.0,0.0,1.3413201494573477,0.1913,0.01913,7.623497385762055e-05,0.0,0.0,0.0,0,4:flood:reserve|29:flood:origin|67:flood:semiwild|83:heatwave:reserve|86:flood:origin|96:flood:reserve,0.007520000000000006,0.05080012698158828,0.0,0.0,1.2197595817219288e-05,0.0004372954871564748,0.0,44136fa355b3678a
S1,rule,False,200011,0.5,0.0,4,0,0,0,0,0.0,0.0,,205.97892770595237,0.6882903597692889,0.0,,,0,0,0,11093.397750906317,11093.397750906319,11093.397750906317,1.5,0.5387437708016514,0.06913954932641903,4.901960784313725e-05,0.0,0.0,0.07632586123126943,3,4:flood:reserve|7:funding_collapse|29:flood:origin|61:funding_collapse|67:flood:semiwild|74:funding_collapse|83:heatwave:reserve|86:flood:origin|96:flood:reserve,0.015040000000000012,0.07613757753246031,0.0,0.0,7.84313725490196e-06,0.0007242195609961291,0.0,44136fa355b3678a
S2,rule,False,200011,0.25,0.125,2,1,52,0,3,1.0,1.0,33.0,78.14343500131228,0.47987214740198103,3.2267303102625298,0.0,1.0,0,0,0,11223.956268009268,11223.95626800927,11223.956268009268,1.5,0.23769235257443821,0.11998827562843647,0.00016980662699437248,53.0,21.20000000000001,0.03850868634183678,0,4:flood:reserve|7:funding_collapse|29:flood:origin|61:funding_collapse|67:flood:semiwild|74:funding_collapse|83:heatwave:reserve|86:flood:origin|96:flood:reserve,0.004370358673401938,0.09045833732564011,0.03776752590724242,0.012837736376768003,2.7169060319099596e-05,0.0007877838305924384,0.00012018225133594261,44136fa355b3678a
S3,rule,False,200011,0.375,0.375,3,3,262,0,2,0.6666666666666666,1.0,19.0,164.22731118312805,0.5796898416020171,3.3287276071589798,0.08046051690745043,0.9195394830925496,11,126,11,11090.612173543865,11090.612173543865,3696.8707245146215,1.5,0.3527751227772686,0.2501005924549186,0.00037376587460504125,34.25,13.699999999999996,0.0639290205280096,1,4:flood:reserve|7:funding_collapse|29:flood:origin|61:funding_collapse|67:flood:semiwild|74:funding_collapse|83:heatwave:reserve|86:flood:origin|96:flood:reserve,0.00591632481729143,0.07501944217669924,0.06586009454429298,0.009027435015413414,5.980253993680659e-05,0.0006219728996482689,6.78774530045935e-05,44136fa355b3678a
S4,state_dependent_rule,False,200011,0.375,0.125,3,1,347,178,2,0.6666666666666666,1.0,22.0,149.20784389178286,0.6342187842521525,2.897999951864064,0.0008032221097251421,0.9991967778902748,168,0,0,11073.673359176344,11073.673359176344,11073.673359176344,1.5,0.31717075384930465,0.13172431624584804,0.00039745121472713126,142.5,56.999999999999964,0.07388620671138467,1,4:flood:reserve|7:funding_collapse|29:flood:origin|61:funding_collapse|67:flood:semiwild|74:funding_collapse|83:heatwave:reserve|86:flood:origin|96:flood:reserve,0.008250036922065811,0.07327068334194045,0.023927116835374657,0.008146677375056253,6.359219435634101e-05,0.0007461148730009513,0.0004839556171786011,44136fa355b3678a
S5,greedy_expected_utility,False,200011,0.375,0.125,3,1,162,77,0,0.0,0.0,,117.15675213514693,0.6328847102853606,1.957046979865772,0.03478320596830719,0.9652167940316928,185,0,0,11079.046888242843,11079.046888242843,11079.046888242843,1.5,0.30578348451184356,0.1278175428974947,0.000454288565352758,141.25,56.5,0.10709362323826298,3,4:flood:reserve|7:funding_collapse|29:flood:origin|61:funding_collapse|67:flood:semiwild|74:funding_collapse|83:heatwave:reserve|86:flood:origin|96:flood:reserve,0.007684212439167246,0.07733489177437303,0.02051609793366075,0.008150320991002016,7.268617045644128e-05,0.0007344280820236406,0.0006373132072086362,44136fa355b3678a
S6,rule,False,200011,0.75,0.5,6,4,75,75,1,0.3333333333333333,1.0,26.0,384.10203874339027,0.7495020894980157,3.0599547212426623,0.0020455485714285715,0.9979544514285714,0,0,0,11111.027961116699,11111.027961116699,2777.7569902791747,1.5,0.6448597858353043,0.3280236340189627,4.901960784313725e-05,0.0,0.0,0.03969054111502802,2,4:flood:reserve|7:funding_collapse|29:flood:origin|61:funding_collapse|67:flood:semiwild|74:funding_collapse|83:heatwave:reserve|86:flood:origin|96:flood:reserve,0.01600000000000001,0.06344997728017013,0.0,0.0,7.84313725490196e-06,0.0010400900845590711,0.0,44136fa355b3678a
S7,forward_rollout_proxy,False,200011,0.375,0.25,3,2,346,346,1,0.3333333333333333,1.0,18.0,189.5432217455779,0.732667680572806,1.977086280056577,0.15165766258046948,0.8483423374195305,39,0,0,11037.21810440412,11037.21810440412,5518.60905220206,1.5,0.36328866666666665,0.18975285763973315,0.00040085604703107554,45.25,18.1,0.10576564086250367,2,4:flood:reserve|7:funding_collapse|29:flood:origin|61:funding_collapse|67:flood:semiwild|74:funding_collapse|83:heatwave:reserve|86:flood:origin|96:flood:reserve,0.016580145388134834,0.06053498860583392,0.00017446010253534987,0.00024759432577343597,6.41369675249721e-05,0.000615966606908969,0.00017244519993207024,44136fa355b3678a
S0,none,False,200012,0.0,0.0,0,0,0,0,3,1.0,1.0,27.333333333333332,66.51643966588928,0.3510441756973242,0.0,,,0,0,0,0.0,0.0,0.0,1.4705493647435106,0.1913,0.01913,0.00017754427822038273,0.0,0.0,0.0,0,31:flood:reserve|46:heatwave:reserve|48:flood:semiwild|70:wildfire:reserve,0.007840000000000007,0.047484915827373034,0.0,0.0,2.8407084515261242e-05,0.00030250139078740785,0.0,44136fa355b3678a
S1,rule,False,200012,0.75,0.5,6,4,353,353,0,0.0,0.0,,437.60110814526416,0.7573085026586664,4.7793467933072025,0.0,1.0,0,0,0,11181.895575511844,11181.895575511846,2795.473893877961,1.5,0.822385291941833,0.37620156840155294,0.00022630559199080492,0.0,0.0,0.10584785637148815,3,27:funding_collapse|31:flood:reserve|46:heatwave:reserve|48:flood:semiwild|50:funding_collapse|70:wildfire:reserve,0.01600000000000001,0.055669785164455365,0.0,0.0,3.6208894718528795e-05,0.0009855032821599356,0.0,44136fa355b3678a
S2,rule,False,200012,0.375,0.25,3,2,54,0,2,0.6666666666666666,1.0,23.0,95.27207500298437,0.479975354771171,2.7588090853284224,6.229683332709379e-07,0.9999993770316667,0,0,0,11248.31658212435,11248.316582124351,5624.158291062175,1.5,0.23779304187278041,0.1756554873976327,0.0005042030011972195,64.0,25.599999999999998,0.05894046178535211,1,27:funding_collapse|31:flood:reserve|46:heatwave:reserve|48:flood:semiwild|50:funding_collapse|70:wildfire:reserve,0.005152741650108724,0.09201028677592887,0.05061734248014326,0.011001080790319745,8.067248019155513e-05,0.0006852728703422761,0.0001483623134144783,44136fa355b3678a
S3,rule,False,200012,0.625,0.375,5,3,451,0,1,0.3333333333333333,1.0,36.0,216.1355000337997,0.590335789049405,4.110583782192662,0.00014000509771169262,0.9998599949022883,43,258,43,11173.355721591122,11173.355721591122,3724.451907197041,1.5,0.42777551465089586,0.2687143751402646,0.00039269645716383223,75.25,30.100000000000005,0.08040492926624171,2,27:funding_collapse|31:flood:reserve|46:heatwave:reserve|48:flood:semiwild|50:funding_collapse|70:wildfire:reserve,0.0077476107701064546,0.07644750362495965,0.07036507598848825,0.006734199008302806,6.283143314621315e-05,0.0006718375486412336,0.00011302833811564318,44136fa355b3678a
S4,state_dependent_rule,False,200012,0.5,0.375,4,3,277,52,0,0.0,0.0,,157.93958187777704,0.6253212911782353,2.650179327209124,0.002310168386736838,0.9976898316132632,211,0,0,11158.929872660043,11158.929872660043,3719.643290886681,1.5,0.32456746825426147,0.2505519895750879,0.0005810807480748551,165.5,66.19999999999997,0.11421724738785266,3,27:funding_collapse|31:flood:reserve|46:heatwave:reserve|48:flood:semiwild|50:funding_collapse|70:wildfire:reserve,0.008611949890800193,0.07976333471048416,0.03563089661316964,0.005956807449432808,9.297291969197681e-05,0.0006700763387840221,0.0004028783371184754,44136fa355b3678a
S5,greedy_expected_utility,False,200012,0.375,0.25,3,2,310,150,0,0.0,0.0,,161.7842678629387,0.6519792382809242,3.214362349106525,0.003376781593116087,0.996623218406884,235,0,0,11156.992024117555,11156.992024117553,5578.4960120587775,1.5,0.30658891758254897,0.19773880249733772,0.0006869124761132299,197.75,79.1,0.11218143624008789,3,27:funding_collapse|31:flood:reserve|46:heatwave:reserve|48:flood:semiwild|50:funding_collapse|70:wildfire:reserve,0.009866729506206519,0.08116033400083594,0.017201715083058934,0.003981171119078158,0.00010990599617811679,0.0005850932033265063,0.0004854690668891927,44136fa355b3678a
S6,rule,False,200012,0.75,0.75,6,6,1081,1081,0,0.0,0.0,,721.8891720477759,0.7785540554721742,5.177797484081349,0.00020957097669881293,0.9997904290233012,0,0,0,11192.308847236709,11192.30884723671,1865.384807872785,1.5,0.9613128676339242,0.49528886441427306,0.00033175796201091067,0.0,0.0,0.04939801405033543,3,27:funding_collapse|31:flood:reserve|46:heatwave:reserve|48:flood:semiwild|50:funding_collapse|70:wildfire:reserve,0.01600000000000001,0.0344475638143736,0.0,0.0,5.3081273921745714e-05,0.0009452994395304187,0.0,44136fa355b3678a
S7,forward_rollout_proxy,False,200012,0.625,0.25,5,2,373,373,0,0.0,0.0,,227.64891499528545,0.7438167305635751,3.7808336552143342,0.0,1.0,72,0,0,11150.810074382645,11150.810074382645,5575.405037191323,1.5,0.5341956054570568,0.2317133641010922,0.0003897917333577552,63.5,25.400000000000013,0.1399273350162158,3,27:funding_collapse|31:flood:reserve|46:heatwave:reserve|48:flood:semiwild|50:funding_collapse|70:wildfire:reserve,0.016568086727839187,0.05771812715034756,0.0001569679107443427,0.00020412708069281017,6.236667733724084e-05,0.000701176123380753,0.0001353190257442536,44136fa355b3678a
S0,none,False,200013,0.25,0.0,2,0,0,0,3,1.0,1.0,31.0,59.159138595807306,0.3977485917453302,0.0,,,0,0,0,0.0,0.0,0.0,1.350624322744236,0.1913,0.01913,0.00024051966292134831,0.0,0.0,0.0,0,3:wildfire:reserve|6:wildfire:reserve,0.008960000000000006,0.05754360627334922,0.0,0.0,3.848314606741573e-05,0.0005093188352530729,0.0,44136fa355b3678a
S1,rule,False,200013,0.875,0.5,7,4,323,323,0,0.0,0.0,,407.3923296655921,0.7574606410670399,4.689624530846651,0.0,1.0,0,0,0,11157.634101217769,11157.634101217773,2789.4085253044423,1.5,0.8482678347328664,0.3785330977341089,0.00017937701396348013,0.0,0.0,0.10905034476177893,3,3:wildfire:reserve|6:wildfire:reserve,0.01600000000000001,0.05553903225898824,0.0,0.0,2.870032223415682e-05,0.0009716263517375006,0.0,44136fa355b3678a
S2,rule,False,200013,0.375,0.25,3,2,58,0,1,0.3333333333333333,1.0,18.0,90.13441435205414,0.479239052674743,1.9649230769230768,0.002599804285920527,0.9974001957140795,0,0,0,11304.04767960105,11304.047679601052,5652.023839800525,1.5,0.23802339707568423,0.16702762077190506,0.00021551730732453624,56.75,22.700000000000003,0.055380251475529246,2,3:wildfire:reserve|6:wildfire:reserve,0.0049491852549649615,0.0916226299979376,0.04851057909930614,0.01130388690772054,3.44827691719258e-05,0.0007266495956836507,0.00012009004119815666,44136fa355b3678a
S3,rule,False,200013,0.625,0.375,5,3,312,0,1,0.3333333333333333,1.0,25.0,177.18528728744732,0.610402700477924,3.701744999395656,0.00028081705728035417,0.9997191829427197,57,174,57,11150.80918158058,11150.809181580578,3716.936393860193,1.5,0.4540256105069067,0.26767970024259713,0.00029179140671166,57.75,23.099999999999998,0.08254844598974935,2,3:wildfire:reserve|6:wildfire:reserve,0.00798025083711454,0.07655581568364023,0.0510815612594549,0.007828730721946698,4.668662507386559e-05,0.0008595384442899742,0.00011218345313604661,44136fa355b3678a
S4,state_dependent_rule,False,200013,0.5,0.25,4,2,416,133,0,0.0,0.0,,185.8394955184773,0.6243770361433535,5.107846205481314,0.004430620160286076,0.9955693798397139,222,0,0,11128.174898189623,11128.174898189623,5564.087449094812,1.5,0.3511419784007847,0.2151465225239439,0.000492878581537522,160.75,64.29999999999994,0.08226931314526152,3,3:wildfire:reserve|6:wildfire:reserve,0.00901230846156022,0.07651854994923696,0.04484579200363994,0.00609213248616692,7.88605730460035e-05,0.0008539623190622215,0.00027149134645028145,44136fa355b3678a
S5,greedy_expected_utility,False,200013,0.375,0.125,3,1,314,148,0,0.0,0.0,,167.83874779103652,0.6432322758335337,5.67426335174954,0.0019776273780585116,0.9980223726219415,224,0,0,11097.938049904898,11097.938049904897,11097.938049904898,1.5,0.32370867428629685,0.16139326296579062,0.0006903067501772284,173.0,69.19999999999999,0.08014881009832775,3,3:wildfire:reserve|6:wildfire:reserve,0.00967392216712559,0.07274675587446171,0.02561319944840079,0.008002734674588362,0.00011044908002835651,0.0009647120831272703,0.0003431876983675679,44136fa355b3678a
S6,rule,False,200013,0.75,0.625,6,5,782,782,1,0.3333333333333333,1.0,19.0,572.8280777489705,0.7813041884529249,5.491643853388787,0.0,1.0,0,0,0,11177.652581250766,11177.652581250766,2235.530516250153,1.5,0.9607148919816976,0.44090738300503185,0.00017896796024109124,0.0,0.0,0.04334727636487103,2,3:wildfire:reserve|6:wildfire:reserve,0.01600000000000001,0.03164446421239597,0.0,0.0,2.8634873638574597e-05,0.0010227124610406489,0.0,44136fa355b3678a
S7,forward_rollout_proxy,False,200013,0.5,0.375,4,3,499,499,0,0.0,0.0,,233.18973120562936,0.7428812926356113,4.065212317321829,0.000282910818683435,0.9997170891813165,11,0,0,11098.907064316925,11098.907064316925,3699.6356881056417,1.5,0.5592507367274803,0.29029925047239763,0.00018546812664459723,40.25,16.099999999999994,0.12486026813215653,3,3:wildfire:reserve|6:wildfire:reserve,0.016598769572828846,0.059629234512320224,4.521028636082857e-06,9.128567892593896e-06,2.9674900263135555e-05,0.0012817083855444105,9.191348601198463e-05,44136fa355b3678a
S0,none,False,200014,0.125,0.0,1,0,0,0,3,1.0,1.0,34.666666666666664,69.77182155310732,0.35427621029106215,0.0,,,0,0,0,0.0,0.0,0.0,1.4109550800107546,0.1913,0.01913,0.00013474554832525223,0.0,0.0,0.0,0,18:flood:reserve|40:flood:semiwild|42:heatwave:reserve|44:heatwave:origin|73:wildfire:semiwild|98:flood:reserve,0.008000000000000005,0.0523031293933719,0.0,0.0,2.1559287732040357e-05,0.00039910102783410304,0.0,44136fa355b3678a
S1,rule,False,200014,0.75,0.125,6,1,33,33,0,0.0,0.0,,252.2124063309565,0.7351483163876581,3.716723549488054,0.0,1.0,0,0,0,11172.756849208752,11172.756849208752,11172.756849208752,1.5,0.7210241713038829,0.18079883347287376,0.0001750389670313189,0.0,0.0,0.0763959042380247,3,15:funding_collapse|18:flood:reserve|40:flood:semiwild|42:heatwave:reserve|44:heatwave:origin|73:wildfire:semiwild|98:flood:reserve|99:funding_collapse,0.01600000000000001,0.07804107439359208,0.0,0.0,2.800623472501102e-05,0.0007826029840245527,0.0,44136fa355b3678a
S2,rule,False,200014,0.375,0.125,3,1,47,0,2,0.6666666666666666,1.0,43.0,97.18080544221037,0.4895644934084868,2.8429858429858426,9.349552308134973e-05,0.9999065044769186,0,0,0,11270.728203162475,11270.728203162476,11270.728203162475,1.5,0.2378856765730714,0.11756298262662783,0.00010080289892291133,66.0,26.4,0.04547278269731136,1,15:funding_collapse|18:flood:reserve|40:flood:semiwild|42:heatwave:reserve|44:heatwave:origin|73:wildfire:semiwild|98:flood:reserve|99:funding_collapse,0.0052335520954113045,0.09091646275607365,0.041579270727097536,0.011968829727639714,1.6128463827665815e-05,0.0007589638077318951,0.00011374958822625396,44136fa355b3678a
S3,rule,False,200014,0.5,0.375,4,3,264,0,1,0.3333333333333333,1.0,33.0,164.141204715858,0.592055939403892,3.044083139568721,0.0030096914457950832,0.9969903085542049,15,151,15,11156.174651981173,11156.174651981171,3718.7248839937242,1.5,0.3895898037434629,0.25395054391091476,0.0001909178984462129,41.5,16.600000000000005,0.07900366070440623,2,15:funding_collapse|18:flood:reserve|40:flood:semiwild|42:heatwave:reserve|44:heatwave:origin|73:wildfire:semiwild|98:flood:reserve|99:funding_collapse,0.006890399145995541,0.07728189910556862,0.06243508646784512,0.006777342739278681,3.054686375139407e-05,0.0007061021197648798,7.537079302526204e-05,44136fa355b3678a
S4,state_dependent_rule,False,200014,0.5,0.375,4,3,482,302,1,0.3333333333333333,1.0,28.0,183.045134486811,0.633119120594269,3.5101979975439423,0.005930173970158631,0.9940698260298414,223,0,0,11150.659362490349,11150.659362490349,3716.88645416345,1.5,0.31804582808697385,0.2564275255305722,0.00023296927781082195,167.5,66.99999999999996,0.10385481373217677,2,15:funding_collapse|18:flood:reserve|40:flood:semiwild|42:heatwave:reserve|44:heatwave:origin|73:wildfire:semiwild|98:flood:reserve|99:funding_collapse,0.00953731946032915,0.07485742231060938,0.04062631551464319,0.005345557121213085,3.727508444973151e-05,0.0006843390272510109,0.0003364723227097001,44136fa355b3678a
S5,greedy_expected_utility,False,200014,0.375,0.375,3,3,527,305,1,0.3333333333333333,1.0,26.0,168.60910840055345,0.6386886100561379,2.6411490871430074,0.028415478400735935,0.9715845215992641,289,0,0,11154.481623484813,11154.481623484813,3718.160541161604,1.5,0.30656297677601063,0.24996770028467855,0.0002890766596266207,213.5,85.39999999999996,0.12074955867823692,2,15:funding_collapse|18:flood:reserve|40:flood:semiwild|42:heatwave:reserve|44:heatwave:origin|73:wildfire:semiwild|98:flood:reserve|99:funding_collapse,0.009217746770352326,0.07838707483602175,0.02588654043223313,0.004499411676750771,4.625226554025931e-05,0.0005577429472905023,0.00047481496934981737,44136fa355b3678a
S6,rule,False,200014,0.875,0.375,7,3,369,369,0,0.0,0.0,,433.6204232659622,0.7565855704410837,4.969797603847063,0.0,1.0,0,0,0,11186.92082546957,11186.920825469571,3728.9736084898564,1.5,0.8116007596258193,0.30852783070864986,0.0001458411526811305,0.0,0.0,0.04459889353798644,3,15:funding_collapse|18:flood:reserve|40:flood:semiwild|42:heatwave:reserve|44:heatwave:origin|73:wildfire:semiwild|98:flood:reserve|99:funding_collapse,0.01600000000000001,0.056564242186505576,0.0,0.0,2.333458442898088e-05,0.0008268527879814894,0.0,44136fa355b3678a
S7,forward_rollout_proxy,False,200014,0.625,0.375,5,3,574,475,1,0.3333333333333333,1.0,39.0,242.08591497780458,0.7156457820911574,2.83867874208939,0.10553865792661814,0.8944613420733819,163,0,0,11141.150433729139,11141.150433729139,3713.7168112430463,1.5,0.44990151664358363,0.26864196993710787,0.00012496902209116316,75.5,30.20000000000003,0.13257515425927804,2,15:funding_collapse|18:flood:reserve|40:flood:semiwild|42:heatwave:reserve|44:heatwave:origin|73:wildfire:semiwild|98:flood:reserve|99:funding_collapse,0.014605415165055891,0.06169594159825597,0.00513103122341593,0.0017038998747144918,1.999504353458611e-05,0.00081519807022206,0.00015048237256557525,44136fa355b3678a
S0,none,False,200015,0.0,0.0,0,0,0,0,3,1.0,1.0,24.333333333333332,28.482248253883476,0.22883739782153895,0.0,,,0,0,0,0.0,0.0,0.0,1.2586722088627118,0.07682133529098717,0.007682133529098717,0.0005224488006271389,0.0,0.0,0.0,0,5:heatwave:origin|28:flood:origin|42:flood:reserve|62:wildfire:alternative|71:heatwave:semiwild|80:heatwave:semiwild,0.0052800000000000034,0.03918384652664738,0.0,0.0,8.359180810034222e-05,0.0005151638437133179,0.0,44136fa355b3678a
S1,rule,False,200015,0.25,0.0,2,0,0,0,0,0.0,0.0,,55.31547688823964,0.3584179518287979,0.0,,,0,0,0,11188.681537933757,11188.681537933757,11188.681537933757,1.5,0.7515390285614708,0.08204009686350545,0.00048773492136876327,0.0,0.0,0.034430970036791825,3,5:heatwave:origin|14:funding_collapse|28:flood:origin|42:flood:reserve|62:wildfire:alternative|71:heatwave:semiwild|80:heatwave:semiwild,0.008000000000000005,0.04803977586057478,0.0,0.0,7.803758741900212e-05,0.0004642347232085522,0.0,44136fa355b3678a
S2,rule,False,200015,0.25,0.0,2,0,0,0,2,0.6666666666666666,1.0,16.5,34.25130614498512,0.3686561337404597,0.0,,,0,0,0,11410.971348875486,11410.971348875488,11410.971348875486,1.5,0.16088607009691178,0.022883983745030277,0.0004133752309180491,34.25,13.699999999999998,0.033976883676695484,1,5:heatwave:origin|14:funding_collapse|28:flood:origin|42:flood:reserve|62:wildfire:alternative|71:heatwave:semiwild|80:heatwave:semiwild,0.0024933483253430917,0.07412212060808653,0.011845648940598252,0.01125823381114809,6.614003694688785e-05,0.0006139633793183383,0.00011681075306758484,44136fa355b3678a
S3,rule,False,200015,0.375,0.375,3,3,296,0,1,0.3333333333333333,1.0,22.0,120.34134367384559,0.5200557597396991,2.6838925677975105,0.001723860105223736,0.9982761398947763,5,119,5,11312.3858129997,11312.3858129997,3770.7952709999004,1.5,0.4314369084644983,0.25356915616507325,0.00039248723112059967,31.0,12.399999999999999,0.07418269820324153,2,5:heatwave:origin|14:funding_collapse|28:flood:origin|42:flood:reserve|62:wildfire:alternative|71:heatwave:semiwild|80:heatwave:semiwild,0.003323727833149594,0.07953181347428083,0.0983823278507512,0.011616533053444067,6.279795697929595e-05,0.0006678972125462916,8.841075368392408e-05,44136fa355b3678a
S4,state_dependent_rule,False,200015,0.375,0.25,3,2,272,0,0,0.0,0.0,,138.95581251603946,0.5685351318842411,3.0583996837604674,0.003301911293666258,0.9966980887063337,118,0,0,11239.247034406026,11239.247034406026,5619.623517203013,1.5,0.34805686685602644,0.1948773083170292,0.00044089271973284675,175.5,70.19999999999999,0.0849381239691094,3,5:heatwave:origin|14:funding_collapse|28:flood:origin|42:flood:reserve|62:wildfire:alternative|71:heatwave:semiwild|80:heatwave:semiwild,0.006251094519114354,0.07665694413477425,0.07627829594008173,0.013125698143541545,7.054283515725548e-05,0.0007178877312701104,0.000351485178900262,44136fa355b3678a
S5,greedy_expected_utility,False,200015,0.25,0.125,2,1,101,0,0,0.0,0.0,,84.76788012017049,0.6049330233055498,1.9842443104454384,0.024829655824014907,0.9751703441759851,190,0,0,11239.652701929903,11239.652701929903,11239.652701929903,1.5,0.3210924099940248,0.12595501097304582,0.0005855642602587981,158.25,63.30000000000001,0.0887666343459447,3,5:heatwave:origin|14:funding_collapse|28:flood:origin|42:flood:reserve|62:wildfire:alternative|71:heatwave:semiwild|80:heatwave:semiwild,0.007304136094531627,0.08571251134512321,0.030485716504438834,0.01827034143677425,9.36902816414077e-05,0.0010532726705956284,0.000738970402026365,44136fa355b3678a
S6,rule,False,200015,0.375,0.125,3,1,8,8,0,0.0,0.0,,94.14974957795303,0.7283804074688451,1.8823529411764706,0.0,1.0,0,0,0,11201.156228731586,11201.156228731586,11201.156228731586,1.5,0.839319711941905,0.16391322842869038,0.0003344361513359425,0.0,0.0,0.02453863911367593,3,5:heatwave:origin|14:funding_collapse|28:flood:origin|42:flood:reserve|62:wildfire:alternative|71:heatwave:semiwild|80:heatwave:semiwild,0.01600000000000001,0.08484795028659063,0.0,0.0,5.3509784213750794e-05,0.000718132460350326,0.0,44136fa355b3678a
S7,forward_rollout_proxy,False,200015,0.625,0.5,5,4,529,514,0,0.0,0.0,,172.00689295836946,0.5972959076750883,3.1370378326271946,0.01114450167032319,0.9888554983296768,185,0,0,11219.423059825154,11219.423059825156,2804.8557649562886,1.5,0.5225565136603629,0.34103472794786094,0.0003924104364458975,106.0,42.40000000000005,0.16204349127776324,3,5:heatwave:origin|14:funding_collapse|28:flood:origin|42:flood:reserve|62:wildfire:alternative|71:heatwave:semiwild|80:heatwave:semiwild,0.01278993420965692,0.07142237712543215,0.10831595343658021,0.0196049584344157,6.278566983134362e-05,0.0009674563182406975,0.0001947586460070053,44136fa355b3678a
S0,none,False,200016,0.0,0.0,0,0,0,0,3,1.0,1.0,19.333333333333332,57.511900633435545,0.2990813244573214,0.0,,,0,0,0,0.0,0.0,0.0,1.2433382148085719,0.1913,0.01913,0.00019436161561398754,0.0,0.0,0.0,0,5:flood:reserve|7:flood:reserve|36:heatwave:origin,0.006720000000000005,0.042414933370725265,0.0,0.0,3.1097858498238004e-05,0.00035264431345512714,0.0,44136fa355b3678a
S1,rule,False,200016,0.625,0.0,5,0,0,0,1,0.3333333333333333,1.0,32.0,151.82218323724098,0.5323742914171118,0.0,,,0,0,0,11115.076381794002,11115.076381794002,11115.076381794002,1.5,0.7151383295105349,0.08241399870891572,0.000296401707027767,0.0,0.0,0.05450082878931106,2,5:flood:reserve|7:flood:reserve|8:funding_collapse|36:heatwave:origin,0.011680000000000008,0.06125324743394455,0.0,0.0,4.7424273124442725e-05,0.0005450368758192173,0.0,44136fa355b3678a
S2,rule,False,200016,0.125,0.125,1,1,26,0,3,1.0,1.0,29.333333333333332,75.87023063226134,0.49400652561260316,2.9649122807017543,0.0,1.0,0,0,0,11266.070437405377,11266.070437405377,11266.070437405377,1.5,0.23786642447460873,0.11709578664803803,0.0002655773063783285,50.5,20.200000000000003,0.037050106967798084,0,5:flood:reserve|7:flood:reserve|8:funding_collapse|36:heatwave:origin,0.004887085211794442,0.09008638124970561,0.030907855024671096,0.012525166839167698,4.249236902053256e-05,0.0007860321267109699,0.0001264437966394843,44136fa355b3678a
S3,rule,False,200016,0.5,0.375,4,3,171,0,2,0.6666666666666666,1.0,16.0,145.52551318974537,0.5551480374291989,2.42331442454068,0.0009982929705354808,0.9990017070294646,19,132,19,11157.30444997902,11157.30444997902,3719.10148332634,1.5,0.4112484571279303,0.2488513362336584,0.00024243124017714736,37.75,15.1,0.07371673137729282,1,5:flood:reserve|7:flood:reserve|8:funding_collapse|36:heatwave:origin,0.006140337033649222,0.07585606678911186,0.09624438698346102,0.0091382885651975,3.878899842834357e-05,0.0007598432968852688,8.595809642022355e-05,44136fa355b3678a
S4,state_dependent_rule,False,200016,0.375,0.375,3,3,518,139,2,0.6666666666666666,1.0,21.5,162.14959096910172,0.5886073105577971,3.2100818105964652,0.0010889429098059722,0.998911057090194,161,0,0,11134.416430545003,11134.416430545001,3711.472143515001,1.5,0.33031162137502296,0.252829968588872,0.00026451332741879994,156.0,62.39999999999995,0.09473994172702527,1,5:flood:reserve|7:flood:reserve|8:funding_collapse|36:heatwave:origin,0.00694074933468018,0.07556268140525471,0.061805006610360716,0.007617680252468642,4.2322132387008e-05,0.0005902946230887024,0.0003110753983101801,44136fa355b3678a
S5,greedy_expected_utility,False,200016,0.375,0.25,3,2,313,147,1,0.3333333333333333,1.0,19.0,157.84569882269898,0.6192872525369598,2.7814495075770145,0.001603270027875384,0.9983967299721246,239,0,0,11131.327773127918,11131.327773127918,5565.663886563959,1.5,0.30632372032232263,0.18980157749752577,0.00028135431138916753,191.0,76.39999999999999,0.0942735519476168,2,5:flood:reserve|7:flood:reserve|8:funding_collapse|36:heatwave:origin,0.007781208238856763,0.07700286733093535,0.03409995998050135,0.005987727056546445,4.5016689822266804e-05,0.0007002743405756712,0.00046521079363640597,44136fa355b3678a
S6,rule,False,200016,0.75,0.375,6,3,133,133,0,0.0,0.0,,310.11880930991134,0.741260416317657,3.068929535141454,0.0,1.0,0,0,0,11138.251704042592,11138.251704042594,3712.750568014197,1.5,0.8499768301452102,0.29165052469726105,0.00026818190099135215,0.0,0.0,0.036067731656627404,3,5:flood:reserve|7:flood:reserve|8:funding_collapse|36:heatwave:origin,0.01600000000000001,0.0719154220478309,0.0,0.0,4.290910415861634e-05,0.0007812525303533144,0.0,44136fa355b3678a
S7,forward_rollout_proxy,False,200016,0.5,0.25,4,2,334,334,1,0.3333333333333333,1.0,19.0,188.49003179004754,0.7385085659769273,2.950678358517534,0.000266242458968485,0.9997337575410316,38,0,0,11046.682067175265,11046.682067175265,5523.341033587632,1.5,0.4692628403819094,0.210683687747625,0.00010752314814814813,35.5,14.199999999999994,0.10875310062129356,2,5:flood:reserve|7:flood:reserve|8:funding_collapse|36:heatwave:origin,0.016870498798629906,0.05430984732073073,6.460233856111702e-05,0.00036608345199676094,1.7203703703703705e-05,0.0007376346954521974,0.00017917043388781156,44136fa355b3678a
S0,none,False,200017,0.125,0.0,1,0,0,0,3,1.0,1.0,30.666666666666668,58.370440172355686,0.3508924068431744,0.0,,,0,0,0,0.0,0.0,0.0,1.5,0.1909255486393063,0.019092554863930633,2.652519893899204e-05,0.0,0.0,0.0,0,4:wildfire:semiwild|37:heatwave:origin|46:heatwave:alternative|95:flood:semiwild,0.008000000000000005,0.05575902075360275,0.0,0.0,4.244031830238727e-06,0.00034432837139271826,0.0,44136fa355b3678a
S1,rule,False,200017,0.625,0.125,5,1,3,3,1,0.3333333333333333,1.0,26.0,201.4551391217423,0.7313260200744854,1.0,0.0,1.0,0,0,0,11217.273924894162,11217.273924894162,11217.273924894162,1.5,0.7944315068591871,0.16070432041317156,2.6041666666666665e-05,0.0,0.0,0.0750558486362643,2,4:wildfire:semiwild|12:funding_collapse|37:heatwave:origin|46:heatwave:alternative|95:flood:semiwild,0.01600000000000001,0.08174429671765028,0.0,0.0,4.166666666666667e-06,0.0009255165411975855,0.0,44136fa355b3678a
S2,rule,False,200017,0.375,0.125,3,1,46,0,2,0.6666666666666666,1.0,32.0,91.1712476576401,0.4799529634678074,2.9887005649717517,0.0,1.0,0,0,0,11294.765859418696,11294.765859418698,11294.765859418696,1.5,0.29935530088972623,0.12560449288121528,5.439676424132383e-05,59.5,23.800000000000004,0.04765978571262561,1,4:wildfire:semiwild|12:funding_collapse|37:heatwave:origin|46:heatwave:alternative|95:flood:semiwild,0.005053155835969542,0.09189040479025795,0.047322136394963216,0.012138246823491107,8.703482278611813e-06,0.0007991257190134142,0.0001313104915716874,44136fa355b3678a
S3,rule,False,200017,0.625,0.25,5,2,225,0,1,0.3333333333333333,1.0,19.0,164.30387690263981,0.5870271107211465,4.299314762047494,0.0,1.0,10,107,10,11187.677364878014,11187.677364878014,5593.838682439007,1.5,0.5668315080992089,0.2260236212149042,2.5125628140703518e-05,29.25,11.7,0.0692366139225418,2,4:wildfire:semiwild|12:funding_collapse|37:heatwave:origin|46:heatwave:alternative|95:flood:semiwild,0.006762974390299853,0.07818276611970737,0.06532578305373725,0.007696065221880255,4.020100502512563e-06,0.0006957456059412813,6.692572870843341e-05,44136fa355b3678a
S4,state_dependent_rule,False,200017,0.5,0.375,4,3,379,235,2,0.6666666666666666,1.0,37.5,205.9464108977856,0.6090881676143363,2.836891433898719,0.0024143731422697776,0.9975856268577302,214,0,0,11183.810520523297,11183.810520523297,3727.9368401744323,1.5,0.48617814638112256,0.26566326687079045,0.00011987648407649414,147.0,58.799999999999955,0.09963268946845491,1,4:wildfire:semiwild|12:funding_collapse|37:heatwave:origin|46:heatwave:alternative|95:flood:semiwild,0.012281006376655867,0.07203679738638967,0.08702101256998677,0.02170057596104931,1.9180237452239064e-05,0.0011203815563041119,0.00022748337301076987,44136fa355b3678a
S5,greedy_expected_utility,False,200017,0.75,0.375,6,3,353,203,1,0.3333333333333333,1.0,20.0,207.84172253688496,0.6228911500677765,3.6562489708495867,0.009883574499400203,0.9901164255005998,225,0,0,11211.51304190581,11211.513041905808,3737.1710139686033,1.5,0.46000186164504653,0.27879426098656696,0.00017774796517987555,188.75,75.5,0.13740792556783202,2,4:wildfire:semiwild|12:funding_collapse|37:heatwave:origin|46:heatwave:alternative|95:flood:semiwild,0.0121376080171273,0.0730091617457855,0.08607572838941299,0.008825060479135545,2.843967442878009e-05,0.0006518077512588545,0.0002825567690174002,44136fa355b3678a
S6,rule,False,200017,0.75,0.5,6,4,297,297,1,0.3333333333333333,1.0,20.0,389.52245033720715,0.7526932300222239,4.948112836112088,0.0,1.0,0,0,0,11227.681160365551,11227.681160365551,2806.920290091388,1.5,0.8823508586805943,0.37086775802999794,2.4937655860349125e-05,0.0,0.0,0.0407577190040881,2,4:wildfire:semiwild|12:funding_collapse|37:heatwave:origin|46:heatwave:alternative|95:flood:semiwild,0.01600000000000001,0.060278291396782785,0.0,0.0,3.99002493765586e-06,0.0010244885560552692,0.0,44136fa355b3678a
S7,forward_rollout_proxy,False,200017,0.625,0.625,5,5,959,959,1,0.3333333333333333,1.0,21.0,240.47408367068343,0.5161069853609181,3.3543201871962394,0.0009380435091206176,0.9990619564908794,38,0,0,11191.519667545806,11191.519667545806,2238.303933509161,1.5,0.6466388626274256,0.4122155186926728,2.5125628140703518e-05,41.0,16.399999999999995,0.16379215278983913,2,4:wildfire:semiwild|12:funding_collapse|37:heatwave:origin|46:heatwave:alternative|95:flood:semiwild,0.013590116313235456,0.04878520086395163,0.2210877375406642,0.016299222387133175,4.020100502512563e-06,0.0009947002900957578,6.30656555608633e-05,44136fa355b3678a
S0,none,False,200018,0.125,0.0,1,0,0,0,3,1.0,1.0,33.666666666666664,60.94439953259916,0.37778214097678914,0.0,,,0,0,0,0.0,0.0,0.0,1.5,0.24796666666666647,0.024796666666666647,0.00021664756811815635,0.0,0.0,0.0,0,79:wildfire:origin,0.008480000000000007,0.053177735974987005,0.0,0.0,3.466361089890501e-05,0.0004254594373249788,0.0,44136fa355b3678a
S1,rule,False,200018,0.625,0.5,5,4,31,31,1,0.3333333333333333,1.0,28.0,345.64895811668435,0.7469475714053015,2.3529587210689575,0.0,1.0,0,0,0,11214.30870424864,11214.30870424864,2803.57717606216,1.5,0.7757451990659711,0.3463148084048445,0.0001600695564710395,0.0,0.0,0.10105350643778933,2,79:wildfire:origin|81:funding_collapse,0.01600000000000001,0.06604729042160566,0.0,0.0,2.5611129035366318e-05,0.0009795270440572578,0.0,44136fa355b3678a
S2,rule,False,200018,0.375,0.125,3,1,13,0,2,0.6666666666666666,1.0,21.0,78.5984179326463,0.5033529941344793,2.864406779661017,0.0,1.0,0,0,0,11280.241192057121,11280.241192057121,11280.241192057121,1.5,0.3562569821104154,0.1307639337945778,0.00029636222868993384,59.75,23.9,0.05122083893463043,1,79:wildfire:origin|81:funding_collapse,0.005095345969251501,0.0905536926123522,0.02810713416863818,0.01118013130488296,4.741795659038942e-05,0.0007023979348438017,0.00015084869581900482,44136fa355b3678a
S3,rule,False,200018,0.375,0.375,3,3,255,0,2,0.6666666666666666,1.0,17.0,163.03017057428664,0.6174906262508698,3.6859187571118173,0.0434467793786561,0.9565532206213438,26,160,26,11194.083113668985,11194.083113668983,3731.3610378896615,1.5,0.6240878592859459,0.28244763423243835,0.00030854456852209844,46.5,18.60000000000001,0.07214830366362796,1,79:wildfire:origin|81:funding_collapse,0.007927714549440069,0.0754935812366476,0.04834103882006008,0.0061025816841683575,4.936713096353575e-05,0.0006238509201409925,9.590517588787623e-05,44136fa355b3678a
S4,state_dependent_rule,False,200018,0.5,0.375,4,3,387,322,2,0.6666666666666666,1.0,22.0,190.96487839298487,0.6339937094108594,3.5546381997304546,0.013437699274000778,0.9865623007259993,268,0,0,11195.781737375615,11195.781737375615,3731.927245791872,1.5,0.5435353045333837,0.27950886105886374,0.0005749272070043259,162.25,64.89999999999995,0.104294743041104,1,79:wildfire:origin|81:funding_collapse,0.01233388179434948,0.06972302071150661,0.06846198941902465,0.017289104611671876,9.198835312069217e-05,0.0009133935138760276,0.0002652689038934563,44136fa355b3678a
S5,greedy_expected_utility,False,200018,0.5,0.375,4,3,528,456,1,0.3333333333333333,1.0,28.0,223.1311328236429,0.6473988479129449,3.0048064220502453,0.00028204839365168327,0.9997179516063484,327,0,0,11202.946900165734,11202.946900165734,3734.315633388578,1.5,0.5168373922706451,0.27770863076986596,0.0004930331478655239,204.5,81.8,0.13613413661149495,2,79:wildfire:origin|81:funding_collapse,0.01247636188353056,0.0744243125030678,0.060820737953208755,0.006692186402856796,7.888530365848384e-05,0.0006291974018554661,0.0003090793994006639,44136fa355b3678a
S6,rule,False,200018,0.75,0.625,6,5,288,288,1,0.3333333333333333,1.0,15.0,570.2255504510383,0.7678603473665483,5.069143593944771,0.0,1.0,0,0,0,11224.317186533313,11224.317186533315,2244.8634373066625,1.5,0.8614903131590994,0.4276178592129905,0.0001601420139385061,0.0,0.0,0.0476369597881644,2,79:wildfire:origin|81:funding_collapse,0.01600000000000001,0.045073128125416764,0.0,0.0,2.5622722230160974e-05,0.0010409017858050162,0.0,44136fa355b3678a
S7,forward_rollout_proxy,False,200018,0.5,0.5,4,4,1200,1200,0,0.0,0.0,,369.9584795093284,0.6377193655825045,4.36245525575023,0.03641827344747002,0.9635817265525299,88,0,0,11220.672012606881,11220.672012606883,2805.1680031517203,1.5,0.6699999999999999,0.3633927428472001,0.0003792770502950147,79.75,31.900000000000027,0.13884095144848896,3,79:wildfire:origin|81:funding_collapse,0.014252666027342735,0.0490845755781834,0.09832885009049369,0.015023014838452819,6.068432804720234e-05,0.001107698306638012,7.478258253009159e-05,44136fa355b3678a
S0,none,False,200019,0.125,0.0,1,0,0,0,3,1.0,1.0,26.666666666666668,68.88192895388241,0.3597153034967277,0.0,,,0,0,0,0.0,0.0,0.0,1.5,0.24796666666666647,0.024796666666666647,0.00018553691884418252,0.0,0.0,0.0,0,41:wildfire:origin,0.008160000000000006,0.05489933185291093,0.0,0.0,2.96859070150692e-05,0.0004956787433462651,0.0,44136fa355b3678a
S1,rule,False,200019,0.75,0.0,6,0,0,0,1,0.3333333333333333,1.0,11.0,221.84300607831875,0.7237661460394635,0.0,,,0,0,0,11246.92578306824,11246.925783068242,11246.92578306824,1.5,0.7877105343006287,0.09397417548318955,0.00020483212957378107,0.0,0.0,0.07601561026563342,2,41:wildfire:origin,0.01584000000000001,0.08113680333175528,0.0,0.0,3.277314073180497e-05,0.0009242774880491256,0.0,44136fa355b3678a
S2,rule,False,200019,0.375,0.25,3,2,36,0,1,0.3333333333333333,1.0,25.0,85.8148572839241,0.4613091115055925,2.7654625068418177,0.0009719069048469499,0.9990280930951531,0,0,0,11346.273406104321,11346.273406104321,5673.136703052161,1.5,0.3568908913652684,0.18836507875855826,0.00025044553553753816,63.0,25.200000000000003,0.06260682276806612,2,41:wildfire:origin,0.004552300771892142,0.09139387597447111,0.05851451058788672,0.011332437831027817,4.007128568600611e-05,0.0006877138600770678,0.00012704592797057742,44136fa355b3678a
S3,rule,False,200019,0.5,0.375,4,3,376,0,0,0.0,0.0,,189.02321094703387,0.5825441682846786,4.180008656586701,0.0002833952019273046,0.9997166047980727,16,170,16,11228.13272486527,11228.13272486527,3742.7109082884235,1.5,0.6252319262221409,0.288677439616485,0.0001373068890435916,46.5,18.60000000000001,0.07802080214201945,3,41:wildfire:origin,0.007010555725728919,0.07595677453294897,0.07160852794191416,0.008325520793130791,2.1969102246974656e-05,0.000724486503425861,9.758197625551206e-05,44136fa355b3678a
S4,state_dependent_rule,False,200019,0.5,0.5,4,4,486,477,1,0.3333333333333333,1.0,11.0,244.46672658087857,0.605740233979034,3.377697145438353,0.04101558455896203,0.958984415441038,249,0,0,11242.019674187017,11242.019674187017,2810.504918546754,1.5,0.5447559860652048,0.34017036994478544,0.00023349777147245503,149.5,59.799999999999976,0.134588999419407,2,41:wildfire:origin,0.013241640008474493,0.06860208407422919,0.11728152744911119,0.00804889596230606,3.73596434355928e-05,0.0005965499543639313,0.00018106056948264515,44136fa355b3678a
S5,greedy_expected_utility,False,200019,0.625,0.5,5,4,468,440,1,0.3333333333333333,1.0,9.0,228.74353919308487,0.61670059769488,3.5927157957360105,0.0034556781282574786,0.9965443218717425,312,0,0,11234.198131711692,11234.198131711692,2808.549532927923,1.5,0.5175874218277481,0.343197952935202,0.0003477768394803196,187.0,74.79999999999998,0.1525602639753354,2,41:wildfire:origin,0.01318407609927978,0.07146494435645576,0.09256373645678144,0.015546897539429233,5.564429431685114e-05,0.0010216826877198703,0.0002540139006636531,44136fa355b3678a
S6,rule,False,200019,0.625,0.5,5,4,290,290,1,0.3333333333333333,1.0,13.0,396.6808197209117,0.7525508353715451,4.501868676801732,0.0,1.0,0,0,0,11257.103437338645,11257.103437338646,2814.275859334661,1.5,0.8758518037027936,0.36632652325328185,0.00020462707708034276,0.0,0.0,0.043613280574926014,2,41:wildfire:origin,0.01600000000000001,0.06049920942979013,0.0,0.0,3.274033233285485e-05,0.0009172148663318505,0.0,44136fa355b3678a
S7,forward_rollout_proxy,False,200019,0.625,0.625,5,5,908,908,0,0.0,0.0,,255.65677382136863,0.5368358706265193,3.9278854581441167,0.0009356133822422605,0.9990643866177578,19,0,0,11215.211180449804,11215.211180449804,2243.0422360899606,1.5,0.6699999999999999,0.4215025482291003,8.547008547008548e-05,43.0,17.200000000000003,0.16986846823829596,3,41:wildfire:origin,0.01379974814331941,0.04943301028106237,0.201886700451029,0.01524490498508032,1.3675213675213676e-05,0.0009504993126733397,6.144382988049808e-05,44136fa355b3678a
S0,none,False,200020,0.0,0.0,0,0,0,0,3,1.0,1.0,18.333333333333332,19.611534758135953,0.1702165449844067,0.0,,,0,0,0,0.0,0.0,0.0,1.1423788469816774,0.13410588894905165,0.013410588894905165,0.00018077162037571408,0.0,0.0,0.0,0,4:flood:origin|5:flood:reserve|13:wildfire:semiwild|14:heatwave:semiwild|23:flood:origin|59:heatwave:alternative,0.004000000000000003,0.033045511975618565,0.0,0.0,2.8923459260114256e-05,0.00020901958071469526,0.0,44136fa355b3678a
S1,rule,False,200020,0.0,0.0,0,0,0,0,0,0.0,0.0,,24.551057967798794,0.2503817694442337,0.0,,,0,0,0,11052.838793340725,11052.838793340725,11052.838793340725,1.5,0.7054284533277994,0.07466380797697998,0.0002077505459901514,0.0,0.0,0.020604813221000252,3,4:flood:origin|5:flood:reserve|13:wildfire:semiwild|14:heatwave:semiwild|15:funding_collapse|23:flood:origin|59:heatwave:alternative|83:funding_collapse,0.005760000000000004,0.04226486311381519,0.0,0.0,3.3240087358424226e-05,0.00036012735459274386,0.0,44136fa355b3678a
S2,rule,False,200020,0.125,0.125,1,1,35,0,3,1.0,1.0,14.0,31.764369796339988,0.430106033263431,2.5467775467775473,0.0,1.0,0,0,0,11414.78398012403,11414.78398012403,11414.78398012403,1.5,0.20026639319702386,0.10898469450905908,0.0002682677953575786,26.75,10.699999999999998,0.03620139860790606,0,4:flood:origin|5:flood:reserve|13:wildfire:semiwild|14:heatwave:semiwild|15:funding_collapse|23:flood:origin|59:heatwave:alternative|83:funding_collapse,0.001814175819430622,0.09663539470236399,0.03462025603758347,0.016175691090295957,4.2922847257212576e-05,0.0007421532000383445,9.734157796658292e-05,44136fa355b3678a
S3,rule,False,200020,0.25,0.25,2,2,218,0,1,0.3333333333333333,1.0,11.0,110.67454627932642,0.5116357911781914,3.887979661310152,0.0003463536832450546,0.9996536463167549,0,91,0,11302.97714821585,11302.97714821585,5651.488574107925,1.5,0.47046449916788763,0.2098387626091197,0.00015494369280270065,22.75,9.1,0.05706258039614702,2,4:flood:origin|5:flood:reserve|13:wildfire:semiwild|14:heatwave:semiwild|15:funding_collapse|23:flood:origin|59:heatwave:alternative|83:funding_collapse,0.001835464886228441,0.07645473774128538,0.09184534358393177,0.015360900709097826,2.47909908484321e-05,0.000707498756856551,7.243978443707757e-05,44136fa355b3678a
S4,state_dependent_rule,False,200020,0.125,0.125,1,1,234,50,1,0.3333333333333333,1.0,8.0,83.50558781312132,0.5658279879180533,3.0208540218470703,0.04810585617497585,0.9518941438250241,45,0,0,11284.380733635024,11284.380733635022,11284.380733635024,1.5,0.3885921183557979,0.13614922641969518,0.0004700017124043609,132.0,52.8,0.05415737182822333,2,4:flood:origin|5:flood:reserve|13:wildfire:semiwild|14:heatwave:semiwild|15:funding_collapse|23:flood:origin|59:heatwave:alternative|83:funding_collapse,0.003567525154301258,0.07727758105550826,0.049191121873580455,0.014113456415661649,7.520027398469773e-05,0.0008231076150876114,0.0004856417627720142,44136fa355b3678a
S5,greedy_expected_utility,False,200020,0.125,0.125,1,1,203,16,1,0.3333333333333333,1.0,21.0,79.70482140777489,0.5606650791995178,2.8847742387119357,0.008084441296867048,0.991915558703133,84,0,0,11261.508471537338,11261.508471537338,11261.508471537338,1.5,0.3609606703047305,0.13259807793965517,0.00026219134158193906,144.5,57.800000000000026,0.05702134261031372,2,4:flood:origin|5:flood:reserve|13:wildfire:semiwild|14:heatwave:semiwild|15:funding_collapse|23:flood:origin|59:heatwave:alternative|83:funding_collapse,0.0032965809559141897,0.07704542465074028,0.04918316986610656,0.014629963833086452,4.195061465311026e-05,0.000867552188262511,0.0005770916911467347,44136fa355b3678a
S6,rule,False,200020,0.0,0.0,0,0,0,0,1,0.3333333333333333,1.0,10.0,28.704029530848658,0.2604226030482446,0.0,,,0,0,0,11083.563371462289,11083.563371462289,11083.563371462289,1.5,0.7928941587032167,0.08075013494086429,0.00022642115013673787,0.0,0.0,0.007303595352713067,2,4:flood:origin|5:flood:reserve|13:wildfire:semiwild|14:heatwave:semiwild|15:funding_collapse|23:flood:origin|59:heatwave:alternative|83:funding_collapse,0.005920000000000004,0.040429816462604996,0.0,0.0,3.622738402187806e-05,0.00029135310512852275,0.0,44136fa355b3678a
S7,forward_rollout_proxy,False,200020,0.0,0.0,0,0,0,0,0,0.0,0.0,,22.360365825888074,0.2178992252828701,0.0,,,22,0,0,11219.356938674247,11219.356938674247,11219.356938674247,1.5,0.5618974584121514,0.062491240928777884,0.0002158898955206898,28.75,11.500000000000002,0.031507475437813695,3,4:flood:origin|5:flood:reserve|13:wildfire:semiwild|14:heatwave:semiwild|15:funding_collapse|23:flood:origin|59:heatwave:alternative|83:funding_collapse,0.003579685021407555,0.03193243807580725,0.0004353248172199572,0.0018333004122917881,3.454238328331037e-05,0.0003646437520592565,0.00027202771022311094,44136fa355b3678a
S0,none,False,200021,0.0,0.0,0,0,0,0,3,1.0,1.0,29.333333333333332,62.68592829728064,0.33553895300664577,0.0,,,0,0,0,0.0,0.0,0.0,1.4556526644899923,0.07231985668187084,0.0072319856681870845,0.00026010280823822213,0.0,0.0,0.0,0,6:wildfire:semiwild|14:heatwave:semiwild|22:flood:origin|75:flood:alternative|80:wildfire:reserve,0.007680000000000005,0.05470251614915174,0.0,0.0,4.161644931811554e-05,0.00043691439488438024,0.0,44136fa355b3678a
S1,rule,False,200021,0.5,0.375,4,3,42,42,0,0.0,0.0,,198.81233464702083,0.7347438595385947,1.8155118787638145,0.03501828120424645,0.9649817187957536,0,0,0,11209.18543272806,11209.18543272806,3736.3951442426865,1.5,0.7651110085753067,0.2809393848792755,0.00030087314893599505,0.0,0.0,0.0876158261705335,3,6:wildfire:semiwild|14:heatwave:semiwild|22:flood:origin|28:funding_collapse|75:flood:alternative|80:wildfire:reserve,0.01600000000000001,0.07827621652874316,0.0,0.0,4.8139703829759205e-05,0.0009317842288322378,0.0,44136fa355b3678a
S2,rule,False,200021,0.375,0.125,3,1,9,0,0,0.0,0.0,,76.53957373843613,0.4577722443818802,1.0,0.1336541846340358,0.8663458153659642,0,0,0,11326.957984211946,11326.957984211946,11326.957984211946,1.5,0.15744609369987697,0.09600125028693436,0.0002892192864606658,46.0,18.4,0.07003320458473328,3,6:wildfire:semiwild|14:heatwave:semiwild|22:flood:origin|28:funding_collapse|75:flood:alternative|80:wildfire:reserve,0.0038050767743395635,0.09482987767981221,0.047664892130440915,0.01113578317801952,4.627508583370653e-05,0.0006255896270758305,9.219954488589357e-05,44136fa355b3678a
S3,rule,False,200021,0.5,0.375,4,3,427,0,0,0.0,0.0,,165.1212479488349,0.5376764625279461,4.330192296866398,0.002037251892721769,0.9979627481072783,16,141,16,11219.145841515525,11219.145841515525,3739.715280505175,1.5,0.4256705973263652,0.2698941365780972,0.0004558529570073406,39.25,15.699999999999996,0.07637576938398331,3,6:wildfire:semiwild|14:heatwave:semiwild|22:flood:origin|28:funding_collapse|75:flood:alternative|80:wildfire:reserve,0.005261244035422583,0.07697599898367997,0.09950147077773652,0.010783848976132026,7.293647312117452e-05,0.0007543053869210534,0.00010466272718290654,44136fa355b3678a
S4,state_dependent_rule,False,200021,0.5,0.5,4,4,403,63,0,0.0,0.0,,206.19014896351814,0.5808417842169833,2.717034755299494,0.0139152742712533,0.9860847257287467,197,0,0,11213.94118108973,11213.94118108973,2803.4852952724327,1.5,0.34475534423221194,0.3131913540986937,0.00047135506367419126,159.0,63.599999999999966,0.13272736061238774,3,6:wildfire:semiwild|14:heatwave:semiwild|22:flood:origin|28:funding_collapse|75:flood:alternative|80:wildfire:reserve,0.01111222816034205,0.07536966453165976,0.10428751867434966,0.019161376267171907,7.54168101878706e-05,0.0010091440237667974,0.0002545568887708584,44136fa355b3678a
S5,greedy_expected_utility,False,200021,0.625,0.375,5,3,265,11,0,0.0,0.0,,193.23785083010458,0.595082586023399,2.830504419607886,0.01252069274373227,0.9874793072562678,220,0,0,11227.933798516968,11227.933798516966,3742.644599505656,1.5,0.31817770821585006,0.25900860812098575,0.0004093633747408717,187.25,74.89999999999999,0.1506789655166092,3,6:wildfire:semiwild|14:heatwave:semiwild|22:flood:origin|28:funding_collapse|75:flood:alternative|80:wildfire:reserve,0.010972474392210628,0.07828570853506266,0.09224042101460375,0.01233520126986841,6.549813995853947e-05,0.0008209801414503109,0.0003154271162432598,44136fa355b3678a
S6,rule,False,200021,0.75,0.5,6,4,528,528,0,0.0,0.0,,409.6605143942579,0.7574924313520494,5.949714758276436,0.0,1.0,0,0,0,11219.849485934177,11219.849485934179,2804.9623714835443,1.5,0.8955973816547292,0.38238391695003915,0.000535574665979175,0.0,0.0,0.04163515600900948,3,6:wildfire:semiwild|14:heatwave:semiwild|22:flood:origin|28:funding_collapse|75:flood:alternative|80:wildfire:reserve,0.01600000000000001,0.05541838016634345,0.0,0.0,8.569194655666802e-05,0.0010034965350503055,0.0,44136fa355b3678a
S7,forward_rollout_proxy,False,200021,0.625,0.625,5,5,590,589,0,0.0,0.0,,237.03945278551012,0.5018368011155249,3.321530205817691,0.0026513661383550675,0.997348633861645,58,0,0,11197.081404674942,11197.081404674944,2239.416280934988,1.5,0.5331268511231351,0.4007340795856978,0.0003147040664543259,57.0,22.800000000000015,0.16478046207603686,3,6:wildfire:semiwild|14:heatwave:semiwild|22:flood:origin|28:funding_collapse|75:flood:alternative|80:wildfire:reserve,0.013312386893966424,0.0559615001110424,0.2246848007328313,0.018453468743906406,5.0352650632692154e-05,0.0010437079007098522,8.145539708373266e-05,44136fa355b3678a
S0,none,False,200022,0.25,0.0,2,0,0,0,3,1.0,1.0,32.333333333333336,66.10541337950504,0.39429612850071405,0.0,,,0,0,0,0.0,0.0,0.0,1.494906843935166,0.13469982989994386,0.013469982989994387,0.00012872564554333867,0.0,0.0,0.0,0,48:wildfire:origin|52:wildfire:alternative,0.008960000000000006,0.061152454210438065,0.0,0.0,2.0596103286934192e-05,0.0003708211855608906,0.0,44136fa355b3678a
S1,rule,False,200022,0.625,0.25,5,2,35,35,0,0.0,0.0,,255.86861717033287,0.7363340732515518,1.7668435013262602,0.022347436919049994,0.97765256308095,0,0,0,11247.348704248641,11247.348704248641,5623.674352124321,1.5,0.7967268068221328,0.22800297071285688,0.00010175452206405235,0.0,0.0,0.09080927508690492,3,48:wildfire:origin|52:wildfire:alternative,0.01600000000000001,0.07682983179613735,0.0,0.0,1.6280723530248376e-05,0.0008198142287807097,0.0,44136fa355b3678a
S2,rule,False,200022,0.375,0.125,3,1,53,0,1,0.3333333333333333,1.0,28.0,78.21045042204469,0.47670508119497307,2.7298347910592806,0.00013646858945957294,0.9998635314105404,0,0,0,11354.377173129262,11354.377173129264,11354.377173129262,1.5,0.2437018507619851,0.11786045507942051,0.0002838620257975097,59.0,23.600000000000005,0.049709610463145995,2,48:wildfire:origin|52:wildfire:alternative,0.004603817331297096,0.09111729500356251,0.04433816798452335,0.011736435154793117,4.541792412760155e-05,0.0007100786399046546,0.00013592749469876415,44136fa355b3678a
S3,rule,False,200022,0.5,0.375,4,3,145,0,0,0.0,0.0,,138.90276735484838,0.6156792662706615,2.7642849391806705,0.0019268123951161375,0.9980731876048838,18,157,18,11236.224301778508,11236.224301778508,3745.408100592836,1.5,0.5122369664397025,0.2623952962637205,0.00032969215513178586,43.75,17.500000000000007,0.07389375113971763,3,48:wildfire:origin|52:wildfire:alternative,0.0077498415626643434,0.07556639967955338,0.048313245268405344,0.00847065249676995,5.275074482108575e-05,0.0008146821914832034,0.00011588631491097887,44136fa355b3678a
S4,state_dependent_rule,False,200022,0.625,0.5,5,4,798,523,1,0.3333333333333333,1.0,22.0,253.3583786748038,0.5978627046985021,3.2914499806009685,0.005700774537748731,0.9942992254622512,303,0,0,11242.120334425093,11242.120334425093,2810.5300836062734,1.5,0.43149180672876764,0.3270524564058675,0.0010751684219510857,170.5,68.19999999999997,0.12994387963490522,2,48:wildfire:origin|52:wildfire:alternative,0.010854996089450519,0.07001904187490199,0.08999481854492006,0.01982216532915359,0.00017202694751217374,0.000979940237422117,0.00019558367962212338,44136fa355b3678a
S5,greedy_expected_utility,False,200022,0.5,0.5,4,4,675,357,1,0.3333333333333333,1.0,23.0,266.9644536481172,0.590004452522496,4.012931374167863,0.0021726173664268792,0.9978273826335731,301,0,0,11242.152716445962,11242.152716445962,2810.5381791114905,1.5,0.4045114950946469,0.33422026860622817,0.00035747636148121857,202.5,80.99999999999999,0.14319902677542418,2,48:wildfire:origin|52:wildfire:alternative,0.011118072670342935,0.07263838743423123,0.10056322518060926,0.017092833200016377,5.719621783699497e-05,0.0009620170081982124,0.00021185757945835066,44136fa355b3678a
S6,rule,False,200022,0.875,0.5,7,4,388,388,0,0.0,0.0,,460.8047051914067,0.7584472366304575,5.408629928086002,0.0,1.0,0,0,0,11257.357186533314,11257.357186533316,2814.3392966333286,1.5,0.8848644727924871,0.37675746620769673,9.876603423889187e-05,0.0,0.0,0.04592359823793995,3,48:wildfire:origin|52:wildfire:alternative,0.01600000000000001,0.05464097641826627,0.0,0.0,1.58025654782227e-05,0.0008959843857976895,0.0,44136fa355b3678a
S7,forward_rollout_proxy,False,200022,0.625,0.625,5,5,937,937,1,0.3333333333333333,1.0,22.0,272.88868032704437,0.5050107887153892,3.941181669065293,0.0033738840869379032,0.996626115913062,17,0,0,11223.695839986425,11223.695839986427,2244.739167997285,1.5,0.5909949963396978,0.41319956478241215,0.0002823960650549907,42.25,16.9,0.16719124228894738,2,48:wildfire:origin|52:wildfire:alternative,0.013670962655103392,0.046780296156237806,0.23439679830721666,0.01684217198895222,4.518337040879852e-05,0.000934193084968548,4.1894092274787125e-05,44136fa355b3678a
S0,none,False,200023,0.0,0.0,0,0,0,0,3,1.0,1.0,20.333333333333332,43.71022894391611,0.2355718825871619,0.0,,,0,0,0,0.0,0.0,0.0,1.3492615971918158,0.1913,0.01913,0.00010848684308498757,0.0,0.0,0.0,0,14:wildfire:origin|16:wildfire:semiwild|32:heatwave:origin|45:wildfire:reserve|61:wildfire:origin|91:flood:origin|97:heatwave:semiwild,0.005440000000000004,0.04088349288789039,0.0,0.0,1.735789489359801e-05,0.00028726663005420905,0.0,44136fa355b3678a
S1,rule,False,200023,0.125,0.0,1,0,0,0,2,0.6666666666666666,1.0,26.0,80.98063291894081,0.4147778029687158,0.0,,,0,0,0,11183.983919192458,11183.983919192458,11183.983919192458,1.5,0.6699999999999999,0.07201974547258941,0.00016003737075317542,0.0,0.0,0.02509872736294712,1,14:wildfire:origin|16:wildfire:semiwild|32:heatwave:origin|45:wildfire:reserve|61:wildfire:origin|68:funding_collapse|91:flood:origin|97:heatwave:semiwild,0.009440000000000007,0.06503922146169827,0.0,0.0,2.5605979320508066e-05,0.0004173695902657386,0.0,44136fa355b3678a
S2,rule,False,200023,0.25,0.125,2,1,60,0,3,1.0,1.0,24.333333333333332,59.298817119624154,0.4461870397073068,1.9977802441731407,0.015342045860557697,0.9846579541394423,0,0,0,11368.715606197458,11368.715606197458,11368.715606197458,1.5,0.26825117786134295,0.11089412132441208,0.00010932966865170255,41.25,16.500000000000007,0.03920600548273184,0,14:wildfire:origin|16:wildfire:semiwild|32:heatwave:origin|45:wildfire:reserve|61:wildfire:origin|68:funding_collapse|91:flood:origin|97:heatwave:semiwild,0.002965914348065839,0.09449309546775712,0.0425201801836643,0.01372389645167965,1.749274698427241e-05,0.0006567472138688072,9.02033842251747e-05,44136fa355b3678a
S3,rule,False,200023,0.25,0.25,2,2,240,0,3,1.0,1.0,26.666666666666668,144.08230384811677,0.532755815791132,4.731924071156524,0.0,1.0,1,118,1,11281.216205388395,11281.216205388395,5640.608102694197,1.5,0.5381603725428987,0.22492728458837655,0.0001051747408322086,29.75,11.899999999999999,0.056460033112607166,0,14:wildfire:origin|16:wildfire:semiwild|32:heatwave:origin|45:wildfire:reserve|61:wildfire:origin|68:funding_collapse|91:flood:origin|97:heatwave:semiwild,0.0033247962005436204,0.07648487433337055,0.08717313019892246,0.011787643293403666,1.6827958533153373e-05,0.0006068531466013359,6.46650189029207e-05,44136fa355b3678a
S4,state_dependent_rule,False,200023,0.375,0.25,3,2,391,190,3,1.0,1.0,23.0,130.69292050151466,0.5977748820330053,2.9279715270872906,0.029000896852509315,0.9709991031474907,204,0,0,11256.603952428864,11256.603952428863,5628.301976214432,1.5,0.456285852385969,0.20474677056753426,0.0002732522631143217,169.25,67.69999999999996,0.08669235029032224,0,14:wildfire:origin|16:wildfire:semiwild|32:heatwave:origin|45:wildfire:reserve|61:wildfire:origin|68:funding_collapse|91:flood:origin|97:heatwave:semiwild,0.006686937180729728,0.0765582633578517,0.05204030255720058,0.010577125634041508,4.372036209829147e-05,0.0006737335814199607,0.00043692190828467653,44136fa355b3678a
S5,greedy_expected_utility,False,200023,0.5,0.25,4,2,341,131,3,1.0,1.0,27.333333333333332,161.40780798123396,0.586957975436547,3.3370158172544855,0.006716867030346829,0.9932831329696532,315,0,0,11239.734503722773,11239.734503722771,5619.867251861387,1.5,0.42886513613119476,0.20807826170898772,0.00017512477877983307,215.0,86.0,0.09660794961661677,0,14:wildfire:origin|16:wildfire:semiwild|32:heatwave:origin|45:wildfire:reserve|61:wildfire:origin|68:funding_collapse|91:flood:origin|97:heatwave:semiwild,0.006973224235802878,0.07788286985253078,0.060445189014857625,0.010843510176999374,2.8019964604773282e-05,0.0006848959412653028,0.0004014263834817204,44136fa355b3678a
S6,rule,False,200023,0.125,0.0,1,0,0,0,3,1.0,1.0,25.666666666666668,90.06073015715103,0.448870746410983,0.0,,,0,0,0,11196.916082455058,11196.91608245506,11196.916082455058,1.5,0.6699999999999999,0.06954160248894635,0.00016053993066774024,0.0,0.0,0.012708012444731824,0,14:wildfire:origin|16:wildfire:semiwild|32:heatwave:origin|45:wildfire:reserve|61:wildfire:origin|68:funding_collapse|91:flood:origin|97:heatwave:semiwild,0.010080000000000007,0.06338021672542588,0.0,0.0,2.568638890683844e-05,0.0005433504746842382,0.0,44136fa355b3678a
S7,forward_rollout_proxy,False,200023,0.375,0.375,3,3,650,650,3,1.0,1.0,28.0,233.82436333348255,0.6721412208630875,3.5849140349137376,0.00577973304371419,0.9942202669562858,173,0,0,11200.712516582138,11200.712516582138,3733.5708388607127,1.5,0.595695215730104,0.2858189581171445,0.0003849951035765068,78.0,31.200000000000028,0.10825148097498333,0,14:wildfire:origin|16:wildfire:semiwild|32:heatwave:origin|45:wildfire:reserve|61:wildfire:origin|68:funding_collapse|91:flood:origin|97:heatwave:semiwild,0.01450794596255077,0.06489261829321923,0.052575201754254036,0.006959106935452751,6.159921657224109e-05,0.0006084709588020084,0.00014771425600740125,44136fa355b3678a
S0,none,False,200024,0.375,0.0,3,0,0,0,3,1.0,1.0,39.0,70.33689642694613,0.3975799970655769,0.0,,,0,0,0,0.0,0.0,0.0,1.403428555504947,0.06300999702775151,0.006300999702775151,0.0002608916253944919,0.0,0.0,0.0,0,4:heatwave:semiwild|10:flood:semiwild|23:heatwave:semiwild|37:flood:reserve|38:flood:alternative|48:wildfire:alternative|57:flood:semiwild,0.008960000000000006,0.05780439292177864,0.0,0.0,4.1742660063118706e-05,0.0004138673525813667,0.0,44136fa355b3678a
S1,rule,False,200024,0.75,0.5,6,4,351,351,1,0.3333333333333333,1.0,25.0,413.72995646766526,0.7587426598169139,4.716616161032714,0.0,1.0,0,0,0,11245.531924551644,11245.531924551644,2811.382981137911,1.5,0.8757692201768702,0.3791673900512739,0.0002529119419804138,0.0,0.0,0.09712153211629883,2,4:heatwave:semiwild|10:flood:semiwild|23:heatwave:semiwild|37:flood:reserve|38:flood:alternative|48:wildfire:alternative|57:flood:semiwild,0.01600000000000001,0.054197148581129166,0.0,0.0,4.046591071686621e-05,0.0010197256912400988,0.0,44136fa355b3678a
S2,rule,False,200024,0.375,0.125,3,1,17,0,2,0.6666666666666666,1.0,28.0,76.9540056626251,0.48121413607108415,2.6036036036036037,0.0,1.0,0,0,0,11330.525161462094,11330.525161462096,11330.525161462094,1.5,0.16900197220702048,0.10877471512539474,0.0005639309568291829,56.0,22.400000000000013,0.047942409343283254,1,4:heatwave:semiwild|10:flood:semiwild|23:heatwave:semiwild|37:flood:reserve|38:flood:alternative|48:wildfire:alternative|57:flood:semiwild,0.004828570115406442,0.08938963844352382,0.04439658505993393,0.012291229420789125,9.022895309266926e-05,0.0007603737388559556,0.00013240022373279154,44136fa355b3678a
S3,rule,False,200024,0.5,0.375,4,3,391,0,2,0.6666666666666666,1.0,20.5,173.40851091972579,0.5955735493052268,3.6090591706227664,0.0002927917924187688,0.9997072082075812,26,165,26,11218.449032412538,11218.449032412538,3739.4830108041792,1.5,0.460305428557243,0.26542206062568674,0.0008224445054383542,47.75,19.1,0.07275463031867387,1,4:heatwave:semiwild|10:flood:semiwild|23:heatwave:semiwild|37:flood:reserve|38:flood:alternative|48:wildfire:alternative|57:flood:semiwild,0.007827004711078694,0.07546899202718796,0.06786388737941655,0.007519479278545551,0.0001315911208701367,0.0007378423570101063,9.12194995450433e-05,44136fa355b3678a
S4,state_dependent_rule,False,200024,0.5,0.25,4,2,307,1,2,0.6666666666666666,1.0,24.0,179.5757457820235,0.6080149909317736,4.246147407707101,0.0003013373728448007,0.9996986626271552,135,0,0,11249.854918909623,11249.854918909623,5624.9274594548115,1.5,0.3572251005161992,0.21246666143635853,0.00043228196850534235,181.5,72.6,0.1089133865383381,1,4:heatwave:semiwild|10:flood:semiwild|23:heatwave:semiwild|37:flood:reserve|38:flood:alternative|48:wildfire:alternative|57:flood:semiwild,0.008313396315429197,0.0782762125634881,0.05804405826123227,0.008098167397937525,6.916511496085478e-05,0.0007119397271983959,0.00032093737987026337,44136fa355b3678a
S5,greedy_expected_utility,False,200024,0.625,0.375,5,3,327,0,2,0.6666666666666666,1.0,23.5,173.29988706806034,0.6035080783051303,3.6145648757627864,0.00608552596324255,0.9939144740367575,118,0,0,11244.313558695429,11244.313558695429,3748.1045195651427,1.5,0.3300924560656744,0.26327017881910003,0.0007339568731828454,198.75,79.5,0.1268264222745234,1,4:heatwave:semiwild|10:flood:semiwild|23:heatwave:semiwild|37:flood:reserve|38:flood:alternative|48:wildfire:alternative|57:flood:semiwild,0.007915127715402339,0.07923037922353628,0.05593133057587247,0.007868856841007047,0.00011743309970925524,0.0006856966603599039,0.00036866543779051576,44136fa355b3678a
S6,rule,False,200024,0.875,0.75,7,6,940,940,0,0.0,0.0,,652.8065849402349,0.7800301533973328,5.434771421594179,0.000827649645594253,0.9991723503544058,0,0,0,11256.114440858702,11256.114440858706,1876.0190734764503,1.5,0.9618319999999998,0.49766260338440754,0.0002529311093527509,0.0,0.0,0.04815844584232912,3,4:heatwave:semiwild|10:flood:semiwild|23:heatwave:semiwild|37:flood:reserve|38:flood:alternative|48:wildfire:alternative|57:flood:semiwild,0.01600000000000001,0.03292433954138584,0.0,0.0,4.046897749644014e-05,0.001005038083785183,0.0,44136fa355b3678a
S7,forward_rollout_proxy,False,200024,0.625,0.375,5,3,500,492,1,0.3333333333333333,1.0,22.0,240.52553449001948,0.6714992905379874,3.7729732459636884,0.0,1.0,117,0,0,11230.4593341431,11230.4593341431,3743.4864447143664,1.5,0.6024145353746664,0.2920119572703196,0.0005010431960090927,81.5,32.600000000000044,0.1264538563660801,2,4:heatwave:semiwild|10:flood:semiwild|23:heatwave:semiwild|37:flood:reserve|38:flood:alternative|48:wildfire:alternative|57:flood:semiwild,0.014140062172930092,0.06550118547120154,0.06348745998765591,0.004593577100885156,8.016691136145481e-05,0.0006646083508345008,0.0001246878772033558,44136fa355b3678a
S0,none,False,200025,0.125,0.0,1,0,0,0,3,1.0,1.0,29.0,69.64637298010925,0.4175572960025164,0.0,,,0,0,0,0.0,0.0,0.0,1.5,0.1913,0.01913,0.0001318413064979052,0.0,0.0,0.0,0,93:wildfire:reserve,0.009440000000000007,0.06221646027805832,0.0,0.0,2.1094609039664833e-05,0.00046514911038558196,0.0,44136fa355b3678a
S1,rule,False,200025,0.625,0.625,5,5,365,365,1,0.3333333333333333,1.0,35.0,428.03560131622856,0.7582855155290709,3.718788218433674,0.0,1.0,0,0,0,11214.30870424864,11214.308704248642,2242.861740849728,1.5,0.8109883499828537,0.4203443260339931,0.0001623846741421804,0.0,0.0,0.10403804425685464,2,46:funding_collapse|93:wildfire:reserve,0.01600000000000001,0.05466034086713594,0.0,0.0,2.5981547862748868e-05,0.0010281620559304855,0.0,44136fa355b3678a
S2,rule,False,200025,0.25,0.125,2,1,27,0,1,0.3333333333333333,1.0,18.0,82.26474724029454,0.48225167733152546,2.299684542586751,0.00019092651827697375,0.999809073481723,0,0,0,11298.128912162792,11298.128912162792,11298.128912162792,1.5,0.2731995336327456,0.11569696295843031,0.00016701429080521901,60.75,24.3,0.045650820846441176,2,46:funding_collapse|93:wildfire:reserve,0.00473309142670551,0.08975126280294185,0.04358416358655239,0.01221177322648753,2.6722286528835048e-05,0.0007141893834590396,0.0001461835161635264,44136fa355b3678a
S3,rule,False,200025,0.5,0.375,4,3,410,0,1,0.3333333333333333,1.0,17.0,193.17854663213083,0.607937296407641,4.40741155039152,0.0038816271161953297,0.9961183728838047,33,220,33,11188.633927410632,11188.633927410632,3729.544642470211,1.5,0.5633113126841464,0.28545874607073146,0.00030012091139277426,63.25,25.3,0.08151749649200807,2,46:funding_collapse|93:wildfire:reserve,0.00813323411631591,0.07631130072728483,0.0558197015045311,0.007236600018652569,4.801934582284388e-05,0.0007389936700033885,0.00012902869013140016,44136fa355b3678a
S4,state_dependent_rule,False,200025,0.625,0.375,5,3,319,182,2,0.6666666666666666,1.0,19.0,223.42302510023057,0.6370931443789742,3.603880508017955,0.010663885726273185,0.9893361142737268,283,0,0,11199.385549974517,11199.385549974515,3733.1285166581724,1.5,0.4604012745953107,0.2760491437817915,0.0004970198695096971,173.25,69.29999999999997,0.12610105621040438,1,46:funding_collapse|93:wildfire:reserve,0.012503661847932175,0.07223801786315098,0.07438788074420713,0.008069484719751776,7.952317912155154e-05,0.0006960967678540906,0.00024405160133343147,44136fa355b3678a
S5,greedy_expected_utility,False,200025,0.625,0.375,5,3,250,194,1,0.3333333333333333,1.0,16.0,210.26062980721977,0.6475592539277646,3.0401248036984896,0.0030396241479580762,0.9969603758520419,333,0,0,11203.979805078226,11203.979805078226,3734.6599350260753,1.5,0.4336330113978608,0.2706587096935298,0.0006177750753606274,193.75,77.5,0.1407208025837938,2,46:funding_collapse|93:wildfire:reserve,0.012765589119230852,0.07441938769995292,0.05398452358255515,0.014495409905258421,9.884401205770037e-05,0.0009455914527642245,0.0003171397244328112,44136fa355b3678a
S6,rule,False,200025,0.875,0.875,7,7,1081,1081,1,0.3333333333333333,1.0,15.0,682.8268154343979,0.7794342560366881,5.040354645684574,0.0010988459854248953,0.9989011540145751,0,0,0,11224.317186533313,11224.317186533317,1603.4738837904733,1.5,0.906467362742649,0.5456228095443435,0.00021229315597533736,0.0,0.0,0.05411263406616436,2,46:funding_collapse|93:wildfire:reserve,0.01600000000000001,0.03355351254113812,0.0,0.0,3.396690495605399e-05,0.0009782645172177974,0.0,44136fa355b3678a
S7,forward_rollout_proxy,False,200025,0.625,0.625,5,5,751,751,1,0.3333333333333333,1.0,16.0,302.405366087624,0.6014386938644324,3.258917055371066,0.09073484418832897,0.909265155811671,56,0,0,11192.115374149325,11192.115374149325,2238.423074829865,1.5,0.6630492522664522,0.4138836154781161,0.00022607371308742928,74.5,29.800000000000036,0.16869759848880078,2,46:funding_collapse|93:wildfire:reserve,0.014195238625260844,0.05253791756910824,0.1370626266870521,0.013139946981236652,3.617179409398868e-05,0.0009399389561820593,7.211513222590783e-05,44136fa355b3678a
S0,none,False,200026,0.125,0.0,1,0,0,0,3,1.0,1.0,26.666666666666668,58.91413050394914,0.3779177740403691,0.0,,,0,0,0,0.0,0.0,0.0,1.5,0.1913,0.01913,8.152173913043478e-05,0.0,0.0,0.0,0,62:heatwave:reserve,0.008480000000000007,0.053139861738382005,0.0,0.0,1.3043478260869564e-05,0.00034932074298810964,0.0,44136fa355b3678a
S1,rule,False,200026,0.875,0.5,7,4,347,347,0,0.0,0.0,,416.3555948884861,0.7583321027238681,4.81562331856541,0.0,1.0,0,0,0,11214.30870424864,11214.30870424864,2803.57717606216,1.5,0.861353676821247,0.3816264116139109,7.692307692307693e-05,0.0,0.0,0.11167405373066036,3,62:heatwave:reserve|85:funding_collapse,0.01600000000000001,0.05464504482241769,0.0,0.0,1.2307692307692308e-05,0.0010105447614068427,0.0,44136fa355b3678a
S2,rule,False,200026,0.375,0.125,3,1,8,0,2,0.6666666666666666,1.0,35.0,71.72928581786753,0.492146715533594,2.4615384615384617,0.0,1.0,0,0,0,11316.34746955635,11316.347469556351,11316.34746955635,1.5,0.2495016786221164,0.1152066369928066,0.00010985035102845178,46.25,18.500000000000004,0.04695542257605172,1,62:heatwave:reserve|85:funding_collapse,0.004900411478422656,0.09110574687542657,0.03431207307750597,0.011159288505706608,1.7576056164552283e-05,0.0007024655856505527,0.00011004172439285635,44136fa355b3678a
S3,rule,False,200026,0.5,0.375,4,3,452,0,0,0.0,0.0,,184.899255542053,0.5994403276300193,2.9131431797373466,0.012824209628492012,0.9871757903715079,54,188,54,11215.490244694358,11215.490244694356,3738.496748231453,1.5,0.540792117913639,0.2668900866615751,7.692307692307693e-05,60.5,24.2,0.07464721536418842,3,62:heatwave:reserve|85:funding_collapse,0.008004553142254001,0.07586645263397808,0.06341232218572554,0.007494738637063374,1.2307692307692308e-05,0.0006769593281372796,0.00011646246848028664,44136fa355b3678a
S4,state_dependent_rule,False,200026,0.5,0.5,4,4,685,400,0,0.0,0.0,,243.20045215156796,0.6372842207696062,3.0067172271278144,0.060077443478291845,0.9399225565217082,244,0,0,11191.710662571671,11191.71066257167,2797.927665642918,1.5,0.4363259044062677,0.3232716091688826,0.0001626732916613376,175.25,70.09999999999997,0.12285923228488811,3,62:heatwave:reserve|85:funding_collapse,0.01257716674951249,0.07322834088910052,0.058818478146806595,0.012929326509717483,2.602772666581402e-05,0.0008908716119382907,0.00022409610029198803,44136fa355b3678a
S5,greedy_expected_utility,False,200026,0.625,0.25,5,2,497,250,0,0.0,0.0,,222.59017874632818,0.639148794301574,3.8679374782088063,0.009134243490088791,0.9908657565099112,316,0,0,11223.242558957014,11223.242558957012,5611.621279478507,1.5,0.41022256432934445,0.21847054250728626,0.00010369739031616542,203.5,81.39999999999998,0.13134455646131876,3,62:heatwave:reserve|85:funding_collapse,0.012078408563004104,0.07477454057151632,0.05317761266290665,0.010678319740874046,1.6591582450586467e-05,0.000793444611708333,0.00029261007521820846,44136fa355b3678a
S6,rule,False,200026,0.875,0.875,7,7,1103,1103,0,0.0,0.0,,716.8335943213376,0.7789330080770354,4.82065800333374,0.0,1.0,0,0,0,11224.317186533313,11224.317186533315,1603.4738837904733,1.5,0.9604839679999998,0.5487645540797692,0.00010185197085170096,0.0,0.0,0.05379788623215931,3,62:heatwave:reserve|85:funding_collapse,0.01600000000000001,0.03409311473231449,0.0,0.0,1.629631533627215e-05,0.000957580875314425,0.0,44136fa355b3678a
S7,forward_rollout_proxy,False,200026,0.875,0.75,7,6,696,696,0,0.0,0.0,,332.7356372261175,0.6688678573120594,2.977592073282535,0.04090757195068712,0.9590924280493128,191,0,0,11194.998265766626,11194.998265766626,1865.8330442944377,1.5,0.647073415018394,0.4722720480346041,0.0001271822653255798,102.0,40.80000000000005,0.2014439289996967,3,62:heatwave:reserve|85:funding_collapse,0.01495395301999346,0.06079374802254871,0.059830579397347504,0.011467544952182331,2.0349162452092768e-05,0.0009091717488923405,9.526765752997454e-05,44136fa355b3678a
S0,none,False,200027,0.0,0.0,0,0,0,0,3,1.0,1.0,28.666666666666668,71.05523331326577,0.32384332854631376,0.0,,,0,0,0,0.0,0.0,0.0,1.3158415623305388,0.11389066666666653,0.011389066666666654,0.0002474419826354413,0.0,0.0,0.0,0,19:wildfire:alternative|26:heatwave:alternative|31:heatwave:origin|42:flood:alternative|51:heatwave:alternative|94:flood:origin,0.007360000000000005,0.050139555099563235,0.0,0.0,3.959071722167062e-05,0.0004175256369014003,0.0,44136fa355b3678a
S1,rule,False,200027,0.625,0.125,5,1,1,1,1,0.3333333333333333,1.0,30.0,192.8952845038046,0.7257783766787397,1.0,0.0,1.0,0,0,0,11212.535394171515,11212.535394171515,11212.535394171515,1.5,0.5469468972219588,0.13737702646074496,0.00028674653827052304,0.0,0.0,0.08216168369274546,2,19:wildfire:alternative|26:heatwave:alternative|31:heatwave:origin|42:flood:alternative|51:heatwave:alternative|94:flood:origin,0.01600000000000001,0.08716964327347229,0.0,0.0,4.5879446123283686e-05,0.0010061006016645934,0.0,44136fa355b3678a
S2,rule,False,200027,0.375,0.125,3,1,23,0,2,0.6666666666666666,1.0,26.5,77.56719559990196,0.48107623369696306,1.9665427509293683,0.0066157447693913005,0.9933842552306087,0,0,0,11358.338057960143,11358.338057960143,11358.338057960143,1.5,0.19205771471684918,0.10506931385669009,0.00025574152071524656,61.25,24.500000000000004,0.04974057437855743,1,19:wildfire:alternative|26:heatwave:alternative|31:heatwave:origin|42:flood:alternative|51:heatwave:alternative|94:flood:origin,0.0041011169223790726,0.09084161456065828,0.03299022910882599,0.013233986530188112,4.0918643314439456e-05,0.0007862400652562497,0.00011755819201201144,44136fa355b3678a
S3,rule,False,200027,0.625,0.25,5,2,208,0,1,0.3333333333333333,1.0,27.0,144.02337209666422,0.5782267349411885,3.9257438824586437,0.005980043973486226,0.9940199560265138,4,128,4,11244.648058872228,11244.648058872228,5622.324029436114,1.5,0.4042845328597557,0.2086658714654898,0.0001450426116625946,33.0,13.199999999999998,0.08239989677463885,2,19:wildfire:alternative|26:heatwave:alternative|31:heatwave:origin|42:flood:alternative|51:heatwave:alternative|94:flood:origin,0.00566760507699411,0.07743506669521993,0.05885147128288645,0.013944282258728992,2.3206817866015134e-05,0.000885280222174362,8.883216913248603e-05,44136fa355b3678a
S4,state_dependent_rule,False,200027,0.625,0.5,5,4,482,396,2,0.6666666666666666,1.0,24.5,232.1457038066155,0.597039421012346,3.4291993602955557,0.0016350342333207235,0.9983649657666793,232,0,0,11196.38774567335,11196.38774567335,2799.0969364183375,1.5,0.3395317624432898,0.319745807903741,0.0003030178246125289,153.5,61.399999999999984,0.13250319028228227,1,19:wildfire:alternative|26:heatwave:alternative|31:heatwave:origin|42:flood:alternative|51:heatwave:alternative|94:flood:origin,0.012531977317945349,0.06938269504467984,0.11327520531464302,0.01419767137980161,4.848285193800463e-05,0.0008825216158535003,0.0002009764030275984,44136fa355b3678a
S5,greedy_expected_utility,False,200027,0.625,0.5,5,4,602,359,2,0.6666666666666666,1.0,22.0,241.45262912089612,0.5821443811330986,3.6003414897017776,0.003957880988709302,0.9960421190112907,238,0,0,11230.887492350303,11230.887492350303,2807.7218730875757,1.5,0.31872679572878754,0.321840771897996,0.0002968177423227057,198.75,79.49999999999997,0.14482338714049725,1,19:wildfire:alternative|26:heatwave:alternative|31:heatwave:origin|42:flood:alternative|51:heatwave:alternative|94:flood:origin,0.011603142009339745,0.07248438479224535,0.10868833042527766,0.021283200638501754,4.7490838771632914e-05,0.0010658744888436093,0.00022883031040974418,44136fa355b3678a
S6,rule,False,200027,0.75,0.5,6,4,100,100,1,0.3333333333333333,1.0,27.0,383.9427707579364,0.7490122820740246,4.2079858115233435,0.0,1.0,0,0,0,11226.746490550015,11226.746490550016,2806.6866226375037,1.5,0.6738202526954065,0.3426093511167613,0.0002865675522428365,0.0,0.0,0.04073733865993616,2,19:wildfire:alternative|26:heatwave:alternative|31:heatwave:origin|42:flood:alternative|51:heatwave:alternative|94:flood:origin,0.01600000000000001,0.0639803510839662,0.0,0.0,4.585080835885384e-05,0.0009615160336505115,0.0,44136fa355b3678a
S7,forward_rollout_proxy,False,200027,0.75,0.75,6,6,1011,1011,1,0.3333333333333333,1.0,15.0,246.228637231893,0.4762297378579655,3.732817469625456,0.0002864053827463314,0.9997135946172536,25,0,0,11193.57055147045,11193.570551470451,1865.5950919117415,1.5,0.4633818333333333,0.45922497814404706,0.00022174566080811298,44.0,17.600000000000005,0.19029310057229573,2,19:wildfire:alternative|26:heatwave:alternative|31:heatwave:origin|42:flood:alternative|51:heatwave:alternative|94:flood:origin,0.013475017465850704,0.047525319805707074,0.2599647569104546,0.018142124174161008,3.547930572929808e-05,0.001032286398282946,6.11963546548762e-05,44136fa355b3678a
S0,none,False,200028,0.0,0.0,0,0,0,0,3,1.0,1.0,32.0,71.95366729288271,0.3370134001821124,0.0,,,0,0,0,0.0,0.0,0.0,1.4303430494446954,0.1089106666666665,0.01089106666666665,0.00020569479965899405,0.0,0.0,0.0,0,9:wildfire:semiwild|10:wildfire:semiwild|16:flood:semiwild|24:heatwave:semiwild|38:heatwave:alternative|53:flood:alternative|75:wildfire:origin|96:heatwave:alternative,0.007520000000000006,0.045039741457974826,0.0,0.0,3.291116794543905e-05,0.0004939471919671924,0.0,44136fa355b3678a
S1,rule,False,200028,0.625,0.25,5,2,14,14,1,0.3333333333333333,1.0,15.0,392.6733667193125,0.7456025879472777,2.2142857142857144,0.016399999999999998,0.9836,0,0,0,11147.37357816045,11147.373578160452,5573.686789080225,1.5,0.6096371425672105,0.21452027629583187,0.0003016794384233093,0.0,0.0,0.09456852448126825,2,9:wildfire:semiwild|10:wildfire:semiwild|16:flood:semiwild|24:heatwave:semiwild|38:heatwave:alternative|42:funding_collapse|47:funding_collapse|53:flood:alternative|66:funding_collapse|75:wildfire:origin|96:heatwave:alternative,0.01600000000000001,0.06735869191512601,0.0,0.0,4.826871014772949e-05,0.0009904514274489656,0.0,44136fa355b3678a
S2,rule,False,200028,0.375,0.125,3,1,46,0,2,0.6666666666666666,1.0,39.0,92.93193930151075,0.49787106940383835,1.9412844036697245,0.0,1.0,0,0,0,11247.444179745267,11247.444179745267,11247.444179745267,1.5,0.17234762818260788,0.10145236867799369,0.0003537350336868853,59.5,23.799999999999997,0.0427738091151782,1,9:wildfire:semiwild|10:wildfire:semiwild|16:flood:semiwild|24:heatwave:semiwild|38:heatwave:alternative|42:funding_collapse|47:funding_collapse|53:flood:alternative|66:funding_collapse|75:wildfire:origin|96:heatwave:alternative,0.005398580875180021,0.09094019343316617,0.036032474196637146,0.011543446443372261,5.659760538990165e-05,0.0007286552077701847,0.00010598040962666726,44136fa355b3678a
S3,rule,False,200028,0.5,0.25,4,2,218,0,1,0.3333333333333333,1.0,33.0,166.54716661711416,0.6218171733288583,3.759893735731233,0.008663541249219947,0.99133645875078,30,149,30,11152.564105906793,11152.564105906793,5576.2820529533965,1.5,0.3291246598930169,0.19566475241587813,0.00037694688418954235,44.75,17.900000000000002,0.06326674534632047,2,9:wildfire:semiwild|10:wildfire:semiwild|16:flood:semiwild|24:heatwave:semiwild|38:heatwave:alternative|42:funding_collapse|47:funding_collapse|53:flood:alternative|66:funding_collapse|75:wildfire:origin|96:heatwave:alternative,0.008254701628039705,0.07455444628357648,0.04601132721854261,0.007364302117423632,6.031150147032677e-05,0.0007289094055763834,8.894928939140371e-05,44136fa355b3678a
S4,state_dependent_rule,False,200028,0.625,0.375,5,3,269,232,1,0.3333333333333333,1.0,14.0,212.25657611683343,0.6306760465931017,3.67018445368285,0.0,1.0,183,0,0,11126.026437283557,11126.026437283555,3708.6754790945192,1.5,0.28153699744049676,0.2570774411134981,0.0003973026369550497,130.0,51.99999999999997,0.11735948416309953,2,9:wildfire:semiwild|10:wildfire:semiwild|16:flood:semiwild|24:heatwave:semiwild|38:heatwave:alternative|42:funding_collapse|47:funding_collapse|53:flood:alternative|66:funding_collapse|75:wildfire:origin|96:heatwave:alternative,0.013091706563760054,0.07070901425282565,0.0781021537753561,0.018379890835255305,6.356842191280795e-05,0.0009578119528358732,0.00019546122229703548,44136fa355b3678a
S5,greedy_expected_utility,False,200028,0.625,0.5,5,4,413,282,1,0.3333333333333333,1.0,14.0,239.24323702655715,0.5938647294711391,3.818404741777317,0.0001019096173692794,0.9998980903826307,194,0,0,11133.721041879297,11133.721041879297,2783.430260469824,1.5,0.2659488542390171,0.32256946869843894,0.0004798545388203123,182.75,73.1,0.1639526792838204,2,9:wildfire:semiwild|10:wildfire:semiwild|16:flood:semiwild|24:heatwave:semiwild|38:heatwave:alternative|42:funding_collapse|47:funding_collapse|53:flood:alternative|66:funding_collapse|75:wildfire:origin|96:heatwave:alternative,0.012595554057740098,0.073147690076494,0.1084406772901087,0.018311654578896067,7.677672621124997e-05,0.0010087262558522855,0.00021672218989356211,44136fa355b3678a
S6,rule,False,200028,0.875,0.625,7,5,329,329,0,0.0,0.0,,588.6768117428667,0.7674525829996512,4.463447800801478,0.0,1.0,0,0,0,11157.673952719819,11157.673952719822,2231.534790543964,1.5,0.7722419907850487,0.4130259311142746,0.0003194764247343143,0.0,0.0,0.04958627013877476,3,9:wildfire:semiwild|10:wildfire:semiwild|16:flood:semiwild|24:heatwave:semiwild|38:heatwave:alternative|42:funding_collapse|47:funding_collapse|53:flood:alternative|66:funding_collapse|75:wildfire:origin|96:heatwave:alternative,0.01600000000000001,0.045499272677225484,0.0,0.0,5.111622795749029e-05,0.0009970280951659427,0.0,44136fa355b3678a
S7,forward_rollout_proxy,False,200028,0.75,0.75,6,6,959,959,1,0.3333333333333333,1.0,15.0,293.2993495269835,0.5476135263631828,4.6587258986871865,0.002912811680448331,0.9970871883195517,48,0,0,11138.710868145592,11138.710868145594,1856.4518113575987,1.5,0.37466940748059646,0.4602674131388317,0.00025235099695500415,67.75,27.100000000000023,0.1935660670195004,2,9:wildfire:semiwild|10:wildfire:semiwild|16:flood:semiwild|24:heatwave:semiwild|38:heatwave:alternative|42:funding_collapse|47:funding_collapse|53:flood:alternative|66:funding_collapse|75:wildfire:origin|96:heatwave:alternative,0.013878581288877145,0.0510024018888899,0.19180702637265667,0.013423603777663965,4.037615951280067e-05,0.000927700269894314,6.282593879988638e-05,44136fa355b3678a
S0,none,False,200029,0.125,0.0,1,0,0,0,3,1.0,1.0,24.666666666666668,57.96517608469522,0.38508095448375346,0.0,,,0,0,0,0.0,0.0,0.0,1.5,0.24796666666666647,0.024796666666666647,0.00013916081062431842,0.0,0.0,0.0,0,39:wildfire:origin|96:wildfire:semiwild,0.008800000000000007,0.061994016289101624,0.0,0.0,2.2265729699890943e-05,0.0006027634974448859,0.0,44136fa355b3678a
S1,rule,False,200029,0.625,0.25,5,2,25,25,0,0.0,0.0,,234.68256486923153,0.7371645859721752,2.4726027397260273,0.0,1.0,0,0,0,11185.268916162106,11185.268916162106,5592.634458081053,1.5,0.8073919952323488,0.23398420367367498,0.00017543289579918656,0.0,0.0,0.08009488376589909,3,10:funding_collapse|39:wildfire:origin|88:funding_collapse|96:wildfire:semiwild,0.01600000000000001,0.07598513059544233,0.0,0.0,2.806926332786985e-05,0.0008222141690540711,0.0,44136fa355b3678a
S2,rule,False,200029,0.25,0.125,2,1,24,0,3,1.0,1.0,32.0,71.68390098333214,0.5057966609669424,1.8823529411764706,0.018813029472579994,0.98118697052742,0,0,0,11277.326469839913,11277.326469839914,11277.326469839913,1.5,0.3562290007771301,0.11784373386175154,0.00018543174338724036,52.5,21.000000000000007,0.03573652186136917,0,10:funding_collapse|39:wildfire:origin|88:funding_collapse|96:wildfire:semiwild,0.005066707030706458,0.09049884648770118,0.023025004649561302,0.012834903113636796,2.9669078941958463e-05,0.0007876478470673536,0.00012077858895900646,44136fa355b3678a
S3,rule,False,200029,0.5,0.375,4,3,279,0,0,0.0,0.0,,168.984960880196,0.6006713364012826,3.1344165185749344,0.05474351912309929,0.9452564808769007,16,162,16,11174.439694901519,11174.439694901519,3724.8132316338397,1.5,0.623427840415359,0.2770196692924058,0.0001702943346804736,44.5,17.800000000000008,0.0729136003256027,3,10:funding_collapse|39:wildfire:origin|88:funding_collapse|96:wildfire:semiwild,0.007024162473711785,0.07669727246900913,0.051288011330657496,0.00840955843770888,2.724709354887578e-05,0.0007641058642708241,0.0001088790781042964,44136fa355b3678a
S4,state_dependent_rule,False,200029,0.625,0.5,5,4,673,518,0,0.0,0.0,,256.46895157871444,0.5978394572494482,3.493942847309741,0.004659530635356263,0.9953404693646437,331,0,0,11172.919734272711,11172.91973427271,2793.229933568178,1.5,0.5429317476514672,0.33945530829977666,0.0004035918663623262,177.5,70.99999999999999,0.1261135253076626,3,10:funding_collapse|39:wildfire:origin|88:funding_collapse|96:wildfire:semiwild,0.01129337787326521,0.07083368789901766,0.09729087921936916,0.015216768779191082,6.457469861797218e-05,0.0009384780247275098,0.0002085517968228586,44136fa355b3678a
S5,greedy_expected_utility,False,200029,0.5,0.5,4,4,470,430,0,0.0,0.0,,218.61433491439232,0.6188618359379031,2.5953564963593054,0.008907223220352228,0.9910927767796478,371,0,0,11178.890359965593,11178.890359965593,2794.7225899913983,1.5,0.516260035305842,0.3308758589961828,0.0004785954004007675,202.0,80.79999999999998,0.14148145251002775,3,10:funding_collapse|39:wildfire:origin|88:funding_collapse|96:wildfire:semiwild,0.01249069543149482,0.07397385537118224,0.07892059510728462,0.018054847379210922,7.657526406412279e-05,0.0010856945698421133,0.0002710152108026891,44136fa355b3678a
S6,rule,False,200029,0.75,0.5,6,4,413,413,0,0.0,0.0,,409.94687592765365,0.7588258809901245,4.7683419428753595,0.0,1.0,0,0,0,11195.435885103607,11195.435885103607,2798.8589712759017,1.5,0.8950519051112269,0.3709424824177362,5.36227717078781e-05,0.0,0.0,0.04376936238929917,3,10:funding_collapse|39:wildfire:origin|88:funding_collapse|96:wildfire:semiwild,0.01600000000000001,0.05430962198859428,0.0,0.0,8.579643473260495e-06,0.0008559173778081345,0.0,44136fa355b3678a
S7,forward_rollout_proxy,False,200029,0.625,0.625,5,5,944,944,0,0.0,0.0,,250.72455075691073,0.5162839392663803,3.5048547906892424,0.0005685440722415398,0.9994314559277585,68,0,0,11164.69905678047,11164.699056780471,2232.9398113560937,1.5,0.6727368011913896,0.4166509492242344,2.688172043010753e-05,54.75,21.900000000000013,0.165393605991015,3,10:funding_collapse|39:wildfire:origin|88:funding_collapse|96:wildfire:semiwild,0.01345770945192417,0.047854573802884964,0.2213646577574227,0.016193082063640868,4.3010752688172045e-06,0.001000315324830165,6.605121747140804e-05,44136fa355b3678a
S0,none,False,200030,0.125,0.0,1,0,0,0,3,1.0,1.0,29.666666666666668,82.04395206106808,0.4040681117505527,0.0,,,0,0,0,0.0,0.0,0.0,1.3884403663293137,0.05603400000000001,0.0056034000000000014,7.518796992481203e-05,0.0,0.0,0.0,0,14:heatwave:reserve|33:flood:alternative|60:heatwave:origin|81:flood:origin|86:wildfire:alternative,0.009120000000000007,0.059361484150958876,0.0,0.0,1.2030075187969925e-05,0.000538374023300489,0.0,44136fa355b3678a
S1,rule,False,200030,0.75,0.0,6,0,0,0,1,0.3333333333333333,1.0,21.0,314.5190408892058,0.6730126577947001,0.0,,,0,0,0,11195.54596425898,11195.54596425898,11195.54596425898,1.5,0.6796995516415235,0.08511118370271924,7.672634271099745e-05,0.0,0.0,0.0857061426928344,2,14:heatwave:reserve|33:flood:alternative|47:funding_collapse|60:heatwave:origin|81:flood:origin|86:wildfire:alternative,0.01472000000000001,0.07507138326152835,0.0,0.0,1.227621483375959e-05,0.0007836827289379264,0.0,44136fa355b3678a
S2,rule,False,200030,0.375,0.25,3,2,71,0,2,0.6666666666666666,1.0,20.0,95.53729452004613,0.4744980938114577,2.3560380795674916,0.0014392703062850315,0.998560729693715,0,0,0,11283.94274064246,11283.942740642462,5641.97137032123,1.5,0.14246625062836837,0.16203742248923342,0.0003701681967681006,58.25,23.300000000000004,0.058652083153608314,1,14:heatwave:reserve|33:flood:alternative|47:funding_collapse|60:heatwave:origin|81:flood:origin|86:wildfire:alternative,0.004836045093052665,0.09123487921438267,0.05000083607470685,0.011793646018667128,5.922691148289609e-05,0.0007334867335194318,0.00012852076778823907,44136fa355b3678a
S3,rule,False,200030,0.5,0.375,4,3,356,0,2,0.6666666666666666,1.0,18.5,215.44128119645077,0.6146447145619173,3.7183890399717963,0.0014327831237992996,0.9985672168762006,25,223,25,11174.598491336126,11174.598491336126,3724.8661637787086,1.5,0.4096069096270951,0.2634090165169068,0.0002508947873098922,62.0,24.799999999999997,0.0825721757723964,1,14:heatwave:reserve|33:flood:alternative|47:funding_collapse|60:heatwave:origin|81:flood:origin|86:wildfire:alternative,0.008562769405058507,0.07731313249627669,0.05302001743793343,0.006994641580955194,4.014316596958275e-05,0.0008122326406766104,9.89682879629868e-05,44136fa355b3678a
S4,state_dependent_rule,False,200030,0.5,0.375,4,3,265,0,2,0.6666666666666666,1.0,26.0,175.9271217239558,0.6097068987521539,3.050081150654586,0.005788541223351422,0.9942114587766486,130,0,0,11158.392507465021,11158.392507465021,3719.4641691550073,1.5,0.328721962515278,0.25414985152839553,0.00018705928787752284,162.75,65.09999999999997,0.1101342188516092,1,14:heatwave:reserve|33:flood:alternative|47:funding_collapse|60:heatwave:origin|81:flood:origin|86:wildfire:alternative,0.00802966030927884,0.07771901801068724,0.05394034290956044,0.006976252206527573,2.9929486060403655e-05,0.0007399272380965834,0.00036500274612556396,44136fa355b3678a
S5,greedy_expected_utility,False,200030,0.375,0.375,3,3,337,0,2,0.6666666666666666,1.0,19.0,185.5686094861633,0.6002102036311612,3.1777330220036597,0.020308569333026265,0.9796914306669737,97,0,0,11166.675174354,11166.675174354,3722.225058118,1.5,0.3021406045026964,0.25478782799141575,0.0003919829907655674,213.0,85.19999999999997,0.12023218660554758,1,14:heatwave:reserve|33:flood:alternative|47:funding_collapse|60:heatwave:origin|81:flood:origin|86:wildfire:alternative,0.007099600910502657,0.07854873703510687,0.05208305784352914,0.0065443487557375855,6.271727852249079e-05,0.0007023918504431608,0.0003993359080478072,44136fa355b3678a
S6,rule,False,200030,0.75,0.125,6,1,14,14,0,0.0,0.0,,430.94390137273456,0.7479681992886789,2.8823529411764706,0.0,1.0,0,0,0,11210.22980105099,11210.22980105099,11210.22980105099,1.5,0.7781864716464081,0.1709058936093271,7.614213197969543e-05,0.0,0.0,0.040068585164607776,3,14:heatwave:reserve|33:flood:alternative|47:funding_collapse|60:heatwave:origin|81:flood:origin|86:wildfire:alternative,0.01600000000000001,0.06508379397928492,0.0,0.0,1.2182741116751269e-05,0.00093582399091944,0.0,44136fa355b3678a
S7,forward_rollout_proxy,False,200030,0.5,0.5,4,4,584,584,2,0.6666666666666666,1.0,18.5,250.0531304738805,0.6520885610184558,3.2344390116929675,0.0012533578862411795,0.9987466421137589,69,0,0,11154.38465403168,11154.38465403168,2788.59616350792,1.5,0.5026245557875307,0.33626297635956076,9.251994088736348e-05,47.75,19.10000000000001,0.14328065331939005,1,14:heatwave:reserve|33:flood:alternative|47:funding_collapse|60:heatwave:origin|81:flood:origin|86:wildfire:alternative,0.014343542693836173,0.06857161718206428,0.07133095548462746,0.013100426585047486,1.4803190541978156e-05,0.0010740942918264196,7.660527976146074e-05,44136fa355b3678a
S0,none,False,200031,0.25,0.0,2,0,0,0,3,1.0,1.0,27.0,72.62360033317856,0.3979137158011101,0.0,,,0,0,0,0.0,0.0,0.0,1.5,0.1913,0.01913,2.5188916876574308e-05,0.0,0.0,0.0,0,92:heatwave:reserve,0.008960000000000006,0.057490011296310886,0.0,0.0,4.03022670025189e-06,0.00043224267587887,0.0,44136fa355b3678a
S1,rule,False,200031,0.625,0.625,5,5,333,333,0,0.0,0.0,,431.298749685743,0.757945753441437,4.160611477297019,0.009643200000000001,0.9903568,0,0,0,11214.30870424864,11214.308704248642,2242.861740849728,1.5,0.8001476007565401,0.42404057913982873,0.00011585059494165226,0.0,0.0,0.10584852145602298,3,64:funding_collapse|92:heatwave:reserve,0.01600000000000001,0.05508289403346546,0.0,0.0,1.8536095190664362e-05,0.0009528164299072036,0.0,44136fa355b3678a
S2,rule,False,200031,0.5,0.25,4,2,29,0,1,0.3333333333333333,1.0,24.0,94.87778366992005,0.4797979719498571,2.1568627450980387,0.04886395044065503,0.9511360495593449,0,0,0,11297.226554330882,11297.226554330882,5648.613277165441,1.5,0.2599152884379123,0.17408860502695583,6.28913211842977e-05,65.25,26.100000000000016,0.07014224366092119,2,64:funding_collapse|92:heatwave:reserve,0.004966723966431516,0.09159847327787292,0.048604621708219324,0.011269193512571236,1.006261138948763e-05,0.0007478641979263849,0.00014438310345549703,44136fa355b3678a
S3,rule,False,200031,0.5,0.375,4,3,288,0,2,0.6666666666666666,1.0,19.0,196.02471683999,0.6168425988006575,2.878813241637618,0.009129439068302032,0.990870560931698,37,177,37,11206.99457813342,11206.99457813342,3735.664859377807,1.5,0.5509611069209278,0.2683953987598704,4.382208518899166e-05,53.5,21.399999999999995,0.07880577825700714,1,64:funding_collapse|92:heatwave:reserve,0.007929110484161568,0.07511376308673215,0.046136902384797535,0.007324188164713388,7.011533630238667e-06,0.0007936003183781017,9.449255658072822e-05,44136fa355b3678a
S4,state_dependent_rule,False,200031,0.75,0.5,6,4,371,280,1,0.3333333333333333,1.0,25.0,241.86427861203495,0.6130544682965742,3.953531945837332,0.0021171000727949005,0.9978828999272051,278,0,0,11196.647781740568,11196.647781740568,2799.161945435142,1.5,0.44705341495428735,0.33711097165098125,0.00020311677575419882,155.0,61.99999999999996,0.13935155348589573,2,64:funding_collapse|92:heatwave:reserve,0.013072485012808794,0.0720952637460461,0.094732231589623,0.016163144683485946,3.2498684120671814e-05,0.001105583304884524,0.00019125034585218566,44136fa355b3678a
S5,greedy_expected_utility,False,200031,0.625,0.5,5,4,557,397,0,0.0,0.0,,266.6098635514156,0.6442663518621861,3.128629660106799,0.004517282194879799,0.9954827178051202,370,0,0,11193.48877666064,11193.48877666064,2798.37219416516,1.5,0.4201056441561916,0.3275974032352774,0.00014195527248150855,199.5,79.8,0.14650271109295132,3,64:funding_collapse|92:heatwave:reserve,0.013116413112503077,0.07325304823903181,0.059181116129269344,0.011731817041563834,2.2712843597041366e-05,0.0009024247635746631,0.0002511038851096543,44136fa355b3678a
S6,rule,False,200031,0.875,0.875,7,7,997,997,0,0.0,0.0,,692.5299032394572,0.7798045463231235,4.9591845928194624,0.04574625577691122,0.9542537442230887,0,0,0,11224.317186533313,11224.317186533317,1603.4738837904733,1.5,0.8962676148496689,0.5438702130723344,0.00011670136463957119,0.0,0.0,0.05450802829586468,3,64:funding_collapse|92:heatwave:reserve,0.01600000000000001,0.03316123736193926,0.0,0.0,1.8672218342331388e-05,0.0010155440965951216,0.0,44136fa355b3678a
S7,forward_rollout_proxy,False,200031,0.75,0.75,6,6,963,963,0,0.0,0.0,,348.6084397587832,0.5985560837008754,3.476200439821684,0.05738389796680063,0.9426161020331993,130,0,0,11193.822875761123,11193.822875761123,1865.6371459601871,1.5,0.6506316939073195,0.47560745570259844,8.246754181503761e-05,89.5,35.80000000000003,0.1914114095682479,3,64:funding_collapse|92:heatwave:reserve,0.014342553805000262,0.05322773116913879,0.13951062738060652,0.011410422410228186,1.319480669040602e-05,0.0008957131674873538,7.53710436133717e-05,44136fa355b3678a
S0,none,False,200032,0.0,0.0,0,0,0,0,3,1.0,1.0,35.333333333333336,68.0474784269404,0.3394939605935893,0.0,,,0,0,0,0.0,0.0,0.0,1.365616693571818,0.1913,0.01913,7.832898172323759e-05,0.0,0.0,0.0,0,8:flood:reserve|39:heatwave:origin|55:heatwave:origin|74:wildfire:reserve|89:flood:semiwild,0.007680000000000005,0.05082230953032123,0.0,0.0,1.2532637075718015e-05,0.0003911972390138236,0.0,44136fa355b3678a
S1,rule,False,200032,0.75,0.0,6,0,0,0,0,0.0,0.0,,217.96288010462328,0.525390861400009,0.0,,,0,0,0,11171.211167181951,11171.211167181951,11171.211167181951,1.5,0.6457125794673264,0.07748169801098237,7.853403141361256e-05,0.0,0.0,0.06455220032124859,3,8:flood:reserve|39:heatwave:origin|55:heatwave:origin|72:funding_collapse|74:wildfire:reserve|89:flood:semiwild,0.011520000000000008,0.060067820883286015,0.0,0.0,1.256544502617801e-05,0.0006087522716789976,0.0,44136fa355b3678a
S2,rule,False,200032,0.375,0.125,3,1,22,0,2,0.6666666666666666,1.0,23.0,81.71199011771535,0.47258209715623345,2.951219512195122,0.0,1.0,0,0,0,11287.090809024254,11287.090809024256,11287.090809024254,1.5,0.2379533086773001,0.12060651337196227,0.0002203096232607875,53.25,21.300000000000004,0.055244936911405175,1,8:flood:reserve|39:heatwave:origin|55:heatwave:origin|72:funding_collapse|74:wildfire:reserve|89:flood:semiwild,0.004518011661784201,0.09059516091547692,0.04852669456480517,0.011933542443367154,3.5249539721726005e-05,0.0007378727812724087,0.00011099508721557996,44136fa355b3678a
S3,rule,False,200032,0.375,0.25,3,2,236,0,1,0.3333333333333333,1.0,22.0,148.40379352680142,0.6074739270009681,3.192059163804719,0.0,1.0,15,131,15,11153.100976976595,11153.100976976591,5576.550488488298,1.5,0.3883630523454302,0.1959485760519345,0.00022065464196362072,36.5,14.6,0.06345839589672131,2,8:flood:reserve|39:heatwave:origin|55:heatwave:origin|72:funding_collapse|74:wildfire:reserve|89:flood:semiwild,0.0068245199367147425,0.07436347625873056,0.046111179856883365,0.009562691149400695,3.530474271417931e-05,0.00080835704041404,0.00010166454348598123,44136fa355b3678a
S4,state_dependent_rule,False,200032,0.375,0.25,3,2,402,254,1,0.3333333333333333,1.0,29.0,138.5552121381403,0.6378349813816251,2.7996040659880945,0.01512946619153234,0.9848705338084677,194,0,0,11123.399896987628,11123.399896987628,5561.699948493814,1.5,0.31773597882909316,0.19198336448391748,0.001224220791331176,131.25,52.49999999999999,0.0985686297056361,2,8:flood:reserve|39:heatwave:origin|55:heatwave:origin|72:funding_collapse|74:wildfire:reserve|89:flood:semiwild,0.008699927004837644,0.07461295660909924,0.027233329626079956,0.007618914949883129,0.00019587532661298812,0.0007466855688295795,0.00047280581618754943,44136fa355b3678a
S5,greedy_expected_utility,False,200032,0.375,0.375,3,3,707,413,1,0.3333333333333333,1.0,21.0,212.36756423058392,0.6255604194045417,2.9125689037593934,0.0010859788696841713,0.9989140211303158,323,0,0,11142.169528846687,11142.169528846687,3714.0565096155624,1.5,0.3064357517980831,0.25187923253736993,0.00067065389806914,207.0,82.8,0.11679984159983836,2,8:flood:reserve|39:heatwave:origin|55:heatwave:origin|72:funding_collapse|74:wildfire:reserve|89:flood:semiwild,0.009164845177222826,0.07688428648018844,0.03590662343206112,0.005683867152551122,0.00010730462369106238,0.0006842270533627082,0.0004031695972039863,44136fa355b3678a
S6,rule,False,200032,0.75,0.125,6,1,6,6,1,0.3333333333333333,1.0,25.0,269.8263652679992,0.7352603725458288,2.571428571428571,0.0,1.0,0,0,0,11187.92565794506,11187.92565794506,11187.92565794506,1.5,0.7734982131707535,0.16629478787673507,0.00018271601975811485,0.0,0.0,0.03490340422687005,2,8:flood:reserve|39:heatwave:origin|55:heatwave:origin|72:funding_collapse|74:wildfire:reserve|89:flood:semiwild,0.01600000000000001,0.0779204826915155,0.0,0.0,2.9234563161298375e-05,0.0007899101994945766,0.0,44136fa355b3678a
S7,forward_rollout_proxy,False,200032,0.375,0.25,3,2,354,354,1,0.3333333333333333,1.0,20.0,185.0645209209666,0.7351514811336499,2.7317720032968458,0.004151797962481618,0.9958482020375183,40,0,0,11119.596361722844,11119.596361722844,5559.798180861422,1.5,0.4482625391702209,0.20739370836814763,0.0001445296311645255,35.75,14.299999999999994,0.11374867209078537,2,8:flood:reserve|39:heatwave:origin|55:heatwave:origin|72:funding_collapse|74:wildfire:reserve|89:flood:semiwild,0.016273121972379193,0.055857993699846925,0.00035023572280050154,0.0004065756511942063,2.3124740986324078e-05,0.0006681991525600685,0.00019093494013930893,44136fa355b3678a
S0,none,False,200033,0.0,0.0,0,0,0,0,3,1.0,1.0,27.333333333333332,61.253544233748826,0.3367105050589872,0.0,,,0,0,0,0.0,0.0,0.0,1.5,0.13865820021480554,0.013865820021480554,0.0005950097815353606,0.0,0.0,0.0,0,13:wildfire:semiwild|30:wildfire:semiwild|34:heatwave:origin|41:wildfire:semiwild|49:heatwave:semiwild|82:flood:alternative|94:wildfire:semiwild,0.007680000000000005,0.0535210646484038,0.0,0.0,9.52015650456577e-05,0.00039322872756335854,0.0,44136fa355b3678a
S1,rule,False,200033,0.625,0.0,5,0,0,0,0,0.0,0.0,,184.89463801638615,0.718195736461501,0.0,,,0,0,0,11211.19502864583,11211.195028645832,11211.19502864583,1.5,0.7435724446721764,0.09013618854290585,0.000461013841469406,0.0,0.0,0.07889472037844104,3,13:wildfire:semiwild|30:wildfire:semiwild|34:heatwave:origin|41:wildfire:semiwild|46:funding_collapse|49:heatwave:semiwild|82:flood:alternative|94:wildfire:semiwild,0.01584000000000001,0.08681661785400006,0.0,0.0,7.376221463510495e-05,0.0007738834698638581,0.0,44136fa355b3678a
S2,rule,False,200033,0.125,0.125,1,1,64,0,3,1.0,1.0,28.666666666666668,79.68778988556451,0.4939024164556951,2.8885754583921015,0.0,1.0,0,0,0,11294.356344349344,11294.356344349344,11294.356344349344,1.5,0.2470840211205598,0.11763123561818772,0.0007197471894188146,49.75,19.900000000000006,0.038935394611053616,0,13:wildfire:semiwild|30:wildfire:semiwild|34:heatwave:origin|41:wildfire:semiwild|46:funding_collapse|49:heatwave:semiwild|82:flood:alternative|94:wildfire:semiwild,0.00472017479557982,0.089779717247804,0.030106491941629492,0.012693303994535698,0.00011515955030701033,0.000739941044732579,0.0001088630825250334,44136fa355b3678a
S3,rule,False,200033,0.5,0.25,4,2,266,0,0,0.0,0.0,,161.10567251579582,0.5847254591748728,4.60653769832,0.0,1.0,8,146,8,11199.008626697283,11199.008626697283,5599.5043133486415,1.5,0.5149448900718356,0.22367702422397942,0.0005508555034736693,38.5,15.4,0.06808579116797929,3,13:wildfire:semiwild|30:wildfire:semiwild|34:heatwave:origin|41:wildfire:semiwild|46:funding_collapse|49:heatwave:semiwild|82:flood:alternative|94:wildfire:semiwild,0.006061041885863343,0.07568714024877665,0.05626122880609777,0.011246452500986796,8.813688055578708e-05,0.0007943669349363878,9.5406017157813e-05,44136fa355b3678a
S4,state_dependent_rule,False,200033,0.625,0.375,5,3,453,428,0,0.0,0.0,,215.0174292358921,0.6137083076071662,3.75898983642154,0.0019193998413108402,0.9980806001586892,237,0,0,11196.444536715464,11196.444536715462,3732.1481789051545,1.5,0.434244335984095,0.2764145469490059,0.0004641325366068487,155.25,62.09999999999997,0.133251074931905,3,13:wildfire:semiwild|30:wildfire:semiwild|34:heatwave:origin|41:wildfire:semiwild|46:funding_collapse|49:heatwave:semiwild|82:flood:alternative|94:wildfire:semiwild,0.012652462591822337,0.07039716406694439,0.10077325108713228,0.00930868945794135,7.42612058570958e-05,0.0006803230128225708,0.00023499774274902434,44136fa355b3678a
S5,greedy_expected_utility,False,200033,0.375,0.375,3,3,599,337,0,0.0,0.0,,244.75231843978042,0.6114549582795206,4.213741685157742,0.001428815006715648,0.9985711849932843,321,0,0,11209.272481551097,11209.272481551096,3736.4241605170323,1.5,0.40768073977203256,0.2779946297224327,0.0005006400672924053,206.75,82.7,0.1316956944682603,3,13:wildfire:semiwild|30:wildfire:semiwild|34:heatwave:origin|41:wildfire:semiwild|46:funding_collapse|49:heatwave:semiwild|82:flood:alternative|94:wildfire:semiwild,0.01091311132008283,0.0725548247113327,0.08512121055302528,0.00830431029072492,8.010241076678484e-05,0.0005892104460593493,0.000265325747443492,44136fa355b3678a
S6,rule,False,200033,0.75,0.625,6,5,285,285,0,0.0,0.0,,317.9729947644058,0.7471118445828039,2.9668216431406385,0.048453925334698195,0.9515460746653018,0,0,0,11221.75413612416,11221.75413612416,2244.350827224832,1.5,0.8465093441473966,0.404508200025092,0.000374946179871892,0.0,0.0,0.04469524589472976,3,13:wildfire:semiwild|30:wildfire:semiwild|34:heatwave:origin|41:wildfire:semiwild|46:funding_collapse|49:heatwave:semiwild|82:flood:alternative|94:wildfire:semiwild,0.01600000000000001,0.06579817995903763,0.0,0.0,5.999138877950273e-05,0.0010299840693790154,0.0,44136fa355b3678a
S7,forward_rollout_proxy,False,200033,0.625,0.625,5,5,939,939,0,0.0,0.0,,240.9358063957694,0.5046106533279433,3.3938968362070754,0.0007131191952274832,0.9992868808047726,27,0,0,11186.322073722115,11186.322073722115,2237.264414744423,1.5,0.5942775243812798,0.408581506895521,0.0005060421427488283,41.5,16.6,0.16982393047661115,3,13:wildfire:semiwild|30:wildfire:semiwild|34:heatwave:origin|41:wildfire:semiwild|46:funding_collapse|49:heatwave:semiwild|82:flood:alternative|94:wildfire:semiwild,0.013569509003098633,0.04722176712243503,0.23331375355153047,0.017252045001802663,8.096674283981253e-05,0.0009486916587126089,6.335697049635436e-05,44136fa355b3678a
S0,none,False,200034,0.25,0.0,2,0,0,0,3,1.0,1.0,25.666666666666668,66.23201454699506,0.38309636529444036,0.0,,,0,0,0,0.0,0.0,0.0,1.3529193158273602,0.09227570240503052,0.009227570240503052,0.00012756692995600556,0.0,0.0,0.0,0,17:heatwave:reserve|44:heatwave:alternative|79:flood:semiwild,0.008640000000000007,0.05598860511796709,0.0,0.0,2.041070879296089e-05,0.000454618878799649,0.0,44136fa355b3678a
S1,rule,False,200034,0.625,0.5,5,4,307,307,0,0.0,0.0,,411.1975312083333,0.7583499201860451,5.945253731825105,0.0,1.0,0,0,0,11198.850527902516,11198.850527902518,2799.712631975629,1.5,0.874228734087449,0.38917449368217916,0.00019482028121240428,0.0,0.0,0.08649541477591627,3,12:funding_collapse|17:heatwave:reserve|44:heatwave:alternative|79:flood:semiwild,0.01600000000000001,0.05461233977303022,0.0,0.0,3.1171244993984684e-05,0.001006568795930817,0.0,44136fa355b3678a
S2,rule,False,200034,0.375,0.25,3,2,28,0,2,0.6666666666666666,1.0,37.5,86.98335267468916,0.49339047834918454,1.8714285714285714,0.08443225225464289,0.9155677477453571,0,0,0,11290.242165071693,11290.242165071693,5645.121082535847,1.5,0.1613758410586966,0.1580264921130061,0.00016888745228888183,56.25,22.500000000000004,0.05337311146425361,1,12:funding_collapse|17:heatwave:reserve|44:heatwave:alternative|79:flood:semiwild,0.005184996007798492,0.09201375360325051,0.03797065104402034,0.010304686081450999,2.7021992366221096e-05,0.0007157033113450047,0.00011904466454976481,44136fa355b3678a
S3,rule,False,200034,0.5,0.25,4,2,228,0,1,0.3333333333333333,1.0,12.0,163.38582938328173,0.6306109317768059,3.309150375912422,0.005559228174965714,0.9944407718250343,27,139,27,11162.368275140961,11162.36827514096,5581.184137570481,1.5,0.45023954400778005,0.20371832223680064,0.00039403785342600664,41.5,16.6,0.06551432038449216,2,12:funding_collapse|17:heatwave:reserve|44:heatwave:alternative|79:flood:semiwild,0.008649655809934334,0.07501556564891235,0.03615544077012495,0.007432288552178555,6.304605654816107e-05,0.0007777888079850624,9.428602760650603e-05,44136fa355b3678a
S4,state_dependent_rule,False,200034,0.5,0.25,4,2,238,0,0,0.0,0.0,,193.27415714070204,0.5972482641836425,3.791094359232196,0.002397280121594959,0.997602719878405,123,0,0,11167.37707626321,11167.377076263208,5583.688538131605,1.5,0.3478082710873573,0.20214006612884391,0.00027183272754156444,168.5,67.39999999999995,0.08474147713893114,3,12:funding_collapse|17:heatwave:reserve|44:heatwave:alternative|79:flood:semiwild,0.007503568222496433,0.07705463426471583,0.05979808787670647,0.007084508558659769,4.349323640665031e-05,0.0006807926285958343,0.00026275964730026634,44136fa355b3678a
S5,greedy_expected_utility,False,200034,0.5,0.25,4,2,224,0,1,0.3333333333333333,1.0,12.0,163.9054417058297,0.6039061095582978,4.817907736825035,0.0008431099887843367,0.9991568900112157,98,0,0,11164.170251230878,11164.170251230878,5582.085125615439,1.5,0.3209296023035496,0.21356207016227974,0.0002823062278187476,202.5,81.0,0.10395016281837219,2,12:funding_collapse|17:heatwave:reserve|44:heatwave:alternative|79:flood:semiwild,0.007282876007543911,0.0773442820813197,0.04865605568023712,0.007795103162238693,4.5168996450999606e-05,0.0007921062014041608,0.0003973784939220258,44136fa355b3678a
S6,rule,False,200034,0.75,0.75,6,6,1043,1043,0,0.0,0.0,,710.4491172906054,0.7794409486227323,5.758238037962195,0.0,1.0,0,0,0,11213.60937223753,11213.609372237532,1868.9348953729216,1.5,0.9618319999999998,0.5000375311808724,0.00017369970165439464,0.0,0.0,0.04385975400625194,3,12:funding_collapse|17:heatwave:reserve|44:heatwave:alternative|79:flood:semiwild,0.01600000000000001,0.03354796160723379,0.0,0.0,2.779195226470314e-05,0.000983297817769333,0.0,44136fa355b3678a
S7,forward_rollout_proxy,False,200034,0.625,0.125,5,1,126,81,0,0.0,0.0,,182.37041116578234,0.7135915001704604,2.489181561618062,0.0875669701237531,0.9124330298762469,66,0,0,11152.940436677112,11152.940436677112,11152.940436677112,1.5,0.5902914304513333,0.16339450260692964,0.0001567626767701562,46.25,18.500000000000007,0.11611771972807847,3,12:funding_collapse|17:heatwave:reserve|44:heatwave:alternative|79:flood:semiwild,0.014021373432296065,0.07628119595693227,0.0027066066452646853,0.0031573803869106016,2.5082028283224993e-05,0.0008271920007021154,0.00031121551004696164,44136fa355b3678a
S0,none,False,200035,0.125,0.0,1,0,0,0,3,1.0,1.0,22.333333333333332,57.43511949267436,0.39138619197257746,0.0,,,0,0,0,0.0,0.0,0.0,1.5,0.1913,0.01913,0.00045035167013813084,0.0,0.0,0.0,0,1:flood:semiwild|41:heatwave:reserve|58:flood:semiwild,0.008800000000000007,0.05583154155756835,0.0,0.0,7.205626722210094e-05,0.00041021020263213437,0.0,44136fa355b3678a
S1,rule,False,200035,0.75,0.625,6,5,328,328,0,0.0,0.0,,416.1390653371653,0.7572177871028836,4.638771377355722,0.0021342022307088188,0.9978657977692912,0,0,0,11184.387263046556,11184.387263046556,2236.877452609311,1.5,0.8737514463472023,0.437092177586885,0.0003239640595038059,0.0,0.0,0.11039659589303771,3,1:flood:semiwild|24:funding_collapse|41:heatwave:reserve|44:funding_collapse|58:flood:semiwild,0.01600000000000001,0.05569722088344275,0.0,0.0,5.183424952060893e-05,0.0010331577641533225,0.0,44136fa355b3678a
S2,rule,False,200035,0.375,0.25,3,2,56,0,2,0.6666666666666666,1.0,17.5,76.13362512454188,0.48136965911042423,1.8258480515839643,0.011458608695652172,0.9885413913043478,0,0,0,11276.290706184047,11276.290706184049,5638.1453530920235,1.5,0.298316839982547,0.17151543695523647,0.0004271792526813784,56.75,22.700000000000006,0.05462636220571059,1,1:flood:semiwild|24:funding_collapse|41:heatwave:reserve|44:funding_collapse|58:flood:semiwild,0.004867022102373534,0.090740073477933,0.044222099726409614,0.011670617517916357,6.834868042902056e-05,0.0007584712914215691,0.00014758315618268288,44136fa355b3678a
S3,rule,False,200035,0.5,0.375,4,3,401,0,1,0.3333333333333333,1.0,16.0,176.53179959235723,0.6020443755010755,3.582855781168565,0.02733254228639841,0.9726674577136016,26,199,26,11168.865352578652,11168.865352578652,3722.9551175262172,1.5,0.5876419296398118,0.27840493325472215,0.0005378498072243716,56.25,22.500000000000014,0.07531091239527649,2,1:flood:semiwild|24:funding_collapse|41:heatwave:reserve|44:funding_collapse|58:flood:semiwild,0.008209641248154084,0.07675793843204902,0.061347046661486875,0.007285007342681541,8.605596915589946e-05,0.0008352433290071744,0.0001135094355130543,44136fa355b3678a
S4,state_dependent_rule,False,200035,0.5,0.375,4,3,266,54,1,0.3333333333333333,1.0,15.0,145.5995927244195,0.6338410628366309,2.593781200177352,0.020255924409411902,0.9797440755905881,226,0,0,11185.871577654972,11185.871577654972,3728.623859218324,1.5,0.4853714588532721,0.26497298092052746,0.0009075438952917156,173.75,69.49999999999997,0.10874011516713361,2,1:flood:semiwild|24:funding_collapse|41:heatwave:reserve|44:funding_collapse|58:flood:semiwild,0.009585464160293303,0.07866415555282077,0.04212478409438851,0.006156045604758303,0.0001452070232466745,0.0006461493884461988,0.0004194375924635508,44136fa355b3678a
S5,greedy_expected_utility,False,200035,0.625,0.375,5,3,445,269,1,0.3333333333333333,1.0,15.0,187.73101588948413,0.6506350073152963,2.5228946435019126,0.027514763622363467,0.9724852363776365,296,0,0,11179.495530119862,11179.49553011986,3726.498510039954,1.5,0.4583723419260573,0.26769617237291277,0.0008121828603638025,195.0,77.99999999999997,0.1393999587264394,2,1:flood:semiwild|24:funding_collapse|41:heatwave:reserve|44:funding_collapse|58:flood:semiwild,0.010719471341219991,0.074703253823826,0.026902327903966832,0.0092630958311986,0.0001299492576582084,0.0009490483205642033,0.00037979058881063823,44136fa355b3678a
S6,rule,False,200035,0.875,0.75,7,6,1036,1036,1,0.3333333333333333,1.0,16.0,665.7335250740799,0.7791883887682712,4.947867701576036,0.0,1.0,0,0,0,11194.299306258481,11194.299306258483,1865.7165510430802,1.5,0.9613940783620123,0.49319339724904554,0.0004468851059573168,0.0,0.0,0.05037656198541948,2,1:flood:semiwild|24:funding_collapse|41:heatwave:reserve|44:funding_collapse|58:flood:semiwild,0.01600000000000001,0.03377122685213671,0.0,0.0,7.150161695317069e-05,0.0009688827626392825,0.0,44136fa355b3678a
S7,forward_rollout_proxy,False,200035,0.75,0.375,6,3,804,804,1,0.3333333333333333,1.0,15.0,274.76322137707234,0.6970498580344793,3.5057729454325943,0.008414089882762446,0.9915859101172375,132,0,0,11155.89789199383,11155.89789199383,3718.63263066461,1.5,0.6945168628519035,0.30148496806805924,0.00045381273284107813,79.0,31.600000000000037,0.1411277616427145,2,1:flood:semiwild|24:funding_collapse|41:heatwave:reserve|44:funding_collapse|58:flood:semiwild,0.015087688553136323,0.06174243249377987,0.03178883579560833,0.011549284829869168,7.26100372545725e-05,0.0010456125309607565,0.00011022100914320914,44136fa355b3678a
S0,none,False,200036,0.25,0.0,2,0,0,0,3,1.0,1.0,33.0,71.27666242434162,0.40372853909397705,0.0,,,0,0,0,0.0,0.0,0.0,1.5,0.24796666666666647,0.024796666666666647,0.00013774905421762312,0.0,0.0,0.0,0,78:heatwave:origin|93:heatwave:origin|97:flood:origin,0.009120000000000007,0.05965040046338205,0.0,0.0,2.20398486748197e-05,0.0005790205939660564,0.0,44136fa355b3678a
S1,rule,False,200036,0.625,0.0,5,0,0,0,0,0.0,0.0,,360.2431909747314,0.7327953493875525,0.0,,,0,0,0,11120.349198012305,11120.349198012307,11120.349198012305,1.5,0.6699999999999999,0.08613229218615068,0.00017801151073892636,0.0,0.0,0.09566146093075345,3,5:funding_collapse|48:funding_collapse|57:funding_collapse|71:funding_collapse|78:heatwave:origin|93:heatwave:origin|97:flood:origin,0.01584000000000001,0.07210727172385155,0.0,0.0,2.8481841718228223e-05,0.0009288970468775504,0.0,44136fa355b3678a
S2,rule,False,200036,0.25,0.125,2,1,31,0,1,0.3333333333333333,1.0,22.0,75.23332382057451,0.5045837063662684,2.9209726443768997,0.0004815324239598383,0.9995184675760401,0,0,0,11194.402503804338,11194.40250380434,11194.402503804338,1.5,0.35543293070318854,0.13125303965599028,0.0012478500660887308,70.0,28.0,0.051250100709512025,2,5:funding_collapse|48:funding_collapse|57:funding_collapse|71:funding_collapse|78:heatwave:origin|93:heatwave:origin|97:flood:origin,0.005179061826234354,0.0901221358823145,0.026851773795491682,0.012164181898020335,0.000199656010574197,0.0008515975857038767,0.00019445638954565384,44136fa355b3678a
S3,rule,False,200036,0.5,0.375,4,3,433,0,1,0.3333333333333333,1.0,13.0,203.97837019025977,0.5981087134434093,3.940258401046338,0.005392482478455138,0.9946075175215449,31,228,31,11088.28562817748,11088.28562817748,3696.0952093924934,1.5,0.620533063773431,0.2857757909382008,0.00011887871608643389,64.75,25.900000000000002,0.07784950275197179,2,5:funding_collapse|48:funding_collapse|57:funding_collapse|71:funding_collapse|78:heatwave:origin|93:heatwave:origin|97:flood:origin,0.008100514804898753,0.07672946810777379,0.06396752253274127,0.006987665821504064,1.902059457382942e-05,0.0007998255063912839,0.00010393405331070516,44136fa355b3678a
S4,state_dependent_rule,False,200036,0.625,0.5,5,4,792,594,1,0.3333333333333333,1.0,14.0,239.7943810562816,0.6349232348297337,2.7665106391145793,0.019892234893140973,0.980107765106859,314,0,0,11104.929276701621,11104.92927670162,2776.2323191754053,1.5,0.5411367995715902,0.33429313927047277,0.0002312728844335187,181.75,72.69999999999999,0.1375717646108396,2,5:funding_collapse|48:funding_collapse|57:funding_collapse|71:funding_collapse|78:heatwave:origin|93:heatwave:origin|97:flood:origin,0.012455016231180277,0.07217804068289091,0.06716980558879246,0.014754828423548113,3.700366150936299e-05,0.001025237346598458,0.00023565332738627757,44136fa355b3678a
S5,greedy_expected_utility,False,200036,0.625,0.375,5,3,756,631,1,0.3333333333333333,1.0,15.0,255.62555356328704,0.6430316831271781,3.3138098374932183,0.02324597890663925,0.9767540210933607,370,0,0,11109.66427518447,11109.66427518447,3703.22142506149,1.5,0.5145986092710948,0.2803093562427781,0.00016846269201053584,184.0,73.6,0.1348069847036822,2,5:funding_collapse|48:funding_collapse|57:funding_collapse|71:funding_collapse|78:heatwave:origin|93:heatwave:origin|97:flood:origin,0.013655594243970918,0.06835410909780744,0.06555298807285616,0.016603651803051834,2.6954030721685734e-05,0.0012363916528870874,0.0002338977774810764,44136fa355b3678a
S6,rule,False,200036,0.75,0.5,6,4,33,33,0,0.0,0.0,,539.9237740040712,0.7601718037060462,3.433337417299682,0.0,1.0,0,0,0,11130.281120386888,11130.281120386888,2782.570280096722,1.5,0.7184484084301733,0.3407277486138339,0.00017845534932361647,0.0,0.0,0.04774766798909859,3,5:funding_collapse|48:funding_collapse|57:funding_collapse|71:funding_collapse|78:heatwave:origin|93:heatwave:origin|97:flood:origin,0.01600000000000001,0.05283180728512202,0.0,0.0,2.855285589177863e-05,0.0009678361529398605,0.0,44136fa355b3678a
S7,forward_rollout_proxy,False,200036,0.625,0.625,5,5,1200,1200,0,0.0,0.0,,398.8703400522495,0.6095164786807932,3.696439325334377,0.0057160813178624235,0.9942839186821376,75,0,0,11105.90415690437,11105.90415690437,2221.1808313808738,1.5,0.6699999999999999,0.4185083269216003,0.0004202095603334265,75.25,30.100000000000023,0.16646966834128246,3,5:funding_collapse|48:funding_collapse|57:funding_collapse|71:funding_collapse|78:heatwave:origin|93:heatwave:origin|97:flood:origin,0.014498413000192016,0.04881076175344425,0.12796882373311594,0.014543538439992837,6.723352965334824e-05,0.0011601111481715839,6.93574167163971e-05,44136fa355b3678a
S0,none,False,200037,0.25,0.0,2,0,0,0,3,1.0,1.0,28.0,63.61032450931823,0.40407036710246397,0.0,,,0,0,0,0.0,0.0,0.0,1.2970366979899062,0.05722400000000002,0.0057224000000000025,0.00018920312269848284,0.0,0.0,0.0,0,20:heatwave:alternative|28:wildfire:reserve|54:wildfire:alternative|67:wildfire:alternative|88:heatwave:reserve,0.009120000000000007,0.05937584073104464,0.0,0.0,3.0272499631757256e-05,0.0005035196668596791,0.0,44136fa355b3678a
S1,rule,False,200037,0.75,0.5,6,4,349,349,0,0.0,0.0,,436.67268134653597,0.7578490643529514,5.120715935518871,0.0,1.0,0,0,0,11189.386743798179,11189.386743798179,2797.3466859495447,1.5,0.7185242190388522,0.3697839107221707,0.00017799616022908465,0.0,0.0,0.1086216473154838,3,20:heatwave:alternative|28:wildfire:reserve|54:wildfire:alternative|67:wildfire:alternative|88:heatwave:reserve|92:funding_collapse,0.01600000000000001,0.05511178522326414,0.0,0.0,2.8479385636653544e-05,0.0010106710381481165,0.0,44136fa355b3678a
S2,rule,False,200037,0.25,0.125,2,1,20,0,2,0.6666666666666666,1.0,36.0,74.56571480720358,0.4901686680527904,2.666666666666666,0.0,1.0,0,0,0,11294.245556497008,11294.245556497008,11294.245556497008,1.5,0.07203063466666663,0.09844811383085371,0.0002827776110068918,56.0,22.400000000000002,0.0416419184876019,1,20:heatwave:alternative|28:wildfire:reserve|54:wildfire:alternative|67:wildfire:alternative|88:heatwave:reserve|92:funding_collapse,0.004842816886110848,0.08946033804177053,0.03545656766911523,0.013159806610837037,4.5244417761102685e-05,0.0008485562328936594,0.00013903124466611616,44136fa355b3678a
S3,rule,False,200037,0.625,0.375,5,3,316,0,0,0.0,0.0,,175.46304277386662,0.5921025181753674,3.1555666480916056,0.041410495560865325,0.9585895044391347,34,184,34,11200.929075006625,11200.929075006625,3733.643025002208,1.5,0.23723233663846063,0.2398704337178443,0.0001843493959172337,54.5,21.800000000000004,0.07920766786541075,3,20:heatwave:alternative|28:wildfire:reserve|54:wildfire:alternative|67:wildfire:alternative|88:heatwave:reserve|92:funding_collapse,0.006995367096292679,0.07577785661871697,0.06289875375821449,0.007659682639265394,2.9495903346757397e-05,0.0007126407125380875,0.00010421580641831056,44136fa355b3678a
S4,state_dependent_rule,False,200037,0.375,0.125,3,1,167,0,0,0.0,0.0,,117.0396457680123,0.6300759812060555,3.997276766518562,0.006936028863194246,0.9930639711368058,93,0,0,11148.280470264546,11148.280470264548,11148.280470264546,1.5,0.1557057922795324,0.12741878699943573,0.00032669197473294084,136.5,54.599999999999994,0.07812720053148435,3,20:heatwave:alternative|28:wildfire:reserve|54:wildfire:alternative|67:wildfire:alternative|88:heatwave:reserve|92:funding_collapse,0.007894197397383085,0.07492198150203623,0.026993906547287547,0.009734362504885841,5.227071595727054e-05,0.0010626959393186522,0.0004652439727086816,44136fa355b3678a
S5,greedy_expected_utility,False,200037,0.375,0.25,3,2,308,0,0,0.0,0.0,,134.48082180105263,0.616925136008133,2.68194367617237,0.019025791783649583,0.9809742082163504,91,0,0,11153.120976436738,11153.120976436738,5576.560488218369,1.5,0.13654630388785766,0.17218254825040613,0.00038314364064587073,176.75,70.69999999999999,0.0960424054994834,3,20:heatwave:alternative|28:wildfire:reserve|54:wildfire:alternative|67:wildfire:alternative|88:heatwave:reserve|92:funding_collapse,0.0078004463059969135,0.07790419401368529,0.03397020752729297,0.011839724366817095,6.130298250333934e-05,0.0010700975679679146,0.0005003810884179536,44136fa355b3678a
S6,rule,False,200037,0.75,0.75,6,6,914,914,0,0.0,0.0,,651.3700741910304,0.7802915876534949,5.116797069166668,0.04979437175026802,0.950205628249732,0,0,0,11203.047709820434,11203.047709820436,1867.1746183034056,1.5,0.894060622062273,0.4873502471322484,0.0002041741707002888,0.0,0.0,0.046381071171771954,3,20:heatwave:alternative|28:wildfire:reserve|54:wildfire:alternative|67:wildfire:alternative|88:heatwave:reserve|92:funding_collapse,0.01600000000000001,0.032601545784922005,0.0,0.0,3.2667867312046215e-05,0.0010741986942714588,0.0,44136fa355b3678a
S7,forward_rollout_proxy,False,200037,0.625,0.125,5,1,119,2,0,0.0,0.0,,167.28956000825426,0.6829809498061269,3.9500697350069736,0.0035250310299522057,0.9964749689700478,65,0,0,11140.820615762266,11140.820615762266,11140.820615762266,1.5,0.34911794986787803,0.15095287159740867,0.0001843493959172337,65.75,26.30000000000001,0.1014518963027556,3,20:heatwave:alternative|28:wildfire:reserve|54:wildfire:alternative|67:wildfire:alternative|88:heatwave:reserve|92:funding_collapse,0.01150909144849429,0.07314867636003325,0.015414669282515257,0.005354185189536417,2.9495903346757397e-05,0.0009064784937518176,0.00021142531680451137,44136fa355b3678a
S0,none,False,200038,0.125,0.0,1,0,0,0,3,1.0,1.0,29.666666666666668,68.30301130856813,0.4243765247174444,0.0,,,0,0,0,0.0,0.0,0.0,1.2831939233465384,0.057140000000000024,0.005714000000000003,0.0002845626785323049,0.0,0.0,0.0,0,6:flood:reserve|8:heatwave:alternative|38:wildfire:reserve|79:heatwave:alternative|85:flood:semiwild|94:heatwave:origin|95:wildfire:reserve|98:heatwave:semiwild,0.009600000000000008,0.06350763743266465,0.0,0.0,4.55300285651688e-05,0.00047030782132565825,0.0,44136fa355b3678a
S1,rule,False,200038,0.875,0.5,7,4,85,85,1,0.3333333333333333,1.0,13.0,385.95948389080365,0.7519639828473911,3.8827629618606307,0.0,1.0,0,0,0,11038.7813191547,11038.781319154701,2759.695329788675,1.5,0.6045177571705178,0.3445363674725072,0.0002715473600235727,0.0,0.0,0.10128481068424561,2,1:funding_collapse|5:funding_collapse|6:flood:reserve|8:heatwave:alternative|11:funding_collapse|18:funding_collapse|38:wildfire:reserve|52:funding_collapse|79:heatwave:alternative|85:flood:semiwild|94:heatwave:origin|95:wildfire:reserve|98:heatwave:semiwild,0.01600000000000001,0.06105757683337129,0.0,0.0,4.344757760377163e-05,0.0009349927416341738,0.0,44136fa355b3678a
S2,rule,False,200038,0.25,0.125,2,1,33,0,2,0.6666666666666666,1.0,44.0,85.72807922552191,0.509523286249439,3.5016077170418005,0.0,1.0,0,0,0,11163.29483626823,11163.29483626823,11163.29483626823,1.5,0.06738239999999997,0.10561483438864984,0.00020174918662886748,61.0,24.400000000000002,0.03805258609115915,1,1:funding_collapse|5:funding_collapse|6:flood:reserve|8:heatwave:alternative|11:funding_collapse|18:funding_collapse|38:wildfire:reserve|52:funding_collapse|79:heatwave:alternative|85:flood:semiwild|94:heatwave:origin|95:wildfire:reserve|98:heatwave:semiwild,0.0057515121140564755,0.09088752233112114,0.031207304854072197,0.011817165550152635,3.22798698606188e-05,0.0007483845396203358,0.00013906367951174462,44136fa355b3678a
S3,rule,False,200038,0.5,0.375,4,3,329,0,1,0.3333333333333333,1.0,13.0,189.45306697935766,0.6044931909503763,3.650266852638765,0.004241600857999544,0.9957583991420005,22,207,22,11024.314985741192,11024.314985741192,3674.7716619137304,1.5,0.16652131609010148,0.23799671690525304,0.0002513004999449727,57.25,22.900000000000002,0.08045958384927628,2,1:funding_collapse|5:funding_collapse|6:flood:reserve|8:heatwave:alternative|11:funding_collapse|18:funding_collapse|38:wildfire:reserve|52:funding_collapse|79:heatwave:alternative|85:flood:semiwild|94:heatwave:origin|95:wildfire:reserve|98:heatwave:semiwild,0.007895929130753218,0.07708628859685118,0.05795857170664516,0.006789288276295129,4.0208079991195625e-05,0.0006589078933013875,0.00010124231133298458,44136fa355b3678a
S4,state_dependent_rule,False,200038,0.375,0.25,3,2,324,0,1,0.3333333333333333,1.0,18.0,169.87494256421533,0.5973637707812451,3.3714290232165185,0.0013541832599781958,0.9986458167400218,110,0,0,11004.157688214182,11004.157688214182,5502.078844107091,1.5,0.1308281516857467,0.17650907529672222,0.0003477754826292915,144.75,57.89999999999997,0.08605984947991163,2,1:funding_collapse|5:funding_collapse|6:flood:reserve|8:heatwave:alternative|11:funding_collapse|18:funding_collapse|38:wildfire:reserve|52:funding_collapse|79:heatwave:alternative|85:flood:semiwild|94:heatwave:origin|95:wildfire:reserve|98:heatwave:semiwild,0.00774004813743023,0.07634681263983158,0.06101305805471156,0.008910650513479697,5.564407722068663e-05,0.0007956856533385073,0.00026794305415391153,44136fa355b3678a
S5,greedy_expected_utility,False,200038,0.375,0.375,3,3,359,0,1,0.3333333333333333,1.0,13.0,159.3059099350725,0.5917886701194397,3.0411442553917047,0.0023429502427513055,0.9976570497572487,72,0,0,11024.307973476563,11024.307973476563,3674.769324492188,1.5,0.11966540835563633,0.23318220922852584,0.0002000960932555561,197.25,78.90000000000002,0.11027112919522575,2,1:funding_collapse|5:funding_collapse|6:flood:reserve|8:heatwave:alternative|11:funding_collapse|18:funding_collapse|38:wildfire:reserve|52:funding_collapse|79:heatwave:alternative|85:flood:semiwild|94:heatwave:origin|95:wildfire:reserve|98:heatwave:semiwild,0.007138861865624342,0.07872769397584845,0.06245088873507509,0.006392541067370298,3.2015374920888976e-05,0.0005971391487136972,0.000413633333203463,44136fa355b3678a
S6,rule,False,200038,0.875,0.75,7,6,467,467,1,0.3333333333333333,1.0,13.0,657.9146769103088,0.7724666855244652,5.570672894178241,0.0,1.0,0,0,0,11056.89682841283,11056.896828412831,1842.816138068805,1.5,0.7629113487457291,0.47953457466320437,0.0002968528162311929,0.0,0.0,0.05018355423424532,2,1:funding_collapse|5:funding_collapse|6:flood:reserve|8:heatwave:alternative|11:funding_collapse|18:funding_collapse|38:wildfire:reserve|52:funding_collapse|79:heatwave:alternative|85:flood:semiwild|94:heatwave:origin|95:wildfire:reserve|98:heatwave:semiwild,0.01600000000000001,0.04053811716621825,0.0,0.0,4.749645059699085e-05,0.0009477008587192215,0.0,44136fa355b3678a
S7,forward_rollout_proxy,False,200038,0.5,0.375,4,3,174,0,1,0.3333333333333333,1.0,13.0,192.33884587354729,0.6765369768587891,2.8637710357851485,0.0054767572601314915,0.9945232427398685,107,0,0,10988.138563549972,10988.138563549972,3662.7128545166574,1.5,0.23521757287544479,0.24481596912077747,0.0003444621570794603,87.75,35.10000000000004,0.11953250737690735,2,1:funding_collapse|5:funding_collapse|6:flood:reserve|8:heatwave:alternative|11:funding_collapse|18:funding_collapse|38:wildfire:reserve|52:funding_collapse|79:heatwave:alternative|85:flood:semiwild|94:heatwave:origin|95:wildfire:reserve|98:heatwave:semiwild,0.011544924899605395,0.07880845565131303,0.01793499249947119,0.0022714806280325368,5.511394513271365e-05,0.0005484753273706321,0.0002319031284984041,44136fa355b3678a
S0,none,False,200039,0.0,0.0,0,0,0,0,3,1.0,1.0,29.0,56.31140566811512,0.3122522049704901,0.0,,,0,0,0,0.0,0.0,0.0,1.5,0.24796666666666647,0.024796666666666647,5.333333333333333e-05,0.0,0.0,0.0,0,35:wildfire:origin|79:flood:origin,0.0070400000000000055,0.04556326025321191,0.0,0.0,8.533333333333334e-06,0.000336001442964591,0.0,44136fa355b3678a
S1,rule,False,200039,0.5,0.0,4,0,0,0,0,0.0,0.0,,172.28388864311225,0.6475810478863591,0.0,,,0,0,0,11212.068030953218,11212.068030953222,11212.068030953218,1.5,0.6743963566851693,0.08003564406486714,5.46448087431694e-05,0.0,0.0,0.06298004198175103,3,35:wildfire:origin|57:funding_collapse|79:flood:origin,0.01424000000000001,0.07620669221285835,0.0,0.0,8.743169398907103e-06,0.0006635167313837169,0.0,44136fa355b3678a
S2,rule,False,200039,0.375,0.125,3,1,21,0,2,0.6666666666666666,1.0,25.5,81.01946042177437,0.49296841470076236,1.9600000000000004,0.0,1.0,0,0,0,11305.140842304569,11305.140842304569,11305.140842304569,1.5,0.3564960187527908,0.12171426949057484,0.00038439853662632084,64.5,25.8,0.051073338076478875,1,35:wildfire:origin|57:funding_collapse|79:flood:origin,0.0048782931200439215,0.09067832438413671,0.033773874958854117,0.012406415008613343,6.150376586021135e-05,0.0007900926513670417,0.00014404525240828403,44136fa355b3678a
S3,rule,False,200039,0.375,0.375,3,3,331,0,1,0.3333333333333333,1.0,21.0,161.152421908035,0.5686510086481686,3.4855679160596496,0.00034961736787241345,0.9996503826321276,12,121,12,11218.695723183171,11218.695723183171,3739.565241061057,1.5,0.6249148429656226,0.28067358701387196,0.00011812493898984082,33.25,13.3,0.07288211778356589,2,35:wildfire:origin|57:funding_collapse|79:flood:origin,0.006243149051661314,0.07582384921925515,0.07727188459173041,0.009344202747379843,1.889999023837453e-05,0.0006945389003219691,9.010928183180811e-05,44136fa355b3678a
S4,state_dependent_rule,False,200039,0.625,0.5,5,4,600,561,1,0.3333333333333333,1.0,18.0,222.28705475805836,0.6008831380748131,3.255787339841784,0.0023708480250524498,0.9976291519749475,292,0,0,11197.679265262204,11197.679265262203,2799.419816315551,1.5,0.5435853992695899,0.33802064822418665,0.00039665911046372194,144.5,57.79999999999997,0.13052117449404904,2,35:wildfire:origin|57:funding_collapse|79:flood:origin,0.0127337921889379,0.06858976051535884,0.10800585896236656,0.016291928588189297,6.346545767419552e-05,0.0009271311185349817,0.00020646923043766432,44136fa355b3678a
S5,greedy_expected_utility,False,200039,0.5,0.5,4,4,616,440,2,0.6666666666666666,1.0,14.0,232.7011142021467,0.6385241388699902,3.6485700039885276,0.032410691359886834,0.9675893086401132,382,0,0,11205.597060077613,11205.597060077613,2801.399265019403,1.5,0.5169009961085302,0.3407686080857713,0.00038066270424059437,195.75,78.29999999999998,0.1379640421751649,1,35:wildfire:origin|57:funding_collapse|79:flood:origin,0.012047258949438715,0.07149097317858784,0.05466472112719024,0.01550043233721977,6.0906032678495105e-05,0.0009573087391411877,0.0002632663412200782,44136fa355b3678a
S6,rule,False,200039,0.625,0.125,5,1,2,2,0,0.0,0.0,,303.1940414045984,0.7386807888057793,1.0,0.032799999999999996,0.9672000000000001,0,0,0,11222.585953859316,11222.585953859318,11222.585953859316,1.5,0.7622796185811734,0.14997141561144273,5.128205128205128e-05,0.0,0.0,0.0374672687666269,3,35:wildfire:origin|57:funding_collapse|79:flood:origin,0.01600000000000001,0.07446839440081751,0.0,0.0,8.205128205128205e-06,0.000842611665198008,0.0,44136fa355b3678a
S7,forward_rollout_proxy,False,200039,0.5,0.5,4,4,1034,972,1,0.3333333333333333,1.0,25.0,276.22161174893137,0.5701120941250875,2.866771870040475,0.017464790010727257,0.9825352099892728,68,0,0,11184.349061022911,11184.349061022913,2796.0872652557277,1.5,0.6699999999999999,0.3489343070193638,0.000305573323475275,48.5,19.400000000000002,0.14133294159479495,2,35:wildfire:origin|57:funding_collapse|79:flood:origin,0.013373611616161497,0.04801903235933064,0.1628309931713997,0.01655115209980201,4.889173175604401e-05,0.0009012751334042757,7.471864092936851e-05,44136fa355b3678a
S0,none,False,200040,0.25,0.0,2,0,0,0,3,1.0,1.0,32.333333333333336,53.08121171411059,0.3848255735268933,0.0,,,0,0,0,0.0,0.0,0.0,1.3755391620931263,0.11389066666666653,0.011389066666666654,0.00022101634168181176,0.0,0.0,0.0,0,4:flood:alternative|7:wildfire:semiwild|44:flood:alternative|66:heatwave:origin|69:heatwave:origin|86:flood:semiwild,0.008640000000000007,0.05427378666708786,0.0,0.0,3.536261466908989e-05,0.00042527719134978243,0.0,44136fa355b3678a
S1,rule,False,200040,1.0,0.0,8,0,0,0,0,0.0,0.0,,330.518772635992,0.6600211739539155,0.0,,,0,0,0,11097.827604065256,11097.827604065256,11097.827604065256,1.5,0.648272791136367,0.08434642204959178,0.00033066887453295414,0.0,0.0,0.09759571467977535,3,4:flood:alternative|7:wildfire:semiwild|44:flood:alternative|65:funding_collapse|66:heatwave:origin|69:heatwave:origin|86:flood:semiwild|94:funding_collapse|97:funding_collapse,0.01440000000000001,0.07171017972270287,0.0,0.0,5.290701992527267e-05,0.0008157393034562586,0.0,44136fa355b3678a
S2,rule,False,200040,0.5,0.125,4,1,18,0,0,0.0,0.0,,76.59778144246489,0.49538076459045277,3.951219512195122,0.0,1.0,0,0,0,11227.028881608421,11227.028881608421,11227.028881608421,1.5,0.19093019521945967,0.12489502226316046,0.00021812646987973586,50.5,20.200000000000006,0.05019903809631634,3,4:flood:alternative|7:wildfire:semiwild|44:flood:alternative|65:funding_collapse|66:heatwave:origin|69:heatwave:origin|86:flood:semiwild|94:funding_collapse|97:funding_collapse,0.0051582947954332105,0.09037156900324654,0.0364179888551071,0.012177030371936053,3.490023518075774e-05,0.0007570081482288485,0.00012227251353747644,44136fa355b3678a
S3,rule,False,200040,0.625,0.375,5,3,374,0,0,0.0,0.0,,172.9971402589603,0.6021460138613911,2.7407510873799272,0.0034433512787356694,0.9965566487212644,43,188,43,11142.437959828228,11142.437959828228,3714.1459866094096,1.5,0.4214685003280921,0.2554503572952098,0.0005746777695284797,57.75,23.099999999999998,0.0857299819430064,3,4:flood:alternative|7:wildfire:semiwild|44:flood:alternative|65:funding_collapse|66:heatwave:origin|69:heatwave:origin|86:flood:semiwild|94:funding_collapse|97:funding_collapse,0.007500470525579598,0.07691367271973905,0.057704865015649365,0.006435432731720866,9.194844312455675e-05,0.0006327916726668083,0.00011122014782712842,44136fa355b3678a
S4,state_dependent_rule,False,200040,0.625,0.5,5,4,439,423,0,0.0,0.0,,216.51661989293933,0.6043082869610553,3.752068096690701,0.0026656032013829692,0.997334396798617,184,0,0,11092.790415532381,11092.790415532381,2773.1976038830953,1.5,0.34088764061735405,0.32248390366126767,0.00043151414938627947,143.5,57.39999999999997,0.1293722931631264,3,4:flood:alternative|7:wildfire:semiwild|44:flood:alternative|65:funding_collapse|66:heatwave:origin|69:heatwave:origin|86:flood:semiwild|94:funding_collapse|97:funding_collapse,0.013028816313899249,0.07076178235164711,0.11453410799828513,0.008269977286477704,6.904226390180471e-05,0.0006569649396388946,0.00020783517435779688,44136fa355b3678a
S5,greedy_expected_utility,False,200040,0.625,0.5,5,4,362,202,0,0.0,0.0,,211.24497866485908,0.6122583218302033,2.739149509822122,0.035769745279867184,0.9642302547201328,256,0,0,11104.423555196641,11104.423555196641,2776.1058887991603,1.5,0.3191936313872436,0.31463814924543415,0.0004525884887961553,187.75,75.1,0.15163645504244289,3,4:flood:alternative|7:wildfire:semiwild|44:flood:alternative|65:funding_collapse|66:heatwave:origin|69:heatwave:origin|86:flood:semiwild|94:funding_collapse|97:funding_collapse,0.011209992167114387,0.07284045103867634,0.07024476943754296,0.023308778178500397,7.241415820738484e-05,0.0011876607708296678,0.00026379261664100475,44136fa355b3678a
S6,rule,False,200040,0.875,0.125,7,1,2,2,0,0.0,0.0,,421.58025617443667,0.7483796827857705,1.0,0.06559999999999999,0.9344,0,0,0,11111.048867468793,11111.048867468795,11111.048867468793,1.5,0.7895960880348895,0.15495117156287866,0.0003263016410149597,0.0,0.0,0.04870781379694849,3,4:flood:alternative|7:wildfire:semiwild|44:flood:alternative|65:funding_collapse|66:heatwave:origin|69:heatwave:origin|86:flood:semiwild|94:funding_collapse|97:funding_collapse,0.01600000000000001,0.06454112784693733,0.0,0.0,5.220826256239356e-05,0.0010269811047304862,0.0,44136fa355b3678a
S7,forward_rollout_proxy,False,200040,0.875,0.75,7,6,1005,1005,0,0.0,0.0,,285.1964513596471,0.5692395697826169,3.3015714695418623,0.054947256258656374,0.9450527437413436,43,0,0,11074.147885761293,11074.147885761293,1845.6913142935489,1.5,0.5006734258120468,0.4589911772855748,0.00028040470892201044,59.5,23.800000000000015,0.19204060004475743,3,4:flood:alternative|7:wildfire:semiwild|44:flood:alternative|65:funding_collapse|66:heatwave:origin|69:heatwave:origin|86:flood:semiwild|94:funding_collapse|97:funding_collapse,0.01397845252733561,0.05189788564424393,0.1739750427065766,0.009224874559000859,4.486475342752169e-05,0.0007463123697144017,6.076816843937739e-05,44136fa355b3678a
S0,none,False,200041,0.0,0.0,0,0,0,0,3,1.0,1.0,24.333333333333332,50.06822418815237,0.28426778531719354,0.0,,,0,0,0,0.0,0.0,0.0,1.2900799175375905,0.1913,0.01913,0.00034204314204314205,0.0,0.0,0.0,0,9:wildfire:reserve|27:heatwave:reserve|32:heatwave:origin,0.006400000000000005,0.04098574292598157,0.0,0.0,5.4726902726902735e-05,0.00029174485409804053,0.0,44136fa355b3678a
S1,rule,False,200041,0.5,0.0,4,0,0,0,1,0.3333333333333333,1.0,30.0,162.49011009765456,0.5561229236886245,0.0,,,0,0,0,11131.766371716381,11131.766371716381,11131.766371716381,1.5,0.7746487786855925,0.08868050379190534,0.0003835906751438087,0.0,0.0,0.05607812961673042,2,9:wildfire:reserve|27:heatwave:reserve|32:heatwave:origin|83:funding_collapse|99:funding_collapse,0.01216000000000001,0.06192279821676528,0.0,0.0,6.137450802300939e-05,0.000532903586587146,0.0,44136fa355b3678a
S2,rule,False,200041,0.375,0.125,3,1,45,0,2,0.6666666666666666,1.0,20.5,74.83516639829195,0.4724575030803541,1.8872320596458527,0.00027352819463211336,0.9997264718053679,0,0,0,11243.639756184519,11243.639756184519,11243.639756184519,1.5,0.23777371099222924,0.11152248110112761,0.00039500871327477575,50.0,20.00000000000001,0.06311394702723079,1,9:wildfire:reserve|27:heatwave:reserve|32:heatwave:origin|83:funding_collapse|99:funding_collapse,0.004602209971160269,0.0921774305460072,0.04875034394031864,0.011476204045346671,6.320139412396412e-05,0.0006929761322688495,0.00012667226380236007,44136fa355b3678a
S3,rule,False,200041,0.5,0.375,4,3,444,0,2,0.6666666666666666,1.0,22.5,173.2065153110787,0.5429780697271469,3.73277169501268,0.0034205705629955854,0.9965794294370044,24,136,24,11131.372647354914,11131.372647354914,3710.4575491183045,1.5,0.45458769099769075,0.2659018625388193,0.00033693875962960087,40.0,16.000000000000004,0.07182688244461716,1,9:wildfire:reserve|27:heatwave:reserve|32:heatwave:origin|83:funding_collapse|99:funding_collapse,0.00568299590652218,0.07712984409712897,0.09630200283320683,0.008940763146286912,5.391020154073613e-05,0.0006618128514200395,8.563638236882656e-05,44136fa355b3678a
S4,state_dependent_rule,False,200041,0.5,0.375,4,3,441,163,2,0.6666666666666666,1.0,23.0,145.17057722704115,0.5698338272183434,3.190045891892229,0.008385920646174829,0.9916140793538252,189,0,0,11145.397937535432,11145.397937535432,3715.132645845144,1.5,0.3748120755975007,0.2587002327779366,0.0008382544515814731,152.0,60.79999999999996,0.10284283149632098,1,9:wildfire:reserve|27:heatwave:reserve|32:heatwave:origin|83:funding_collapse|99:funding_collapse,0.006345763984820679,0.07601081474153493,0.07809584202132913,0.008575464308277516,0.0001341207122530357,0.0007059978381227244,0.0003515841388843532,44136fa355b3678a
S5,greedy_expected_utility,False,200041,0.375,0.25,3,2,408,185,2,0.6666666666666666,1.0,33.0,141.91767598388876,0.5918168645357303,3.0171502953767337,0.0029120311122871495,0.9970879688877129,245,0,0,11160.63584934701,11160.63584934701,5580.317924673505,1.5,0.3484288304308946,0.19571928811766406,0.0008516484952604176,191.0,76.39999999999999,0.09102451060403621,1,9:wildfire:reserve|27:heatwave:reserve|32:heatwave:origin|83:funding_collapse|99:funding_collapse,0.0063302835177064054,0.0763324580699032,0.0526099463538197,0.0072917421069096855,0.00013626375924166684,0.0005431396378863478,0.00043106942466536127,44136fa355b3678a
S6,rule,False,200041,0.875,0.375,7,3,200,200,1,0.3333333333333333,1.0,36.0,305.89190630762533,0.7450524128078753,3.3925965074406417,0.0,1.0,0,0,0,11150.400792108985,11150.400792108987,3716.8002640363284,1.5,0.8645943845534249,0.2969787716546737,0.0004228275765277662,0.0,0.0,0.03921684062462382,2,9:wildfire:reserve|27:heatwave:reserve|32:heatwave:origin|83:funding_collapse|99:funding_collapse,0.01600000000000001,0.06803022586518916,0.0,0.0,6.765241224444261e-05,0.000849708914691108,0.0,44136fa355b3678a
S7,forward_rollout_proxy,False,200041,0.5,0.5,4,4,735,735,2,0.6666666666666666,1.0,19.5,282.4819033907884,0.7277322624711736,2.695255175611636,0.0034991813697432964,0.9965008186302567,96,0,0,11108.861327429211,11108.86132742921,2777.2153318573028,1.5,0.5149605034609138,0.33136214832961725,0.00039158161338495335,59.5,23.800000000000015,0.13956773113704735,1,9:wildfire:reserve|27:heatwave:reserve|32:heatwave:origin|83:funding_collapse|99:funding_collapse,0.015868353681083507,0.05783629372291522,0.0011378587324098462,0.0005847203314800736,6.265305814159254e-05,0.0009865513699311506,0.0001619247758249434,44136fa355b3678a
S0,none,False,200042,0.0,0.0,0,0,0,0,3,1.0,1.0,25.333333333333332,68.2081499300336,0.3451836725888462,0.0,,,0,0,0,0.0,0.0,0.0,1.3389064445773897,0.11436924283918466,0.011436924283918466,8.344781567688503e-05,0.0,0.0,0.0,0,10:flood:semiwild|21:wildfire:reserve|28:wildfire:reserve|36:wildfire:origin|42:wildfire:origin|72:heatwave:reserve|82:flood:alternative,0.007840000000000007,0.05322851537878948,0.0,0.0,1.3351650508301605e-05,0.0004344603818560062,0.0,44136fa355b3678a
S1,rule,False,200042,0.5,0.0,4,0,0,0,0,0.0,0.0,,166.81338954525057,0.5166429478694772,0.0,,,0,0,0,11165.899633857853,11165.899633857853,11165.899633857853,1.5,0.6916050869349984,0.07837978834584539,0.00013779696665504795,0.0,0.0,0.04609639826172768,3,10:flood:semiwild|11:funding_collapse|21:wildfire:reserve|28:wildfire:reserve|36:funding_collapse|36:wildfire:origin|42:wildfire:origin|72:heatwave:reserve|82:flood:alternative,0.011360000000000007,0.06013722454068567,0.0,0.0,2.2047514664807673e-05,0.0011377800751723804,0.0,44136fa355b3678a
S2,rule,False,200042,0.25,0.125,2,1,59,0,3,1.0,1.0,27.0,79.86347393263453,0.4903149228253355,2.8186234817813767,0.0,1.0,0,0,0,11277.402547256355,11277.402547256355,11277.402547256355,1.5,0.16098250670117747,0.10864141481399782,0.00011380811814675759,63.25,25.300000000000004,0.04053464663033153,0,10:flood:semiwild|11:funding_collapse|21:wildfire:reserve|28:wildfire:reserve|36:funding_collapse|36:wildfire:origin|42:wildfire:origin|72:heatwave:reserve|82:flood:alternative,0.004865225192668954,0.09058967130157175,0.034928299467118736,0.01273162386050682,1.8209298903481215e-05,0.0008216509822134978,0.00013423404188739078,44136fa355b3678a
S3,rule,False,200042,0.375,0.25,3,2,258,0,3,1.0,1.0,30.0,161.34978493056582,0.5890416428955869,4.376646132785764,0.00021174878638367765,0.9997882512136164,10,117,10,11146.060729359002,11146.060729359002,5573.030364679501,1.5,0.3307784872725417,0.20070355548469795,5.235602094240838e-05,31.75,12.7,0.05679622714793063,0,10:flood:semiwild|11:funding_collapse|21:wildfire:reserve|28:wildfire:reserve|36:funding_collapse|36:wildfire:origin|42:wildfire:origin|72:heatwave:reserve|82:flood:alternative,0.006315992792652757,0.07548347552357676,0.05722507868002565,0.009374120556422576,8.37696335078534e-06,0.0007946733765346707,6.913564287947502e-05,44136fa355b3678a
S4,state_dependent_rule,False,200042,0.375,0.25,3,2,225,0,3,1.0,1.0,31.0,146.3305312415169,0.5913614747473033,3.20820476245028,0.002131141142467839,0.9978688588575322,105,0,0,11158.385103044488,11158.385103044486,5579.192551522244,1.5,0.2508522134864531,0.1854638779226333,0.0002003498392996057,152.5,60.999999999999986,0.07898304474742596,0,10:flood:semiwild|11:funding_collapse|21:wildfire:reserve|28:wildfire:reserve|36:funding_collapse|36:wildfire:origin|42:wildfire:origin|72:heatwave:reserve|82:flood:alternative,0.006606253617588138,0.07800336993295079,0.06065936023670107,0.007127216086958776,3.205597428793691e-05,0.0007384770622595808,0.00036613867204258105,44136fa355b3678a
S5,greedy_expected_utility,False,200042,0.25,0.125,2,1,216,20,3,1.0,1.0,34.666666666666664,155.45591059083185,0.6324168087188129,4.8691296180338135,0.003788799650637228,0.9962112003493627,187,0,0,11150.809156068797,11150.809156068797,11150.809156068797,1.5,0.2295942707852298,0.1421531015713256,0.00038217951318862323,178.25,71.3,0.07126189156232245,0,10:flood:semiwild|11:funding_collapse|21:wildfire:reserve|28:wildfire:reserve|36:funding_collapse|36:wildfire:origin|42:wildfire:origin|72:heatwave:reserve|82:flood:alternative,0.009158864959954773,0.07614157463967222,0.02791337834110915,0.008758847378830741,6.114872211017972e-05,0.0008349279907368487,0.00040859284095708245,44136fa355b3678a
S6,rule,False,200042,0.75,0.5,6,4,69,69,1,0.3333333333333333,1.0,22.0,263.46481388927424,0.7374827899040991,1.4611111111111112,0.05514511410299999,0.9448548858970001,0,0,0,11181.996178520674,11181.996178520676,2795.4990446301686,1.5,0.834069101762762,0.32997629986566157,0.00011040958876696946,0.0,0.0,0.03479139289137109,2,10:flood:semiwild|11:funding_collapse|21:wildfire:reserve|28:wildfire:reserve|36:funding_collapse|36:wildfire:origin|42:wildfire:origin|72:heatwave:reserve|82:flood:alternative,0.01600000000000001,0.07559248079821661,0.0,0.0,1.766553420271511e-05,0.0009070637634815146,0.0,44136fa355b3678a
S7,forward_rollout_proxy,False,200042,0.625,0.375,5,3,380,371,2,0.6666666666666666,1.0,40.5,229.36924984861406,0.7289554809095721,3.2519688684724586,0.0006417750786450617,0.999358224921355,56,0,0,11120.93704043577,11120.937040435769,3706.9790134785903,1.5,0.42335020246438004,0.268426035964959,5.235602094240838e-05,58.25,23.30000000000003,0.12410663516898193,1,10:flood:semiwild|11:funding_collapse|21:wildfire:reserve|28:wildfire:reserve|36:funding_collapse|36:wildfire:origin|42:wildfire:origin|72:heatwave:reserve|82:flood:alternative,0.016802438503750225,0.0641721675120694,0.0001529302330968558,0.00017296317966410295,8.37696335078534e-06,0.0010672216056493906,0.0001309535149227859,44136fa355b3678a
S0,none,False,200043,0.0,0.0,0,0,0,0,3,1.0,1.0,26.0,60.02333483481462,0.2840734783357581,0.0,,,0,0,0,0.0,0.0,0.0,1.5,0.24796666666666647,0.024796666666666647,0.00013788121242251465,0.0,0.0,0.0,0,32:wildfire:origin,0.006400000000000005,0.04113100881461307,0.0,0.0,2.2060993987602346e-05,0.00037345185564131183,0.0,44136fa355b3678a
S1,rule,False,200043,0.625,0.0,5,0,0,0,1,0.3333333333333333,1.0,13.0,171.09579524307054,0.6718598571853934,0.0,,,0,0,0,11176.144599035048,11176.144599035048,11176.144599035048,1.5,0.7663909960321323,0.09010759490105646,0.00016695329827455286,0.0,0.0,0.06734247648921607,2,32:wildfire:origin|79:funding_collapse|84:funding_collapse,0.014880000000000011,0.08444694623285462,0.0,0.0,2.6712527723928458e-05,0.0006864840540281445,0.0,44136fa355b3678a
S2,rule,False,200043,0.25,0.25,2,2,38,0,2,0.6666666666666666,1.0,23.5,82.2958013683842,0.4748193664463183,2.1258907363420425,0.0,1.0,0,0,0,11257.858972399888,11257.858972399888,5628.929486199944,1.5,0.3560421128017059,0.18029002860516968,0.00042263935853748875,60.25,24.09999999999999,0.054634549807893326,1,32:wildfire:origin|79:funding_collapse|84:funding_collapse,0.004581383247683407,0.09157701965562849,0.04543292641058626,0.011896875693069964,6.762229736599821e-05,0.0007090272589390033,0.0001268249122131031,44136fa355b3678a
S3,rule,False,200043,0.5,0.25,4,2,195,0,1,0.3333333333333333,1.0,23.0,155.510276724338,0.5710438214372043,5.093842757536766,0.0,1.0,19,137,19,11205.04303399958,11205.04303399958,5602.52151699979,1.5,0.6244561126090539,0.2415870205186798,0.0002714185478324238,39.0,15.600000000000001,0.07851490841203373,2,32:wildfire:origin|79:funding_collapse|84:funding_collapse,0.005497243657780057,0.07586131123570977,0.07090407640186883,0.010157232348739484,4.34269676531878e-05,0.0006963423018378949,8.948689864602792e-05,44136fa355b3678a
S4,state_dependent_rule,False,200043,0.5,0.5,4,4,806,622,2,0.6666666666666666,1.0,25.5,272.0750231474058,0.5813968874540499,3.555680967329713,0.0022287583935283184,0.9977712416064717,341,0,0,11179.894025159927,11179.894025159927,2794.9735062899817,1.5,0.5431158689308898,0.3398234872171563,0.00030820325298609133,165.25,66.1,0.12477545325385075,1,32:wildfire:origin|79:funding_collapse|84:funding_collapse,0.011608079965549467,0.06769523592888776,0.11993311222611337,0.015574961794463778,4.931252047777462e-05,0.000897914539958146,0.00017914732106504545,44136fa355b3678a
S5,greedy_expected_utility,False,200043,0.5,0.5,4,4,585,438,2,0.6666666666666666,1.0,27.0,218.78354399941912,0.6384235665282643,2.6804467471856364,0.09692558558170235,0.9030744144182976,395,0,0,11187.84834597738,11187.84834597738,2796.962086494345,1.5,0.5164750269701245,0.3311208623033204,0.0005778283022944361,191.5,76.6,0.1383444606722578,1,32:wildfire:origin|79:funding_collapse|84:funding_collapse,0.01173980045331041,0.07220556819980647,0.054087363548438565,0.01642100438972348,9.245252836710978e-05,0.0010095168840492175,0.00028353435958772337,44136fa355b3678a
S6,rule,False,200043,0.625,0.375,5,3,140,140,1,0.3333333333333333,1.0,16.0,256.03347638081016,0.7426578936132515,2.8960640563689553,0.0,1.0,0,0,0,11186.962983062287,11186.962983062289,3728.9876610207625,1.5,0.8540063139729167,0.28971302027060064,0.0001671128960880628,0.0,0.0,0.03300874154809696,2,32:wildfire:origin|79:funding_collapse|84:funding_collapse,0.01600000000000001,0.07029787876313039,0.0,0.0,2.673806337409005e-05,0.0010174895602438336,0.0,44136fa355b3678a
S7,forward_rollout_proxy,False,200043,0.625,0.625,5,5,1197,1112,2,0.6666666666666666,1.0,24.5,307.0270933663594,0.5237850783992836,4.01162375264956,0.00036659731784421956,0.9996334026821557,130,0,0,11161.79912187419,11161.799121874192,2232.359824374838,1.5,0.6699999999999999,0.42151469315828244,0.00016285638268830405,69.0,27.60000000000002,0.165742278158934,1,32:wildfire:origin|79:funding_collapse|84:funding_collapse,0.013379246748365013,0.04702435474234193,0.21157632910117605,0.01566664497605893,2.6057021230128642e-05,0.0008820231688133507,7.536779609860379e-05,44136fa355b3678a
S0,none,False,200044,0.125,0.0,1,0,0,0,3,1.0,1.0,28.333333333333332,66.27153353596914,0.39824995883763903,0.0,,,0,0,0,0.0,0.0,0.0,1.4867146912370415,0.10633674182696745,0.010633674182696746,0.00012791762317379015,0.0,0.0,0.0,0,44:flood:alternative|72:flood:reserve|94:heatwave:semiwild,0.008960000000000006,0.05719354242714528,0.0,0.0,2.0466819707806424e-05,0.0003760319155080081,0.0,44136fa355b3678a
S1,rule,False,200044,0.75,0.5,6,4,336,336,1,0.3333333333333333,1.0,20.0,411.1026076744261,0.7584599261500335,4.384736799336851,0.0,1.0,0,0,0,11214.267921884717,11214.267921884719,2803.5669804711792,1.5,0.8644573103073886,0.37484895093635623,0.00018901034593108313,0.0,0.0,0.09777925956124425,2,44:flood:alternative|72:flood:reserve|82:funding_collapse|94:heatwave:semiwild,0.01600000000000001,0.05448173333095381,0.0,0.0,3.02416553489733e-05,0.0010280988636639076,0.0,44136fa355b3678a
S2,rule,False,200044,0.25,0.125,2,1,36,0,2,0.6666666666666666,1.0,27.5,79.0794662907177,0.5174133637418449,3.130434782608696,0.0,1.0,0,0,0,11288.72725655304,11288.72725655304,11288.72725655304,1.5,0.19172657904173673,0.11392172130349318,0.0002318569536879396,53.5,21.400000000000013,0.03597357786616277,1,44:flood:alternative|72:flood:reserve|82:funding_collapse|94:heatwave:semiwild,0.005579099555949811,0.08987572724447614,0.021244237494552683,0.011777342627133466,3.709711259007034e-05,0.0007470870369699375,0.00013189238849779602,44136fa355b3678a
S3,rule,False,200044,0.375,0.25,3,2,251,0,1,0.3333333333333333,1.0,75.0,162.969451347676,0.6060705053460151,4.044760464543712,0.0016434242604064237,0.9983565757395936,50,158,50,11215.942059781524,11215.942059781522,5607.971029890762,1.5,0.48330494385848394,0.21281529038722957,0.0001870036787409043,52.0,20.80000000000001,0.05768595677972033,2,44:flood:alternative|72:flood:reserve|82:funding_collapse|94:heatwave:semiwild,0.007285666208980892,0.07280470004565152,0.052632330153946395,0.008418105894284732,2.992058859854469e-05,0.0006755270997962653,0.00010433892802954762,44136fa355b3678a
S4,state_dependent_rule,False,200044,0.5,0.5,4,4,414,59,1,0.3333333333333333,1.0,26.0,234.3206592845384,0.6022314654769024,3.366774722596844,0.008787207053112249,0.9912127929468878,206,0,0,11208.24943790074,11208.24943790074,2802.062359475185,1.5,0.3792525825394075,0.3201956549538029,0.00033145010166320754,180.75,72.3,0.1180132473694683,2,44:flood:alternative|72:flood:reserve|82:funding_collapse|94:heatwave:semiwild,0.010497859626376484,0.07572169466599056,0.08315805919963902,0.012308775992217684,5.3032016266113195e-05,0.0007993012948515997,0.00022454365597767697,44136fa355b3678a
S5,greedy_expected_utility,False,200044,0.375,0.25,3,2,249,14,1,0.3333333333333333,1.0,13.0,173.9764780335798,0.6180987980777737,3.5227887617065554,0.027513017586283037,0.972486982413717,217,0,0,11195.98797533939,11195.98797533939,5597.993987669695,1.5,0.3520585087869729,0.20539614995469063,0.0007768026556023726,188.75,75.49999999999999,0.11231205729463886,2,44:flood:alternative|72:flood:reserve|82:funding_collapse|94:heatwave:semiwild,0.009929711544241241,0.07458365683984644,0.05087817214209352,0.021790138181641903,0.0001242884248963796,0.001218742187924317,0.00032896572297212213,44136fa355b3678a
S6,rule,False,200044,0.875,0.75,7,6,1078,1078,0,0.0,0.0,,675.2802114230726,0.7795594088992028,5.7603934457186226,0.001530523021725685,0.9984694769782743,0,0,0,11224.317186533313,11224.317186533315,1870.7195310888856,1.5,0.9604839679999998,0.5010978067868823,0.00018901034593108313,0.0,0.0,0.049727377648480536,3,44:flood:alternative|72:flood:reserve|82:funding_collapse|94:heatwave:semiwild,0.01600000000000001,0.03339727416756741,0.0,0.0,3.02416553489733e-05,0.00101307527788031,0.0,44136fa355b3678a
S7,forward_rollout_proxy,False,200044,0.625,0.625,5,5,695,620,1,0.3333333333333333,1.0,17.0,274.49758539214133,0.5840376185643841,2.8157519024241124,0.019161113176913224,0.9808388868230867,150,0,0,11187.70542807715,11187.70542807715,2237.54108561543,1.5,0.6228469060143546,0.4020308763601893,0.00018230505074658094,93.25,37.300000000000054,0.15169333367256374,2,44:flood:alternative|72:flood:reserve|82:funding_collapse|94:heatwave:semiwild,0.013782177633877946,0.06171900495984048,0.14233466467168304,0.0140795517061533,2.9168808119452946e-05,0.0009624897885557307,9.14482457712441e-05,44136fa355b3678a
S0,none,False,200045,0.25,0.0,2,0,0,0,3,1.0,1.0,29.333333333333332,68.28148137561493,0.3982501417613928,0.0,,,0,0,0,0.0,0.0,0.0,1.2258388367473854,0.05722400000000002,0.0057224000000000025,0.0001365693312303769,0.0,0.0,0.0,0,6:wildfire:alternative|31:heatwave:reserve|33:heatwave:alternative|61:flood:origin|90:heatwave:semiwild,0.008960000000000006,0.05713497029584566,0.0,0.0,2.1851092996860305e-05,0.0004330368497647602,0.0,44136fa355b3678a
S1,rule,False,200045,0.5,0.0,4,0,0,0,1,0.3333333333333333,1.0,21.0,294.1850375631587,0.7076507064806838,0.0,,,0,0,0,11152.300827858686,11152.300827858688,11152.300827858686,1.5,0.7164518979049417,0.08714318154727042,0.00013302913302913304,0.0,0.0,0.07748995878388129,2,6:wildfire:alternative|22:funding_collapse|31:heatwave:reserve|33:heatwave:alternative|61:flood:origin|90:heatwave:semiwild,0.01536000000000001,0.07290167776915606,0.0,0.0,2.128466128466128e-05,0.0008663310888754116,0.0,44136fa355b3678a
S2,rule,False,200045,0.25,0.125,2,1,58,0,2,0.6666666666666666,1.0,40.5,77.34841911078777,0.49281482088127865,2.8950086058519795,0.0,1.0,0,0,0,11314.533054987489,11314.533054987489,11314.533054987489,1.5,0.07419597829155929,0.1007457524802983,0.00018698925676957013,50.5,20.20000000000001,0.040630342963112874,1,6:wildfire:alternative|22:funding_collapse|31:heatwave:reserve|33:heatwave:alternative|61:flood:origin|90:heatwave:semiwild,0.004888048309251241,0.09042297528800286,0.03412995173736819,0.012565051702166293,2.991828108313122e-05,0.0007003354108220627,0.00010378653422446444,44136fa355b3678a
S3,rule,False,200045,0.5,0.25,4,2,307,0,1,0.3333333333333333,1.0,33.0,198.05872153956733,0.6047018219018816,3.6788243093718984,0.0005500887024719002,0.9994499112975281,37,207,37,11141.62075250577,11141.620752505769,5570.810376252885,1.5,0.3030832987731373,0.1927224536138175,0.00047351503969716313,61.0,24.4,0.06562940321392391,2,6:wildfire:alternative|22:funding_collapse|31:heatwave:reserve|33:heatwave:alternative|61:flood:origin|90:heatwave:semiwild,0.007532910056614918,0.07562406560098268,0.0542686797519377,0.007474780499884006,7.57624063515461e-05,0.000658112405070244,9.864878459940825e-05,44136fa355b3678a
S4,state_dependent_rule,False,200045,0.375,0.25,3,2,196,0,2,0.6666666666666666,1.0,45.0,154.85513636811572,0.6041913067634459,4.643879897106695,0.0020906215806935514,0.9979093784193065,130,0,0,11143.28930597444,11143.289305974438,5571.64465298722,1.5,0.22810084216764379,0.19779857672397033,0.0003278934432373666,150.5,60.2,0.08024846768069498,1,6:wildfire:alternative|22:funding_collapse|31:heatwave:reserve|33:heatwave:alternative|61:flood:origin|90:heatwave:semiwild,0.007693743097434801,0.07747660696564973,0.0580734724358373,0.007042945652522011,5.246295091797866e-05,0.0006131979435261793,0.00033329823433926207,44136fa355b3678a
S5,greedy_expected_utility,False,200045,0.375,0.25,3,2,151,0,2,0.6666666666666666,1.0,46.5,152.8857267151775,0.5960697061769087,3.612015209745987,0.0031958302357375785,0.9968041697642624,77,0,0,11144.737287333994,11144.737287333994,5572.368643666997,1.5,0.20487662284028008,0.18756774013419233,0.00037788806282678175,171.25,68.49999999999999,0.09229962876352223,1,6:wildfire:alternative|22:funding_collapse|31:heatwave:reserve|33:heatwave:alternative|61:flood:origin|90:heatwave:semiwild,0.007185119492957137,0.07759594705298777,0.05917665507850564,0.007562626295794353,6.046209005228509e-05,0.0006304623537508444,0.00037827486046321414,44136fa355b3678a
S6,rule,False,200045,1.0,0.625,8,5,168,168,0,0.0,0.0,,481.5631411762382,0.7570468671837279,3.2303699859648183,0.0271414792016,0.9728585207984,0,0,0,11168.786163529321,11168.786163529323,2233.757232705864,1.5,0.8575207869679672,0.4093190891508346,0.00017712366016679501,0.0,0.0,0.05006655297194812,3,6:wildfire:alternative|22:funding_collapse|31:heatwave:reserve|33:heatwave:alternative|61:flood:origin|90:heatwave:semiwild,0.01600000000000001,0.055997956753139455,0.0,0.0,2.8339785626687197e-05,0.0009268362775059431,0.0,44136fa355b3678a
S7,forward_rollout_proxy,False,200045,0.625,0.125,5,1,80,1,0,0.0,0.0,,179.39863806206665,0.6685615149695465,3.916768665850674,0.0013377085267648426,0.9986622914732352,116,0,0,11113.428286181686,11113.428286181686,11113.428286181686,1.5,0.3954888295085753,0.15460296432305617,0.00021817329454822682,72.25,28.900000000000027,0.0981819735684595,3,6:wildfire:alternative|22:funding_collapse|31:heatwave:reserve|33:heatwave:alternative|61:flood:origin|90:heatwave:semiwild,0.010365356535486621,0.07475420245925889,0.018934494023998837,0.006690256500284665,3.49077271277163e-05,0.0007133992181580491,0.0002603056219490672,44136fa355b3678a
S0,none,False,200046,0.0,0.0,0,0,0,0,3,1.0,1.0,21.333333333333332,24.75653950571444,0.22889825871897324,0.0,,,0,0,0,0.0,0.0,0.0,1.2645094819586002,0.05274000000000001,0.005274000000000001,0.0004120874589143172,0.0,0.0,0.0,0,6:wildfire:origin|17:flood:reserve|53:heatwave:origin|76:heatwave:alternative|78:wildfire:reserve|90:heatwave:origin|94:flood:alternative|95:flood:alternative|97:heatwave:reserve,0.0052800000000000034,0.039370036892603856,0.0,0.0,6.593399342629075e-05,0.00028577039499667645,0.0,44136fa355b3678a
S1,rule,False,200046,0.125,0.0,1,0,0,0,1,0.3333333333333333,1.0,18.0,44.833370042549404,0.5004836714842092,0.0,,,0,0,0,11196.048615726977,11196.048615726977,11196.048615726977,1.5,0.41439888247467555,0.04749060891416621,0.00027217323707696603,0.0,0.0,0.03025360333349327,2,6:wildfire:origin|17:flood:reserve|53:heatwave:origin|76:heatwave:alternative|78:wildfire:reserve|90:heatwave:origin|94:flood:alternative|95:flood:alternative|97:heatwave:reserve,0.011200000000000009,0.06878709054769584,0.0,0.0,4.354771793231457e-05,0.0004856902501627853,0.0,44136fa355b3678a
S2,rule,False,200046,0.125,0.125,1,1,24,0,3,1.0,1.0,23.666666666666668,32.97586009269798,0.4451498944193326,1.9862068965517246,0.0021107386557147993,0.9978892613442852,0,0,0,11465.90906991783,11465.90906991783,11465.90906991783,1.5,0.055178666666666674,0.0888336825115969,0.00019377928468837562,30.0,11.999999999999995,0.03601873439706492,0,6:wildfire:origin|17:flood:reserve|53:heatwave:origin|76:heatwave:alternative|78:wildfire:reserve|90:heatwave:origin|94:flood:alternative|95:flood:alternative|97:heatwave:reserve,0.0020865635351799776,0.09636208534914631,0.02752011645328315,0.01450790535894959,3.10046855501401e-05,0.00066637191960985,9.093722623859668e-05,44136fa355b3678a
S3,rule,False,200046,0.375,0.25,3,2,280,0,3,1.0,1.0,22.666666666666668,113.63928910151512,0.5332338042690056,5.411013007537895,0.09108445841590034,0.9089155415840997,2,121,2,11288.650832649262,11288.650832649262,5644.325416324631,1.5,0.13850346174153108,0.19155121958617,0.0002856832533609275,30.75,12.300000000000002,0.05545371668318967,0,6:wildfire:origin|17:flood:reserve|53:heatwave:origin|76:heatwave:alternative|78:wildfire:reserve|90:heatwave:origin|94:flood:alternative|95:flood:alternative|97:heatwave:reserve,0.002428728515106395,0.07774764689842202,0.07401939145503572,0.013143260533179046,4.57093205377484e-05,0.0006464841676227309,8.576616952213845e-05,44136fa355b3678a
S4,state_dependent_rule,False,200046,0.125,0.125,1,1,172,0,3,1.0,1.0,19.0,91.12050149033197,0.5679337672928922,3.6361848574237956,0.00245765307654947,0.9975423469234506,83,0,0,11304.238058912857,11304.238058912857,11304.238058912857,1.5,0.0861710144303599,0.11170664862457766,0.000579653454691675,126.75,50.69999999999999,0.05238849303651858,0,6:wildfire:origin|17:flood:reserve|53:heatwave:origin|76:heatwave:alternative|78:wildfire:reserve|90:heatwave:origin|94:flood:alternative|95:flood:alternative|97:heatwave:reserve,0.0036319723475303346,0.07642488831881887,0.049153233029570434,0.01524014256191748,9.274455275066798e-05,0.0008567444300411177,0.00043139998353564676,44136fa355b3678a
S5,greedy_expected_utility,False,200046,0.125,0.125,1,1,194,0,2,0.6666666666666666,1.0,23.5,87.66475115520767,0.5831247293426429,2.9988844621513944,0.0060773215568683935,0.9939226784431316,126,0,0,11201.23246400177,11201.232464001769,11201.23246400177,1.5,0.06870447928606083,0.10535327968297527,0.00022813360165411508,133.5,53.40000000000003,0.06121993566427621,1,6:wildfire:origin|17:flood:reserve|53:heatwave:origin|76:heatwave:alternative|78:wildfire:reserve|90:heatwave:origin|94:flood:alternative|95:flood:alternative|97:heatwave:reserve,0.004943416657872863,0.07862963837287448,0.03784165909199306,0.014747620024162997,3.6501376264658416e-05,0.0009641267535525712,0.0005462084818583914,44136fa355b3678a
S6,rule,False,200046,0.5,0.0,4,0,0,0,1,0.3333333333333333,1.0,19.0,105.61537150646153,0.6580162012865977,0.0,,,0,0,0,11213.438803019366,11213.438803019366,11213.438803019366,1.5,0.45418150509504346,0.04994203261143426,0.0002611397791197442,0.0,0.0,0.022619410509649572,2,6:wildfire:origin|17:flood:reserve|53:heatwave:origin|76:heatwave:alternative|78:wildfire:reserve|90:heatwave:origin|94:flood:alternative|95:flood:alternative|97:heatwave:reserve,0.01456000000000001,0.08188860046351229,0.0,0.0,4.1782364659159084e-05,0.000793415885231138,0.0,44136fa355b3678a
S7,forward_rollout_proxy,False,200046,0.125,0.125,1,1,138,16,2,0.6666666666666666,1.0,18.5,88.83323693508581,0.6520707383160718,2.9933983024206228,0.0005844785060615344,0.9994155214939384,139,0,0,11232.474677437838,11232.47467743784,11232.474677437838,1.5,0.23096873021690345,0.12156055301795975,0.0007561479258589155,78.75,31.50000000000003,0.06139848486031585,1,6:wildfire:origin|17:flood:reserve|53:heatwave:origin|76:heatwave:alternative|78:wildfire:reserve|90:heatwave:origin|94:flood:alternative|95:flood:alternative|97:heatwave:reserve,0.010428010334751967,0.07665696159496513,0.014072893974777838,0.007413507289342271,0.00012098366813742648,0.0007464426336186142,0.0005543615726426416,44136fa355b3678a
S0,none,False,200047,0.0,0.0,0,0,0,0,3,1.0,1.0,24.0,47.29925749453196,0.25240459591343695,0.0,,,0,0,0,0.0,0.0,0.0,1.3371109603430857,0.08663589304138525,0.008663589304138524,0.00031647326815316135,0.0,0.0,0.0,0,5:wildfire:semiwild|21:heatwave:reserve|23:wildfire:origin|37:heatwave:origin|63:wildfire:origin|92:heatwave:alternative,0.005760000000000004,0.04026074027734716,0.0,0.0,5.0635722904505834e-05,0.00032402808631135755,0.0,44136fa355b3678a
S1,rule,False,200047,0.125,0.0,1,0,0,0,0,0.0,0.0,,95.26215714134932,0.3974696653128326,0.0,,,0,0,0,11216.76534108584,11216.765341085842,11216.76534108584,1.5,0.5999783930413852,0.06805338464168174,0.0003173475544958629,0.0,0.0,0.040277726687716106,3,5:wildfire:semiwild|21:heatwave:reserve|23:wildfire:origin|37:heatwave:origin|63:wildfire:origin|92:heatwave:alternative,0.008960000000000006,0.05789693959252201,0.0,0.0,5.0775608719338066e-05,0.0004226194859259759,0.0,44136fa355b3678a
S2,rule,False,200047,0.125,0.125,1,1,20,0,3,1.0,1.0,26.0,55.18495383700993,0.47831270118324537,2.2988505747126435,0.0008934831690323109,0.9991065168309677,0,0,0,11356.39644983602,11356.39644983602,11356.39644983602,1.5,0.18329950008593135,0.10477212398502538,0.0002492915441583596,28.75,11.499999999999996,0.036018341146529034,0,5:wildfire:semiwild|21:heatwave:reserve|23:wildfire:origin|37:heatwave:origin|63:wildfire:origin|92:heatwave:alternative,0.003822648416730126,0.09155027617602932,0.027621354951016745,0.013420585007770667,3.9886647065337534e-05,0.000680799723393456,6.993766230273328e-05,44136fa355b3678a
S3,rule,False,200047,0.25,0.25,2,2,216,0,2,0.6666666666666666,1.0,25.5,134.40247116077524,0.573003436257769,2.7708889066780973,0.0017199443272014386,0.9982800556727985,18,106,18,11261.360931345269,11261.360931345269,5630.680465672634,1.5,0.4526598214607079,0.19676920884666022,0.0002152888882365317,31.0,12.4,0.05647168816904212,1,5:wildfire:semiwild|21:heatwave:reserve|23:wildfire:origin|37:heatwave:origin|63:wildfire:origin|92:heatwave:alternative,0.0046269303019450155,0.07694814173890036,0.0588808805078673,0.010482640784167616,3.4446222117845074e-05,0.0006889734482053469,7.775137629683551e-05,44136fa355b3678a
S4,state_dependent_rule,False,200047,0.375,0.375,3,3,360,45,1,0.3333333333333333,1.0,16.0,127.82558540249184,0.594116721610711,1.9855637170797433,0.013946700496693346,0.9860532995033067,166,0,0,11229.243570727665,11229.243570727665,3743.0811902425553,1.5,0.37073012443471676,0.24579069927984026,0.000506216621494827,160.5,64.19999999999995,0.10056024832785572,2,5:wildfire:semiwild|21:heatwave:reserve|23:wildfire:origin|37:heatwave:origin|63:wildfire:origin|92:heatwave:alternative,0.006089795659764307,0.08027811495377904,0.03954841068072844,0.00882843369037689,8.099465943917234e-05,0.0006539132580348197,0.0005647372107829635,44136fa355b3678a
S5,greedy_expected_utility,False,200047,0.25,0.125,2,1,175,16,0,0.0,0.0,,121.37801177901606,0.6293535512944488,1.9947241581449877,0.019935690236301408,0.9800643097636986,221,0,0,11230.458850149313,11230.458850149313,11230.458850149313,1.5,0.3438091065710897,0.12904076435196113,0.000743547576951021,173.5,69.39999999999998,0.09231306056701133,3,5:wildfire:semiwild|21:heatwave:reserve|23:wildfire:origin|37:heatwave:origin|63:wildfire:origin|92:heatwave:alternative,0.007902378501730405,0.07679623293927546,0.017312405873116266,0.009079826447418119,0.00011896761231216335,0.0008118523788056887,0.000641923304620694,44136fa355b3678a
S6,rule,False,200047,0.125,0.0,1,0,0,0,0,0.0,0.0,,103.99093587228026,0.4601172546504465,0.0,,,0,0,0,11233.942243632708,11233.94224363271,11233.942243632708,1.5,0.6245116975980087,0.0658019730139387,0.0003061236306426683,0.0,0.0,0.016754016270689138,3,5:wildfire:semiwild|21:heatwave:reserve|23:wildfire:origin|37:heatwave:origin|63:wildfire:origin|92:heatwave:alternative,0.010240000000000006,0.06025534009411955,0.0,0.0,4.8979780902826926e-05,0.0005384254745310989,0.0,44136fa355b3678a
S7,forward_rollout_proxy,False,200047,0.125,0.0,1,0,0,0,0,0.0,0.0,,71.22443765103229,0.40587724068481523,0.0,,,37,0,0,11188.682755988935,11188.682755988935,11188.682755988935,1.5,0.5342425900815746,0.06576904191942164,0.0004150898856041291,34.75,13.899999999999997,0.06172391455632087,3,5:wildfire:semiwild|21:heatwave:reserve|23:wildfire:origin|37:heatwave:origin|63:wildfire:origin|92:heatwave:alternative,0.008822701641423809,0.04604120502793683,0.00024431220113598466,0.0014103403343105794,6.641438169666065e-05,0.0005081898182996685,0.0006577208512411827,44136fa355b3678a
S0,none,False,200048,0.125,0.0,1,0,0,0,3,1.0,1.0,32.666666666666664,63.44618193085821,0.3680142983536532,0.0,,,0,0,0,0.0,0.0,0.0,1.3896365134892117,0.1913,0.01913,0.00014367816091954023,0.0,0.0,0.0,0,14:wildfire:reserve|45:wildfire:origin|47:heatwave:semiwild|67:heatwave:origin|84:wildfire:reserve,0.008320000000000006,0.054871029136135084,0.0,0.0,2.2988505747126437e-05,0.0003716840044647793,0.0,44136fa355b3678a
S1,rule,False,200048,0.75,0.0,6,0,0,0,0,0.0,0.0,,208.8257356889001,0.5613181892194974,0.0,,,0,0,0,11184.856004647894,11184.856004647896,11184.856004647894,1.5,0.6576637131932315,0.07847776216855659,0.0001388888888888889,0.0,0.0,0.0635569542461672,3,14:wildfire:reserve|23:funding_collapse|45:wildfire:origin|47:heatwave:semiwild|67:heatwave:origin|84:wildfire:reserve,0.012320000000000008,0.06476112017147147,0.0,0.0,2.2222222222222223e-05,0.000678468386808986,0.0,44136fa355b3678a
S2,rule,False,200048,0.125,0.125,1,1,38,0,2,0.6666666666666666,1.0,35.0,78.55843308208051,0.5083571905921352,2.7245283018867923,0.0,1.0,0,0,0,11259.681921427416,11259.681921427416,11259.681921427416,1.5,0.2378400186085666,0.11426233560489378,0.00028117263169162853,52.5,21.000000000000004,0.034915253625845986,1,14:wildfire:reserve|23:funding_collapse|45:wildfire:origin|47:heatwave:semiwild|67:heatwave:origin|84:wildfire:reserve,0.005172111245120108,0.08849172278697465,0.025618691604799123,0.012224646711778826,4.4987621070660566e-05,0.0006980587520195751,0.000132303276782077,44136fa355b3678a
S3,rule,False,200048,0.5,0.375,4,3,269,0,0,0.0,0.0,,168.3403318538233,0.5998115561787961,2.6562019741537246,0.04192632869076995,0.95807367130923,18,114,18,11161.936737558615,11161.936737558615,3720.645579186205,1.5,0.4442438838789302,0.25439959484529845,0.0001388888888888889,33.0,13.200000000000003,0.07331593357934091,3,14:wildfire:reserve|23:funding_collapse|45:wildfire:origin|47:heatwave:semiwild|67:heatwave:origin|84:wildfire:reserve,0.007119918316023975,0.0765386698108646,0.05610358301791209,0.007126372762387274,2.2222222222222223e-05,0.000664325930095434,7.391338061993365e-05,44136fa355b3678a
S4,state_dependent_rule,False,200048,0.375,0.375,3,3,308,132,0,0.0,0.0,,157.00506375913335,0.589046526616396,3.1101823639214676,0.002967228033130666,0.9970327719668693,162,0,0,11160.33850563135,11160.33850563135,3720.1128352104497,1.5,0.36383574604562835,0.2557758560644044,0.0016887499383800477,146.75,58.69999999999996,0.09770228910313442,3,14:wildfire:reserve|23:funding_collapse|45:wildfire:origin|47:heatwave:semiwild|67:heatwave:origin|84:wildfire:reserve,0.007478112719771791,0.07508174213817718,0.07083416998913589,0.007187947891487022,0.00027019999014080755,0.0006248869219731825,0.000301983425901739,44136fa355b3678a
S5,greedy_expected_utility,False,200048,0.375,0.375,3,3,520,302,0,0.0,0.0,,168.25620081453152,0.5911599675365751,4.220002573025476,0.0017122977986116065,0.9982877022013884,226,0,0,11166.321819448878,11166.321819448876,3722.107273149626,1.5,0.33719453316373466,0.2676874095996137,0.0008520376184235252,187.0,74.80000000000001,0.11508965276492726,3,14:wildfire:reserve|23:funding_collapse|45:wildfire:origin|47:heatwave:semiwild|67:heatwave:origin|84:wildfire:reserve,0.007813103114515408,0.0753704666158839,0.06974824732025127,0.006409545168853368,0.00013632601894776402,0.0006248949136138957,0.00034547469968431886,44136fa355b3678a
S6,rule,False,200048,0.875,0.0,7,0,0,0,0,0.0,0.0,,276.61562305703956,0.7205941300119518,0.0,,,0,0,0,11200.870249681719,11200.87024968172,11200.870249681719,1.5,0.7496796481397864,0.08187695318638291,0.00014044943820224718,0.0,0.0,0.034544941862021346,3,14:wildfire:reserve|23:funding_collapse|45:wildfire:origin|47:heatwave:semiwild|67:heatwave:origin|84:wildfire:reserve,0.01584000000000001,0.0837138119769001,0.0,0.0,2.2471910112359552e-05,0.0015295861010358406,0.0,44136fa355b3678a
S7,forward_rollout_proxy,False,200048,0.5,0.25,4,2,353,353,0,0.0,0.0,,227.6710492174021,0.7296372010606292,4.137848089084381,0.003828797609911378,0.9961712023900886,96,0,0,11144.96478965658,11144.96478965658,5572.48239482829,1.5,0.5044532173829142,0.23009305647026884,0.00046548275158195544,45.5,18.200000000000006,0.1288462692056679,3,14:wildfire:reserve|23:funding_collapse|45:wildfire:origin|47:heatwave:semiwild|67:heatwave:origin|84:wildfire:reserve,0.01567346000908914,0.057690300921294214,0.002014561044550664,0.0004908647200064991,7.447724025311288e-05,0.0005679780486492063,0.00010779035976815355,44136fa355b3678a
S0,none,False,200049,0.125,0.0,1,0,0,0,3,1.0,1.0,29.0,69.27275108986358,0.3576032694295542,0.0,,,0,0,0,0.0,0.0,0.0,1.421338475924212,0.11389066666666653,0.011389066666666654,0.0003833820827773706,0.0,0.0,0.0,0,12:flood:semiwild|30:heatwave:alternative|41:heatwave:alternative|72:heatwave:origin,0.008000000000000005,0.04900173103363538,0.0,0.0,6.13411332443793e-05,0.00033365840356608563,0.0,44136fa355b3678a
S1,rule,False,200049,0.75,0.5,6,4,51,51,0,0.0,0.0,,370.0249163440528,0.7488133841950751,2.2264378478664195,0.0,1.0,0,0,0,11147.134439070393,11147.134439070393,2786.783609767598,1.5,0.7683113931699047,0.3455644222749257,0.0002685845155380096,0.0,0.0,0.10734452239635484,3,12:flood:semiwild|24:funding_collapse|30:heatwave:alternative|36:funding_collapse|41:heatwave:alternative|63:funding_collapse|72:heatwave:origin,0.01600000000000001,0.06417003650538697,0.0,0.0,4.297352248608154e-05,0.000973605777052102,0.0,44136fa355b3678a
S2,rule,False,200049,0.375,0.125,3,1,23,0,2,0.6666666666666666,1.0,17.5,77.28328071597564,0.4989318245316475,1.9962264150943396,0.0,1.0,0,0,0,11222.933682512778,11222.93368251278,11222.933682512778,1.5,0.19118093879773687,0.10568649296232016,7.269942264640037e-05,49.5,19.800000000000004,0.05178067465801539,1,12:flood:semiwild|24:funding_collapse|30:heatwave:alternative|36:funding_collapse|41:heatwave:alternative|63:funding_collapse|72:heatwave:origin,0.004915373990437233,0.08984854741881537,0.030264519452198053,0.012001323180632562,1.163190762342406e-05,0.00073665729919499,0.0001336788009237849,44136fa355b3678a
S3,rule,False,200049,0.625,0.375,5,3,400,0,2,0.6666666666666666,1.0,16.0,188.85175104881694,0.5859642667581668,3.6441719818429394,0.005017577554189394,0.9949824224458106,48,183,48,11108.531516723275,11108.531516723275,3702.8438389077583,1.5,0.4234395085026443,0.26297088410252856,0.00017643128380521574,57.75,23.10000000000001,0.07717606716917379,1,12:flood:semiwild|24:funding_collapse|30:heatwave:alternative|36:funding_collapse|41:heatwave:alternative|63:funding_collapse|72:heatwave:origin,0.007192023953749178,0.07538199959893037,0.0699752181400088,0.007102546648357145,2.822900540883452e-05,0.0006312917169990292,0.00010007277574086579,44136fa355b3678a
S4,state_dependent_rule,False,200049,0.5,0.5,4,4,648,429,2,0.6666666666666666,1.0,18.5,250.5462811719097,0.6008321287559073,3.396223397476641,0.08296943004637627,0.9170305699536238,222,0,0,11127.343809563909,11127.343809563909,2781.835952390977,1.5,0.3439547261132297,0.3183785594405914,0.0003116671929247697,146.5,58.59999999999996,0.12510426427251015,1,12:flood:semiwild|24:funding_collapse|30:heatwave:alternative|36:funding_collapse|41:heatwave:alternative|63:funding_collapse|72:heatwave:origin,0.011985821239002539,0.06866013941210602,0.10878869779561585,0.010344792536128807,4.986675086796315e-05,0.0007286010321240254,0.00017311809245997717,44136fa355b3678a
S5,greedy_expected_utility,False,200049,0.5,0.5,4,4,642,362,2,0.6666666666666666,1.0,16.5,236.0496486212598,0.5842260556389042,3.5003577611740195,0.008476207852513401,0.9915237921474866,247,0,0,11132.171830137137,11132.171830137137,2783.042957534284,1.5,0.32123756699725475,0.3192237306201072,8.777704630239193e-05,180.5,72.19999999999999,0.13548198154320767,1,12:flood:semiwild|24:funding_collapse|30:heatwave:alternative|36:funding_collapse|41:heatwave:alternative|63:funding_collapse|72:heatwave:origin,0.011515838417962549,0.07094278068820473,0.10449340147339439,0.023795975432718455,1.4044327408382706e-05,0.0012207701017449342,0.0002117321266302384,44136fa355b3678a
S6,rule,False,200049,0.75,0.75,6,6,626,626,0,0.0,0.0,,622.4860053876347,0.7699694801591405,4.928435862511285,0.0,1.0,0,0,0,11158.114660185522,11158.114660185522,1859.685776697587,1.5,0.9054164482984923,0.4870416003582881,0.0002689293288286174,0.0,0.0,0.048577984516630104,3,12:flood:semiwild|24:funding_collapse|30:heatwave:alternative|36:funding_collapse|41:heatwave:alternative|63:funding_collapse|72:heatwave:origin,0.01600000000000001,0.0430117068403364,0.0,0.0,4.302869261257878e-05,0.0009757843079109267,0.0,44136fa355b3678a
S7,forward_rollout_proxy,False,200049,0.5,0.5,4,4,777,757,2,0.6666666666666666,1.0,15.5,258.1710811269956,0.573623799051825,5.106535294534217,0.0007594815847727927,0.9992405184152272,114,0,0,11117.198285891827,11117.198285891827,2779.299571472957,1.5,0.518188719377271,0.3560476799398564,0.0002514675635540297,77.0,30.80000000000002,0.14081727528393567,1,12:flood:semiwild|24:funding_collapse|30:heatwave:alternative|36:funding_collapse|41:heatwave:alternative|63:funding_collapse|72:heatwave:origin,0.013696897555487954,0.048363995764175355,0.15978770728294958,0.019697619866361295,4.023481016864475e-05,0.001083009285604446,7.885598496942937e-05,44136fa355b3678a
S0,none,False,200050,0.0,0.0,0,0,0,0,3,1.0,1.0,21.333333333333332,31.79351072599508,0.19180298953185854,0.0,,,0,0,0,0.0,0.0,0.0,1.1933427644534447,0.11389066666666653,0.011389066666666654,0.00019242445471953672,0.0,0.0,0.0,0,11:flood:origin|18:flood:alternative|23:heatwave:origin|36:wildfire:alternative|37:heatwave:alternative|45:wildfire:semiwild,0.004480000000000003,0.03584568211520767,0.0,0.0,3.078791275512587e-05,0.0002405404401787032,0.0,44136fa355b3678a
S1,rule,False,200050,0.0,0.0,0,0,0,0,0,0.0,0.0,,45.54876209134603,0.20996777140453882,0.0,,,0,0,0,11051.148359089093,11051.148359089095,11051.148359089093,1.5,0.5700127679708814,0.060815936260230186,0.00028732650739867475,0.0,0.0,0.019073297315710225,3,11:flood:origin|18:flood:alternative|19:funding_collapse|22:funding_collapse|23:heatwave:origin|36:wildfire:alternative|37:heatwave:alternative|45:wildfire:semiwild,0.004800000000000004,0.03393725738251075,0.0,0.0,4.597224118378796e-05,0.00024899897176661336,0.0,44136fa355b3678a
S2,rule,False,200050,0.125,0.0,1,0,0,0,2,0.6666666666666666,1.0,17.5,36.71176050672029,0.4437126409282961,0.0,,,0,0,0,11363.823927090696,11363.823927090696,11363.823927090696,1.5,0.19208770413476292,0.02603423046381479,0.0002485012371919797,24.5,9.799999999999997,0.03412730025169247,1,11:flood:origin|18:flood:alternative|19:funding_collapse|22:funding_collapse|23:heatwave:origin|36:wildfire:alternative|37:heatwave:alternative|45:wildfire:semiwild,0.002434297302632827,0.0900350193966829,0.014817094245923909,0.01381471383014765,3.976019795071675e-05,0.0006234387340342454,7.749773988763936e-05,44136fa355b3678a
S3,rule,False,200050,0.375,0.375,3,3,228,0,2,0.6666666666666666,1.0,14.5,108.02116029775817,0.5420474248827536,2.1802249972064014,0.0016700083655459776,0.998329991634454,2,88,2,11271.410494378862,11271.410494378864,3757.1368314596207,1.5,0.41689352079244935,0.24563917907557517,0.0002489827781229588,22.5,8.999999999999998,0.06698788512133111,1,11:flood:origin|18:flood:alternative|19:funding_collapse|22:funding_collapse|23:heatwave:origin|36:wildfire:alternative|37:heatwave:alternative|45:wildfire:semiwild,0.0025506493576137957,0.07847763209091224,0.07038961549131181,0.011037274255881213,3.9837244499673415e-05,0.0005558115973056734,8.448312719465701e-05,44136fa355b3678a
S4,state_dependent_rule,False,200050,0.25,0.25,2,2,345,279,1,0.3333333333333333,1.0,18.0,164.00150902068097,0.6187040739445497,3.5836228077607393,7.441870090143919e-05,0.9999255812990986,237,0,0,11176.35961220599,11176.35961220599,5588.179806102995,1.5,0.3459660131355727,0.19834913109387098,0.001068862597214564,140.75,56.29999999999996,0.07708150851353161,2,11:flood:origin|18:flood:alternative|19:funding_collapse|22:funding_collapse|23:heatwave:origin|36:wildfire:alternative|37:heatwave:alternative|45:wildfire:semiwild,0.01153337942427197,0.07002727966940328,0.08639247589240176,0.01098186787834104,0.00017101801555433023,0.0006249806371146548,0.0002932909116844192,44136fa355b3678a
S5,greedy_expected_utility,False,200050,0.25,0.25,2,2,367,167,0,0.0,0.0,,157.10763062113642,0.5970786897019958,2.6878947204624692,0.001350334657694086,0.9986496653423059,214,0,0,11190.531101080222,11190.531101080222,5595.265550540111,1.5,0.32327182384310854,0.19013763793345723,0.0005730027145448327,147.5,59.00000000000001,0.09215754172260848,3,11:flood:origin|18:flood:alternative|19:funding_collapse|22:funding_collapse|23:heatwave:origin|36:wildfire:alternative|37:heatwave:alternative|45:wildfire:semiwild,0.010317152076634726,0.07019423332164286,0.07393440819682591,0.03292265675717038,9.168043432717323e-05,0.0013889958130069695,0.0003038366180717224,44136fa355b3678a
S6,rule,False,200050,0.0,0.0,0,0,0,0,0,0.0,0.0,,38.113737169862226,0.21218781038442394,0.0,,,0,0,0,11081.694716402242,11081.694716402244,11081.694716402242,1.5,0.7246193913293113,0.0739617867644414,0.0002899969073091968,0.0,0.0,0.007499238157551375,3,11:flood:origin|18:flood:alternative|19:funding_collapse|22:funding_collapse|23:heatwave:origin|36:wildfire:alternative|37:heatwave:alternative|45:wildfire:semiwild,0.004800000000000003,0.0317610914215071,0.0,0.0,4.6399505169471474e-05,0.00020469868889951289,0.0,44136fa355b3678a
S7,forward_rollout_proxy,False,200050,0.375,0.375,3,3,353,353,1,0.3333333333333333,1.0,27.0,160.9957425086928,0.628452682336421,2.265963143518702,0.10749744623074681,0.8925025537692532,11,0,0,11186.979718925562,11186.979718925562,3728.993239641854,1.5,0.48117065642536483,0.26215883931332906,0.0002665671472357816,20.0,7.999999999999999,0.11316071117802781,2,11:flood:origin|18:flood:alternative|19:funding_collapse|22:funding_collapse|23:heatwave:origin|36:wildfire:alternative|37:heatwave:alternative|45:wildfire:semiwild,0.012705315200818771,0.05071527835575645,0.11325565373198568,0.006521391273385503,4.2650743557725055e-05,0.00041365061419534747,7.615540926276301e-05,44136fa355b3678a
S0,none,False,200051,0.0,0.0,0,0,0,0,3,1.0,1.0,30.0,71.00041944730135,0.35085241041025356,0.0,,,0,0,0,0.0,0.0,0.0,1.5,0.24796666666666647,0.024796666666666647,0.00024428884761985565,0.0,0.0,0.0,0,92:wildfire:origin,0.007840000000000007,0.0475265813524873,0.0,0.0,3.90862156191769e-05,0.00044192202163987335,0.0,44136fa355b3678a
S1,rule,False,200051,0.625,0.5,5,4,94,94,0,0.0,0.0,,408.1121966060176,0.753407215120009,3.303096412428788,0.0,1.0,0,0,0,11216.07129014725,11216.071290147253,2804.0178225368127,1.5,0.7757904903293312,0.35418398202421125,0.00027750677921621695,0.0,0.0,0.09286984433495132,3,34:funding_collapse|92:wildfire:origin,0.01600000000000001,0.05953331906696062,0.0,0.0,4.440108467459472e-05,0.0010150647283554788,0.0,44136fa355b3678a
S2,rule,False,200051,0.375,0.25,3,2,69,0,2,0.6666666666666666,1.0,23.5,86.23845718258684,0.46809442736900403,2.2081740276862227,0.0025445251319878488,0.9974554748680121,0,0,0,11288.435322713109,11288.43532271311,5644.217661356554,1.5,0.3563356457647128,0.18200050234624546,0.0005439958578597668,59.0,23.60000000000001,0.058925987464559654,1,34:funding_collapse|92:wildfire:origin,0.004760177747733291,0.09070014764795915,0.05618420444210104,0.011360426953228706,8.70393372575627e-05,0.0006596365130358559,0.00013021656045256847,44136fa355b3678a
S3,rule,False,200051,0.375,0.25,3,2,340,0,2,0.6666666666666666,1.0,24.0,180.30627217574016,0.6173225007068985,4.7091285988613905,0.010122930950534962,0.989877069049465,24,182,24,11190.567054052568,11190.567054052566,5595.283527026284,1.5,0.6239697196828341,0.23536501991809924,0.0002921594062659426,51.5,20.6,0.06688380980600953,1,34:funding_collapse|92:wildfire:origin,0.008595135423642018,0.074739467482913,0.051907376204509824,0.007317782957549871,4.6745505002550825e-05,0.0006836981523761643,9.912163192016165e-05,44136fa355b3678a
S4,state_dependent_rule,False,200051,0.5,0.5,4,4,463,441,2,0.6666666666666666,1.0,24.0,219.86760065875845,0.626967367242512,4.188955456415149,0.011349701916960537,0.9886502980830395,241,0,0,11198.903588679355,11198.903588679355,2799.725897169839,1.5,0.5436177214078027,0.3452104565026235,0.0005296821341124997,150.5,60.199999999999974,0.11979564898845876,1,34:funding_collapse|92:wildfire:origin,0.012919586970718069,0.06978892984228854,0.08735357829226904,0.011683894080478591,8.474914145799995e-05,0.0007381816266760655,0.00020790608190791144,44136fa355b3678a
S5,greedy_expected_utility,False,200051,0.5,0.375,4,3,675,402,1,0.3333333333333333,1.0,22.0,245.2222174295135,0.6300801128026429,3.235502179504053,0.01306008812700054,0.9869399118729995,365,0,0,11219.834474138177,11219.834474138177,3739.9448247127257,1.5,0.5172426940459838,0.2785062334643651,0.0006309327864250609,210.0,83.99999999999999,0.12838471132363094,2,34:funding_collapse|92:wildfire:origin,0.011089964771465009,0.07361723212214169,0.06548566710673516,0.008212266173014795,0.00010094924582800978,0.000614198887477223,0.000262383263836051,44136fa355b3678a
S6,rule,False,200051,0.875,0.75,7,6,419,419,1,0.3333333333333333,1.0,14.0,582.4354814041592,0.7759203019529621,4.418611435911134,0.05069191519783414,0.9493080848021659,0,0,0,11225.968251089183,11225.968251089187,1870.994708514864,1.5,0.8628254710878057,0.4776675811989216,0.00027730250585747944,0.0,0.0,0.048494598655148255,2,34:funding_collapse|92:wildfire:origin,0.01600000000000001,0.0370003475210858,0.0,0.0,4.436840093719672e-05,0.0010349821250148366,0.0,44136fa355b3678a
S7,forward_rollout_proxy,False,200051,0.625,0.625,5,5,1200,1200,0,0.0,0.0,,335.7368123553432,0.6191065241526134,3.9471607416261394,0.003405631675446749,0.9965943683245533,43,0,0,11186.457075506692,11186.457075506692,2237.2914151013383,1.5,0.6699999999999999,0.42069409019960397,0.00029449616790444793,66.25,26.500000000000018,0.164862413916713,3,34:funding_collapse|92:wildfire:origin,0.014465521974698317,0.050437179798708716,0.12251782486436774,0.01172877440484066,4.7119386864711667e-05,0.0009773527183524376,6.688779834646412e-05,44136fa355b3678a
S0,none,False,200052,0.25,0.0,2,0,0,0,3,1.0,1.0,31.0,77.03000576533769,0.4040482219773444,0.0,,,0,0,0,0.0,0.0,0.0,1.3222035991325882,0.11329610908482436,0.011329610908482437,0.00030074680732596813,0.0,0.0,0.0,0,21:wildfire:alternative|26:wildfire:reserve|27:wildfire:reserve|40:flood:reserve,0.009120000000000007,0.059289726353982504,0.0,0.0,4.811948917215491e-05,0.0005939321795009317,0.0,44136fa355b3678a
S1,rule,False,200052,0.625,0.625,5,5,380,380,0,0.0,0.0,,440.0194093260477,0.7578470712330012,4.4045619295548555,0.0,1.0,0,0,0,11216.37877464789,11216.378774647892,2243.275754929578,1.5,0.8109314123360464,0.4266654050431893,0.00021938242818213792,0.0,0.0,0.10138322257018054,3,21:wildfire:alternative|26:wildfire:reserve|27:wildfire:reserve|40:flood:reserve,0.01600000000000001,0.05500571403767389,0.0,0.0,3.510118850914206e-05,0.001112113540815762,0.0,44136fa355b3678a
S2,rule,False,200052,0.375,0.125,3,1,61,0,2,0.6666666666666666,1.0,29.0,92.29603662530397,0.4789773979286396,2.8822618125484123,0.0,1.0,0,0,0,11318.846842124252,11318.846842124254,11318.846842124252,1.5,0.1600806760322712,0.11202066701974207,0.0003811905150340298,62.25,24.900000000000002,0.054699906455154115,1,21:wildfire:alternative|26:wildfire:reserve|27:wildfire:reserve|40:flood:reserve,0.00493109335397115,0.09208700853026441,0.04908923740785899,0.010581138752629409,6.099048240544477e-05,0.0007062575973792243,0.00012118423748397481,44136fa355b3678a
S3,rule,False,200052,0.5,0.375,4,3,343,0,0,0.0,0.0,,203.51324999373742,0.5907177709441337,3.777423529525265,0.04512651813922699,0.954873481860773,17,229,17,11198.008002801998,11198.008002801998,3732.669334267333,1.5,0.3369177229181954,0.2550807041180165,0.0003900436888397938,61.5,24.599999999999994,0.07432348265472144,3,21:wildfire:alternative|26:wildfire:reserve|27:wildfire:reserve|40:flood:reserve,0.007396232782207281,0.07489304541967295,0.06711703957904287,0.007945720134213666,6.240699021436699e-05,0.0007859908034564431,9.319176918987229e-05,44136fa355b3678a
S4,state_dependent_rule,False,200052,0.5,0.375,4,3,274,0,0,0.0,0.0,,182.14819217320905,0.5722238421801094,4.032624241765872,0.0013203051430954041,0.9986796948569046,121,0,0,11192.102107335639,11192.102107335639,3730.7007024452128,1.5,0.24051300303820655,0.2540935804532223,0.0005521345937017193,173.25,69.29999999999995,0.10483018865871462,3,21:wildfire:alternative|26:wildfire:reserve|27:wildfire:reserve|40:flood:reserve,0.007383550237327334,0.07714131612461891,0.08667153248049443,0.007046163626731486,8.834153499227508e-05,0.0008208457142158016,0.00029755392950816395,44136fa355b3678a
S5,greedy_expected_utility,False,200052,0.5,0.375,4,3,289,12,0,0.0,0.0,,159.16266926381655,0.5937384683858056,3.155970668812382,0.005719204880917703,0.9942807951190823,101,0,0,11212.990464531438,11212.990464531438,3737.663488177146,1.5,0.22916367721831618,0.2458182678937446,0.0008323543528993133,197.25,78.9,0.11296096741894578,3,21:wildfire:alternative|26:wildfire:reserve|27:wildfire:reserve|40:flood:reserve,0.0070158105221125484,0.07773503003069533,0.05848669913252239,0.007312025781548069,0.0001331766964638901,0.0007632955385549485,0.0004193925251323146,44136fa355b3678a
S6,rule,False,200052,0.875,0.875,7,7,1052,1052,0,0.0,0.0,,698.5979707883374,0.7798980564253104,5.284153571916891,0.0,1.0,0,0,0,11232.089713219364,11232.089713219366,1604.5842447456234,1.5,0.9618319999999998,0.5536182832216102,0.0002254865917787547,0.0,0.0,0.05421773751220695,3,21:wildfire:alternative|26:wildfire:reserve|27:wildfire:reserve|40:flood:reserve,0.01600000000000001,0.03302111016569278,0.0,0.0,3.6077854684600756e-05,0.0010447555543122776,0.0,44136fa355b3678a
S7,forward_rollout_proxy,False,200052,0.75,0.25,6,2,217,136,0,0.0,0.0,,206.11790999732338,0.7061247572510548,3.069056891592716,0.009335181447220557,0.9906648185527794,170,0,0,11170.737637423663,11170.737637423663,5585.368818711831,1.5,0.47629459073466357,0.21714239371229496,0.0008138000790846596,85.25,34.10000000000004,0.1316118286145072,3,21:wildfire:alternative|26:wildfire:reserve|27:wildfire:reserve|40:flood:reserve,0.013633360661085423,0.07746376843401884,0.004348973047875208,0.001407020750781069,0.00013020801265354554,0.0007581169194243721,0.0002355728103099092,44136fa355b3678a
S0,none,False,200053,0.125,0.0,1,0,0,0,3,1.0,1.0,29.666666666666668,63.15210540774436,0.3905840364522672,0.0,,,0,0,0,0.0,0.0,0.0,1.346874222819445,0.05722400000000002,0.0057224000000000025,0.00032405601653412317,0.0,0.0,0.0,0,21:heatwave:reserve|47:heatwave:alternative|58:heatwave:reserve|73:flood:alternative,0.008800000000000007,0.056621270837279344,0.0,0.0,5.1848962645459706e-05,0.0004428437478080067,0.0,44136fa355b3678a
S1,rule,False,200053,0.625,0.625,5,5,288,288,0,0.0,0.0,,457.20727898650154,0.757199316553525,4.150470293178589,0.0,1.0,0,0,0,11234.455115063636,11234.455115063636,2246.891023012727,1.5,0.8160232807414216,0.424730937401795,0.0003058107290477282,0.0,0.0,0.10186953197933513,3,21:heatwave:reserve|47:heatwave:alternative|58:heatwave:reserve|73:flood:alternative,0.01600000000000001,0.05578488656795349,0.0,0.0,4.8929716647636517e-05,0.0009668671618741674,0.0,44136fa355b3678a
S2,rule,False,200053,0.25,0.0,2,0,0,0,2,0.6666666666666666,1.0,42.5,73.44828049880194,0.43754855963383854,0.0,,,0,0,0,11327.976150620801,11327.976150620801,11327.976150620801,1.5,0.07024279999999998,0.013484664198344024,0.0003463125945633477,64.0,25.599999999999998,0.03230192099172013,1,21:heatwave:reserve|47:heatwave:alternative|58:heatwave:reserve|73:flood:alternative,0.00635353865703169,0.07046165115453729,0.007126832137106255,0.007088446762789139,5.541001513013565e-05,0.0006653166423688531,0.00014501314165711932,44136fa355b3678a
S3,rule,False,200053,0.375,0.375,3,3,371,0,1,0.3333333333333333,1.0,24.0,194.13560902051984,0.598439148647723,4.693694430137707,8.693435715348903e-05,0.9999130656428465,44,186,44,11227.134448462031,11227.134448462031,3742.3781494873438,1.5,0.26965980055260774,0.25607099671004613,0.00018532553015311633,57.5,22.999999999999996,0.06709036176704145,2,21:heatwave:reserve|47:heatwave:alternative|58:heatwave:reserve|73:flood:alternative,0.007989433204717098,0.07587312310098958,0.065396239556766,0.006113820065959308,2.9652084824498618e-05,0.0007174966825085992,9.885251480764785e-05,44136fa355b3678a
S4,state_dependent_rule,False,200053,0.375,0.25,3,2,265,0,1,0.3333333333333333,1.0,26.0,137.54796371521485,0.613897729986585,2.6941157024793387,0.007463540261745763,0.9925364597382542,102,0,0,11217.95960067237,11217.95960067237,5608.979800336185,1.5,0.1652996911412058,0.17272108203184078,0.0004848404981346957,142.25,56.899999999999956,0.08374977946463394,2,21:heatwave:reserve|47:heatwave:alternative|58:heatwave:reserve|73:flood:alternative,0.007678590015059705,0.07543648857897951,0.04641952962540974,0.008394965392299824,7.757447970155131e-05,0.0006803502415242126,0.00037684850413918753,44136fa355b3678a
S5,greedy_expected_utility,False,200053,0.375,0.375,3,3,215,0,1,0.3333333333333333,1.0,18.0,150.42892279637027,0.5858705741775084,3.376587452515924,0.0040599023034340485,0.995940097696566,135,0,0,11244.868798988262,11244.868798988262,3748.289599662754,1.5,0.1390224088591738,0.23897172651285084,0.00038462365753736305,192.75,77.09999999999995,0.11276805550887095,2,21:heatwave:reserve|47:heatwave:alternative|58:heatwave:reserve|73:flood:alternative,0.0069696227533572255,0.07852840733104094,0.0681371300629416,0.006154519268184288,6.153978520597809e-05,0.0006031245147248653,0.0004004681277913953,44136fa355b3678a
S6,rule,False,200053,0.75,0.625,6,5,962,962,0,0.0,0.0,,654.6346474407961,0.7801714141890718,5.836517131623204,0.0,1.0,0,0,0,11248.50980985733,11248.509809857333,2249.701961971466,1.5,0.9618319999999998,0.44429259107292524,0.00042843153713281783,0.0,0.0,0.04247109878346611,3,21:heatwave:reserve|47:heatwave:alternative|58:heatwave:reserve|73:flood:alternative,0.01600000000000001,0.0327719481261874,0.0,0.0,6.854904594125085e-05,0.0009880886387991072,0.0,44136fa355b3678a
S7,forward_rollout_proxy,False,200053,0.5,0.125,4,1,25,0,1,0.3333333333333333,1.0,27.0,190.97137539551554,0.7054777350603026,1.6149870801033592,0.03027751437312,0.96972248562688,86,0,0,11202.717091040273,11202.717091040273,11202.717091040273,1.5,0.40958340108565894,0.13791047024235334,0.0004173697733174667,63.75,25.499999999999993,0.12276129666376921,2,21:heatwave:reserve|47:heatwave:alternative|58:heatwave:reserve|73:flood:alternative,0.013616141558197903,0.08129512924077942,0.0012302923726966912,0.003529351964716796,6.677916373079467e-05,0.001276201288557105,0.0004295011474360206,44136fa355b3678a
S0,none,False,200054,0.125,0.0,1,0,0,0,3,1.0,1.0,27.0,69.0897118207919,0.39185950527879165,0.0,,,0,0,0,0.0,0.0,0.0,1.4949493635767737,0.1913,0.01913,0.0002115821873240775,0.0,0.0,0.0,0,36:heatwave:reserve|49:flood:reserve,0.008800000000000007,0.05535354663248139,0.0,0.0,3.3853149971852404e-05,0.00045309493875513306,0.0,44136fa355b3678a
S1,rule,False,200054,0.5,0.5,4,4,339,339,1,0.3333333333333333,1.0,22.0,395.4315073190596,0.7585448488507547,5.4560288900819005,0.0,1.0,0,0,0,11180.863562026525,11180.863562026527,2795.2158905066312,1.5,0.8689763307853702,0.38368543937186456,0.00030979642282489563,0.0,0.0,0.08613758696254253,2,36:heatwave:reserve|41:funding_collapse|49:flood:reserve|61:funding_collapse,0.01600000000000001,0.05438777604385495,0.0,0.0,4.956742765198331e-05,0.001017807677738621,0.0,44136fa355b3678a
S2,rule,False,200054,0.375,0.125,3,1,25,0,2,0.6666666666666666,1.0,17.5,76.61514086078081,0.4777731734826449,3.491620111731843,0.0,1.0,0,0,0,11295.476445002403,11295.476445002403,11295.476445002403,1.5,0.23798796930600988,0.1251273564621236,0.0003146694301958532,60.25,24.10000000000001,0.05081179207102096,1,36:heatwave:reserve|41:funding_collapse|49:flood:reserve|61:funding_collapse,0.004399048789978077,0.08986900175279494,0.04057037733066052,0.01220210986870955,5.0347108831336505e-05,0.0006946739227391776,0.0001296152946885709,44136fa355b3678a
S3,rule,False,200054,0.5,0.375,4,3,348,0,1,0.3333333333333333,1.0,38.0,182.19017235823475,0.590669600569938,4.206820398287529,2.6086684882136807e-06,0.9999973913315118,56,189,56,11174.89487010994,11174.89487010994,3724.9649567033134,1.5,0.4864955170335943,0.2730771144818553,0.00031593535251979394,61.25,24.500000000000004,0.06804679397810284,2,36:heatwave:reserve|41:funding_collapse|49:flood:reserve|61:funding_collapse,0.00738961119303288,0.07435245221055292,0.06965249335427076,0.007451657103670774,5.054965640316703e-05,0.0006913928762680821,0.00011515971830238151,44136fa355b3678a
S4,state_dependent_rule,False,200054,0.375,0.375,3,3,290,143,1,0.3333333333333333,1.0,19.0,166.59101473479802,0.6262381926883575,3.1190755109850428,0.0025859730152155494,0.9974140269847844,274,0,0,11181.145759131032,11181.145759131032,3727.0485863770105,1.5,0.38379639695444556,0.2592678844447297,0.0004261755355376505,171.25,68.49999999999997,0.10473744819717347,2,36:heatwave:reserve|41:funding_collapse|49:flood:reserve|61:funding_collapse,0.008793510169228974,0.07471007462535492,0.04511146211247551,0.0064762074434783455,6.818808568602409e-05,0.0006391663989968927,0.00036745966680240257,44136fa355b3678a
S5,greedy_expected_utility,False,200054,0.625,0.375,5,3,367,306,2,0.6666666666666666,1.0,16.5,165.92714165425733,0.6707205667303369,2.949008864092836,0.014708297177569227,0.9852917028224307,322,0,0,11183.544771234532,11183.54477123453,3727.8482570781775,1.5,0.357019223423016,0.25995723873082965,0.00035139068462922867,183.75,73.49999999999996,0.1300761387379986,1,36:heatwave:reserve|41:funding_collapse|49:flood:reserve|61:funding_collapse,0.011822451407130001,0.07442910043827268,0.017360576903857096,0.005687498240240302,5.6222509540676584e-05,0.0006486043568116526,0.0004766759511539665,44136fa355b3678a
S6,rule,False,200054,0.625,0.625,5,5,951,951,1,0.3333333333333333,1.0,21.0,626.5060665516644,0.7805683549710402,5.618653776671515,0.0,1.0,0,0,0,11190.994594351354,11190.994594351356,2238.198918870271,1.5,0.9612592461162016,0.44191712562887414,0.00030821589492857827,0.0,0.0,0.04177331625269423,2,36:heatwave:reserve|41:funding_collapse|49:flood:reserve|61:funding_collapse,0.01600000000000001,0.0323826065705473,0.0,0.0,4.9314543188572534e-05,0.000999723915224133,0.0,44136fa355b3678a
S7,forward_rollout_proxy,False,200054,0.625,0.375,5,3,577,577,1,0.3333333333333333,1.0,23.0,269.86616913238504,0.7334844296525757,3.352881995687133,0.010422935095181466,0.9895770649048186,89,0,0,11177.80612213119,11177.806122131191,3725.9353740437296,1.5,0.5940506072324457,0.2904021798402309,0.00026469246402057155,75.0,30.000000000000025,0.14359149580057484,2,36:heatwave:reserve|41:funding_collapse|49:flood:reserve|61:funding_collapse,0.016236840393259674,0.059835561082647114,0.006891125644207606,0.0009129915937522689,4.235079424329145e-05,0.0006569171704550668,0.0001305312765196075,44136fa355b3678a
S0,none,False,200055,0.0,0.0,0,0,0,0,3,1.0,1.0,24.0,59.68896021351494,0.3125851686845628,0.0,,,0,0,0,0.0,0.0,0.0,1.291633110268601,0.09039109100439202,0.009039109100439202,0.00013112230618527848,0.0,0.0,0.0,0,22:wildfire:reserve|34:heatwave:origin|43:heatwave:alternative|64:flood:reserve|66:flood:origin,0.0070400000000000055,0.04525025314557663,0.0,0.0,2.0979568989644555e-05,0.00030359860087090796,0.0,44136fa355b3678a
S1,rule,False,200055,0.5,0.0,4,0,0,0,0,0.0,0.0,,171.1139269801911,0.6248701977031407,0.0,,,0,0,0,11172.460242430343,11172.460242430345,11172.460242430343,1.5,0.6460420252528896,0.07736075744473041,0.00013062550320664092,0.0,0.0,0.06378277459720721,3,15:funding_collapse|22:wildfire:reserve|34:heatwave:origin|43:heatwave:alternative|64:flood:reserve|66:flood:origin|81:funding_collapse,0.01392000000000001,0.08264643030559053,0.0,0.0,2.090008051306255e-05,0.0006424719107557868,0.0,44136fa355b3678a
S2,rule,False,200055,0.375,0.25,3,2,39,0,1,0.3333333333333333,1.0,12.0,69.60728908757177,0.47106859052216493,1.772884359769606,0.026589499890351663,0.9734105001096484,0,0,0,11301.965321199606,11301.965321199608,5650.982660599803,1.5,0.1371058809986838,0.15610842834463515,0.0001295774264275306,49.0,19.6,0.06084498323535352,2,15:funding_collapse|22:wildfire:reserve|34:heatwave:origin|43:heatwave:alternative|64:flood:reserve|66:flood:origin|81:funding_collapse,0.004097853480739446,0.09220126206446157,0.042545503209986596,0.011862422049696633,2.0732388228404896e-05,0.0006726801706484392,0.00011538188067175598,44136fa355b3678a
S3,rule,False,200055,0.5,0.25,4,2,235,0,0,0.0,0.0,,151.50121283819144,0.5890129072796355,3.880537136506761,0.0002875295655672566,0.9997124704344328,19,160,19,11180.03737941783,11180.03737941783,5590.018689708915,1.5,0.3292740426127616,0.1979179621499051,0.0001292852402172588,44.75,17.90000000000001,0.0684259326178066,3,15:funding_collapse|22:wildfire:reserve|34:heatwave:origin|43:heatwave:alternative|64:flood:reserve|66:flood:origin|81:funding_collapse,0.006031157868534559,0.07778801618640276,0.05649001364936491,0.007711972099630454,2.0685638434761406e-05,0.0006087238762633521,8.867287035308445e-05,44136fa355b3678a
S4,state_dependent_rule,False,200055,0.375,0.375,3,3,303,0,0,0.0,0.0,,141.15236226224025,0.5874047856458853,2.2034601265866374,0.09618517855140828,0.9038148214485917,87,0,0,11152.669804292296,11152.669804292296,3717.5566014307656,1.5,0.24805526949763926,0.23725980665538607,0.00039509060363209647,155.5,62.19999999999995,0.10834839219877876,3,15:funding_collapse|22:wildfire:reserve|34:heatwave:origin|43:heatwave:alternative|64:flood:reserve|66:flood:origin|81:funding_collapse,0.006216062697127969,0.07756817638960624,0.055378785904298164,0.008847896404343919,6.321449658113543e-05,0.0007054574444497028,0.00040018763538318306,44136fa355b3678a
S5,greedy_expected_utility,False,200055,0.375,0.125,3,1,141,0,0,0.0,0.0,,132.8300567119458,0.6074553387911963,3.6878130217028375,0.0033857872367313185,0.9966142127632687,100,0,0,11147.541725756158,11147.541725756157,11147.541725756158,1.5,0.22116578808246976,0.13214419755151322,0.0004981712815285242,207.25,82.89999999999998,0.08449744263118938,3,15:funding_collapse|22:wildfire:reserve|34:heatwave:origin|43:heatwave:alternative|64:flood:reserve|66:flood:origin|81:funding_collapse,0.006209759529214721,0.0841702103981139,0.030383554811367768,0.004264927223952111,7.970740504456385e-05,0.0005763125980797084,0.0006211175181735234,44136fa355b3678a
S6,rule,False,200055,0.625,0.0,5,0,0,0,0,0.0,0.0,,240.57834045019587,0.6769792280481769,0.0,,,0,0,0,11187.191229828775,11187.191229828775,11187.191229828775,1.5,0.7693643131133747,0.08338706777429462,0.00013345885079112205,0.0,0.0,0.03225318231478573,3,15:funding_collapse|22:wildfire:reserve|34:heatwave:origin|43:heatwave:alternative|64:flood:reserve|66:flood:origin|81:funding_collapse,0.01472000000000001,0.07109294562726552,0.0,0.0,2.1353416126579528e-05,0.0007864729084310733,0.0,44136fa355b3678a
S7,forward_rollout_proxy,False,200055,0.25,0.125,2,1,164,10,0,0.0,0.0,,143.77445240977158,0.6428291506361661,1.9988109393579074,0.007677390439796503,0.9923226095602035,102,0,0,11134.778437926847,11134.778437926849,11134.778437926847,1.5,0.4212854810572491,0.13792008945736567,0.0014117770629421557,81.75,32.70000000000002,0.09776715979030828,3,15:funding_collapse|22:wildfire:reserve|34:heatwave:origin|43:heatwave:alternative|64:flood:reserve|66:flood:origin|81:funding_collapse,0.008624464765979478,0.07587722749476324,0.023651011885192412,0.008973575350269991,0.00022588433007074491,0.0006671990835364474,0.0004086611849965613,44136fa355b3678a
S0,none,False,200056,0.25,0.0,2,0,0,0,3,1.0,1.0,29.0,66.42042020549496,0.3913686714581027,0.0,,,0,0,0,0.0,0.0,0.0,1.5,0.1913,0.01913,0.00026173909152823864,0.0,0.0,0.0,0,21:heatwave:semiwild|31:flood:semiwild|54:flood:semiwild|73:heatwave:reserve|75:wildfire:semiwild|82:heatwave:reserve,0.008800000000000007,0.055844825639333996,0.0,0.0,4.187825464451818e-05,0.00044462464791866866,0.0,44136fa355b3678a
S1,rule,False,200056,0.75,0.625,6,5,369,369,0,0.0,0.0,,440.71629463633576,0.7572438305822392,4.868556020460213,0.0026239999999999996,0.997376,0,0,0,11215.019720322154,11215.019720322154,2243.003944064431,1.5,0.7641031087211795,0.42828196527881796,0.00012468827930174565,0.0,0.0,0.10968047101048933,3,21:heatwave:semiwild|31:flood:semiwild|41:funding_collapse|54:flood:semiwild|73:heatwave:reserve|75:wildfire:semiwild|82:heatwave:reserve,0.01600000000000001,0.055880099199709835,0.0,0.0,1.9950124688279304e-05,0.0008561200933631126,0.0,44136fa355b3678a
S2,rule,False,200056,0.125,0.125,1,1,5,0,2,0.6666666666666666,1.0,32.0,61.28055327754876,0.4930244331236519,1.923076923076923,0.0022054719999999996,0.997794528,0,0,0,11333.989790324249,11333.989790324249,11333.989790324249,1.5,0.23814715780000664,0.10656093092201119,0.0002667391834067687,50.25,20.100000000000012,0.036327229556206514,1,21:heatwave:semiwild|31:flood:semiwild|41:funding_collapse|54:flood:semiwild|73:heatwave:reserve|75:wildfire:semiwild|82:heatwave:reserve,0.004463545541617151,0.08966719155904199,0.023231212021632426,0.01315442535162995,4.2678269345082994e-05,0.0007348456351931622,0.00012890200589181153,44136fa355b3678a
S3,rule,False,200056,0.75,0.375,6,3,431,0,0,0.0,0.0,,208.36310014445877,0.57696516339433,3.906834369203531,0.00028649118587260875,0.9997135088141273,23,213,23,11223.869984629398,11223.869984629398,3741.289994876466,1.5,0.46948183850920494,0.27222021382014955,0.00012468827930174565,59.0,23.599999999999998,0.08726843138596867,3,21:heatwave:semiwild|31:flood:semiwild|41:funding_collapse|54:flood:semiwild|73:heatwave:reserve|75:wildfire:semiwild|82:heatwave:reserve,0.0075465028498771115,0.07506875238108958,0.08379313926524405,0.007737171248577025,1.9950124688279304e-05,0.0007374806944897983,8.970939605426148e-05,44136fa355b3678a
S4,state_dependent_rule,False,200056,0.5,0.5,4,4,503,303,1,0.3333333333333333,1.0,29.0,255.09697251680893,0.6231473597089682,3.3677957817924273,0.006370191697896629,0.9936298083021033,318,0,0,11225.923183506946,11225.923183506946,2806.4807958767365,1.5,0.36549649666179956,0.3186725820742924,0.0003594843644225885,182.5,73.0,0.11722487295094054,2,21:heatwave:semiwild|31:flood:semiwild|41:funding_collapse|54:flood:semiwild|73:heatwave:reserve|75:wildfire:semiwild|82:heatwave:reserve,0.011595887041847214,0.07120443525959753,0.07214289225787433,0.010623190000493084,5.751749830761416e-05,0.0008815449366922769,0.000206835470984881,44136fa355b3678a
S5,greedy_expected_utility,False,200056,0.75,0.5,6,4,479,230,1,0.3333333333333333,1.0,32.0,241.64823347679453,0.6027526222344057,3.9454662824714744,0.0024790904890520187,0.997520909510948,355,0,0,11228.959129518928,11228.959129518928,2807.239782379732,1.5,0.3386271437256705,0.32910558040705346,0.00034584081094553016,208.75,83.50000000000001,0.1539410160488584,2,21:heatwave:semiwild|31:flood:semiwild|41:funding_collapse|54:flood:semiwild|73:heatwave:reserve|75:wildfire:semiwild|82:heatwave:reserve,0.010897227696448542,0.07266783180967575,0.0820806070742014,0.015565768116642141,5.533452975128483e-05,0.0009493409540905317,0.0002425006106868954,44136fa355b3678a
S6,rule,False,200056,0.75,0.75,6,6,983,983,1,0.3333333333333333,1.0,12.0,706.207164022574,0.7798831548416179,4.951553723568853,0.000560104149491365,0.9994398958505086,0,0,0,11224.875929930105,11224.87592993011,1870.812654988351,1.5,0.8805233246172156,0.4845428097065144,0.00017021610622354526,0.0,0.0,0.047374700045521446,2,21:heatwave:semiwild|31:flood:semiwild|41:funding_collapse|54:flood:semiwild|73:heatwave:reserve|75:wildfire:semiwild|82:heatwave:reserve,0.01600000000000001,0.033091993682672544,0.0,0.0,2.723457699576724e-05,0.0009976168987141834,0.0,44136fa355b3678a
S7,forward_rollout_proxy,False,200056,0.875,0.75,7,6,479,477,1,0.3333333333333333,1.0,15.0,331.47011928537233,0.6181653144566139,3.0683245273881834,0.000972356559672973,0.999027643440327,161,0,0,11204.933124513396,11204.933124513396,1867.4888540855661,1.5,0.5757870374599426,0.4652461414861731,0.00014705882352941175,97.5,39.00000000000004,0.19742096233148482,2,21:heatwave:semiwild|31:flood:semiwild|41:funding_collapse|54:flood:semiwild|73:heatwave:reserve|75:wildfire:semiwild|82:heatwave:reserve,0.014510088496996788,0.05830564149178012,0.11487459816523486,0.009867497921712322,2.3529411764705884e-05,0.0008578432359546769,8.239938675398505e-05,44136fa355b3678a
S0,none,False,200057,0.0,0.0,0,0,0,0,3,1.0,1.0,25.0,64.93718146851428,0.33691726395314603,0.0,,,0,0,0,0.0,0.0,0.0,1.4993025817166357,0.1913,0.01913,5.277044854881266e-05,0.0,0.0,0.0,0,51:wildfire:reserve|90:wildfire:reserve,0.007520000000000006,0.045284960605027826,0.0,0.0,8.443271767810027e-06,0.0003693321700583159,0.0,44136fa355b3678a
S1,rule,False,200057,0.625,0.625,5,5,301,301,0,0.0,0.0,,447.07155408545856,0.757611634116274,4.2045112731093255,0.0015637454864847974,0.9984362545135153,0,0,0,11218.007011506572,11218.007011506572,2243.6014023013145,1.5,0.7757673309279024,0.42216880801425266,5.128205128205128e-05,0.0,0.0,0.106484810951846,3,19:funding_collapse|51:wildfire:reserve|90:wildfire:reserve,0.01600000000000001,0.055337507795299355,0.0,0.0,8.205128205128205e-06,0.0010426529602213398,0.0,44136fa355b3678a
S2,rule,False,200057,0.375,0.125,3,1,7,0,1,0.3333333333333333,1.0,18.0,83.10560268518046,0.4901702431186889,1.9600000000000004,0.0001489088777461217,0.9998510911222539,0,0,0,11277.924231581714,11277.924231581714,11277.924231581714,1.5,0.23791542015720435,0.11122019733620185,5.277044854881266e-05,59.25,23.700000000000003,0.05789327660240702,2,19:funding_collapse|51:wildfire:reserve|90:wildfire:reserve,0.00519217824854328,0.09102260232374908,0.041350315487575715,0.011454214153316265,8.443271767810027e-06,0.0008251888338341816,0.00015142823311010896,44136fa355b3678a
S3,rule,False,200057,0.5,0.375,4,3,314,0,0,0.0,0.0,,192.44917216133547,0.6116011766744802,4.7905406577105785,0.0005071743625276324,0.9994928256374723,45,209,45,11191.999375192267,11191.999375192267,3730.666458397422,1.5,0.42587486805787683,0.2751173588413313,0.00033484018265368004,63.5,25.399999999999995,0.07937232729218915,3,19:funding_collapse|51:wildfire:reserve|90:wildfire:reserve,0.008392824273692834,0.07647469063485658,0.054470109255572934,0.006486541298913573,5.3574429224588807e-05,0.0007063667312870313,0.00011775509534177874,44136fa355b3678a
S4,state_dependent_rule,False,200057,0.5,0.125,4,1,177,127,1,0.3333333333333333,1.0,16.0,156.09050185346504,0.6705475789019603,5.656075103809352,0.0047253647450028954,0.9952746352549972,248,0,0,11192.143716553703,11192.143716553703,11192.143716553703,1.5,0.3226040269985367,0.16316000268780584,0.0007878753747170473,158.5,63.39999999999994,0.09044424474929329,2,19:funding_collapse|51:wildfire:reserve|90:wildfire:reserve,0.011319248325609847,0.07668765799384535,0.016117838913622885,0.003532387733422572,0.00012606005995472754,0.0006389779905256325,0.0004981003781090467,44136fa355b3678a
S5,greedy_expected_utility,False,200057,0.5,0.25,4,2,186,143,0,0.0,0.0,,154.93603602591472,0.6697375438171143,1.8991457664183695,0.02531549320623164,0.9746845067937684,276,0,0,11202.238603821053,11202.238603821053,5601.119301910527,1.5,0.30705646557281835,0.1858125264054549,0.0005963423761987431,173.75,69.5,0.11807711091994692,3,19:funding_collapse|51:wildfire:reserve|90:wildfire:reserve,0.011930146840605607,0.0754714893986907,0.016300040176344097,0.009598079205546868,9.54147801917989e-05,0.0009452612853237471,0.0005019062765632394,44136fa355b3678a
S6,rule,False,200057,0.875,0.875,7,7,1124,1124,0,0.0,0.0,,748.0997173813694,0.7788739825579236,5.143680398070309,0.0,1.0,0,0,0,11228.027640014536,11228.027640014536,1604.003948573505,1.5,0.8819106568630576,0.5446151244753246,5.194805194805195e-05,0.0,0.0,0.05618627404157855,3,19:funding_collapse|51:wildfire:reserve|90:wildfire:reserve,0.01600000000000001,0.03413830734916697,0.0,0.0,8.311688311688312e-06,0.0009793984045976894,0.0,44136fa355b3678a
S7,forward_rollout_proxy,False,200057,0.5,0.5,4,4,651,650,0,0.0,0.0,,293.0421738429441,0.7283566188417463,3.500761315710011,0.0049756791384472625,0.9950243208615528,180,0,0,11194.454569075093,11194.454569075093,2798.613642268773,1.5,0.5333156839424756,0.3418783694239233,0.0002071188628632311,87.25,34.90000000000002,0.14269593936287805,3,19:funding_collapse|51:wildfire:reserve|90:wildfire:reserve,0.01581248799442668,0.061847135362431284,0.008452884478844852,0.0025268571065861388,3.3139018058116975e-05,0.0009991352863646483,0.00011646674643289854,44136fa355b3678a
S0,none,False,200058,0.0,0.0,0,0,0,0,3,1.0,1.0,27.0,70.60732191371089,0.2691430625861226,0.0,,,0,0,0,0.0,0.0,0.0,1.4931983073354258,0.24796666666666647,0.024796666666666647,0.00028069243042152506,0.0,0.0,0.0,0,29:flood:origin,0.006080000000000005,0.03980972246945857,0.0,0.0,4.491078886744402e-05,0.00032230415555136783,0.0,44136fa355b3678a
S1,rule,False,200058,0.5,0.0,4,0,0,0,1,0.3333333333333333,1.0,33.0,147.45884700295295,0.6004516137716535,0.0,,,0,0,0,11212.063330520094,11212.063330520094,11212.063330520094,1.5,0.7685969669970353,0.08842925773450647,0.00042437376801542017,0.0,0.0,0.05784780517401461,2,2:funding_collapse|29:flood:origin,0.013280000000000009,0.07443759168208082,0.0,0.0,6.789980288246724e-05,0.0006628947433832246,0.0,44136fa355b3678a
S2,rule,False,200058,0.125,0.125,1,1,46,0,3,1.0,1.0,24.666666666666668,68.85113111670663,0.4789017091677868,3.75177304964539,0.0,1.0,0,0,0,11323.771182167033,11323.771182167035,11323.771182167033,1.5,0.3566748700154703,0.13665832459620694,0.00012674923172291907,46.75,18.700000000000003,0.03611553549103005,0,2:funding_collapse|29:flood:origin,0.004199049598420154,0.08979319509059666,0.034510711324244374,0.01339027112958536,2.027987707566705e-05,0.0007901077445095942,0.00010464535225931767,44136fa355b3678a
S3,rule,False,200058,0.375,0.375,3,3,212,0,1,0.3333333333333333,1.0,27.0,147.98080682090563,0.5400448161061255,3.1958003668980854,0.0014104165995090547,0.998589583400491,15,140,15,11220.733758574643,11220.733758574643,3740.2445861915476,1.5,0.624983320954776,0.27788372724654664,0.00029037099922449446,38.75,15.500000000000002,0.07338695741044085,2,2:funding_collapse|29:flood:origin,0.0052312776944312776,0.0769803552734611,0.10197131209854506,0.008178325741407949,4.6459359875919114e-05,0.0006263128579851028,8.828604186309197e-05,44136fa355b3678a
S4,state_dependent_rule,False,200058,0.625,0.5,5,4,584,557,1,0.3333333333333333,1.0,14.0,212.65554625410914,0.5870702262829701,2.494844355974828,0.0062905040627258555,0.9937094959372741,222,0,0,11214.64256785482,11214.642567854818,2803.660641963705,1.5,0.5440332304580346,0.33267973465938055,0.0002817214050308734,133.25,53.300000000000004,0.14163984026914406,2,2:funding_collapse|29:flood:origin,0.012877233424436512,0.06920384015212179,0.1185497649675541,0.02155589268846333,4.5075424804939744e-05,0.0011345102415003297,0.00019043425193841296,44136fa355b3678a
S5,greedy_expected_utility,False,200058,0.75,0.375,6,3,528,440,2,0.6666666666666666,1.0,24.0,219.99532141460037,0.6006157187965124,3.2674543896524124,0.005828869641398472,0.9941711303586015,336,0,0,11238.514557597782,11238.514557597782,3746.1715191992607,1.5,0.5176910160490144,0.28200740926362255,0.0002043106785444983,184.0,73.60000000000001,0.144068818810985,1,2:funding_collapse|29:flood:origin,0.012567636191635178,0.07140135632276394,0.09488198176136958,0.024429891417327054,3.268970856711973e-05,0.0012358942170620875,0.00024821909126828686,44136fa355b3678a
S6,rule,False,200058,0.5,0.375,4,3,165,165,1,0.3333333333333333,1.0,30.0,242.52589728782038,0.7407351308901364,3.3188412844175943,0.003022285714285714,0.9969777142857142,0,0,0,11223.031245148815,11223.031245148817,3741.010415049605,1.5,0.8564985518919435,0.2942491638753869,0.0003675221664105378,0.0,0.0,0.033304479210083116,2,2:funding_collapse|29:flood:origin,0.01600000000000001,0.07214824750513571,0.0,0.0,5.880354662568605e-05,0.0010578180581021191,0.0,44136fa355b3678a
S7,forward_rollout_proxy,False,200058,0.75,0.625,6,5,951,951,2,0.6666666666666666,1.0,27.0,267.1883610454242,0.5438075824960404,3.16965427219974,0.0005765903039520145,0.999423409696048,26,0,0,11204.667870381449,11204.66787038145,2240.93357407629,1.5,0.6699999999999999,0.4142347397998571,0.0003960033468991341,41.5,16.599999999999994,0.1714409853892985,1,2:funding_collapse|29:flood:origin,0.013388467492996096,0.0460304015237977,0.20251465644132555,0.008836257151127918,6.336053550386146e-05,0.0006771225968280846,5.8580630897816464e-05,44136fa355b3678a
S0,none,False,200059,0.0,0.0,0,0,0,0,3,1.0,1.0,29.666666666666668,66.42151822768297,0.3368480528017965,0.0,,,0,0,0,0.0,0.0,0.0,1.5,0.24796666666666647,0.024796666666666647,2.617801047120419e-05,0.0,0.0,0.0,0,38:wildfire:semiwild|44:flood:semiwild,0.007520000000000006,0.04539681536504662,0.0,0.0,4.18848167539267e-06,0.00033094335148149787,0.0,44136fa355b3678a
S1,rule,False,200059,0.875,0.625,7,5,309,309,0,0.0,0.0,,424.27470742692077,0.7572113520710362,4.3044802842554715,0.007436148964347645,0.9925638510356524,0,0,0,11181.268704248641,11181.268704248643,2236.2537408497283,1.5,0.873648533906871,0.4365517796921378,0.00011000385829262835,0.0,0.0,0.12446061729447981,3,38:wildfire:semiwild|44:flood:semiwild|46:funding_collapse|71:funding_collapse,0.01600000000000001,0.05578005610911653,0.0,0.0,1.7600617326820536e-05,0.000990991202520397,0.0,44136fa355b3678a
S2,rule,False,200059,0.375,0.0,3,0,0,0,2,0.6666666666666666,1.0,19.0,77.29049234946909,0.44663008764196754,0.0,,,0,0,0,11256.001669457044,11256.001669457046,11256.001669457044,1.5,0.35602428269345454,0.04651492071120448,0.0005373439671343208,63.25,25.300000000000008,0.05456246220929513,1,38:wildfire:semiwild|44:flood:semiwild|46:funding_collapse|71:funding_collapse,0.004927426300381565,0.08031191141601562,0.030150131222359818,0.009521670218899927,8.597503474149134e-05,0.0006830418808899798,0.00014828629707429433,44136fa355b3678a
S3,rule,False,200059,0.375,0.25,3,2,198,0,0,0.0,0.0,,163.15390031380386,0.6220748371606525,3.7169261513661196,0.0019492029728005202,0.9980507970271995,28,119,28,11145.218636723921,11145.218636723921,5572.6093183619605,1.5,0.6443523526242201,0.22843182084091856,0.00018519014254442183,36.75,14.7,0.07163662032417678,3,38:wildfire:semiwild|44:flood:semiwild|46:funding_collapse|71:funding_collapse,0.008255371941950633,0.07554433577382676,0.03942935847470063,0.009046301481112008,2.9630422807107497e-05,0.0007875799318212386,0.00010287055202290564,44136fa355b3678a
S4,state_dependent_rule,False,200059,0.625,0.625,5,5,531,484,1,0.3333333333333333,1.0,24.0,222.87877109319754,0.6050380601789882,3.406492230442029,0.0352843531907659,0.964715646809234,199,0,0,11161.885813353847,11161.885813353845,2232.3771626707694,1.5,0.5426404521392091,0.3987280315559485,0.00036131411584560834,136.75,54.699999999999974,0.1457453201880366,2,38:wildfire:semiwild|44:flood:semiwild|46:funding_collapse|71:funding_collapse,0.013268541243143715,0.06928395729432368,0.11111149888741938,0.013123628282379285,5.781025853529733e-05,0.0008161318536883239,0.00018877151625806618,44136fa355b3678a
S5,greedy_expected_utility,False,200059,0.625,0.5,5,4,546,473,1,0.3333333333333333,1.0,28.0,236.64382231085,0.6156323351823032,3.234692486822696,0.004547475102151666,0.9954525248978483,320,0,0,11176.049711058655,11176.049711058655,2794.0124277646637,1.5,0.516191859732075,0.3400776481475239,0.0002446302394022851,198.25,79.29999999999998,0.15555768653044688,2,38:wildfire:semiwild|44:flood:semiwild|46:funding_collapse|71:funding_collapse,0.012372071586027456,0.0730948214365623,0.08421403968285174,0.01633753388232266,3.914083830436562e-05,0.0008904143807873902,0.0002478991593176602,44136fa355b3678a
S6,rule,False,200059,0.875,0.875,7,7,1020,1020,0,0.0,0.0,,703.5402121666012,0.7794037517041217,4.918755783788461,0.048716991293861485,0.9512830087061385,0,0,0,11191.277186533314,11191.277186533316,1598.7538837904735,1.5,0.9604839679999998,0.5495570812244925,0.00010777814998689031,0.0,0.0,0.052855632933039715,3,38:wildfire:semiwild|44:flood:semiwild|46:funding_collapse|71:funding_collapse,0.01600000000000001,0.033645167200829725,0.0,0.0,1.724450399790245e-05,0.0009338365910508203,0.0,44136fa355b3678a
S7,forward_rollout_proxy,False,200059,0.625,0.5,5,4,1172,1172,1,0.3333333333333333,1.0,20.0,306.59498700864344,0.6247209593839732,4.195316820405436,0.01182137157733153,0.9881786284226685,17,0,0,11148.615866969381,11148.615866969383,2787.1539667423453,1.5,0.7387875998730239,0.3726432883095182,8.127395662214603e-05,48.75,19.500000000000004,0.15905680059080735,2,38:wildfire:semiwild|44:flood:semiwild|46:funding_collapse|71:funding_collapse,0.0145310293810033,0.05007485153189224,0.11550908460240641,0.013716697902867675,1.3003833059543368e-05,0.0010214937953278653,5.732657069567654e-05,44136fa355b3678a
S0,none,False,200060,0.125,0.0,1,0,0,0,3,1.0,1.0,28.333333333333332,65.80192158161341,0.41123351997804564,0.0,,,0,0,0,0.0,0.0,0.0,1.5,0.12999870246463777,0.012999870246463777,5.2088985349972866e-05,0.0,0.0,0.0,0,52:wildfire:semiwild|74:heatwave:semiwild|91:heatwave:semiwild|99:flood:alternative,0.009280000000000007,0.060405656696766,0.0,0.0,8.334237655995659e-06,0.0004724890875324452,0.0,44136fa355b3678a
S1,rule,False,200060,0.75,0.625,6,5,397,397,0,0.0,0.0,,396.98408104481973,0.75739234025482,4.540787900182556,0.0,1.0,0,0,0,11219.748632971125,11219.748632971126,2243.949726594225,1.5,0.7648307406860178,0.4244704647324917,5.479452054794521e-05,0.0,0.0,0.10664755831032195,3,2:funding_collapse|52:wildfire:semiwild|74:heatwave:semiwild|91:heatwave:semiwild|99:flood:alternative,0.01600000000000001,0.05568205364068047,0.0,0.0,8.767123287671233e-06,0.0009168389812117375,0.0,44136fa355b3678a
S2,rule,False,200060,0.375,0.25,3,2,49,0,2,0.6666666666666666,1.0,20.0,81.84365371003568,0.4783772919534641,2.3467843631778056,0.003095110075837107,0.9969048899241629,0,0,0,11311.525033666443,11311.525033666443,5655.7625168332215,1.5,0.23858934278783603,0.17150440851916224,8.102111174553155e-05,55.5,22.20000000000001,0.05838815304300289,1,2:funding_collapse|52:wildfire:semiwild|74:heatwave:semiwild|91:heatwave:semiwild|99:flood:alternative,0.005116678977703855,0.09146320162007593,0.05246336387181513,0.010925817047493592,1.2963377879285049e-05,0.0007032116503183781,0.00013864210464364948,44136fa355b3678a
S3,rule,False,200060,0.5,0.375,4,3,361,0,1,0.3333333333333333,1.0,20.0,175.79788931111122,0.6095519233630152,3.8977307598784834,0.006824895758869932,0.9931751042411301,14,171,14,11198.245364110706,11198.245364110706,3732.7484547035688,1.5,0.5290569354824852,0.27540597409551226,8.167023045854122e-05,46.25,18.499999999999996,0.07386486474239448,2,2:funding_collapse|52:wildfire:semiwild|74:heatwave:semiwild|91:heatwave:semiwild|99:flood:alternative,0.008565322973321148,0.07592457912012927,0.059256446157063214,0.006514966973849599,1.3067236873366594e-05,0.0006462760359996608,9.840453287997588e-05,44136fa355b3678a
S4,state_dependent_rule,False,200060,0.5,0.5,4,4,531,499,0,0.0,0.0,,214.29466764421704,0.6151875922028485,2.9902282813488603,0.002778853620180652,0.9972211463798194,309,0,0,11200.591688137767,11200.591688137767,2800.1479220344418,1.5,0.42569432303147575,0.32142233484494304,0.0002761157010807083,156.0,62.399999999999984,0.11975309864153441,3,2:funding_collapse|52:wildfire:semiwild|74:heatwave:semiwild|91:heatwave:semiwild|99:flood:alternative,0.012906551446056447,0.07148610992622095,0.09556064432601648,0.01239437763837536,4.417851217291333e-05,0.0008776951324370598,0.00021978179449397528,44136fa355b3678a
S5,greedy_expected_utility,False,200060,0.375,0.375,3,3,531,398,0,0.0,0.0,,219.06582478119682,0.6473065083686609,4.417187351275463,0.005091043253774129,0.9949089567462259,332,0,0,11182.58966920658,11182.58966920658,3727.5298897355265,1.5,0.3983808545255965,0.27588983188396166,0.00030015324463724633,184.0,73.59999999999998,0.11564936459323681,3,2:funding_collapse|52:wildfire:semiwild|74:heatwave:semiwild|91:heatwave:semiwild|99:flood:alternative,0.01266976171239766,0.07132183273929643,0.05415128718565561,0.012663574441925481,4.80245191419594e-05,0.0009177357526431932,0.00027271080438551995,44136fa355b3678a
S6,rule,False,200060,0.625,0.625,5,5,933,933,0,0.0,0.0,,613.5673808436976,0.7807544020666732,6.0644819782115595,0.0,1.0,0,0,0,11229.648024650574,11229.648024650574,2245.9296049301147,1.5,0.8533295024646378,0.43562157979168126,5.479452054794521e-05,0.0,0.0,0.04196904881550949,3,2:funding_collapse|52:wildfire:semiwild|74:heatwave:semiwild|91:heatwave:semiwild|99:flood:alternative,0.01600000000000001,0.03223792781674582,0.0,0.0,8.767123287671233e-06,0.0009989029932935525,0.0,44136fa355b3678a
S7,forward_rollout_proxy,False,200060,0.625,0.5,5,4,1162,1162,0,0.0,0.0,,341.7648198863775,0.6276125749497034,4.737652852907104,0.0014755303235174423,0.9985244696764826,9,0,0,11186.648887977934,11186.648887977934,2796.6622219944834,1.5,0.6270599957788415,0.3631440657428355,0.00016083593375446,55.25,22.1,0.1403076881794016,3,2:funding_collapse|52:wildfire:semiwild|74:heatwave:semiwild|91:heatwave:semiwild|99:flood:alternative,0.014611031898949453,0.05014315945563042,0.1142357069162148,0.012049695592970899,2.5733749400713603e-05,0.0009978688953102156,5.323080246969328e-05,44136fa355b3678a
S0,none,False,200061,0.0,0.0,0,0,0,0,3,1.0,1.0,30.666666666666668,53.707714807479604,0.33085110816194185,0.0,,,0,0,0,0.0,0.0,0.0,1.4401049256210152,0.11389066666666653,0.011389066666666654,0.0006309350840402521,0.0,0.0,0.0,0,29:wildfire:alternative|61:flood:alternative,0.007360000000000005,0.04310669248766766,0.0,0.0,0.00010094961344644033,0.00038124973694397157,0.0,44136fa355b3678a
S1,rule,False,200061,0.625,0.5,5,4,344,344,1,0.3333333333333333,1.0,19.0,425.33569232449355,0.7588265234648418,4.84657690264781,0.0,1.0,0,0,0,11243.125488277166,11243.125488277168,2810.7813720692916,1.5,0.8545398998244812,0.37753335410922323,0.0003702240881356381,0.0,0.0,0.09306797550148495,2,29:wildfire:alternative|61:flood:alternative,0.01600000000000001,0.054111339168712226,0.0,0.0,5.9235854101702095e-05,0.0010029015123442138,0.0,44136fa355b3678a
S2,rule,False,200061,0.25,0.125,2,1,53,0,2,0.6666666666666666,1.0,22.5,77.81656197243704,0.4805809923735096,3.9177126917712686,0.0,1.0,0,0,0,11299.975075335526,11299.975075335526,11299.975075335526,1.5,0.19159546374516792,0.12330233301935704,0.00036711474144584513,47.75,19.10000000000001,0.04357829863563782,1,29:wildfire:alternative|61:flood:alternative,0.005058299322195085,0.08951545230388475,0.050209759910304685,0.012387108160065228,5.873835863133522e-05,0.0007855914420595222,0.00012435976754501598,44136fa355b3678a
S3,rule,False,200061,0.5,0.25,4,2,262,0,2,0.6666666666666666,1.0,25.0,158.55600130681924,0.6263759261276045,3.5662519789002762,0.0016577626836158622,0.9983422373163842,24,149,24,11203.074106428336,11203.074106428334,5601.537053214168,1.5,0.4753262110501142,0.2092174986277879,0.000620723369973875,43.25,17.300000000000008,0.06761178866886858,1,29:wildfire:alternative|61:flood:alternative,0.009074375833573237,0.07497956842984004,0.04713773253456238,0.007900930036919877,9.931573919582e-05,0.0008901211497848198,0.00011657770334980718,44136fa355b3678a
S4,state_dependent_rule,False,200061,0.625,0.5,5,4,439,402,1,0.3333333333333333,1.0,23.0,214.94634795730522,0.6180209504072522,4.056763469944716,0.004867586882857199,0.9951324131171428,211,0,0,11227.390747859174,11227.390747859174,2806.8476869647934,1.5,0.3724277251629422,0.3289436068663653,0.0005980765422782427,141.25,56.499999999999964,0.1306659982531196,2,29:wildfire:alternative|61:flood:alternative,0.013120204793230608,0.06961534522597551,0.10269253783545296,0.007985650399797739,9.569224676451882e-05,0.0006340519500276869,0.0002014501093024755,44136fa355b3678a
S5,greedy_expected_utility,False,200061,0.5,0.5,4,4,446,388,2,0.6666666666666666,1.0,25.0,215.85664935320463,0.5974767508035451,3.889694132072333,0.0015450953354213255,0.9984549046645786,181,0,0,11216.139530154662,11216.139530154662,2804.0348825386654,1.5,0.34521195814317096,0.3259674149838703,0.0007202693125253029,168.75,67.49999999999997,0.13774638924414917,1,29:wildfire:alternative|61:flood:alternative,0.012936860826922015,0.07260792096511814,0.10697420362183743,0.018571118919957722,0.00011524309000404842,0.0010926130474670677,0.00021462508035549832,44136fa355b3678a
S6,rule,False,200061,0.875,0.75,7,6,1007,1007,0,0.0,0.0,,700.159029737534,0.7793118330235158,5.53525198617755,0.000248452898040353,0.9997515471019597,0,0,0,11253.724101755934,11253.724101755935,1875.620683625989,1.5,0.9618319999999998,0.49906763363536255,0.0006862498496047341,0.0,0.0,0.050159568867935524,3,29:wildfire:alternative|61:flood:alternative,0.01600000000000001,0.03357115225429245,0.0,0.0,0.00010979997593675744,0.0010072147462547507,0.0,44136fa355b3678a
S7,forward_rollout_proxy,False,200061,0.5,0.5,4,4,760,760,2,0.6666666666666666,1.0,20.5,240.57591765724175,0.5654082456616936,3.9633895175434923,0.004556505169621835,0.9954434948303782,6,0,0,11212.428823193912,11212.428823193914,2803.107205798478,1.5,0.6022437025926212,0.35304556378297436,0.0005503618003712834,42.75,17.099999999999994,0.14093649174138628,1,29:wildfire:alternative|61:flood:alternative,0.013888835580157846,0.04583057290979855,0.1772975128075917,0.015280220076418907,8.805788805940535e-05,0.001012991687805279,4.8365189524353346e-05,44136fa355b3678a
S0,none,False,200062,0.25,0.0,2,0,0,0,3,1.0,1.0,36.666666666666664,73.32534914345521,0.3770744665853559,0.0,,,0,0,0,0.0,0.0,0.0,1.5,0.1913,0.01913,0.00018460235692611672,0.0,0.0,0.0,0,42:heatwave:reserve|71:wildfire:reserve,0.008480000000000007,0.05385897303643691,0.0,0.0,2.9536377108178675e-05,0.00045702400109888937,0.0,44136fa355b3678a
S1,rule,False,200062,0.75,0.5,6,4,368,368,0,0.0,0.0,,434.0780964268937,0.7576793048599444,4.871243242022235,0.0,1.0,0,0,0,11181.272711812038,11181.272711812038,2795.3181779530096,1.5,0.8554606266440139,0.3813925980909877,0.00021115566694514064,0.0,0.0,0.1106705150318195,3,42:heatwave:reserve|44:funding_collapse|59:funding_collapse|71:wildfire:reserve,0.01600000000000001,0.05528537227843561,0.0,0.0,3.37849067112225e-05,0.0010015379549088083,0.0,44136fa355b3678a
S2,rule,False,200062,0.375,0.25,3,2,54,0,2,0.6666666666666666,1.0,21.0,85.51213533623444,0.5011470354185412,2.3656565656565656,0.004869742260062408,0.9951302577399376,0,0,0,11256.362053624545,11256.362053624545,5628.181026812273,1.5,0.23782629648831477,0.17095252938445782,0.00016980490925081956,50.5,20.200000000000017,0.05506667039530333,1,42:heatwave:reserve|44:funding_collapse|59:funding_collapse|71:wildfire:reserve,0.005619696009018245,0.09172778963929383,0.0373926020970042,0.0107004672804314,2.7168785480131125e-05,0.0007699917081516971,0.00012642859700185747,44136fa355b3678a
S3,rule,False,200062,0.625,0.375,5,3,331,0,0,0.0,0.0,,205.98886860809893,0.6000587321436288,4.174684477637513,7.706043059193315e-05,0.999922939569408,29,222,29,11163.515135173748,11163.515135173748,3721.1717117245826,1.5,0.48608780171098726,0.2770748336008408,0.00025196290453611544,62.75,25.1,0.08984604326683455,3,42:heatwave:reserve|44:funding_collapse|59:funding_collapse|71:wildfire:reserve,0.0077327088420688075,0.07672657129750336,0.05901839902776465,0.006647811592658225,4.031406472577847e-05,0.0007316272459204335,0.00010053607164422349,44136fa355b3678a
S4,state_dependent_rule,False,200062,0.625,0.375,5,3,559,169,1,0.3333333333333333,1.0,18.0,191.64532048395068,0.6262214199808699,3.450452567975418,0.0038234828421148536,0.9961765171578851,201,0,0,11161.669284830688,11161.669284830688,3720.556428276896,1.5,0.3834480413510932,0.263939803070821,0.0003932340319194041,184.25,73.70000000000002,0.11170236627978719,2,42:heatwave:reserve|44:funding_collapse|59:funding_collapse|71:wildfire:reserve,0.008894862182090924,0.07835788440260075,0.040601449005943806,0.005782277241562571,6.291744510710465e-05,0.000729466525896879,0.0003643181394563612,44136fa355b3678a
S5,greedy_expected_utility,False,200062,0.625,0.375,5,3,559,296,0,0.0,0.0,,191.17900885468248,0.6366271451412042,2.830517238888517,0.005899592832547614,0.9941004071674524,290,0,0,11173.610262484222,11173.610262484222,3724.5367541614073,1.5,0.3569466185311852,0.26186202089950156,0.0003448850840420252,214.0,85.6,0.14556093328748937,3,42:heatwave:reserve|44:funding_collapse|59:funding_collapse|71:wildfire:reserve,0.009410421663457659,0.0790630472874471,0.030825616828763794,0.005967639570309202,5.518161344672404e-05,0.0006951648484605384,0.0004458623431082025,44136fa355b3678a
S6,rule,False,200062,1.0,0.875,8,7,1022,1022,0,0.0,0.0,,686.9320152914636,0.7787384559499503,5.322466385165522,0.0,1.0,0,0,0,11191.236632721826,11191.236632721828,1598.7480903888322,1.5,0.9612691212817168,0.5543692716758072,0.00020836018299584384,0.0,0.0,0.056338478479901685,3,42:heatwave:reserve|44:funding_collapse|59:funding_collapse|71:wildfire:reserve,0.01600000000000001,0.03423976569196339,0.0,0.0,3.333762927933501e-05,0.0009884407288071502,0.0,44136fa355b3678a
S7,forward_rollout_proxy,False,200062,0.625,0.5,5,4,741,741,0,0.0,0.0,,318.70720787160485,0.7388758258918042,3.613526866609388,0.001183488586042437,0.9988165114139576,84,0,0,11157.43435748322,11157.43435748322,2789.358589370805,1.5,0.5933013987885184,0.3505865665689409,0.0002114449694775877,74.5,29.80000000000002,0.15060579011997594,3,42:heatwave:reserve|44:funding_collapse|59:funding_collapse|71:wildfire:reserve,0.016370594639373556,0.060587745928120926,0.0018747508805627949,0.0004948291363178237,3.3831195116414035e-05,0.001025148808059132,0.0001118642361676577,44136fa355b3678a
S0,none,False,200063,0.125,0.0,1,0,0,0,3,1.0,1.0,29.0,56.335292487963514,0.37992870432435116,0.0,,,0,0,0,0.0,0.0,0.0,1.3136137607405258,0.0745166132870687,0.00745166132870687,0.0003791866028708134,0.0,0.0,0.0,0,12:flood:reserve|44:heatwave:origin|47:flood:reserve|53:flood:alternative|61:wildfire:semiwild|69:heatwave:reserve|81:flood:origin,0.008640000000000007,0.05911345148114026,0.0,0.0,6.066985645933015e-05,0.00045717433804920085,0.0,44136fa355b3678a
S1,rule,False,200063,0.625,0.0,5,0,0,0,1,0.3333333333333333,1.0,24.0,226.6090623926728,0.6491458841888539,0.0,,,0,0,0,11196.081756588497,11196.081756588497,11196.081756588497,1.5,0.5584249846072696,0.07093831659521993,0.0004169256441995905,0.0,0.0,0.07547909067246482,2,12:flood:reserve|44:heatwave:origin|47:flood:reserve|48:funding_collapse|53:flood:alternative|61:wildfire:semiwild|69:heatwave:reserve|81:flood:origin,0.01424000000000001,0.0743975113465897,0.0,0.0,6.670810307193446e-05,0.0008498963614849312,0.0,44136fa355b3678a
S2,rule,False,200063,0.25,0.125,2,1,50,0,1,0.3333333333333333,1.0,19.0,74.6198329925078,0.48457424965998114,3.894080996884735,0.0,1.0,0,0,0,11298.87009052048,11298.870090520482,11298.87009052048,1.5,0.12121860966121988,0.11627314020386564,0.00021285030561642257,52.75,21.100000000000012,0.04480234634448155,2,12:flood:reserve|44:heatwave:origin|47:flood:reserve|48:funding_collapse|53:flood:alternative|61:wildfire:semiwild|69:heatwave:reserve|81:flood:origin,0.004624843028064777,0.0902731950483206,0.03825680058475921,0.01171513129657386,3.405604889862761e-05,0.0007114635157660768,0.00013728389180498411,44136fa355b3678a
S3,rule,False,200063,0.625,0.375,5,3,430,0,1,0.3333333333333333,1.0,17.0,192.88136488108483,0.5780398177297283,4.455224589328222,0.0011630385652987966,0.9988369614347012,33,168,33,11194.436492524184,11194.436492524184,3731.478830841395,1.5,0.24445252787891888,0.2541193365739297,0.0002629134246621175,50.25,20.100000000000005,0.08185918946377779,2,12:flood:reserve|44:heatwave:origin|47:flood:reserve|48:funding_collapse|53:flood:alternative|61:wildfire:semiwild|69:heatwave:reserve|81:flood:origin,0.006960532223455006,0.07611758123031792,0.07623837652891291,0.007742883179374363,4.206614794593881e-05,0.0006922182305011156,9.005664961289883e-05,44136fa355b3678a
S4,state_dependent_rule,False,200063,0.25,0.25,2,2,328,0,1,0.3333333333333333,1.0,16.0,141.13415655068465,0.6031700767547765,3.755689627895886,0.0007438080701970655,0.999256191929803,86,0,0,11180.635146633243,11180.635146633243,5590.317573316622,1.5,0.20160316612046694,0.1867877014120517,0.0006382313567127864,159.25,63.69999999999994,0.08285244260523075,2,12:flood:reserve|44:heatwave:origin|47:flood:reserve|48:funding_collapse|53:flood:alternative|61:wildfire:semiwild|69:heatwave:reserve|81:flood:origin,0.0071958432814380625,0.07861591736205992,0.05123446892722372,0.006788659763982447,0.00010211701707404582,0.0005922855555115513,0.00039634920104865466,44136fa355b3678a
S5,greedy_expected_utility,False,200063,0.375,0.25,3,2,317,0,1,0.3333333333333333,1.0,32.0,148.01449744303477,0.6026606847393253,2.6707059437442804,0.0014596572924321207,0.9985403427075679,133,0,0,11200.987706184947,11200.987706184947,5600.493853092474,1.5,0.1902601529176464,0.17716015594280132,0.00039274247638756754,203.5,81.4,0.09463540606796941,2,12:flood:reserve|44:heatwave:origin|47:flood:reserve|48:funding_collapse|53:flood:alternative|61:wildfire:semiwild|69:heatwave:reserve|81:flood:origin,0.006969082353734897,0.07956808049392623,0.04643681268961991,0.0065265891691161215,6.28387962220108e-05,0.0005977759811244816,0.0004633150736766645,44136fa355b3678a
S6,rule,False,200063,0.625,0.25,5,2,7,7,1,0.3333333333333333,1.0,27.0,338.56645478491765,0.7435835737681511,2.0,0.0,1.0,0,0,0,11210.350316276923,11210.350316276927,5605.1751581384615,1.5,0.7314516183297425,0.21319387376697962,0.00041719717074984613,0.0,0.0,0.0377435596700269,2,12:flood:reserve|44:heatwave:origin|47:flood:reserve|48:funding_collapse|53:flood:alternative|61:wildfire:semiwild|69:heatwave:reserve|81:flood:origin,0.01600000000000001,0.06948075232603164,0.0,0.0,6.675154731997538e-05,0.0008689223584973357,0.0,44136fa355b3678a
S7,forward_rollout_proxy,False,200063,0.375,0.25,3,2,237,3,1,0.3333333333333333,1.0,16.0,143.15905605982934,0.6458936364817428,2.679188187565294,0.005237162833630814,0.9947628371663692,70,0,0,11154.807916381327,11154.807916381327,5577.403958190664,1.5,0.3017198897749637,0.18992495680008528,0.0010185477203828565,80.75,32.30000000000003,0.10230542973467979,2,12:flood:reserve|44:heatwave:origin|47:flood:reserve|48:funding_collapse|53:flood:alternative|61:wildfire:semiwild|69:heatwave:reserve|81:flood:origin,0.009108828507993183,0.0766270525083469,0.023026062478304014,0.0069567646278509,0.00016296763526125704,0.0007436387361188155,0.00035981802956528856,44136fa355b3678a
S0,none,False,200064,0.0,0.0,0,0,0,0,3,1.0,1.0,32.333333333333336,62.088524888889545,0.33606317931483537,0.0,,,0,0,0,0.0,0.0,0.0,1.196177579071039,0.05722400000000002,0.0057224000000000025,8.101656322303426e-05,0.0,0.0,0.0,0,3:flood:reserve|27:wildfire:alternative|57:flood:alternative|77:flood:origin|97:wildfire:reserve,0.007520000000000006,0.046080216153584104,0.0,0.0,1.2962650115685482e-05,0.00042364188146482793,0.0,44136fa355b3678a
S1,rule,False,200064,0.625,0.5,5,4,32,32,0,0.0,0.0,,379.70090170767537,0.7474150810974974,2.173605805958747,0.0040999999999999995,0.9959,0,0,0,11145.17299924566,11145.172999245662,2786.293249811415,1.5,0.6839099471281408,0.3354856067761779,0.00020023049108662316,0.0,0.0,0.1017927700188818,3,3:flood:reserve|27:wildfire:alternative|45:funding_collapse|57:flood:alternative|77:flood:origin|97:wildfire:reserve,0.01600000000000001,0.06556471105253199,0.0,0.0,3.203687857385971e-05,0.0009881709713967135,0.0,44136fa355b3678a
S2,rule,False,200064,0.375,0.25,3,2,29,0,1,0.3333333333333333,1.0,33.0,85.4559938639456,0.47770821632741023,2.750968575118381,0.00789388597243124,0.9921061140275688,0,0,0,11271.403868250487,11271.403868250487,5635.7019341252435,1.5,0.07329879999999996,0.16096210315486234,0.00026329185137930627,58.0,23.20000000000001,0.06811268701839271,2,3:flood:reserve|27:wildfire:alternative|45:funding_collapse|57:flood:alternative|77:flood:origin|97:wildfire:reserve,0.0047382922048559185,0.0936827313349377,0.044931635600165165,0.010926250453320279,4.212669622068901e-05,0.0007839716162524329,0.00013002494491712693,44136fa355b3678a
S3,rule,False,200064,0.625,0.375,5,3,312,0,0,0.0,0.0,,196.38553512720085,0.594444115358594,3.1764946403924355,0.001475056132852131,0.9985249438671479,58,225,58,11173.749776811,11173.749776811,3724.583258937,1.5,0.23570887582887803,0.24174107319480753,0.0004094964423606119,70.75,28.299999999999997,0.08827619603997675,3,3:flood:reserve|27:wildfire:alternative|45:funding_collapse|57:flood:alternative|77:flood:origin|97:wildfire:reserve,0.007194236924485112,0.07775391188115491,0.0611407648429175,0.006089649130562719,6.55194307776979e-05,0.0006341228288422714,0.00010771786323630062,44136fa355b3678a
S4,state_dependent_rule,False,200064,0.5,0.25,4,2,240,0,0,0.0,0.0,,167.6252615023053,0.6174019061693596,3.0482290665530702,0.0022286785493539412,0.9977713214506461,92,0,0,11095.049531744356,11095.049531744356,5547.524765872178,1.5,0.15318019096607938,0.17707706979502183,0.0009187781920495651,155.0,61.99999999999996,0.09388380016441596,3,3:flood:reserve|27:wildfire:alternative|45:funding_collapse|57:flood:alternative|77:flood:origin|97:wildfire:reserve,0.007940263227953017,0.07801786563246177,0.043019014490845935,0.006537686290144739,0.0001470045107279304,0.0007507665258300207,0.0003693997980239161,44136fa355b3678a
S5,greedy_expected_utility,False,200064,0.5,0.125,4,1,141,0,1,0.3333333333333333,1.0,22.0,141.29179049014547,0.618147121243163,1.9974881945142169,0.0,1.0,75,0,0,11118.660186839097,11118.660186839097,11118.660186839097,1.5,0.1271187278121669,0.11296972309009487,0.0005445018847500051,169.25,67.69999999999999,0.1201648418186801,2,3:flood:reserve|27:wildfire:alternative|45:funding_collapse|57:flood:alternative|77:flood:origin|97:wildfire:reserve,0.007278236805477496,0.07903928973270584,0.033542872998937,0.008147308693891651,8.712030156000084e-05,0.0008228402764468167,0.0004741585824943815,44136fa355b3678a
S6,rule,False,200064,0.75,0.5,6,4,327,327,0,0.0,0.0,,531.9538215413056,0.7707890118336246,5.177377397762871,0.0,1.0,0,0,0,11164.338700807228,11164.338700807228,2791.084675201807,1.5,0.8284631352815649,0.3683057739807054,7.951430252752142e-05,0.0,0.0,0.043428432374601325,3,3:flood:reserve|27:wildfire:alternative|45:funding_collapse|57:flood:alternative|77:flood:origin|97:wildfire:reserve,0.01600000000000001,0.04211256643194889,0.0,0.0,1.2722288404403428e-05,0.0010856994460222268,0.0,44136fa355b3678a
S7,forward_rollout_proxy,False,200064,0.625,0.25,5,2,90,0,0,0.0,0.0,,171.8367782642166,0.6921626840128009,1.9302997472011556,0.011489142696203183,0.9885108573037968,55,0,0,11090.396082775189,11090.39608277519,5545.1980413875945,1.5,0.32606751880458723,0.19069970718504753,0.00013086371186292508,50.75,20.299999999999997,0.1314497891628861,3,3:flood:reserve|27:wildfire:alternative|45:funding_collapse|57:flood:alternative|77:flood:origin|97:wildfire:reserve,0.011918834107507291,0.07646008803088529,0.005489806644850691,0.004312820807910397,2.0938193898068014e-05,0.0009169275457989541,0.00034182702082431244,44136fa355b3678a
S0,none,False,200065,0.25,0.0,2,0,0,0,3,1.0,1.0,31.666666666666668,60.3382022610566,0.4044229602746637,0.0,,,0,0,0,0.0,0.0,0.0,1.5,0.24796666666666647,0.024796666666666647,2.8089887640449436e-05,0.0,0.0,0.0,0,35:flood:semiwild|81:heatwave:semiwild,0.009120000000000007,0.05918361919380124,0.0,0.0,4.49438202247191e-06,0.0003689261495124534,0.0,44136fa355b3678a
S1,rule,False,200065,0.625,0.625,5,5,367,367,0,0.0,0.0,,398.47349588435446,0.7582900975300264,4.914508410536277,0.0008429223713647726,0.9991570776286353,0,0,0,11215.776759621622,11215.776759621622,2243.1553519243243,1.5,0.8747872997341793,0.4384249321893391,2.6246719160104988e-05,0.0,0.0,0.10275559055279178,3,35:flood:semiwild|36:funding_collapse|81:heatwave:semiwild,0.01600000000000001,0.05481763033601126,0.0,0.0,4.199475065616798e-06,0.0008880726588967463,0.0,44136fa355b3678a
S2,rule,False,200065,0.25,0.125,2,1,22,0,3,1.0,1.0,30.333333333333332,61.35912006977466,0.4962528158703279,2.2616822429906542,0.0,1.0,0,0,0,11343.522485039985,11343.522485039985,11343.522485039985,1.5,0.35686448252305086,0.12213832998874251,0.00020535972422271596,51.75,20.700000000000003,0.03792529653265436,0,35:flood:semiwild|36:funding_collapse|81:heatwave:semiwild,0.004659303945866755,0.08990705186529808,0.026373611961695805,0.01244660845299965,3.285755587563455e-05,0.000708655505059006,0.00014456629440084701,44136fa355b3678a
S3,rule,False,200065,0.625,0.5,5,4,356,0,1,0.3333333333333333,1.0,20.0,183.523698041511,0.6040609091524637,2.719115609026742,0.045501041653828546,0.9544989583461715,16,165,16,11228.232733595982,11228.232733595978,2807.0581833989954,1.5,0.6485362631065719,0.3337159792726604,0.00020245555428715625,45.25,18.100000000000005,0.08335598435867887,2,35:flood:semiwild|36:funding_collapse|81:heatwave:semiwild,0.008083885818977158,0.07673726313181316,0.05982358936709933,0.0064320344569670914,3.2392888685945e-05,0.0006629904390605153,9.444885484926691e-05,44136fa355b3678a
S4,state_dependent_rule,False,200065,0.5,0.375,4,3,690,477,0,0.0,0.0,,238.26782921280162,0.6271414951239805,4.949612500714647,0.0013952219743716236,0.9986047780256284,300,0,0,11217.010210517736,11217.010210517736,3739.003403505912,1.5,0.544095736224336,0.29341551465549487,0.00029783431179349,190.25,76.10000000000002,0.10379908012957406,3,35:flood:semiwild|36:funding_collapse|81:heatwave:semiwild,0.012026249546314493,0.07028432856912835,0.08233080825777941,0.007427530480808917,4.7653489886958384e-05,0.0006377879065877327,0.0002500159236545264,44136fa355b3678a
S5,greedy_expected_utility,False,200065,0.5,0.5,4,4,891,679,1,0.3333333333333333,1.0,22.0,287.2879115092456,0.5992285146349332,3.6500605225016343,0.0015351986268759051,0.9984648013731241,387,0,0,11234.30577858353,11234.30577858353,2808.5764446458825,1.5,0.5175900053526722,0.3407647552709125,0.0002913058292637247,208.75,83.49999999999997,0.1375257475531446,2,35:flood:semiwild|36:funding_collapse|81:heatwave:semiwild,0.011528587333763106,0.06953695372211124,0.09690833507038722,0.015331807873669714,4.6608932682195946e-05,0.0008448188776819739,0.00021818812111437823,44136fa355b3678a
S6,rule,False,200065,0.75,0.75,6,6,1057,1057,0,0.0,0.0,,669.3597468843177,0.7796336057696959,4.805151231008822,0.0,1.0,0,0,0,11225.664281047815,11225.664281047817,1870.9440468413025,1.5,0.9618319999999998,0.4909265382285891,2.688172043010753e-05,0.0,0.0,0.045959129592504755,3,35:flood:semiwild|36:funding_collapse|81:heatwave:semiwild,0.01600000000000001,0.03338120847574737,0.0,0.0,4.3010752688172045e-06,0.0009808846792876775,0.0,44136fa355b3678a
S7,forward_rollout_proxy,False,200065,0.75,0.625,6,5,1049,1049,0,0.0,0.0,,307.1946213737899,0.5898073003365326,4.438824718656735,5.7970005064456174e-05,0.9999420299949355,47,0,0,11209.386048977824,11209.386048977824,2241.877209795565,1.5,0.7400637736952013,0.43316421898100727,0.00013396893808729043,68.5,27.400000000000023,0.1675979721245987,3,35:flood:semiwild|36:funding_collapse|81:heatwave:semiwild,0.014054305205797469,0.04949734335365455,0.15731259311089993,0.006764693090038294,2.1435030093966467e-05,0.0006203705425254827,7.236540777040478e-05,44136fa355b3678a
S0,none,False,200066,0.125,0.0,1,0,0,0,3,1.0,1.0,27.666666666666668,72.44792546743943,0.37855998702405463,0.0,,,0,0,0,0.0,0.0,0.0,1.5,0.1913,0.01913,0.00013889400481579254,0.0,0.0,0.0,0,64:heatwave:origin|77:heatwave:reserve|82:heatwave:origin|98:wildfire:origin,0.008480000000000007,0.052419525141471704,0.0,0.0,2.2223040770526807e-05,0.0004182647937031142,0.0,44136fa355b3678a
S1,rule,False,200066,0.625,0.0,5,0,0,0,0,0.0,0.0,,333.35052455194244,0.7190128287820986,0.0,,,0,0,0,11217.774647268208,11217.774647268208,11217.774647268208,1.5,0.6622581898123787,0.08484247538182026,0.00011020373808857689,0.0,0.0,0.09308328200291191,3,21:funding_collapse|64:heatwave:origin|77:heatwave:reserve|82:heatwave:origin|98:wildfire:origin,0.015520000000000011,0.06953102093836581,0.0,0.0,1.7632598094172302e-05,0.0010185176814416469,0.0,44136fa355b3678a
S2,rule,False,200066,0.25,0.125,2,1,22,0,2,0.6666666666666666,1.0,45.0,76.06756650494373,0.49650110987225765,2.7816091954022992,0.0,1.0,0,0,0,11329.19197676213,11329.19197676213,11329.19197676213,1.5,0.2905490994559617,0.12091428601328774,0.0002772622658862504,57.25,22.90000000000001,0.03896642056834285,1,21:funding_collapse|64:heatwave:origin|77:heatwave:reserve|82:heatwave:origin|98:wildfire:origin,0.004876441054009186,0.08968303971553071,0.030778407559895603,0.012897541339439876,4.4361962541800074e-05,0.0007253084787391248,0.00011492852255839217,44136fa355b3678a
S3,rule,False,200066,0.5,0.375,4,3,436,0,1,0.3333333333333333,1.0,16.0,196.47417696872293,0.5968759942847055,3.735382243104501,0.001157000449818868,0.9988429995501811,45,251,45,11206.9106139501,11206.9106139501,3735.6368713167,1.5,0.5583410531077695,0.2774874285258424,0.0001717635436647595,74.0,29.599999999999994,0.07774750392010193,2,21:funding_collapse|64:heatwave:origin|77:heatwave:reserve|82:heatwave:origin|98:wildfire:origin,0.007852034326112424,0.07633011620599714,0.0646753982491435,0.006480091002332571,2.7482166986361518e-05,0.0007526425718972728,0.00012292366081038023,44136fa355b3678a
S4,state_dependent_rule,False,200066,0.625,0.5,5,4,399,311,0,0.0,0.0,,201.61544507285583,0.6233811292827245,3.1474077521499737,0.00014624079917696455,0.9998537592008231,241,0,0,11209.483552965072,11209.48355296507,2802.370888241268,1.5,0.47771922227732383,0.33014237231898125,0.0005652799985464641,155.0,61.99999999999996,0.1294818628487457,3,21:funding_collapse|64:heatwave:origin|77:heatwave:reserve|82:heatwave:origin|98:wildfire:origin,0.013300908900686472,0.07248950492518444,0.08648898534214972,0.013335764200080102,9.044479976743423e-05,0.0009660679764467745,0.0002423957489961309,44136fa355b3678a
S5,greedy_expected_utility,False,200066,0.5,0.5,4,4,674,398,0,0.0,0.0,,237.0996015086168,0.6065556100697379,3.066378763734313,0.00624048296983354,0.9937595170301664,401,0,0,11207.097322738253,11207.097322738253,2801.774330684563,1.5,0.45075919222476396,0.32860964866019804,0.0006918378620395079,207.75,83.09999999999998,0.13934970900189242,3,21:funding_collapse|64:heatwave:origin|77:heatwave:reserve|82:heatwave:origin|98:wildfire:origin,0.011445043038983123,0.07256402535573539,0.07633178208197874,0.022480011957461268,0.00011069405792632125,0.0012215442558939516,0.0002568005983087684,44136fa355b3678a
S6,rule,False,200066,0.875,0.625,7,5,52,52,0,0.0,0.0,,497.64781951994854,0.7596725061506769,2.516112852664577,0.01367398061651739,0.9863260193834826,0,0,0,11227.799062947799,11227.7990629478,2245.55981258956,1.5,0.7088707814993495,0.3877663276742664,0.00011013128062111029,0.0,0.0,0.05234060498842834,3,21:funding_collapse|64:heatwave:origin|77:heatwave:reserve|82:heatwave:origin|98:wildfire:origin,0.01600000000000001,0.05337322044337882,0.0,0.0,1.762100489937765e-05,0.0009366524010445604,0.0,44136fa355b3678a
S7,forward_rollout_proxy,False,200066,0.5,0.5,4,4,962,962,0,0.0,0.0,,313.95468899769196,0.6209612234082528,4.63126488925914,0.0006090536588052689,0.9993909463411947,69,0,0,11189.816779811808,11189.816779811808,2797.454194952952,1.5,0.6181119744628779,0.36185305427101144,0.0001468062148773261,73.5,29.40000000000003,0.1436460396606613,3,21:funding_collapse|64:heatwave:origin|77:heatwave:reserve|82:heatwave:origin|98:wildfire:origin,0.014454994421584717,0.05383843831687913,0.1128293693411854,0.015894875622900227,2.3488994380372175e-05,0.0010680612759734608,7.527036648104935e-05,44136fa355b3678a
S0,none,False,200067,0.125,0.0,1,0,0,0,3,1.0,1.0,32.666666666666664,67.66046595848161,0.3767572633052136,0.0,,,0,0,0,0.0,0.0,0.0,1.5,0.24796666666666647,0.024796666666666647,0.00010604532722179781,0.0,0.0,0.0,0,51:heatwave:origin|64:flood:origin,0.008480000000000007,0.054241206386309464,0.0,0.0,1.696725235548765e-05,0.00040456305612151464,0.0,44136fa355b3678a
S1,rule,False,200067,0.625,0.0,5,0,0,0,0,0.0,0.0,,232.14744470633272,0.6053289070672636,0.0,,,0,0,0,11247.348704248641,11247.348704248641,11247.348704248641,1.5,0.6781869026916866,0.08163654211552938,0.00010666182062317266,0.0,0.0,0.06908925923180363,3,51:heatwave:origin|64:flood:origin,0.013280000000000009,0.06952410401944087,0.0,0.0,1.7065891299707623e-05,0.0007499230219959589,0.0,44136fa355b3678a
S2,rule,False,200067,0.125,0.125,1,1,20,0,2,0.6666666666666666,1.0,34.0,70.36081391100721,0.4805086900826449,2.5974025974025974,0.0,1.0,0,0,0,11343.561204505497,11343.561204505499,11343.561204505497,1.5,0.3568648542299197,0.12649296786284522,0.0001345919961237849,52.25,20.900000000000013,0.042912282329136395,1,51:heatwave:origin|64:flood:origin,0.004600820680887693,0.08958205637039328,0.040596500840419304,0.012739276052444707,2.1534719379805583e-05,0.0007327759895192757,0.0001413224570972184,44136fa355b3678a
S3,rule,False,200067,0.375,0.25,3,2,183,0,1,0.3333333333333333,1.0,16.0,145.82134526318757,0.6208068084803755,3.12439779892295,0.0036251091149067335,0.9963748908850932,30,118,30,11235.285271831555,11235.285271831555,5617.642635915778,1.5,0.6254722518002084,0.21763567026526853,7.94476162177841e-05,37.0,14.8,0.05672233548009091,2,51:heatwave:origin|64:flood:origin,0.007266387650175691,0.07564276691247691,0.038800394505513786,0.005967726115760387,1.2711618594845456e-05,0.0005396734735243011,8.722616948288925e-05,44136fa355b3678a
S4,state_dependent_rule,False,200067,0.5,0.375,4,3,611,418,1,0.3333333333333333,1.0,18.0,242.4046528953171,0.6271756346710181,3.7977460441794846,0.0007722772505477214,0.9992277227494523,334,0,0,11225.125198257876,11225.125198257876,3741.708399419292,1.5,0.5443099719006755,0.2806951370778049,0.00017566579556176895,158.5,63.39999999999994,0.09768339722971243,2,51:heatwave:origin|64:flood:origin,0.011564571276256659,0.07058732058298278,0.06639141846589663,0.017307277443507373,2.8106527289883036e-05,0.0010197770631511212,0.00019998021402023555,44136fa355b3678a
S5,greedy_expected_utility,False,200067,0.625,0.25,5,2,419,403,1,0.3333333333333333,1.0,14.0,207.22630333417197,0.6692666306248195,3.9014296608573105,0.0010442180527873044,0.9989557819472127,337,0,0,11245.176025605642,11245.176025605642,5622.588012802821,1.5,0.5178508912812029,0.2238405587433437,0.0001707546055063965,176.0,70.4,0.10270586503325135,2,51:heatwave:origin|64:flood:origin,0.013287502236216782,0.07071156227597247,0.04467907562105741,0.006812933152132069,2.732073688102344e-05,0.000611231168915254,0.00028899335518756364,44136fa355b3678a
S6,rule,False,200067,0.75,0.0,6,0,0,0,1,0.3333333333333333,1.0,18.0,348.65009661179573,0.6411357371020828,0.0,,,0,0,0,11257.357186533314,11257.357186533316,11257.357186533314,1.5,0.7663245686620409,0.08283748619689728,7.8677184300108e-05,0.0,0.0,0.031025146653465896,2,51:heatwave:origin|64:flood:origin,0.01376000000000001,0.058100530131368885,0.0,0.0,1.258834948801728e-05,0.0007911444170601722,0.0,44136fa355b3678a
S7,forward_rollout_proxy,False,200067,0.5,0.375,4,3,777,777,0,0.0,0.0,,299.312256978041,0.6586813598040581,5.238271379221644,0.0,1.0,17,0,0,11214.436899620483,11214.436899620483,3738.145633206828,1.5,0.6699999999999999,0.31304032866294035,0.00010704332125421511,39.75,15.899999999999993,0.12453807435361951,3,51:heatwave:origin|64:flood:origin,0.01458250712699618,0.04937954909731464,0.09110668428922754,0.004583514648463544,1.7126931400674416e-05,0.0005529065117153827,6.004415342985766e-05,44136fa355b3678a
S0,none,False,200068,0.0,0.0,0,0,0,0,3,1.0,1.0,25.0,72.83461271787644,0.34466753967601976,0.0,,,0,0,0,0.0,0.0,0.0,1.5,0.1913,0.01913,0.00012840923920135716,0.0,0.0,0.0,0,59:flood:reserve|86:flood:reserve,0.007680000000000005,0.04558270196457688,0.0,0.0,2.054547827221715e-05,0.0004492128811311244,0.0,44136fa355b3678a
S1,rule,False,200068,0.875,0.625,7,5,400,400,0,0.0,0.0,,460.70478683309534,0.7574490736792013,4.392664433466677,0.015126056199999998,0.9848739438,0,0,0,11214.30870424864,11214.308704248642,2242.861740849728,1.5,0.7828529955685638,0.42643664560672606,0.0001274968686136199,0.0,0.0,0.11487350857601475,3,59:flood:reserve|64:funding_collapse|86:flood:reserve,0.01600000000000001,0.05555946140324102,0.0,0.0,2.0399498978179182e-05,0.0009710654185793637,0.0,44136fa355b3678a
S2,rule,False,200068,0.375,0.125,3,1,63,0,2,0.6666666666666666,1.0,20.0,75.26266696482067,0.4857646277601833,3.534283170080143,5.083507422517495e-05,0.9999491649257748,0,0,0,11319.428537188278,11319.42853718828,11319.428537188278,1.5,0.2380869712870447,0.1265520258065185,0.00022425280083373654,53.5,21.400000000000006,0.055752484885063014,1,59:flood:reserve|64:funding_collapse|86:flood:reserve,0.004661733084973342,0.09078911896454432,0.03662315972913528,0.012235201162934844,3.5880448133397844e-05,0.0008091863461321305,0.00013154437390941326,44136fa355b3678a
S3,rule,False,200068,0.5,0.375,4,3,396,0,2,0.6666666666666666,1.0,17.0,208.4117435374245,0.5980657494645807,3.9685265641846486,0.0017203450206439276,0.9982796549793561,45,188,45,11183.240094108172,11183.240094108169,3727.7466980360573,1.5,0.45336152907141125,0.27000108538585255,0.00017099272182961175,58.25,23.300000000000008,0.08114833418432464,1,59:flood:reserve|64:funding_collapse|86:flood:reserve,0.00817680918072193,0.07734079072560195,0.06601451583165101,0.006608218828684866,2.7358835492737885e-05,0.0008098330389077044,9.974156461790333e-05,44136fa355b3678a
S4,state_dependent_rule,False,200068,0.625,0.375,5,3,301,116,2,0.6666666666666666,1.0,14.5,198.89322176523612,0.6206259986045668,2.844645911202876,0.004691892243787388,0.9953081077562126,231,0,0,11209.48331434096,11209.48331434096,3736.4944381136534,1.5,0.3509899211602938,0.25779551811656565,0.000558418584138127,169.25,67.69999999999996,0.1275003344425375,1,59:flood:reserve|64:funding_collapse|86:flood:reserve,0.01058258012395209,0.07790824289373928,0.06401400832587041,0.010548296226044673,8.934697346210031e-05,0.0008522732950861831,0.0003027982697489748,44136fa355b3678a
S5,greedy_expected_utility,False,200068,0.625,0.5,5,4,613,360,1,0.3333333333333333,1.0,17.0,229.8126171874061,0.6186618985728773,3.397503833716922,0.028655445466179347,0.9713445545338206,340,0,0,11223.101968338497,11223.101968338497,2805.775492084624,1.5,0.3244140089018168,0.3210075093543891,0.0003905697523199929,209.75,83.89999999999999,0.14795535063519116,2,59:flood:reserve|64:funding_collapse|86:flood:reserve,0.010875493576386095,0.0766418774799214,0.05977020066503018,0.014605265204036067,6.249116037119886e-05,0.0009705678646322231,0.0002834716210349966,44136fa355b3678a
S6,rule,False,200068,0.625,0.625,5,5,947,947,1,0.3333333333333333,1.0,14.0,657.7768723733311,0.7800359711081127,6.204861511841434,0.0,1.0,0,0,0,11224.317186533313,11224.317186533317,2244.8634373066625,1.5,0.9026276414728024,0.44215075564375256,0.00012703901866109878,0.0,0.0,0.04294688189028983,2,59:flood:reserve|64:funding_collapse|86:flood:reserve,0.01600000000000001,0.03288328151700522,0.0,0.0,2.032624298577581e-05,0.001060421131896357,0.0,44136fa355b3678a
S7,forward_rollout_proxy,False,200068,0.625,0.625,5,5,655,591,1,0.3333333333333333,1.0,28.0,313.68010382014006,0.6635868627582817,3.166767173483182,0.0027767305679723517,0.9972232694320277,217,0,0,11198.45064914585,11198.450649145852,2239.69012982917,1.5,0.5614233033191605,0.4025949653976405,0.00017268674271787163,98.25,39.30000000000005,0.1676748166544631,2,59:flood:reserve|64:funding_collapse|86:flood:reserve,0.014557907861626194,0.06124658597662281,0.0621806651575045,0.01297278926360899,2.7629878834859462e-05,0.0009940053461718298,9.76433713902348e-05,44136fa355b3678a
S0,none,False,200069,0.125,0.0,1,0,0,0,3,1.0,1.0,31.333333333333332,72.13496216832246,0.41100998728902594,0.0,,,0,0,0,0.0,0.0,0.0,1.5,0.1913,0.01913,0.0002767210092697634,0.0,0.0,0.0,0,12:flood:semiwild|18:wildfire:semiwild|30:flood:semiwild|78:flood:reserve,0.009280000000000007,0.06062579906370335,0.0,0.0,4.4275361483162155e-05,0.00043993828578752116,0.0,44136fa355b3678a
S1,rule,False,200069,0.625,0.5,5,4,317,317,1,0.3333333333333333,1.0,49.0,423.5850525972852,0.7572750057999487,4.547948658882053,0.0,1.0,0,0,0,11087.468352301628,11087.468352301628,2771.867088075407,1.5,0.830363324608394,0.374341592536089,0.00024396040192197724,0.0,0.0,0.1041288674321453,2,12:flood:semiwild|18:wildfire:semiwild|19:funding_collapse|30:flood:semiwild|35:funding_collapse|63:funding_collapse|65:funding_collapse|78:flood:reserve|95:funding_collapse,0.01600000000000001,0.0557137932453814,0.0,0.0,3.903366430751636e-05,0.0009721672903623726,0.0,44136fa355b3678a
S2,rule,False,200069,0.375,0.25,3,2,44,0,2,0.6666666666666666,1.0,26.0,87.99047968879125,0.48477802764096395,2.0800264375413087,0.0020621450891241755,0.9979378549108758,0,0,0,11149.318110767044,11149.318110767046,5574.659055383522,1.5,0.2600509095124709,0.1719501718518648,0.00015584415584415584,54.75,21.900000000000006,0.06322408262602316,1,12:flood:semiwild|18:wildfire:semiwild|19:funding_collapse|30:flood:semiwild|35:funding_collapse|63:funding_collapse|65:funding_collapse|78:flood:reserve|95:funding_collapse,0.005146700972979996,0.09140336010924209,0.046723972337499885,0.011035049243801758,2.4935064935064935e-05,0.000690702038673215,0.0001308245608908647,44136fa355b3678a
S3,rule,False,200069,0.375,0.375,3,3,383,0,1,0.3333333333333333,1.0,23.0,191.04798742264512,0.5870570652470005,4.299921145656,0.00020255055235074795,0.9997974494476493,21,186,21,11060.913468033717,11060.913468033716,3686.971156011239,1.5,0.5451541611046743,0.2810303324385678,0.0002950237211692212,51.75,20.700000000000003,0.07382852435770171,2,12:flood:semiwild|18:wildfire:semiwild|19:funding_collapse|30:flood:semiwild|35:funding_collapse|63:funding_collapse|65:funding_collapse|78:flood:reserve|95:funding_collapse,0.007501339365931817,0.07564092498098081,0.07289834499998359,0.006466813605531956,4.72037953870754e-05,0.0005387522042469144,9.089736284662409e-05,44136fa355b3678a
S4,state_dependent_rule,False,200069,0.5,0.5,4,4,303,194,1,0.3333333333333333,1.0,27.0,212.84256015128022,0.6179597864237792,3.1750748480792805,0.00586289847608262,0.9941371015239174,212,0,0,11061.94636877649,11061.94636877649,2765.4865921941223,1.5,0.44505283978480703,0.3259473290101726,0.00034604828125738685,144.25,57.699999999999946,0.12345648275449551,2,12:flood:semiwild|18:wildfire:semiwild|19:funding_collapse|30:flood:semiwild|35:funding_collapse|63:funding_collapse|65:funding_collapse|78:flood:reserve|95:funding_collapse,0.013040382531019974,0.0741127616816051,0.08584888673378835,0.015285426153904493,5.5367725001181906e-05,0.0009895601053246646,0.00021406586858038282,44136fa355b3678a
S5,greedy_expected_utility,False,200069,0.5,0.375,4,3,430,253,1,0.3333333333333333,1.0,26.0,203.10164872366389,0.6364110275927071,2.900466361217654,0.0027824287042130676,0.9972175712957869,291,0,0,11057.369000071809,11057.369000071809,3685.789666690603,1.5,0.41839431165083146,0.2662474424659589,0.0003381641097321271,172.25,68.9,0.13326673844349604,2,12:flood:semiwild|18:wildfire:semiwild|19:funding_collapse|30:flood:semiwild|35:funding_collapse|63:funding_collapse|65:funding_collapse|78:flood:reserve|95:funding_collapse,0.01223594446840598,0.07394050391616881,0.056478205696906515,0.015127276780090581,5.4106257557140356e-05,0.0010348914681242087,0.0002626111699167119,44136fa355b3678a
S6,rule,False,200069,0.75,0.75,6,6,939,939,1,0.3333333333333333,1.0,36.0,678.7795732741271,0.7789415817842081,5.642239087461523,0.0,1.0,0,0,0,11097.372617230154,11097.372617230154,1849.5621028716923,1.5,0.9410655330987643,0.49772255446389474,0.00024003097173828884,0.0,0.0,0.048468051397015474,2,12:flood:semiwild|18:wildfire:semiwild|19:funding_collapse|30:flood:semiwild|35:funding_collapse|63:funding_collapse|65:funding_collapse|78:flood:reserve|95:funding_collapse,0.01600000000000001,0.03405270756496989,0.0,0.0,3.840495547812621e-05,0.0009673056953440782,0.0,44136fa355b3678a
S7,forward_rollout_proxy,False,200069,0.375,0.375,3,3,685,685,1,0.3333333333333333,1.0,23.0,302.2848920844987,0.6698467002308301,4.4863811097188915,0.0004609512212296435,0.9995390487787703,86,0,0,11057.317894801552,11057.317894801552,3685.7726316005173,1.5,0.6530419844239446,0.30362533269437064,0.00035999608862767975,76.5,30.600000000000026,0.12353661577393629,2,12:flood:semiwild|18:wildfire:semiwild|19:funding_collapse|30:flood:semiwild|35:funding_collapse|63:funding_collapse|65:funding_collapse|78:flood:reserve|95:funding_collapse,0.014645574599190074,0.05605603021076752,0.07322033924216631,0.004331800586142155,5.759937418042876e-05,0.0005128457469965038,8.183478988723077e-05,44136fa355b3678a
S0,none,False,200070,0.0,0.0,0,0,0,0,3,1.0,1.0,29.0,56.933632344010654,0.31140798282396664,0.0,,,0,0,0,0.0,0.0,0.0,1.3368232383653902,0.11372666666666653,0.011372666666666654,0.00022715464051438592,0.0,0.0,0.0,0,12:wildfire:alternative|32:heatwave:origin|74:heatwave:origin|80:flood:alternative|93:heatwave:semiwild,0.0070400000000000055,0.04633029606645279,0.0,0.0,3.6344742482301745e-05,0.0003853763670984038,0.0,44136fa355b3678a
S1,rule,False,200070,0.625,0.0,5,0,0,0,0,0.0,0.0,,200.46587920688944,0.6439517269611729,0.0,,,0,0,0,11116.835798164539,11116.835798164539,11116.835798164539,1.5,0.6329554718712606,0.07749604305583613,0.00042801028738736796,0.0,0.0,0.07100247934355033,3,12:wildfire:alternative|21:funding_collapse|32:heatwave:origin|40:funding_collapse|74:heatwave:origin|80:flood:alternative|93:heatwave:semiwild|99:funding_collapse,0.01424000000000001,0.07974066286676003,0.0,0.0,6.84816459819789e-05,0.0006991285260853378,0.0,44136fa355b3678a
S2,rule,False,200070,0.25,0.125,2,1,36,0,2,0.6666666666666666,1.0,21.0,73.87570037707461,0.4710758927259754,4.438356164383561,0.0,1.0,0,0,0,11239.914738749994,11239.914738749994,11239.914738749994,1.5,0.18478963523850042,0.12908918287105092,0.0003884835021902093,56.25,22.500000000000007,0.04988328851682641,1,12:wildfire:alternative|21:funding_collapse|32:heatwave:origin|40:funding_collapse|74:heatwave:origin|80:flood:alternative|93:heatwave:semiwild|99:funding_collapse,0.00431286646432607,0.08975208169402445,0.045469145130880746,0.01265152706317317,6.215736035043349e-05,0.0006989328611818074,0.00013387225002463717,44136fa355b3678a
S3,rule,False,200070,0.5,0.25,4,2,295,0,1,0.3333333333333333,1.0,23.0,163.89492851639707,0.5758986828785307,4.656129620687805,0.000640381004995737,0.9993596189950043,13,177,13,11114.587072755436,11114.587072755436,5557.293536377718,1.5,0.415621188155189,0.2140389778510271,0.0004185418200454962,47.5,19.000000000000004,0.06707781414315063,2,12:wildfire:alternative|21:funding_collapse|32:heatwave:origin|40:funding_collapse|74:heatwave:origin|80:flood:alternative|93:heatwave:semiwild|99:funding_collapse,0.006155993373588348,0.07778158329941286,0.06320028414183305,0.01159284933570149,6.69666912072794e-05,0.0009123713788844219,0.0001244466530404339,44136fa355b3678a
S4,state_dependent_rule,False,200070,0.625,0.625,5,5,466,347,0,0.0,0.0,,245.2858386103611,0.5782936333803732,2.654263397724528,0.0643678241615698,0.9356321758384302,243,0,0,11110.725869778913,11110.725869778911,2222.1451739557824,1.5,0.33549422547276997,0.37026781960854427,0.0004358813780108909,161.5,64.6,0.1446288154201101,3,12:wildfire:alternative|21:funding_collapse|32:heatwave:origin|40:funding_collapse|74:heatwave:origin|80:flood:alternative|93:heatwave:semiwild|99:funding_collapse,0.01227224231547175,0.06996145405163885,0.12452441965086367,0.019381263773269212,6.974102048174254e-05,0.0010867270046072096,0.00019540155817257605,44136fa355b3678a
S5,greedy_expected_utility,False,200070,0.75,0.375,6,3,304,218,0,0.0,0.0,,191.46228350153953,0.6068087933000246,3.3331274700587987,0.0005744152609819961,0.999425584739018,276,0,0,11128.814149381456,11128.814149381456,3709.6047164604856,1.5,0.30926260209576073,0.26078192806468675,0.0006668326844580706,198.5,79.39999999999999,0.13887196577261338,3,12:wildfire:alternative|21:funding_collapse|32:heatwave:origin|40:funding_collapse|74:heatwave:origin|80:flood:alternative|93:heatwave:semiwild|99:funding_collapse,0.01188268968488029,0.07441315149059222,0.08394851433074944,0.022157960870231856,0.00010669322951329132,0.0011084268122282517,0.0003182568563117516,44136fa355b3678a
S6,rule,False,200070,0.625,0.25,5,2,8,8,0,0.0,0.0,,310.75047245182844,0.7371398258245913,1.1621621621621623,0.05154285714285714,0.9484571428571429,0,0,0,11129.713566124099,11129.713566124099,5564.8567830620495,1.5,0.7704625371364532,0.20906665607361577,0.00024660678407272414,0.0,0.0,0.03949390369174409,3,12:wildfire:alternative|21:funding_collapse|32:heatwave:origin|40:funding_collapse|74:heatwave:origin|80:flood:alternative|93:heatwave:semiwild|99:funding_collapse,0.01600000000000001,0.07587540560163379,0.0,0.0,3.9457085451635864e-05,0.0009453114883234136,0.0,44136fa355b3678a
S7,forward_rollout_proxy,False,200070,0.75,0.625,6,5,916,916,1,0.3333333333333333,1.0,14.0,249.85086691233587,0.4929212619553129,3.748161338116686,0.0016658723418056555,0.9983341276581943,54,0,0,11106.066640896555,11106.066640896555,2221.2133281793112,1.5,0.496339100933485,0.4033459031663146,0.0004693924061492563,51.5,20.60000000000001,0.17490189845899617,2,12:wildfire:alternative|21:funding_collapse|32:heatwave:origin|40:funding_collapse|74:heatwave:origin|80:flood:alternative|93:heatwave:semiwild|99:funding_collapse,0.013412015218362529,0.04785158489375755,0.24399842647501957,0.017169866759543115,7.510278498388105e-05,0.0009084876189745433,6.509516820015686e-05,44136fa355b3678a
S0,none,False,200071,0.0,0.0,0,0,0,0,3,1.0,1.0,28.666666666666668,56.708388299219365,0.2973803190677421,0.0,,,0,0,0,0.0,0.0,0.0,1.2684835766740943,0.05722400000000002,0.0057224000000000025,0.00023847812178612402,0.0,0.0,0.0,0,22:flood:reserve|23:wildfire:origin|38:flood:alternative|57:heatwave:alternative|73:flood:semiwild|96:heatwave:semiwild,0.006720000000000005,0.04409404831636892,0.0,0.0,3.815649948577984e-05,0.00036747611640318976,0.0,44136fa355b3678a
S1,rule,False,200071,0.625,0.25,5,2,43,43,1,0.3333333333333333,1.0,40.0,204.62954332218192,0.7364095093297541,3.180488869489306,0.0,1.0,0,0,0,11229.121262872633,11229.121262872635,5614.560631436317,1.5,0.7742600503004932,0.2392524042301778,0.0003290381244684243,0.0,0.0,0.08760755252617711,2,22:flood:reserve|23:wildfire:origin|38:flood:alternative|57:heatwave:alternative|73:flood:semiwild|96:heatwave:semiwild,0.01600000000000001,0.0766378354809703,0.0,0.0,5.264609991494788e-05,0.0009000090893603637,0.0,44136fa355b3678a
S2,rule,False,200071,0.25,0.125,2,1,39,0,3,1.0,1.0,24.333333333333332,59.73342744556147,0.4735080322401171,1.7999999999999998,0.0,1.0,0,0,0,11377.419397860845,11377.419397860845,11377.419397860845,1.5,0.12922443985637871,0.09535121070746796,0.0004628030273338198,41.0,16.400000000000006,0.040893833609150484,0,22:flood:reserve|23:wildfire:origin|38:flood:alternative|57:heatwave:alternative|73:flood:semiwild|96:heatwave:semiwild,0.003579150987908946,0.09136167379944642,0.02954005977499763,0.013190931395305963,7.404848437341118e-05,0.0007562292885798949,0.00010386383464321235,44136fa355b3678a
S3,rule,False,200071,0.375,0.375,3,3,401,0,1,0.3333333333333333,1.0,32.0,167.81219835634397,0.54874846044767,3.1873943678642154,0.0023931864493689117,0.9976068135506311,8,176,8,11263.88175529016,11263.88175529016,3754.6272517633865,1.5,0.3665699689263456,0.25165611333388066,0.00041524695042265955,46.0,18.40000000000001,0.07187586381301969,2,22:flood:reserve|23:wildfire:origin|38:flood:alternative|57:heatwave:alternative|73:flood:semiwild|96:heatwave:semiwild,0.005307071188039744,0.07729878755555548,0.08845657563746746,0.009798217943766667,6.643951206762553e-05,0.00069970771445113,0.00010174871958511745,44136fa355b3678a
S4,state_dependent_rule,False,200071,0.375,0.25,3,2,266,8,1,0.3333333333333333,1.0,32.0,133.3124824079592,0.5919909924694842,2.632037931536417,0.007816838328217047,0.992183161671783,98,0,0,11221.340650056534,11221.340650056532,5610.670325028267,1.5,0.28434693511008885,0.18416890741485473,0.001388751493756212,151.0,60.39999999999996,0.08456917294240827,2,22:flood:reserve|23:wildfire:origin|38:flood:alternative|57:heatwave:alternative|73:flood:semiwild|96:heatwave:semiwild,0.006012274974284911,0.0760416251073343,0.04865774343430393,0.013137721678423751,0.00022220023900099392,0.00099115375876705,0.00042508005910923843,44136fa355b3678a
S5,greedy_expected_utility,False,200071,0.375,0.375,3,3,314,0,1,0.3333333333333333,1.0,25.0,147.67889011657422,0.5571363231831286,3.0624589938161013,0.0038616419817737156,0.9961383580182263,67,0,0,11236.072566493069,11236.072566493069,3745.3575221643564,1.5,0.25776928354442935,0.248563329672416,0.0010508096449716223,201.25,80.49999999999997,0.11705905689906013,2,22:flood:reserve|23:wildfire:origin|38:flood:alternative|57:heatwave:alternative|73:flood:semiwild|96:heatwave:semiwild,0.005349167147131926,0.07874448137473122,0.07742887193273966,0.008963138070950562,0.0001681295431954596,0.0007014372784213507,0.00043743996677234076,44136fa355b3678a
S6,rule,False,200071,0.5,0.5,4,4,532,532,1,0.3333333333333333,1.0,41.0,349.35400730066226,0.7595903529346021,4.861716860952953,0.0025846595171872644,0.9974153404828128,0,0,0,11244.321565781453,11244.321565781454,2811.080391445363,1.5,0.908998711155759,0.37189422164204794,0.00028834226071915484,0.0,0.0,0.03688590958471234,2,22:flood:reserve|23:wildfire:origin|38:flood:alternative|57:heatwave:alternative|73:flood:semiwild|96:heatwave:semiwild,0.01600000000000001,0.053278759712363996,0.0,0.0,4.613476171506478e-05,0.0010847525913187952,0.0,44136fa355b3678a
S7,forward_rollout_proxy,False,200071,0.375,0.125,3,1,208,178,1,0.3333333333333333,1.0,28.0,126.89946234590894,0.6869864922670536,2.960448884631176,0.0,1.0,87,0,0,11199.870338593088,11199.870338593088,11199.870338593088,1.5,0.4739257645518367,0.14957511323244949,0.0006688910237082732,60.0,24.00000000000002,0.0816402396547702,2,22:flood:reserve|23:wildfire:origin|38:flood:alternative|57:heatwave:alternative|73:flood:semiwild|96:heatwave:semiwild,0.013153383809092613,0.06720825745944575,0.03334457098506585,0.00985906170574541,0.00010702256379332372,0.0007562827127822061,0.0002468969866532925,44136fa355b3678a
S0,none,False,200072,0.0,0.0,0,0,0,0,3,1.0,1.0,25.333333333333332,42.526993146295005,0.23956045785026986,0.0,,,0,0,0,0.0,0.0,0.0,1.2020638144986904,0.06056317906456107,0.006056317906456107,2.8901734104046242e-05,0.0,0.0,0.0,0,13:wildfire:alternative|14:flood:origin|24:wildfire:reserve|49:heatwave:alternative|71:flood:semiwild,0.005440000000000004,0.036859175769881986,0.0,0.0,4.624277456647399e-06,0.0003357421023914623,0.0,44136fa355b3678a
S1,rule,False,200072,0.25,0.125,2,1,4,4,1,0.3333333333333333,1.0,19.0,107.60418142691546,0.7286060394313687,2.6666666666666665,0.0,1.0,0,0,0,11201.87587912836,11201.87587912836,11201.87587912836,1.5,0.8076006497033767,0.1749791213814147,2.8089887640449436e-05,0.0,0.0,0.056511948722051786,2,13:wildfire:alternative|14:flood:origin|24:wildfire:reserve|49:heatwave:alternative|71:flood:semiwild,0.01600000000000001,0.08468073050872897,0.0,0.0,4.49438202247191e-06,0.0007087356778799703,0.0,44136fa355b3678a
S2,rule,False,200072,0.25,0.0,2,0,0,0,3,1.0,1.0,25.333333333333332,48.98172601506551,0.3356788198480064,0.0,,,0,0,0,11378.460525455108,11378.46052545511,11378.460525455108,1.5,0.16979640010893057,0.02391244482140673,0.0001128638283116687,30.75,12.299999999999999,0.034664024052568354,0,13:wildfire:alternative|14:flood:origin|24:wildfire:reserve|49:heatwave:alternative|71:flood:semiwild,0.0034082709200950467,0.06538038421454391,0.021026687379911712,0.007288303438069064,1.8058212529866992e-05,0.0005189811901460972,7.967668494799855e-05,44136fa355b3678a
S3,rule,False,200072,0.25,0.25,2,2,104,0,1,0.3333333333333333,1.0,24.0,112.55091538195434,0.5648754929657954,3.8847941825736916,0.0014865366235096164,0.9985134633764904,6,111,6,11276.139290120422,11276.139290120422,5638.069645060211,1.5,0.4394414592126081,0.20674848639981913,2.73224043715847e-05,29.25,11.699999999999998,0.05728199326410702,2,13:wildfire:alternative|14:flood:origin|24:wildfire:reserve|49:heatwave:alternative|71:flood:semiwild,0.003913311770480105,0.07740549772159012,0.06414876907484884,0.00951078574131656,4.371584699453552e-06,0.0006151990288273445,8.38296480805531e-05,44136fa355b3678a
S4,state_dependent_rule,False,200072,0.25,0.125,2,1,30,0,1,0.3333333333333333,1.0,23.0,75.8189322309304,0.620125406057635,2.6627218934911236,0.02252866193464355,0.9774713380653565,120,0,0,11243.90378086356,11243.903780863558,11243.90378086356,1.5,0.35740223887936023,0.13259303557692254,0.0008565717436685177,120.0,48.00000000000001,0.06987796377037643,2,13:wildfire:alternative|14:flood:origin|24:wildfire:reserve|49:heatwave:alternative|71:flood:semiwild,0.006381116325671449,0.08568427457299617,0.014437970083208804,0.012887907808479598,0.00013705147898696287,0.0009818109611182736,0.0008746701061212027,44136fa355b3678a
S5,greedy_expected_utility,False,200072,0.5,0.375,4,3,268,0,1,0.3333333333333333,1.0,18.0,134.4548310898873,0.5496936354253258,3.1425401628525313,0.006532797451589282,0.9934672025484107,155,0,0,11267.508210432772,11267.50821043277,3755.8360701442575,1.5,0.3309833761149475,0.2591972130848274,0.00041222062877927955,199.0,79.59999999999998,0.12961736922403672,2,13:wildfire:alternative|14:flood:origin|24:wildfire:reserve|49:heatwave:alternative|71:flood:semiwild,0.005597179771272963,0.07889648870339387,0.08894912565528312,0.013961424734451918,6.595530060468473e-05,0.000822574799331582,0.00041724452759005687,44136fa355b3678a
S6,rule,False,200072,0.5,0.5,4,4,383,383,1,0.3333333333333333,1.0,18.0,325.81105717621676,0.7500686475456368,3.951309762958946,0.0,1.0,0,0,0,11218.119714715618,11218.11971471562,2804.5299286789045,1.5,0.8956380300525383,0.3610556755857453,2.8089887640449436e-05,0.0,0.0,0.03489387475450989,2,13:wildfire:alternative|14:flood:origin|24:wildfire:reserve|49:heatwave:alternative|71:flood:semiwild,0.01600000000000001,0.06289049235705159,0.0,0.0,4.49438202247191e-06,0.0010363657152892543,0.0,44136fa355b3678a
S7,forward_rollout_proxy,False,200072,0.5,0.375,4,3,445,433,0,0.0,0.0,,163.49327296133623,0.5988958256719353,2.422710513011726,0.10795927535090559,0.8920407246490945,144,0,0,11222.558442698739,11222.558442698739,3740.852814232913,1.5,0.535523106646723,0.27148275515414577,0.000243401296032875,81.75,32.70000000000002,0.12476669679678101,3,13:wildfire:alternative|14:flood:origin|24:wildfire:reserve|49:heatwave:alternative|71:flood:semiwild,0.012625654253812634,0.06676313066717075,0.10263190740437361,0.027836952983170175,3.894420736526e-05,0.001284761672196564,0.00020404308277677653,44136fa355b3678a
S0,none,False,200073,0.25,0.0,2,0,0,0,3,1.0,1.0,35.666666666666664,66.94999813318984,0.4494359650339592,0.0,,,0,0,0,0.0,0.0,0.0,1.5,0.24796666666666647,0.024796666666666647,0.00014634146341463414,0.0,0.0,0.0,0,80:heatwave:origin,0.010240000000000006,0.07110830972023863,0.0,0.0,2.3414634146341466e-05,0.00039231061165582456,0.0,44136fa355b3678a
S1,rule,False,200073,0.625,0.5,5,4,33,33,2,0.6666666666666666,1.0,22.5,393.70672137546666,0.7467762448915038,2.3911238825031926,0.004685714285714285,0.9953142857142857,0,0,0,11123.615766654333,11123.615766654333,2780.9039416635833,1.5,0.7906180878304561,0.347425006517752,0.00021191481315240034,0.0,0.0,0.09725979454837215,1,11:funding_collapse|25:funding_collapse|40:funding_collapse|53:funding_collapse|80:heatwave:origin,0.01600000000000001,0.06626183231894217,0.0,0.0,3.390637010438406e-05,0.0009280164194495155,0.0,44136fa355b3678a
S2,rule,False,200073,0.375,0.25,3,2,51,0,2,0.6666666666666666,1.0,20.0,87.25848930941083,0.4736835189058112,1.9350104821802931,0.06258967783575996,0.93741032216424,0,0,0,11215.620299248447,11215.620299248447,5607.810149624223,1.5,0.35563662153945197,0.17867477530612225,0.00015228874349179934,62.5,25.000000000000007,0.056305041651870516,1,11:funding_collapse|25:funding_collapse|40:funding_collapse|53:funding_collapse|80:heatwave:origin,0.004786445665159223,0.09201223436345726,0.05171876767724815,0.010355752311463278,2.4366198958687897e-05,0.0007055229832991846,0.00013734587367546832,44136fa355b3678a
S3,rule,False,200073,0.5,0.375,4,3,356,0,2,0.6666666666666666,1.0,21.5,189.3027776770199,0.5939492902958207,4.128064741969333,0.0022078715799725523,0.9977921284200274,33,207,33,11118.392921266477,11118.392921266477,3706.1309737554925,1.5,0.6215446688212215,0.28684946047306514,0.0002764687661269543,60.0,23.999999999999996,0.0733217308562482,1,11:funding_collapse|25:funding_collapse|40:funding_collapse|53:funding_collapse|80:heatwave:origin,0.007874741226415146,0.07512762121139244,0.06939589673749659,0.007217818711646756,4.4235002580312685e-05,0.0007294582675965609,0.00011653426911076908,44136fa355b3678a
S4,state_dependent_rule,False,200073,0.75,0.625,6,5,482,459,2,0.6666666666666666,1.0,16.0,244.53660930411598,0.5880585790416033,3.3777179320231454,0.03673680494879409,0.963263195051206,268,0,0,11117.06062227449,11117.06062227449,2223.412124454898,1.5,0.541457067094714,0.3984245925792681,0.00028761580965539944,166.25,66.49999999999997,0.14625853274782624,1,11:funding_collapse|25:funding_collapse|40:funding_collapse|53:funding_collapse|80:heatwave:origin,0.013188862792441807,0.07045081993856656,0.12491355517025012,0.0151372734751491,4.601852954486391e-05,0.0009070217700660472,0.00019059411599190904,44136fa355b3678a
S5,greedy_expected_utility,False,200073,0.625,0.5,5,4,600,444,1,0.3333333333333333,1.0,21.0,273.98693934118944,0.5937286810403066,3.9979442643885936,0.009054027576490686,0.9909459724235093,398,0,0,11125.621389116788,11125.621389116786,2781.405347279197,1.5,0.5149815800054705,0.3445799452133498,0.0003348981496300856,213.0,85.19999999999999,0.1405117228445841,2,11:funding_collapse|25:funding_collapse|40:funding_collapse|53:funding_collapse|80:heatwave:origin,0.011875566600751319,0.07186984096740628,0.10068565794955842,0.018446206148547157,5.3583703940813706e-05,0.0009866846219681146,0.00021606411508079686,44136fa355b3678a
S6,rule,False,200073,0.625,0.625,5,5,373,373,2,0.6666666666666666,1.0,24.0,585.152408291624,0.7694356752032203,5.137030168173294,0.0,1.0,0,0,0,11133.423001527977,11133.423001527979,2226.6846003055953,1.5,0.8777824259932047,0.428263116270552,0.00021528345504067298,0.0,0.0,0.039322859947493,1,11:funding_collapse|25:funding_collapse|40:funding_collapse|53:funding_collapse|80:heatwave:origin,0.01600000000000001,0.043538769106811516,0.0,0.0,3.4445352806507675e-05,0.0009911103371613352,0.0,44136fa355b3678a
S7,forward_rollout_proxy,False,200073,0.625,0.625,5,5,1101,1101,1,0.3333333333333333,1.0,18.0,324.6765971690797,0.5706048688964996,4.112058788838899,0.00023481335539788476,0.9997651866446021,47,0,0,11106.139011852265,11106.139011852265,2221.227802370453,1.5,0.6699999999999999,0.420972457542043,0.00019765841526448187,71.5,28.600000000000023,0.1580093482682698,2,11:funding_collapse|25:funding_collapse|40:funding_collapse|53:funding_collapse|80:heatwave:origin,0.014078974367567212,0.049306928650917084,0.17067578735987982,0.012666278066154293,3.16253464423171e-05,0.000984740168762529,6.642523420502327e-05,44136fa355b3678a
S0,none,False,200074,0.25,0.0,2,0,0,0,3,1.0,1.0,31.0,60.989028478216184,0.4044667534672866,0.0,,,0,0,0,0.0,0.0,0.0,1.3615932484754094,0.09545759670029719,0.00954575967002972,8.306734137796809e-05,0.0,0.0,0.0,0,16:wildfire:alternative|24:wildfire:reserve|25:flood:semiwild|81:heatwave:semiwild|82:flood:semiwild|91:heatwave:origin,0.009120000000000007,0.05905260551662761,0.0,0.0,1.3290774620474894e-05,0.00044735024146532365,0.0,44136fa355b3678a
S1,rule,False,200074,0.625,0.5,5,4,91,91,1,0.3333333333333333,1.0,32.0,391.86886931898664,0.7522879070994013,3.6019121352747336,0.0,1.0,0,0,0,11120.406110923443,11120.406110923443,2780.1015277308607,1.5,0.7863529179163736,0.36079499730684667,0.00013940431096818513,0.0,0.0,0.1057029208123097,2,16:wildfire:alternative|23:funding_collapse|24:wildfire:reserve|25:flood:semiwild|81:heatwave:semiwild|82:flood:semiwild|91:heatwave:origin|93:funding_collapse|96:funding_collapse,0.01600000000000001,0.06068650910227922,0.0,0.0,2.230468975490962e-05,0.0010032791085648877,0.0,44136fa355b3678a
S2,rule,False,200074,0.25,0.125,2,1,3,0,3,1.0,1.0,33.0,61.92521072805588,0.5113994695625305,1.0,0.043733333333333325,0.9562666666666667,0,0,0,11238.783226493377,11238.783226493377,11238.783226493377,1.5,0.19030610668766101,0.09254818670947307,8.181831717812421e-05,50.5,20.200000000000003,0.03633788020353481,0,16:wildfire:alternative|23:funding_collapse|24:wildfire:reserve|25:flood:semiwild|81:heatwave:semiwild|82:flood:semiwild|91:heatwave:origin|93:funding_collapse|96:funding_collapse,0.005084427882528492,0.08938608866710124,0.018714233055768047,0.012287250780594181,1.3090930748499872e-05,0.0007576970971303338,0.00014566415299224967,44136fa355b3678a
S3,rule,False,200074,0.375,0.375,3,3,365,0,2,0.6666666666666666,1.0,33.0,175.23685419365185,0.6059492813628785,3.8531423544054952,0.002309238918414461,0.9976907610815855,19,179,19,11086.067362157108,11086.067362157108,3695.3557873857026,1.5,0.454905651081804,0.26740535428912793,5.3619302949061666e-05,49.5,19.80000000000001,0.07316682818446295,1,16:wildfire:alternative|23:funding_collapse|24:wildfire:reserve|25:flood:semiwild|81:heatwave:semiwild|82:flood:semiwild|91:heatwave:origin|93:funding_collapse|96:funding_collapse,0.008117708995296615,0.07522193455404444,0.05891868975263752,0.00667409697870015,8.579088471849867e-06,0.0005985751720638316,0.00010040637777202616,44136fa355b3678a
S4,state_dependent_rule,False,200074,0.375,0.25,3,2,301,0,2,0.6666666666666666,1.0,22.5,158.18824091171211,0.6105161656259803,4.481649895174953,0.0037320548251457103,0.9962679451748543,108,0,0,11084.003233199237,11084.003233199237,5542.0016165996185,1.5,0.3750314730697853,0.21034244424392406,0.0006150881015621517,147.25,58.89999999999997,0.07761398992597997,1,16:wildfire:alternative|23:funding_collapse|24:wildfire:reserve|25:flood:semiwild|81:heatwave:semiwild|82:flood:semiwild|91:heatwave:origin|93:funding_collapse|96:funding_collapse,0.007868508807696309,0.07601461198388632,0.05112025466998257,0.008578226272286582,9.841409624994425e-05,0.0008440169503329736,0.0003305422907054765,44136fa355b3678a
S5,greedy_expected_utility,False,200074,0.5,0.125,4,1,187,0,2,0.6666666666666666,1.0,40.5,132.58768461434684,0.614556607462596,7.1438202247191,0.0,1.0,66,0,0,11104.049925091469,11104.049925091469,11104.049925091469,1.5,0.3489109859155198,0.17699236050395367,0.0004923449116291073,165.0,65.99999999999999,0.07206529832605355,1,16:wildfire:alternative|23:funding_collapse|24:wildfire:reserve|25:flood:semiwild|81:heatwave:semiwild|82:flood:semiwild|91:heatwave:origin|93:funding_collapse|96:funding_collapse,0.006739336416436362,0.0733575052036731,0.03556218172769446,0.010513543705838894,7.877518586065716e-05,0.0009101194384662768,0.00044061587744447975,44136fa355b3678a
S6,rule,False,200074,0.875,0.875,7,7,502,502,0,0.0,0.0,,681.5224103111909,0.7742327207724944,4.1840066167925425,1.684116550609165e-05,0.999983158834494,0,0,0,11135.600687669998,11135.600687669998,1590.800098238571,1.5,0.8737120243128361,0.5330760208929646,5.376344086021506e-05,0.0,0.0,0.05057376146877755,3,16:wildfire:alternative|23:funding_collapse|24:wildfire:reserve|25:flood:semiwild|81:heatwave:semiwild|82:flood:semiwild|91:heatwave:origin|93:funding_collapse|96:funding_collapse,0.01600000000000001,0.03883062777115048,0.0,0.0,8.602150537634409e-06,0.0009280493058172893,0.0,44136fa355b3678a
S7,forward_rollout_proxy,False,200074,0.5,0.25,4,2,313,313,1,0.3333333333333333,1.0,30.0,177.1748589097029,0.7072517321193541,2.3324886937083584,0.00573473558279744,0.9942652644172025,73,0,0,11072.107915968574,11072.107915968576,5536.053957984287,1.5,0.5474423201840045,0.21428178358272718,0.0007127279168705985,60.25,24.100000000000005,0.1185633231362157,2,16:wildfire:alternative|23:funding_collapse|24:wildfire:reserve|25:flood:semiwild|81:heatwave:semiwild|82:flood:semiwild|91:heatwave:origin|93:funding_collapse|96:funding_collapse,0.014708860698949578,0.07041470021725255,0.023392668096061473,0.005398331810085497,0.00011403646669929575,0.0008286144592220219,0.00018255304208516146,44136fa355b3678a
S0,none,False,200075,0.125,0.0,1,0,0,0,3,1.0,1.0,26.666666666666668,59.887610843369536,0.391189736123725,0.0,,,0,0,0,0.0,0.0,0.0,1.5,0.07372593604477184,0.007372593604477185,0.00013089857763100992,0.0,0.0,0.0,0,5:heatwave:semiwild|11:flood:semiwild|69:wildfire:alternative|92:wildfire:reserve|97:heatwave:reserve,0.008800000000000007,0.0560674101654762,0.0,0.0,2.0943772420961593e-05,0.00042190993837786574,0.0,44136fa355b3678a
S1,rule,False,200075,0.75,0.5,6,4,326,326,0,0.0,0.0,,399.19393736090285,0.757072647010677,4.692245248759398,0.0,1.0,0,0,0,11127.888230635323,11127.888230635323,2781.9720576588306,1.5,0.725426574701725,0.3646213020394148,0.00012949884494576066,0.0,0.0,0.1007809604082412,3,5:heatwave:semiwild|6:funding_collapse|11:flood:semiwild|23:funding_collapse|30:funding_collapse|32:funding_collapse|69:wildfire:alternative|92:wildfire:reserve|97:heatwave:reserve,0.01600000000000001,0.05597437852478113,0.0,0.0,2.0719815191321706e-05,0.0009322546493503892,0.0,44136fa355b3678a
S2,rule,False,200075,0.25,0.125,2,1,18,0,3,1.0,1.0,27.0,82.65975230903754,0.49505774920861334,2.314285714285714,0.0,1.0,0,0,0,11214.353514974484,11214.353514974486,11214.353514974484,1.5,0.12007859723999957,0.10030886292113184,0.000467698090984694,67.25,26.900000000000006,0.04454073027137374,0,5:heatwave:semiwild|6:funding_collapse|11:flood:semiwild|23:funding_collapse|30:funding_collapse|32:funding_collapse|69:wildfire:alternative|92:wildfire:reserve|97:heatwave:reserve,0.005052942197021976,0.09032854448280875,0.035597014721838835,0.011198168544739715,7.483169455755106e-05,0.0006432186259183882,0.0001538145991656242,44136fa355b3678a
S3,rule,False,200075,0.5,0.125,4,1,182,0,1,0.3333333333333333,1.0,28.0,150.1019606542928,0.6314893974814746,4.643117465657414,0.0,1.0,18,146,18,11135.580189366254,11135.580189366254,11135.580189366254,1.5,0.3618873379681535,0.15017913408566858,0.00027972012116595017,41.0,16.400000000000006,0.05654612816139533,2,5:heatwave:semiwild|6:funding_collapse|11:flood:semiwild|23:funding_collapse|30:funding_collapse|32:funding_collapse|69:wildfire:alternative|92:wildfire:reserve|97:heatwave:reserve,0.00805152553057319,0.07374615925791643,0.031091921859126494,0.009750068916550168,4.475521938655203e-05,0.0009327115775510309,9.881506112081805e-05,44136fa355b3678a
S4,state_dependent_rule,False,200075,0.5,0.5,4,4,256,36,0,0.0,0.0,,222.94114379673474,0.6170271301581683,2.745418194337068,0.0558887860317433,0.9441112139682567,245,0,0,11120.544003816442,11120.544003816442,2780.1360009541104,1.5,0.25956979145818143,0.302065796243476,0.00038186659623895656,169.5,67.79999999999997,0.11827317577143609,3,5:heatwave:semiwild|6:funding_collapse|11:flood:semiwild|23:funding_collapse|30:funding_collapse|32:funding_collapse|69:wildfire:alternative|92:wildfire:reserve|97:heatwave:reserve,0.011593555607498765,0.07350775109999395,0.08127072912538584,0.011724253261037059,6.109865539823303e-05,0.0008734405179849175,0.0002340215619256675,44136fa355b3678a
S5,greedy_expected_utility,False,200075,0.625,0.5,5,4,275,18,0,0.0,0.0,,230.65545567349892,0.6115003306388992,2.8408404264329135,0.0073857288651941865,0.9926142711348058,261,0,0,11130.305692368263,11130.305692368263,2782.576423092066,1.5,0.23311476637426506,0.30688670034113424,0.00029930044390642465,214.25,85.69999999999999,0.1508340971968931,3,5:heatwave:semiwild|6:funding_collapse|11:flood:semiwild|23:funding_collapse|30:funding_collapse|32:funding_collapse|69:wildfire:alternative|92:wildfire:reserve|97:heatwave:reserve,0.011380577615898496,0.07699728859675842,0.07794797287966587,0.014836422942666898,4.7888071025027933e-05,0.0009103593600699241,0.00027655172240988684,44136fa355b3678a
S6,rule,False,200075,1.0,0.875,8,7,1073,1073,0,0.0,0.0,,693.4311514490903,0.7776739749779031,4.54513095498521,0.00045954921508503394,0.9995404507849149,0,0,0,11137.631946186866,11137.631946186868,1591.0902780266952,1.5,0.8260244771170786,0.5328026905162392,0.00014995900771602402,0.0,0.0,0.05499466627339606,3,5:heatwave:semiwild|6:funding_collapse|11:flood:semiwild|23:funding_collapse|30:funding_collapse|32:funding_collapse|69:wildfire:alternative|92:wildfire:reserve|97:heatwave:reserve,0.01600000000000001,0.03536201390584527,0.0,0.0,2.3993441234563842e-05,0.0009400176750170897,0.0,44136fa355b3678a
S7,forward_rollout_proxy,False,200075,0.625,0.5,5,4,316,308,0,0.0,0.0,,268.46709468030474,0.6039033502701573,4.064027278658308,0.002145340760770217,0.9978546592392298,42,0,0,11095.497710364545,11095.497710364545,2773.8744275911363,1.5,0.4950359652708403,0.34699549424823956,0.00022025636784119086,67.75,27.100000000000012,0.15925812467286216,3,5:heatwave:semiwild|6:funding_collapse|11:flood:semiwild|23:funding_collapse|30:funding_collapse|32:funding_collapse|69:wildfire:alternative|92:wildfire:reserve|97:heatwave:reserve,0.014161923900419322,0.056492589765087954,0.1271337629011165,0.017066507982990742,3.524101885459055e-05,0.0011520387921848884,7.208218630539286e-05,44136fa355b3678a
S0,none,False,200076,0.125,0.0,1,0,0,0,3,1.0,1.0,33.666666666666664,72.83489442585352,0.45646778215985984,0.0,,,0,0,0,0.0,0.0,0.0,1.439286071939792,0.05548400000000001,0.005548400000000002,0.0001594149055590793,0.0,0.0,0.0,0,15:heatwave:reserve|47:wildfire:alternative|76:flood:semiwild|88:flood:alternative|95:flood:semiwild,0.010400000000000006,0.07212723826326556,0.0,0.0,2.5506384889452686e-05,0.0004794731919850751,0.0,44136fa355b3678a
S1,rule,False,200076,0.75,0.625,6,5,377,377,0,0.0,0.0,,438.3485761116421,0.7580703105759475,4.655507511975644,0.0007747241058955304,0.9992252758941045,0,0,0,11231.354902581494,11231.354902581494,2246.2709805162986,1.5,0.8505935354481498,0.43521405396871576,0.00010310405598363714,0.0,0.0,0.11174812652072175,3,15:heatwave:reserve|47:wildfire:alternative|76:flood:semiwild|88:flood:alternative|95:flood:semiwild,0.01600000000000001,0.0549919831702983,0.0,0.0,1.6496648957381942e-05,0.0009212096047972924,0.0,44136fa355b3678a
S2,rule,False,200076,0.25,0.125,2,1,33,0,2,0.6666666666666666,1.0,36.0,82.30357261042418,0.496812849374443,3.016620498614958,0.0,1.0,0,0,0,11310.017039808052,11310.017039808054,11310.017039808052,1.5,0.12938575381962178,0.10951064294987571,0.00030267692514243194,60.25,24.10000000000001,0.050779312908819804,1,15:heatwave:reserve|47:wildfire:alternative|76:flood:semiwild|88:flood:alternative|95:flood:semiwild,0.005219776006575112,0.09098695225242852,0.0338714263065746,0.011161667114649524,4.842830802278912e-05,0.0007604780531620099,0.00015865443703363556,44136fa355b3678a
S3,rule,False,200076,0.625,0.375,5,3,320,0,0,0.0,0.0,,182.06193262404668,0.6055234483297737,3.167098249998062,0.006589329705377155,0.9934106702946228,37,247,37,11213.133819717967,11213.133819717967,3737.711273239322,1.5,0.420618201417917,0.2599300573077643,7.582670385173951e-05,71.0,28.399999999999995,0.08723627332995985,3,15:heatwave:reserve|47:wildfire:alternative|76:flood:semiwild|88:flood:alternative|95:flood:semiwild,0.007869804659791615,0.07671320076158385,0.05594530941417108,0.007250118596152976,1.2132272616278324e-05,0.000762112750000854,0.00012600836187243628,44136fa355b3678a
S4,state_dependent_rule,False,200076,0.5,0.375,4,3,261,0,0,0.0,0.0,,165.67090029967144,0.6246921197177442,3.1901861609302458,0.018906212715756734,0.9810937872842432,145,0,0,11191.287499503705,11191.287499503705,3730.429166501235,1.5,0.31625958022436307,0.2533948608413439,0.00023400054367751896,163.0,65.19999999999995,0.10558520604802547,3,15:heatwave:reserve|47:wildfire:alternative|76:flood:semiwild|88:flood:alternative|95:flood:semiwild,0.00842800267886325,0.07875183929841342,0.041018965792542154,0.0062321119339244216,3.7440086988403027e-05,0.0007104665993041477,0.00037303272754426775,44136fa355b3678a
S5,greedy_expected_utility,False,200076,0.5,0.375,4,3,391,2,0,0.0,0.0,,184.32862831092575,0.5985136310614166,2.465486278673465,0.03359550205094152,0.9664044979490585,142,0,0,11194.276697466763,11194.276697466761,3731.425565822254,1.5,0.2894722309766664,0.2480949208981526,0.00010026709095904071,203.75,81.49999999999999,0.12871417506875646,3,15:heatwave:reserve|47:wildfire:alternative|76:flood:semiwild|88:flood:alternative|95:flood:semiwild,0.0076275932450420025,0.07910005833197706,0.05445356890554145,0.007708240506334655,1.6042734553446514e-05,0.0007477129943087352,0.0003676438660113689,44136fa355b3678a
S6,rule,False,200076,0.875,0.75,7,6,1076,1076,0,0.0,0.0,,708.2166155957268,0.7791210085326047,6.5366531975365385,0.0,1.0,0,0,0,11245.38492634387,11245.384926343871,1874.2308210573117,1.5,0.9474275236629612,0.5077744412358729,0.0001291836143074105,0.0,0.0,0.05082578447105657,3,15:heatwave:reserve|47:wildfire:alternative|76:flood:semiwild|88:flood:alternative|95:flood:semiwild,0.01600000000000001,0.033860694804955564,0.0,0.0,2.066937828918568e-05,0.0009976272841505146,0.0,44136fa355b3678a
S7,forward_rollout_proxy,False,200076,0.5,0.25,4,2,322,319,0,0.0,0.0,,202.00575140379524,0.7020597451648354,4.362802022682474,0.0,1.0,77,0,0,11194.371244611983,11194.371244611983,5597.185622305991,1.5,0.5607216453146858,0.2378101035857112,0.00015019387058750542,62.0,24.80000000000003,0.12804959413708927,3,15:heatwave:reserve|47:wildfire:alternative|76:flood:semiwild|88:flood:alternative|95:flood:semiwild,0.014694917283914633,0.06943551910117593,0.030543991959860267,0.004784432726683199,2.4031019294000866e-05,0.0007947878440943943,0.0001478294867201851,44136fa355b3678a
S0,none,False,200077,0.0,0.0,0,0,0,0,3,1.0,1.0,30.0,71.3510529546057,0.3317165628358264,0.0,,,0,0,0,0.0,0.0,0.0,1.2440829719714543,0.05722400000000002,0.0057224000000000025,0.00030697892264318566,0.0,0.0,0.0,0,4:heatwave:alternative|26:flood:alternative|37:wildfire:origin|45:heatwave:semiwild|51:flood:alternative|69:wildfire:reserve,0.007520000000000006,0.050412270906380535,0.0,0.0,4.9116627622909714e-05,0.0004020496301702317,0.0,44136fa355b3678a
S1,rule,False,200077,0.625,0.0,5,0,0,0,0,0.0,0.0,,178.7737128572654,0.6600834733068318,0.0,,,0,0,0,11115.308355347732,11115.308355347734,11115.308355347732,1.5,0.6160143813128666,0.07415201804770356,0.00026165870689191665,0.0,0.0,0.0627528995820845,3,4:heatwave:alternative|9:funding_collapse|26:flood:alternative|37:wildfire:origin|45:heatwave:semiwild|51:flood:alternative|69:wildfire:reserve|90:funding_collapse,0.01456000000000001,0.07999528667142863,0.0,0.0,4.186539310270666e-05,0.0006193746286368252,0.0,44136fa355b3678a
S2,rule,False,200077,0.375,0.125,3,1,62,0,1,0.3333333333333333,1.0,26.0,83.77248535096541,0.48903807089318513,1.9672466734902763,0.0007859762987882062,0.9992140237012118,0,0,0,11238.688874782929,11238.688874782929,11238.688874782929,1.5,0.12559417837027068,0.09941052401060935,0.0006850892355322362,60.75,24.299999999999994,0.05464319719339751,2,4:heatwave:alternative|9:funding_collapse|26:flood:alternative|37:wildfire:origin|45:heatwave:semiwild|51:flood:alternative|69:wildfire:reserve|90:funding_collapse,0.004896004984771443,0.0915500936766765,0.037800949908890706,0.011186945554278247,0.00010961427768515784,0.0006737373412309123,0.00011983763850419308,44136fa355b3678a
S3,rule,False,200077,0.375,0.25,3,2,241,0,0,0.0,0.0,,158.75660101114852,0.5843874120882203,3.979108519595606,0.0011457408391081704,0.9988542591608919,22,138,22,11149.254596108787,11149.254596108787,5574.627298054394,1.5,0.3363084704603389,0.1987020495122053,0.0005516582036164852,40.0,16.0,0.06390058635107669,3,4:heatwave:alternative|9:funding_collapse|26:flood:alternative|37:wildfire:origin|45:heatwave:semiwild|51:flood:alternative|69:wildfire:reserve|90:funding_collapse,0.005901935634027419,0.07484863359327125,0.061768580784124144,0.008908396067120851,8.826531257863764e-05,0.0006331964186445586,7.557205686223276e-05,44136fa355b3678a
S4,state_dependent_rule,False,200077,0.5,0.25,4,2,202,16,0,0.0,0.0,,161.21123187480518,0.63718736429049,3.5512819699661256,0.0017988556462151673,0.9982011443537848,115,0,0,11110.870920143036,11110.870920143036,5555.435460071518,1.5,0.27219771602094106,0.19479282630093328,0.00048360913033303546,139.25,55.69999999999999,0.09780117499588953,3,4:heatwave:alternative|9:funding_collapse|26:flood:alternative|37:wildfire:origin|45:heatwave:semiwild|51:flood:alternative|69:wildfire:reserve|90:funding_collapse,0.010994510575724006,0.07635947295400079,0.05708783186988321,0.008163425624540479,7.737746085328567e-05,0.0006015156979459706,0.00030933817300589833,44136fa355b3678a
S5,greedy_expected_utility,False,200077,0.5,0.375,4,3,357,21,0,0.0,0.0,,191.61550905890851,0.6140259706549422,2.8809725774834427,0.026361725482028284,0.9736382745179717,187,0,0,11115.946560126757,11115.946560126755,3705.315520042252,1.5,0.25114163417652263,0.24858787060750964,0.0005058109075833521,202.5,80.99999999999999,0.1295699070751147,3,4:heatwave:alternative|9:funding_collapse|26:flood:alternative|37:wildfire:origin|45:heatwave:semiwild|51:flood:alternative|69:wildfire:reserve|90:funding_collapse,0.009984068499472703,0.07762615881032772,0.06829399924713635,0.009245921398420948,8.092974521333634e-05,0.0006561452443980038,0.00033005031658732474,44136fa355b3678a
S6,rule,False,200077,0.75,0.5,6,4,237,237,0,0.0,0.0,,315.57765788568935,0.7423678437825846,3.258807045578652,0.0,1.0,0,0,0,11131.561064741023,11131.561064741025,2782.8902661852558,1.5,0.7496711083713334,0.3407285216614992,0.00018519673496214043,0.0,0.0,0.040866701842896654,3,4:heatwave:alternative|9:funding_collapse|26:flood:alternative|37:wildfire:origin|45:heatwave:semiwild|51:flood:alternative|69:wildfire:reserve|90:funding_collapse,0.01600000000000001,0.07069196833963566,0.0,0.0,2.9631477593942474e-05,0.0009105564001859746,0.0,44136fa355b3678a
S7,forward_rollout_proxy,False,200077,0.625,0.625,5,5,626,596,0,0.0,0.0,,239.51461087979507,0.5494094752397687,2.9843473525660302,0.00039031106961123454,0.9996096889303888,64,0,0,11097.580351953036,11097.580351953038,2219.516070390607,1.5,0.4091877316222501,0.38515612331843396,0.00034979161145367416,61.75,24.700000000000014,0.1657193831527432,3,4:heatwave:alternative|9:funding_collapse|26:flood:alternative|37:wildfire:origin|45:heatwave:semiwild|51:flood:alternative|69:wildfire:reserve|90:funding_collapse,0.013517003104765134,0.06003288587875542,0.17549872413502599,0.017204942601789147,5.596665783258786e-05,0.0009134704817047387,8.352647313010478e-05,44136fa355b3678a
S0,none,False,200078,0.0,0.0,0,0,0,0,3,1.0,1.0,15.333333333333334,29.70137842785109,0.19535259623866166,0.0,,,0,0,0,0.0,0.0,0.0,1.4101702480763043,0.24796666666666647,0.024796666666666647,7.575757575757576e-05,0.0,0.0,0.0,0,8:flood:origin|29:heatwave:origin|54:wildfire:origin|74:flood:semiwild,0.004480000000000003,0.03225044078476487,0.0,0.0,1.2121212121212122e-05,0.00030484176445226536,0.0,44136fa355b3678a
S1,rule,False,200078,0.0,0.0,0,0,0,0,2,0.6666666666666666,1.0,16.0,53.36754112866904,0.2753524848562981,0.0,,,0,0,0,11139.487395660783,11139.487395660784,11139.487395660783,1.5,0.6699999999999999,0.07205051865181442,0.00015084572208301676,0.0,0.0,0.02525259325907215,1,8:flood:origin|27:funding_collapse|29:heatwave:origin|30:funding_collapse|54:wildfire:origin|74:flood:semiwild,0.006240000000000004,0.041744804349084536,0.0,0.0,2.4135315533282677e-05,0.0003385754790840588,0.0,44136fa355b3678a
S2,rule,False,200078,0.25,0.125,2,1,23,0,2,0.6666666666666666,1.0,14.5,44.496873377975355,0.44770705537198824,2.9226519337016574,0.0,1.0,0,0,0,11371.038309284366,11371.038309284366,11371.038309284366,1.5,0.35712863443579695,0.12944103582227076,0.0010398283226551982,37.25,14.9,0.04125826520837243,1,8:flood:origin|27:funding_collapse|29:heatwave:origin|30:funding_collapse|54:wildfire:origin|74:flood:semiwild,0.002480589914837332,0.09586941614623971,0.03156781935810051,0.014119642083842518,0.00016637253162483175,0.0007030687871897625,0.00010224560048967553,44136fa355b3678a
S3,rule,False,200078,0.5,0.375,4,3,339,0,2,0.6666666666666666,1.0,17.0,142.860540878042,0.5096704490772462,3.6047832898816523,0.0015649250101691676,0.9984350749898309,1,121,1,11278.689095404563,11278.689095404563,3759.563031801521,1.5,0.6269306202722614,0.2824422379528271,0.00015264889028881564,30.5,12.2,0.07475671513392212,1,8:flood:origin|27:funding_collapse|29:heatwave:origin|30:funding_collapse|54:wildfire:origin|74:flood:semiwild,0.002634436851099467,0.07858302309830761,0.10003838523078089,0.01157324148530521,2.4423822446210504e-05,0.0005667844303042925,7.263511306290554e-05,44136fa355b3678a
S4,state_dependent_rule,False,200078,0.5,0.375,4,3,423,387,2,0.6666666666666666,1.0,17.5,182.96031157966715,0.5808139070883164,2.6417028804406635,0.0012576926533645456,0.9987423073466355,226,0,0,11229.358332890317,11229.358332890317,3743.119444296772,1.5,0.5444217266549721,0.2721640816227602,0.000647580549804155,140.25,56.099999999999994,0.11277440076428173,1,8:flood:origin|27:funding_collapse|29:heatwave:origin|30:funding_collapse|54:wildfire:origin|74:flood:semiwild,0.012101458235081533,0.06944805513168056,0.13136962722358533,0.011405199072260324,0.00010361288796866482,0.0006681378567458826,0.0002561362417920698,44136fa355b3678a
S5,greedy_expected_utility,False,200078,0.375,0.375,3,3,339,314,3,1.0,1.0,20.0,156.91504836184706,0.6090226805693615,3.0560601711939506,0.003280081808581567,0.9967199181914185,306,0,0,11240.052661080226,11240.052661080226,3746.6842203600754,1.5,0.5177279305325929,0.27378684515586005,0.001056987063754854,161.25,64.5,0.11351725195330625,0,8:flood:origin|27:funding_collapse|29:heatwave:origin|30:funding_collapse|54:wildfire:origin|74:flood:semiwild,0.012288985592027011,0.0717750353695334,0.08819526601478353,0.021791209780309687,0.00016911793020077666,0.0011108464647885978,0.00032289350918774816,44136fa355b3678a
S6,rule,False,200078,0.0,0.0,0,0,0,0,3,1.0,1.0,22.0,57.10091540666438,0.2857874259047551,0.0,,,0,0,0,11155.659335191925,11155.659335191925,11155.659335191925,1.5,0.6699999999999999,0.06880540785185851,0.00015042568267816683,0.0,0.0,0.009027039259292621,0,8:flood:origin|27:funding_collapse|29:heatwave:origin|30:funding_collapse|54:wildfire:origin|74:flood:semiwild,0.006400000000000005,0.03944124385574417,0.0,0.0,2.406810922850669e-05,0.0003472621302722504,0.0,44136fa355b3678a
S7,forward_rollout_proxy,False,200078,0.625,0.625,5,5,902,902,2,0.6666666666666666,1.0,14.0,208.27085025234203,0.44498278961809307,3.0008978788866463,0.001649061823507383,0.9983509381764926,51,0,0,11200.41463418153,11200.41463418153,2240.082926836306,1.5,0.6699999999999999,0.4111067017557291,0.00014979713675119236,39.0,15.599999999999994,0.16423861483431346,1,8:flood:origin|27:funding_collapse|29:heatwave:origin|30:funding_collapse|54:wildfire:origin|74:flood:semiwild,0.01274121409039549,0.045398981573219074,0.2877602723743252,0.020737762033434203,2.3967541880190773e-05,0.0009186609069710028,8.213569394746359e-05,44136fa355b3678a
S0,none,False,200079,0.125,0.0,1,0,0,0,3,1.0,1.0,29.333333333333332,58.415439284456816,0.3773954274337158,0.0,,,0,0,0,0.0,0.0,0.0,1.3041949028677897,0.05722400000000002,0.0057224000000000025,0.0004310811080603927,0.0,0.0,0.0,0,7:flood:alternative|14:wildfire:alternative|31:flood:alternative|52:flood:origin|81:flood:reserve|87:wildfire:reserve,0.008480000000000007,0.05360134211625499,0.0,0.0,6.897297728966283e-05,0.0003542574727395659,0.0,44136fa355b3678a
S1,rule,False,200079,0.75,0.25,6,2,58,58,0,0.0,0.0,,324.52634614445617,0.7427296083158293,4.02405273369019,0.0,1.0,0,0,0,11110.96614367178,11110.966143671783,5555.48307183589,1.5,0.5824023470232901,0.23115278006117432,0.00037533570655315146,0.0,0.0,0.10086009010971698,3,7:funding_collapse|7:flood:alternative|14:wildfire:alternative|31:flood:alternative|52:flood:origin|81:flood:reserve|87:wildfire:reserve|95:funding_collapse,0.01600000000000001,0.07033857840260388,0.0,0.0,6.005371304850422e-05,0.0008717595685183055,0.0,44136fa355b3678a
S2,rule,False,200079,0.25,0.125,2,1,22,0,2,0.6666666666666666,1.0,32.5,68.05344086961452,0.49808122407482913,1.1980198019801982,0.040672,0.959328,0,0,0,11279.804370222248,11279.80437022225,11279.804370222248,1.5,0.07316223466666662,0.08465563427345058,0.0002534771315920717,42.5,17.000000000000007,0.04554606393490966,1,7:funding_collapse|7:flood:alternative|14:wildfire:alternative|31:flood:alternative|52:flood:origin|81:flood:reserve|87:wildfire:reserve|95:funding_collapse,0.004570199564420674,0.09259176526491324,0.02344513173966512,0.010089601303630697,4.055634105473146e-05,0.0006343539104343681,0.0001002788838193678,44136fa355b3678a
S3,rule,False,200079,0.375,0.25,3,2,215,0,0,0.0,0.0,,154.50647208119915,0.6236637464407294,3.7280071312161787,0.005176621541979117,0.9948233784580209,20,154,20,11069.96166235259,11069.96166235259,5534.980831176295,1.5,0.23382100772370631,0.18362148660544875,0.00019975452675097748,43.5,17.400000000000013,0.052296572604581704,3,7:funding_collapse|7:flood:alternative|14:wildfire:alternative|31:flood:alternative|52:flood:origin|81:flood:reserve|87:wildfire:reserve|95:funding_collapse,0.008132103284032525,0.07469681084762676,0.040233309147681105,0.007727973792199582,3.19607242801564e-05,0.0005683359723450944,9.223541542091522e-05,44136fa355b3678a
S4,state_dependent_rule,False,200079,0.5,0.375,4,3,269,1,1,0.3333333333333333,1.0,16.0,188.00751443840977,0.5973803661569658,3.669764738481918,0.014432842135740956,0.9855671578642591,150,0,0,11091.666247633717,11091.666247633717,3697.2220825445725,1.5,0.16427810521224057,0.2440856921138771,0.0002674275609920975,127.0,50.799999999999976,0.1110511710391692,2,7:funding_collapse|7:flood:alternative|14:wildfire:alternative|31:flood:alternative|52:flood:origin|81:flood:reserve|87:wildfire:reserve|95:funding_collapse,0.01184198025017211,0.07396109341646372,0.1004812584870756,0.014011891519179332,4.27884097587356e-05,0.0007869418193314367,0.00020630346588524292,44136fa355b3678a
S5,greedy_expected_utility,False,200079,0.625,0.375,5,3,169,0,0,0.0,0.0,,174.72703904869232,0.6318552509161743,2.7835010111140015,0.0037490186321414622,0.9962509813678585,195,0,0,11119.874220639813,11119.874220639811,3706.624740213271,1.5,0.14152389653505318,0.23558022321734515,0.0004019042278435653,180.5,72.19999999999997,0.12421411726349897,3,7:funding_collapse|7:flood:alternative|14:wildfire:alternative|31:flood:alternative|52:flood:origin|81:flood:reserve|87:wildfire:reserve|95:funding_collapse,0.011233585489622055,0.0759249020520581,0.06334260557022532,0.008704744772285085,6.430467645497046e-05,0.0006186481804282818,0.0003383943787245954,44136fa355b3678a
S6,rule,False,200079,0.75,0.5,6,4,510,510,0,0.0,0.0,,513.6455825041606,0.7652739557947282,5.854442247770777,0.0,1.0,0,0,0,11124.631731218402,11124.631731218404,2781.1579328046005,1.5,0.7443860200270995,0.36664391818468023,0.0004530025242179246,0.0,0.0,0.043304468521312506,3,7:funding_collapse|7:flood:alternative|14:wildfire:alternative|31:flood:alternative|52:flood:origin|81:flood:reserve|87:wildfire:reserve|95:funding_collapse,0.01600000000000001,0.047696829217924105,0.0,0.0,7.248040387486795e-05,0.000956734583472833,0.0,44136fa355b3678a
S7,forward_rollout_proxy,False,200079,0.625,0.625,5,5,109,89,0,0.0,0.0,,261.00925343489973,0.5614499512495654,2.9740915955465983,0.005619100293333333,0.9943808997066667,68,0,0,11098.616700659266,11098.616700659266,2219.723340131853,1.5,0.330682810239562,0.37691923552826184,0.0004306257707642007,83.0,33.20000000000004,0.16430019274419844,3,7:funding_collapse|7:flood:alternative|14:wildfire:alternative|31:flood:alternative|52:flood:origin|81:flood:reserve|87:wildfire:reserve|95:funding_collapse,0.013577372272353349,0.06349286419806371,0.1623471912676971,0.014683711413806928,6.890012332227211e-05,0.0008207582339550184,0.0001026496154331148,44136fa355b3678a
S0,none,False,200080,0.125,0.0,1,0,0,0,3,1.0,1.0,29.666666666666668,76.16115526562,0.44959521682734815,0.0,,,0,0,0,0.0,0.0,0.0,1.4928313345655055,0.1913,0.01913,0.000260074009450387,0.0,0.0,0.0,0,19:wildfire:reserve|55:heatwave:semiwild|65:flood:reserve,0.010240000000000006,0.07081007383781228,0.0,0.0,4.1611841512061916e-05,0.0005130974933276094,0.0,44136fa355b3678a
S1,rule,False,200080,0.625,0.5,5,4,274,274,0,0.0,0.0,,412.6685615598655,0.7577820927289267,4.537328773441671,0.0,1.0,0,0,0,11137.28714679613,11137.287146796132,2784.3217866990326,1.5,0.8186306627899608,0.3705749996386146,0.000235543518403886,0.0,0.0,0.09169322812600916,3,4:funding_collapse|19:wildfire:reserve|23:funding_collapse|55:heatwave:semiwild|65:flood:reserve|98:funding_collapse,0.01600000000000001,0.05521227053929338,0.0,0.0,3.7686962944621764e-05,0.0009679497688357174,0.0,44136fa355b3678a
S2,rule,False,200080,0.5,0.125,4,1,22,0,2,0.6666666666666666,1.0,20.5,92.69363509038756,0.5013406880151572,1.8615384615384616,0.0,1.0,0,0,0,11213.386359045498,11213.386359045498,11213.386359045498,1.5,0.23764866361738787,0.107059585412351,0.0003023260843029344,54.5,21.8,0.04214667217613802,1,4:funding_collapse|19:wildfire:reserve|23:funding_collapse|55:heatwave:semiwild|65:flood:reserve|98:funding_collapse,0.00543265828039073,0.09070684200161024,0.03241123830714533,0.011989281551545501,4.83721734884695e-05,0.0007780407792658743,0.00011226992061191574,44136fa355b3678a
S3,rule,False,200080,0.5,0.375,4,3,200,0,2,0.6666666666666666,1.0,23.0,186.85787468688636,0.6112374602185775,3.3655558235192697,0.0005442974432446024,0.9994557025567554,12,153,12,11093.032866284946,11093.032866284946,3697.677622094982,1.5,0.42291266813936224,0.2599521700900705,0.0002648717982232492,41.25,16.500000000000007,0.07627672520470774,1,4:funding_collapse|19:wildfire:reserve|23:funding_collapse|55:heatwave:semiwild|65:flood:reserve|98:funding_collapse,0.008193901256919591,0.07650903051781252,0.05650004616568781,0.0056417322351701195,4.237948771571987e-05,0.0007134643376103808,7.864146056283843e-05,44136fa355b3678a
S4,state_dependent_rule,False,200080,0.5,0.25,4,2,383,170,0,0.0,0.0,,165.11808441856473,0.6232505789889616,3.0490927123230587,0.007941745761020668,0.9920582542389793,144,0,0,11096.067032198103,11096.067032198102,5548.033516099052,1.5,0.3220933146619637,0.1934337769407217,0.00018455857624280193,136.5,54.599999999999966,0.09116759175647375,3,4:funding_collapse|19:wildfire:reserve|23:funding_collapse|55:heatwave:semiwild|65:flood:reserve|98:funding_collapse,0.009102737945586222,0.07514336227899399,0.048964228961749366,0.007292240423402141,2.952937219884831e-05,0.0008754542093537012,0.00028551248689346714,44136fa355b3678a
S5,greedy_expected_utility,False,200080,0.5,0.25,4,2,257,169,0,0.0,0.0,,149.91371714373668,0.6462133984881827,3.2782496141629265,0.0,1.0,258,0,0,11100.233969105911,11100.23396910591,5550.116984552956,1.5,0.3060024176807618,0.19626287910894977,0.000373056613242252,185.0,74.0,0.10190070599622153,3,4:funding_collapse|19:wildfire:reserve|23:funding_collapse|55:heatwave:semiwild|65:flood:reserve|98:funding_collapse,0.009353111499631887,0.07833767396059643,0.02149583580787256,0.004249640457678766,5.968905811876034e-05,0.0006250375721864473,0.0004999194796896458,44136fa355b3678a
S6,rule,False,200080,0.875,0.875,7,7,1057,1057,0,0.0,0.0,,721.3447990004865,0.7785134568950037,4.96454413165604,1.3377725246830507e-07,0.9999998662227475,0,0,0,11151.74277751114,11151.74277751114,1593.10611107302,1.5,0.959657771989121,0.550086477403323,0.00019697351607764882,0.0,0.0,0.053626294439252,3,4:funding_collapse|19:wildfire:reserve|23:funding_collapse|55:heatwave:semiwild|65:flood:reserve|98:funding_collapse,0.01600000000000001,0.03449469396910521,0.0,0.0,3.151576257242381e-05,0.0009603333733186422,0.0,44136fa355b3678a
S7,forward_rollout_proxy,False,200080,0.5,0.5,4,4,759,746,0,0.0,0.0,,316.86543857743226,0.7398691620506719,4.082143035826133,0.005529736449462612,0.9944702635505374,69,0,0,11093.695081120808,11093.69508112081,2773.423770280202,1.5,0.5308156157389434,0.34667826862965734,0.00017061874661784853,59.25,23.700000000000006,0.1388763834875084,3,4:funding_collapse|19:wildfire:reserve|23:funding_collapse|55:heatwave:semiwild|65:flood:reserve|98:funding_collapse,0.016374198277633967,0.05872376721135885,0.0002416806670446713,0.00022571251817931414,2.729899945885577e-05,0.001137580795290148,7.735036226993792e-05,44136fa355b3678a
S0,none,False,200081,0.0,0.0,0,0,0,0,3,1.0,1.0,21.666666666666668,25.028533378646195,0.23394109570536745,0.0,,,0,0,0,0.0,0.0,0.0,1.4266278885303307,0.15842691149057914,0.015842691149057914,0.0001626016260162602,0.0,0.0,0.0,0,6:flood:origin|91:flood:alternative,0.005440000000000004,0.042546188124765856,0.0,0.0,2.6016260162601626e-05,0.00024669990970410476,0.0,44136fa355b3678a
S1,rule,False,200081,0.25,0.0,2,0,0,0,1,0.3333333333333333,1.0,19.0,46.88978170866849,0.6522154155719437,0.0,,,0,0,0,11179.5766893835,11179.576689383503,11179.5766893835,1.5,0.735647759928359,0.08170565814445682,0.0004846466913409908,0.0,0.0,0.04070441075810463,2,6:flood:origin|45:funding_collapse|91:flood:alternative,0.01456000000000001,0.08788016765490139,0.0,0.0,7.754347061455851e-05,0.000566873302540451,0.0,44136fa355b3678a
S2,rule,False,200081,0.125,0.125,1,1,40,0,2,0.6666666666666666,1.0,12.0,38.54002873021566,0.437141674023677,1.8823529411764706,0.0,1.0,0,0,0,11414.459489863457,11414.459489863457,11414.459489863457,1.5,0.2680057225932689,0.10903855196710437,0.00047170057237309974,30.5,12.199999999999998,0.035822251480063835,1,6:flood:origin|45:funding_collapse|91:flood:alternative,0.002268079356337287,0.09506098036292483,0.03696457013429986,0.014938453602378879,7.547209157969595e-05,0.0006858509955054181,0.00011191003165631072,44136fa355b3678a
S3,rule,False,200081,0.375,0.375,3,3,187,0,2,0.6666666666666666,1.0,15.0,93.79235321952204,0.5229495657243056,2.8800002772781,0.10711903171892218,0.8928809682810779,3,102,3,11320.386767913718,11320.386767913718,3773.4622559712393,1.5,0.5387919068924819,0.26528472773029016,0.0004132218553231462,26.25,10.499999999999998,0.06927767134130491,1,6:flood:origin|45:funding_collapse|91:flood:alternative,0.0021567982996928497,0.07898840457698526,0.07741866842001746,0.012337353277606529,6.611549685170339e-05,0.0005849880170056713,7.70889100392378e-05,44136fa355b3678a
S4,state_dependent_rule,False,200081,0.375,0.375,3,3,613,369,2,0.6666666666666666,1.0,15.5,229.27745154607976,0.5607271785069481,3.448882024463252,0.029380381368656283,0.9706196186313437,331,0,0,11268.694156492453,11268.694156492453,3756.231385497484,1.5,0.4559204372219812,0.2676330285655948,0.0002511887647335871,161.0,64.39999999999995,0.09401082299382083,1,6:flood:origin|45:funding_collapse|91:flood:alternative,0.010366502993735633,0.06762294325826824,0.1379961795772348,0.01117518742469162,4.019020235737394e-05,0.0005630705670272091,0.0002160972447064264,44136fa355b3678a
S5,greedy_expected_utility,False,200081,0.375,0.375,3,3,357,262,2,0.6666666666666666,1.0,15.5,165.18600531301007,0.5976978951117066,3.254867868688399,0.0023774826256606476,0.9976225173743394,197,0,0,11250.075971584676,11250.075971584676,3750.0253238615587,1.5,0.42842873480861243,0.2674144584444176,0.0004610782386118292,141.5,56.600000000000016,0.11636453138336175,1,6:flood:origin|45:funding_collapse|91:flood:alternative,0.011841053012497289,0.07090863428599511,0.1102438747217381,0.011403521204001921,7.377251817789267e-05,0.0005744287383947447,0.00027315936530920767,44136fa355b3678a
S6,rule,False,200081,0.375,0.375,3,3,236,236,2,0.6666666666666666,1.0,18.5,173.06070142584744,0.7386732450196477,3.4313812414221805,0.0017127366391325742,0.9982872633608674,0,0,0,11191.510416240313,11191.510416240315,3730.5034720801045,1.5,0.8312610208279748,0.29156218102589354,0.0001634877384196185,0.0,0.0,0.02686133264437133,1,6:flood:origin|45:funding_collapse|91:flood:alternative,0.01600000000000001,0.07434160735875696,0.0,0.0,2.6158038147138964e-05,0.0009589895834482325,0.0,44136fa355b3678a
S7,forward_rollout_proxy,False,200081,0.625,0.625,5,5,945,927,2,0.6666666666666666,1.0,14.0,203.4232019555851,0.4040439886229635,3.6417301622178924,0.001093762601728056,0.9989062373982719,31,0,0,11254.364647282091,11254.364647282091,2250.872929456418,1.5,0.6066285781572458,0.4104117024637205,0.0002782610079622971,34.0,13.599999999999994,0.16040771512908503,1,6:flood:origin|45:funding_collapse|91:flood:alternative,0.012571757316100482,0.04346327798475021,0.3247524534526091,0.025684271691731386,4.452176127396753e-05,0.0010379243270257584,7.56661602287923e-05,44136fa355b3678a
S0,none,False,200082,0.0,0.0,0,0,0,0,3,1.0,1.0,24.666666666666668,66.92393118279217,0.3488191444868609,0.0,,,0,0,0,0.0,0.0,0.0,1.5,0.19302403810978638,0.01930240381097864,5.49487874282005e-05,0.0,0.0,0.0,0,45:heatwave:origin|75:heatwave:reserve|97:flood:semiwild,0.007840000000000007,0.04961002487264791,0.0,0.0,8.791805988512081e-06,0.00042203883450272014,0.0,44136fa355b3678a
S1,rule,False,200082,0.75,0.0,6,0,0,0,1,0.3333333333333333,1.0,21.0,204.38203449444674,0.7070188448230742,0.0,,,0,0,0,11214.30870424864,11214.308704248642,11214.30870424864,1.5,0.7702451029312202,0.09094098347781795,2.717391304347826e-05,0.0,0.0,0.06958236592347969,2,45:heatwave:origin|75:funding_collapse|75:heatwave:reserve|97:flood:semiwild,0.015520000000000011,0.08164666317888677,0.0,0.0,4.347826086956522e-06,0.0009101441719521158,0.0,44136fa355b3678a
S2,rule,False,200082,0.25,0.125,2,1,52,0,3,1.0,1.0,32.333333333333336,77.83147024111358,0.5019199110559323,2.8827292110874203,0.0,1.0,0,0,0,11293.086560233678,11293.086560233678,11293.086560233678,1.5,0.30143766908802994,0.12295233651992832,2.583979328165375e-05,54.0,21.600000000000005,0.03865638750125565,0,45:heatwave:origin|75:funding_collapse|75:heatwave:reserve|97:flood:semiwild,0.005148939861001378,0.08989597469824831,0.029299644018880536,0.012431609654027398,4.1343669250646e-06,0.000756857385064542,0.00013592693021926688,44136fa355b3678a
S3,rule,False,200082,0.5,0.25,4,2,235,0,2,0.6666666666666666,1.0,17.0,160.15821644432413,0.6132250402343719,3.0794442797553367,0.0576820679588009,0.9423179320411991,13,122,13,11177.86119406535,11177.86119406535,5588.930597032675,1.5,0.5686001742303833,0.21220635439484595,2.551020408163265e-05,33.75,13.5,0.0602594708712712,1,45:heatwave:origin|75:funding_collapse|75:heatwave:reserve|97:flood:semiwild,0.00757026785864067,0.07495662075664833,0.04690792742072961,0.009267808526384914,4.081632653061225e-06,0.0008450111548055887,0.00011014966616392684,44136fa355b3678a
S4,state_dependent_rule,False,200082,0.5,0.5,4,4,411,237,2,0.6666666666666666,1.0,23.5,243.3791874456083,0.6257546193378765,2.7647167127965915,0.05736084679313915,0.9426391532068609,285,0,0,11192.430984907549,11192.430984907549,2798.1077462268872,1.5,0.48850421611134687,0.32543333426894816,7.63269478117622e-05,165.5,66.19999999999995,0.11967872764923793,1,45:heatwave:origin|75:funding_collapse|75:heatwave:reserve|97:flood:semiwild,0.012155857285805037,0.07221459008544233,0.07794727822401622,0.01030382414810385,1.2212311649881953e-05,0.0007596574826913986,0.00020633480145644203,44136fa355b3678a
S5,greedy_expected_utility,False,200082,0.625,0.375,5,3,391,296,1,0.3333333333333333,1.0,15.0,200.8414594309912,0.659519378068416,3.0092525499003586,0.02529113097595483,0.9747088690240452,340,0,0,11204.816406625483,11204.816406625483,3734.9388022084945,1.5,0.4619396318687991,0.2734878385560414,0.00024182188721440988,195.5,78.19999999999997,0.14225674935078933,2,45:heatwave:origin|75:funding_collapse|75:heatwave:reserve|97:flood:semiwild,0.012880917349578063,0.0738998796826049,0.04276333753610342,0.010889682122158895,3.869150195430559e-05,0.0008325663875904258,0.0003290188273737378,44136fa355b3678a
S6,rule,False,200082,0.875,0.375,7,3,174,174,1,0.3333333333333333,1.0,22.0,356.4389036142852,0.7500914135740974,3.528549299564135,0.0,1.0,0,0,0,11224.317186533313,11224.317186533315,3741.439062177771,1.5,0.858125056901574,0.29706794114077706,2.6109660574412533e-05,0.0,0.0,0.03609971227489131,2,45:heatwave:origin|75:funding_collapse|75:heatwave:reserve|97:flood:semiwild,0.01600000000000001,0.06303022511967755,0.0,0.0,4.177545691906005e-06,0.0008741837605332114,0.0,44136fa355b3678a
S7,forward_rollout_proxy,False,200082,0.625,0.625,5,5,966,966,2,0.6666666666666666,1.0,19.5,301.0504141851215,0.5700946304440592,3.4440366416361536,0.029362160454492033,0.970637839545508,98,0,0,11189.136215278111,11189.136215278113,2237.827243055622,1.5,0.629330879258522,0.4107278884510663,5.369137190463836e-05,61.0,24.400000000000016,0.16052217054426254,1,45:heatwave:origin|75:funding_collapse|75:heatwave:reserve|97:flood:semiwild,0.014068778521550413,0.05308259622759975,0.16605179732584874,0.012676648241374931,8.590619504742138e-06,0.0009860171782525016,6.212146134001455e-05,44136fa355b3678a
S0,none,False,200083,0.125,0.0,1,0,0,0,3,1.0,1.0,27.0,67.62782611251895,0.3778131428490908,0.0,,,0,0,0,0.0,0.0,0.0,1.5,0.18450697267635485,0.018450697267635485,0.0002427426197897616,0.0,0.0,0.0,0,13:wildfire:alternative|85:wildfire:semiwild,0.008480000000000007,0.053084622325334355,0.0,0.0,3.883881916636185e-05,0.00048339600640853254,0.0,44136fa355b3678a
S1,rule,False,200083,0.75,0.5,6,4,436,436,1,0.3333333333333333,1.0,16.0,425.6395595340158,0.7581917332686836,5.398204372518967,0.0,1.0,0,0,0,11198.331238434846,11198.331238434846,2799.5828096087116,1.5,0.8742115975350159,0.3852553018829268,0.00031719522227789226,0.0,0.0,0.09426049202117752,2,13:wildfire:alternative|40:funding_collapse|85:wildfire:semiwild,0.01600000000000001,0.054722703678623086,0.0,0.0,5.0751235564462755e-05,0.0010348118171291656,0.0,44136fa355b3678a
S2,rule,False,200083,0.375,0.125,3,1,43,0,2,0.6666666666666666,1.0,17.0,76.78955360028631,0.4680128363694841,2.3674775928297054,0.0,1.0,0,0,0,11315.415115409636,11315.415115409636,11315.415115409636,1.5,0.29313495778428794,0.11982163736362572,0.0002516946880111549,55.75,22.3,0.05291682828449939,1,13:wildfire:alternative|40:funding_collapse|85:wildfire:semiwild,0.004288189182050672,0.09118825202258969,0.048920297279486026,0.011417129982673404,4.027115008178478e-05,0.000662289221024068,0.00012908069241093344,44136fa355b3678a
S3,rule,False,200083,0.5,0.375,4,3,467,0,1,0.3333333333333333,1.0,17.0,187.78885326407195,0.6016615303881397,3.5798300950021607,0.0036714801947101403,0.9963285198052899,19,175,19,11175.209821939483,11175.209821939483,3725.069940646494,1.5,0.5824042143687728,0.27775748644048126,0.00028567724702902465,48.5,19.400000000000002,0.07484382026791171,2,13:wildfire:alternative|40:funding_collapse|85:wildfire:semiwild,0.008486647516547293,0.07671226829979784,0.06393246690057679,0.006482628210816053,4.5708359524643946e-05,0.0008118948347599436,0.00010589440382210388,44136fa355b3678a
S4,state_dependent_rule,False,200083,0.5,0.375,4,3,563,398,1,0.3333333333333333,1.0,11.0,236.7625331490852,0.6304018137180433,3.8347965739665075,0.00039155426534387877,0.9996084457346561,331,0,0,11194.435967828267,11194.435967828267,3731.4786559427557,1.5,0.4800400822270225,0.2780151402534591,0.0007810180434451191,182.5,73.0,0.1145658314554587,2,13:wildfire:alternative|40:funding_collapse|85:wildfire:semiwild,0.011937063668899205,0.07319262892121053,0.0754456776073692,0.0073176139826803335,0.00012496288695121907,0.0007045219136883042,0.0002499960093348282,44136fa355b3678a
S5,greedy_expected_utility,False,200083,0.5,0.5,4,4,469,363,1,0.3333333333333333,1.0,20.0,211.6446454212438,0.6245009997382778,3.3566387833396583,0.0033340482440322515,0.9966659517559677,316,0,0,11206.31749451989,11206.31749451989,2801.5793736299725,1.5,0.45345859254483284,0.33103882617395675,0.00040513205130729516,195.5,78.19999999999999,0.13563289543038465,2,13:wildfire:alternative|40:funding_collapse|85:wildfire:semiwild,0.012220021616552144,0.07374997076370149,0.07569868860024223,0.015357083524001497,6.482112820916721e-05,0.0009603051108973882,0.0002804384402136316,44136fa355b3678a
S6,rule,False,200083,0.75,0.75,6,6,1034,1034,0,0.0,0.0,,705.581680557779,0.7785660894956369,5.135776894637871,0.0,1.0,0,0,0,11209.442142796333,11209.442142796335,1868.2403571327222,1.5,0.9618319999999998,0.4943255103933957,0.0003173405010832012,0.0,0.0,0.04642270723508472,3,13:wildfire:alternative|40:funding_collapse|85:wildfire:semiwild,0.01600000000000001,0.034381753882836784,0.0,0.0,5.077448017331219e-05,0.0010013821413529028,0.0,44136fa355b3678a
S7,forward_rollout_proxy,False,200083,0.5,0.5,4,4,759,759,1,0.3333333333333333,1.0,16.0,279.1818614926249,0.6004976456051357,3.7933354253898033,0.0,1.0,31,0,0,11175.31675816237,11175.316758162367,2793.8291895405923,1.5,0.7092756026412003,0.3618673829907326,0.0003493887871077463,62.5,25.000000000000014,0.14003234236357287,2,13:wildfire:alternative|40:funding_collapse|85:wildfire:semiwild,0.014034361036920653,0.04938249755327973,0.14033738250779065,0.014571318907005226,5.59022059372394e-05,0.0009414046820279206,6.868875182674034e-05,44136fa355b3678a
S0,none,False,200084,0.0,0.0,0,0,0,0,3,1.0,1.0,21.666666666666668,43.88786877140988,0.24898679755634448,0.0,,,0,0,0,0.0,0.0,0.0,1.1785094525879305,0.1178412156044323,0.01178412156044323,0.0006126270723746648,0.0,0.0,0.0,0,13:flood:origin|15:flood:semiwild|27:wildfire:alternative|28:flood:reserve|38:heatwave:reserve,0.005760000000000004,0.04356299293889264,0.0,0.0,9.802033157994635e-05,0.00039218917318301245,0.0,44136fa355b3678a
S1,rule,False,200084,0.25,0.125,2,1,4,4,1,0.3333333333333333,1.0,16.0,81.13219020755756,0.7156599878734967,1.0,0.17966303466258476,0.8203369653374153,0,0,0,11135.052905124141,11135.052905124143,11135.052905124141,1.5,0.7677170129811,0.15188052761510779,0.0005803464109494991,0.0,0.0,0.04429413158498883,2,13:flood:origin|15:flood:semiwild|17:funding_collapse|27:wildfire:alternative|28:flood:reserve|38:heatwave:reserve|48:funding_collapse,0.01600000000000001,0.0975830745245909,0.0,0.0,9.285542575191985e-05,0.0006640821761602485,0.0,44136fa355b3678a
S2,rule,False,200084,0.125,0.125,1,1,27,0,3,1.0,1.0,21.0,49.72786719249075,0.4607468514182734,2.904382470119522,0.0006866260699623782,0.9993133739300376,0,0,0,11357.720939464183,11357.720939464183,11357.720939464183,1.5,0.16478646215421758,0.1088767965166149,0.00024934220708868593,32.25,12.899999999999999,0.035521627999989605,0,13:flood:origin|15:flood:semiwild|17:funding_collapse|27:wildfire:alternative|28:flood:reserve|38:heatwave:reserve|48:funding_collapse,0.0027575812704880246,0.09313373948024394,0.026955063626501356,0.014690283309169048,3.989475313418976e-05,0.000661293738209188,8.61717441524319e-05,44136fa355b3678a
S3,rule,False,200084,0.25,0.125,2,1,163,0,2,0.6666666666666666,1.0,15.0,111.71179353555702,0.5627407850355897,3.116598240469209,0.17846809976202604,0.821531900237974,18,139,18,11259.128655421946,11259.128655421946,11259.128655421946,1.5,0.376970709371129,0.13530047476317425,0.0004910896526173218,39.25,15.699999999999996,0.05093710710684623,1,13:flood:origin|15:flood:semiwild|17:funding_collapse|27:wildfire:alternative|28:flood:reserve|38:heatwave:reserve|48:funding_collapse,0.003677112226459496,0.07576769614033729,0.05873182531492636,0.013812921923633665,7.857434441877151e-05,0.0007471714764519367,0.00010799642241945167,44136fa355b3678a
S4,state_dependent_rule,False,200084,0.375,0.25,3,2,250,0,2,0.6666666666666666,1.0,19.5,108.82175849744948,0.5712373581343776,2.5970286921679198,0.0011197898794835146,0.9988802101205165,37,0,0,11209.638428301581,11209.63842830158,5604.819214150791,1.5,0.29459844105611316,0.18525454306719488,0.0004941325211981979,156.25,62.49999999999997,0.08662206019952184,1,13:flood:origin|15:flood:semiwild|17:funding_collapse|27:wildfire:alternative|28:flood:reserve|38:heatwave:reserve|48:funding_collapse,0.004547023656209752,0.0823464217528365,0.0574105882680272,0.009554802672917983,7.906120339171166e-05,0.0006240264463193073,0.0004904038864681008,44136fa355b3678a
S5,greedy_expected_utility,False,200084,0.375,0.25,3,2,288,0,2,0.6666666666666666,1.0,18.5,116.26471097434694,0.5599445684169762,2.340921440296249,0.007312800374774596,0.9926871996252254,46,0,0,11229.386766014151,11229.386766014151,5614.693383007076,1.5,0.26816926893329146,0.1833162971360639,0.0005568352254001897,178.5,71.39999999999999,0.10295077919886117,1,13:flood:origin|15:flood:semiwild|17:funding_collapse|27:wildfire:alternative|28:flood:reserve|38:heatwave:reserve|48:funding_collapse,0.004470332891149008,0.08159308296867797,0.06802137078292073,0.010913864430833824,8.909363606403034e-05,0.0006659949727514688,0.00048067025875502716,44136fa355b3678a
S6,rule,False,200084,0.375,0.25,3,2,126,126,1,0.3333333333333333,1.0,24.0,130.08116522666438,0.7364292367031001,2.523901591895803,0.0035575384615384614,0.9964424615384615,0,0,0,11151.905353585562,11151.905353585564,5575.952676792781,1.5,0.8659428295761923,0.2295047563894805,0.000529677592319598,0.0,0.0,0.025857287564516218,2,13:flood:origin|15:flood:semiwild|17:funding_collapse|27:wildfire:alternative|28:flood:reserve|38:heatwave:reserve|48:funding_collapse,0.01600000000000001,0.07670338225922992,0.0,0.0,8.474841477113567e-05,0.0007826326228990427,0.0,44136fa355b3678a
S7,forward_rollout_proxy,False,200084,0.25,0.25,2,2,282,126,1,0.3333333333333333,1.0,20.0,115.84820994236921,0.6037459747019752,3.2833159987763842,0.01587704108051108,0.9841229589194889,146,0,0,11181.448493294527,11181.448493294527,5590.7242466472635,1.5,0.46828482326732024,0.21177986615855612,0.000536366775367916,108.5,43.40000000000005,0.09809111922030117,2,13:flood:origin|15:flood:semiwild|17:funding_collapse|27:wildfire:alternative|28:flood:reserve|38:heatwave:reserve|48:funding_collapse,0.007125015689349775,0.0788707018005272,0.04479268012300745,0.010628874450591977,8.581868405886656e-05,0.0008050631351635764,0.0003628520940864615,44136fa355b3678a
S0,none,False,200085,0.125,0.0,1,0,0,0,2,0.6666666666666666,1.0,30.0,74.19437038644355,0.3779048653532633,0.0,,,0,0,0,0.0,0.0,0.0,1.3222052180947885,0.06943533495810685,0.006943533495810685,2.6954177897574127e-05,0.0,0.0,0.0,1,15:wildfire:reserve|24:wildfire:alternative|71:wildfire:semiwild,0.008480000000000007,0.05308036405748715,0.0,0.0,4.31266846361186e-06,0.00043045792078596134,0.0,44136fa355b3678a
S1,rule,False,200085,0.625,0.5,5,4,361,361,1,0.3333333333333333,1.0,27.0,419.05037632082826,0.7586648818065409,3.957600040563357,0.0,1.0,0,0,0,11216.63112169093,11216.631121690933,2804.1577804227327,1.5,0.8748154936824667,0.3698207018717439,2.717391304347826e-05,0.0,0.0,0.08881576048931841,2,15:wildfire:reserve|24:wildfire:alternative|71:wildfire:semiwild,0.01600000000000001,0.054341392628844305,0.0,0.0,4.347826086956522e-06,0.0009893777385278763,0.0,44136fa355b3678a
S2,rule,False,200085,0.375,0.25,3,2,46,0,1,0.3333333333333333,1.0,24.0,92.60557518893307,0.48249874708172596,2.7128898128898125,0.00029141383286605767,0.999708586167134,0,0,0,11308.422440410279,11308.422440410279,5654.211220205139,1.5,0.17352036845389954,0.16911448950618496,2.5974025974025975e-05,56.75,22.700000000000014,0.06066777265948453,2,15:wildfire:reserve|24:wildfire:alternative|71:wildfire:semiwild,0.005348272226602249,0.09172235653613743,0.05138677462597614,0.010618049893388253,4.155844155844156e-06,0.0007039216213060172,0.0001317529417078936,44136fa355b3678a
S3,rule,False,200085,0.625,0.375,5,3,410,0,1,0.3333333333333333,1.0,24.0,181.22188807991913,0.6133373152851187,3.7752992084702472,0.0003121626411059948,0.999687837358894,43,200,43,11188.815717341166,11188.815717341166,3729.605239113722,1.5,0.4635424918466226,0.2686397281188747,2.5974025974025975e-05,60.75,24.299999999999994,0.07891243424754991,2,15:wildfire:reserve|24:wildfire:alternative|71:wildfire:semiwild,0.008715933602733046,0.07620403109786535,0.0560374697700209,0.006951639921879519,4.155844155844156e-06,0.0007308005711989686,0.00012777340974543972,44136fa355b3678a
S4,state_dependent_rule,False,200085,0.5,0.375,4,3,252,13,1,0.3333333333333333,1.0,25.0,151.4772352962758,0.5928752975608731,2.4795569565794024,0.0029882706049525233,0.9970117293950475,101,0,0,11196.308233597898,11196.308233597898,3732.1027445326326,1.5,0.3605420503929461,0.24986096812131703,0.00021919483740051024,140.25,56.09999999999997,0.10130596758114176,2,15:wildfire:reserve|24:wildfire:alternative|71:wildfire:semiwild,0.007192846374781204,0.07781679681992333,0.06601228907862439,0.0058444530457488104,3.507117398408164e-05,0.0006557057353017663,0.00034422073953735665,44136fa355b3678a
S5,greedy_expected_utility,False,200085,0.375,0.375,3,3,277,0,1,0.3333333333333333,1.0,30.0,154.15090770006125,0.6019761716367326,3.169807481525338,0.009494198540946611,0.9905058014590534,82,0,0,11188.949698255921,11188.949698255921,3729.6498994186404,1.5,0.3334943057841027,0.2570469994710475,0.0006052602659615966,171.75,68.7,0.11624747038691904,2,15:wildfire:reserve|24:wildfire:alternative|71:wildfire:semiwild,0.006847666309651243,0.07668052123189925,0.04674772529824527,0.00887487596982012,9.684164255385546e-05,0.0007460594197425264,0.0003690832895301402,44136fa355b3678a
S6,rule,False,200085,0.875,0.875,7,7,938,938,0,0.0,0.0,,671.4972814697609,0.7801267290159065,5.309204611855786,0.07384380987288562,0.9261561901271144,0,0,0,11232.984803046249,11232.984803046249,1604.7121147208927,1.5,0.9618319999999998,0.5539334876324722,2.717391304347826e-05,0.0,0.0,0.054541207569571905,3,15:wildfire:reserve|24:wildfire:alternative|71:wildfire:semiwild,0.01600000000000001,0.03293204099002883,0.0,0.0,4.347826086956522e-06,0.0009368821679777564,0.0,44136fa355b3678a
S7,forward_rollout_proxy,False,200085,0.5,0.25,4,2,239,208,1,0.3333333333333333,1.0,18.0,199.49335361439717,0.7169883924719506,2.204147465437788,0.12031921555699203,0.879680784443008,78,0,0,11172.291490237076,11172.291490237078,5586.145745118538,1.5,0.6034805435775632,0.21861344090943213,6.503652597402598e-05,52.0,20.800000000000008,0.1186195594864897,2,15:wildfire:reserve|24:wildfire:alternative|71:wildfire:semiwild,0.014544714522977968,0.0725834950974593,0.009133459691856248,0.005084047173827943,1.0405844155844157e-05,0.0009420786187402476,0.00016575530096585422,44136fa355b3678a
S0,none,False,200086,0.125,0.0,1,0,0,0,3,1.0,1.0,34.0,65.34139098966811,0.41101117925623315,0.0,,,0,0,0,0.0,0.0,0.0,1.5,0.1913,0.01913,0.00023390515099253647,0.0,0.0,0.0,0,52:wildfire:reserve|83:flood:semiwild|87:wildfire:semiwild|97:flood:reserve,0.009280000000000007,0.06054381400326589,0.0,0.0,3.742482415880584e-05,0.0005275819163421376,0.0,44136fa355b3678a
S1,rule,False,200086,0.875,0.5,7,4,366,366,0,0.0,0.0,,459.5206092304136,0.7566631853363515,4.722280552502399,0.0,1.0,0,0,0,11152.795990068675,11152.795990068676,2788.1989975171687,1.5,0.7841678957390478,0.3754841675801933,0.000228613061097409,0.0,0.0,0.12422286240632278,3,11:funding_collapse|52:wildfire:reserve|62:funding_collapse|66:funding_collapse|83:flood:semiwild|87:wildfire:semiwild|97:flood:reserve,0.01600000000000001,0.056231103308608574,0.0,0.0,3.657808977558544e-05,0.001069133265264353,0.0,44136fa355b3678a
S2,rule,False,200086,0.125,0.125,1,1,19,0,2,0.6666666666666666,1.0,34.0,86.99576329041453,0.5105509507695435,2.7142857142857144,0.01718098526315789,0.9828190147368421,0,0,0,11187.81788346478,11187.81788346478,11187.81788346478,1.5,0.2375429805849875,0.11542049853632376,0.00020392940146597374,49.0,19.600000000000005,0.04136671667483927,1,11:funding_collapse|52:wildfire:reserve|62:funding_collapse|66:funding_collapse|83:flood:semiwild|87:wildfire:semiwild|97:flood:reserve,0.0054772695424471895,0.08965656269823578,0.025680535187053898,0.012373353771099427,3.26287042345558e-05,0.0008542532144158409,0.00012251354578985416,44136fa355b3678a
S3,rule,False,200086,0.5,0.375,4,3,410,0,0,0.0,0.0,,187.08739983191055,0.5991586665902608,3.4985938932954226,0.00424248281824627,0.9957575171817538,48,179,48,11134.959763614557,11134.959763614557,3711.6532545381856,1.5,0.46469984275706655,0.2661484146563998,0.00038805243213276935,56.75,22.7,0.07971245723869468,3,11:funding_collapse|52:wildfire:reserve|62:funding_collapse|66:funding_collapse|83:flood:semiwild|87:wildfire:semiwild|97:flood:reserve,0.008054833781742838,0.07532119250034869,0.06676274678313245,0.006842548894231981,6.208838914124309e-05,0.0007397769093408431,0.00011790405843749974,44136fa355b3678a
S4,state_dependent_rule,False,200086,0.5,0.375,4,3,415,192,0,0.0,0.0,,174.91971082688568,0.6665591289628451,1.8605381084562493,0.030290881945600274,0.9697091180543997,198,0,0,11117.037347068486,11117.037347068486,3705.6791156894956,1.5,0.3623209899668334,0.24561736639132592,0.0003301332757312824,141.75,56.69999999999998,0.1101494315504003,3,11:funding_collapse|52:wildfire:reserve|62:funding_collapse|66:funding_collapse|83:flood:semiwild|87:wildfire:semiwild|97:flood:reserve,0.011572891672513595,0.07569352903497101,0.024598139816780593,0.00518394066738976,5.282132411700518e-05,0.0007654202662776892,0.00034227969046916586,44136fa355b3678a
S5,greedy_expected_utility,False,200086,0.5,0.5,4,4,273,176,0,0.0,0.0,,166.08035409444875,0.6488862118927069,2.140214115904967,0.08614847989579216,0.9138515201042079,300,0,0,11127.804058589614,11127.804058589614,2781.9510146474036,1.5,0.3358985014103766,0.30867836705756013,0.0005231552883802714,173.25,69.3,0.14343187878736405,3,11:funding_collapse|52:wildfire:reserve|62:funding_collapse|66:funding_collapse|83:flood:semiwild|87:wildfire:semiwild|97:flood:reserve,0.011138949957326552,0.0758320377667176,0.03515251923748632,0.008285791354452494,8.37048461408434e-05,0.000898219458484732,0.00036084724111896184,44136fa355b3678a
S6,rule,False,200086,0.875,0.75,7,6,1069,1069,0,0.0,0.0,,689.3259858593102,0.7785982990404744,5.920906210449171,0.0,1.0,0,0,0,11162.778911394978,11162.778911394978,1860.463151899163,1.5,0.8757599409850303,0.49487831243889874,0.00029678107501679695,0.0,0.0,0.05296628117951982,3,11:funding_collapse|52:wildfire:reserve|62:funding_collapse|66:funding_collapse|83:flood:semiwild|87:wildfire:semiwild|97:flood:reserve,0.01600000000000001,0.03433304905648117,0.0,0.0,4.7484972002687514e-05,0.0010211669310417975,0.0,44136fa355b3678a
S7,forward_rollout_proxy,False,200086,0.625,0.5,5,4,780,780,0,0.0,0.0,,323.3932135785834,0.7180402225954309,3.601799169164194,0.006128714928388053,0.9938712850716119,135,0,0,11121.586122267872,11121.586122267872,2780.396530566968,1.5,0.5717424473294244,0.348745772744379,0.00033406671621913624,67.0,26.800000000000015,0.15276768159897286,3,11:funding_collapse|52:wildfire:reserve|62:funding_collapse|66:funding_collapse|83:flood:semiwild|87:wildfire:semiwild|97:flood:reserve,0.01577024223075843,0.05787517688623663,0.012458153976113473,0.011539052028528762,5.3450674595061796e-05,0.001206868330624399,8.570356672754872e-05,44136fa355b3678a
S0,none,False,200087,0.25,0.0,2,0,0,0,3,1.0,1.0,25.333333333333332,55.358121603669986,0.40450875924590535,0.0,,,0,0,0,0.0,0.0,0.0,1.5,0.19310176130026988,0.019310176130026988,5.67027283168285e-05,0.0,0.0,0.0,0,40:heatwave:semiwild|62:wildfire:origin|64:heatwave:semiwild|78:flood:reserve,0.009120000000000007,0.05901589745214287,0.0,0.0,9.07243653069256e-06,0.0004462708654211088,0.0,44136fa355b3678a
S1,rule,False,200087,0.625,0.125,5,1,2,2,0,0.0,0.0,,294.3798982228787,0.7377363310396522,2.0,0.0,1.0,0,0,0,11182.73675962162,11182.73675962162,11182.73675962162,1.5,0.7743696607759722,0.17207676515309617,5.6338028169014086e-05,0.0,0.0,0.09194899537749461,3,36:funding_collapse|40:heatwave:semiwild|62:wildfire:origin|64:heatwave:semiwild|78:flood:reserve|91:funding_collapse,0.01600000000000001,0.07537510700499275,0.0,0.0,9.014084507042254e-06,0.0008795478708480207,0.0,44136fa355b3678a
S2,rule,False,200087,0.375,0.125,3,1,51,0,2,0.6666666666666666,1.0,20.5,66.26263021514144,0.49573904341241937,2.678681771369722,0.0,1.0,0,0,0,11300.3158978939,11300.315897893901,11300.3158978939,1.5,0.3015847939200518,0.12276211297971497,4.7169811320754715e-05,46.75,18.70000000000001,0.04783407937006284,1,36:funding_collapse|40:heatwave:semiwild|62:wildfire:origin|64:heatwave:semiwild|78:flood:reserve|91:funding_collapse,0.004959380263064348,0.09138806815293783,0.03239003352382931,0.011092622443988471,7.547169811320755e-06,0.0007225083397313132,0.0001248313763230804,44136fa355b3678a
S3,rule,False,200087,0.5,0.375,4,3,364,0,1,0.3333333333333333,1.0,12.0,188.48433213933214,0.6031162391858933,3.701500833296086,0.0052236628397913905,0.9947763371602086,27,192,27,11153.95619214826,11153.95619214826,3717.9853973827535,1.5,0.5678746893564525,0.2773934357559322,2.717391304347826e-05,54.75,21.9,0.0742047924366305,2,36:funding_collapse|40:heatwave:semiwild|62:wildfire:origin|64:heatwave:semiwild|78:flood:reserve|91:funding_collapse,0.008390065305692614,0.07636505197459606,0.0639340753604612,0.005957405171391048,4.347826086956522e-06,0.0005751351502922272,0.0001076631972455783,44136fa355b3678a
S4,state_dependent_rule,False,200087,0.625,0.5,5,4,567,289,1,0.3333333333333333,1.0,17.0,225.05831063249488,0.6344799030390508,3.3419091496599376,0.009592180262685983,0.9904078197373141,259,0,0,11158.077707910188,11158.077707910188,2789.519426977547,1.5,0.48767501278909986,0.33197308948054055,5.838516081103682e-05,158.75,63.49999999999994,0.12393248352515583,2,36:funding_collapse|40:heatwave:semiwild|62:wildfire:origin|64:heatwave:semiwild|78:flood:reserve|91:funding_collapse,0.01232284827829969,0.07301800556198262,0.06648446001089893,0.012524135220479233,9.341625729765892e-06,0.0009662458905203748,0.00021741306461761558,44136fa355b3678a
S5,greedy_expected_utility,False,200087,0.5,0.375,4,3,333,169,1,0.3333333333333333,1.0,20.0,177.7528204011044,0.6272223189351193,3.4097377022180138,0.005917306694650212,0.9940826933053498,314,0,0,11168.959605371483,11168.959605371481,3722.9865351238277,1.5,0.4611567918291865,0.2755162709306476,2.5188916876574308e-05,177.0,70.8,0.13276607362774406,2,36:funding_collapse|40:heatwave:semiwild|62:wildfire:origin|64:heatwave:semiwild|78:flood:reserve|91:funding_collapse,0.013116208614998166,0.07300533980919052,0.07303015481783584,0.01842560350371014,4.03022670025189e-06,0.001276691780485171,0.000292812441876699,44136fa355b3678a
S6,rule,False,200087,0.75,0.5,6,4,196,196,0,0.0,0.0,,445.0227661370274,0.7605302080824358,3.8076414500589415,0.0006307692307692306,0.9993692307692308,0,0,0,11192.624281047814,11192.624281047816,2798.1560702619536,1.5,0.8621039104082726,0.35739476778100177,5.8109133844986095e-05,0.0,0.0,0.04053981119792511,3,36:funding_collapse|40:heatwave:semiwild|62:wildfire:origin|64:heatwave:semiwild|78:flood:reserve|91:funding_collapse,0.01600000000000001,0.05251605376142685,0.0,0.0,9.297461415197774e-06,0.0009444406947223811,0.0,44136fa355b3678a
S7,forward_rollout_proxy,False,200087,0.625,0.625,5,5,986,986,0,0.0,0.0,,316.4419613184936,0.5926381184787556,3.6064084390721023,0.0004138740280773295,0.9995861259719226,115,0,0,11156.589838241614,11156.589838241614,2231.317967648323,1.5,0.628630201598216,0.4119543952227191,0.0002396968700015694,72.0,28.80000000000003,0.15888645336088236,3,36:funding_collapse|40:heatwave:semiwild|62:wildfire:origin|64:heatwave:semiwild|78:flood:reserve|91:funding_collapse,0.014311592063348387,0.054630384720156015,0.144644935152125,0.011536780835119382,3.83514992002511e-05,0.0009074641053230484,6.862222995121942e-05,44136fa355b3678a
S0,none,False,200088,0.125,0.0,1,0,0,0,3,1.0,1.0,24.0,50.80424665456114,0.34530301126159274,0.0,,,0,0,0,0.0,0.0,0.0,1.5,0.24796666666666647,0.024796666666666647,0.0003057488450522387,0.0,0.0,0.0,0,19:flood:origin|40:heatwave:semiwild,0.008000000000000005,0.060780665535169344,0.0,0.0,4.891981520835819e-05,0.0008674033880295705,0.0,44136fa355b3678a
S1,rule,False,200088,0.5,0.125,4,1,9,9,1,0.3333333333333333,1.0,17.0,112.04145272775459,0.7301211262826695,2.793103448275862,0.0,1.0,0,0,0,11204.893978397802,11204.893978397806,11204.893978397802,1.5,0.8057094202186065,0.17759489999390032,0.00020773413688945024,0.0,0.0,0.06421461744640514,2,19:flood:origin|26:funding_collapse|40:heatwave:semiwild,0.01600000000000001,0.0829610694556549,0.0,0.0,3.323746190231204e-05,0.000884566799773254,0.0,44136fa355b3678a
S2,rule,False,200088,0.125,0.125,1,1,33,0,2,0.6666666666666666,1.0,23.5,59.036061336199225,0.48954336368275314,1.9981651376146787,0.004859415504504182,0.9951405844954958,0,0,0,11305.408647494049,11305.408647494049,11305.408647494049,1.5,0.3564985896826098,0.11918320439706213,0.00018696411807140809,35.0,14.0,0.036508470263271794,1,19:flood:origin|26:funding_collapse|40:heatwave:semiwild,0.003951447522568399,0.09265724351309997,0.018590631853191316,0.01292913393462524,2.9914258891425298e-05,0.0007763138553342334,0.00010990087891884844,44136fa355b3678a
S3,rule,False,200088,0.25,0.25,2,2,266,0,1,0.3333333333333333,1.0,24.0,130.54734005220388,0.5558999834621825,2.7411403663256344,0.0,1.0,5,95,5,11252.354622467687,11252.354622467687,5626.177311233843,1.5,0.6260457819815824,0.21371736026092847,0.00028874548700594195,25.0,9.999999999999998,0.056006891997569405,2,19:flood:origin|26:funding_collapse|40:heatwave:semiwild,0.004447831871728633,0.07566683688224816,0.07618633716023185,0.011612186808176533,4.61992779209507e-05,0.0007162618556760988,7.003612912506003e-05,44136fa355b3678a
S4,state_dependent_rule,False,200088,0.5,0.375,4,3,480,465,2,0.6666666666666666,1.0,18.5,182.41073364704465,0.5983494217196724,3.258635247551986,0.00016783024559332627,0.9998321697544067,165,0,0,11215.765908012538,11215.765908012538,3738.588636004179,1.5,0.5440628866381986,0.27788650934277903,0.0003066572144459956,91.75,36.7,0.11071934101719665,1,19:flood:origin|26:funding_collapse|40:heatwave:semiwild,0.012912067590462841,0.06754732058114019,0.10587925627924813,0.02444506663490744,4.906515431135929e-05,0.001258623301775661,0.00017773198846860583,44136fa355b3678a
S5,greedy_expected_utility,False,200088,0.5,0.5,4,4,614,593,1,0.3333333333333333,1.0,24.0,204.9899445109181,0.5807962473843338,2.814572829826835,0.0052665894405684675,0.9947334105594315,265,0,0,11210.007431239446,11210.007431239446,2802.5018578098616,1.5,0.5170068450164143,0.3334248855681794,0.0003586345244159211,148.25,59.30000000000001,0.14289236384134793,2,19:flood:origin|26:funding_collapse|40:heatwave:semiwild,0.012686903345082821,0.07155377872605226,0.12023243620500246,0.021574618673528473,5.7381523906547375e-05,0.0011098647083332147,0.00023614726456374635,44136fa355b3678a
S6,rule,False,200088,0.5,0.5,4,4,496,496,2,0.6666666666666666,1.0,21.5,326.65523625808663,0.7512245145122961,3.891181169620115,0.0,1.0,0,0,0,11215.931621278074,11215.931621278076,2803.9829053195185,1.5,0.8935579290796246,0.3605835440684045,0.00020740588678064848,0.0,0.0,0.0365796973212042,1,19:flood:origin|26:funding_collapse|40:heatwave:semiwild,0.01600000000000001,0.06165394619515305,0.0,0.0,3.3184941884903763e-05,0.0010883543506661083,0.0,44136fa355b3678a
S7,forward_rollout_proxy,False,200088,0.625,0.625,5,5,928,928,1,0.3333333333333333,1.0,25.0,220.1487848349333,0.46993432961099396,2.8138157767553107,0.0009794399079322241,0.9990205600920677,21,0,0,11203.058216850455,11203.058216850455,2240.611643370091,1.5,0.6712121414853387,0.41021341483146156,0.00036330523039431004,30.5,12.199999999999996,0.16852021457687263,2,19:flood:origin|26:funding_collapse|40:heatwave:semiwild,0.013187575324317202,0.04570766380443137,0.2652585938182087,0.01983296485137802,5.8128836863089605e-05,0.0010296999697088718,7.150712744403627e-05,44136fa355b3678a
S0,none,False,200089,0.25,0.0,2,0,0,0,3,1.0,1.0,29.333333333333332,71.30207010398263,0.37616166727120137,0.0,,,0,0,0,0.0,0.0,0.0,1.3659613770469352,0.09146884921821036,0.009146884921821035,0.0004956230381958136,0.0,0.0,0.0,0,29:wildfire:reserve|34:heatwave:alternative|49:heatwave:origin,0.008480000000000007,0.054746852960700434,0.0,0.0,7.929968611133019e-05,0.0004321800819869374,0.0,44136fa355b3678a
S1,rule,False,200089,0.75,0.5,6,4,83,83,1,0.3333333333333333,1.0,31.0,317.84601362701153,0.7425340844504781,2.671955641100244,0.020397007999999994,0.979602992,0,0,0,11239.376348406193,11239.376348406193,2809.844087101548,1.5,0.8218556299134515,0.3537336043856932,0.0004588526622614384,0.0,0.0,0.09914242491672765,2,29:wildfire:reserve|34:heatwave:alternative|49:heatwave:origin,0.01600000000000001,0.07051654017426873,0.0,0.0,7.341642596183016e-05,0.0008759589492911952,0.0,44136fa355b3678a
S2,rule,False,200089,0.375,0.375,3,3,56,0,2,0.6666666666666666,1.0,16.5,83.21057318072148,0.47443011125758644,2.4959469417833455,0.07401738851212303,0.925982611487877,0,0,0,11348.320660661864,11348.320660661864,3782.7735535539546,1.5,0.1877610874731123,0.2262956715155805,0.00035326643299682603,58.25,23.300000000000008,0.06905046675217902,1,29:wildfire:reserve|34:heatwave:alternative|49:heatwave:origin,0.004728483456672871,0.09306466755488804,0.048899125816648875,0.010265649623869616,5.652262927949217e-05,0.0006514796518887557,0.00013620347905837313,44136fa355b3678a
S3,rule,False,200089,0.625,0.375,5,3,326,0,2,0.6666666666666666,1.0,19.5,192.51577624181755,0.589365876853425,3.7597230278590072,0.10137600710829105,0.8986239928917089,52,172,52,11259.246252445253,11259.246252445253,3753.082084148418,1.5,0.4571278832129196,0.2676619127233602,0.0008308614478495965,56.0,22.4,0.07800947061739083,1,29:wildfire:reserve|34:heatwave:alternative|49:heatwave:origin,0.007131155750657357,0.07664225144642106,0.06640255486567216,0.007136648912486196,0.0001329378316559355,0.0007400538019114413,9.431438036802074e-05,44136fa355b3678a
S4,state_dependent_rule,False,200089,0.5,0.25,4,2,332,1,2,0.6666666666666666,1.0,19.5,167.23942046444066,0.6153106249296768,2.835452301876603,0.006798292087813622,0.9932017079121864,161,0,0,11217.543350199267,11217.543350199265,5608.771675099633,1.5,0.37496035357601976,0.1972479841664495,0.0007617143902415178,163.25,65.29999999999997,0.09448712895040752,1,29:wildfire:reserve|34:heatwave:alternative|49:heatwave:origin,0.00828204875655242,0.07864898627356406,0.045675289850614975,0.009488023002011637,0.00012187430243864287,0.0009129020703282252,0.0003718998100641571,44136fa355b3678a
S5,greedy_expected_utility,False,200089,0.375,0.375,3,3,415,0,2,0.6666666666666666,1.0,23.5,179.34101901193677,0.5757360705869224,3.9070921775039724,0.0030262838612355107,0.9969737161387645,172,0,0,11249.355754230895,11249.355754230895,3749.7852514102983,1.5,0.3488017472322997,0.26483594473142225,0.0008763140844948937,198.75,79.49999999999999,0.11067424116576258,1,29:wildfire:reserve|34:heatwave:alternative|49:heatwave:origin,0.007010705572102962,0.0779329396186447,0.0781844331133103,0.007753068230492028,0.00014021025351918304,0.0006456667815604271,0.0003443069261876569,44136fa355b3678a
S6,rule,False,200089,0.875,0.75,7,6,537,537,1,0.3333333333333333,1.0,34.0,511.12896817167274,0.7655772316080994,4.352658378443724,2.2053739331450205e-05,0.9999779462606686,0,0,0,11251.268786268565,11251.268786268567,1875.2114643780942,1.5,0.910007976895805,0.48232003635751575,0.00046993773656744833,0.0,0.0,0.0514632744174897,2,29:wildfire:reserve|34:heatwave:alternative|49:heatwave:origin,0.01600000000000001,0.04734114959355671,0.0,0.0,7.519003785079173e-05,0.0010064287604933159,0.0,44136fa355b3678a
S7,forward_rollout_proxy,False,200089,0.5,0.5,4,4,617,517,2,0.6666666666666666,1.0,22.5,216.0364532709375,0.6574569465838516,2.7183872395427597,0.03449046563521452,0.9655095343647855,147,0,0,11206.407008575681,11206.407008575683,2801.6017521439203,1.5,0.5657770610870737,0.3363960684435892,0.000901094747924581,77.5,31.00000000000001,0.13817244969727116,1,29:wildfire:reserve|34:heatwave:alternative|49:heatwave:origin,0.013434718680945654,0.06964006288974031,0.05841474073683986,0.01197291783861094,0.00014417515966793295,0.0010089002486143631,0.00016732845543544257,44136fa355b3678a
S0,none,False,200090,0.25,0.0,2,0,0,0,3,1.0,1.0,33.0,75.20640982450426,0.43466590531058585,0.0,,,0,0,0,0.0,0.0,0.0,1.312459581476778,0.11852177745084948,0.011852177745084949,0.0001883901924369323,0.0,0.0,0.0,0,15:flood:alternative|20:flood:reserve|25:wildfire:reserve|54:heatwave:origin|59:wildfire:origin|82:flood:reserve,0.009920000000000007,0.06947581019891065,0.0,0.0,3.0142430789909167e-05,0.0005081420597135727,0.0,44136fa355b3678a
S1,rule,False,200090,0.875,0.0,7,0,0,0,0,0.0,0.0,,262.9477349370575,0.535196659582708,0.0,,,0,0,0,11135.683081045987,11135.683081045989,11135.683081045987,1.5,0.6018762861048218,0.07320406182566386,0.00020908134817744297,0.0,0.0,0.06508216607590833,3,15:flood:alternative|20:flood:reserve|25:wildfire:reserve|54:funding_collapse|54:heatwave:origin|59:wildfire:origin|82:flood:reserve|90:funding_collapse,0.011680000000000008,0.058323115226093805,0.0,0.0,3.345301570839087e-05,0.0006667721754898604,0.0,44136fa355b3678a
S2,rule,False,200090,0.5,0.125,4,1,23,0,3,1.0,1.0,35.0,88.32567934999756,0.4995325061210047,2.7128205128205125,0.0,1.0,0,0,0,11253.936772403133,11253.936772403133,11253.936772403133,1.5,0.1650380494434491,0.10840882794353868,0.00024145634986686183,50.75,20.300000000000004,0.04263408935494319,0,15:flood:alternative|20:flood:reserve|25:wildfire:reserve|54:funding_collapse|54:heatwave:origin|59:wildfire:origin|82:flood:reserve|90:funding_collapse,0.005219182168165431,0.09049240822416943,0.03338867263170014,0.012654823405222011,3.863301597869789e-05,0.0007407913140282891,9.327254828617679e-05,44136fa355b3678a
S3,rule,False,200090,0.625,0.375,5,3,262,0,2,0.6666666666666666,1.0,38.0,178.49521261040408,0.6161202405492474,2.536965820998559,0.00421444377650312,0.9957855562234968,22,177,22,11100.04026545078,11100.04026545078,3700.0134218169264,1.5,0.31484332734550563,0.2407604389450981,0.0004064943555430556,49.75,19.900000000000002,0.07578224000280964,1,15:flood:alternative|20:flood:reserve|25:wildfire:reserve|54:funding_collapse|54:heatwave:origin|59:wildfire:origin|82:flood:reserve|90:funding_collapse,0.007965931542135212,0.07683744480295325,0.044709814751245754,0.007510268387601295,6.503909688688889e-05,0.0007742288339124316,9.83945912470671e-05,44136fa355b3678a
S4,state_dependent_rule,False,200090,0.5,0.25,4,2,284,0,1,0.3333333333333333,1.0,68.0,161.57701566910447,0.6119221659084951,4.3076294984596935,0.001409347358044323,0.9985906526419557,112,0,0,11100.315061831623,11100.315061831623,5550.157530915812,1.5,0.24469535865366931,0.19654875936677016,0.0006182133568713713,156.25,62.499999999999964,0.0825146425840314,2,15:flood:alternative|20:flood:reserve|25:wildfire:reserve|54:funding_collapse|54:heatwave:origin|59:wildfire:origin|82:flood:reserve|90:funding_collapse,0.0076780519392430245,0.07766491828926302,0.04708713829426998,0.007193440581933979,9.891413709941942e-05,0.0007001039817118622,0.0003544194570712717,44136fa355b3678a
S5,greedy_expected_utility,False,200090,0.5,0.375,4,3,351,0,1,0.3333333333333333,1.0,26.0,175.58591601549622,0.5813619459231113,3.1777178766417915,0.0029203400175514655,0.9970796599824485,125,0,0,11125.134603831946,11125.134603831946,3708.3782012773154,1.5,0.2334815016904467,0.24657195509129848,0.0005564544683971539,200.0,79.99999999999999,0.1134831307791794,2,15:flood:alternative|20:flood:reserve|25:wildfire:reserve|54:funding_collapse|54:heatwave:origin|59:wildfire:origin|82:flood:reserve|90:funding_collapse,0.0068894249187553495,0.07811492057665335,0.07068697248728488,0.00725470368864577,8.903271494354464e-05,0.0007160560971794037,0.00036192709417111953,44136fa355b3678a
S6,rule,False,200090,0.75,0.0,6,0,0,0,0,0.0,0.0,,332.5871232651672,0.5873520142114054,0.0,,,0,0,0,11154.296921026644,11154.296921026646,11154.296921026644,1.5,0.741021362951113,0.07996674510074979,0.00020884480103455395,0.0,0.0,0.029323044028192465,3,15:flood:alternative|20:flood:reserve|25:wildfire:reserve|54:funding_collapse|54:heatwave:origin|59:wildfire:origin|82:flood:reserve|90:funding_collapse,0.012640000000000009,0.05498027775867199,0.0,0.0,3.341516816552863e-05,0.0006942928617572643,0.0,44136fa355b3678a
S7,forward_rollout_proxy,False,200090,0.625,0.125,5,1,87,70,0,0.0,0.0,,169.08005069898846,0.703030130764812,1.9934158546220702,0.014214756342147665,0.9857852436578524,57,0,0,11082.507139254889,11082.507139254889,11082.507139254889,1.5,0.4073472742750634,0.1370349595291916,0.00029521015982193603,51.25,20.500000000000018,0.10058036777732268,3,15:flood:alternative|20:flood:reserve|25:wildfire:reserve|54:funding_collapse|54:heatwave:origin|59:wildfire:origin|82:flood:reserve|90:funding_collapse,0.01398818988241364,0.0777753751505291,0.0010851363710961729,0.0012482298020880112,4.723362557150976e-05,0.0006440013104824283,0.00046328448208529964,44136fa355b3678a
S0,none,False,200091,0.125,0.0,1,0,0,0,3,1.0,1.0,31.0,63.03237943357638,0.46268657848753614,0.0,,,0,0,0,0.0,0.0,0.0,1.5,0.1823822157956707,0.01823822157956707,0.00040144454648215406,0.0,0.0,0.0,0,17:heatwave:semiwild|61:heatwave:alternative|76:heatwave:semiwild|91:heatwave:semiwild,0.010560000000000007,0.07392873390816321,0.0,0.0,6.423112743714465e-05,0.0005604564768636408,0.0,44136fa355b3678a
S1,rule,False,200091,0.625,0.625,5,5,387,387,0,0.0,0.0,,408.93731664781365,0.7559984705299055,3.9919807212965566,0.0,1.0,0,0,0,11085.506593827668,11085.506593827668,2217.1013187655335,1.5,0.870488384262979,0.4284534330939057,0.00020655571513052292,0.0,0.0,0.10117393727321118,3,17:heatwave:semiwild|30:funding_collapse|39:funding_collapse|49:funding_collapse|61:heatwave:alternative|71:funding_collapse|76:heatwave:semiwild|80:funding_collapse|91:heatwave:semiwild,0.01600000000000001,0.056915927129664166,0.0,0.0,3.3048914420883664e-05,0.0010525534260092976,0.0,44136fa355b3678a
S2,rule,False,200091,0.5,0.125,4,1,38,0,1,0.3333333333333333,1.0,24.0,88.91568532829616,0.5013274451674328,3.1255411255411256,0.0,1.0,0,0,0,11165.863322163275,11165.863322163275,11165.863322163275,1.5,0.2895745036884387,0.12930733485998155,0.0004710502248552403,70.75,28.300000000000008,0.06422236617863215,2,17:heatwave:semiwild|30:funding_collapse|39:funding_collapse|49:funding_collapse|61:heatwave:alternative|71:funding_collapse|76:heatwave:semiwild|80:funding_collapse|91:heatwave:semiwild,0.005521112762377326,0.09246096143562912,0.03556065052897796,0.010452265189858655,7.536803597683845e-05,0.0007709942364888489,0.00016737264148351417,44136fa355b3678a
S3,rule,False,200091,0.625,0.375,5,3,479,0,0,0.0,0.0,,200.19898293711748,0.6065644066939336,3.5831418377481685,0.008605062085092598,0.9913949379149074,38,206,38,11108.754994331122,11108.754994331122,3702.9183314437073,1.5,0.5769301341766274,0.27874516904639146,0.00035176295320055824,61.0,24.399999999999995,0.08235368625623524,3,17:heatwave:semiwild|30:funding_collapse|39:funding_collapse|49:funding_collapse|61:heatwave:alternative|71:funding_collapse|76:heatwave:semiwild|80:funding_collapse|91:heatwave:semiwild,0.008124735255779919,0.07806640911812958,0.055185284835130216,0.005976614479781453,5.6282072512089324e-05,0.0007768793862802763,0.00010941227264430777,44136fa355b3678a
S4,state_dependent_rule,False,200091,0.625,0.375,5,3,341,289,0,0.0,0.0,,204.36841143710228,0.635678753800727,4.140734850230584,0.10425680699658287,0.8957431930034171,166,0,0,11073.624373630963,11073.624373630963,3691.2081245436543,1.5,0.4747258992595292,0.28169218210684066,0.0003156733241879024,124.25,49.70000000000001,0.12031121839290945,3,17:heatwave:semiwild|30:funding_collapse|39:funding_collapse|49:funding_collapse|61:heatwave:alternative|71:funding_collapse|76:heatwave:semiwild|80:funding_collapse|91:heatwave:semiwild,0.013263877592113647,0.06940537580916378,0.08554524928660749,0.008167554728430015,5.050773187006438e-05,0.0007426647104499118,0.00018848878463764623,44136fa355b3678a
S5,greedy_expected_utility,False,200091,0.5,0.5,4,4,510,308,0,0.0,0.0,,224.77288885719764,0.6270812747009732,3.0570784830112,0.0046005245880850285,0.995399475411915,262,0,0,11067.978330519323,11067.978330519323,2766.994582629831,1.5,0.4480136957281355,0.3285799906300403,0.00048563628938931287,178.25,71.3,0.14103918113557357,3,17:heatwave:semiwild|30:funding_collapse|39:funding_collapse|49:funding_collapse|61:heatwave:alternative|71:funding_collapse|76:heatwave:semiwild|80:funding_collapse|91:heatwave:semiwild,0.012375828690345926,0.07370343685117138,0.07500272981083858,0.014063932963157727,7.770180630229007e-05,0.0009746398229528697,0.0002460827913911702,44136fa355b3678a
S6,rule,False,200091,0.75,0.75,6,6,948,948,0,0.0,0.0,,660.2663639461279,0.778959268068635,5.702406659323258,0.0,1.0,0,0,0,11095.279505218134,11095.279505218135,1849.2132508696889,1.5,0.9573540704795662,0.49961630645225663,0.0002063983488132095,0.0,0.0,0.04678416405533699,3,17:heatwave:semiwild|30:funding_collapse|39:funding_collapse|49:funding_collapse|61:heatwave:alternative|71:funding_collapse|76:heatwave:semiwild|80:funding_collapse|91:heatwave:semiwild,0.01600000000000001,0.033995588230535626,0.0,0.0,3.302373581011352e-05,0.0010121199650192112,0.0,44136fa355b3678a
S7,forward_rollout_proxy,False,200091,0.625,0.625,5,5,924,924,0,0.0,0.0,,276.5642107375016,0.5406852928463295,3.9509837111902923,0.0006979493486612038,0.9993020506513388,44,0,0,11067.56277943564,11067.562779435642,2213.512555887128,1.5,0.7029394610919465,0.42423466196513643,0.0004049396935547387,62.5,25.00000000000001,0.1659043937201944,3,17:heatwave:semiwild|30:funding_collapse|39:funding_collapse|49:funding_collapse|61:heatwave:alternative|71:funding_collapse|76:heatwave:semiwild|80:funding_collapse|91:heatwave:semiwild,0.013861552036090092,0.04905458009967972,0.1959505648930719,0.018055491989727647,6.479035096875819e-05,0.0012161130564564723,5.714048316227799e-05,44136fa355b3678a
S0,none,False,200092,0.0,0.0,0,0,0,0,3,1.0,1.0,22.0,55.54931913089,0.24048035275222837,0.0,,,0,0,0,0.0,0.0,0.0,1.4660203273947516,0.24796666666666647,0.024796666666666647,7.692307692307693e-05,0.0,0.0,0.0,0,7:flood:semiwild|23:wildfire:origin|87:flood:semiwild,0.005440000000000004,0.035938825804181326,0.0,0.0,1.2307692307692308e-05,0.0003285137512826482,0.0,44136fa355b3678a
S1,rule,False,200092,0.375,0.0,3,0,0,0,0,0.0,0.0,,116.29889791864211,0.6412973559610754,0.0,,,0,0,0,11233.667943668694,11233.667943668697,11233.667943668694,1.5,0.7727146524195128,0.09001623048661703,9.993765586034913e-05,0.0,0.0,0.06372382622332873,3,7:flood:semiwild|23:wildfire:origin|87:flood:semiwild,0.01424000000000001,0.08234628063233322,0.0,0.0,1.599002493765586e-05,0.0008003733816539838,0.0,44136fa355b3678a
S2,rule,False,200092,0.125,0.125,1,1,31,0,3,1.0,1.0,24.0,72.05524800592099,0.4782713569983242,2.8858858858858856,0.0,1.0,0,0,0,11325.646511240207,11325.64651124021,11325.646511240207,1.5,0.35669287317457293,0.12787980251979206,5.390835579514825e-05,33.0,13.200000000000001,0.03550828171737949,0,7:flood:semiwild|23:wildfire:origin|87:flood:semiwild,0.004150268398593192,0.09177406752077469,0.03392481032569182,0.013297013442787567,8.62533692722372e-06,0.0007522363730602177,7.679963942333623e-05,44136fa355b3678a
S3,rule,False,200092,0.375,0.25,3,2,225,0,1,0.3333333333333333,1.0,18.0,147.9558419074672,0.5678372269928604,4.4802331564845534,0.0006377667853745983,0.9993622332146254,11,117,11,11263.915390774988,11263.915390774988,5631.957695387494,1.5,0.6264342237967077,0.23247516870199886,5e-05,32.0,12.8,0.0626470737874128,2,7:flood:semiwild|23:wildfire:origin|87:flood:semiwild,0.00468219672500674,0.07545919649207423,0.06464895745696678,0.01084527605645434,8e-06,0.0007415935050743485,8.292376024339706e-05,44136fa355b3678a
S4,state_dependent_rule,False,200092,0.5,0.5,4,4,581,526,1,0.3333333333333333,1.0,15.0,224.5574844853737,0.5627549974505037,4.059557538251649,0.00018028358031232705,0.9998197164196877,255,0,0,11247.52637338965,11247.52637338965,2811.8815933474125,1.5,0.5449013629241545,0.3449859942004858,0.00030064708856811993,144.0,57.59999999999998,0.12450141262776945,2,7:flood:semiwild|23:wildfire:origin|87:flood:semiwild,0.012123180264447087,0.06827640148868083,0.14016754234576934,0.019471332049567074,4.810353417089919e-05,0.0010035207082991463,0.00018968242430869256,44136fa355b3678a
S5,greedy_expected_utility,False,200092,0.625,0.25,5,2,380,289,0,0.0,0.0,,169.5889365496254,0.6563812513541418,2.8741908098726157,0.005136933530408806,0.9948630664695912,253,0,0,11247.848774371743,11247.848774371743,5623.924387185872,1.5,0.5179150372515895,0.21935020335806601,0.0004967521091765878,156.5,62.600000000000016,0.1315839576709045,3,7:flood:semiwild|23:wildfire:origin|87:flood:semiwild,0.012589466093211446,0.07248481907966918,0.050296724541626946,0.011593719549876123,7.948033746825406e-05,0.0007889516044869609,0.00036701540496435095,44136fa355b3678a
S6,rule,False,200092,0.5,0.25,4,2,141,141,0,0.0,0.0,,202.01132294464293,0.7401934524789593,2.9273413677943956,0.006581690991732144,0.9934183090082679,0,0,0,11245.065963178773,11245.065963178775,5622.5329815893865,1.5,0.8608023015761394,0.23469898425127667,9.864066193853428e-05,0.0,0.0,0.034226702078593706,3,7:flood:semiwild|23:wildfire:origin|87:flood:semiwild,0.01600000000000001,0.07302945387806728,0.0,0.0,1.5782505910165485e-05,0.0007613111370637994,0.0,44136fa355b3678a
S7,forward_rollout_proxy,False,200092,0.75,0.75,6,6,911,911,0,0.0,0.0,,226.65843800449358,0.4824252996023006,2.8283586355000288,0.0024941170711839894,0.997505882928816,27,0,0,11228.090828963086,11228.090828963086,1871.3484714938477,1.5,0.6699999999999999,0.47129056118015505,0.0002029421027369044,33.0,13.199999999999998,0.1925348741257737,3,7:flood:semiwild|23:wildfire:origin|87:flood:semiwild,0.013238726723188687,0.04564716893349771,0.250105630925525,0.022240023067908538,3.24707364379047e-05,0.0011176412037709213,7.422480760823362e-05,44136fa355b3678a
S0,none,False,200093,0.0,0.0,0,0,0,0,3,1.0,1.0,35.333333333333336,57.90473202273029,0.34447992352804113,0.0,,,0,0,0,0.0,0.0,0.0,1.5,0.24796666666666647,0.024796666666666647,0.00017860202042175967,0.0,0.0,0.0,0,93:flood:origin,0.007680000000000005,0.045804060229867584,0.0,0.0,2.857632326748155e-05,0.00040743991882397453,0.0,44136fa355b3678a
S1,rule,False,200093,0.625,0.5,5,4,89,89,0,0.0,0.0,,399.6791294105899,0.7538276689934313,3.7665905066800205,0.0,1.0,0,0,0,11181.268704248641,11181.268704248641,2795.3171760621603,1.5,0.7684535053953284,0.3601773007300817,0.00010498687664041995,0.0,0.0,0.10333022561874322,3,70:funding_collapse|75:funding_collapse|93:flood:origin,0.01600000000000001,0.05912054513756651,0.0,0.0,1.6797900262467193e-05,0.00103498796873987,0.0,44136fa355b3678a
S2,rule,False,200093,0.375,0.125,3,1,3,0,2,0.6666666666666666,1.0,23.0,68.2755680943806,0.48068381513946074,1.0,0.0,1.0,0,0,0,11302.75881011559,11302.758810115589,11302.75881011559,1.5,0.3564731512437767,0.11321624712904431,0.00012546492744512546,54.25,21.700000000000006,0.05659466002333319,1,70:funding_collapse|75:funding_collapse|93:flood:origin,0.004240623497717274,0.09186291765410616,0.03488677151609452,0.011366843003381673,2.0074388391220076e-05,0.0006697295299723733,0.0001327618346442848,44136fa355b3678a
S3,rule,False,200093,0.5,0.375,4,3,328,0,2,0.6666666666666666,1.0,28.5,171.67426258574415,0.6157067466091861,3.369542869836304,0.0031146948922098987,0.99688530510779,47,183,47,11174.41446920166,11174.41446920166,3724.80482306722,1.5,0.6234269928318436,0.2798329111847402,0.00010498687664041995,57.5,23.000000000000004,0.07522391601596401,1,70:funding_collapse|75:funding_collapse|93:flood:origin,0.007896200298820462,0.07633806489944049,0.046803370993683015,0.006089242796830583,1.6797900262467193e-05,0.0006143488394016142,0.00010598596021344936,44136fa355b3678a
S4,state_dependent_rule,False,200093,0.5,0.5,4,4,828,691,2,0.6666666666666666,1.0,24.0,260.16534705081995,0.5970119837432011,3.908761243697673,0.005142181494209905,0.9948578185057901,345,0,0,11176.088485940087,11176.088485940087,2794.0221214850217,1.5,0.5430154026954858,0.34330722206986786,0.00025940824384426063,179.0,71.6,0.12459034681671255,1,70:funding_collapse|75:funding_collapse|93:flood:origin,0.012437863455496119,0.06838625910823029,0.1075854360147945,0.017115750671313615,4.150531901508171e-05,0.0009757983611869392,0.00020114078323086603,44136fa355b3678a
S5,greedy_expected_utility,False,200093,0.75,0.5,6,4,694,548,2,0.6666666666666666,1.0,21.5,271.5746852715564,0.5908684002915219,3.622491996253685,0.0020047763542982,0.9979952236457018,395,0,0,11191.376760092187,11191.376760092187,2797.844190023047,1.5,0.5165597089088801,0.3437656877070928,0.0001789276279785102,204.5,81.8,0.15442398426833992,1,70:funding_collapse|75:funding_collapse|93:flood:origin,0.012032283298148263,0.07147247906246024,0.10667961150476434,0.017798438344481114,2.8628420476561637e-05,0.0010146107436208702,0.00021362552410036787,44136fa355b3678a
S6,rule,False,200093,1.0,0.875,8,7,493,493,0,0.0,0.0,,674.355818024677,0.7736915845700234,5.194633678179993,0.0006488862569800279,0.99935111374302,0,0,0,11191.277186533314,11191.277186533316,1598.7538837904735,1.5,0.853955307488457,0.5415705438093038,0.00018627645014303136,0.0,0.0,0.05239338139329085,3,70:funding_collapse|75:funding_collapse|93:flood:origin,0.01600000000000001,0.039412848560251644,0.0,0.0,2.9804232022885017e-05,0.0008657626377023693,0.0,44136fa355b3678a
S7,forward_rollout_proxy,False,200093,0.625,0.625,5,5,1029,1029,0,0.0,0.0,,282.43779510852005,0.5444061628037821,4.380481811851927,0.0011150080498359821,0.998884991950164,52,0,0,11167.326477159448,11167.326477159446,2233.4652954318894,1.5,0.6699999999999999,0.42721758671170307,0.00010498687664041995,67.75,27.100000000000023,0.175813842965919,3,70:funding_collapse|75:funding_collapse|93:flood:origin,0.013902393760216378,0.048340387333698207,0.19430383221859582,0.01597425497382321,1.6797900262467193e-05,0.0009493714286949351,6.65233148094936e-05,44136fa355b3678a
S0,none,False,200094,0.25,0.0,2,0,0,0,3,1.0,1.0,27.666666666666668,69.64062286899865,0.3977659652183629,0.0,,,0,0,0,0.0,0.0,0.0,1.5,0.13323060362190237,0.013323060362190237,0.0002544701893233004,0.0,0.0,0.0,0,69:heatwave:alternative|97:flood:reserve,0.008960000000000006,0.05757487123060394,0.0,0.0,4.071523029172806e-05,0.0004584483207415137,0.0,44136fa355b3678a
S1,rule,False,200094,0.75,0.5,6,4,338,338,1,0.3333333333333333,1.0,35.0,397.20907100984584,0.7576749927551027,5.173209229248577,0.0,1.0,0,0,0,11148.228704248642,11148.228704248642,2787.0571760621606,1.5,0.7780745416634431,0.3751670718888205,0.00020100502512562814,0.0,0.0,0.10313762714995173,2,47:funding_collapse|48:funding_collapse|55:funding_collapse|69:heatwave:alternative|97:flood:reserve,0.01600000000000001,0.055294070858489495,0.0,0.0,3.21608040201005e-05,0.0009987755823874706,0.0,44136fa355b3678a
S2,rule,False,200094,0.25,0.125,2,1,41,0,3,1.0,1.0,24.666666666666668,63.80445182603419,0.497604300185553,2.1305449936628644,0.0,1.0,0,0,0,11234.840558879328,11234.840558879328,11234.840558879328,1.5,0.19352873407704943,0.10646018831535399,0.0003209977351147857,46.75,18.700000000000003,0.047759324855101995,0,47:funding_collapse|48:funding_collapse|55:funding_collapse|69:heatwave:alternative|97:flood:reserve,0.004552836900995006,0.09113284763277205,0.024509784059470956,0.01112299500418057,5.1359637618365713e-05,0.0006703908793140262,0.00011286620596439037,44136fa355b3678a
S3,rule,False,200094,0.375,0.375,3,3,327,0,1,0.3333333333333333,1.0,21.0,154.62444498191803,0.6261703161091595,3.537313647806682,0.09035460470671368,0.9096453952932864,22,153,22,11122.33507564815,11122.33507564815,3707.44502521605,1.5,0.48090661919114225,0.26719162087537107,0.00027601666667250466,43.75,17.499999999999996,0.07488911239095017,2,47:funding_collapse|48:funding_collapse|55:funding_collapse|69:heatwave:alternative|97:flood:reserve,0.008456971803331772,0.07482712670746407,0.041853650015022115,0.007331314158030535,4.4162666667600744e-05,0.0007478997798378569,0.00012565733662024938,44136fa355b3678a
S4,state_dependent_rule,False,200094,0.625,0.625,5,5,301,229,1,0.3333333333333333,1.0,21.0,207.62420387173552,0.6067916965462284,2.93959657660944,0.003051570830496136,0.9969484291695039,174,0,0,11132.074547001943,11132.074547001943,2226.4149094003888,1.5,0.3795610327526597,0.3766332147045195,0.00022639315002493388,146.25,58.499999999999986,0.14015572831579595,2,47:funding_collapse|48:funding_collapse|55:funding_collapse|69:heatwave:alternative|97:flood:reserve,0.01322656918873414,0.07249982110386156,0.0996943362442993,0.01976238730750177,3.6222904003989416e-05,0.0011242681727504156,0.00022859384280338055,44136fa355b3678a
S5,greedy_expected_utility,False,200094,0.375,0.375,3,3,241,128,1,0.3333333333333333,1.0,26.0,192.66272383180802,0.6307728479567019,3.7433904646850085,0.00244833338647302,0.997551666613527,220,0,0,11133.171107268823,11133.171107268823,3711.057035756274,1.5,0.35287037128626003,0.26440286743297164,0.0006868393838184708,165.75,66.29999999999998,0.11465962828747753,2,47:funding_collapse|48:funding_collapse|55:funding_collapse|69:heatwave:alternative|97:flood:reserve,0.012686445488457437,0.07227495167176727,0.06918312593095371,0.020428406071759015,0.00010989430141095532,0.0012055286580808344,0.000264325351774042,44136fa355b3678a
S6,rule,False,200094,0.875,0.75,7,6,861,861,0,0.0,0.0,,612.1296256973355,0.7802558780023666,5.2467843400910406,0.0,1.0,0,0,0,11158.237186533313,11158.237186533315,1859.7061977555522,1.5,0.8696320049671309,0.486586890014418,0.00020100502512562814,0.0,0.0,0.04827923058397273,3,47:funding_collapse|48:funding_collapse|55:funding_collapse|69:heatwave:alternative|97:flood:reserve,0.01600000000000001,0.032592418607715105,0.0,0.0,3.21608040201005e-05,0.00111954258589832,0.0,44136fa355b3678a
S7,forward_rollout_proxy,False,200094,0.625,0.625,5,5,810,810,1,0.3333333333333333,1.0,31.0,269.37357264353477,0.5674112224674799,4.285764679520404,0.0012724962970351275,0.9987275037029649,41,0,0,11119.254939538774,11119.254939538776,2223.8509879077546,1.5,0.6115404785987807,0.4179830896197849,0.0005145011260129823,65.25,26.100000000000016,0.1636069748235141,2,47:funding_collapse|48:funding_collapse|55:funding_collapse|69:heatwave:alternative|97:flood:reserve,0.014150498500741834,0.051681086719829794,0.16952958845983193,0.015367457512941047,8.232018016207716e-05,0.0010870725933133018,6.674070640151498e-05,44136fa355b3678a
S0,none,False,200095,0.25,0.0,2,0,0,0,3,1.0,1.0,35.333333333333336,69.31309367594511,0.3914785425971091,0.0,,,0,0,0,0.0,0.0,0.0,1.338265208070481,0.1206876790192886,0.01206876790192886,0.0002724992926389778,0.0,0.0,0.0,0,6:heatwave:reserve|17:heatwave:reserve|34:wildfire:reserve|76:heatwave:alternative,0.008800000000000007,0.05582270592519464,0.0,0.0,4.3599886822236455e-05,0.0003551515908741085,0.0,44136fa355b3678a
S1,rule,False,200095,0.75,0.5,6,4,225,225,0,0.0,0.0,,389.6341149297867,0.7575396586116512,4.695634100929852,0.0,1.0,0,0,0,11146.123595158235,11146.123595158235,2786.5308987895587,1.5,0.7419996695582703,0.3660370584081177,0.00037314661763867906,0.0,0.0,0.0994037522149605,3,6:heatwave:reserve|17:heatwave:reserve|32:funding_collapse|34:wildfire:reserve|76:heatwave:alternative,0.01600000000000001,0.055500672506757116,0.0,0.0,5.970345882218865e-05,0.0008999654227696258,0.0,44136fa355b3678a
S2,rule,False,200095,0.25,0.25,2,2,57,0,1,0.3333333333333333,1.0,18.0,85.93308630729398,0.4622898739547137,2.131623931623931,0.0,1.0,0,0,0,11317.18829148079,11317.18829148079,5658.594145740395,1.5,0.1674653906240758,0.16109744419359692,0.00028921568627450977,66.75,26.700000000000003,0.05267332907475015,2,6:heatwave:reserve|17:heatwave:reserve|32:funding_collapse|34:wildfire:reserve|76:heatwave:alternative,0.00466180278075813,0.09141198600275013,0.05963556698863104,0.011923271656663476,4.627450980392157e-05,0.0006996213478004353,0.00013801251985262735,44136fa355b3678a
S3,rule,False,200095,0.5,0.375,4,3,395,0,2,0.6666666666666666,1.0,20.5,179.38170128035597,0.6010302800398096,3.722001344020137,0.00040278497908212576,0.9995972150209179,36,207,36,11139.48186131355,11139.48186131355,3713.16062043785,1.5,0.3191548342255565,0.2526286579947826,0.0002816770647653001,60.75,24.300000000000008,0.07371580566012811,1,6:heatwave:reserve|17:heatwave:reserve|32:funding_collapse|34:wildfire:reserve|76:heatwave:alternative,0.007758406211171329,0.07604190847438287,0.05924611562084654,0.006577058406559172,4.506833036244801e-05,0.0006494675480920539,0.00010713835874507416,44136fa355b3678a
S4,state_dependent_rule,False,200095,0.5,0.375,4,3,337,7,1,0.3333333333333333,1.0,15.0,176.0221370914225,0.5829280469887965,3.2075626029734887,0.00844653421264406,0.9915534657873559,141,0,0,11134.304905269117,11134.304905269117,3711.4349684230388,1.5,0.24724761144251442,0.24607128691042746,0.0003816335339056157,168.75,67.49999999999996,0.1026044986822057,2,6:heatwave:reserve|17:heatwave:reserve|32:funding_collapse|34:wildfire:reserve|76:heatwave:alternative,0.007513536059027456,0.0760206892763755,0.0762173719378434,0.007605485307628482,6.106136542489852e-05,0.0007516296064589706,0.0002785589996081299,44136fa355b3678a
S5,greedy_expected_utility,False,200095,0.5,0.375,4,3,256,10,1,0.3333333333333333,1.0,17.0,177.89004351790027,0.6078227560046684,2.415349249697091,0.04412133953291694,0.955878660467083,244,0,0,11120.842043976003,11120.842043976003,3706.947347992001,1.5,0.2356030468070414,0.2407087478274763,0.0003609760959153227,212.75,85.1,0.1212247532490063,2,6:heatwave:reserve|17:heatwave:reserve|32:funding_collapse|34:wildfire:reserve|76:heatwave:alternative,0.007493858920672562,0.07768783551797197,0.04326029492035393,0.008411749004623716,5.775617534645163e-05,0.0007249678257703646,0.00037494726010759745,44136fa355b3678a
S6,rule,False,200095,0.875,0.875,7,7,1069,1069,0,0.0,0.0,,709.3526082922567,0.7780866379383808,4.681733520807255,0.00018203159215595142,0.9998179684078441,0,0,0,11166.751897936221,11166.751897936221,1595.2502711337459,1.5,0.9297543280932531,0.544305528625524,0.00031996213350688466,0.0,0.0,0.053813803040630215,3,6:heatwave:reserve|17:heatwave:reserve|32:funding_collapse|34:wildfire:reserve|76:heatwave:alternative,0.01600000000000001,0.035002058855479086,0.0,0.0,5.119394136110155e-05,0.0008601092647787544,0.0,44136fa355b3678a
S7,forward_rollout_proxy,False,200095,0.5,0.375,4,3,446,425,0,0.0,0.0,,226.40280550939224,0.7323162265126227,3.085747037956251,0.006534508845477917,0.9934654911545221,62,0,0,11092.843029542708,11092.84302954271,3697.614343180903,1.5,0.44026816597099194,0.26921967784841516,0.00028651518473248283,64.75,25.900000000000006,0.12792695435876716,3,6:heatwave:reserve|17:heatwave:reserve|32:funding_collapse|34:wildfire:reserve|76:heatwave:alternative,0.016355803053117346,0.06816848565891,0.000184497077779137,0.00012532472112020859,4.584242955719725e-05,0.0005915681473924252,0.00011381685085446683,44136fa355b3678a
S0,none,False,200096,0.0,0.0,0,0,0,0,3,1.0,1.0,21.666666666666668,41.323147148891806,0.2319788442331288,0.0,,,0,0,0,0.0,0.0,0.0,1.2979407680576303,0.1913,0.01913,0.00010900038299502107,0.0,0.0,0.0,0,11:wildfire:reserve|13:wildfire:origin,0.0052800000000000034,0.03634492827321004,0.0,0.0,1.744006127920337e-05,0.0002787874323819201,0.0,44136fa355b3678a
S1,rule,False,200096,0.375,0.25,3,2,20,20,1,0.3333333333333333,1.0,30.0,125.09207334471863,0.7257774139295219,1.9411764705882353,0.005466666666666666,0.9945333333333334,0,0,0,11164.705482724354,11164.705482724356,5582.352741362177,1.5,0.8027247946282131,0.22606799764633217,0.00021167078477569895,0.0,0.0,0.06941876738814243,2,11:wildfire:reserve|13:wildfire:origin|30:funding_collapse,0.01600000000000001,0.08746120825995059,0.0,0.0,3.386732556411183e-05,0.0007275104849631279,0.0,44136fa355b3678a
S2,rule,False,200096,0.375,0.125,3,1,4,0,3,1.0,1.0,22.333333333333332,54.69671349803003,0.46275653195886157,2.6666666666666665,0.0019291281383800802,0.9980708718616199,0,0,0,11346.041019188224,11346.041019188224,11346.041019188224,1.5,0.2587683948651353,0.11742959424375717,2.6246719160104988e-05,37.5,14.999999999999996,0.04318044045288482,0,11:wildfire:reserve|13:wildfire:origin|30:funding_collapse,0.0031614945720026028,0.09440097258070206,0.02972153948083995,0.014218746829931107,4.199475065616798e-06,0.0008396612153473401,9.690511081148795e-05,44136fa355b3678a
S3,rule,False,200096,0.375,0.375,3,3,310,0,2,0.6666666666666666,1.0,23.0,160.08446265234122,0.5140245265842625,3.5170001333540575,0.0015393520879062462,0.9984606479120938,2,156,2,11251.172051691938,11251.172051691936,3750.3906838973126,1.5,0.5278857820177788,0.2712573840761608,0.0002091654481006036,39.5,15.8,0.07274402270421161,1,11:wildfire:reserve|13:wildfire:origin|30:funding_collapse,0.0038898991176001922,0.07843959452807153,0.10847122353494183,0.011303018045188263,3.3466471696096585e-05,0.000645072316222729,9.550994131295653e-05,44136fa355b3678a
S4,state_dependent_rule,False,200096,0.375,0.375,3,3,459,283,1,0.3333333333333333,1.0,27.0,147.69459639889365,0.5768081405630714,2.5428597613478523,0.007298660164502227,0.9927013398354978,229,0,0,11201.613171062949,11201.613171062949,3733.871057020983,1.5,0.4455689887969901,0.25865767688581176,0.00043552723347778155,158.0,63.199999999999974,0.09961090196317125,2,11:wildfire:reserve|13:wildfire:origin|30:funding_collapse,0.007118192941183193,0.07831885849477517,0.07139779530418372,0.008646041020921888,6.968435735644505e-05,0.000644112156165273,0.00036338051099399306,44136fa355b3678a
S5,greedy_expected_utility,False,200096,0.25,0.125,2,1,286,164,1,0.3333333333333333,1.0,22.0,108.59335526258506,0.620231290202718,2.9898384384823453,0.013715331060047947,0.986284668939952,245,0,0,11226.409643334146,11226.409643334146,11226.409643334146,1.5,0.41928023252094887,0.1423223967941628,0.0005989792214074321,154.5,61.79999999999998,0.07122994578622235,2,11:wildfire:reserve|13:wildfire:origin|30:funding_collapse,0.006958504136860847,0.07593036739908218,0.021640105640034227,0.010143379662541701,9.583667542518914e-05,0.000800861363156149,0.0006220383720920057,44136fa355b3678a
S6,rule,False,200096,0.5,0.25,4,2,271,271,1,0.3333333333333333,1.0,29.0,224.57031163301676,0.7498935251294427,4.341207211870939,0.0,1.0,0,0,0,11182.20223781039,11182.202237810392,5591.101118905195,1.5,0.8905233650009737,0.2506519541352795,0.00012963741497067479,0.0,0.0,0.028437727582363823,2,11:wildfire:reserve|13:wildfire:origin|30:funding_collapse,0.01600000000000001,0.06331531584164296,0.0,0.0,2.0741986395307966e-05,0.000770417042518999,0.0,44136fa355b3678a
S7,forward_rollout_proxy,False,200096,0.125,0.125,1,1,196,196,1,0.3333333333333333,1.0,23.0,129.2306104295395,0.7304626736158747,2.9550769230769234,0.0019333486532105352,0.9980666513467895,53,0,0,11121.383325497332,11121.383325497332,11121.383325497332,1.5,0.5845328189490736,0.15884527431317047,0.0010387691906253648,50.75,20.300000000000015,0.07295611593746934,2,11:wildfire:reserve|13:wildfire:origin|30:funding_collapse,0.016625328058721037,0.05760965306518639,0.00022587017080116773,0.00103187803553048,0.00016620307050005837,0.0008468538001521655,0.00021774755426280602,44136fa355b3678a
S0,none,False,200097,0.0,0.0,0,0,0,0,2,0.6666666666666666,1.0,26.0,46.176287277169855,0.26969269731246787,0.0,,,0,0,0,0.0,0.0,0.0,1.5,0.24796666666666647,0.024796666666666647,0.00019540845788582344,0.0,0.0,0.0,1,26:flood:origin|29:heatwave:semiwild,0.006080000000000005,0.039294128647332616,0.0,0.0,3.126535326173174e-05,0.00030190868693783516,0.0,44136fa355b3678a
S1,rule,False,200097,0.5,0.0,4,0,0,0,1,0.3333333333333333,1.0,21.0,157.0892858779839,0.7002291364985566,0.0,,,0,0,0,11179.261186445317,11179.26118644532,11179.261186445317,1.5,0.7975200273929647,0.09422518200782777,0.00018920581901287744,0.0,0.0,0.07236589634265647,2,2:funding_collapse|26:flood:origin|29:heatwave:semiwild|55:funding_collapse,0.01536000000000001,0.08025647679355849,0.0,0.0,3.027293104206039e-05,0.0009241137768429814,0.0,44136fa355b3678a
S2,rule,False,200097,0.25,0.25,2,2,26,0,1,0.3333333333333333,1.0,23.0,67.96594088915893,0.4515652487695083,1.981042654028436,0.016674442364819672,0.9833255576351804,0,0,0,11306.946457239244,11306.946457239244,5653.473228619622,1.5,0.35651335265616363,0.17905593537087966,0.000670251652587273,49.5,19.800000000000004,0.055470867824894646,2,2:funding_collapse|26:flood:origin|29:heatwave:semiwild|55:funding_collapse,0.0037611085143675854,0.09127868782613618,0.05400884855806663,0.013044266326996597,0.00010724026441396369,0.0006986410621434682,0.00010585608479419692,44136fa355b3678a
S3,rule,False,200097,0.375,0.375,3,3,432,0,1,0.3333333333333333,1.0,13.0,170.03469221990835,0.531403903120373,4.530412691478065,0.0003859467932071573,0.9996140532067929,15,171,15,11193.21900943557,11193.21900943557,3731.07300314519,1.5,0.6240588253837032,0.29105316056209174,0.0001950915540216662,46.5,18.600000000000016,0.07296575554470375,2,2:funding_collapse|26:flood:origin|29:heatwave:semiwild|55:funding_collapse,0.0047513210000949095,0.07680108316432005,0.10008551549919022,0.009757621269256977,3.121464864346659e-05,0.0006275065240463291,9.200439541022726e-05,44136fa355b3678a
S4,state_dependent_rule,False,200097,0.5,0.375,4,3,538,516,1,0.3333333333333333,1.0,20.0,214.34980377330686,0.5944684028127442,3.8596420483983245,0.0038949831115005786,0.9961050168884994,232,0,0,11191.568393582509,11191.568393582509,3730.5227978608364,1.5,0.543424072257246,0.2853539261931896,0.0004194435487269198,143.75,57.49999999999997,0.11832549241740871,2,2:funding_collapse|26:flood:origin|29:heatwave:semiwild|55:funding_collapse,0.012794626231028484,0.06681482895748586,0.12596771708755755,0.009378868046436934,6.711096779630718e-05,0.0005737509847568192,0.00019820914345873526,44136fa355b3678a
S5,greedy_expected_utility,False,200097,0.375,0.375,3,3,400,362,2,0.6666666666666666,1.0,16.0,175.85832239818268,0.6296257288105025,2.6902866164542814,0.04370610908267811,0.9562938909173219,266,0,0,11184.234667173447,11184.234667173447,3728.0782223911488,1.5,0.51638829867883,0.27005859192431,0.0005273205560734249,137.0,54.80000000000001,0.11383447945942074,1,2:funding_collapse|26:flood:origin|29:heatwave:semiwild|55:funding_collapse,0.012947246280051774,0.06762841240629949,0.07873694633392687,0.019406067113572414,8.437128897174799e-05,0.0010450593245871188,0.00023426392353051234,44136fa355b3678a
S6,rule,False,200097,0.625,0.5,5,4,276,276,1,0.3333333333333333,1.0,28.0,323.49457727599,0.7501337939302876,4.306220716610123,0.0,1.0,0,0,0,11189.976184706995,11189.976184706997,2797.4940461767487,1.5,0.8851554365763147,0.3646312330169878,0.00018965618831570574,0.0,0.0,0.04026741096627549,2,2:funding_collapse|26:flood:origin|29:heatwave:semiwild|55:funding_collapse,0.01600000000000001,0.06296335142431143,0.0,0.0,3.034499013051292e-05,0.000872509655270803,0.0,44136fa355b3678a
S7,forward_rollout_proxy,False,200097,0.625,0.625,5,5,983,983,0,0.0,0.0,,237.69933259246488,0.4946973798437948,3.8472163008376334,0.0009732473440867424,0.9990267526559132,49,0,0,11179.476760367488,11179.476760367488,2235.8953520734976,1.5,0.6699999999999999,0.4202349033285036,0.0002346899908864281,48.75,19.500000000000007,0.16756370160063638,3,2:funding_collapse|26:flood:origin|29:heatwave:semiwild|55:funding_collapse,0.013311408547681276,0.045644134501438574,0.2392413917670322,0.021233572364963416,3.7550398541828484e-05,0.0010008147424162258,7.318666789075412e-05,44136fa355b3678a
S0,none,False,200098,0.125,0.0,1,0,0,0,3,1.0,1.0,26.333333333333332,67.47455046760281,0.37049758943561345,0.0,,,0,0,0,0.0,0.0,0.0,1.5,0.1913,0.01913,0.0002129664386530235,0.0,0.0,0.0,0,56:wildfire:reserve|90:heatwave:origin,0.008320000000000006,0.05208944111893628,0.0,0.0,3.4074630184483765e-05,0.0006588948152658464,0.0,44136fa355b3678a
S1,rule,False,200098,0.5,0.5,4,4,124,124,0,0.0,0.0,,404.34404571025146,0.754151760939834,3.6856849918173733,0.0040999999999999995,0.9959,0,0,0,11215.477559645347,11215.477559645347,2803.869389911337,1.5,0.7925788271074641,0.3593682335528228,0.00029953950362859345,0.0,0.0,0.09126750461951326,3,38:funding_collapse|56:wildfire:reserve|90:heatwave:origin,0.01600000000000001,0.058778291605356164,0.0,0.0,4.792632058057496e-05,0.0010220211342291433,0.0,44136fa355b3678a
S2,rule,False,200098,0.25,0.125,2,1,70,0,2,0.6666666666666666,1.0,20.5,78.5969185194986,0.4746412561364909,3.62962962962963,0.0009278670416915605,0.9990721329583084,0,0,0,11324.70529889604,11324.70529889604,11324.70529889604,1.5,0.23810878190210352,0.12626806929034678,0.0006876743528305689,56.25,22.5,0.04955447401920065,1,38:funding_collapse|56:wildfire:reserve|90:heatwave:origin,0.004540649588944287,0.0912345482205584,0.04565838623826037,0.011716941333621288,0.00011002789645289103,0.0007513825681715054,0.00013145373594540777,44136fa355b3678a
S3,rule,False,200098,0.5,0.375,4,3,281,0,1,0.3333333333333333,1.0,18.0,175.4313512244236,0.6172291604633313,3.4837725666645163,0.0007152402662916001,0.9992847597337084,31,202,31,11226.068097502266,11226.068097502264,3742.022699167422,1.5,0.5007793566071219,0.26949716420275927,0.00047762516163553126,58.25,23.299999999999994,0.07915751437700928,2,38:funding_collapse|56:wildfire:reserve|90:heatwave:origin,0.00810746725810137,0.074982993658879,0.047846604068413706,0.00778341184657937,7.642002586168502e-05,0.0008671768965396326,0.00011619944413420366,44136fa355b3678a
S4,state_dependent_rule,False,200098,0.5,0.375,4,3,574,334,1,0.3333333333333333,1.0,17.0,163.99738436115646,0.6568054545363556,2.986672856085029,0.029912443228806904,0.9700875567711931,302,0,0,11208.7583959062,11208.7583959062,3736.2527986354,1.5,0.4194946901829691,0.2639999907940572,0.00036877982327850485,168.5,67.39999999999999,0.11716896607454992,2,38:funding_collapse|56:wildfire:reserve|90:heatwave:origin,0.010294003112992054,0.07664404295214734,0.022557838575400165,0.007176983964415432,5.9004771724560774e-05,0.000822476681466184,0.0004501763940931029,44136fa355b3678a
S5,greedy_expected_utility,False,200098,0.625,0.125,5,1,113,78,1,0.3333333333333333,1.0,17.0,158.1683500447595,0.6686459925826012,4.254915028323891,0.0015261941299933193,0.9984738058700067,330,0,0,11213.054906244484,11213.054906244484,11213.054906244484,1.5,0.39269678628091365,0.15970034994735588,0.00035327762809140195,178.75,71.5,0.108157605180128,2,38:funding_collapse|56:wildfire:reserve|90:heatwave:origin,0.011335126395599445,0.07805011359842547,0.018150387946647896,0.0033994814837349503,5.652442049462431e-05,0.0006603577353469542,0.0004282452220344319,44136fa355b3678a
S6,rule,False,200098,0.75,0.75,6,6,595,595,1,0.3333333333333333,1.0,19.0,656.2678446660935,0.7752743988982451,4.742154407589653,0.0,1.0,0,0,0,11225.353898770172,11225.353898770176,1870.8923164616954,1.5,0.8944490991081221,0.483829419804261,0.00028367301527683266,0.0,0.0,0.04731482908776084,2,38:funding_collapse|56:wildfire:reserve|90:heatwave:origin,0.01600000000000001,0.0376924812657021,0.0,0.0,4.5387682444293226e-05,0.0009877321536086428,0.0,44136fa355b3678a
S7,forward_rollout_proxy,False,200098,0.75,0.625,6,5,789,789,2,0.6666666666666666,1.0,16.0,291.58983502227625,0.7148040653114908,2.8017773930138374,0.012622045197719856,0.9873779548022802,162,0,0,11192.8911720226,11192.8911720226,2238.57823440452,1.5,0.5623145961158503,0.400427892898642,0.00021294775515862875,84.75,33.90000000000003,0.17464329678459287,1,38:funding_collapse|56:wildfire:reserve|90:heatwave:origin,0.015748140756129098,0.06128046175383001,0.017598545289168276,0.007530095576123779,3.407164082538059e-05,0.0010117679213295973,0.00012386493627051674,44136fa355b3678a
S0,none,False,200099,0.125,0.0,1,0,0,0,3,1.0,1.0,28.333333333333332,75.68848477964224,0.37149259851076516,0.0,,,0,0,0,0.0,0.0,0.0,1.5,0.24796666666666647,0.024796666666666647,0.00019271806806625747,0.0,0.0,0.0,0,39:wildfire:origin|53:wildfire:origin|57:heatwave:semiwild|75:flood:semiwild,0.008480000000000007,0.05946557037058455,0.0,0.0,3.0834890890601196e-05,0.0004309962277598601,0.0,44136fa355b3678a
S1,rule,False,200099,0.75,0.0,6,0,0,0,0,0.0,0.0,,188.920063791834,0.5307634511033055,0.0,,,0,0,0,11213.252440912613,11213.252440912613,11213.252440912613,1.5,0.711165515325448,0.08270636945082852,0.00019833397098873614,0.0,0.0,0.05794908959141858,3,39:wildfire:origin|53:wildfire:origin|57:heatwave:semiwild|72:funding_collapse|75:flood:semiwild,0.011680000000000008,0.06276984234609918,0.0,0.0,3.173343535819778e-05,0.0006549731152371513,0.0,44136fa355b3678a
S2,rule,False,200099,0.25,0.125,2,1,47,0,2,0.6666666666666666,1.0,42.0,81.57713079881032,0.4893172361599568,2.8651102464332037,0.0,1.0,0,0,0,11296.63378944402,11296.633789444022,11296.63378944402,1.5,0.3564143510453294,0.12887203832747993,0.0003077136888395246,49.25,19.700000000000003,0.04164750379307468,1,39:wildfire:origin|53:wildfire:origin|57:heatwave:semiwild|72:funding_collapse|75:flood:semiwild,0.005104686482348617,0.09051151418433237,0.04093893115997505,0.011284287130608276,4.923419021432393e-05,0.0006877483257179151,0.00010438764983930936,44136fa355b3678a
S3,rule,False,200099,0.5,0.375,4,3,291,0,0,0.0,0.0,,185.99205763470798,0.5796259236813498,3.019976330623153,0.0001728197043126884,0.9998271802956873,18,166,18,11205.45135609428,11205.45135609428,3735.1504520314265,1.5,0.6244698322314357,0.2764447331346861,0.0003667007233396236,46.0,18.40000000000001,0.07523993302655504,3,39:wildfire:origin|53:wildfire:origin|57:heatwave:semiwild|72:funding_collapse|75:flood:semiwild,0.006607330301338294,0.0780448609797821,0.06780276727447665,0.007300553037422802,5.86721157343398e-05,0.0006584762223048458,8.022970682603586e-05,44136fa355b3678a
S4,state_dependent_rule,False,200099,0.375,0.375,3,3,356,352,0,0.0,0.0,,214.3360878700943,0.6183452214879932,4.361530707746706,0.0015365331160912437,0.9984634668839087,214,0,0,11198.979469924265,11198.979469924265,3732.9931566414216,1.5,0.5436197246726683,0.2875514960651825,0.0009016052933304582,121.5,48.59999999999999,0.10412108260224295,3,39:wildfire:origin|53:wildfire:origin|57:heatwave:semiwild|72:funding_collapse|75:flood:semiwild,0.013199532866286256,0.06792346104661337,0.10376941651985247,0.007554983244832598,0.0001442568469328733,0.0005761543971159682,0.00018211675363347406,44136fa355b3678a
S5,greedy_expected_utility,False,200099,0.5,0.5,4,4,642,616,0,0.0,0.0,,238.64750990121476,0.6134186937912517,3.43810248084131,0.015005166346727897,0.9849948336532721,344,0,0,11208.33531545488,11208.33531545488,2802.08382886372,1.5,0.5169667142375848,0.33802861760452235,0.00047826251377608154,175.5,70.19999999999999,0.13475460686175347,3,39:wildfire:origin|53:wildfire:origin|57:heatwave:semiwild|72:funding_collapse|75:flood:semiwild,0.01294991203031621,0.07191415874310372,0.09273361186758963,0.015235280634586394,7.652200220417303e-05,0.001042208131209801,0.00022454962339113114,44136fa355b3678a
S6,rule,False,200099,0.75,0.0,6,0,0,0,0,0.0,0.0,,265.39177201712084,0.676573289266085,0.0,,,0,0,0,11223.603555816662,11223.603555816664,11223.603555816662,1.5,0.7990512098526515,0.08594055987438896,0.00021891627715553985,0.0,0.0,0.030177194445619025,3,39:wildfire:origin|53:wildfire:origin|57:heatwave:semiwild|72:funding_collapse|75:flood:semiwild,0.01472000000000001,0.07131360463796338,0.0,0.0,3.5026604344886383e-05,0.0009580794916065874,0.0,44136fa355b3678a
S7,forward_rollout_proxy,False,200099,0.5,0.5,4,4,751,751,0,0.0,0.0,,271.8218782163626,0.5552683949675675,3.900295239674361,0.0029383179911778735,0.9970616820088222,26,0,0,11183.876004038,11183.876004038,2795.9690010095,1.5,0.6699999999999999,0.3602913368130313,0.0003193719522144313,40.0,15.999999999999993,0.14644192208143852,3,39:wildfire:origin|53:wildfire:origin|57:heatwave:semiwild|72:funding_collapse|75:flood:semiwild,0.013711005428195951,0.04657694886078849,0.18459925700528704,0.016582843149213992,5.109951235430901e-05,0.0009977016239704649,5.1131814768779316e-05,44136fa355b3678a
S0,none,False,200100,0.0,0.0,0,0,0,0,3,1.0,1.0,24.333333333333332,61.13526461935051,0.30174498643020775,0.0,,,0,0,0,0.0,0.0,0.0,1.3040327330944117,0.11389066666666653,0.011389066666666654,5.555555555555556e-05,0.0,0.0,0.0,0,15:flood:alternative|31:wildfire:origin|46:wildfire:alternative|49:wildfire:alternative,0.006880000000000005,0.04759382108557962,0.0,0.0,8.88888888888889e-06,0.000672303595323716,0.0,44136fa355b3678a
S1,rule,False,200100,0.375,0.0,3,0,0,0,0,0.0,0.0,,138.5959285834718,0.5205706535948216,0.0,,,0,0,0,11180.60085958084,11180.600859580842,11180.60085958084,1.5,0.6082077241064004,0.0707688783975759,7.917349904639918e-05,0.0,0.0,0.04974052993467927,3,15:flood:alternative|31:wildfire:origin|46:wildfire:alternative|49:wildfire:alternative|81:funding_collapse,0.011520000000000008,0.06499857832735235,0.0,0.0,1.266775984742387e-05,0.0004981003179785905,0.0,44136fa355b3678a
S2,rule,False,200100,0.375,0.125,3,1,47,0,1,0.3333333333333333,1.0,15.0,72.53627114140093,0.4827483276205576,2.7716436637390216,0.0,1.0,0,0,0,11285.89287592322,11285.892875923222,11285.89287592322,1.5,0.19152511572171402,0.11243411467959838,8.088016651798989e-05,55.0,22.000000000000004,0.046575832350183796,2,15:flood:alternative|31:wildfire:origin|46:wildfire:alternative|49:wildfire:alternative|81:funding_collapse,0.004471241648576334,0.09065639274431118,0.035488569039813685,0.012358574903990598,1.2940826642878382e-05,0.0007216301538291892,0.000125909971727243,44136fa355b3678a
S3,rule,False,200100,0.375,0.375,3,3,357,0,1,0.3333333333333333,1.0,21.0,170.802163851769,0.555111571814888,3.390756505114959,0.00036223021099341854,0.9996377697890065,13,138,13,11202.25181881426,11202.25181881426,3734.0839396047536,1.5,0.4050355061333133,0.25745609447984275,7.936954686180692e-05,37.75,15.100000000000001,0.0714748940768092,2,15:flood:alternative|31:wildfire:origin|46:wildfire:alternative|49:wildfire:alternative|81:funding_collapse,0.005428381149008085,0.07597892790172456,0.08409850022602684,0.00986275428426008,1.2699127497889108e-05,0.0007619477628144121,7.895432730715123e-05,44136fa355b3678a
S4,state_dependent_rule,False,200100,0.625,0.375,5,3,346,265,1,0.3333333333333333,1.0,20.0,200.92664545369394,0.6184227849637369,4.55560915094155,0.0009071325428357595,0.9990928674571642,186,0,0,11173.93823682024,11173.938236820239,3724.6460789400803,1.5,0.3401272501601982,0.2708327398015299,0.0003707542979447717,132.25,52.900000000000006,0.11256961638047273,2,15:flood:alternative|31:wildfire:origin|46:wildfire:alternative|49:wildfire:alternative|81:funding_collapse,0.012468303245103679,0.07057366691658266,0.08578446022918791,0.018439427457409882,5.932068767116346e-05,0.0009404864995140955,0.00020309993046062726,44136fa355b3678a
S5,greedy_expected_utility,False,200100,0.625,0.5,5,4,572,382,1,0.3333333333333333,1.0,22.0,234.06331327344049,0.5741579108313392,3.4239548036976815,0.0031071360509065597,0.9968928639490935,185,0,0,11189.954003517456,11189.954003517456,2797.488500879364,1.5,0.3188906247147386,0.32229971847309935,0.00032537674853736176,171.5,68.6,0.15585553982324335,2,15:flood:alternative|31:wildfire:origin|46:wildfire:alternative|49:wildfire:alternative|81:funding_collapse,0.012269213303312765,0.07174976704011242,0.13112092527605332,0.015012498980996847,5.206027976597788e-05,0.0008285297955457592,0.0002034011225465292,44136fa355b3678a
S6,rule,False,200100,0.5,0.25,4,2,44,44,1,0.3333333333333333,1.0,36.0,204.28820624480122,0.735441890572865,2.4104918032786884,0.02833978096249544,0.9716602190375045,0,0,0,11194.363901434604,11194.363901434604,5597.181950717302,1.5,0.7361894979310915,0.21735725865513728,7.910104157893259e-05,0.0,0.0,0.0356669541462063,2,15:flood:alternative|31:wildfire:origin|46:wildfire:alternative|49:wildfire:alternative|81:funding_collapse,0.01600000000000001,0.07772966585254881,0.0,0.0,1.2656166652629214e-05,0.0008157874079335096,0.0,44136fa355b3678a
S7,forward_rollout_proxy,False,200100,0.75,0.625,6,5,942,942,0,0.0,0.0,,242.6899378069306,0.48504149881286,3.71290307114862,0.000657797245591725,0.9993422027544083,38,0,0,11174.304428210151,11174.304428210151,2234.86088564203,1.5,0.4656780266666667,0.39947303115593114,7.840477482365709e-05,39.75,15.899999999999993,0.17263098888889128,3,15:flood:alternative|31:wildfire:origin|46:wildfire:alternative|49:wildfire:alternative|81:funding_collapse,0.013352746204715748,0.046932198572186,0.2509589037213088,0.019025342326224014,1.2544763971785135e-05,0.0009945690360046125,6.615409876243046e-05,44136fa355b3678a
S0,none,False,200101,0.125,0.0,1,0,0,0,3,1.0,1.0,30.0,65.29929310278422,0.3575857169816477,0.0,,,0,0,0,0.0,0.0,0.0,1.5,0.1913,0.01913,7.389162561576354e-05,0.0,0.0,0.0,0,71:wildfire:reserve,0.008000000000000005,0.048913023874826426,0.0,0.0,1.1822660098522166e-05,0.0004894364834272337,0.0,44136fa355b3678a
S1,rule,False,200101,0.625,0.625,5,5,376,376,0,0.0,0.0,,417.77422631199806,0.7570209872188249,4.0145147278071,0.0,1.0,0,0,0,11185.193146173466,11185.193146173466,2237.038629234693,1.5,0.853168788815065,0.4286192241590509,0.00015233585858585858,0.0,0.0,0.10953598999736686,3,17:funding_collapse|71:wildfire:reserve|72:funding_collapse,0.01600000000000001,0.0560753539531897,0.0,0.0,2.4373737373737372e-05,0.0008792850906116466,0.0,44136fa355b3678a
S2,rule,False,200101,0.25,0.125,2,1,48,0,1,0.3333333333333333,1.0,54.0,75.1801832697236,0.5071679483732843,1.9692307692307693,0.0,1.0,0,0,0,11259.822645177586,11259.822645177584,11259.822645177586,1.5,0.263648465718379,0.11061502098962603,0.00021650752255032067,60.75,24.300000000000008,0.041539333627402114,2,17:funding_collapse|71:wildfire:reserve|72:funding_collapse,0.005454706032092171,0.09060346707910895,0.027337688835047794,0.013199449619300387,3.464120360805131e-05,0.0008976283356982305,0.00014624700831457628,44136fa355b3678a
S3,rule,False,200101,0.625,0.375,5,3,386,0,0,0.0,0.0,,194.39914292033063,0.5986817208518981,3.8014778403076543,0.0,1.0,30,222,30,11191.293271039513,11191.293271039513,3730.4310903465043,1.5,0.5542620158517336,0.28000428217821804,0.0003683058181089031,63.0,25.200000000000006,0.08906651094984064,3,17:funding_collapse|71:wildfire:reserve|72:funding_collapse,0.007470212056883836,0.07678202685354582,0.06067187710683315,0.006248225158415813,5.8928930897424495e-05,0.0007426313148369647,9.758493593140048e-05,44136fa355b3678a
S4,state_dependent_rule,False,200101,0.625,0.5,5,4,333,102,0,0.0,0.0,,234.53839450697197,0.5942301629128787,3.2368968950034436,0.012204896603522862,0.9877951033964771,238,0,0,11190.279236702634,11190.279236702634,2797.5698091756585,1.5,0.4509775401736242,0.3296726435055842,0.0001785400908548379,182.5,73.0,0.13602960269093645,3,17:funding_collapse|71:wildfire:reserve|72:funding_collapse,0.011080870861849194,0.07285241342199257,0.09581479600670108,0.01470771077130524,2.8566414536774065e-05,0.0009461909695040648,0.00022831440100501952,44136fa355b3678a
S5,greedy_expected_utility,False,200101,0.625,0.5,5,4,575,361,0,0.0,0.0,,245.80661171607258,0.5973875981402003,4.120396020200374,0.005539547615769543,0.9944604523842304,313,0,0,11204.236620790913,11204.23662079091,2801.059155197728,1.5,0.42445584722365703,0.3409744172068128,0.0003440593876843332,214.25,85.7,0.16162436141221687,3,17:funding_collapse|71:wildfire:reserve|72:funding_collapse,0.011523527463447696,0.0745514922060912,0.08827684094073256,0.017930835076438455,5.504950202949331e-05,0.0010242070731004192,0.000251898955238644,44136fa355b3678a
S6,rule,False,200101,1.0,0.875,8,7,1042,1042,0,0.0,0.0,,680.9993525972677,0.7789570095223692,4.664374231307446,0.000798302499509614,0.9992016975004904,0,0,0,11195.207693037797,11195.207693037797,1599.3153847196852,1.5,0.9604839679999998,0.5479015270550331,7.481296758104738e-05,0.0,0.0,0.05729693970979346,3,17:funding_collapse|71:wildfire:reserve|72:funding_collapse,0.01600000000000001,0.03406558191373685,0.0,0.0,1.197007481296758e-05,0.0009654384890810564,0.0,44136fa355b3678a
S7,forward_rollout_proxy,False,200101,0.625,0.625,5,5,1066,1064,0,0.0,0.0,,365.3234505919245,0.6475323461944035,3.334823495375905,0.004064959342245121,0.9959350406577548,151,0,0,11169.182204100021,11169.182204100021,2233.836440820004,1.5,0.6606032689921677,0.4149385263092213,0.0003313599044427204,96.5,38.60000000000005,0.1713998222812274,3,17:funding_collapse|71:wildfire:reserve|72:funding_collapse,0.014670474241603842,0.05515894799185629,0.08371081724612109,0.014199560591992406,5.3017584710835275e-05,0.0012464253488422836,8.486777641882161e-05,44136fa355b3678a
S0,none,False,200102,0.375,0.0,3,0,0,0,3,1.0,1.0,30.666666666666668,71.55527933041367,0.3839168122675182,0.0,,,0,0,0,0.0,0.0,0.0,1.5,0.24796666666666647,0.024796666666666647,0.00021534169660570858,0.0,0.0,0.0,0,43:flood:semiwild,0.008640000000000007,0.055148178087564406,0.0,0.0,3.445467145691337e-05,0.0004605549734604567,0.0,44136fa355b3678a
S1,rule,False,200102,0.625,0.625,5,5,366,366,2,0.6666666666666666,1.0,25.5,416.7076065016611,0.7572789273135284,4.132799812682924,0.0,1.0,0,0,0,11218.772423344019,11218.77242334402,2243.754484668804,1.5,0.8748861566370186,0.4306411366790712,0.0002506799231569016,0.0,0.0,0.10287261444270059,1,12:funding_collapse|43:flood:semiwild,0.01600000000000001,0.05588118140305547,0.0,0.0,4.010878770510425e-05,0.0007997824957111688,0.0,44136fa355b3678a
S2,rule,False,200102,0.375,0.125,3,1,72,0,2,0.6666666666666666,1.0,23.0,80.28155114979045,0.4921596781827806,2.802162162162162,0.0,1.0,0,0,0,11276.137814041118,11276.137814041118,11276.137814041118,1.5,0.3562175896814617,0.13011529754949216,0.0003093040992005076,59.0,23.60000000000001,0.05110958479862189,1,12:funding_collapse|43:flood:semiwild,0.005209752993458079,0.0901413639900986,0.03999344872771973,0.011909575432160537,4.948865587208122e-05,0.0007649458122528724,0.00016384589599896147,44136fa355b3678a
S3,rule,False,200102,0.5,0.375,4,3,401,0,2,0.6666666666666666,1.0,22.5,187.13926334205428,0.5998183268112791,3.503412742175403,0.000504261366808602,0.9994957386331914,35,174,35,11222.317045412467,11222.317045412467,3740.772348470822,1.5,0.6482381124221228,0.2844904591956029,0.00029400507276035727,52.25,20.900000000000002,0.07941260265818274,1,12:funding_collapse|43:flood:semiwild,0.007698882392952362,0.07584989946025181,0.06240973214365644,0.006946812361988535,4.704081164165716e-05,0.0005896649737067064,8.805738089325406e-05,44136fa355b3678a
S4,state_dependent_rule,False,200102,0.5,0.375,4,3,555,480,2,0.6666666666666666,1.0,25.5,226.2102765192757,0.6292547991849721,3.3957750933588025,0.0028022375929734264,0.9971977624070266,276,0,0,11200.986825160911,11200.986825160911,3733.662275053637,1.5,0.5436727188509158,0.2795602766865657,0.00033457324960472665,150.5,60.19999999999995,0.11242626933943024,1,12:funding_collapse|43:flood:semiwild,0.013015918726202301,0.0691606449268587,0.0910725210169793,0.007102916717959128,5.353171993675627e-05,0.0005359835572516739,0.0002040991519880844,44136fa355b3678a
S5,greedy_expected_utility,False,200102,0.75,0.5,6,4,747,578,2,0.6666666666666666,1.0,18.0,263.7540297427838,0.5947096962436048,3.5430836929789424,0.005315799697148314,0.9946842003028517,323,0,0,11229.050551570575,11229.050551570575,2807.262637892644,1.5,0.5174638799043613,0.3444342132057999,0.0005178920955087316,193.25,77.3,0.16128494142787184,1,12:funding_collapse|43:flood:semiwild,0.012233958224480314,0.07204222282693695,0.10469787980157406,0.015255861637280823,8.286273528139704e-05,0.0008562914595107212,0.00020621314312285592,44136fa355b3678a
S6,rule,False,200102,0.875,0.875,7,7,1031,1031,1,0.3333333333333333,1.0,24.0,699.2667739079777,0.7786623727771795,4.1081668440992996,0.0017273391434162073,0.9982726608565838,0,0,0,11228.761983498516,11228.761983498516,1604.1088547855022,1.5,0.9618319999999998,0.5414349976230175,0.0002713248159272939,0.0,0.0,0.052100645910122534,2,12:funding_collapse|43:flood:semiwild,0.01600000000000001,0.03438345298207437,0.0,0.0,4.3411970548367024e-05,0.0009107622701979573,0.0,44136fa355b3678a
S7,forward_rollout_proxy,False,200102,0.5,0.5,4,4,768,768,1,0.3333333333333333,1.0,32.0,273.98155367076345,0.5935953162871322,4.144671073002954,0.00015537723264787728,0.9998446227673521,14,0,0,11198.862952049536,11198.862952049536,2799.715738012384,1.5,0.7398427886597071,0.3697226621729324,0.00026961163838118754,47.0,18.799999999999997,0.14645836288466085,2,12:funding_collapse|43:flood:semiwild,0.013866358571737401,0.04951633489520876,0.15460553260034743,0.006248355692455349,4.313786214099002e-05,0.000527953369114868,5.022279665591633e-05,44136fa355b3678a
S0,none,False,200103,0.125,0.0,1,0,0,0,3,1.0,1.0,27.333333333333332,54.784586713682444,0.36486513184285324,0.0,,,0,0,0,0.0,0.0,0.0,1.3749520477822519,0.11027584367360412,0.011027584367360413,0.000280585022911305,0.0,0.0,0.0,0,19:heatwave:reserve|36:flood:semiwild|40:wildfire:semiwild|56:wildfire:alternative|74:heatwave:origin,0.008160000000000006,0.04984200439120146,0.0,0.0,4.48936036658088e-05,0.0003879701622794892,0.0,44136fa355b3678a
S1,rule,False,200103,0.625,0.375,5,3,30,30,1,0.3333333333333333,1.0,19.0,350.3047253691138,0.7472126409401129,2.204238921001927,0.0,1.0,0,0,0,11167.612157154876,11167.612157154876,3722.5373857182917,1.5,0.8027246627363122,0.29003505517340555,0.0003006998213222156,0.0,0.0,0.09485099844877531,2,9:funding_collapse|19:heatwave:reserve|36:flood:semiwild|40:wildfire:semiwild|52:funding_collapse|56:wildfire:alternative|74:heatwave:origin,0.01600000000000001,0.0658040058775654,0.0,0.0,4.81119714115545e-05,0.0009352412109100612,0.0,44136fa355b3678a
S2,rule,False,200103,0.25,0.125,2,1,36,0,0,0.0,0.0,,76.00939222339468,0.5050512726604403,2.8296943231441047,0.0,1.0,0,0,0,11246.870110598016,11246.870110598016,11246.870110598016,1.5,0.17079216611121442,0.10979882333151844,0.0004972235073730146,54.5,21.8,0.040863317444779765,3,9:funding_collapse|19:heatwave:reserve|36:flood:semiwild|40:wildfire:semiwild|52:funding_collapse|56:wildfire:alternative|74:heatwave:origin,0.005078939830306839,0.0895257708663306,0.025789072572300436,0.012394210486033699,7.955576117968231e-05,0.0007273299978178241,0.0001323809136769622,44136fa355b3678a
S3,rule,False,200103,0.5,0.375,4,3,443,0,1,0.3333333333333333,1.0,33.0,180.5787626184821,0.586176842034424,4.6209400989017295,0.003436215067722718,0.9965637849322773,35,177,35,11171.161864620248,11171.161864620248,3723.7206215400824,1.5,0.4381732517007151,0.2746911706154015,0.0005911623422277515,53.0,21.200000000000003,0.0795722222815632,2,9:funding_collapse|19:heatwave:reserve|36:flood:semiwild|40:wildfire:semiwild|52:funding_collapse|56:wildfire:alternative|74:heatwave:origin,0.007448858156714621,0.07595247463326933,0.07335424518361847,0.006713453653620274,9.458597475644023e-05,0.0006422853377144953,9.725293528317034e-05,44136fa355b3678a
S4,state_dependent_rule,False,200103,0.5,0.25,4,2,305,9,1,0.3333333333333333,1.0,12.0,135.64821783565424,0.6080845060476886,2.83095743922515,0.00587451924753366,0.9941254807524663,116,0,0,11138.843095682932,11138.843095682932,5569.421547841466,1.5,0.35688767077550293,0.1956765410062481,0.0007114536255005792,147.0,58.79999999999996,0.09589099768223136,2,9:funding_collapse|19:heatwave:reserve|36:flood:semiwild|40:wildfire:semiwild|52:funding_collapse|56:wildfire:alternative|74:heatwave:origin,0.00734707543019969,0.0753114455577229,0.04742829803699133,0.008763345279458606,0.00011383258008009267,0.0008029311682322026,0.0003784058679277638,44136fa355b3678a
S5,greedy_expected_utility,False,200103,0.375,0.125,3,1,198,0,1,0.3333333333333333,1.0,26.0,117.80976841489118,0.6263152795408472,2.755799240826655,0.011807751217422958,0.988192248782577,86,0,0,11142.096365309866,11142.096365309866,11142.096365309866,1.5,0.3302325258169108,0.13621853502116454,0.0012678863865017642,172.25,68.90000000000002,0.09693645015603453,2,9:funding_collapse|19:heatwave:reserve|36:flood:semiwild|40:wildfire:semiwild|52:funding_collapse|56:wildfire:alternative|74:heatwave:origin,0.008003989689947932,0.07637998333702374,0.0248089351170553,0.009162816863872558,0.0002028618218402823,0.0009007184055191063,0.0005787258272514103,44136fa355b3678a
S6,rule,False,200103,0.75,0.75,6,6,496,496,0,0.0,0.0,,578.8401146605509,0.7680591702385564,4.0532109187787535,0.0,1.0,0,0,0,11182.134768584396,11182.134768584398,1863.6891280973994,1.5,0.8904245601084448,0.4770550694377175,0.00030274354180180867,0.0,0.0,0.04990252119542743,3,9:funding_collapse|19:heatwave:reserve|36:flood:semiwild|40:wildfire:semiwild|52:funding_collapse|56:wildfire:alternative|74:heatwave:origin,0.01600000000000001,0.044921236935439424,0.0,0.0,4.8438966688289386e-05,0.0009711538593162149,0.0,44136fa355b3678a
S7,forward_rollout_proxy,False,200103,0.5,0.25,4,2,148,67,0,0.0,0.0,,174.73663695311694,0.695918759323154,1.8101721037760081,0.1140560921526618,0.8859439078473382,102,0,0,11123.765273651088,11123.765273651088,5561.882636825544,1.5,0.530020354542819,0.20977171079501816,0.0004843457891446645,64.25,25.70000000000001,0.13083977151488077,3,9:funding_collapse|19:heatwave:reserve|36:flood:semiwild|40:wildfire:semiwild|52:funding_collapse|56:wildfire:alternative|74:heatwave:origin,0.01247909730267217,0.0761127252778755,0.008806853000466342,0.0037100796007265256,7.749532626314634e-05,0.0007608951779704186,0.00026235516572915737,44136fa355b3678a
S0,none,False,200104,0.25,0.0,2,0,0,0,3,1.0,1.0,34.333333333333336,71.81780929326607,0.39681435129739845,0.0,,,0,0,0,0.0,0.0,0.0,1.2729704945242883,0.05722400000000002,0.0057224000000000025,0.0001424928753562322,0.0,0.0,0.0,0,1:heatwave:alternative|10:heatwave:semiwild|35:flood:reserve|37:flood:alternative|54:flood:origin|67:heatwave:origin,0.008960000000000006,0.05846945683063391,0.0,0.0,2.2798860056997152e-05,0.0005333930119108022,0.0,44136fa355b3678a
S1,rule,False,200104,0.75,0.0,6,0,0,0,1,0.3333333333333333,1.0,12.0,287.78512905559137,0.6692627088015679,0.0,,,0,0,0,11096.702752652354,11096.702752652356,11096.702752652354,1.5,0.6918495768523121,0.08619236622865545,0.00013813869746073137,0.0,0.0,0.08503704271712118,2,1:heatwave:alternative|10:heatwave:semiwild|35:flood:reserve|37:flood:alternative|44:funding_collapse|54:flood:origin|67:heatwave:origin|71:funding_collapse|75:funding_collapse,0.01456000000000001,0.07064746733719905,0.0,0.0,2.210219159371702e-05,0.0008077216696392248,0.0,44136fa355b3678a
S2,rule,False,200104,0.375,0.125,3,1,48,0,3,1.0,1.0,31.666666666666668,85.5025551870326,0.4869437659634853,2.6361556064073226,0.0,1.0,0,0,0,11211.095312218604,11211.095312218604,11211.095312218604,1.5,0.10959443353808036,0.1016215269288359,0.00020937612048687785,61.75,24.70000000000001,0.040252637554773193,0,1:heatwave:alternative|10:heatwave:semiwild|35:flood:reserve|37:flood:alternative|44:funding_collapse|54:flood:origin|67:heatwave:origin|71:funding_collapse|75:funding_collapse,0.005198035939642561,0.0902904696000922,0.04494006372397559,0.011704733895634922,3.3500179277900455e-05,0.0007667403197473363,0.00014232394521960536,44136fa355b3678a
S3,rule,False,200104,0.5,0.375,4,3,351,0,1,0.3333333333333333,1.0,17.0,178.14485212510147,0.6152180652114355,3.472046996890356,0.0031356564660710534,0.9968643435339289,17,148,17,11077.771812836918,11077.771812836918,3692.5906042789725,1.5,0.3418248312772021,0.25342982090733684,0.00017472274534421426,41.25,16.500000000000004,0.07888433905356547,2,1:heatwave:alternative|10:heatwave:semiwild|35:flood:reserve|37:flood:alternative|44:funding_collapse|54:flood:origin|67:heatwave:origin|71:funding_collapse|75:funding_collapse,0.008574615677170846,0.07664444546053377,0.054305904875946893,0.006518989726258695,2.7955639255074286e-05,0.0008322645957104649,9.79915547885986e-05,44136fa355b3678a
S4,state_dependent_rule,False,200104,0.5,0.375,4,3,378,1,1,0.3333333333333333,1.0,21.0,178.56152464365627,0.5952437181736503,3.0756576587979665,0.002698975092518404,0.9973010249074816,124,0,0,11083.53709985073,11083.537099850728,3694.5123666169097,1.5,0.26221707780194053,0.2472261233039941,0.00026592967211412876,172.0,68.79999999999998,0.10748919467910176,2,1:heatwave:alternative|10:heatwave:semiwild|35:flood:reserve|37:flood:alternative|44:funding_collapse|54:flood:origin|67:heatwave:origin|71:funding_collapse|75:funding_collapse,0.007548278260108911,0.0777121410551156,0.0635552465914773,0.007182854138191154,4.254874753826061e-05,0.0007859536750501439,0.0003295807522687094,44136fa355b3678a
S5,greedy_expected_utility,False,200104,0.625,0.25,5,2,246,1,0,0.0,0.0,,157.1150747060949,0.6119801961157869,2.9085433740922744,0.023640997487313534,0.9763590025126865,105,0,0,11106.230707707906,11106.230707707906,5553.115353853953,1.5,0.23952716140308983,0.1924118403887694,0.0005195523250232696,203.25,81.29999999999995,0.1343684525376884,3,1:heatwave:alternative|10:heatwave:semiwild|35:flood:reserve|37:flood:alternative|44:funding_collapse|54:flood:origin|67:heatwave:origin|71:funding_collapse|75:funding_collapse,0.007488127509039323,0.07936359936461042,0.03816108291624645,0.00987239217023854,8.312837200372315e-05,0.000834751388418056,0.00047113785514343566,44136fa355b3678a
S6,rule,False,200104,0.875,0.125,7,1,36,36,0,0.0,0.0,,426.07103646387174,0.7520603593723834,4.984615384615385,0.0,1.0,0,0,0,11110.872168443148,11110.872168443151,11110.872168443148,1.5,0.8293204120647973,0.19774770173768536,0.0001410851472471191,0.0,0.0,0.043597533425258884,3,1:heatwave:alternative|10:heatwave:semiwild|35:flood:reserve|37:flood:alternative|44:funding_collapse|54:flood:origin|67:heatwave:origin|71:funding_collapse|75:funding_collapse,0.01600000000000001,0.060959618363679795,0.0,0.0,2.2573623559539055e-05,0.0009574486403773475,0.0,44136fa355b3678a
S7,forward_rollout_proxy,False,200104,0.625,0.125,5,1,112,80,0,0.0,0.0,,180.69247790879322,0.6972376050753444,2.8613138686131383,0.018915115410549264,0.9810848845894508,161,0,0,11070.28096920371,11070.280969203712,11070.28096920371,1.5,0.434563499072438,0.15319382659803843,0.00013879184399415615,86.75,34.700000000000024,0.12437169002331615,3,1:heatwave:alternative|10:heatwave:semiwild|35:flood:reserve|37:flood:alternative|44:funding_collapse|54:flood:origin|67:heatwave:origin|71:funding_collapse|75:funding_collapse,0.01226243920807702,0.07853525942589241,0.006496534054603502,0.002771927948350554,2.2206695039064978e-05,0.0007106066449940621,0.0004383516670669893,44136fa355b3678a
S0,none,False,200105,0.0,0.0,0,0,0,0,3,1.0,1.0,31.333333333333332,72.56965871436898,0.28181393406912425,0.0,,,0,0,0,0.0,0.0,0.0,1.361041589741452,0.1337656849174117,0.01337656849174117,2.4630541871921184e-05,0.0,0.0,0.0,0,1:heatwave:semiwild|27:heatwave:origin|34:heatwave:reserve|40:heatwave:origin|91:heatwave:alternative,0.006400000000000005,0.04344832160497735,0.0,0.0,3.94088669950739e-06,0.00033380343919887776,0.0,44136fa355b3678a
S1,rule,False,200105,0.0,0.0,0,0,0,0,0,0.0,0.0,,136.44174391725156,0.3490808954924396,0.0,,,0,0,0,11199.862626714497,11199.8626267145,11199.862626714497,1.5,0.6739338354252865,0.07514382676237744,2.4271844660194173e-05,0.0,0.0,0.03875221609924395,3,1:heatwave:semiwild|27:heatwave:origin|34:heatwave:reserve|40:heatwave:origin|91:heatwave:alternative|96:funding_collapse,0.007680000000000005,0.04115196840054579,0.0,0.0,3.883495145631068e-06,0.000483252611869011,0.0,44136fa355b3678a
S2,rule,False,200105,0.375,0.0,3,0,0,0,2,0.6666666666666666,1.0,28.5,81.21859504504435,0.44958915357400014,0.0,,,0,0,0,11299.026328926162,11299.026328926162,11299.026328926162,1.5,0.19812539924225933,0.02885482406116997,0.00010516674054760872,50.5,20.2,0.045211420684720165,1,1:heatwave:semiwild|27:heatwave:origin|34:heatwave:reserve|40:heatwave:origin|91:heatwave:alternative|96:funding_collapse,0.004217371549005564,0.08707345705841081,0.018110764242907786,0.007731392340484077,1.68266784876174e-05,0.0005459673850851607,0.0001029669114509468,44136fa355b3678a
S3,rule,False,200105,0.375,0.375,3,3,213,0,0,0.0,0.0,,138.78841436497567,0.5345941311897742,3.0170265664966194,0.0008129209184965196,0.9991870790815035,8,137,8,11224.691605567812,11224.69160556781,3741.563868522604,1.5,0.46680438443164807,0.26111898185858634,2.4390243902439026e-05,36.25,14.500000000000004,0.07759138875227667,3,1:heatwave:semiwild|27:heatwave:origin|34:heatwave:reserve|40:heatwave:origin|91:heatwave:alternative|96:funding_collapse,0.005085944780521342,0.07606226049684453,0.10651493785293413,0.010077546685290501,3.902439024390244e-06,0.0006791489994830445,8.867766862987203e-05,44136fa355b3678a
S4,state_dependent_rule,False,200105,0.25,0.25,2,2,299,30,0,0.0,0.0,,149.0532691940089,0.6012824494020189,2.915520625483158,0.008677892526665575,0.9913221074733344,98,0,0,11206.581642542325,11206.581642542325,5603.290821271163,1.5,0.38550850184768554,0.19812633532809446,0.00018235387722157325,145.0,57.99999999999997,0.08960139444247164,3,1:heatwave:semiwild|27:heatwave:origin|34:heatwave:reserve|40:heatwave:origin|91:heatwave:alternative|96:funding_collapse,0.0063440970820454225,0.07817999749492822,0.041209249431940966,0.009560210784254914,2.9176620355451724e-05,0.0007194803804410397,0.0004937787875913917,44136fa355b3678a
S5,greedy_expected_utility,False,200105,0.25,0.0,2,0,0,0,0,0.0,0.0,,112.5455342769719,0.5744385722337998,0.0,,,117,0,0,11216.837740769624,11216.837740769624,11216.837740769624,1.5,0.35885885226304004,0.05218911816546777,2.4390243902439026e-05,105.0,42.00000000000003,0.08151616469581885,3,1:heatwave:semiwild|27:heatwave:origin|34:heatwave:reserve|40:heatwave:origin|91:heatwave:alternative|96:funding_collapse,0.008473526474097746,0.07404419673966331,0.007748011092156505,0.0035895120385096325,3.902439024390244e-06,0.0005280508057730722,0.0010832873839128334,44136fa355b3678a
S6,rule,False,200105,0.375,0.0,3,0,0,0,0,0.0,0.0,,161.4705443058836,0.43699645989618346,0.0,,,0,0,0,11212.327524338412,11212.327524338414,11212.327524338412,1.5,0.7695050797367152,0.08072168135440906,2.5125628140703518e-05,0.0,0.0,0.01885586690368763,3,1:heatwave:semiwild|27:heatwave:origin|34:heatwave:reserve|40:heatwave:origin|91:heatwave:alternative|96:funding_collapse,0.009600000000000008,0.05080120222274656,0.0,0.0,4.020100502512563e-06,0.0005983177805674543,0.0,44136fa355b3678a
S7,forward_rollout_proxy,False,200105,0.25,0.0,2,0,0,0,0,0.0,0.0,,113.31722420728327,0.40093329574808256,0.0,,,43,0,0,11187.497710841979,11187.49771084198,11187.497710841979,1.5,0.5514932600688728,0.0681693623767349,4.354733202504439e-05,34.75,13.899999999999997,0.06510018184923815,3,1:heatwave:semiwild|27:heatwave:origin|34:heatwave:reserve|40:heatwave:origin|91:heatwave:alternative|96:funding_collapse,0.008706254119969664,0.0445431932925423,0.0007370060232182292,0.0008105241435833819,6.967573124007102e-06,0.0004105923245410015,0.00018855573963407014,44136fa355b3678a
S0,none,False,200106,0.0,0.0,0,0,0,0,3,1.0,1.0,15.666666666666666,12.492758490909347,0.222961648662521,0.0,,,0,0,0,0.0,0.0,0.0,1.4115523916436785,0.1913,0.01913,0.00027634642543608535,0.0,0.0,0.0,0,2:flood:origin|16:wildfire:semiwild|95:heatwave:reserve,0.0052800000000000034,0.04534138204718514,0.0,0.0,4.4215428069773655e-05,0.00027275386222405743,0.0,44136fa355b3678a
S1,rule,False,200106,0.0,0.0,0,0,0,0,1,0.3333333333333333,1.0,27.0,16.657013978707205,0.34029122813936774,0.0,,,0,0,0,11129.869358234439,11129.869358234442,11129.869358234439,1.5,0.6975154845482273,0.07295002837672189,0.00024084429206210122,0.0,0.0,0.01599239960949581,2,2:flood:origin|16:wildfire:semiwild|67:funding_collapse|80:funding_collapse|95:heatwave:reserve,0.007680000000000005,0.04995710369320789,0.0,0.0,3.8535086729936204e-05,0.00043313308069439186,0.0,44136fa355b3678a
S2,rule,False,200106,0.125,0.125,1,1,37,0,3,1.0,1.0,14.666666666666666,18.977804828290285,0.4555701651294751,1.0,0.32225974900660337,0.6777402509933966,0,0,0,11411.58604064343,11411.58604064343,11411.58604064343,1.5,0.27107763727309303,0.09919368275447975,0.0001489252625715987,22.0,8.799999999999997,0.029179595135852228,0,2:flood:origin|16:wildfire:semiwild|67:funding_collapse|80:funding_collapse|95:heatwave:reserve,0.0020234839355043653,0.09709481534868916,0.013702177712898535,0.01580261963076499,2.382804201145579e-05,0.0007491393727637131,0.0001166621370602053,44136fa355b3678a
S3,rule,False,200106,0.25,0.25,2,2,188,0,1,0.3333333333333333,1.0,11.0,66.0537652692281,0.5094918622508025,3.0333085163458713,0.0,1.0,0,68,0,11391.146997484051,11391.146997484051,5695.573498742026,1.5,0.5442689503983816,0.20720530782824817,0.00020865033349722162,17.0,6.799999999999998,0.04972663812475643,2,2:flood:origin|16:wildfire:semiwild|67:funding_collapse|80:funding_collapse|95:heatwave:reserve,0.0015220249331775906,0.07802629458937722,0.10108473822683249,0.011070525965956556,3.3384053359555467e-05,0.0005180012395926909,6.846390536381107e-05,44136fa355b3678a
S4,state_dependent_rule,False,200106,0.5,0.25,4,2,302,248,0,0.0,0.0,,148.7347480317841,0.6082440798015076,3.298750437351797,0.012854464500213538,0.9871455354997865,171,0,0,11253.888271882399,11253.888271882399,5626.944135941199,1.5,0.4586290616606119,0.2118339972619862,0.0003634908375060643,106.5,42.599999999999966,0.1024179336120351,3,2:flood:origin|16:wildfire:semiwild|67:funding_collapse|80:funding_collapse|95:heatwave:reserve,0.012108039563411045,0.0682785751505755,0.10553593544562895,0.011237007993219314,5.8158534000970275e-05,0.0005183636591444562,0.00020865113868807976,44136fa355b3678a
S5,greedy_expected_utility,False,200106,0.375,0.25,3,2,351,255,0,0.0,0.0,,165.73507032402046,0.6203556244087607,2.286271958360442,0.11114160352024467,0.8888583964797553,342,0,0,11301.052086224117,11301.052086224117,5650.526043112059,1.5,0.43275166135229554,0.19863347161197667,0.0003205271067968217,170.75,68.30000000000003,0.09997792946571352,3,2:flood:origin|16:wildfire:semiwild|67:funding_collapse|80:funding_collapse|95:heatwave:reserve,0.009910507642656892,0.06937074673059947,0.06305827308099583,0.012961716751696793,5.128433708749147e-05,0.0006452402777558015,0.0003282388192117915,44136fa355b3678a
S6,rule,False,200106,0.125,0.0,1,0,0,0,1,0.3333333333333333,1.0,40.0,19.94888484667556,0.3900155921714717,0.0,,,0,0,0,11142.718243356376,11142.718243356376,11142.718243356376,1.5,0.7911421000554304,0.08061404750271096,0.00024300005156887135,0.0,0.0,0.00749918748583959,2,2:flood:origin|16:wildfire:semiwild|67:funding_collapse|80:funding_collapse|95:heatwave:reserve,0.008640000000000007,0.04919005348113964,0.0,0.0,3.888000825101941e-05,0.00031547433913755874,0.0,44136fa355b3678a
S7,forward_rollout_proxy,False,200106,0.5,0.375,4,3,387,387,1,0.3333333333333333,1.0,17.0,187.61327137521587,0.5572394770779938,2.6326905079871463,0.0014014531369316169,0.9985985468630684,45,0,0,11238.55218652665,11238.55218652665,3746.1840621755496,1.5,0.5884927446162491,0.27799997186789827,0.0002042236959691454,26.5,10.599999999999998,0.12036896163200925,2,2:flood:origin|16:wildfire:semiwild|67:funding_collapse|80:funding_collapse|95:heatwave:reserve,0.012428460537236598,0.04711866083009877,0.18397292759552608,0.009747695571064896,3.267579135506326e-05,0.00047059806958125165,9.067806511381597e-05,44136fa355b3678a
S0,none,False,200107,0.25,0.0,2,0,0,0,3,1.0,1.0,29.666666666666668,60.22282863636169,0.3643926233747075,0.0,,,0,0,0,0.0,0.0,0.0,1.4219956205034052,0.08463787561209009,0.008463787561209008,0.00013713671619474814,0.0,0.0,0.0,0,16:wildfire:semiwild|45:flood:semiwild|49:flood:alternative|55:heatwave:reserve|80:heatwave:semiwild|94:wildfire:semiwild,0.008160000000000006,0.05025180471151757,0.0,0.0,2.1941874591159703e-05,0.0004736300391839459,0.0,44136fa355b3678a
S1,rule,False,200107,0.625,0.5,5,4,351,351,0,0.0,0.0,,415.322316107855,0.7583305094362924,5.125757320693621,0.0,1.0,0,0,0,11247.348704248641,11247.348704248641,2811.8371760621603,1.5,0.8758291739068711,0.38492353851045297,0.000129019129019129,0.0,0.0,0.10541523956414799,3,16:wildfire:semiwild|45:flood:semiwild|49:flood:alternative|55:heatwave:reserve|80:heatwave:semiwild|94:wildfire:semiwild,0.01600000000000001,0.054608911075007496,0.0,0.0,2.0643060643060644e-05,0.0010399364280571047,0.0,44136fa355b3678a
S2,rule,False,200107,0.375,0.125,3,1,47,0,2,0.6666666666666666,1.0,23.0,75.52943262747422,0.47558042799855843,2.7716436637390216,0.0,1.0,0,0,0,11343.632632912324,11343.632632912326,11343.632632912324,1.5,0.16509195835067927,0.11202965996389758,0.0001379021170990673,63.0,25.20000000000001,0.05777013745719716,1,16:wildfire:semiwild|45:flood:semiwild|49:flood:alternative|55:heatwave:reserve|80:heatwave:semiwild|94:wildfire:semiwild,0.0045202693499036065,0.09178821121310969,0.04409928181301217,0.011062886432176667,2.2064338735850768e-05,0.0006729842577360427,0.00013628287002362798,44136fa355b3678a
S3,rule,False,200107,0.5,0.375,4,3,315,0,1,0.3333333333333333,1.0,17.0,180.4770959556395,0.6114459267743934,4.280240597550454,0.0007305401470149264,0.9992694598529851,33,234,33,11234.933322427376,11234.933322427374,3744.9777741424587,1.5,0.45710039119172813,0.27253527557141155,0.00010416666666666666,66.75,26.700000000000006,0.07636415238367097,2,16:wildfire:semiwild|45:flood:semiwild|49:flood:alternative|55:heatwave:reserve|80:heatwave:semiwild|94:wildfire:semiwild,0.008204317564318038,0.07561791640141421,0.05536166059140576,0.006809341058313094,1.6666666666666667e-05,0.0007647624871774865,0.00012411277178044381,44136fa355b3678a
S4,state_dependent_rule,False,200107,0.5,0.375,4,3,298,0,1,0.3333333333333333,1.0,17.0,183.61525287729307,0.5966015637785711,3.469418736193081,0.0006998479057705786,0.9993001520942294,121,0,0,11230.590504810714,11230.590504810714,3743.530168270238,1.5,0.3526806744017241,0.2603405258410008,0.0003913124293509231,176.25,70.49999999999999,0.10814135519448798,2,16:wildfire:semiwild|45:flood:semiwild|49:flood:alternative|55:heatwave:reserve|80:heatwave:semiwild|94:wildfire:semiwild,0.00881804513153359,0.07737854845186284,0.07056023122744526,0.012791423451988875,6.260998869614768e-05,0.0008683070576082424,0.0002919053325686485,44136fa355b3678a
S5,greedy_expected_utility,False,200107,0.5,0.375,4,3,311,0,0,0.0,0.0,,169.51487208158372,0.5953204816190929,2.4149466230546874,0.005643117514116003,0.9943568824858839,121,0,0,11229.58180621358,11229.58180621358,3743.1939354045267,1.5,0.32570304842384684,0.2510372759523375,0.0004346748293329803,205.5,82.19999999999996,0.12783752439702945,3,16:wildfire:semiwild|45:flood:semiwild|49:flood:alternative|55:heatwave:reserve|80:heatwave:semiwild|94:wildfire:semiwild,0.008068855620803693,0.07734347715668503,0.06398214552823793,0.011776113051920716,6.954797269327684e-05,0.0008173667117234208,0.00036424985928043487,44136fa355b3678a
S6,rule,False,200107,0.625,0.625,5,5,886,886,0,0.0,0.0,,633.4665081560067,0.7808419986019816,6.316301716031679,0.0,1.0,0,0,0,11257.357186533314,11257.357186533316,2251.4714373066627,1.5,0.9618319999999998,0.4491101339622724,0.00012881082172420754,0.0,0.0,0.042569584009778005,3,16:wildfire:semiwild|45:flood:semiwild|49:flood:alternative|55:heatwave:reserve|80:heatwave:semiwild|94:wildfire:semiwild,0.01600000000000001,0.03216425224810226,0.0,0.0,2.060973147587321e-05,0.0009731394184400623,0.0,44136fa355b3678a
S7,forward_rollout_proxy,False,200107,0.625,0.375,5,3,257,210,0,0.0,0.0,,245.68633152096558,0.6747461595456666,2.02148840074797,0.0460794661759733,0.9539205338240268,199,0,0,11231.605921736918,11231.605921736918,3743.8686405789726,1.5,0.5984509248108137,0.2778371561403056,0.00010493428140486964,104.25,41.700000000000045,0.1451358982587223,3,16:wildfire:semiwild|45:flood:semiwild|49:flood:alternative|55:heatwave:reserve|80:heatwave:semiwild|94:wildfire:semiwild,0.013814545026076663,0.07133933118012399,0.03999034687580185,0.014972960009607883,1.6789485024779144e-05,0.0010328358067070993,0.0001641003089267672,44136fa355b3678a
S0,none,False,200108,0.0,0.0,0,0,0,0,3,1.0,1.0,24.333333333333332,58.478819871742296,0.34620724505652317,0.0,,,0,0,0,0.0,0.0,0.0,1.5,0.24796666666666647,0.024796666666666647,0.00022748561647407023,0.0,0.0,0.0,0,7:wildfire:semiwild|34:flood:origin|47:flood:origin|58:heatwave:semiwild,0.007840000000000007,0.05222131389950999,0.0,0.0,3.6397698635851235e-05,0.00039504334533094486,0.0,44136fa355b3678a
S1,rule,False,200108,0.625,0.0,5,0,0,0,2,0.6666666666666666,1.0,25.5,178.75697135298915,0.5156006172742871,0.0,,,0,0,0,11212.575327389233,11212.575327389233,11212.575327389233,1.5,0.7142006032573794,0.08119286932499883,0.0002250006973201046,0.0,0.0,0.04886404499630444,1,7:wildfire:semiwild|34:flood:origin|47:flood:origin|58:heatwave:semiwild|63:funding_collapse,0.011360000000000007,0.06159658008379051,0.0,0.0,3.600011157121674e-05,0.0007068025303512243,0.0,44136fa355b3678a
S2,rule,False,200108,0.125,0.125,1,1,74,0,3,1.0,1.0,25.666666666666668,75.06645724806616,0.5029239441698077,3.2402366863905323,0.0,1.0,0,0,0,11298.97699876364,11298.976998763641,11298.97699876364,1.5,0.35643684585479773,0.1315842179491719,0.0004892780841397997,56.0,22.400000000000013,0.036440832498934116,0,7:wildfire:semiwild|34:flood:origin|47:flood:origin|58:heatwave:semiwild|63:funding_collapse,0.005326462114090221,0.09088602517629667,0.03039065450758722,0.01242410909544434,7.828449346236796e-05,0.0008247917742002603,0.00015077410593516163,44136fa355b3678a
S3,rule,False,200108,0.625,0.25,5,2,169,0,2,0.6666666666666666,1.0,18.0,129.92177111405874,0.5939486608427162,2.6643219539937437,0.0008783227988008341,0.9991216772011992,6,110,6,11187.325130841917,11187.325130841915,5593.662565420958,1.5,0.6238607910629561,0.21374846257817134,0.00030136906247156547,29.0,11.599999999999998,0.06109581965969142,1,7:wildfire:semiwild|34:flood:origin|47:flood:origin|58:heatwave:semiwild|63:funding_collapse,0.006826379942714297,0.07452995349587252,0.06400852616306583,0.008932527617685327,4.8219049995450475e-05,0.0007946606176593539,7.716015704737105e-05,44136fa355b3678a
S4,state_dependent_rule,False,200108,0.375,0.25,3,2,435,338,2,0.6666666666666666,1.0,19.5,188.01611290139326,0.6446610218681812,3.2769217872998646,0.0019465644882387225,0.9980534355117613,299,0,0,11200.211646209542,11200.21164620954,5600.105823104771,1.5,0.5436522541265992,0.21533544905257923,0.0004122633397417336,151.5,60.59999999999995,0.07850502883460325,1,7:wildfire:semiwild|34:flood:origin|47:flood:origin|58:heatwave:semiwild|63:funding_collapse,0.010862905627863049,0.07329333474025146,0.05310394674536636,0.006533075610930985,6.596213435867737e-05,0.0006193185273759056,0.0002964062929829629,44136fa355b3678a
S5,greedy_expected_utility,False,200108,0.625,0.125,5,1,222,187,2,0.6666666666666666,1.0,18.5,170.57530228457287,0.6757793924292482,3.2869147659063627,0.0026794673074773414,0.9973205326925226,379,0,0,11224.652199504932,11224.65219950493,11224.652199504932,1.5,0.5173583194547858,0.15915944435614807,0.00045043002811860216,204.0,81.59999999999998,0.09152232375802923,1,7:wildfire:semiwild|34:flood:origin|47:flood:origin|58:heatwave:semiwild|63:funding_collapse,0.011991587422317065,0.07643493056110617,0.020522575203337046,0.005050524227836707,7.206880449897635e-05,0.0006578572819731948,0.0004436115243060286,44136fa355b3678a
S6,rule,False,200108,0.75,0.125,6,1,1,1,2,0.6666666666666666,1.0,20.5,231.78005710514927,0.7305072243463067,1.0,0.092496,0.907504,0,0,0,11222.900452409589,11222.90045240959,11222.900452409589,1.5,0.8020799559118457,0.15192361540687077,0.0002250006973201046,0.0,0.0,0.027328099078430902,1,7:wildfire:semiwild|34:flood:origin|47:flood:origin|58:heatwave:semiwild|63:funding_collapse,0.01600000000000001,0.08262900523354869,0.0,0.0,3.600011157121674e-05,0.0008277703085736057,0.0,44136fa355b3678a
S7,forward_rollout_proxy,False,200108,0.5,0.375,4,3,844,844,2,0.6666666666666666,1.0,26.0,296.4621797672021,0.6262532283976686,2.6181393869515452,0.08828283881707995,0.91171716118292,26,0,0,11183.507033713317,11183.507033713318,3727.835677904439,1.5,0.6699999999999999,0.28497528772968217,0.00025231013496268664,36.25,14.499999999999996,0.11521946930083349,1,7:wildfire:semiwild|34:flood:origin|47:flood:origin|58:heatwave:semiwild|63:funding_collapse,0.014350007350661427,0.04928858418870947,0.10907455611464843,0.016150156966559942,4.036962159402986e-05,0.0012431375195184637,6.248214472162946e-05,44136fa355b3678a
S0,none,False,200109,0.25,0.0,2,0,0,0,3,1.0,1.0,30.333333333333332,66.42398037094753,0.3766781598546815,0.0,,,0,0,0,0.0,0.0,0.0,1.446625107031713,0.1913,0.01913,8.021390374331552e-05,0.0,0.0,0.0,0,13:wildfire:reserve|43:heatwave:semiwild|53:wildfire:reserve|76:wildfire:semiwild,0.008480000000000007,0.05435882253321522,0.0,0.0,1.283422459893048e-05,0.00037018338750422175,0.0,44136fa355b3678a
S1,rule,False,200109,0.75,0.625,6,5,385,385,0,0.0,0.0,,445.19351107841555,0.7566933313449826,4.516670727266925,0.0,1.0,0,0,0,11197.006016318024,11197.006016318024,2239.4012032636047,1.5,0.8658773699715772,0.434405948237779,0.00010796280469543239,0.0,0.0,0.10700751983976024,3,2:funding_collapse|13:wildfire:reserve|43:heatwave:semiwild|53:wildfire:reserve|76:wildfire:semiwild,0.01600000000000001,0.05625042231052858,0.0,0.0,1.7274048751269183e-05,0.0010389722957375965,0.0,44136fa355b3678a
S2,rule,False,200109,0.375,0.125,3,1,35,0,2,0.6666666666666666,1.0,21.5,79.75737847687573,0.49495152345316207,3.412256267409471,0.0,1.0,0,0,0,11327.764399851452,11327.764399851454,11327.764399851452,1.5,0.23812142618605256,0.12242318558391317,0.0001539078047868126,62.25,24.90000000000001,0.041192401456065994,1,2:funding_collapse|13:wildfire:reserve|43:heatwave:semiwild|53:wildfire:reserve|76:wildfire:semiwild,0.005009877300444718,0.0905326300080461,0.03401248551445921,0.011914818948677535,2.462524876589002e-05,0.0006804019187196734,0.00014130149460136278,44136fa355b3678a
S3,rule,False,200109,0.375,0.375,3,3,312,0,1,0.3333333333333333,1.0,25.0,183.17603456813197,0.6014931552515701,3.27621325256381,0.0005621224765056175,0.9994378775234943,33,183,33,11193.889241898261,11193.889241898261,3731.296413966087,1.5,0.47102737977813575,0.26212044984435817,0.00010856336471765312,54.0,21.600000000000005,0.06752789670453246,2,2:funding_collapse|13:wildfire:reserve|43:heatwave:semiwild|53:wildfire:reserve|76:wildfire:semiwild,0.007791910709926064,0.07531658904140048,0.060872321708432695,0.006938993579343335,1.73701383548245e-05,0.0006940748269679735,9.43636366986256e-05,44136fa355b3678a
S4,state_dependent_rule,False,200109,0.375,0.375,3,3,369,78,1,0.3333333333333333,1.0,32.0,158.813830303643,0.6249980449549732,2.788357023145419,0.009109074009540813,0.9908909259904591,179,0,0,11162.863963767957,11162.863963767955,3720.954654589319,1.5,0.36688830396327027,0.2525778698785964,0.001053144354742083,165.25,66.09999999999997,0.0962773462540758,2,2:funding_collapse|13:wildfire:reserve|43:heatwave:semiwild|53:wildfire:reserve|76:wildfire:semiwild,0.008559941141656806,0.07941665520597195,0.0393712265667813,0.0052524000919682125,0.00016850309675873335,0.0006026598701861531,0.0004029243160665903,44136fa355b3678a
S5,greedy_expected_utility,False,200109,0.375,0.25,3,2,162,63,1,0.3333333333333333,1.0,21.0,133.4043587493258,0.6424653463153936,2.6705407364815885,0.007576035561245685,0.9924239644387544,261,0,0,11185.235996360798,11185.235996360798,5592.617998180399,1.5,0.3406343592324564,0.1931046893407837,0.0008732487130369267,200.75,80.30000000000001,0.0991792302636107,2,2:funding_collapse|13:wildfire:reserve|43:heatwave:semiwild|53:wildfire:reserve|76:wildfire:semiwild,0.009323073684996798,0.08003934272266902,0.022470185945711547,0.004580446049116995,0.00013971979408590826,0.0005678900743976538,0.0005814849699110184,44136fa355b3678a
S6,rule,False,200109,0.75,0.75,6,6,1059,1059,0,0.0,0.0,,700.0896052898856,0.7783587882914551,5.28656816246863,0.0,1.0,0,0,0,11211.46920779156,11211.46920779156,1868.5782012985935,1.5,0.9618319999999998,0.49590301215442795,7.853403141361256e-05,0.0,0.0,0.04677065264870819,3,2:funding_collapse|13:wildfire:reserve|43:heatwave:semiwild|53:wildfire:reserve|76:wildfire:semiwild,0.01600000000000001,0.034691891585040956,0.0,0.0,1.256544502617801e-05,0.0009367546784777192,0.0,44136fa355b3678a
S7,forward_rollout_proxy,False,200109,0.5,0.5,4,4,708,708,0,0.0,0.0,,265.5821215024857,0.7416794187189398,3.4509397046588415,0.004100305700250238,0.9958996942997498,52,0,0,11163.231683863087,11163.231683863087,2790.8079209657717,1.5,0.5769705184533134,0.34451201578175955,0.00010833506116524985,55.5,22.200000000000003,0.1365278344491987,3,2:funding_collapse|13:wildfire:reserve|43:heatwave:semiwild|53:wildfire:reserve|76:wildfire:semiwild,0.016497782476627237,0.05888427221149452,0.00014528774748375685,0.0001746815068323041,1.7333609786439975e-05,0.0008942166047765901,0.00010533917226742628,44136fa355b3678a
S0,none,False,200110,0.25,0.0,2,0,0,0,3,1.0,1.0,27.333333333333332,62.86873226088307,0.43754110828103976,0.0,,,0,0,0,0.0,0.0,0.0,1.5,0.24796666666666647,0.024796666666666647,0.00026590424334618887,0.0,0.0,0.0,0,,0.009920000000000007,0.06668844626534962,0.0,0.0,4.254467893539022e-05,0.0004079007746752962,0.0,44136fa355b3678a
S1,rule,False,200110,0.625,0.625,5,5,367,367,1,0.3333333333333333,1.0,10.0,399.4629637146634,0.7579747157596909,4.763472751206544,0.06744595760674363,0.9325540423932563,0,0,0,11215.326168132724,11215.326168132728,2243.065233626545,1.5,0.8747724302150458,0.43739926744465796,0.0004192417968560953,0.0,0.0,0.10518648455543994,2,39:funding_collapse,0.01600000000000001,0.05493296332161009,0.0,0.0,6.707868749697524e-05,0.0010252422312020835,0.0,44136fa355b3678a
S2,rule,False,200110,0.25,0.125,2,1,9,0,3,1.0,1.0,25.666666666666668,69.90410499696776,0.49219957493622846,3.0,0.0,1.0,0,0,0,11310.933620392088,11310.933620392088,11310.933620392088,1.5,0.3565516294224311,0.12947543419283306,0.00041401892383546195,62.25,24.90000000000001,0.03785135625294975,0,39:funding_collapse,0.00462874362206309,0.08917824457040333,0.03208743719862144,0.01294867503584043,6.62430278136739e-05,0.000788341732867609,0.00015522823421102792,44136fa355b3678a
S3,rule,False,200110,0.25,0.25,2,2,251,0,1,0.3333333333333333,1.0,14.0,147.5166979176076,0.6065055474158879,4.303000618416334,0.0,1.0,31,179,31,11214.86408735235,11214.86408735235,5607.432043676175,1.5,0.6478624833358934,0.2322508215497439,0.00045927775808613154,52.5,21.000000000000007,0.0596728351599561,2,39:funding_collapse,0.007363549278492444,0.07209341239847597,0.054198716019692554,0.009192491050613004,7.348444129378103e-05,0.0007701279970984993,0.00013032094736920697,44136fa355b3678a
S4,state_dependent_rule,False,200110,0.5,0.375,4,3,597,516,1,0.3333333333333333,1.0,8.0,226.55900671095486,0.6277697119872698,3.6987416538839035,0.0024145174124900483,0.9975854825875099,246,0,0,11213.61040376312,11213.61040376312,3737.8701345877066,1.5,0.544005981326014,0.28239544050383364,0.0004392900973493865,161.75,64.69999999999997,0.11128712916196609,2,39:funding_collapse,0.012888575068622126,0.06902363251724658,0.09177261578851431,0.007530349720586496,7.028641557590185e-05,0.0005568938823556007,0.00022308816442704238,44136fa355b3678a
S5,greedy_expected_utility,False,200110,0.5,0.5,4,4,619,470,2,0.6666666666666666,1.0,17.0,257.05242148325175,0.5921184130597195,3.419805424599136,0.002428607790024007,0.997571392209976,386,0,0,11221.488464676962,11221.488464676962,2805.3721161692406,1.5,0.5172823898189146,0.3389698087620191,0.0004438172827983774,212.0,84.79999999999998,0.14021757767068116,1,39:funding_collapse,0.01178021003390518,0.07118923196537175,0.1007147312567697,0.02068302083096056,7.101076524774038e-05,0.0010630520476688473,0.00023525487080795822,44136fa355b3678a
S6,rule,False,200110,0.75,0.75,6,6,1009,1009,1,0.3333333333333333,1.0,20.0,648.7202143052831,0.7803617434211293,5.415649964625633,0.0,1.0,0,0,0,11225.19625004871,11225.19625004871,1870.866041674785,1.5,0.9618319999999998,0.49725246544864515,0.0002879689503598674,0.0,0.0,0.0470638290119441,2,39:funding_collapse,0.01600000000000001,0.03257768113192857,0.0,0.0,4.6075032057578775e-05,0.0010145004148848441,0.0,44136fa355b3678a
S7,forward_rollout_proxy,False,200110,0.625,0.625,5,5,1199,1199,0,0.0,0.0,,314.36492015481474,0.575363236839635,3.666362390423246,0.0037699893202617304,0.9962300106797383,55,0,0,11196.694348955227,11196.694348955227,2239.3388697910455,1.5,0.7397972479947267,0.42475435672226775,0.00048487599042323015,70.75,28.300000000000026,0.1643050400928131,3,39:funding_collapse,0.014192648534433997,0.04818653740366786,0.16331167158729834,0.0161337356616611,7.758015846771684e-05,0.0009850001285559055,7.1222584556508e-05,44136fa355b3678a
S0,none,False,200111,0.375,0.0,3,0,0,0,3,1.0,1.0,37.666666666666664,63.23731357761708,0.39673836411726787,0.0,,,0,0,0,0.0,0.0,0.0,1.5,0.17008532476205937,0.01700853247620594,0.00028110852050786865,0.0,0.0,0.0,0,57:flood:alternative|64:wildfire:semiwild|87:heatwave:origin,0.008960000000000006,0.058586669425701635,0.0,0.0,4.497736328125899e-05,0.0004699890937492774,0.0,44136fa355b3678a
S1,rule,False,200111,0.75,0.5,6,4,67,67,0,0.0,0.0,,424.15335782148776,0.7508640881499856,3.1322610160857383,0.0,1.0,0,0,0,11247.348704248641,11247.348704248641,2811.8371760621603,1.5,0.7880447795017421,0.35776276860494866,0.0003280717366839542,0.0,0.0,0.11317840246958544,3,57:flood:alternative|64:wildfire:semiwild|87:heatwave:origin,0.01600000000000001,0.06206250948537662,0.0,0.0,5.249147786943269e-05,0.0010209108867685977,0.0,44136fa355b3678a
S2,rule,False,200111,0.375,0.25,3,2,32,0,1,0.3333333333333333,1.0,30.0,75.83465592773595,0.4902246057638838,1.8615384615384614,0.017724539093296326,0.9822754609067037,0,0,0,11326.037553716333,11326.037553716335,5663.018776858166,1.5,0.27881528527773675,0.17177769775242188,0.00026073990447449856,59.25,23.70000000000001,0.06390392304631803,2,57:flood:alternative|64:wildfire:semiwild|87:heatwave:origin,0.004885214490110633,0.0923241435161231,0.0365579958140863,0.010626180909459191,4.171838471591977e-05,0.0006544583938517728,0.00014292151180053404,44136fa355b3678a
S3,rule,False,200111,0.5,0.375,4,3,297,0,2,0.6666666666666666,1.0,26.0,180.1989319313314,0.6053458362212673,2.8336164432035162,0.0014560911935114836,0.9985439088064885,17,217,17,11219.956409934653,11219.956409934653,3739.9854699782177,1.5,0.5470758601358653,0.2668878841415499,0.00041816735923254117,58.5,23.4,0.07547066847964097,1,57:flood:alternative|64:wildfire:semiwild|87:heatwave:origin,0.00816863845357096,0.07507690566690327,0.06075002467871069,0.007952567357617246,6.690677747720658e-05,0.0008375062545166721,0.00011225561111826023,44136fa355b3678a
S4,state_dependent_rule,False,200111,0.5,0.5,4,4,570,431,1,0.3333333333333333,1.0,31.0,243.46081512667712,0.6024456133055426,3.2040855349998987,0.08708493458945196,0.912915065410548,289,0,0,11211.417034378042,11211.417034378042,2802.8542585945106,1.5,0.46606673446964075,0.32807653649436214,0.0006093488681143929,161.25,64.49999999999994,0.1221450384869953,2,57:flood:alternative|64:wildfire:semiwild|87:heatwave:origin,0.012081241913370701,0.06943865764122306,0.10436158628109272,0.011574129791436093,9.749581889830287e-05,0.0007523015193316931,0.0001885111548506118,44136fa355b3678a
S5,greedy_expected_utility,False,200111,0.5,0.5,4,4,429,341,0,0.0,0.0,,222.28478227056962,0.6102482711675135,3.0816297372537904,0.008787939246816538,0.9912120607531835,364,0,0,11225.48857405388,11225.488574053878,2806.37214351347,1.5,0.4394970505393532,0.3283379989726454,0.00034219473581696106,200.25,80.1,0.14285998273086084,3,57:flood:alternative|64:wildfire:semiwild|87:heatwave:origin,0.011856093593816739,0.07382201277600428,0.08413510640323593,0.016604747825388164,5.475115773071379e-05,0.0009063928560520289,0.00025862770684714276,44136fa355b3678a
S6,rule,False,200111,0.75,0.75,6,6,408,408,0,0.0,0.0,,659.7593125599368,0.7724076639372072,4.682683864722958,0.0,1.0,0,0,0,11257.357186533314,11257.357186533316,1876.2261977555524,1.5,0.8740476055948706,0.48106340532015246,0.0003287681262907262,0.0,0.0,0.046659030567179065,3,57:flood:alternative|64:wildfire:semiwild|87:heatwave:origin,0.01600000000000001,0.040597004339318815,0.0,0.0,5.26029002065162e-05,0.0009427288232676914,0.0,44136fa355b3678a
S7,forward_rollout_proxy,False,200111,0.75,0.75,6,6,981,981,1,0.3333333333333333,1.0,37.0,290.74011640187484,0.5470388503978436,3.3102520514017875,0.05738081151431126,0.9426191884856887,35,0,0,11222.725566188878,11222.725566188878,1870.4542610314795,1.5,0.6263629454173075,0.4715798479233349,0.00032672621496150904,68.75,27.500000000000025,0.19170516433793122,2,57:flood:alternative|64:wildfire:semiwild|87:heatwave:origin,0.01394217780132365,0.04904465029430941,0.19510051292802622,0.012967135454718878,5.227619439384146e-05,0.0007862334480601537,6.0389610690996274e-05,44136fa355b3678a
S0,none,False,200112,0.0,0.0,0,0,0,0,3,1.0,1.0,16.0,18.1756043860584,0.20167304830650185,0.0,,,0,0,0,0.0,0.0,0.0,1.373466133382965,0.07202377430068845,0.0072023774300688445,0.00010899182561307902,0.0,0.0,0.0,0,3:flood:origin|20:flood:origin|37:heatwave:semiwild|46:heatwave:semiwild|90:heatwave:reserve|100:wildfire:alternative,0.004800000000000003,0.042241574951224596,0.0,0.0,1.7438692098092644e-05,0.00026793805017545023,0.0,44136fa355b3678a
S1,rule,False,200112,0.0,0.0,0,0,0,0,1,0.3333333333333333,1.0,12.0,24.288004634750727,0.23658856835696299,0.0,,,0,0,0,11172.445640099153,11172.445640099155,11172.445640099153,1.5,0.5104478765196,0.05469320372842172,0.00015728685020023603,0.0,0.0,0.01824208038230859,2,3:flood:origin|20:flood:origin|37:heatwave:semiwild|46:heatwave:semiwild|90:heatwave:reserve|100:wildfire:alternative,0.005440000000000004,0.03985578317920616,0.0,0.0,2.5165896032037766e-05,0.0002904825677988619,0.0,44136fa355b3678a
S2,rule,False,200112,0.125,0.125,1,1,60,0,2,0.6666666666666666,1.0,15.0,33.005480649764415,0.4206600494389918,2.82574568288854,0.0,1.0,0,0,0,11498.888564010053,11498.888564010053,11498.888564010053,1.5,0.12749375994045065,0.10388429637724218,0.00010624226348364279,27.0,10.799999999999997,0.033137317771558615,1,3:flood:origin|20:flood:origin|37:heatwave:semiwild|46:heatwave:semiwild|90:heatwave:reserve|100:wildfire:alternative,0.0016225766705620739,0.09600275579192466,0.041482808023664566,0.016197416337877982,1.699876215738285e-05,0.000723199910077263,8.060695053376505e-05,44136fa355b3678a
S3,rule,False,200112,0.25,0.25,2,2,206,0,3,1.0,1.0,15.666666666666666,105.1754599126613,0.527216095967665,3.4343225522844243,0.0,1.0,0,104,0,11336.52785702467,11336.52785702467,5668.263928512335,1.5,0.3980117657219843,0.19669563730605005,0.00012974211423699914,26.0,10.4,0.050256176055036975,0,3:flood:origin|20:flood:origin|37:heatwave:semiwild|46:heatwave:semiwild|90:heatwave:reserve|100:wildfire:alternative,0.001910090823912165,0.07738085819602675,0.07404799620739871,0.014081065693301363,2.0758738277919867e-05,0.000624607108499341,7.703070898842395e-05,44136fa355b3678a
S4,state_dependent_rule,False,200112,0.5,0.375,4,3,256,207,2,0.6666666666666666,1.0,13.5,173.2562109691229,0.5822489651041451,4.119544525974163,0.0030446715933177583,0.9969553284066822,259,0,0,11291.951967119543,11291.951967119543,3763.9839890398475,1.5,0.31521196165791066,0.26138698261176224,0.0002460705915384751,131.0,52.39999999999998,0.09960170593114763,1,3:flood:origin|20:flood:origin|37:heatwave:semiwild|46:heatwave:semiwild|90:heatwave:reserve|100:wildfire:alternative,0.01221705480427928,0.07038837348954291,0.11888044351067256,0.019248163599516612,3.937129464615601e-05,0.0009583144775462781,0.00022072254347432204,44136fa355b3678a
S5,greedy_expected_utility,False,200112,0.375,0.25,3,2,198,177,2,0.6666666666666666,1.0,13.5,151.67357483113247,0.6126206854191467,3.7450115181207617,0.0009736721521506404,0.9990263278478494,298,0,0,11301.450100155793,11301.450100155791,5650.725050077896,1.5,0.28833923212969365,0.19829608467904375,0.0004665603708022501,166.0,66.4,0.09756023142433376,1,3:flood:origin|20:flood:origin|37:heatwave:semiwild|46:heatwave:semiwild|90:heatwave:reserve|100:wildfire:alternative,0.011870732715240442,0.0723701824739879,0.09061506828532842,0.011243612671313323,7.464965932836001e-05,0.0005813971665576189,0.00030898385994325856,44136fa355b3678a
S6,rule,False,200112,0.0,0.0,0,0,0,0,2,0.6666666666666666,1.0,16.5,30.413797268796944,0.34418854790983877,0.0,,,0,0,0,11201.781994454379,11201.781994454379,11201.781994454379,1.5,0.6111130091033995,0.06291840699805779,0.00012619901788667534,0.0,0.0,0.009035530438589172,1,3:flood:origin|20:flood:origin|37:heatwave:semiwild|46:heatwave:semiwild|90:heatwave:reserve|100:wildfire:alternative,0.007840000000000007,0.05431960142035394,0.0,0.0,2.019184286186805e-05,0.0003316588269453982,0.0,44136fa355b3678a
S7,forward_rollout_proxy,False,200112,0.5,0.5,4,4,426,426,1,0.3333333333333333,1.0,12.0,217.7870166716874,0.48214287091016017,2.944114741311236,0.0033970660069433407,0.9966029339930567,93,0,0,11288.360283231646,11288.360283231646,2822.0900708079116,1.5,0.45091542972595394,0.3278804187192702,0.00012840321106647644,45.25,18.1,0.1417386416678123,2,3:flood:origin|20:flood:origin|37:heatwave:semiwild|46:heatwave:semiwild|90:heatwave:reserve|100:wildfire:alternative,0.01256364260148044,0.050245978666662625,0.2539199656965904,0.01135140853030632,2.0544513770636232e-05,0.0005564254019899124,0.00010103154770235664,44136fa355b3678a
S0,none,False,200113,0.0,0.0,0,0,0,0,3,1.0,1.0,21.666666666666668,55.25516378285257,0.2393590723985011,0.0,,,0,0,0,0.0,0.0,0.0,1.3218953947670864,0.0506,0.00506,8.16794392210309e-05,0.0,0.0,0.0,0,22:wildfire:origin|23:flood:alternative|79:heatwave:reserve|99:wildfire:alternative,0.005440000000000004,0.037057489378355624,0.0,0.0,1.3068710275364946e-05,0.00033036951286793465,0.0,44136fa355b3678a
S1,rule,False,200113,0.375,0.0,3,0,0,0,2,0.6666666666666666,1.0,24.0,110.41108939260882,0.5878225517948426,0.0,,,0,0,0,11190.533533768186,11190.533533768188,11190.533533768186,1.5,0.6373088936683596,0.07366315870338797,2.6954177897574127e-05,0.0,0.0,0.04966134668276002,1,1:funding_collapse|22:wildfire:origin|23:flood:alternative|79:heatwave:reserve|99:wildfire:alternative,0.01312000000000001,0.07902746948405642,0.0,0.0,4.31266846361186e-06,0.0006256660526373288,0.0,44136fa355b3678a
S2,rule,False,200113,0.25,0.25,2,2,34,0,3,1.0,1.0,23.666666666666668,73.37294290235829,0.4696570190774901,2.8617021276595747,0.002510401801512331,0.9974895981984877,0,0,0,11325.302886302561,11325.302886302561,5662.651443151281,1.5,0.103639569522249,0.1618838000120977,0.00010825979396669498,39.5,15.800000000000002,0.05201410891638525,0,1:funding_collapse|22:wildfire:origin|23:flood:alternative|79:heatwave:reserve|99:wildfire:alternative,0.0038080719163953265,0.09671224895216801,0.036845224476597695,0.009592574148306712,1.7321567034671196e-05,0.0006384528850646012,8.797015721293093e-05,44136fa355b3678a
S3,rule,False,200113,0.25,0.25,2,2,226,0,3,1.0,1.0,26.333333333333332,148.45846695217776,0.5603955043963987,4.097118348589168,0.00012083210623763044,0.9998791678937624,19,129,19,11240.662821495425,11240.662821495423,5620.331410747713,1.5,0.37260293261599187,0.201854507220296,0.0002657004713497349,37.0,14.799999999999999,0.05561515236402564,0,1:funding_collapse|22:wildfire:origin|23:flood:alternative|79:heatwave:reserve|99:wildfire:alternative,0.0044928782092765514,0.075879209791176,0.06902310435717099,0.01130073060851234,4.2512075415957586e-05,0.0006947378177932332,8.659957706719706e-05,44136fa355b3678a
S4,state_dependent_rule,False,200113,0.5,0.375,4,3,150,7,3,1.0,1.0,26.666666666666668,175.08305684950167,0.5952818617604616,2.212871212871213,0.002739762135690677,0.9972602378643093,118,0,0,11206.661468222472,11206.661468222472,3735.5538227408238,1.5,0.29077252457481845,0.2434332451681611,0.0005078582283568349,133.25,53.29999999999998,0.11738640290983544,0,1:funding_collapse|22:wildfire:origin|23:flood:alternative|79:heatwave:reserve|99:wildfire:alternative,0.011547804469949963,0.07566261822873394,0.08995758946419975,0.02419959652337317,8.12573165370936e-05,0.0011782195681837274,0.00026993861492851485,44136fa355b3678a
S5,greedy_expected_utility,False,200113,0.625,0.5,5,4,270,37,2,0.6666666666666666,1.0,20.0,208.0762897760681,0.5769579079795824,3.222988879353859,0.023931309813714018,0.976068690186286,194,0,0,11223.957665924607,11223.957665924607,2805.9894164811517,1.5,0.26429164579593506,0.31154793793700625,0.00018348355676502763,172.5,69.0,0.13944442281937072,1,1:funding_collapse|22:wildfire:origin|23:flood:alternative|79:heatwave:reserve|99:wildfire:alternative,0.010664236061666287,0.07335011399600198,0.11345972600472709,0.013542405647858764,2.9357369082404423e-05,0.0008038209817910467,0.000228654245289393,44136fa355b3678a
S6,rule,False,200113,0.5,0.25,4,2,98,98,2,0.6666666666666666,1.0,25.0,170.86454048105483,0.734908552213437,2.713444517591983,0.0,1.0,0,0,0,11203.227184539326,11203.227184539326,5601.613592269663,1.5,0.7410422269507735,0.2190005290929664,0.00010735985876880937,0.0,0.0,0.026309306109846168,1,1:funding_collapse|22:wildfire:origin|23:flood:alternative|79:heatwave:reserve|99:wildfire:alternative,0.01600000000000001,0.07833537526560708,0.0,0.0,1.7177577403009505e-05,0.0007388949435530649,0.0,44136fa355b3678a
S7,forward_rollout_proxy,False,200113,0.625,0.625,5,5,612,612,2,0.6666666666666666,1.0,18.0,233.67320505886738,0.5012630653389338,3.454692404417461,0.05267317030170643,0.9473268296982935,25,0,0,11201.203916136354,11201.203916136354,2240.2407832272706,1.5,0.4653672262914707,0.39480143562836334,2.6954177897574127e-05,33.5,13.399999999999995,0.16233894477520844,1,1:funding_collapse|22:wildfire:origin|23:flood:alternative|79:heatwave:reserve|99:wildfire:alternative,0.013111358336227204,0.05134988235058715,0.22255545672074942,0.025180803182169923,4.31266846361186e-06,0.001196936908820749,6.285982076574952e-05,44136fa355b3678a
S0,none,False,200114,0.125,0.0,1,0,0,0,3,1.0,1.0,31.0,59.74083968657158,0.39703225675521153,0.0,,,0,0,0,0.0,0.0,0.0,1.5,0.24796666666666647,0.024796666666666647,0.00021803901533037765,0.0,0.0,0.0,0,87:heatwave:semiwild,0.008960000000000006,0.058299972939181204,0.0,0.0,3.4886242452860425e-05,0.00047288406315446155,0.0,44136fa355b3678a
S1,rule,False,200114,0.75,0.5,6,4,378,378,1,0.3333333333333333,1.0,18.0,438.5869432999414,0.7576903112185857,4.4155687716782825,0.0,1.0,0,0,0,11148.228704248639,11148.228704248639,2787.0571760621597,1.5,0.8725582139068712,0.37860389422217955,0.0001801207468713766,0.0,0.0,0.1109619255735482,2,87:heatwave:semiwild|90:funding_collapse|91:funding_collapse|93:funding_collapse,0.01600000000000001,0.05526212610003736,0.0,0.0,2.8819319499420257e-05,0.0010187433618773349,0.0,44136fa355b3678a
S2,rule,False,200114,0.25,0.125,2,1,23,0,2,0.6666666666666666,1.0,23.5,73.59874678376754,0.48100722744212027,3.598639455782313,0.0,1.0,0,0,0,11259.139389671202,11259.139389671202,11259.139389671202,1.5,0.3560544048075105,0.1371529272544237,0.000603776374271714,54.75,21.900000000000006,0.046555461079247636,1,87:heatwave:semiwild|90:funding_collapse|91:funding_collapse|93:funding_collapse,0.004500761651808422,0.09032035730109948,0.0366741688300915,0.013259588883369313,9.660421988347423e-05,0.0008094973464840567,0.00013710197590944022,44136fa355b3678a
S3,rule,False,200114,0.625,0.375,5,3,370,0,1,0.3333333333333333,1.0,23.0,184.1743222790938,0.6106618362766064,3.3862563592670103,0.0002188247164035571,0.9997811752835964,51,212,51,11144.426074689234,11144.426074689234,3714.808691563078,1.5,0.6443124074976719,0.28458194996085173,0.00018865408438980457,65.75,26.299999999999994,0.08769072809207204,2,87:heatwave:semiwild|90:funding_collapse|91:funding_collapse|93:funding_collapse,0.008169235235656718,0.07584191727914204,0.05408100375763689,0.007166442752521337,3.018465350236873e-05,0.0007332533638336092,0.00012444943312240852,44136fa355b3678a
S4,state_dependent_rule,False,200114,0.5,0.375,4,3,611,483,1,0.3333333333333333,1.0,19.0,250.6154362080445,0.6147221637341134,4.629528340659822,0.016134418896545797,0.9838655811034542,310,0,0,11130.644192670301,11130.644192670301,3710.2147308901003,1.5,0.5418156733531635,0.2908940101151273,0.0003275586512044115,159.0,63.59999999999997,0.10833579686606355,2,87:heatwave:semiwild|90:funding_collapse|91:funding_collapse|93:funding_collapse,0.011739761798063776,0.06961300838044644,0.09299177205307853,0.00801731357382301,5.2409384192705846e-05,0.0007192441615174864,0.00019578196893033794,44136fa355b3678a
S5,greedy_expected_utility,False,200114,0.5,0.5,4,4,769,560,1,0.3333333333333333,1.0,18.0,247.1033451925071,0.6044624713319628,3.7409053222123942,0.0045695643443287495,0.9954304356556712,320,0,0,11135.793102993668,11135.793102993666,2783.948275748417,1.5,0.5152257011385156,0.3438425042665679,0.0002741929436694974,179.0,71.59999999999998,0.14955440465296208,2,87:heatwave:semiwild|90:funding_collapse|91:funding_collapse|93:funding_collapse,0.012187388891588036,0.07132526398381257,0.09133262057842502,0.019359540480507174,4.3870870987119584e-05,0.0010374895876777894,0.0002287813451015144,44136fa355b3678a
S6,rule,False,200114,0.875,0.75,7,6,958,958,1,0.3333333333333333,1.0,29.0,706.4110006707398,0.7789115522570488,5.582561536996484,0.0,1.0,0,0,0,11158.237186533312,11158.237186533313,1859.706197755552,1.5,0.9577879039999999,0.49920802475203974,0.0002021545358121016,0.0,0.0,0.05051809491037458,2,87:heatwave:semiwild|90:funding_collapse|91:funding_collapse|93:funding_collapse,0.01600000000000001,0.034123074364200645,0.0,0.0,3.234472572993626e-05,0.0009330286530207918,0.0,44136fa355b3678a
S7,forward_rollout_proxy,False,200114,0.625,0.625,5,5,1200,1200,1,0.3333333333333333,1.0,18.0,341.7522223555781,0.5950429261481586,3.0972743181402804,0.00491171974393278,0.9950882802560672,32,0,0,11121.708101633927,11121.708101633927,2224.3416203267852,1.5,0.7382225368009792,0.41982713464507343,0.00013183590257162273,58.75,23.500000000000014,0.16891068891786346,2,87:heatwave:semiwild|90:funding_collapse|91:funding_collapse|93:funding_collapse,0.01432206137338615,0.04840034864007348,0.14710670912988447,0.01231679097114804,2.109374441145964e-05,0.0010446276386826695,6.064993829525995e-05,44136fa355b3678a
S0,none,False,200115,0.125,0.0,1,0,0,0,3,1.0,1.0,31.666666666666668,65.93710274566148,0.39727844495101444,0.0,,,0,0,0,0.0,0.0,0.0,1.494490785459399,0.1913,0.01913,0.0003971875200908571,0.0,0.0,0.0,0,2:flood:reserve|14:heatwave:semiwild,0.008960000000000006,0.05808606656938178,0.0,0.0,6.355000321453714e-05,0.0004119384763894045,0.0,44136fa355b3678a
S1,rule,False,200115,0.875,0.75,7,6,354,354,0,0.0,0.0,,481.60426614308744,0.7564457995715802,3.4537579253145823,0.0006833333333333332,0.9993166666666666,0,0,0,11182.735298787442,11182.735298787442,1863.7892164645737,1.5,0.8736969315266516,0.4857389657193868,0.00025813362436399477,0.0,0.0,0.1316584665678787,3,2:flood:reserve|14:heatwave:semiwild|97:funding_collapse,0.01600000000000001,0.05656124781037631,0.0,0.0,4.130137989823917e-05,0.0009516512381451368,0.0,44136fa355b3678a
S2,rule,False,200115,0.25,0.125,2,1,3,0,3,1.0,1.0,30.333333333333332,77.28767858274085,0.5128114840177047,1.7999999999999998,0.0,1.0,0,0,0,11267.19064562312,11267.190645623123,11267.19064562312,1.5,0.28892602596468386,0.11039989272861614,0.0004050217868476292,46.0,18.40000000000001,0.03628645066073875,0,2:flood:reserve|14:heatwave:semiwild|97:funding_collapse,0.0053864379584073,0.08960424028455925,0.022528077170900874,0.011673097947556539,6.480348589562066e-05,0.0007427165587331798,9.745237911936354e-05,44136fa355b3678a
S3,rule,False,200115,0.625,0.25,5,2,266,0,1,0.3333333333333333,1.0,66.0,194.51324472982685,0.6135508693199185,4.78973402697836,0.002376467935953352,0.9976235320640466,48,183,48,11168.479061551088,11168.479061551086,5584.239530775544,1.5,0.5783190071355443,0.23145527125470275,0.00042978468880702385,57.75,23.1,0.06613015135682358,2,2:flood:reserve|14:heatwave:semiwild|97:funding_collapse,0.00795159191513911,0.07522206009484873,0.050270216670209845,0.007103192504610766,6.876555020912382e-05,0.0006508603380697603,9.222370759470771e-05,44136fa355b3678a
S4,state_dependent_rule,False,200115,0.375,0.25,3,2,163,48,0,0.0,0.0,,143.15967616709332,0.6497439618796969,2.620010169122187,0.012916974178026692,0.9870830258219733,138,0,0,11143.10856218876,11143.108562188758,5571.55428109438,1.5,0.47493906180848566,0.20444783303723763,0.0005711201782026517,139.75,55.89999999999996,0.09126912582583599,3,2:flood:reserve|14:heatwave:semiwild|97:funding_collapse,0.008905113670409323,0.0794953546833913,0.016240454057951968,0.004648538229327724,9.137922851242428e-05,0.0006010685466371156,0.0005194753224528464,44136fa355b3678a
S5,greedy_expected_utility,False,200115,0.5,0.25,4,2,465,220,1,0.3333333333333333,1.0,68.0,205.00208692401387,0.6226953828950008,4.425601197397617,0.003617412698921395,0.9963825873010786,249,0,0,11167.21544534645,11167.21544534645,5583.607722673225,1.5,0.44877416645501733,0.21937826906573518,0.0002698144209942101,203.0,81.2,0.08872420223128638,2,2:flood:reserve|14:heatwave:semiwild|97:funding_collapse,0.008888926501979599,0.07589936319635067,0.042255254149348366,0.006128217958352128,4.3170307359073626e-05,0.0005894377693933866,0.0003155448129901027,44136fa355b3678a
S6,rule,False,200115,0.875,0.875,7,7,1103,1103,0,0.0,0.0,,710.7524165779573,0.7792640934452193,5.126796629086718,0.0,1.0,0,0,0,11197.44881460251,11197.44881460251,1599.6355449432158,1.5,0.9604839679999998,0.5518103148899568,0.00029772976153030675,0.0,0.0,0.05371975899544835,3,2:flood:reserve|14:heatwave:semiwild|97:funding_collapse,0.01600000000000001,0.033722448330323326,0.0,0.0,4.763676184484908e-05,0.0009658214626124728,0.0,44136fa355b3678a
S7,forward_rollout_proxy,False,200115,0.625,0.375,5,3,565,565,0,0.0,0.0,,260.14687942123766,0.7424917349611606,3.836190449598486,0.0006005211571631092,0.9993994788428369,46,0,0,11138.546907374315,11138.546907374315,3712.848969124772,1.5,0.684434061022932,0.3034892532313639,0.00025102510251025104,51.0,20.40000000000001,0.13966971316542892,3,2:flood:reserve|14:heatwave:semiwild|97:funding_collapse,0.016480487999351385,0.058827176293383104,0.00014337845211909956,0.00029492781558150533,4.016401640164017e-05,0.0007412100267695277,0.00011433483966974605,44136fa355b3678a
S0,none,False,200116,0.125,0.0,1,0,0,0,3,1.0,1.0,28.333333333333332,63.792146116329285,0.39078362605999123,0.0,,,0,0,0,0.0,0.0,0.0,1.480383750180878,0.1913,0.01913,0.00013646353385536654,0.0,0.0,0.0,0,1:flood:reserve|93:heatwave:reserve,0.008800000000000007,0.05646434026951229,0.0,0.0,2.1834165416858652e-05,0.00043019950507964264,0.0,44136fa355b3678a
S1,rule,False,200116,0.875,0.5,7,4,316,316,0,0.0,0.0,,395.4908549413734,0.757688681620547,4.675382533905652,0.0,1.0,0,0,0,11181.193753911528,11181.193753911528,2795.298438477882,1.5,0.8287229155846808,0.3775081031216018,0.00010833139060496561,0.0,0.0,0.11440993112038603,3,1:flood:reserve|30:funding_collapse|93:heatwave:reserve,0.01600000000000001,0.05536163888200365,0.0,0.0,1.73330224967945e-05,0.000932346474952457,0.0,44136fa355b3678a
S2,rule,False,200116,0.375,0.125,3,1,20,0,3,1.0,1.0,34.0,74.93201721790001,0.4888539020136198,2.2988505747126435,0.007503014428506703,0.9924969855714934,0,0,0,11312.649537649337,11312.649537649337,11312.649537649337,1.5,0.23805895142228373,0.1120836223267216,0.0002780792212160296,52.25,20.900000000000002,0.04519610718683401,0,1:flood:reserve|30:funding_collapse|93:heatwave:reserve,0.005033512108483158,0.09097364975827694,0.03939756871925751,0.011775631162732014,4.449267539456474e-05,0.0007604856149777957,0.00012250207507264285,44136fa355b3678a
S3,rule,False,200116,0.5,0.375,4,3,375,0,1,0.3333333333333333,1.0,22.0,201.3381850620476,0.6075846434386123,3.3769680049405864,0.002474787044408394,0.9975252129555916,36,242,36,11152.369832422142,11152.369832422142,3717.456610807381,1.5,0.5083963327347915,0.26925993654141744,0.00018993115392098713,69.5,27.799999999999997,0.07950311609266206,2,1:flood:reserve|30:funding_collapse|93:heatwave:reserve,0.008722906531368807,0.07710644803011286,0.061371898961461294,0.006006708824312039,3.038898462735794e-05,0.0006707834770688629,0.00012089803856394542,44136fa355b3678a
S4,state_dependent_rule,False,200116,0.5,0.25,4,2,303,157,1,0.3333333333333333,1.0,34.0,157.0844635956919,0.666685983598544,2.714789845149057,0.12503185456048788,0.8749681454395122,186,0,0,11135.232344175862,11135.23234417586,5567.616172087931,1.5,0.40562036040029154,0.1997467684515053,0.0004046988860578213,148.75,59.49999999999995,0.09768416979992778,2,1:flood:reserve|30:funding_collapse|93:heatwave:reserve,0.01080715322019429,0.0757020561427782,0.01524386984450512,0.005861104408779716,6.475182176925139e-05,0.0007739313320907769,0.00043607764890697475,44136fa355b3678a
S5,greedy_expected_utility,False,200116,0.5,0.375,4,3,497,179,0,0.0,0.0,,159.3164171237404,0.6239018969081888,2.371433729570186,0.009239206723847352,0.9907607932761526,296,0,0,11155.399198145491,11155.39919814549,3718.4663993818303,1.5,0.37937980726954085,0.2552795577280421,0.0003617765466490751,208.0,83.19999999999999,0.12438619852693064,3,1:flood:reserve|30:funding_collapse|93:heatwave:reserve,0.008337342180227702,0.07865965913343902,0.03572259857236052,0.005272498067525709,5.7884247463852026e-05,0.0006682736904858177,0.0004851789657262426,44136fa355b3678a
S6,rule,False,200116,0.875,0.75,7,6,924,924,0,0.0,0.0,,657.9204415338506,0.7793453297535851,4.7255828782889795,0.029076135378630907,0.9709238646213691,0,0,0,11195.999816785177,11195.999816785179,1865.9999694641963,1.5,0.9249261808971027,0.48800955970265175,0.00016109828858396977,0.0,0.0,0.05380556415025817,3,1:flood:reserve|30:funding_collapse|93:heatwave:reserve,0.01600000000000001,0.03361365680229563,0.0,0.0,2.5775726173435162e-05,0.0010152377179457534,0.0,44136fa355b3678a
S7,forward_rollout_proxy,False,200116,0.75,0.5,6,4,746,746,0,0.0,0.0,,277.29279146014875,0.7401313985347002,2.8817486074696097,0.00824273269414514,0.9917572673058549,60,0,0,11136.732782271452,11136.732782271454,2784.183195567863,1.5,0.6152418073177416,0.3477420548570467,0.00020524301157687615,43.25,17.3,0.16200194025288178,3,1:flood:reserve|30:funding_collapse|93:heatwave:reserve,0.01627730349776001,0.05893724681019569,0.0002585980972382229,0.0004107439219512917,3.283888185230019e-05,0.0009797881089088562,0.00011128327108109443,44136fa355b3678a
S0,none,False,200117,0.0,0.0,0,0,0,0,3,1.0,1.0,20.666666666666668,18.33217384977965,0.22787428154986528,0.0,,,0,0,0,0.0,0.0,0.0,1.2959985056289274,0.11389066666666653,0.011389066666666654,0.00019531754394768095,0.0,0.0,0.0,0,2:heatwave:origin|39:flood:alternative|59:flood:alternative,0.0052800000000000034,0.04044888399363957,0.0,0.0,3.125080703162895e-05,0.00026558364946348555,0.0,44136fa355b3678a
S1,rule,False,200117,0.125,0.0,1,0,0,0,2,0.6666666666666666,1.0,13.0,24.685958808239835,0.48585117716436166,0.0,,,0,0,0,11210.014668484226,11210.014668484226,11210.014668484226,1.5,0.760495449383369,0.08176399808690964,0.00011099822199644398,0.0,0.0,0.028572265742863666,1,2:heatwave:origin|39:flood:alternative|59:flood:alternative,0.010720000000000007,0.05876398816938812,0.0,0.0,1.775971551943104e-05,0.0007470749507307906,0.0,44136fa355b3678a
S2,rule,False,200117,0.125,0.0,1,0,0,0,2,0.6666666666666666,1.0,12.5,22.60342203772504,0.33301878890466524,0.0,,,0,0,0,11491.281167402009,11491.281167402009,11491.281167402009,1.5,0.19276273704846478,0.024986398955199204,0.00021568032238763947,27.25,10.9,0.028550626251763616,1,2:heatwave:origin|39:flood:alternative|59:flood:alternative,0.0017105564711430079,0.07155120630350927,0.017694828372321243,0.011099261174169262,3.4508851582022315e-05,0.0005503277281638358,9.726936439125753e-05,44136fa355b3678a
S3,rule,False,200117,0.25,0.25,2,2,168,0,2,0.6666666666666666,1.0,13.0,64.21233911885281,0.5231152616122531,2.3145719570341763,0.0004032588040894129,0.9995967411959106,7,103,7,11435.159485062413,11435.159485062413,5717.579742531207,1.5,0.4403021834822249,0.19072683379312239,0.0002629742120728335,27.5,10.999999999999998,0.05525447937279061,1,2:heatwave:origin|39:flood:alternative|59:flood:alternative,0.0019754607958766763,0.07573881689510226,0.09080882890083158,0.014229095765250263,4.2075873931653356e-05,0.000663068782537997,0.00012731198487973255,44136fa355b3678a
S4,state_dependent_rule,False,200117,0.625,0.5,5,4,604,505,2,0.6666666666666666,1.0,12.0,205.52923901147165,0.5073115397025003,2.765438320969967,0.0029703425950331538,0.9970296574049669,188,0,0,11301.539063306893,11301.539063306893,2825.384765826723,1.5,0.3544414560554298,0.3132373244373014,0.00027567064457367666,132.75,53.09999999999998,0.12569397811029376,1,2:heatwave:origin|39:flood:alternative|59:flood:alternative,0.01164805231114873,0.06674004698239043,0.19003075762696844,0.025793353590795817,4.4107303131788256e-05,0.0011011244873288095,0.0001932758632841963,44136fa355b3678a
S5,greedy_expected_utility,False,200117,0.5,0.375,4,3,343,204,2,0.6666666666666666,1.0,12.0,167.14122999670036,0.5626662377971483,3.5072971948091465,0.005650055198844327,0.9943499448011557,199,0,0,11305.379591593446,11305.379591593446,3768.459863864482,1.5,0.3274099349823696,0.26176112272025787,0.0004907929055739279,168.0,67.19999999999999,0.12598578636964713,1,2:heatwave:origin|39:flood:alternative|59:flood:alternative,0.011005517271822148,0.07272303326092609,0.12007343770577884,0.028385092475514705,7.852686489182846e-05,0.0011879459495673958,0.00029130555605314423,44136fa355b3678a
S6,rule,False,200117,0.375,0.375,3,3,240,240,2,0.6666666666666666,1.0,12.0,179.83115138470285,0.7457353008234915,3.5954636114252225,0.003404136354134916,0.996595863645865,0,0,0,11222.515371845702,11222.515371845702,3740.838457281901,1.5,0.8904781842144743,0.299201178677889,0.0002124184466221789,0.0,0.0,0.0272436207109464,1,2:heatwave:origin|39:flood:alternative|59:flood:alternative,0.01600000000000001,0.06757903459671817,0.0,0.0,3.3986951459548636e-05,0.0006516776283306245,0.0,44136fa355b3678a
S7,forward_rollout_proxy,False,200117,0.5,0.5,4,4,746,746,2,0.6666666666666666,1.0,14.0,186.88763292026076,0.4897806222396542,2.4736820707719707,0.0054878359030427985,0.9945121640969572,19,0,0,11291.95324807004,11291.95324807004,2822.98831201751,1.5,0.5136103126867269,0.3299642870835711,0.0002746080632649473,26.5,10.599999999999994,0.1443321755358936,1,2:heatwave:origin|39:flood:alternative|59:flood:alternative,0.012522612634007491,0.04488250716879122,0.2333364618443648,0.029600429588584158,4.3937290122391575e-05,0.0012626330408979944,0.00010876036748714076,44136fa355b3678a
S0,none,False,200118,0.125,0.0,1,0,0,0,3,1.0,1.0,32.333333333333336,54.85482860936565,0.3524064315144388,0.0,,,0,0,0,0.0,0.0,0.0,1.3106358265539286,0.09357348703755757,0.009357348703755757,0.00025796476541825646,0.0,0.0,0.0,0,26:heatwave:origin|29:heatwave:alternative|41:wildfire:reserve|42:wildfire:origin,0.008160000000000006,0.06228920919834274,0.0,0.0,4.127436246692103e-05,0.0004030849247516275,0.0,44136fa355b3678a
S1,rule,False,200118,0.125,0.0,1,0,0,0,1,0.3333333333333333,1.0,32.0,135.1536404765183,0.4325354883678938,0.0,,,0,0,0,11101.618331745332,11101.618331745332,11101.618331745332,1.5,0.7022967700140583,0.07788872622196051,0.0004279925561988534,0.0,0.0,0.03829524610277339,2,26:heatwave:origin|28:funding_collapse|29:heatwave:alternative|35:funding_collapse|40:funding_collapse|41:wildfire:reserve|42:wildfire:origin|71:funding_collapse,0.009600000000000008,0.055294703781365404,0.0,0.0,6.847880899181653e-05,0.0005013290417489511,0.0,44136fa355b3678a
S2,rule,False,200118,0.25,0.125,2,1,40,0,2,0.6666666666666666,1.0,35.0,68.52522620677432,0.4776052307846667,2.21606648199446,0.0,1.0,0,0,0,11223.373107495994,11223.373107495994,11223.373107495994,1.5,0.1771493471963359,0.10377740108318284,0.00029185411538352714,50.25,20.1,0.038259007718023236,1,26:heatwave:origin|28:funding_collapse|29:heatwave:alternative|35:funding_collapse|40:funding_collapse|41:wildfire:reserve|42:wildfire:origin|71:funding_collapse,0.0041429690239750796,0.09167548789283093,0.03503182356050987,0.014135953231104509,4.669665846136434e-05,0.0008410784284941197,0.00011272061026568372,44136fa355b3678a
S3,rule,False,200118,0.375,0.25,3,2,261,0,1,0.3333333333333333,1.0,25.0,149.990491013301,0.5714821737583915,2.9858588156903294,0.005824995613344231,0.9941750043866557,11,144,11,11133.060170230267,11133.060170230267,5566.530085115133,1.5,0.44347578708411195,0.19945939533246157,0.0006802770008096843,38.75,15.5,0.06376614233573544,2,26:heatwave:origin|28:funding_collapse|29:heatwave:alternative|35:funding_collapse|40:funding_collapse|41:wildfire:reserve|42:wildfire:origin|71:funding_collapse,0.005054812364142921,0.07507859768900096,0.06268056603913383,0.011939371899143783,0.00010884432012954951,0.0007760755157186687,9.335478808791611e-05,44136fa355b3678a
S4,state_dependent_rule,False,200118,0.375,0.25,3,2,283,0,2,0.6666666666666666,1.0,30.5,172.10989302349338,0.587803058538676,3.7348300974981172,0.004345292187551444,0.9956547078124486,100,0,0,11128.962416010609,11128.962416010607,5564.481208005304,1.5,0.3632095731470548,0.20373494113209856,0.00044914953631091195,192.5,77.00000000000003,0.0878284142120595,1,26:heatwave:origin|28:funding_collapse|29:heatwave:alternative|35:funding_collapse|40:funding_collapse|41:wildfire:reserve|42:wildfire:origin|71:funding_collapse,0.007377213528052191,0.07782909322911265,0.06783152855857756,0.011385781629325503,7.18639258097459e-05,0.0007045746648517322,0.00032939117249279766,44136fa355b3678a
S5,greedy_expected_utility,False,200118,0.5,0.25,4,2,209,0,1,0.3333333333333333,1.0,24.0,140.19174737409122,0.5972993816376452,2.620070535428022,0.15600995360215458,0.8439900463978454,81,0,0,11125.118603562298,11125.118603562296,5562.559301781149,1.5,0.33640781184986945,0.19370103661515384,0.00028025696303950713,206.0,82.39999999999996,0.10679775037943326,2,26:heatwave:origin|28:funding_collapse|29:heatwave:alternative|35:funding_collapse|40:funding_collapse|41:wildfire:reserve|42:wildfire:origin|71:funding_collapse,0.006533653790987864,0.08211711407159411,0.04603021672204077,0.0075317465663466455,4.484111408632113e-05,0.0006002592574561876,0.0006136098987784788,44136fa355b3678a
S6,rule,False,200118,0.375,0.0,3,0,0,0,1,0.3333333333333333,1.0,34.0,168.2365008862728,0.4825508087751448,0.0,,,0,0,0,11114.33545362217,11114.335453622174,11114.33545362217,1.5,0.7894082515742467,0.08259401365818328,0.0002538903743265206,0.0,0.0,0.01826594250379305,2,26:heatwave:origin|28:funding_collapse|29:heatwave:alternative|35:funding_collapse|40:funding_collapse|41:wildfire:reserve|42:wildfire:origin|71:funding_collapse,0.010560000000000007,0.054075890891814575,0.0,0.0,4.062245989224331e-05,0.0005726778731486377,0.0,44136fa355b3678a
S7,forward_rollout_proxy,False,200118,0.75,0.375,6,3,377,354,1,0.3333333333333333,1.0,25.0,188.9770704670925,0.6241310597597408,3.7131584583185244,0.005823672947037249,0.9941763270529628,151,0,0,11106.496340770795,11106.496340770795,3702.165446923598,1.5,0.5358778116767476,0.2867275531400164,0.00028787532539792935,105.5,42.200000000000045,0.13629093694578182,2,26:heatwave:origin|28:funding_collapse|29:heatwave:alternative|35:funding_collapse|40:funding_collapse|41:wildfire:reserve|42:wildfire:origin|71:funding_collapse,0.012653588236540803,0.07135729583204953,0.07729757643990041,0.021883337396918712,4.6060052063668694e-05,0.0010825391296220054,0.0002020760945806587,44136fa355b3678a
S0,none,False,200119,0.0,0.0,0,0,0,0,3,1.0,1.0,16.0,26.28443302382527,0.15927262404545237,0.0,,,0,0,0,0.0,0.0,0.0,1.2683033687202847,0.05321000000000001,0.005321000000000001,0.0,0.0,0.0,0.0,0,7:heatwave:origin|67:wildfire:alternative|77:wildfire:reserve|94:heatwave:alternative,0.0036800000000000023,0.027751998029394924,0.0,0.0,0.0,0.00019537792515270151,0.0,44136fa355b3678a
S1,rule,False,200119,0.125,0.0,1,0,0,0,3,1.0,1.0,23.333333333333332,45.56916305393288,0.5137838585876124,0.0,,,0,0,0,11174.738470159467,11174.738470159467,11174.738470159467,1.5,0.6209402908419502,0.06813026092515959,0.0,0.0,0.0,0.030181159204822783,0,7:heatwave:origin|67:wildfire:alternative|77:wildfire:reserve|93:funding_collapse|94:heatwave:alternative,0.011520000000000008,0.0718357627314096,0.0,0.0,0.0,0.00046037868097803476,0.0,44136fa355b3678a
S2,rule,False,200119,0.125,0.125,1,1,55,0,3,1.0,1.0,16.0,42.01579917344022,0.43521282161054303,1.9993390614672837,0.0027365480058898868,0.9972634519941102,0,0,0,11423.75503729594,11423.755037295941,11423.75503729594,1.5,0.06013381600030789,0.08969288452775523,4.6296296296296294e-05,27.25,10.900000000000002,0.03718056156525803,0,7:heatwave:origin|67:wildfire:alternative|77:wildfire:reserve|93:funding_collapse|94:heatwave:alternative,0.0020935736817952718,0.09650013321659365,0.03743420356762178,0.014109663839177318,7.407407407407407e-06,0.0006824114023354918,7.947299574252787e-05,44136fa355b3678a
S3,rule,False,200119,0.375,0.25,3,2,258,0,3,1.0,1.0,18.666666666666668,117.28110331582303,0.5244446335012769,4.361379289727573,0.0,1.0,1,91,1,11327.95111237848,11327.95111237848,5663.97555618924,1.5,0.3012542166039865,0.19732000712210207,0.0,23.0,9.199999999999998,0.05540396282213836,0,7:heatwave:origin|67:wildfire:alternative|77:wildfire:reserve|93:funding_collapse|94:heatwave:alternative,0.002387815833421548,0.07747906213993125,0.0849539729250064,0.013387086642834736,0.0,0.0006655858274547274,8.03082600861165e-05,44136fa355b3678a
S4,state_dependent_rule,False,200119,0.5,0.25,4,2,120,2,3,1.0,1.0,17.666666666666668,157.46600411595097,0.5719633980743132,4.528377576452902,0.0017167142744007437,0.9982832857255992,176,0,0,11256.200337251516,11256.200337251516,5628.100168625758,1.5,0.21779874813150898,0.19945973916909288,0.00031891972362931497,152.25,60.89999999999995,0.09948044295706472,0,7:heatwave:origin|67:wildfire:alternative|77:wildfire:reserve|93:funding_collapse|94:heatwave:alternative,0.010397378168693194,0.07535285921244365,0.1076445550533935,0.021447345753305414,5.102715578069039e-05,0.0009484607837532565,0.00032111563595946203,44136fa355b3678a
S5,greedy_expected_utility,False,200119,0.5,0.375,4,3,143,0,3,1.0,1.0,17.333333333333332,162.31531602874173,0.5695277659857869,2.353886752196738,0.006649721785422276,0.9933502782145778,231,0,0,11260.989212043954,11260.989212043954,3753.663070681318,1.5,0.19089880031712345,0.23459885362990013,0.0002438296555943615,176.5,70.6,0.11610053038110203,0,7:heatwave:origin|67:wildfire:alternative|77:wildfire:reserve|93:funding_collapse|94:heatwave:alternative,0.009514626433800848,0.07468720804206089,0.10637788173489485,0.017557172527286273,3.901274489509784e-05,0.0008425365999992212,0.00031260332217753666,44136fa355b3678a
S6,rule,False,200119,0.125,0.125,1,1,111,111,3,1.0,1.0,22.0,93.92200545891963,0.7336053108423262,4.081152699569394,0.0,1.0,0,0,0,11187.157661452917,11187.157661452917,11187.157661452917,1.5,0.7601993965806338,0.1760774850342379,0.0,0.0,0.0,0.014980091902402848,0,7:heatwave:origin|67:wildfire:alternative|77:wildfire:reserve|93:funding_collapse|94:heatwave:alternative,0.01600000000000001,0.07971774669188109,0.0,0.0,0.0,0.0006769424657923674,0.0,44136fa355b3678a
S7,forward_rollout_proxy,False,200119,0.5,0.375,4,3,253,233,3,1.0,1.0,19.333333333333332,183.6864515680805,0.5756634331343838,3.505070356337574,0.008565431875178523,0.9914345681248214,69,0,0,11247.972554907687,11247.972554907687,3749.324184969229,1.5,0.39304990653419103,0.26557405730016,0.0,59.5,23.799999999999997,0.11234181541682554,0,7:heatwave:origin|67:wildfire:alternative|77:wildfire:reserve|93:funding_collapse|94:heatwave:alternative,0.01242118291766668,0.05887878644475032,0.15168535796759278,0.011017415935963188,0.0,0.000561578564273808,0.00011551781923394906,44136fa355b3678a
S0,none,False,200120,0.0,0.0,0,0,0,0,3,1.0,1.0,30.0,66.0574352373456,0.3291795454545243,0.0,,,0,0,0,0.0,0.0,0.0,1.5,0.15935824281040412,0.01593582428104041,5.123058354324097e-05,0.0,0.0,0.0,0,7:flood:semiwild|62:heatwave:alternative|96:wildfire:origin,0.007360000000000005,0.04444006735133978,0.0,0.0,8.196893366918556e-06,0.0008121903007690594,0.0,44136fa355b3678a
S1,rule,False,200120,0.625,0.625,5,5,216,216,0,0.0,0.0,,436.7652734211995,0.7561048495987744,3.861822007093486,0.0,1.0,0,0,0,11247.348704248641,11247.348704248641,2249.469740849728,1.5,0.8165668758860779,0.42270717643136074,9.729154567577723e-05,0.0,0.0,0.10591134385909044,3,7:flood:semiwild|62:heatwave:alternative|96:wildfire:origin,0.01600000000000001,0.05687570097860028,0.0,0.0,1.5566647308124358e-05,0.0010038827753174357,0.0,44136fa355b3678a
S2,rule,False,200120,0.375,0.125,3,1,42,0,2,0.6666666666666666,1.0,49.5,81.98957414306764,0.5062711798195138,1.982022471910112,0.0,1.0,0,0,0,11317.817141119598,11317.817141119598,11317.817141119598,1.5,0.2680092873651527,0.11164251520585378,0.00021892685956702808,42.25,16.900000000000013,0.043856808751186915,1,7:flood:semiwild|62:heatwave:alternative|96:wildfire:origin,0.005381934331391831,0.09079148391193473,0.028927101148890882,0.011563312382098172,3.5028297530724495e-05,0.0007532378448770611,8.590527620195395e-05,44136fa355b3678a
S3,rule,False,200120,0.5,0.375,4,3,272,0,0,0.0,0.0,,171.1547908840313,0.6175493877103423,3.334283145641353,0.0005089131234353504,0.9994910868765646,74,172,74,11239.903877006516,11239.903877006516,3746.634625668839,1.5,0.5370190130778246,0.27257001219150123,8.854898421767499e-05,61.5,24.59999999999999,0.08387639713652631,3,7:flood:semiwild|62:heatwave:alternative|96:wildfire:origin,0.008454592969030141,0.07751168477641851,0.0506426825990566,0.005477255732633558,1.4167837474827996e-05,0.0007908259987361377,0.00011966561315584103,44136fa355b3678a
S4,state_dependent_rule,False,200120,0.625,0.5,5,4,490,448,0,0.0,0.0,,218.73839760322593,0.6149694905599489,3.022228869294367,0.005069773943326725,0.9949302260566733,228,0,0,11234.784674183627,11234.784674183626,2808.696168545907,1.5,0.455956558208853,0.329073812600178,0.0001892702294041812,153.25,61.300000000000004,0.14127934043174487,3,7:flood:semiwild|62:heatwave:alternative|96:wildfire:origin,0.012936230234500395,0.07031807364532311,0.09425462991583469,0.01705596829349465,3.0283236704668993e-05,0.0009913266473983546,0.00021393831540179428,44136fa355b3678a
S5,greedy_expected_utility,False,200120,0.625,0.5,5,4,515,389,0,0.0,0.0,,214.32164803436262,0.6210363386630618,3.1181261986603688,0.0004940377900080494,0.999505962209992,233,0,0,11243.339814212377,11243.339814212377,2810.8349535530942,1.5,0.4291983983515017,0.3325723862431676,0.00013236473860350667,200.5,80.19999999999999,0.1673564221070687,3,7:flood:semiwild|62:heatwave:alternative|96:wildfire:origin,0.012181529081576149,0.07419299814823016,0.07893240567693638,0.015588337853060479,2.1178358176561066e-05,0.0009356954458161882,0.00029160445543016997,44136fa355b3678a
S6,rule,False,200120,0.75,0.625,6,5,666,666,0,0.0,0.0,,635.3506404880885,0.7789481458637806,5.318416974537406,0.0,1.0,0,0,0,11257.357186533314,11257.357186533316,2251.4714373066627,1.5,0.9025697019792066,0.43351122530634084,0.00010186704559020549,0.0,0.0,0.04410042681523052,3,7:flood:semiwild|62:heatwave:alternative|96:wildfire:origin,0.01600000000000001,0.03400832807207399,0.0,0.0,1.629872729443288e-05,0.0010272273368504684,0.0,44136fa355b3678a
S7,forward_rollout_proxy,False,200120,0.5,0.5,4,4,742,742,0,0.0,0.0,,250.873166259176,0.6250649420942774,3.821652726167626,0.002605342077281506,0.9973946579227185,24,0,0,11212.32600315969,11212.32600315969,2803.0815007899223,1.5,0.6263110194131013,0.355623068470849,5.257776119609225e-05,48.5,19.4,0.1488771963393129,3,7:flood:semiwild|62:heatwave:alternative|96:wildfire:origin,0.014482902037616499,0.05381467648266452,0.1159647318924232,0.01138187346430796,8.41244179137476e-06,0.0010487348173410468,7.324502706911214e-05,44136fa355b3678a
S0,none,False,200121,0.0,0.0,0,0,0,0,3,1.0,1.0,23.666666666666668,52.52935517347029,0.3438033255544282,0.0,,,0,0,0,0.0,0.0,0.0,1.5,0.24796666666666647,0.024796666666666647,2.840909090909091e-05,0.0,0.0,0.0,0,,0.007680000000000005,0.04645929188699463,0.0,0.0,4.5454545454545455e-06,0.0004528371040317188,0.0,44136fa355b3678a
S1,rule,False,200121,0.625,0.5,5,4,361,361,0,0.0,0.0,,417.4469858006147,0.7588460542237507,4.700334882879552,0.0,1.0,0,0,0,11247.348704248641,11247.348704248641,2811.8371760621603,1.5,0.8758291739068711,0.3787373904187159,2.638522427440633e-05,0.0,0.0,0.09575562099616619,3,,0.01600000000000001,0.05410581191690108,0.0,0.0,4.221635883905013e-06,0.0010439122234644368,0.0,44136fa355b3678a
S2,rule,False,200121,0.25,0.125,2,1,42,0,2,0.6666666666666666,1.0,27.0,63.66736519106222,0.47085901658590507,1.9954751131221722,0.0,1.0,0,0,0,11368.560475109887,11368.560475109887,11368.560475109887,1.5,0.3571048472277218,0.12156533476205722,0.00014560249307479225,48.25,19.300000000000008,0.04825049454031663,1,,0.004069902468841099,0.0924078143103728,0.04059794396226603,0.010685084227697619,2.329639889196676e-05,0.0006777129089422633,0.000126535065739908,44136fa355b3678a
S3,rule,False,200121,0.5,0.375,4,3,307,0,1,0.3333333333333333,1.0,17.0,179.8431649518321,0.5941848299192017,4.069092516951098,0.0006057387220493098,0.9993942612779507,63,201,63,11239.6061871285,11239.6061871285,3746.5353957095,1.5,0.649109485164611,0.28980106320658316,0.0001967023424351313,66.0,26.400000000000002,0.07724594760305524,2,,0.008051955030472428,0.07499101727652371,0.07299534145675704,0.00657896624131369,3.147237478962101e-05,0.0007252098938070124,0.00012267795379177838,44136fa355b3678a
S4,state_dependent_rule,False,200121,0.5,0.5,4,4,622,579,1,0.3333333333333333,1.0,17.0,226.3848476040141,0.5897919157617076,3.808325232345738,0.004323805329506545,0.9956761946704935,278,0,0,11241.181819432904,11241.181819432903,2810.295454858226,1.5,0.5447338666996964,0.34127380683838443,0.0004081664091016699,157.25,62.899999999999935,0.11858583922478677,2,,0.01293542758544582,0.06913166199626042,0.11877165121774313,0.01746474959146004,6.530662545626717e-05,0.000975107541377937,0.000201712292051714,44136fa355b3678a
S5,greedy_expected_utility,False,200121,0.375,0.25,3,2,440,357,1,0.3333333333333333,1.0,17.0,184.69938657983047,0.6535041262910485,4.953250845591347,0.002343924201865335,0.9976560757981346,351,0,0,11238.611889294016,11238.611889294016,5619.305944647008,1.5,0.5176933520097241,0.23623880969560146,0.0004985489264679855,191.0,76.4,0.11218483019357794,2,,0.012069521452878382,0.07321109086242834,0.052356257627035635,0.006803496771281087,7.976782823487766e-05,0.0006250628965351737,0.00034361985855794336,44136fa355b3678a
S6,rule,False,200121,0.75,0.75,6,6,1030,1030,0,0.0,0.0,,692.1884363650347,0.7796378540027245,5.060880968547374,0.0006304426118093686,0.9993695573881907,0,0,0,11257.357186533314,11257.357186533316,1876.2261977555524,1.5,0.9618319999999998,0.49414779842706624,2.6954177897574127e-05,0.0,0.0,0.04927894370796249,3,,0.01600000000000001,0.03332503764117717,0.0,0.0,4.31266846361186e-06,0.0010327956876345174,0.0,44136fa355b3678a
S7,forward_rollout_proxy,False,200121,0.625,0.625,5,5,1162,1162,2,0.6666666666666666,1.0,14.5,310.57179593361855,0.5581934044459247,4.130349461119005,0.00380632139767727,0.9961936786023228,67,0,0,11236.74718072977,11236.74718072977,2247.349436145954,1.5,0.7406383574619921,0.42877022357854594,0.0002460039804576908,61.0,24.400000000000013,0.16076446610578327,1,,0.013911287239500456,0.048013141131284826,0.1828032501980328,0.01407813418300913,3.936063687323053e-05,0.0009547936933422676,5.490053563987323e-05,44136fa355b3678a
S0,none,False,200122,0.0,0.0,0,0,0,0,3,1.0,1.0,26.333333333333332,53.46234086053741,0.2884516448205885,0.0,,,0,0,0,0.0,0.0,0.0,1.5,0.24796666666666647,0.024796666666666647,0.0005939917452396199,0.0,0.0,0.0,0,19:wildfire:origin,0.006560000000000005,0.04488381342534387,0.0,0.0,9.50386792383392e-05,0.00030950307482924467,0.0,44136fa355b3678a
S1,rule,False,200122,0.5,0.125,4,1,31,31,0,0.0,0.0,,138.6966452340663,0.7317046348814183,1.902970297029703,0.0,1.0,0,0,0,11207.046121027024,11207.046121027024,11207.046121027024,1.5,0.8127659139750022,0.17146782957571288,0.0005984318956340996,0.0,0.0,0.074557676039578,3,1:funding_collapse|19:wildfire:origin,0.01600000000000001,0.08125763330449005,0.0,0.0,9.574910330145593e-05,0.0009419827107904062,0.0,44136fa355b3678a
S2,rule,False,200122,0.25,0.0,2,0,0,0,3,1.0,1.0,29.0,44.129675268715694,0.29346999429786075,0.0,,,0,0,0,11377.395414770765,11377.395414770765,11377.395414770765,1.5,0.35718966264846613,0.041569696726119834,0.0007017509411841774,41.75,16.70000000000001,0.02925365230636609,0,1:funding_collapse|19:wildfire:origin,0.0032701970195894896,0.05428200069175111,0.011515852364838852,0.00528658534584753,0.0001122801505894684,0.0004768535426025096,0.0001061670668959048,44136fa355b3678a
S3,rule,False,200122,0.5,0.375,4,3,298,0,1,0.3333333333333333,1.0,24.0,158.0082651690817,0.5316727661831606,2.7048577302905223,0.05926054812439494,0.940739451875605,10,144,10,11289.002949965929,11289.002949965929,3763.000983321976,1.5,0.6272771657855235,0.27516444171276677,0.0004908861124931315,38.5,15.399999999999999,0.08319073915654593,2,1:funding_collapse|19:wildfire:origin,0.004118145077840197,0.07674599845235044,0.09509529946971591,0.010770180936545968,7.854177799890104e-05,0.0006751548278791966,7.314551148874739e-05,44136fa355b3678a
S4,state_dependent_rule,False,200122,0.625,0.375,5,3,418,366,2,0.6666666666666666,1.0,33.0,210.67389848714117,0.57939071672094,4.357835511557805,0.0012284628209982434,0.9987715371790018,282,0,0,11222.758542450898,11222.758542450896,3740.919514150299,1.5,0.5442474921873713,0.28960221451516555,0.0007000305253401738,157.5,62.99999999999998,0.11424555090425162,1,1:funding_collapse|19:wildfire:origin,0.012378853722044609,0.06885273622724056,0.11986917062132964,0.024653492376371437,0.00011200488405442786,0.0011312427649597036,0.00020793029119472984,44136fa355b3678a
S5,greedy_expected_utility,False,200122,0.375,0.25,3,2,465,356,2,0.6666666666666666,1.0,29.0,219.18668403465546,0.5980816554727992,3.144849972358525,0.06006337628426924,0.9399366237157307,399,0,0,11216.653450523994,11216.653450523994,5608.326725261997,1.5,0.5171663494792432,0.21830860376191658,0.0007082402518146701,200.25,80.09999999999997,0.11321734545203485,1,1:funding_collapse|19:wildfire:origin,0.0116157412770608,0.07179522380724654,0.09367177191470238,0.018676101260545742,0.00011331844029034723,0.0009126016892676688,0.000254614411591665,44136fa355b3678a
S6,rule,False,200122,0.5,0.5,4,4,427,427,0,0.0,0.0,,339.7834373181707,0.7538171804004317,4.273793952435803,0.0,1.0,0,0,0,11217.84847909278,11217.84847909278,2804.462119773195,1.5,0.9006216099280961,0.3649733674790793,0.0003805494425152074,0.0,0.0,0.03586633480955839,3,1:funding_collapse|19:wildfire:origin,0.01600000000000001,0.0590537049851177,0.0,0.0,6.0887910802433184e-05,0.0010682267036481138,0.0,44136fa355b3678a
S7,forward_rollout_proxy,False,200122,0.5,0.5,4,4,1022,1022,1,0.3333333333333333,1.0,48.0,304.6378569569444,0.5451651422897726,3.4619419379107192,0.0017536041936022928,0.9982463958063977,59,0,0,11201.338142365788,11201.338142365788,2800.334535591447,1.5,0.6781614929707924,0.3549505214625946,0.0004220351481026885,48.5,19.40000000000001,0.13757476393204066,2,1:funding_collapse|19:wildfire:origin,0.0138567313532653,0.04717155208508483,0.18786334618643022,0.018995767768644135,6.752562369643016e-05,0.001037273530435636,6.970135725738726e-05,44136fa355b3678a
S0,none,False,200123,0.25,0.0,2,0,0,0,3,1.0,1.0,27.666666666666668,64.87810963389123,0.4109938389510598,0.0,,,0,0,0,0.0,0.0,0.0,1.3796791164785973,0.11389066666666653,0.011389066666666654,0.000523180598110962,0.0,0.0,0.0,0,5:flood:alternative|25:wildfire:semiwild|30:flood:alternative|63:heatwave:origin|70:flood:origin,0.009280000000000007,0.06067354200189752,0.0,0.0,8.370889569775393e-05,0.00036891015134492825,0.0,44136fa355b3678a
S1,rule,False,200123,0.75,0.0,6,0,0,0,0,0.0,0.0,,294.00491189717724,0.6099658456071413,0.0,,,0,0,0,11195.004637297377,11195.00463729738,11195.004637297377,1.5,0.6540778127140109,0.08106572200984072,0.0005350827086406062,0.0,0.0,0.07828970369219815,3,5:flood:alternative|25:wildfire:semiwild|30:flood:alternative|63:heatwave:origin|70:flood:origin,0.013280000000000009,0.06482552658951048,0.0,0.0,8.561323338249701e-05,0.000743014569966002,0.0,44136fa355b3678a
S2,rule,False,200123,0.375,0.125,3,1,55,0,2,0.6666666666666666,1.0,33.5,89.34434348826397,0.49189333533544877,2.861873226111637,0.0,1.0,0,0,0,11301.702591864632,11301.702591864634,11301.702591864632,1.5,0.1917481075021937,0.11269142599647196,0.0007545381950417284,67.75,27.100000000000005,0.04323941492568101,1,5:flood:alternative|25:wildfire:semiwild|30:flood:alternative|63:heatwave:origin|70:flood:origin,0.005147214267414815,0.09025420080464076,0.03940370915440318,0.01136681081558251,0.00012072611120667655,0.0007099437906699246,0.00014493984133562103,44136fa355b3678a
S3,rule,False,200123,0.5,0.375,4,3,430,0,1,0.3333333333333333,1.0,17.0,186.03923012505484,0.6003865654557575,4.551782175307278,0.0011971765028700855,0.9988028234971299,23,207,23,11175.771388965222,11175.771388965222,3725.257129655074,1.5,0.45812568294004224,0.27470308378408687,0.0007340050775213116,57.5,22.999999999999993,0.07311346868504925,2,5:flood:alternative|25:wildfire:semiwild|30:flood:alternative|63:heatwave:origin|70:flood:origin,0.007811884051748349,0.07674480871333009,0.061359661789803684,0.006204156476545134,0.00011744081240340984,0.0006592931701406389,0.00010199111145624062,44136fa355b3678a
S4,state_dependent_rule,False,200123,0.75,0.5,6,4,723,522,1,0.3333333333333333,1.0,14.0,253.870146820763,0.5968365944579239,3.4274983749375663,0.03260215353614232,0.9673978464638577,306,0,0,11180.449743346318,11180.449743346318,2795.1124358365796,1.5,0.3777836374951538,0.32484967541539855,0.0010075679650723831,184.75,73.9,0.13898163958253756,2,5:flood:alternative|25:wildfire:semiwild|30:flood:alternative|63:heatwave:origin|70:flood:origin,0.012126952288069148,0.07098454818960703,0.10285141489187988,0.017677696521035242,0.00016121087441158127,0.0009635650887671657,0.0002190908374360637,44136fa355b3678a
S5,greedy_expected_utility,False,200123,0.625,0.5,5,4,535,346,0,0.0,0.0,,232.8124549110778,0.6039515071020357,4.003207193931653,0.00354812324104659,0.9964518767589534,210,0,0,11186.229873158984,11186.229873158984,2796.557468289746,1.5,0.35108928122662597,0.329797043287021,0.0007910773632198547,199.0,79.59999999999995,0.1482802161252092,3,5:flood:alternative|25:wildfire:semiwild|30:flood:alternative|63:heatwave:origin|70:flood:origin,0.012333760434232302,0.07208223634836551,0.09430713403690709,0.020602636306707577,0.0001265723781151768,0.0010906041082248364,0.0002490886961791341,44136fa355b3678a
S6,rule,False,200123,0.75,0.0,6,0,0,0,0,0.0,0.0,,411.9517629435354,0.6919489520023842,0.0,,,0,0,0,11208.636145374308,11208.636145374308,11208.636145374308,1.5,0.737088123505293,0.08095735073020954,0.0006417028826963992,0.0,0.0,0.03624269189840123,3,5:flood:alternative|25:wildfire:semiwild|30:flood:alternative|63:heatwave:origin|70:flood:origin,0.014880000000000011,0.06405657807845509,0.0,0.0,0.00010267246123142386,0.0009117974579295479,0.0,44136fa355b3678a
S7,forward_rollout_proxy,False,200123,0.625,0.625,5,5,876,876,0,0.0,0.0,,280.0901239986098,0.5525466844363041,3.835653700351346,0.06841504842747236,0.9315849515725276,35,0,0,11169.37289727469,11169.37289727469,2233.874579454938,1.5,0.5379325908298612,0.4061398838741691,0.0005835317591743626,56.25,22.500000000000018,0.16370043893834746,3,5:flood:alternative|25:wildfire:semiwild|30:flood:alternative|63:heatwave:origin|70:flood:origin,0.013834486028142181,0.04711629762893343,0.1883398629476714,0.015566653392743112,9.336508146789803e-05,0.0010180597309471138,5.699000667936614e-05,44136fa355b3678a
S0,none,False,200124,0.25,0.0,2,0,0,0,3,1.0,1.0,33.0,74.37953283395974,0.3972924334586756,0.0,,,0,0,0,0.0,0.0,0.0,1.4509578416052282,0.11270066666666652,0.011270066666666653,0.0004725908766156444,0.0,0.0,0.0,0,22:wildfire:alternative|57:wildfire:semiwild|60:wildfire:alternative|86:heatwave:alternative|92:flood:origin,0.008960000000000006,0.05795399116025693,0.0,0.0,7.561454025850311e-05,0.0005179608408090928,0.0,44136fa355b3678a
S1,rule,False,200124,0.75,0.5,6,4,131,131,1,0.3333333333333333,1.0,17.0,406.2507740424037,0.75567982854603,4.184550538105634,0.0,1.0,0,0,0,11235.064863941914,11235.064863941916,2808.7662159854785,1.5,0.6971620824911721,0.3561175976977736,0.00039376978488838587,0.0,0.0,0.09777942033800036,2,22:wildfire:alternative|57:wildfire:semiwild|60:wildfire:alternative|86:heatwave:alternative|92:flood:origin,0.01600000000000001,0.05727562522473637,0.0,0.0,6.300316558214173e-05,0.0009815430636515021,0.0,44136fa355b3678a
S2,rule,False,200124,0.25,0.25,2,2,17,0,1,0.3333333333333333,1.0,15.0,85.85509078178735,0.4870429997919397,1.4411764705882353,0.08487256561599998,0.915127434384,0,0,0,11304.231244098495,11304.231244098495,5652.115622049248,1.5,0.1813253974677389,0.15626695362019688,0.0004043757513219203,67.0,26.800000000000004,0.05611324583770308,2,22:wildfire:alternative|57:wildfire:semiwild|60:wildfire:alternative|86:heatwave:alternative|92:flood:origin,0.005090116361173772,0.09055320941749961,0.04205220777001805,0.012280780173481293,6.470012021150725e-05,0.000829381758771154,0.00015187802128272725,44136fa355b3678a
S3,rule,False,200124,0.625,0.375,5,3,271,0,1,0.3333333333333333,1.0,22.0,175.09449732843007,0.6154594472247991,3.025714357160988,0.006022412733861192,0.9939775872661388,28,213,28,11221.20310993923,11221.20310993923,3740.40103664641,1.5,0.35129861950350444,0.24997349596898985,0.0002605620696072957,60.25,24.1,0.07918245223514758,2,22:wildfire:alternative|57:wildfire:semiwild|60:wildfire:alternative|86:heatwave:alternative|92:flood:origin,0.008277494980078565,0.07588688504105179,0.04868331388704994,0.008592693722198935,4.1689931137167316e-05,0.0008487176732111995,0.0001378221146377174,44136fa355b3678a
S4,state_dependent_rule,False,200124,0.5,0.5,4,4,543,424,2,0.6666666666666666,1.0,17.5,237.66737887382408,0.5878752194173782,3.3062161289581082,0.002953094275719512,0.9970469057242805,205,0,0,11222.419269997577,11222.419269997577,2805.6048174993944,1.5,0.30018876969229763,0.3117198084637819,0.00047981023061301306,148.75,59.49999999999995,0.11819385102485508,1,22:wildfire:alternative|57:wildfire:semiwild|60:wildfire:alternative|86:heatwave:alternative|92:flood:origin,0.012684249874442981,0.06719276793220497,0.12148530608094239,0.018307863459310066,7.676963689808208e-05,0.0009941423487835484,0.00017794034689839274,44136fa355b3678a
S5,greedy_expected_utility,False,200124,0.625,0.5,5,4,495,346,2,0.6666666666666666,1.0,15.5,250.30220487575002,0.5939654681174368,3.792817779406181,0.00613408568983735,0.9938659143101627,288,0,0,11239.91145616125,11239.911456161248,2809.9778640403124,1.5,0.2833834565675369,0.3208067178343539,0.000405881605552282,196.0,78.39999999999998,0.14770097191769202,1,22:wildfire:alternative|57:wildfire:semiwild|60:wildfire:alternative|86:heatwave:alternative|92:flood:origin,0.011936937511167874,0.0725057456854057,0.10465078172788525,0.01715946870150608,6.494105688836511e-05,0.0009183244233127456,0.00021950269215633545,44136fa355b3678a
S6,rule,False,200124,0.625,0.625,5,5,642,642,1,0.3333333333333333,1.0,17.0,643.1129764912246,0.7777080315343131,5.3428529715214355,0.0,1.0,0,0,0,11246.312648129258,11246.31264812926,2249.2625296258516,1.5,0.8594276331350154,0.4289248895418452,0.00031140635046663176,0.0,0.0,0.04151798256564668,2,22:wildfire:alternative|57:wildfire:semiwild|60:wildfire:alternative|86:heatwave:alternative|92:flood:origin,0.01600000000000001,0.03520627150056682,0.0,0.0,4.9825016074661084e-05,0.0010358719490453812,0.0,44136fa355b3678a
S7,forward_rollout_proxy,False,200124,0.75,0.625,6,5,893,893,1,0.3333333333333333,1.0,17.0,281.94365237293204,0.5509839213763774,3.5583415194307975,0.061574353497611777,0.9384256465023882,27,0,0,11218.791787123875,11218.791787123877,2243.758357424775,1.5,0.4456096277774983,0.39632731545673516,0.00027268189638464727,67.0,26.800000000000026,0.17466468742338687,2,22:wildfire:alternative|57:wildfire:semiwild|60:wildfire:alternative|86:heatwave:alternative|92:flood:origin,0.01382021509922145,0.047217391750725826,0.19007324652132213,0.01517527270258714,4.3629103421543565e-05,0.0010235958504277696,6.317670525337415e-05,44136fa355b3678a
S0,none,False,200125,0.125,0.0,1,0,0,0,3,1.0,1.0,35.0,71.52326499932151,0.3759922196785667,0.0,,,0,0,0,0.0,0.0,0.0,1.48308731709977,0.1913,0.01913,0.0002835952541193211,0.0,0.0,0.0,0,44:heatwave:reserve|48:flood:origin|72:heatwave:origin,0.008480000000000007,0.055027354716656145,0.0,0.0,4.537524065909137e-05,0.00035505036411818735,0.0,44136fa355b3678a
S1,rule,False,200125,1.0,0.0,8,0,0,0,0,0.0,0.0,,278.14437298983023,0.6607517167513453,0.0,,,0,0,0,11214.254646099525,11214.254646099525,11214.254646099525,1.5,0.7212754552847812,0.08955604768424263,0.0001449317744739833,0.0,0.0,0.08714251077882255,3,44:heatwave:reserve|48:flood:origin|72:heatwave:origin|91:funding_collapse,0.01440000000000001,0.07108044113563014,0.0,0.0,2.3189083915837327e-05,0.0007446530291085438,0.0,44136fa355b3678a
S2,rule,False,200125,0.25,0.125,2,1,55,0,2,0.6666666666666666,1.0,30.0,77.55291785726921,0.47379242417202216,3.4103720405862457,0.0,1.0,0,0,0,11330.852790144096,11330.852790144098,11330.852790144096,1.5,0.24171947984320796,0.123435393819637,0.00025065177150235404,64.5,25.800000000000004,0.04454862714726878,1,44:heatwave:reserve|48:flood:origin|72:heatwave:origin|91:funding_collapse,0.004415054880279087,0.08960229146898982,0.04441053378954345,0.01272779062862554,4.010428344037664e-05,0.0006746852462955646,0.00015092061550055197,44136fa355b3678a
S3,rule,False,200125,0.625,0.375,5,3,247,0,1,0.3333333333333333,1.0,24.0,166.0053598862127,0.6102595052516078,2.9277461073917066,0.00035589920662509075,0.999644100793375,44,162,44,11211.148661581257,11211.148661581257,3737.049553860419,1.5,0.5096378880869558,0.2656481854692095,0.00012237446700362302,51.5,20.599999999999998,0.08328467793298402,2,44:heatwave:reserve|48:flood:origin|72:heatwave:origin|91:funding_collapse,0.007250248643186995,0.07709569034984362,0.04603507316605702,0.007447785851854778,1.9579914720579683e-05,0.0006006938654300275,9.988287671691324e-05,44136fa355b3678a
S4,state_dependent_rule,False,200125,0.75,0.25,6,2,351,225,1,0.3333333333333333,1.0,29.0,167.22813891022324,0.6367848935743872,2.4023175027775028,0.008204928238442556,0.9917950717615575,227,0,0,11210.705251716661,11210.705251716661,5605.352625858331,1.5,0.42890591170314446,0.20053837304168298,0.0005768980988646645,175.0,69.99999999999996,0.10562303421796762,2,44:heatwave:reserve|48:flood:origin|72:heatwave:origin|91:funding_collapse,0.00954794019511288,0.07996819124736265,0.03185356525377792,0.007097004436715289,9.230369581834631e-05,0.0006162372208806435,0.0004571976266030001,44136fa355b3678a
S5,greedy_expected_utility,False,200125,0.5,0.25,4,2,276,252,1,0.3333333333333333,1.0,26.0,170.73010694368847,0.6593615540299715,3.164256202342355,0.006746403210316116,0.9932535967896838,246,0,0,11224.803229362202,11224.803229362202,5612.401614681101,1.5,0.4023385705625185,0.20790740899241858,0.0009066857527092236,180.75,72.29999999999997,0.1176549495637159,2,44:heatwave:reserve|48:flood:origin|72:heatwave:origin|91:funding_collapse,0.011863732065951647,0.07820415556709795,0.02211011002634433,0.008088365573009067,0.0001450697204334758,0.0007673534632236061,0.0005369741993546912,44136fa355b3678a
S6,rule,False,200125,0.875,0.25,7,2,13,13,1,0.3333333333333333,1.0,25.0,455.47004494922544,0.7485460431498662,1.978468899521531,0.0,1.0,0,0,0,11224.317186533313,11224.317186533315,5612.158593266657,1.5,0.8091571931740559,0.22262413739759104,0.000166304452815609,0.0,0.0,0.047118645424850614,2,44:heatwave:reserve|48:flood:origin|72:heatwave:origin|91:funding_collapse,0.01600000000000001,0.06455097705794284,0.0,0.0,2.660871245049744e-05,0.0008763710797407903,0.0,44136fa355b3678a
S7,forward_rollout_proxy,False,200125,0.75,0.375,6,3,524,524,1,0.3333333333333333,1.0,21.0,243.70959794595535,0.7255195432024503,2.214592684586606,0.0961731991333874,0.9038268008666126,126,0,0,11195.032832025694,11195.032832025696,3731.6776106752313,1.5,0.5693911616237736,0.27796616151206816,9.786466308205439e-05,70.75,28.300000000000022,0.15065559251912375,2,44:heatwave:reserve|48:flood:origin|72:heatwave:origin|91:funding_collapse,0.01589643717332822,0.06157182975801162,0.007306583577575141,0.00240725897337037,1.5658346093128702e-05,0.0008486041809642087,0.00017947735636040686,44136fa355b3678a
S0,none,False,200126,0.0,0.0,0,0,0,0,3,1.0,1.0,27.0,59.29594752068666,0.31148858129668183,0.0,,,0,0,0,0.0,0.0,0.0,1.357796828901693,0.11389066666666653,0.011389066666666654,0.00030507123160023847,0.0,0.0,0.0,0,29:flood:origin|35:wildfire:alternative|42:heatwave:alternative|61:wildfire:alternative|69:flood:origin,0.0070400000000000055,0.04626841520939036,0.0,0.0,4.881139705603815e-05,0.0003541920968718523,0.0,44136fa355b3678a
S1,rule,False,200126,0.5,0.0,4,0,0,0,0,0.0,0.0,,201.02569938386463,0.6506704507763449,0.0,,,0,0,0,11238.570203604886,11238.570203604886,11238.570203604886,1.5,0.6297757475834853,0.07707221362181524,0.0003914761843170735,0.0,0.0,0.07047319431733355,3,29:flood:origin|35:wildfire:alternative|42:heatwave:alternative|61:wildfire:alternative|69:flood:origin,0.01440000000000001,0.08123330977310352,0.0,0.0,6.263618949073177e-05,0.0006336032610608826,0.0,44136fa355b3678a
S2,rule,False,200126,0.25,0.125,2,1,27,0,2,0.6666666666666666,1.0,19.5,77.25393322900008,0.49074912717675084,3.898395721925134,0.0,1.0,0,0,0,11332.215308177438,11332.215308177438,11332.215308177438,1.5,0.1917717103513703,0.12312557623530801,0.0005389569087356057,59.75,23.9,0.0435722399045981,1,29:flood:origin|35:wildfire:alternative|42:heatwave:alternative|61:wildfire:alternative|69:flood:origin,0.004575314485246989,0.09076445711874681,0.0301849214915388,0.012993324335480044,8.623310539769689e-05,0.0007819347744508244,0.00012760838274027518,44136fa355b3678a
S3,rule,False,200126,0.375,0.375,3,3,421,0,2,0.6666666666666666,1.0,23.5,175.67749817049437,0.5496293636346388,3.22602581949385,0.001961694125878316,0.9980383058741217,3,153,3,11254.416297316213,11254.416297316213,3751.472099105404,1.5,0.395238990892252,0.25535921768299974,0.0005211007329632859,39.0,15.6,0.07412530199418027,1,29:flood:origin|35:wildfire:alternative|42:heatwave:alternative|61:wildfire:alternative|69:flood:origin,0.0053017629716233475,0.07641423574888001,0.08756137155248617,0.00957760788539188,8.337611727412575e-05,0.0006763583061950727,8.407739020549784e-05,44136fa355b3678a
S4,state_dependent_rule,False,200126,0.625,0.625,5,5,439,422,1,0.3333333333333333,1.0,24.0,228.16455079282372,0.5593811120380824,3.13066730845825,0.00263888134773552,0.9973611186522645,179,0,0,11230.7262089683,11230.726208968299,2246.1452417936603,1.5,0.3319453173414907,0.3745839543676532,0.00050590808382725,136.0,54.400000000000006,0.144163747744608,2,29:flood:origin|35:wildfire:alternative|42:heatwave:alternative|61:wildfire:alternative|69:flood:origin,0.01295184909604862,0.0690306122307246,0.15310804483984936,0.016793943587133323,8.094529341236e-05,0.0008911337453564707,0.00017156832116584582,44136fa355b3678a
S5,greedy_expected_utility,False,200126,0.75,0.5,6,4,484,350,2,0.6666666666666666,1.0,22.5,239.42385993578685,0.5704347352263602,3.576861918335724,0.023825692870010594,0.9761743071299894,269,0,0,11245.334810801398,11245.334810801398,2811.3337027003495,1.5,0.3120409090809522,0.32156257205714034,0.0004671917683321876,192.0,76.79999999999998,0.14794930982843923,1,29:flood:origin|35:wildfire:alternative|42:heatwave:alternative|61:wildfire:alternative|69:flood:origin,0.012069020072119687,0.07155346165970985,0.1284406186230785,0.01961537113646931,7.475068293315e-05,0.0010108541802503486,0.00022043956337520728,44136fa355b3678a
S6,rule,False,200126,0.625,0.25,5,2,12,12,0,0.0,0.0,,295.8240991717643,0.7389636806985928,1.4615384615384615,0.06405449679999999,0.9359455032,0,0,0,11250.163275993551,11250.163275993553,5625.0816379967755,1.5,0.7938026256691965,0.2137938103442333,0.0003838737852894284,0.0,0.0,0.036490815809645166,3,29:flood:origin|35:wildfire:alternative|42:heatwave:alternative|61:wildfire:alternative|69:flood:origin,0.01600000000000001,0.07408168696700218,0.0,0.0,6.141980564630854e-05,0.0008932125287590304,0.0,44136fa355b3678a
S7,forward_rollout_proxy,False,200126,0.5,0.5,4,4,673,673,1,0.3333333333333333,1.0,24.0,250.5044819264673,0.5536172006381131,4.076464280199402,0.0845567458445583,0.9154432541554417,29,0,0,11216.574459748843,11216.574459748845,2804.1436149372107,1.5,0.4732569914495521,0.3409468673181309,0.0005077097511373514,44.0,17.6,0.13928262685590834,2,29:flood:origin|35:wildfire:alternative|42:heatwave:alternative|61:wildfire:alternative|69:flood:origin,0.013477743239028627,0.046085898038050896,0.19532053856352985,0.007818287494863015,8.123356018197622e-05,0.0006670256772956494,7.011451768968185e-05,44136fa355b3678a
S0,none,False,200127,0.0,0.0,0,0,0,0,3,1.0,1.0,26.666666666666668,61.57756544589091,0.30140449441732076,0.0,,,0,0,0,0.0,0.0,0.0,1.5,0.24796666666666647,0.024796666666666647,0.00013804544693545194,0.0,0.0,0.0,0,39:heatwave:origin,0.006720000000000005,0.04008869725681388,0.0,0.0,2.2087271509672316e-05,0.00036472105435581464,0.0,44136fa355b3678a
S1,rule,False,200127,0.625,0.125,5,1,5,5,1,0.3333333333333333,1.0,48.0,237.87480075092896,0.7302817498995625,1.0,0.09084062111410843,0.9091593788858916,0,0,0,11147.393883814388,11147.393883814391,11147.393883814388,1.5,0.7898979371539482,0.16207341548057685,0.00013509924517752305,0.0,0.0,0.08416810882591007,2,39:heatwave:origin|55:funding_collapse|86:funding_collapse|95:funding_collapse,0.01600000000000001,0.08279505282747478,0.0,0.0,2.161587922840369e-05,0.000901581393733966,0.0,44136fa355b3678a
S2,rule,False,200127,0.125,0.125,1,1,26,0,3,1.0,1.0,29.333333333333332,78.24486954761602,0.49256182756619893,3.755555555555555,0.0,1.0,0,0,0,11243.362453911877,11243.362453911877,11243.362453911877,1.5,0.3559029462242211,0.13704929590104553,0.0001711317694774004,50.25,20.100000000000005,0.03826722861533936,0,39:heatwave:origin|55:funding_collapse|86:funding_collapse|95:funding_collapse,0.004850558016959003,0.08987682934167206,0.033090975434036024,0.0123845352274204,2.7381083116384063e-05,0.0007686440561244238,0.00011286252793573702,44136fa355b3678a
S3,rule,False,200127,0.375,0.25,3,2,308,0,3,1.0,1.0,38.0,163.02432884963568,0.5916191195366521,4.429894236295532,0.0007708419890698481,0.9992291580109302,25,133,25,11136.755229017137,11136.755229017135,5568.3776145085685,1.5,0.6221616423616436,0.22939715145135983,8.4985835694051e-05,39.5,15.799999999999999,0.05191022426120076,0,39:heatwave:origin|55:funding_collapse|86:funding_collapse|95:funding_collapse,0.00646162042976178,0.07507591726768276,0.05914940218736099,0.007890247662415896,1.3597733711048157e-05,0.0006229406633221278,7.755633844548401e-05,44136fa355b3678a
S4,state_dependent_rule,False,200127,0.5,0.25,4,2,477,416,3,1.0,1.0,39.0,223.7320288350436,0.6452672831039898,4.227938755630765,0.00807320926774557,0.9919267907322544,254,0,0,11138.390265808192,11138.390265808192,5569.195132904096,1.5,0.5420201696840038,0.22552557289619654,0.0001942331918269627,148.75,59.49999999999997,0.08272084185744256,0,39:heatwave:origin|55:funding_collapse|86:funding_collapse|95:funding_collapse,0.012710196894025264,0.06878168394926726,0.07069067983974715,0.007620292202302358,3.107731069231403e-05,0.0005719118068492433,0.0002076714769561855,44136fa355b3678a
S5,greedy_expected_utility,False,200127,0.375,0.25,3,2,469,353,3,1.0,1.0,29.666666666666668,199.12111267942765,0.6444766949858166,3.4567329634703086,0.004452790731892253,0.9955472092681077,333,0,0,11155.151715417007,11155.151715417007,5577.5758577085035,1.5,0.5156903078366759,0.21880739351068318,0.0001484772790010761,181.25,72.5,0.10085516546156253,0,39:heatwave:origin|55:funding_collapse|86:funding_collapse|95:funding_collapse,0.010981847174156834,0.06974852780278139,0.05322502719833544,0.009868621978807859,2.3756364640172174e-05,0.000682322144078065,0.0002942220839590805,44136fa355b3678a
S6,rule,False,200127,0.875,0.5,7,4,353,353,2,0.6666666666666666,1.0,39.0,388.42662948055573,0.753294217347255,4.709645463331044,0.0,1.0,0,0,0,11157.64218029435,11157.642180294351,2789.4105450735874,1.5,0.8772657399440832,0.36763129577898235,0.00013569870167030293,0.0,0.0,0.039041335756317824,1,39:heatwave:origin|55:funding_collapse|86:funding_collapse|95:funding_collapse,0.01600000000000001,0.05971194722087104,0.0,0.0,2.1711792267248472e-05,0.0009721236396069199,0.0,44136fa355b3678a
S7,forward_rollout_proxy,False,200127,0.625,0.625,5,5,1093,1093,1,0.3333333333333333,1.0,30.0,301.9474153665067,0.5350824128889257,3.7976638601836825,0.028563043028744056,0.971436956971256,61,0,0,11137.000659191366,11137.000659191366,2227.4001318382734,1.5,0.6699999999999999,0.41873486850093844,0.00026961303492231323,53.75,21.50000000000001,0.16254114949550802,2,39:heatwave:origin|55:funding_collapse|86:funding_collapse|95:funding_collapse,0.013822273904293945,0.045567031630350883,0.2061542592432107,0.014128723167931062,4.3138085587570125e-05,0.0009355168381723364,6.185836916857741e-05,44136fa355b3678a
S0,none,False,200128,0.0,0.0,0,0,0,0,3,1.0,1.0,30.333333333333332,60.496908704677566,0.2823688131481597,0.0,,,0,0,0,0.0,0.0,0.0,1.5,0.24796666666666647,0.024796666666666647,0.0001662151333613157,0.0,0.0,0.0,0,24:wildfire:origin|89:heatwave:semiwild|100:heatwave:origin,0.006400000000000005,0.04287585550036465,0.0,0.0,2.659442133781051e-05,0.0003287369301378314,0.0,44136fa355b3678a
S1,rule,False,200128,0.5,0.0,4,0,0,0,1,0.3333333333333333,1.0,25.0,155.57474199328865,0.642000586522001,0.0,,,0,0,0,11174.483766667141,11174.483766667145,11174.483766667141,1.5,0.6992314796152579,0.08382662570350048,0.00017834821176559523,0.0,0.0,0.06951738870987345,2,24:wildfire:origin|34:funding_collapse|51:funding_collapse|89:heatwave:semiwild|100:heatwave:origin,0.014080000000000011,0.07343429203487103,0.0,0.0,2.8535713882495236e-05,0.0008565857292456478,0.0,44136fa355b3678a
S2,rule,False,200128,0.25,0.125,2,1,10,0,3,1.0,1.0,34.333333333333336,78.88957759718262,0.48356644079515787,1.0,0.13873611048545598,0.861263889514544,0,0,0,11262.908818835147,11262.908818835147,11262.908818835147,1.5,0.35609059132748433,0.11100637947606623,0.00018727629492434097,45.0,18.000000000000004,0.045736601716588964,0,24:wildfire:origin|34:funding_collapse|51:funding_collapse|89:heatwave:semiwild|100:heatwave:origin,0.004203410012830355,0.09283559106085798,0.02780911449543847,0.01242762622043269,2.996420718789455e-05,0.0007118438197326551,8.365708243295941e-05,44136fa355b3678a
S3,rule,False,200128,0.5,0.375,4,3,326,0,2,0.6666666666666666,1.0,22.5,164.739445226596,0.5521743827453425,3.8792520509967368,0.002955678207949328,0.9970443217920507,9,156,9,11217.929234139912,11217.929234139912,3739.309744713304,1.5,0.6248890889337692,0.28465209454322854,0.00018951391914224388,41.25,16.500000000000004,0.0731033256994213,1,24:wildfire:origin|34:funding_collapse|51:funding_collapse|89:heatwave:semiwild|100:heatwave:origin,0.004807269860914393,0.07673367839857727,0.07975604735899738,0.01119236620113519,3.0322227062759022e-05,0.0007043587434789882,8.397332132892411e-05,44136fa355b3678a
S4,state_dependent_rule,False,200128,0.5,0.5,4,4,598,572,2,0.6666666666666666,1.0,26.0,228.82915405189524,0.5728718987900964,3.6581656878718034,0.003448414082890593,0.9965515859171095,249,0,0,11178.252068007068,11178.252068007068,2794.563017001767,1.5,0.5430725212620543,0.3390302421265612,0.00041429134866541664,127.75,51.099999999999994,0.11570666560818833,1,24:wildfire:origin|34:funding_collapse|51:funding_collapse|89:heatwave:semiwild|100:heatwave:origin,0.012644470323441199,0.06906849062241495,0.13189580963417605,0.019311138754905418,6.628661578646667e-05,0.0009419407615780832,0.0001728118348653049,44136fa355b3678a
S5,greedy_expected_utility,False,200128,0.75,0.25,6,2,437,406,3,1.0,1.0,30.666666666666668,196.50581313308456,0.6418627816352861,3.542419055965184,0.006878100607174359,0.9931218993928257,293,0,0,11180.866018510054,11180.866018510054,5590.433009255027,1.5,0.5163074511109089,0.22274237084279525,0.0003225747199994443,152.75,61.1,0.11593717586026255,0,24:wildfire:origin|34:funding_collapse|51:funding_collapse|89:heatwave:semiwild|100:heatwave:origin,0.012640243688179504,0.07181804904208983,0.06565021337124338,0.010874253294934527,5.161195519991109e-05,0.0007139168931510616,0.00025972362266188495,44136fa355b3678a
S6,rule,False,200128,0.625,0.5,5,4,288,288,2,0.6666666666666666,1.0,24.5,338.7263140216774,0.7499335422102924,3.7433435972908304,0.0,1.0,0,0,0,11185.243702208154,11185.243702208158,2796.3109255520385,1.5,0.7868314583653352,0.34914502827955624,0.000206803294487788,0.0,0.0,0.04014223235057218,1,24:wildfire:origin|34:funding_collapse|51:funding_collapse|89:heatwave:semiwild|100:heatwave:origin,0.01600000000000001,0.063003341763925,0.0,0.0,3.3088527118046076e-05,0.001030027498664645,0.0,44136fa355b3678a
S7,forward_rollout_proxy,False,200128,0.625,0.5,5,4,766,766,2,0.6666666666666666,1.0,37.0,257.42356049281864,0.5194312656252046,4.3056914725998325,0.0069761862211233806,0.9930238137788766,28,0,0,11169.94784418748,11169.947844187482,2792.48696104687,1.5,0.6699999999999999,0.36197907085793374,0.0001310343869785012,38.5,15.399999999999993,0.13461078065967683,1,24:wildfire:origin|34:funding_collapse|51:funding_collapse|89:heatwave:semiwild|100:heatwave:origin,0.013288822248944645,0.047584753668753574,0.21237621092731476,0.021951801522988926,2.096550191656019e-05,0.001112187718401744,5.884635425977765e-05,44136fa355b3678a
S0,none,False,200129,0.25,0.0,2,0,0,0,3,1.0,1.0,32.0,61.3502304455039,0.39127046844963487,0.0,,,0,0,0,0.0,0.0,0.0,1.2699754486300816,0.09237349657709214,0.009237349657709214,0.00018782305565572782,0.0,0.0,0.0,0,1:heatwave:reserve|21:wildfire:semiwild|29:flood:reserve|30:heatwave:alternative,0.008800000000000007,0.05598906104659724,0.0,0.0,3.0051688904916458e-05,0.0004104188148629825,0.0,44136fa355b3678a
S1,rule,False,200129,0.75,0.625,6,5,287,287,0,0.0,0.0,,417.2728944490946,0.7563260517210898,4.214335012566588,0.04627579631138817,0.9537242036886118,0,0,0,11102.939224050397,11102.939224050398,2220.5878448100793,1.5,0.8710636610603292,0.43267743935586167,0.00018533546816397253,0.0,0.0,0.11088861562081402,3,1:heatwave:reserve|4:funding_collapse|21:wildfire:semiwild|29:flood:reserve|30:heatwave:alternative|38:funding_collapse|47:funding_collapse,0.01600000000000001,0.05660692016526009,0.0,0.0,2.9653674906235603e-05,0.0010373744387439604,0.0,44136fa355b3678a
S2,rule,False,200129,0.25,0.125,2,1,51,0,3,1.0,1.0,37.333333333333336,74.47333347834378,0.5029738799488633,2.3972350230414747,0.0,1.0,0,0,0,11186.936295194344,11186.936295194344,11186.936295194344,1.5,0.13861283326389542,0.10147043069056427,0.00018428227283874037,40.0,15.999999999999996,0.03693398566879993,0,1:heatwave:reserve|4:funding_collapse|21:wildfire:semiwild|29:flood:reserve|30:heatwave:alternative|38:funding_collapse|47:funding_collapse,0.0055070537826120815,0.08958885369066469,0.035102572191623965,0.012048802285211286,2.9485163654198462e-05,0.0007692567937857304,0.00011720447542749597,44136fa355b3678a
S3,rule,False,200129,0.5,0.25,4,2,228,0,2,0.6666666666666666,1.0,49.5,164.8799682773827,0.6258639171064498,3.5946046702645176,0.004136828828692435,0.9958631711713075,35,136,35,11101.621769060703,11101.6217690607,5550.810884530351,1.5,0.3896934700596773,0.19931316640112323,0.0002475658289231774,42.75,17.1,0.05948886346255168,1,1:heatwave:reserve|4:funding_collapse|21:wildfire:semiwild|29:flood:reserve|30:heatwave:alternative|38:funding_collapse|47:funding_collapse,0.008585949422419439,0.07627255389318081,0.04251261005060176,0.006682398231755752,3.961053262770837e-05,0.0007483029292620148,0.00010321636215510214,44136fa355b3678a
S4,state_dependent_rule,False,200129,0.5,0.125,4,1,149,0,1,0.3333333333333333,1.0,22.0,123.91458122694503,0.6301590905022324,5.327813774898008,0.0,1.0,57,0,0,11054.941778472017,11054.941778472017,11054.941778472017,1.5,0.28735552918401314,0.1552119447947623,0.0006234276118117113,108.75,43.499999999999986,0.08474127063690448,2,1:heatwave:reserve|4:funding_collapse|21:wildfire:semiwild|29:flood:reserve|30:heatwave:alternative|38:funding_collapse|47:funding_collapse,0.00808775919527742,0.0758045129044476,0.030336874212884824,0.008433700741431006,9.974841788987381e-05,0.0008357382923343572,0.00039025048616894036,44136fa355b3678a
S5,greedy_expected_utility,False,200129,0.5,0.25,4,2,254,0,1,0.3333333333333333,1.0,20.0,141.03600019014348,0.5983225062341055,3.618906288335956,0.02227341502903467,0.9777265849709653,52,0,0,11109.422713069422,11109.422713069422,5554.711356534711,1.5,0.26213121134601775,0.19519647062781847,0.0008352893226336428,191.25,76.49999999999999,0.10147143304928571,2,1:heatwave:reserve|4:funding_collapse|21:wildfire:semiwild|29:flood:reserve|30:heatwave:alternative|38:funding_collapse|47:funding_collapse,0.006493499453159489,0.07753668050097157,0.049983461423449664,0.006857605508703669,0.00013364629162138287,0.0007529256539549709,0.0004297544898854446,44136fa355b3678a
S6,rule,False,200129,0.75,0.75,6,6,897,897,0,0.0,0.0,,644.5869497883261,0.7786984793853908,5.142749543339332,0.05388923290737865,0.9461107670926213,0,0,0,11120.779554789518,11120.779554789518,1853.4632591315865,1.5,0.9583944725020785,0.4935952711844951,0.0001841469816272966,0.0,0.0,0.044141642504469475,3,1:heatwave:reserve|4:funding_collapse|21:wildfire:semiwild|29:flood:reserve|30:heatwave:alternative|38:funding_collapse|47:funding_collapse,0.01600000000000001,0.034231424136121215,0.0,0.0,2.9463517060367455e-05,0.001040632961428132,0.0,44136fa355b3678a
S7,forward_rollout_proxy,False,200129,0.5,0.375,4,3,136,7,1,0.3333333333333333,1.0,27.0,191.77723032195183,0.6838374735358493,2.7951553502979745,0.011917710554244195,0.9880822894457558,77,0,0,11048.573124174995,11048.573124174996,3682.8577080583314,1.5,0.5262318397220422,0.27518810694004836,0.00023550955372282018,65.5,26.200000000000014,0.12931684732432186,2,1:heatwave:reserve|4:funding_collapse|21:wildfire:semiwild|29:flood:reserve|30:heatwave:alternative|38:funding_collapse|47:funding_collapse,0.012211737797803952,0.07798835316238147,0.014111690183582692,0.003342427541868668,3.7681528595651226e-05,0.0007506521212199308,0.0001761844203326424,44136fa355b3678a
S0,none,False,200130,0.0,0.0,0,0,0,0,3,1.0,1.0,26.666666666666668,59.73244769427684,0.3499011164267526,0.0,,,0,0,0,0.0,0.0,0.0,1.4450878944310142,0.11389066666666653,0.011389066666666654,0.00013909519411047614,0.0,0.0,0.0,0,47:flood:origin|48:flood:alternative|63:flood:origin|73:flood:alternative,0.007840000000000007,0.04855099175707596,0.0,0.0,2.225523105767618e-05,0.0003856365851136809,0.0,44136fa355b3678a
S1,rule,False,200130,0.625,0.0,5,0,0,0,0,0.0,0.0,,233.2273115307115,0.5652070137187468,0.0,,,0,0,0,11152.692423344017,11152.692423344019,11152.692423344017,1.5,0.6374933607418477,0.07494993081287939,0.00011431048461544637,0.0,0.0,0.05600297369347305,3,12:funding_collapse|47:flood:origin|48:flood:alternative|63:flood:origin|73:flood:alternative|85:funding_collapse|87:funding_collapse,0.012320000000000008,0.06084996844025845,0.0,0.0,1.8289677538471417e-05,0.0007047281634563678,0.0,44136fa355b3678a
S2,rule,False,200130,0.375,0.25,3,2,65,0,2,0.6666666666666666,1.0,17.5,75.78325052641037,0.47386846312740544,2.163522012578616,0.14829882275215553,0.8517011772478444,0,0,0,11258.640509793862,11258.640509793862,5629.320254896931,1.5,0.18818357078687362,0.16436585841648613,0.00011486442232119466,57.75,23.1,0.05706140606006304,1,12:funding_collapse|47:flood:origin|48:flood:alternative|63:flood:origin|73:flood:alternative|85:funding_collapse|87:funding_collapse,0.004605630985201324,0.09081444706165506,0.04743947943768015,0.012156790893129633,1.8378307571391142e-05,0.0007559320452955609,0.00014509793824459634,44136fa355b3678a
S3,rule,False,200130,0.5,0.375,4,3,279,0,2,0.6666666666666666,1.0,28.5,190.4979698502786,0.5863340783107513,3.891251324552751,0.00010297561022169195,0.9998970243897783,43,170,43,11136.103332709949,11136.103332709947,3712.0344442366495,1.5,0.4136272738816791,0.26308482554805507,0.0003019498278742195,53.25,21.299999999999997,0.07029792457179794,1,12:funding_collapse|47:flood:origin|48:flood:alternative|63:flood:origin|73:flood:alternative|85:funding_collapse|87:funding_collapse,0.006984644343494504,0.07549781726317552,0.06757790345056182,0.007377154830605067,4.831197245987512e-05,0.000615013423012448,8.662479755610329e-05,44136fa355b3678a
S4,state_dependent_rule,False,200130,0.5,0.5,4,4,659,470,1,0.3333333333333333,1.0,15.0,275.28350467263397,0.5835010694473434,4.56222354815107,0.004500460327752243,0.9954995396722478,296,0,0,11138.632208442688,11138.63220844269,2784.658052110672,1.5,0.3335140922055122,0.32730929656360974,0.0001609688904384641,163.75,65.49999999999996,0.11667825930773894,2,12:funding_collapse|47:flood:origin|48:flood:alternative|63:flood:origin|73:flood:alternative|85:funding_collapse|87:funding_collapse,0.011610577309665854,0.06941618037935772,0.11373261565711269,0.017039937827010517,2.5755022470154257e-05,0.0009489667739583255,0.00016267530915043643,44136fa355b3678a
S5,greedy_expected_utility,False,200130,0.5,0.5,4,4,652,364,1,0.3333333333333333,1.0,25.0,270.9092079682738,0.5905736293653174,3.762141501765376,0.0013181959276372447,0.9986818040723627,260,0,0,11141.729782070803,11141.7297820708,2785.4324455177007,1.5,0.3068557166723237,0.32065305300937796,0.00038685435736020654,197.75,79.10000000000001,0.13673033162245923,2,12:funding_collapse|47:flood:origin|48:flood:alternative|63:flood:origin|73:flood:alternative|85:funding_collapse|87:funding_collapse,0.011117237688806967,0.07264182685028797,0.09668594205969529,0.018719084936242837,6.189669717763304e-05,0.0009690711887347372,0.00020310929115213282,44136fa355b3678a
S6,rule,False,200130,0.625,0.0,5,0,0,0,1,0.3333333333333333,1.0,17.0,302.42062927576995,0.6816514767945369,0.0,,,0,0,0,11162.681983498514,11162.681983498514,11162.681983498514,1.5,0.7851820574322508,0.08448188487042704,0.00021259497957366904,0.0,0.0,0.02981839563600978,2,12:funding_collapse|47:flood:origin|48:flood:alternative|63:flood:origin|73:flood:alternative|85:funding_collapse|87:funding_collapse,0.01472000000000001,0.06638487236144358,0.0,0.0,3.401519673178705e-05,0.0008096356472876542,0.0,44136fa355b3678a
S7,forward_rollout_proxy,False,200130,0.625,0.625,5,5,949,949,1,0.3333333333333333,1.0,18.0,260.9780975488103,0.5078837757682362,4.0821709135169275,0.0027050228020155777,0.9972949771979844,25,0,0,11129.873877542586,11129.873877542586,2225.9747755085173,1.5,0.4940527545215194,0.4039640552352837,0.00013519746977688364,44.0,17.60000000000001,0.1624353532398127,2,12:funding_collapse|47:flood:origin|48:flood:alternative|63:flood:origin|73:flood:alternative|85:funding_collapse|87:funding_collapse,0.013680780366664534,0.047128727259603556,0.23001972176813207,0.01801092441662575,2.1631595164301377e-05,0.0009362759020427546,4.7999519647229725e-05,44136fa355b3678a
S0,none,False,200131,0.25,0.0,2,0,0,0,3,1.0,1.0,35.666666666666664,75.27710299514507,0.449876611016371,0.0,,,0,0,0,0.0,0.0,0.0,1.5,0.24796666666666647,0.024796666666666647,0.0003955619006052827,0.0,0.0,0.0,0,99:flood:semiwild,0.010240000000000006,0.07050942335196378,0.0,0.0,6.328990409684522e-05,0.0005106757275683623,0.0,44136fa355b3678a
S1,rule,False,200131,0.75,0.625,6,5,396,396,1,0.3333333333333333,1.0,20.0,442.02432427602645,0.757455853802402,4.502450555863744,0.014887045333333335,0.9851129546666667,0,0,0,11215.326168132724,11215.326168132728,2243.065233626545,1.5,0.8747724302150458,0.4347803994452868,0.0003401360544217687,0.0,0.0,0.1051432543257236,2,39:funding_collapse|99:flood:semiwild,0.01600000000000001,0.05547161426001432,0.0,0.0,5.4421768707482996e-05,0.001018110168876275,0.0,44136fa355b3678a
S2,rule,False,200131,0.375,0.125,3,1,32,0,1,0.3333333333333333,1.0,23.0,85.633180922178,0.48309154159729545,2.0237154150197627,0.0,1.0,0,0,0,11289.763596338205,11289.763596338207,11289.763596338205,1.5,0.35634839719151373,0.12255966709872615,0.00033395794956488594,66.0,26.400000000000006,0.05218836614688572,2,39:funding_collapse|99:flood:semiwild,0.004856959774710501,0.09078625278914926,0.04364644055719741,0.011288638237556985,5.343327193038176e-05,0.0007269137501733481,0.000126834357775777,44136fa355b3678a
S3,rule,False,200131,0.625,0.25,5,2,250,0,1,0.3333333333333333,1.0,33.0,153.20297865459662,0.6295188420608708,3.894864746900696,0.0,1.0,43,188,43,11208.664986182179,11208.664986182179,5604.332493091089,1.5,0.6475500486369165,0.2300143752332972,0.0005149968542939383,57.75,23.1,0.06905361450299291,2,39:funding_collapse|99:flood:semiwild,0.009013519432625308,0.07569628196438992,0.043235366739402474,0.0073562770333370445,8.239949668703015e-05,0.0008801854449048198,0.00015560070571459206,44136fa355b3678a
S4,state_dependent_rule,False,200131,0.625,0.5,5,4,620,568,0,0.0,0.0,,238.55591667151216,0.614121927268291,3.7931522612172914,0.0011209119873626034,0.9988790880126374,283,0,0,11197.528598862062,11197.52859886206,2799.3821497155154,1.5,0.543581421676626,0.34278958896766565,0.0005782285630132162,151.0,60.39999999999996,0.1274996209391508,3,39:funding_collapse|99:flood:semiwild,0.012958093562921817,0.07007393869164556,0.09704735457447432,0.013519195402238886,9.251657008211459e-05,0.0009095883099693393,0.00019589930415144307,44136fa355b3678a
S5,greedy_expected_utility,False,200131,0.625,0.375,5,3,392,272,0,0.0,0.0,,231.2643221359394,0.6470790874330115,3.2964572361456974,0.021469086992409524,0.9785309130075904,372,0,0,11204.882818453782,11204.882818453782,3734.960939484594,1.5,0.5168838543095582,0.2813867148641414,0.0004518947616446374,197.5,78.99999999999997,0.13991878535864288,3,39:funding_collapse|99:flood:semiwild,0.012181430318082543,0.07349707481216032,0.05671394138607325,0.009642340883258266,7.230316186314199e-05,0.0007660100020198367,0.00028026026518790744,44136fa355b3678a
S6,rule,False,200131,0.875,0.875,7,7,999,999,0,0.0,0.0,,719.1869294991516,0.7786605454831075,5.082946120256177,0.0348232698303537,0.9651767301696463,0,0,0,11225.19625004871,11225.19625004871,1603.5994642926728,1.5,0.9618319999999998,0.5518221167329616,0.0003401360544217687,0.0,0.0,0.05529727765199911,3,39:funding_collapse|99:flood:semiwild,0.01600000000000001,0.03431122129524876,0.0,0.0,5.4421768707482996e-05,0.0009738114529362918,0.0,44136fa355b3678a
S7,forward_rollout_proxy,False,200131,0.625,0.5,5,4,930,930,0,0.0,0.0,,315.51264504771075,0.6219228637205867,4.171907363637335,0.000713437414472925,0.9992865625855271,52,0,0,11188.850469381678,11188.85046938168,2797.2126173454194,1.5,0.7396325265236822,0.37098542416987346,0.00041096312148838487,57.75,23.100000000000016,0.15151548940565923,3,39:funding_collapse|99:flood:semiwild,0.014376866214695715,0.049788825756342386,0.12696543104519672,0.005002941122300317,6.57540994381416e-05,0.0006598191180905226,6.320544424576577e-05,44136fa355b3678a
S0,none,False,200132,0.25,0.0,2,0,0,0,3,1.0,1.0,33.333333333333336,73.63651107233956,0.40433909450942224,0.0,,,0,0,0,0.0,0.0,0.0,1.5,0.24796666666666647,0.024796666666666647,0.00011205525161991231,0.0,0.0,0.0,0,65:heatwave:semiwild|93:wildfire:semiwild,0.009120000000000007,0.059128018838592436,0.0,0.0,1.792884025918597e-05,0.0004949578117261037,0.0,44136fa355b3678a
S1,rule,False,200132,0.75,0.625,6,5,368,368,0,0.0,0.0,,478.44648286986614,0.7570076453008848,4.90609817086622,0.0,1.0,0,0,0,11247.348704248641,11247.348704248641,2249.469740849728,1.5,0.8758291739068711,0.44188436128615843,0.00015833466243454116,0.0,0.0,0.11995231093404558,3,65:heatwave:semiwild|93:wildfire:semiwild,0.01600000000000001,0.05591698739696126,0.0,0.0,2.5333545989526586e-05,0.0010500337561645248,0.0,44136fa355b3678a
S2,rule,False,200132,0.25,0.25,2,2,46,0,1,0.3333333333333333,1.0,50.0,91.00609384626166,0.48201430485095015,2.435946462715105,1.3345670437579997e-05,0.9999866543295625,0,0,0,11335.449395936279,11335.44939593628,5667.7246979681395,1.5,0.3567869808676553,0.18361528586138648,0.0004350164888442512,65.25,26.1,0.055385615737349486,2,65:heatwave:semiwild|93:wildfire:semiwild,0.004999238862312279,0.091494175269641,0.04669693227350141,0.010840146891150674,6.96026382150802e-05,0.000749700335925959,0.000124018534146726,44136fa355b3678a
S3,rule,False,200132,0.5,0.25,4,2,206,0,1,0.3333333333333333,1.0,78.0,185.8127891226887,0.6288631147663886,3.669016714357412,0.0027058190110818897,0.9972941809889181,31,211,31,11220.217191557216,11220.217191557216,5610.108595778608,1.5,0.6481322797878182,0.2273772473733645,0.0006538585905737394,60.5,24.199999999999992,0.06686926125504289,2,65:heatwave:semiwild|93:wildfire:semiwild,0.008719984810799032,0.07560743137617672,0.03857980425375665,0.007518136174127351,0.00010461737449179831,0.0008144129286346685,0.00011220780479874298,44136fa355b3678a
S4,state_dependent_rule,False,200132,0.625,0.5,5,4,658,591,0,0.0,0.0,,244.79190520698774,0.5884506041246257,3.870467945706009,0.0014883363638896197,0.9985116636361104,264,0,0,11231.802744669385,11231.802744669383,2807.9506861673462,1.5,0.5444862591259394,0.3440256741428712,0.0004073708482980272,154.75,61.89999999999997,0.12936184386608565,3,65:heatwave:semiwild|93:wildfire:semiwild,0.013175788650867645,0.06882431911101032,0.12278152212125408,0.017752646382043512,6.517933572768436e-05,0.0010357176572089156,0.000181135701895245,44136fa355b3678a
S5,greedy_expected_utility,False,200132,0.625,0.25,5,2,450,313,1,0.3333333333333333,1.0,64.0,242.043535506178,0.6431235899356125,5.1256564003234235,0.0044525620245220625,0.995547437975478,303,0,0,11243.919360229684,11243.919360229684,5621.959680114842,1.5,0.5178207313121799,0.23884039297106466,0.0004723732545447496,195.5,78.19999999999999,0.11650877918306216,2,65:heatwave:semiwild|93:wildfire:semiwild,0.012059620558150559,0.07216863251108863,0.06058083592995146,0.008708485954693703,7.557972072715992e-05,0.0007191640164338517,0.0002514596507953128,44136fa355b3678a
S6,rule,False,200132,0.75,0.625,6,5,951,951,0,0.0,0.0,,674.5022012064235,0.7799778937368952,6.048258991359274,0.0,1.0,0,0,0,11257.357186533314,11257.357186533316,2251.4714373066627,1.5,0.9618319999999998,0.4459828689058191,0.00010536268161288567,0.0,0.0,0.040335394961132094,3,65:heatwave:semiwild|93:wildfire:semiwild,0.01600000000000001,0.03300485056357838,0.0,0.0,1.6858029058061706e-05,0.001000397670468338,0.0,44136fa355b3678a
S7,forward_rollout_proxy,False,200132,0.75,0.75,6,6,1106,1106,0,0.0,0.0,,282.62333618100746,0.5186602817979731,4.1216689329853695,0.0,1.0,46,0,0,11232.284979029513,11232.284979029515,1872.0474965049189,1.5,0.7405446512262865,0.4920109190350122,0.0003062790702686207,72.0,28.80000000000003,0.19619882291264942,3,65:heatwave:semiwild|93:wildfire:semiwild,0.013785800770564871,0.050029470837408906,0.2223864392573703,0.012694922048453025,4.900465124297931e-05,0.0008738666311147721,6.38720747247872e-05,44136fa355b3678a
S0,none,False,200133,0.25,0.0,2,0,0,0,3,1.0,1.0,36.0,71.91203257204222,0.3632665842122,0.0,,,0,0,0,0.0,0.0,0.0,1.5,0.13519120283101654,0.013519120283101656,0.00010025062656641603,0.0,0.0,0.0,0,47:heatwave:semiwild|53:heatwave:semiwild|67:heatwave:alternative,0.008160000000000006,0.051260956006025184,0.0,0.0,1.604010025062657e-05,0.000596419681524239,0.0,44136fa355b3678a
S1,rule,False,200133,0.625,0.5,5,4,420,420,1,0.3333333333333333,1.0,38.0,449.9121335007765,0.7585436176812617,4.276500509593246,0.0,1.0,0,0,0,11181.26870424864,11181.26870424864,2795.31717606216,1.5,0.8736485339068712,0.37334925793493834,0.00012556948019386602,0.0,0.0,0.09109699724159358,2,47:heatwave:semiwild|53:heatwave:semiwild|67:heatwave:alternative|96:funding_collapse|97:funding_collapse,0.01600000000000001,0.05439076529528508,0.0,0.0,2.0091116831018565e-05,0.0010455259066223723,0.0,44136fa355b3678a
S2,rule,False,200133,0.375,0.125,3,1,18,0,3,1.0,1.0,35.0,88.50361098025469,0.5077193652393025,3.4468085106382977,0.0,1.0,0,0,0,11274.237350855648,11274.237350855648,11274.237350855648,1.5,0.24342388139923113,0.12296898765103048,0.0001280805814933779,63.5,25.400000000000002,0.039542572023621936,0,47:heatwave:semiwild|53:heatwave:semiwild|67:heatwave:alternative|96:funding_collapse|97:funding_collapse,0.005507784418119752,0.09018574739138296,0.028908893993711788,0.011864790964146589,2.0492893038940465e-05,0.0007330152310627564,0.00011867576477163865,44136fa355b3678a
S3,rule,False,200133,0.5,0.375,4,3,400,0,2,0.6666666666666666,1.0,26.5,211.23998016896041,0.5870714885087138,5.678481146172857,0.0010945907132921017,0.9989054092867079,18,211,18,11173.44470442514,11173.44470442514,3724.481568141713,1.5,0.5329994826007115,0.2939982905485151,0.00017904725477875218,57.25,22.900000000000002,0.07581765413357679,1,47:heatwave:semiwild|53:heatwave:semiwild|67:heatwave:alternative|96:funding_collapse|97:funding_collapse,0.007662735497748501,0.07601863564687507,0.07367540188716395,0.00620670660970595,2.8647560764600352e-05,0.0005949265117617209,8.83480742645669e-05,44136fa355b3678a
S4,state_dependent_rule,False,200133,0.625,0.5,5,4,472,440,1,0.3333333333333333,1.0,21.0,224.79327741835365,0.6035586089767807,3.858690756749259,0.0014404098248001656,0.9985595901751998,218,0,0,11172.01461476551,11172.01461476551,2793.0036536913776,1.5,0.4301323886608272,0.331774214979173,0.0003294578285911376,144.75,57.89999999999999,0.12587034272798836,2,47:heatwave:semiwild|53:heatwave:semiwild|67:heatwave:alternative|96:funding_collapse|97:funding_collapse,0.012968378614919684,0.06921933397912197,0.10779738623235957,0.016707953481608792,5.271325257458202e-05,0.0009206346977282675,0.00019667515701299014,44136fa355b3678a
S5,greedy_expected_utility,False,200133,0.625,0.5,5,4,390,255,1,0.3333333333333333,1.0,33.0,240.31675253958431,0.6273646728668141,3.6122242483253215,0.007370968009543916,0.992629031990456,230,0,0,11179.033380068711,11179.033380068711,2794.758345017178,1.5,0.4034880039526659,0.33218596317999294,0.0003290979127401158,197.25,78.89999999999999,0.1535746015073654,2,47:heatwave:semiwild|53:heatwave:semiwild|67:heatwave:alternative|96:funding_collapse|97:funding_collapse,0.012487551597480941,0.07348184332838208,0.07926068205913098,0.01224279176305936,5.265566603841852e-05,0.0008310465010494126,0.00025854862928654685,44136fa355b3678a
S6,rule,False,200133,0.875,0.75,7,6,991,991,0,0.0,0.0,,689.7320109005576,0.7794616605777018,5.451840076211281,0.0,1.0,0,0,0,11191.277186533312,11191.277186533314,1865.2128644222187,1.5,0.9591359359999999,0.49749132865183043,0.00012770405674432096,0.0,0.0,0.04779667144858803,3,47:heatwave:semiwild|53:heatwave:semiwild|67:heatwave:alternative|96:funding_collapse|97:funding_collapse,0.01600000000000001,0.03359458616695479,0.0,0.0,2.0432649079091355e-05,0.0009233206062648562,0.0,44136fa355b3678a
S7,forward_rollout_proxy,False,200133,0.625,0.625,5,5,917,917,1,0.3333333333333333,1.0,29.0,302.9654906807488,0.5652690169108181,4.105778833114215,0.00018852637385099248,0.999811473626149,49,0,0,11161.17589870296,11161.17589870296,2232.2351797405922,1.5,0.6594071608719899,0.42124799570077204,0.00023037482900150984,67.25,26.900000000000023,0.16499745641215444,2,47:heatwave:semiwild|53:heatwave:semiwild|67:heatwave:alternative|96:funding_collapse|97:funding_collapse,0.0139393256669857,0.04947444423176481,0.17444360167262205,0.014885590684652408,3.6859972640241576e-05,0.0009717831962863878,6.411702978673824e-05,44136fa355b3678a
S0,none,False,200134,0.25,0.0,2,0,0,0,3,1.0,1.0,32.666666666666664,79.90319328898657,0.3976399741143634,0.0,,,0,0,0,0.0,0.0,0.0,1.4541080925496068,0.11389066666666653,0.011389066666666654,0.00018069246583246964,0.0,0.0,0.0,0,25:heatwave:semiwild|38:flood:alternative|46:heatwave:alternative|59:heatwave:origin,0.008960000000000006,0.05768983064738377,0.0,0.0,2.8910794533195143e-05,0.000481284443719624,0.0,44136fa355b3678a
S1,rule,False,200134,0.625,0.125,5,1,1,1,1,0.3333333333333333,1.0,22.0,297.24457125636053,0.7331338247529385,1.0,0.0,1.0,0,0,0,11245.768599468418,11245.76859946842,11245.768599468418,1.5,0.7119670739525371,0.15310141001819427,0.000274187125900101,0.0,0.0,0.07827351311470276,2,25:heatwave:semiwild|38:flood:alternative|46:heatwave:alternative|59:heatwave:origin,0.01600000000000001,0.07990652644493386,0.0,0.0,4.386994014401616e-05,0.0009157788619834724,0.0,44136fa355b3678a
S2,rule,False,200134,0.375,0.125,3,1,42,0,1,0.3333333333333333,1.0,21.0,89.53332797840714,0.4958768690493836,2.9302325581395348,0.0,1.0,0,0,0,11362.323210887924,11362.323210887924,11362.323210887924,1.5,0.19207950021952103,0.11450567673867475,0.00018546574926387629,64.0,25.600000000000012,0.048727005676636445,2,25:heatwave:semiwild|38:flood:alternative|46:heatwave:alternative|59:heatwave:origin,0.005299236612804043,0.09090012268847486,0.03751229565602455,0.011883710525323863,2.967451988222021e-05,0.0007344215464347675,0.00012974279941240066,44136fa355b3678a
S3,rule,False,200134,0.625,0.375,5,3,417,0,1,0.3333333333333333,1.0,29.0,196.86512061182842,0.6084873522723001,3.2294555149939117,0.0009205848158728452,0.9990794151841271,46,192,46,11247.413794081413,11247.413794081413,3749.1379313604707,1.5,0.42493316580996926,0.25903329273204234,0.00018267369191341283,59.5,23.799999999999994,0.07747710500553139,2,25:heatwave:semiwild|38:flood:alternative|46:heatwave:alternative|59:heatwave:origin,0.008360234167827886,0.07643160747635128,0.05856556596483722,0.006080042055205693,2.922779070614605e-05,0.0006609907616602525,0.00010762592314497069,44136fa355b3678a
S4,state_dependent_rule,False,200134,0.625,0.625,5,5,543,510,2,0.6666666666666666,1.0,27.5,256.1540380422142,0.5707337132021308,3.9591272848104353,0.0018563320070179037,0.998143667992982,205,0,0,11237.24549321991,11237.24549321991,2247.4490986439823,1.5,0.34368334334983963,0.3836395301996207,0.0002723426678567094,154.25,61.69999999999995,0.14214961508266175,1,25:heatwave:semiwild|38:flood:alternative|46:heatwave:alternative|59:heatwave:origin,0.013044881169967527,0.06989515475376608,0.1397276438018634,0.017910328214133586,4.357482685707351e-05,0.0009822330534187632,0.00016370177917303724,44136fa355b3678a
S5,greedy_expected_utility,False,200134,0.625,0.5,5,4,606,359,0,0.0,0.0,,247.6017566346341,0.6101775962406945,3.271249602729654,0.0019231230914198915,0.9980768769085802,227,0,0,11237.795401317619,11237.795401317619,2809.4488503294046,1.5,0.321287870484674,0.31917064088236,0.0005113243568937401,193.0,77.2,0.14664678903298026,3,25:heatwave:semiwild|38:flood:alternative|46:heatwave:alternative|59:heatwave:origin,0.01204492038503509,0.07314585392102807,0.08522964439631892,0.018460701543257924,8.181189710299843e-05,0.0010673627556442074,0.00023319113818546643,44136fa355b3678a
S6,rule,False,200134,0.875,0.5,7,4,190,190,0,0.0,0.0,,430.8765215814751,0.7555008806173372,3.8564542774410935,0.0,1.0,0,0,0,11256.27456544292,11256.274565442922,2814.06864136073,1.5,0.8501920590764224,0.35778006745875884,0.00015755739007242587,0.0,0.0,0.04598159388352828,3,25:heatwave:semiwild|38:flood:alternative|46:heatwave:alternative|59:heatwave:origin,0.01600000000000001,0.057545658366342706,0.0,0.0,2.5209182411588142e-05,0.0009282518339087064,0.0,44136fa355b3678a
S7,forward_rollout_proxy,False,200134,0.625,0.625,5,5,940,940,1,0.3333333333333333,1.0,17.0,306.6292567424569,0.5686409790277903,3.7034996160156957,0.0011832065540378373,0.9988167934459622,49,0,0,11219.370309872937,11219.370309872938,2243.874061974587,1.5,0.5032370087657024,0.4008084593841375,0.0002996701440074877,56.25,22.500000000000014,0.16099881173705174,2,25:heatwave:semiwild|38:flood:alternative|46:heatwave:alternative|59:heatwave:origin,0.013940814725484425,0.05100973883345839,0.172246834287954,0.012205557294084204,4.7947223041198046e-05,0.0008895026328709495,5.227253226884818e-05,44136fa355b3678a
S0,none,False,200135,0.25,0.0,2,0,0,0,3,1.0,1.0,32.0,63.75904013000373,0.38403435971978817,0.0,,,0,0,0,0.0,0.0,0.0,1.4997298239565628,0.1913,0.01913,0.00043293645393047505,0.0,0.0,0.0,0,4:heatwave:reserve|80:heatwave:origin,0.008640000000000007,0.05500610397996631,0.0,0.0,6.926983262887602e-05,0.0004502664676166321,0.0,44136fa355b3678a
S1,rule,False,200135,0.75,0.0,6,0,0,0,0,0.0,0.0,,350.60502699592524,0.736667201911236,0.0,,,0,0,0,11188.256118388235,11188.256118388235,11188.256118388235,1.5,0.7521980669706756,0.09672377219510851,0.00048647971794040635,0.0,0.0,0.1075198274902047,3,4:heatwave:reserve|80:heatwave:origin|84:funding_collapse,0.01584000000000001,0.06842284342526245,0.0,0.0,7.783675487046501e-05,0.0006921179086311854,0.0,44136fa355b3678a
S2,rule,False,200135,0.375,0.125,3,1,34,0,2,0.6666666666666666,1.0,41.0,77.39240017905794,0.5017692201162042,2.9045226130653266,0.0,1.0,0,0,0,11299.677709157486,11299.677709157486,11299.677709157486,1.5,0.29493106768693517,0.12352838527376273,0.00048501723519361433,56.0,22.40000000000001,0.04370026187207973,1,4:heatwave:reserve|80:heatwave:origin|84:funding_collapse,0.005409868106924914,0.09193618570334855,0.033289059237742065,0.010880813383820933,7.760275763097828e-05,0.0007364259968195832,0.0001317568136531787,44136fa355b3678a
S3,rule,False,200135,0.625,0.375,5,3,444,0,1,0.3333333333333333,1.0,17.0,207.244850463274,0.5945147841763165,4.145101122964533,0.0010915650087641234,0.9989084349912358,54,233,54,11184.118973801214,11184.118973801214,3728.039657933738,1.5,0.5622405591987448,0.28269340930058917,0.0004024765725896555,71.75,28.699999999999996,0.08134171075534652,2,4:heatwave:reserve|80:heatwave:origin|84:funding_collapse,0.00784651632980616,0.07650111533001643,0.06764132430465708,0.006061263120064457,6.439625161434486e-05,0.0006649131348934829,0.00011412067527963993,44136fa355b3678a
S4,state_dependent_rule,False,200135,0.5,0.25,4,2,400,220,1,0.3333333333333333,1.0,21.0,179.28741185047394,0.6349156279977582,3.257204793371463,0.029746916749616204,0.9702530832503838,283,0,0,11220.060467483221,11220.060467483221,5610.030233741611,1.5,0.4826637580205812,0.21104823361910988,0.0004912424163825125,164.75,65.89999999999998,0.0885490494166856,2,4:heatwave:reserve|80:heatwave:origin|84:funding_collapse,0.009247379729841786,0.07040801173610141,0.03782144134101735,0.0072934201157453,7.859878662120201e-05,0.0007767802931033682,0.00029294441476786643,44136fa355b3678a
S5,greedy_expected_utility,False,200135,0.375,0.25,3,2,449,257,0,0.0,0.0,,192.63017054911086,0.6245886959280863,4.172891673706589,0.0031473625557008633,0.9968526374442991,345,0,0,11202.408838394073,11202.408838394073,5601.204419197036,1.5,0.45531197380048144,0.21987462114576245,0.0005289560805749312,218.5,87.39999999999999,0.10057253514324196,3,4:heatwave:reserve|80:heatwave:origin|84:funding_collapse,0.008913045682030664,0.07473500235336857,0.041248892126213035,0.0063317846729241565,8.4632972891989e-05,0.000627062428113583,0.00034659322922853987,44136fa355b3678a
S6,rule,False,200135,0.625,0.625,5,5,169,169,0,0.0,0.0,,524.5301642926534,0.766800607852478,3.8367369474396136,0.006559999999999999,0.99344,0,0,0,11202.614869970093,11202.614869970095,2240.5229739940187,1.5,0.8388029163971974,0.41117294975986385,0.0003937916605028288,0.0,0.0,0.03837644322873979,3,4:heatwave:reserve|80:heatwave:origin|84:funding_collapse,0.01600000000000001,0.04614138211027785,0.0,0.0,6.300666568045261e-05,0.0009950033715639827,0.0,44136fa355b3678a
S7,forward_rollout_proxy,False,200135,0.625,0.5,5,4,1200,1200,0,0.0,0.0,,310.5188363532799,0.7084509189973239,3.541841176266402,0.003158138412404064,0.9968418615875959,65,0,0,11144.894838685826,11144.894838685826,2786.2237096714566,1.5,0.6217028965709263,0.3532766287327013,0.00040096531403106594,63.0,25.20000000000002,0.15343963656472331,3,4:heatwave:reserve|80:heatwave:origin|84:funding_collapse,0.015739505946026865,0.0634798407675154,0.026605856961512932,0.005137598524764787,6.415445024497056e-05,0.0009917837485110372,0.00010051992284938215,44136fa355b3678a
S0,none,False,200136,0.25,0.0,2,0,0,0,3,1.0,1.0,27.666666666666668,69.91148169274595,0.390632200285636,0.0,,,0,0,0,0.0,0.0,0.0,1.3643918032495288,0.05407200000000001,0.005407200000000001,0.00012985772288375583,0.0,0.0,0.0,0,9:wildfire:reserve|42:wildfire:alternative|75:flood:origin|85:wildfire:alternative|92:wildfire:alternative,0.008800000000000007,0.05648251406210518,0.0,0.0,2.077723566140093e-05,0.0005645084165974251,0.0,44136fa355b3678a
S1,rule,False,200136,0.875,0.25,7,2,13,13,1,0.3333333333333333,1.0,16.0,361.54310995935566,0.743482948146932,1.94,0.0,1.0,0,0,0,11165.457432846797,11165.457432846797,5582.7287164233985,1.5,0.6178125288559422,0.2168028000908192,0.0002917851777504071,0.0,0.0,0.1156077360261248,2,5:funding_collapse|9:wildfire:reserve|42:wildfire:alternative|75:flood:origin|85:wildfire:alternative|92:funding_collapse|92:wildfire:alternative,0.01600000000000001,0.06962675991769411,0.0,0.0,4.6685628440065135e-05,0.0008436063069332031,0.0,44136fa355b3678a
S2,rule,False,200136,0.25,0.125,2,1,14,0,2,0.6666666666666666,1.0,34.0,74.32371016817922,0.4865049018200209,2.2790697674418605,0.0,1.0,0,0,0,11268.640661881424,11268.640661881425,11268.640661881424,1.5,0.11463345818634324,0.09946681136149219,0.00019607829882933267,55.25,22.10000000000001,0.044813839342196266,1,5:funding_collapse|9:wildfire:reserve|42:wildfire:alternative|75:flood:origin|85:wildfire:alternative|92:funding_collapse|92:wildfire:alternative,0.00457591248660557,0.0901943755118316,0.03484486924307395,0.011869994604973922,3.137252781269322e-05,0.0006710968042736577,0.00013448935281731666,44136fa355b3678a
S3,rule,False,200136,0.5,0.375,4,3,345,0,1,0.3333333333333333,1.0,15.0,194.66260358581036,0.5990430789971227,3.391379110247685,7.856199745666396e-05,0.9999214380025433,31,207,31,11138.70634754304,11138.70634754304,3712.9021158476803,1.5,0.27590680401771517,0.2465375010511582,0.0003014282707584396,59.5,23.8,0.0814151477345492,2,5:funding_collapse|9:wildfire:reserve|42:wildfire:alternative|75:flood:origin|85:wildfire:alternative|92:funding_collapse|92:wildfire:alternative,0.007943400137596719,0.07634051682547811,0.06375848637594222,0.006533371383641526,4.8228523321350345e-05,0.000745942264759834,9.837107982352073e-05,44136fa355b3678a
S4,state_dependent_rule,False,200136,0.375,0.375,3,3,339,1,1,0.3333333333333333,1.0,17.0,171.78403373128018,0.6117678363117512,3.64935903914904,0.010344349448529324,0.9896556505514706,135,0,0,11129.247145984195,11129.247145984195,3709.7490486613983,1.5,0.2271695046626876,0.2492915945249878,0.000193765194704723,170.0,67.99999999999996,0.10665526833614314,2,5:funding_collapse|9:wildfire:reserve|42:wildfire:alternative|75:flood:origin|85:wildfire:alternative|92:funding_collapse|92:wildfire:alternative,0.008254762206195126,0.07815554010179235,0.05151983627276796,0.007225624646551742,3.100243115275569e-05,0.0006568461015754747,0.0003383399078592194,44136fa355b3678a
S5,greedy_expected_utility,False,200136,0.5,0.375,4,3,274,2,1,0.3333333333333333,1.0,19.0,148.5187415711614,0.6002319864382877,3.0869303621636264,0.006417501843563793,0.9935824981564362,115,0,0,11129.123978572687,11129.123978572687,3709.707992857562,1.5,0.21098238360855123,0.24604868970832505,0.0005375079058037653,192.5,77.0,0.1266557386291684,2,5:funding_collapse|9:wildfire:reserve|42:wildfire:alternative|75:flood:origin|85:wildfire:alternative|92:funding_collapse|92:wildfire:alternative,0.007493110711237617,0.07825265561590566,0.056764108357855336,0.007185434638945735,8.600126492860247e-05,0.0007878271274234676,0.00043056195408547245,44136fa355b3678a
S6,rule,False,200136,0.875,0.625,7,5,284,284,1,0.3333333333333333,1.0,20.0,568.3568180782214,0.7650143300983564,4.614763421985435,0.0,1.0,0,0,0,11179.903940166849,11179.903940166849,2235.9807880333697,1.5,0.7465057090586948,0.4121239032489613,0.00029339232608454127,0.0,0.0,0.05037849061618729,2,5:funding_collapse|9:wildfire:reserve|42:wildfire:alternative|75:flood:origin|85:wildfire:alternative|92:funding_collapse|92:wildfire:alternative,0.01600000000000001,0.04794231189514383,0.0,0.0,4.6942772173526596e-05,0.0009964152343264125,0.0,44136fa355b3678a
S7,forward_rollout_proxy,False,200136,0.5,0.5,4,4,597,597,1,0.3333333333333333,1.0,25.0,235.99255959605176,0.6640088824991348,3.5772686293167166,0.0021342868718418734,0.9978657131281581,67,0,0,11120.547466124586,11120.547466124586,2780.1368665311466,1.5,0.348931527094827,0.3248988504361406,0.0002793222827399045,61.5,24.60000000000002,0.1461650571674537,2,5:funding_collapse|9:wildfire:reserve|42:wildfire:alternative|75:flood:origin|85:wildfire:alternative|92:funding_collapse|92:wildfire:alternative,0.014532115111967952,0.06840926000326843,0.061644973313275474,0.012536350824388838,4.469156523838472e-05,0.0009623972422743525,9.997942799429067e-05,44136fa355b3678a
S0,none,False,200137,0.125,0.0,1,0,0,0,3,1.0,1.0,34.0,67.03318397515545,0.37784634377492826,0.0,,,0,0,0,0.0,0.0,0.0,1.5,0.1913,0.01913,5.46448087431694e-05,0.0,0.0,0.0,0,52:heatwave:semiwild|62:wildfire:reserve|96:wildfire:reserve,0.008480000000000007,0.05320152736652109,0.0,0.0,8.743169398907103e-06,0.00036338568915158734,0.0,44136fa355b3678a
S1,rule,False,200137,0.625,0.5,5,4,366,366,0,0.0,0.0,,409.0183510776845,0.7585483931190008,4.749456828948748,0.0,1.0,0,0,0,11181.824631056385,11181.824631056385,2795.456157764096,1.5,0.7867348610606056,0.3706201285745639,0.00011656520702829604,0.0,0.0,0.0972603708950793,3,42:funding_collapse|52:heatwave:semiwild|62:wildfire:reserve|96:funding_collapse|96:wildfire:reserve,0.01600000000000001,0.05445527990616702,0.0,0.0,1.8650433124527366e-05,0.0009776765417073823,0.0,44136fa355b3678a
S2,rule,False,200137,0.375,0.125,3,1,36,0,1,0.3333333333333333,1.0,19.0,73.00449840204926,0.49389285266206284,1.9938461538461538,0.0,1.0,0,0,0,11267.437741359336,11267.437741359336,11267.437741359336,1.5,0.23787207599761848,0.11061261416517168,8.500791620996224e-05,61.25,24.500000000000004,0.05318472513474139,2,42:funding_collapse|52:heatwave:semiwild|62:wildfire:reserve|96:funding_collapse|96:wildfire:reserve,0.004756575300204302,0.09131321534660966,0.03065563049377632,0.011186097501533217,1.360126659359396e-05,0.0006833567954659616,0.00014256723400039363,44136fa355b3678a
S3,rule,False,200137,0.5,0.375,4,3,283,0,0,0.0,0.0,,180.4589816023644,0.5969846318888714,3.0991971723351224,0.10504373968222734,0.8949562603177726,38,184,38,11157.808337705079,11157.808337705079,3719.269445901693,1.5,0.46433810845608225,0.26236307990098734,0.00011550758558579104,55.5,22.19999999999999,0.08093648666013936,3,42:funding_collapse|52:heatwave:semiwild|62:wildfire:reserve|96:funding_collapse|96:wildfire:reserve,0.007366996997086745,0.07539011314136537,0.06078580503675371,0.007198325576683912,1.8481213693726568e-05,0.0006846590660656471,0.00010228891403297849,44136fa355b3678a
S4,state_dependent_rule,False,200137,0.5,0.25,4,2,167,119,1,0.3333333333333333,1.0,16.0,153.17696356949278,0.653605578639627,2.719468214549299,0.01002824400766757,0.9899717559923324,219,0,0,11168.971558602214,11168.971558602214,5584.485779301107,1.5,0.36217875071617706,0.1952452789127428,0.0003887417242048451,157.25,62.89999999999998,0.0966636084781603,2,42:funding_collapse|52:heatwave:semiwild|62:wildfire:reserve|96:funding_collapse|96:wildfire:reserve,0.01103229432186531,0.07523878019291078,0.03362988317297311,0.010292387777132282,6.21986758727752e-05,0.0007691263042360419,0.00038887913796355796,44136fa355b3678a
S5,greedy_expected_utility,False,200137,0.625,0.5,5,4,286,167,2,0.6666666666666666,1.0,17.5,209.18643646259352,0.6224212169923766,2.212974847287242,0.023341378449332463,0.9766586215506675,280,0,0,11180.495334898067,11180.495334898067,2795.1238337245168,1.5,0.3356497896066329,0.3105819680016945,0.00039076183220299325,191.75,76.7,0.1494362028407939,1,42:funding_collapse|52:heatwave:semiwild|62:wildfire:reserve|96:funding_collapse|96:wildfire:reserve,0.010832218608670017,0.07420008765299023,0.06418608443123208,0.010027611839965988,6.252189315247892e-05,0.0008678093924320444,0.00028701996721447904,44136fa355b3678a
S6,rule,False,200137,0.875,0.875,7,7,1060,1060,0,0.0,0.0,,710.2201580940626,0.7794972881186082,4.602998266493603,0.03457532727726323,0.9654246727227368,0,0,0,11191.673214994078,11191.67321499408,1598.8104592848683,1.5,0.8928036274340067,0.5400485209873863,0.00011429065497262458,0.0,0.0,0.05494087789524806,3,42:funding_collapse|52:heatwave:semiwild|62:wildfire:reserve|96:funding_collapse|96:wildfire:reserve,0.01600000000000001,0.03354067698949034,0.0,0.0,1.828650479561993e-05,0.0009437483871057653,0.0,44136fa355b3678a
S7,forward_rollout_proxy,False,200137,0.625,0.625,5,5,734,734,1,0.3333333333333333,1.0,19.0,300.8805592569233,0.6872533622070057,3.5350935142603013,0.0063569479882480935,0.993643052011752,160,0,0,11151.444992195926,11151.444992195928,2230.288998439185,1.5,0.5715703058018796,0.4068915638463404,0.0002451037241267981,90.25,36.10000000000004,0.16566799061774717,2,42:funding_collapse|52:heatwave:semiwild|62:wildfire:reserve|96:funding_collapse|96:wildfire:reserve,0.015025290910571856,0.0626727064285557,0.041467081510821034,0.010947499125850602,3.92165958602877e-05,0.000922538885595001,0.00010251772510838574,44136fa355b3678a
S0,none,False,200138,0.125,0.0,1,0,0,0,3,1.0,1.0,32.333333333333336,60.73108158776485,0.35770713466289566,0.0,,,0,0,0,0.0,0.0,0.0,1.3870167429490723,0.09554479264259198,0.009554479264259199,0.000583544833249412,0.0,0.0,0.0,0,23:flood:reserve|33:wildfire:reserve|87:heatwave:alternative,0.008000000000000005,0.04873626431238036,0.0,0.0,9.336717331990593e-05,0.00046323385140407925,0.0,44136fa355b3678a
S1,rule,False,200138,0.625,0.5,5,4,417,417,1,0.3333333333333333,1.0,45.0,441.00958043722414,0.7578105876912873,5.159616423969489,0.0,1.0,0,0,0,11199.23472454361,11199.23472454361,2799.8086811359026,1.5,0.8029277713344123,0.3755714373344034,0.000315727774824631,0.0,0.0,0.0934124798063364,2,23:flood:reserve|25:funding_collapse|33:wildfire:reserve|87:heatwave:alternative,0.01600000000000001,0.055082134728541454,0.0,0.0,5.051644397194096e-05,0.0010567611361998253,0.0,44136fa355b3678a
S2,rule,False,200138,0.375,0.0,3,0,0,0,3,1.0,1.0,29.333333333333332,87.29211011376252,0.3933136293196879,0.0,,,0,0,0,11265.440524464662,11265.440524464662,11265.440524464662,1.5,0.14210861347704576,0.0211362234650616,0.0003893932846571101,46.0,18.400000000000006,0.034626810586785114,0,23:flood:reserve|25:funding_collapse|33:wildfire:reserve|87:heatwave:alternative,0.00564726298433855,0.06235339553900347,0.01156149023964554,0.004888566872368447,6.230292554513762e-05,0.00047815915065433636,9.08134139316677e-05,44136fa355b3678a
S3,rule,False,200138,0.625,0.25,5,2,234,0,2,0.6666666666666666,1.0,47.5,170.36006435865727,0.6295908269234873,3.4600806582912362,0.00022234869188035168,0.9997776513081197,46,162,46,11198.985859077813,11198.985859077813,5599.4929295389065,1.5,0.3551990076578979,0.19578136193236148,0.0002980520032753108,52.0,20.800000000000008,0.06580327291829667,1,23:flood:reserve|25:funding_collapse|33:wildfire:reserve|87:heatwave:alternative,0.008117262153742035,0.07736994238211381,0.033434903963985844,0.006554720819299011,4.768832052404973e-05,0.0007147662039419353,9.951790560184283e-05,44136fa355b3678a
S4,state_dependent_rule,False,200138,0.5,0.25,4,2,206,0,1,0.3333333333333333,1.0,39.0,139.14214244436528,0.6290292228548351,2.258637724076059,0.017359468216162036,0.9826405317838379,145,0,0,11175.695147042281,11175.695147042283,5587.8475735211405,1.5,0.2511418055756251,0.17850936246161692,0.00043058794066607955,141.75,56.69999999999996,0.09154402331646909,2,23:flood:reserve|25:funding_collapse|33:wildfire:reserve|87:heatwave:alternative,0.00811068987168119,0.07733721611896174,0.030339156290062962,0.007485357241655039,6.889407050657274e-05,0.0007416279246435498,0.00041201324243735646,44136fa355b3678a
S5,greedy_expected_utility,False,200138,0.75,0.25,6,2,169,2,1,0.3333333333333333,1.0,52.0,148.58064671297697,0.6240946277546984,2.90685656667507,0.00947709464178696,0.9905229053582131,188,0,0,11179.768821311654,11179.768821311653,5589.884410655827,1.5,0.22441790540518922,0.18552162100143335,0.0006496084314394509,176.25,70.49999999999999,0.10755632397081866,2,23:flood:reserve|25:funding_collapse|33:wildfire:reserve|87:heatwave:alternative,0.008162630928032842,0.07686690472709232,0.037765876476812094,0.007354130729729568,0.00010393734903031214,0.0007197321180434942,0.0004453364650061615,44136fa355b3678a
S6,rule,False,200138,0.875,0.625,7,5,900,900,1,0.3333333333333333,1.0,66.0,673.4744331598963,0.7798295279944754,6.655021034400744,0.0,1.0,0,0,0,11213.921803324742,11213.921803324743,2242.7843606649485,1.5,0.9301510593092587,0.44943314103392956,0.00027324526217527767,0.0,0.0,0.043089123794981386,2,23:flood:reserve|25:funding_collapse|33:wildfire:reserve|87:heatwave:alternative,0.01600000000000001,0.03309604408934249,0.0,0.0,4.3719241948044423e-05,0.0010307086742338094,0.0,44136fa355b3678a
S7,forward_rollout_proxy,False,200138,0.5,0.375,4,3,341,340,1,0.3333333333333333,1.0,38.0,243.2446981299914,0.736045080353705,3.3337451410423693,0.00183012567951215,0.9981698743204879,48,0,0,11160.017653593319,11160.01765359332,3720.0058845311064,1.5,0.49385123253675395,0.27644470471065913,0.0005724974227235438,52.5,21.0,0.12486065023280024,2,23:flood:reserve|25:funding_collapse|33:wildfire:reserve|87:heatwave:alternative,0.016505409781461308,0.06522815744620097,0.00013426035507677623,0.00015039306254845103,9.159958763576703e-05,0.0008100635945300304,9.620854114007727e-05,44136fa355b3678a
S0,none,False,200139,0.25,0.0,2,0,0,0,3,1.0,1.0,34.0,72.221717779713,0.3775726566400644,0.0,,,0,0,0,0.0,0.0,0.0,1.4178434748997546,0.05722400000000002,0.0057224000000000025,0.00021144749954384045,0.0,0.0,0.0,0,27:flood:alternative|54:wildfire:alternative|85:heatwave:reserve,0.008480000000000007,0.05336918742242498,0.0,0.0,3.3831599927014474e-05,0.00044432433758360214,0.0,44136fa355b3678a
S1,rule,False,200139,0.875,0.5,7,4,372,372,0,0.0,0.0,,423.675745714733,0.7567804119223589,4.976347535877842,0.0,1.0,0,0,0,11177.464620995119,11177.464620995119,2794.3661552487797,1.5,0.7675913117610963,0.37454674294084955,0.0001856763925729443,0.0,0.0,0.11512068202980735,3,17:funding_collapse|27:flood:alternative|54:wildfire:alternative|77:funding_collapse|85:heatwave:reserve,0.01600000000000001,0.056254068489243275,0.0,0.0,2.9708222811671092e-05,0.0009358113655859238,0.0,44136fa355b3678a
S2,rule,False,200139,0.375,0.125,3,1,45,0,2,0.6666666666666666,1.0,31.5,62.59540694603001,0.4797092620385866,2.9911373707533233,0.014318640120069885,0.9856813598799301,0,0,0,11289.839777748444,11289.839777748444,11289.839777748444,1.5,0.09358954319470052,0.10588062194728033,0.00019348347651110595,56.5,22.600000000000012,0.05180146960138524,1,17:funding_collapse|27:flood:alternative|54:wildfire:alternative|77:funding_collapse|85:heatwave:reserve,0.004517979096959669,0.09125969241108439,0.04054384983676159,0.011698006496914593,3.095735624177695e-05,0.0006653993933417824,0.00014942492990311875,44136fa355b3678a
S3,rule,False,200139,0.375,0.375,3,3,158,0,0,0.0,0.0,,157.2905872433193,0.6208722986799484,3.3757368737125817,0.0,1.0,33,164,33,11146.761362952373,11146.761362952373,3715.5871209841243,1.5,0.35061479898111286,0.25244675858778054,0.0001805611491475366,49.25,19.700000000000003,0.0743895497627172,3,17:funding_collapse|27:flood:alternative|54:wildfire:alternative|77:funding_collapse|85:heatwave:reserve,0.007844139802955558,0.07546860178855852,0.041735310012192696,0.007263618174495213,2.8889783863605854e-05,0.0006011620048301273,9.580562821649321e-05,44136fa355b3678a
S4,state_dependent_rule,False,200139,0.5,0.5,4,4,341,52,0,0.0,0.0,,195.19834646414097,0.6233107962437332,2.7301921260161084,0.018993450431094978,0.981006549568905,222,0,0,11140.854145680787,11140.854145680787,2785.2135364201968,1.5,0.24826990906761925,0.30090152479216714,0.000486047759273461,174.0,69.6,0.11886306312622047,3,17:funding_collapse|27:flood:alternative|54:wildfire:alternative|77:funding_collapse|85:heatwave:reserve,0.01061608987674735,0.07691140187049711,0.06079348034277899,0.01307371256783477,7.776764148375377e-05,0.0009409872217533232,0.0002852378238238518,44136fa355b3678a
S5,greedy_expected_utility,False,200139,0.5,0.375,4,3,316,3,0,0.0,0.0,,188.49098101145185,0.6240829802916461,3.8395507685564603,0.004343928775547046,0.995656071224453,207,0,0,11174.003196405085,11174.003196405083,3724.6677321350285,1.5,0.22232743633536836,0.25420625500828314,0.0005285916093829796,206.0,82.39999999999998,0.12414001844590841,3,17:funding_collapse|27:flood:alternative|54:wildfire:alternative|77:funding_collapse|85:heatwave:reserve,0.010062536429238045,0.0765814585351783,0.06120564665001415,0.007919516863564069,8.457465750127674e-05,0.0006072474787201331,0.00033757500632580826,44136fa355b3678a
S6,rule,False,200139,0.75,0.625,6,5,949,949,0,0.0,0.0,,657.2780953209461,0.7795863516893634,6.801339217240985,0.0,1.0,0,0,0,11188.384279303185,11188.384279303187,2237.6768558606373,1.5,0.9182558857430089,0.4494685882512782,0.00018624529764402187,0.0,0.0,0.04189803752283736,3,17:funding_collapse|27:flood:alternative|54:wildfire:alternative|77:funding_collapse|85:heatwave:reserve,0.01600000000000001,0.03343687271547563,0.0,0.0,2.9799247623043503e-05,0.0009469763475377785,0.0,44136fa355b3678a
S7,forward_rollout_proxy,False,200139,0.625,0.625,5,5,506,492,0,0.0,0.0,,287.6065133087003,0.5881898149007675,3.342760438087663,0.0034302847284932887,0.9965697152715067,87,0,0,11157.713341032337,11157.713341032337,2231.542668206467,1.5,0.4913866560336606,0.3967340600340902,0.00036695637592297617,88.5,35.40000000000004,0.16458895024923736,3,17:funding_collapse|27:flood:alternative|54:wildfire:alternative|77:funding_collapse|85:heatwave:reserve,0.013811539395202282,0.058417343729622095,0.14278644774613017,0.013872549148585015,5.871302014767619e-05,0.0009821941275767357,8.585172507559263e-05,44136fa355b3678a
S0,none,False,200140,0.125,0.0,1,0,0,0,3,1.0,1.0,30.0,62.602051834600225,0.4048594407418129,0.0,,,0,0,0,0.0,0.0,0.0,1.4606793692931228,0.05172200000000001,0.005172200000000002,0.00010864803780335116,0.0,0.0,0.0,0,34:wildfire:semiwild|43:wildfire:alternative|50:flood:alternative|90:wildfire:reserve|95:wildfire:alternative|97:flood:alternative,0.009120000000000007,0.058660379871878734,0.0,0.0,1.7383686048536183e-05,0.0004427957002599084,0.0,44136fa355b3678a
S1,rule,False,200140,0.875,0.625,7,5,434,434,0,0.0,0.0,,480.75939940534147,0.7574278235807833,5.229550390497261,0.003891287929244444,0.9961087120707556,0,0,0,11214.139186015589,11214.139186015589,2242.8278372031177,1.5,0.5228486302484381,0.4089820092048714,5.449591280653951e-05,0.0,0.0,0.1157582113752747,3,34:wildfire:semiwild|43:wildfire:alternative|50:flood:alternative|68:funding_collapse|90:wildfire:reserve|95:wildfire:alternative|97:flood:alternative,0.01600000000000001,0.05553637450247169,0.0,0.0,8.719346049046322e-06,0.0010270825706959331,0.0,44136fa355b3678a
S2,rule,False,200140,0.375,0.125,3,1,12,0,2,0.6666666666666666,1.0,18.0,73.48397072406885,0.4889363557989259,2.6666666666666665,0.0,1.0,0,0,0,11281.47228841721,11281.472288417212,11281.47228841721,1.5,0.091074618953272,0.10336100819974901,8.23060510875363e-05,55.75,22.3,0.05668439818877577,1,34:wildfire:semiwild|43:wildfire:alternative|50:flood:alternative|68:funding_collapse|90:wildfire:reserve|95:wildfire:alternative|97:flood:alternative,0.004859349340448559,0.09097214908163202,0.03689378834730119,0.011543751130269007,1.3168968174005807e-05,0.0007591842062237987,0.00016063728497975712,44136fa355b3678a
S3,rule,False,200140,0.5,0.375,4,3,399,0,1,0.3333333333333333,1.0,18.0,179.97460670502574,0.6053980881873359,3.3313794350393096,0.0014316979402449201,0.9985683020597551,39,186,39,11201.842422482969,11201.842422482969,3733.9474741609897,1.5,0.2702467748244795,0.24455175919353284,0.00010634091230052254,56.25,22.5,0.07731643680345887,2,34:wildfire:semiwild|43:wildfire:alternative|50:flood:alternative|68:funding_collapse|90:wildfire:reserve|95:wildfire:alternative|97:flood:alternative,0.008277947356586886,0.07528538899358281,0.0628451237567082,0.006395499073140533,1.7014545968083602e-05,0.0007752667756230505,0.00012170227928674799,44136fa355b3678a
S4,state_dependent_rule,False,200140,0.5,0.5,4,4,361,128,2,0.6666666666666666,1.0,19.0,242.7500681113409,0.5997450573323804,2.8791677651377405,0.008076330399178076,0.9919236696008219,249,0,0,11207.531590854762,11207.531590854762,2801.8828977136905,1.5,0.20044972869244118,0.29777835844288836,0.0001905200733014224,166.75,66.69999999999997,0.1197085396113342,1,34:wildfire:semiwild|43:wildfire:alternative|50:flood:alternative|68:funding_collapse|90:wildfire:reserve|95:wildfire:alternative|97:flood:alternative,0.011994670463787924,0.073790279955225,0.09805952554430761,0.016230856664948355,3.048321172822758e-05,0.0009573731692201012,0.00019401627120566652,44136fa355b3678a
S5,greedy_expected_utility,False,200140,0.5,0.375,4,3,212,40,1,0.3333333333333333,1.0,22.0,179.37170577121316,0.6305262164315649,2.837856719891611,0.004788722765308139,0.9952112772346918,226,0,0,11196.318373162492,11196.318373162492,3732.1061243874974,1.5,0.18461372154314493,0.24083670463323997,9.789796882380727e-05,197.25,78.89999999999999,0.1262338264000467,2,34:wildfire:semiwild|43:wildfire:alternative|50:flood:alternative|68:funding_collapse|90:wildfire:reserve|95:wildfire:alternative|97:flood:alternative,0.011453738081194976,0.07648191452916009,0.0570544982617745,0.01668440191984697,1.5663675011809166e-05,0.001048030703522327,0.0003383688837337166,44136fa355b3678a
S6,rule,False,200140,0.875,0.875,7,7,1065,1065,0,0.0,0.0,,725.8441246440581,0.7788687716607828,4.553313217376531,0.0005626390079068907,0.9994373609920931,0,0,0,11224.26068101089,11224.260681010892,1603.4658115729842,1.5,0.684932596420495,0.5186636380871734,5.449591280653951e-05,0.0,0.0,0.054436231356793444,3,34:wildfire:semiwild|43:wildfire:alternative|50:flood:alternative|68:funding_collapse|90:wildfire:reserve|95:wildfire:alternative|97:flood:alternative,0.01600000000000001,0.03414407985757315,0.0,0.0,8.719346049046322e-06,0.000978429135595452,0.0,44136fa355b3678a
S7,forward_rollout_proxy,False,200140,0.625,0.5,5,4,502,498,0,0.0,0.0,,242.330708142655,0.5959207732701715,3.512795888706631,0.004516358992290911,0.9954836410077091,42,0,0,11182.810445351824,11182.810445351824,2795.702611337956,1.5,0.3662237231289796,0.32720960730364723,0.00010478384902348035,60.5,24.20000000000002,0.15229638051841496,3,34:wildfire:semiwild|43:wildfire:alternative|50:flood:alternative|68:funding_collapse|90:wildfire:reserve|95:wildfire:alternative|97:flood:alternative,0.013957701775536745,0.05420852053903645,0.13822420605048566,0.01562833630372883,1.676541584375686e-05,0.0011664486510634643,7.524129313918276e-05,44136fa355b3678a
S0,none,False,200141,0.125,0.0,1,0,0,0,3,1.0,1.0,28.666666666666668,62.54763654198723,0.3844212287309099,0.0,,,0,0,0,0.0,0.0,0.0,1.5,0.14961843960073837,0.014961843960073837,5.333333333333333e-05,0.0,0.0,0.0,0,61:wildfire:alternative,0.008640000000000007,0.054619753260190834,0.0,0.0,8.533333333333334e-06,0.0005104846755659816,0.0,44136fa355b3678a
S1,rule,False,200141,0.625,0.625,5,5,421,421,0,0.0,0.0,,427.3407532022634,0.7577114299500104,3.2493410095435302,0.0,1.0,0,0,0,11247.348704248641,11247.348704248641,2249.469740849728,1.5,0.8758291739068711,0.4220567239008903,5.2910052910052905e-05,0.0,0.0,0.10365198207383941,3,61:wildfire:alternative,0.01600000000000001,0.05515088796356819,0.0,0.0,8.465608465608466e-06,0.0011292164779556448,0.0,44136fa355b3678a
S2,rule,False,200141,0.25,0.125,2,1,1,0,1,0.3333333333333333,1.0,14.0,70.3808129239949,0.5087298376146596,1.0,0.0,1.0,0,0,0,11315.906872961827,11315.906872961827,11315.906872961827,1.5,0.2582511455811723,0.10138215476620761,7.88782981074734e-05,47.0,18.800000000000015,0.04653520104045189,2,61:wildfire:alternative,0.004877744270410423,0.08990768543871486,0.018457419127726728,0.01244240403676039,1.2620527697195746e-05,0.0007988755199427926,0.00013888209209804496,44136fa355b3678a
S3,rule,False,200141,0.625,0.375,5,3,266,0,1,0.3333333333333333,1.0,16.0,159.5783491006745,0.6208339588544045,3.4383702816712884,0.001725539369683719,0.9982744606303163,25,169,25,11227.752745817468,11227.752745817468,3742.5842486058227,1.5,0.5501638446566064,0.27378054624866455,7.760592159569142e-05,48.5,19.399999999999995,0.0781522948314552,2,61:wildfire:alternative,0.008325948221549924,0.07603246244258656,0.04524161556043607,0.00682671162925978,1.2416947455310626e-05,0.0008112299586850584,0.00011432807209718003,44136fa355b3678a
S4,state_dependent_rule,False,200141,0.625,0.375,5,3,383,320,1,0.3333333333333333,1.0,15.0,194.58157923211695,0.6282203174499599,3.0370552694692066,0.0017981396367423577,0.9982018603632576,248,0,0,11236.379135540925,11236.379135540923,3745.459711846975,1.5,0.44625884877901983,0.2662587852628799,0.0001922316608089732,136.25,54.49999999999997,0.11256173845142914,2,61:wildfire:alternative,0.012535564858437953,0.06990590406041663,0.08001430825317053,0.0146497427962725,3.075706572943571e-05,0.000939118089986783,0.00021855232940702206,44136fa355b3678a
S5,greedy_expected_utility,False,200141,0.625,0.5,5,4,505,308,1,0.3333333333333333,1.0,14.0,234.7442323664246,0.6178701922340948,3.4109432876958024,0.013213781021509472,0.9867862189784905,253,0,0,11238.268159110567,11238.268159110567,2809.5670397776416,1.5,0.41933687541939224,0.3308104917737803,0.00024687152417760336,172.0,68.79999999999998,0.14883685677441538,2,61:wildfire:alternative,0.012052691336893746,0.07321155319585176,0.08462372242983292,0.01316585218166784,3.9499443868416525e-05,0.0008733986190545825,0.0002208727477459717,44136fa355b3678a
S6,rule,False,200141,0.75,0.75,6,6,953,953,1,0.3333333333333333,1.0,11.0,660.3103291668336,0.7806845627606154,4.9800031371774125,5.796004824789878e-05,0.9999420399517521,0,0,0,11257.357186533314,11257.357186533316,1876.2261977555524,1.5,0.9618319999999998,0.49272857839760337,7.807159069156937e-05,0.0,0.0,0.046226735129146095,2,61:wildfire:alternative,0.01600000000000001,0.032230506969096934,0.0,0.0,1.2491454510651098e-05,0.001072438815777191,0.0,44136fa355b3678a
S7,forward_rollout_proxy,False,200141,0.75,0.75,6,6,1018,1018,0,0.0,0.0,,257.7207651164751,0.5296138483259827,2.8605539043157946,0.05035648783562082,0.9496435121643791,53,0,0,11233.158196118822,11233.158196118824,1872.1930326864704,1.5,0.6766477057657149,0.471520370334789,0.00013117066750071676,64.25,25.700000000000017,0.18875030357529776,3,61:wildfire:alternative,0.013830223310666006,0.05012719246844232,0.20999497987270715,0.014078607047950619,2.0987306800114682e-05,0.001013089696893574,6.381866691650975e-05,44136fa355b3678a
S0,none,False,200142,0.0,0.0,0,0,0,0,3,1.0,1.0,22.666666666666668,52.57939046078092,0.2184113377524488,0.0,,,0,0,0,0.0,0.0,0.0,1.4346975946685596,0.24796666666666647,0.024796666666666647,0.0002534316804944797,0.0,0.0,0.0,0,21:wildfire:origin|26:heatwave:origin,0.0049600000000000035,0.03362578873519366,0.0,0.0,4.054906887911675e-05,0.0002623244434784559,0.0,44136fa355b3678a
S1,rule,False,200142,0.0,0.0,0,0,0,0,2,0.6666666666666666,1.0,21.5,92.25818545146947,0.29101644424294226,0.0,,,0,0,0,11150.891368829234,11150.891368829234,11150.891368829234,1.5,0.6738536341493641,0.07223794900476169,0.0002056555269922879,0.0,0.0,0.024262927949126392,1,21:wildfire:origin|26:heatwave:origin|33:funding_collapse|90:funding_collapse,0.006560000000000005,0.04232474937904209,0.0,0.0,3.290488431876607e-05,0.00036590149369686574,0.0,44136fa355b3678a
S2,rule,False,200142,0.25,0.0,2,0,0,0,3,1.0,1.0,20.0,56.824160588209736,0.40961993952964754,0.0,,,0,0,0,11291.98349336911,11291.983493369113,11291.98349336911,1.5,0.35636970820301045,0.04297771092808008,0.0001354022988505747,35.5,14.200000000000001,0.03670370053889517,0,21:wildfire:origin|26:heatwave:origin|33:funding_collapse|90:funding_collapse,0.003580471317356989,0.08219186805316665,0.015899869052078578,0.006259090599419266,2.1664367816091954e-05,0.0005650201926673308,8.424269548195772e-05,44136fa355b3678a
S3,rule,False,200142,0.25,0.25,2,2,177,0,3,1.0,1.0,23.0,128.31020136247727,0.5585706386241668,3.6204337298663023,0.0005464623420620546,0.999453537657938,9,95,9,11209.665847169592,11209.665847169592,5604.832923584796,1.5,0.6246114391315664,0.2215760641732938,0.0002399024225368671,26.0,10.4,0.05205291480737073,0,21:wildfire:origin|26:heatwave:origin|33:funding_collapse|90:funding_collapse,0.004189246706823761,0.07924273965079937,0.06971294867136196,0.01050042052229883,3.8384387605898736e-05,0.0007288874746541468,6.47997037872298e-05,44136fa355b3678a
S4,state_dependent_rule,False,200142,0.375,0.375,3,3,607,467,2,0.6666666666666666,1.0,20.5,200.2481242466917,0.600037846912986,2.6428340399744807,0.003582280980963305,0.9964177190190366,187,0,0,11173.659309727516,11173.659309727518,3724.5531032425056,1.5,0.542951272443474,0.2698114975598621,0.00017366265527753145,121.25,48.49999999999999,0.10169014957884946,1,21:wildfire:origin|26:heatwave:origin|33:funding_collapse|90:funding_collapse,0.012178460927969195,0.06857540538742855,0.11376704505663973,0.00971452429877132,2.778602484440503e-05,0.0006355466783344966,0.0001941216132668974,44136fa355b3678a
S5,greedy_expected_utility,False,200142,0.5,0.5,4,4,797,580,2,0.6666666666666666,1.0,24.0,205.18870447548684,0.6280446366763005,1.854199953151777,0.050988344947268976,0.949011655052731,292,0,0,11172.81813596217,11172.81813596217,2793.2045339905426,1.5,0.5161143019297595,0.32254683170291976,0.00024166394812639953,175.5,70.20000000000002,0.13696700989213012,1,21:wildfire:origin|26:heatwave:origin|33:funding_collapse|90:funding_collapse,0.012125383405973657,0.0735133729686098,0.0691264591876028,0.014171252541188162,3.866623170022393e-05,0.0009578916788082571,0.00033104188054830725,44136fa355b3678a
S6,rule,False,200142,0.0,0.0,0,0,0,0,2,0.6666666666666666,1.0,28.5,99.74633495219555,0.3013799501216305,0.0,,,0,0,0,11165.871574384,11165.871574384004,11165.871574384,1.5,0.7614417792128667,0.0784625724140287,0.0002056555269922879,0.0,0.0,0.011591972463710087,1,21:wildfire:origin|26:heatwave:origin|33:funding_collapse|90:funding_collapse,0.006720000000000005,0.040059588823088514,0.0,0.0,3.290488431876607e-05,0.00040755617096232584,0.0,44136fa355b3678a
S7,forward_rollout_proxy,False,200142,0.75,0.75,6,6,1063,1063,2,0.6666666666666666,1.0,25.5,220.76344363525328,0.44686308892127663,3.3161375855772977,0.00046137594856512687,0.9995386240514349,30,0,0,11172.684118421708,11172.684118421708,1862.1140197369514,1.5,0.6699999999999999,0.4748845266544734,0.0002056555269922879,28.5,11.399999999999999,0.18611575399350205,1,21:wildfire:origin|26:heatwave:origin|33:funding_collapse|90:funding_collapse,0.013027522288753635,0.04478597496627747,0.28668779886916984,0.021405796749721557,3.290488431876607e-05,0.0010376646056975685,4.891206023038163e-05,44136fa355b3678a
S0,none,False,200143,0.0,0.0,0,0,0,0,3,1.0,1.0,30.0,65.93958038533569,0.3151932543481734,0.0,,,0,0,0,0.0,0.0,0.0,1.474526374061799,0.12281490790242845,0.012281490790242846,0.0003082270994005961,0.0,0.0,0.0,0,24:wildfire:origin|55:wildfire:semiwild|70:heatwave:alternative|91:wildfire:reserve|92:wildfire:reserve,0.007200000000000005,0.050644941501024034,0.0,0.0,4.9316335904095385e-05,0.000412487814898461,0.0,44136fa355b3678a
S1,rule,False,200143,0.5,0.25,4,2,12,12,0,0.0,0.0,,169.29324709455506,0.7313270778378488,1.925925925925926,0.012237679999999997,0.98776232,0,0,0,11173.18420781989,11173.184207819892,5586.592103909945,1.5,0.6677594575737519,0.21255574230566135,0.0002986937226320492,0.0,0.0,0.07010268644513443,3,24:wildfire:origin|55:wildfire:semiwild|70:heatwave:alternative|80:funding_collapse|84:funding_collapse|91:wildfire:reserve|92:wildfire:reserve,0.01600000000000001,0.08187542820482538,0.0,0.0,4.779099562112788e-05,0.0007497029617046904,0.0,44136fa355b3678a
S2,rule,False,200143,0.25,0.125,2,1,29,0,2,0.6666666666666666,1.0,39.5,77.96705111006054,0.4739729672019544,2.5255255255255253,0.0,1.0,0,0,0,11266.77549392624,11266.775493926241,11266.77549392624,1.5,0.16938424661065676,0.10757362497077042,0.0002585160028815478,47.0,18.800000000000008,0.04564972527224738,1,24:wildfire:origin|55:wildfire:semiwild|70:heatwave:alternative|80:funding_collapse|84:funding_collapse|91:wildfire:reserve|92:wildfire:reserve,0.004339307912001975,0.09243301632108489,0.03972217780103402,0.012729822664725212,4.1362560461047656e-05,0.0007620377572344547,0.00010006079980490473,44136fa355b3678a
S3,rule,False,200143,0.375,0.375,3,3,266,0,1,0.3333333333333333,1.0,29.0,168.49670170763696,0.5629457248252718,4.323544073192771,0.0,1.0,9,139,9,11189.603168645008,11189.603168645006,3729.867722881669,1.5,0.39423728632306015,0.26545492116546754,0.0002918516924420752,37.0,14.8,0.07022875900616901,2,24:wildfire:origin|55:wildfire:semiwild|70:heatwave:alternative|80:funding_collapse|84:funding_collapse|91:wildfire:reserve|92:wildfire:reserve,0.005200289853071793,0.07537194680291498,0.07423914578541461,0.011505232022447858,4.669627079073203e-05,0.0007601601761987452,7.815534493616039e-05,44136fa355b3678a
S4,state_dependent_rule,False,200143,0.625,0.5,5,4,51,8,0,0.0,0.0,,201.9784924790031,0.6046911461353924,2.1817931793179315,0.089957435297778,0.910042564702222,222,0,0,11167.479597215748,11167.479597215748,2791.869899303937,1.5,0.31308808122308335,0.30687873949128236,0.0004145636860173835,162.0,64.79999999999997,0.14375999787897334,3,24:wildfire:origin|55:wildfire:semiwild|70:heatwave:alternative|80:funding_collapse|84:funding_collapse|91:wildfire:reserve|92:wildfire:reserve,0.012064580855482666,0.07549230889352092,0.09502315137794957,0.014745316400528355,6.633018976278136e-05,0.0009102455813306433,0.00027078482221356404,44136fa355b3678a
S5,greedy_expected_utility,False,200143,0.375,0.375,3,3,190,21,0,0.0,0.0,,179.45691356194814,0.6073152143620129,2.0340884348568813,0.02242738941328681,0.9775726105867132,237,0,0,11176.12396363401,11176.12396363401,3725.37465454467,1.5,0.286493594983804,0.2422567326930378,0.0006523205631673119,179.0,71.6,0.12258244423044287,3,24:wildfire:origin|55:wildfire:semiwild|70:heatwave:alternative|80:funding_collapse|84:funding_collapse|91:wildfire:reserve|92:wildfire:reserve,0.011235564469661423,0.0717785557756161,0.07740624524899586,0.024822356974442905,0.00010437129010676987,0.001228238461870813,0.00029064024205769485,44136fa355b3678a
S6,rule,False,200143,0.625,0.5,5,4,421,421,0,0.0,0.0,,353.44707792065293,0.7527678873644637,4.54922911177103,0.0,1.0,0,0,0,11184.008927760638,11184.008927760642,2796.0022319401596,1.5,0.7658342763016629,0.35521544602782046,0.0002653417312111669,0.0,0.0,0.04069863639971921,3,24:wildfire:origin|55:wildfire:semiwild|70:heatwave:alternative|80:funding_collapse|84:funding_collapse|91:wildfire:reserve|92:wildfire:reserve,0.01600000000000001,0.060024829242728096,0.0,0.0,4.2454676993786704e-05,0.0011648287158145627,0.0,44136fa355b3678a
S7,forward_rollout_proxy,False,200143,0.625,0.625,5,5,284,271,0,0.0,0.0,,242.63981527945106,0.4958777328978465,4.066469606616814,0.001288056,0.998711944,81,0,0,11156.817862112868,11156.817862112868,2231.3635724225737,1.5,0.481778251395701,0.4047465412918919,0.0003011825140056731,58.5,23.40000000000001,0.17327010043076851,3,24:wildfire:origin|55:wildfire:semiwild|70:heatwave:alternative|80:funding_collapse|84:funding_collapse|91:wildfire:reserve|92:wildfire:reserve,0.013417982351044428,0.0553214170373888,0.2290489905648517,0.02113950590765513,4.8189202240907685e-05,0.0011408654499984105,8.765461063977374e-05,44136fa355b3678a
S0,none,False,200144,0.0,0.0,0,0,0,0,3,1.0,1.0,29.0,65.54067631351295,0.27592707655065746,0.0,,,0,0,0,0.0,0.0,0.0,1.2353017813962792,0.05722400000000002,0.0057224000000000025,0.00010185797050347325,0.0,0.0,0.0,0,24:wildfire:alternative|30:wildfire:origin|59:heatwave:origin|62:wildfire:reserve|75:heatwave:alternative|90:flood:origin,0.006240000000000004,0.0412428473481993,0.0,0.0,1.6297275280555722e-05,0.00027377882586270794,0.0,44136fa355b3678a
S1,rule,False,200144,0.375,0.0,3,0,0,0,1,0.3333333333333333,1.0,14.0,161.07952291074514,0.4831709421163268,0.0,,,0,0,0,11156.866474077036,11156.866474077038,11156.866474077036,1.5,0.6062951994339373,0.070061919270437,7.016264474498365e-05,0.0,0.0,0.04716199663521635,2,24:wildfire:alternative|30:wildfire:origin|49:funding_collapse|59:heatwave:origin|62:wildfire:reserve|71:funding_collapse|75:heatwave:alternative|90:flood:origin,0.010720000000000007,0.06164595520969452,0.0,0.0,1.1226023159197385e-05,0.0005518766508196249,0.0,44136fa355b3678a
S2,rule,False,200144,0.125,0.125,1,1,45,0,1,0.3333333333333333,1.0,20.0,80.95208341145482,0.485104046001185,2.599486521181001,0.0,1.0,0,0,0,11274.196816488062,11274.196816488064,11274.196816488062,1.5,0.0693933333333333,0.09677916091436646,0.00022306911693513793,51.25,20.500000000000004,0.03797481184611562,2,24:wildfire:alternative|30:wildfire:origin|49:funding_collapse|59:heatwave:origin|62:wildfire:reserve|71:funding_collapse|75:heatwave:alternative|90:flood:origin,0.0043916583735761384,0.09046066109392084,0.03196586400087773,0.013070222929222825,3.569105870962207e-05,0.0007084276572012462,0.00010641561790770718,44136fa355b3678a
S3,rule,False,200144,0.5,0.375,4,3,364,0,1,0.3333333333333333,1.0,28.0,171.1818718170454,0.5600797123173824,3.815147852215239,0.0031584781724859922,0.996841521827514,9,134,9,11174.426254076065,11174.426254076065,3724.8087513586884,1.5,0.3176648859325364,0.25419768160690887,0.0005621028303043926,35.75,14.300000000000004,0.07764857245751403,2,24:wildfire:alternative|30:wildfire:origin|49:funding_collapse|59:heatwave:origin|62:wildfire:reserve|71:funding_collapse|75:heatwave:alternative|90:flood:origin,0.005325195707463871,0.07819769414582414,0.0743067796012559,0.009191755348889368,8.993645284870282e-05,0.0006362783777992113,7.540215804525591e-05,44136fa355b3678a
S4,state_dependent_rule,False,200144,0.375,0.25,3,2,154,0,1,0.3333333333333333,1.0,23.0,150.03369940644671,0.6080257641243634,3.6009855123779175,0.0007020164827061927,0.9992979835172938,149,0,0,11149.300282033579,11149.300282033579,5574.650141016789,1.5,0.23654569124126743,0.1921559871969764,0.0005586407919090146,151.0,60.39999999999996,0.09995781474535242,2,24:wildfire:alternative|30:wildfire:origin|49:funding_collapse|59:heatwave:origin|62:wildfire:reserve|71:funding_collapse|75:heatwave:alternative|90:flood:origin,0.008936262077465108,0.07667421807124054,0.05142742834152916,0.022773822128717557,8.938252670544234e-05,0.001126485689669098,0.0003589253246857126,44136fa355b3678a
S5,greedy_expected_utility,False,200144,0.5,0.375,4,3,238,0,1,0.3333333333333333,1.0,21.0,153.60981368316948,0.6085725153345333,2.639734827442283,0.009980887136877994,0.990019112863122,159,0,0,11157.1703814047,11157.1703814047,3719.0567938015665,1.5,0.20997625294929337,0.24055183892468818,0.00045484140568543115,190.0,76.0,0.12203432677668005,2,24:wildfire:alternative|30:wildfire:origin|49:funding_collapse|59:heatwave:origin|62:wildfire:reserve|71:funding_collapse|75:heatwave:alternative|90:flood:origin,0.008430138999973476,0.07978595700497781,0.05310287825791475,0.009609552838310496,7.277462490966898e-05,0.0007145738867653422,0.000430238889844251,44136fa355b3678a
S6,rule,False,200144,0.5,0.0,4,0,0,0,0,0.0,0.0,,183.93688932072865,0.6247315244737404,0.0,,,0,0,0,11169.792135410322,11169.792135410324,11169.792135410322,1.5,0.6818479872975131,0.07316066393379866,7.016264474498365e-05,0.0,0.0,0.024879326020236753,3,24:wildfire:alternative|30:wildfire:origin|49:funding_collapse|59:heatwave:origin|62:wildfire:reserve|71:funding_collapse|75:heatwave:alternative|90:flood:origin,0.01376000000000001,0.07463480306956366,0.0,0.0,1.1226023159197385e-05,0.000662446433536846,0.0,44136fa355b3678a
S7,forward_rollout_proxy,False,200144,0.5,0.5,4,4,333,219,0,0.0,0.0,,212.21225609222637,0.6008594244739632,2.717973022190491,0.08181343795650575,0.9181865620434942,119,0,0,11138.734508600497,11138.734508600497,2784.6836271501243,1.5,0.4100310131568025,0.3213409840369407,0.0001068275551890249,80.25,32.10000000000002,0.14079076249677774,3,24:wildfire:alternative|30:wildfire:origin|49:funding_collapse|59:heatwave:origin|62:wildfire:reserve|71:funding_collapse|75:heatwave:alternative|90:flood:origin,0.012466615510710323,0.07097635066000785,0.10222229795031967,0.018750335897613934,1.7092408830243983e-05,0.001012374141957615,0.0001369853653842495,44136fa355b3678a
S0,none,False,200145,0.125,0.0,1,0,0,0,3,1.0,1.0,28.666666666666668,64.86558520833746,0.3847190168576454,0.0,,,0,0,0,0.0,0.0,0.0,1.3638785217666718,0.05722400000000002,0.0057224000000000025,7.6799259408215e-05,0.0,0.0,0.0,0,1:heatwave:semiwild|26:heatwave:alternative|46:wildfire:alternative|67:heatwave:reserve|73:flood:semiwild|92:heatwave:semiwild,0.008640000000000007,0.05431334086115117,0.0,0.0,1.2287881505314399e-05,0.0005153543996981993,0.0,44136fa355b3678a
S1,rule,False,200145,0.75,0.625,6,5,328,328,0,0.0,0.0,,390.95290432575416,0.7572745386738431,4.341162104788248,0.003772768857494969,0.996227231142505,0,0,0,11145.096651249198,11145.096651249201,2229.0193302498396,1.5,0.7526530039086934,0.421327430551901,2.652519893899204e-05,0.0,0.0,0.1070025455657462,3,1:heatwave:semiwild|5:funding_collapse|25:funding_collapse|26:heatwave:alternative|46:wildfire:alternative|67:heatwave:reserve|73:flood:semiwild|82:funding_collapse|92:heatwave:semiwild,0.01600000000000001,0.05559824981794523,0.0,0.0,4.244031830238727e-06,0.0011229674763814047,0.0,44136fa355b3678a
S2,rule,False,200145,0.375,0.125,3,1,10,0,1,0.3333333333333333,1.0,14.0,75.69738949505279,0.5020719855374097,1.0,0.19234465476608215,0.8076553452339179,0,0,0,11249.12286703062,11249.12286703062,11249.12286703062,1.5,0.07316223466666662,0.08478645719144089,0.0003899318717459729,64.25,25.700000000000003,0.05610116862387111,2,1:heatwave:semiwild|5:funding_collapse|25:funding_collapse|26:heatwave:alternative|46:wildfire:alternative|67:heatwave:reserve|73:flood:semiwild|82:funding_collapse|92:heatwave:semiwild,0.004880509795432128,0.0923312038591601,0.024318344702185538,0.00967587852168663,6.238909947935568e-05,0.000715757408620825,0.00016052007019567643,44136fa355b3678a
S3,rule,False,200145,0.5,0.375,4,3,387,0,1,0.3333333333333333,1.0,17.0,180.47837325155209,0.6024685749911997,3.5163425075290458,0.0013040375378879424,0.998695962462112,30,191,30,11111.664450755328,11111.664450755328,3703.888150251776,1.5,0.3045062885346393,0.25094066039930424,0.00019239953891276467,55.25,22.099999999999998,0.08288303235274903,2,1:heatwave:semiwild|5:funding_collapse|25:funding_collapse|26:heatwave:alternative|46:wildfire:alternative|67:heatwave:reserve|73:flood:semiwild|82:funding_collapse|92:heatwave:semiwild,0.00806336905830006,0.07717403045368529,0.05901436151797089,0.007005986197290643,3.078392622604235e-05,0.0007795977615666069,0.00010264647935630298,44136fa355b3678a
S4,state_dependent_rule,False,200145,0.5,0.375,4,3,222,0,0,0.0,0.0,,170.9057619243913,0.6126970472799499,2.5777056273996766,0.0032204214978709057,0.9967795785021291,154,0,0,11140.070966561736,11140.070966561736,3713.356988853912,1.5,0.21844936900334988,0.24079031343036736,0.00027729218764539895,162.75,65.09999999999995,0.12209160128017796,3,1:heatwave:semiwild|5:funding_collapse|25:funding_collapse|26:heatwave:alternative|46:wildfire:alternative|67:heatwave:reserve|73:flood:semiwild|82:funding_collapse|92:heatwave:semiwild,0.00997789261667925,0.07648574083083712,0.07017714072505059,0.010061416903395124,4.436675002326384e-05,0.000734135761891946,0.00030244708238751035,44136fa355b3678a
S5,greedy_expected_utility,False,200145,0.625,0.375,5,3,205,0,0,0.0,0.0,,173.90203645676604,0.603724510807898,2.3618278400239823,0.00443880748937863,0.9955611925106214,156,0,0,11142.64665891556,11142.64665891556,3714.2155529718534,1.5,0.1967133874359969,0.24098409504041857,0.0003847436541777265,211.25,84.5,0.14472238948289518,3,1:heatwave:semiwild|5:funding_collapse|25:funding_collapse|26:heatwave:alternative|46:wildfire:alternative|67:heatwave:reserve|73:flood:semiwild|82:funding_collapse|92:heatwave:semiwild,0.009031367719908449,0.07813503347927292,0.06292521416794566,0.013716312784437128,6.155898466843625e-05,0.0009469408616434274,0.0003713016954884483,44136fa355b3678a
S6,rule,False,200145,0.875,0.875,7,7,1092,1092,1,0.3333333333333333,1.0,22.0,670.1159753744007,0.7790928724641231,4.27437185077754,0.0009298900730741232,0.9990701099269259,0,0,0,11156.362323220168,11156.362323220168,1593.7660461743096,1.5,0.9506445249876575,0.5425090953130614,7.630836194904444e-05,0.0,0.0,0.05475462153260105,2,1:heatwave:semiwild|5:funding_collapse|25:funding_collapse|26:heatwave:alternative|46:wildfire:alternative|67:heatwave:reserve|73:flood:semiwild|82:funding_collapse|92:heatwave:semiwild,0.01600000000000001,0.03381714182358672,0.0,0.0,1.220933791184711e-05,0.0010777763743783852,0.0,44136fa355b3678a
S7,forward_rollout_proxy,False,200145,0.75,0.5,6,4,195,165,1,0.3333333333333333,1.0,14.0,249.75174957942536,0.6558085734848373,3.01731990979237,0.018234274141524717,0.9817657258584753,118,0,0,11126.257430719268,11126.25743071927,2781.564357679817,1.5,0.43423662271312047,0.335553847452717,4.930424221917427e-05,107.75,43.100000000000044,0.18478493041740623,2,1:heatwave:semiwild|5:funding_collapse|25:funding_collapse|26:heatwave:alternative|46:wildfire:alternative|67:heatwave:reserve|73:flood:semiwild|82:funding_collapse|92:heatwave:semiwild,0.013855431612126516,0.0731494895769789,0.06203766751105248,0.011457679445051999,7.888678755067884e-06,0.0009189430736646175,0.00015968631055589635,44136fa355b3678a
S0,none,False,200146,0.125,0.0,1,0,0,0,3,1.0,1.0,30.333333333333332,61.879096255089536,0.35863345823914633,0.0,,,0,0,0,0.0,0.0,0.0,1.4247250405817964,0.1723461920475414,0.01723461920475414,7.731958762886599e-05,0.0,0.0,0.0,0,5:heatwave:alternative|38:flood:origin|68:wildfire:origin|71:wildfire:origin,0.008160000000000006,0.05617283632780953,0.0,0.0,1.2371134020618556e-05,0.0003213342990233138,0.0,44136fa355b3678a
S1,rule,False,200146,0.75,0.0,6,0,0,0,1,0.3333333333333333,1.0,11.0,205.15441519379775,0.5931330704971299,0.0,,,0,0,0,11154.35054187479,11154.350541874792,11154.35054187479,1.5,0.6699999999999999,0.08097337511415217,7.5e-05,0.0,0.0,0.06986687557076093,2,5:heatwave:alternative|16:funding_collapse|24:funding_collapse|38:flood:origin|68:wildfire:origin|71:wildfire:origin,0.01312000000000001,0.07360512482773074,0.0,0.0,1.1999999999999999e-05,0.0007298046751394783,0.0,44136fa355b3678a
S2,rule,False,200146,0.25,0.25,2,2,45,0,2,0.6666666666666666,1.0,23.0,82.33324499418191,0.4780406553597537,2.3843566021867115,0.017492342639400343,0.9825076573605996,0,0,0,11242.404270563064,11242.404270563064,5621.202135281532,1.5,0.28027327304494737,0.17481583059611627,0.00015888508076109518,54.5,21.800000000000004,0.052224686348772184,1,5:heatwave:alternative|16:funding_collapse|24:funding_collapse|38:flood:origin|68:wildfire:origin|71:wildfire:origin,0.00490359991389327,0.0902534973563926,0.04866133537206191,0.011847749978428555,2.542161292177523e-05,0.0007027308492255431,0.00013873965320067465,44136fa355b3678a
S3,rule,False,200146,0.375,0.375,3,3,376,0,2,0.6666666666666666,1.0,23.5,176.86983061750655,0.5708302720572078,3.596144332508654,0.0003755919573063667,0.9996244080426936,20,172,20,11152.57153050712,11152.57153050712,3717.5238435023734,1.5,0.547072595472582,0.2740360575268269,0.00040493512011462033,48.0,19.2,0.07308677327241067,1,5:heatwave:alternative|16:funding_collapse|24:funding_collapse|38:flood:origin|68:wildfire:origin|71:wildfire:origin,0.0062923875982728306,0.07448472070172026,0.0788369870042105,0.008716524603822405,6.478961921833926e-05,0.0006165166233718882,9.379114175911145e-05,44136fa355b3678a
S4,state_dependent_rule,False,200146,0.625,0.5,5,4,585,472,2,0.6666666666666666,1.0,16.5,225.20814650140062,0.5950186516147777,3.4341355651229515,0.01639602577010623,0.9836039742298938,260,0,0,11135.830217701357,11135.830217701357,2783.9575544253394,1.5,0.46633210979485834,0.3330280765258533,0.0004717454778413205,155.0,61.99999999999995,0.1352675494756897,1,5:heatwave:alternative|16:funding_collapse|24:funding_collapse|38:flood:origin|68:wildfire:origin|71:wildfire:origin,0.012342233928478174,0.06997466384706004,0.10595883228451276,0.020650097656680303,7.547927645461128e-05,0.00107613951541666,0.00020743408122020829,44136fa355b3678a
S5,greedy_expected_utility,False,200146,0.5,0.25,4,2,155,106,1,0.3333333333333333,1.0,20.0,179.69623800830774,0.653520225562353,3.6147946926858108,0.032500673472165426,0.9674993265278345,286,0,0,11155.73473612145,11155.734736121449,5577.867368060725,1.5,0.44008382571445664,0.21495168808882686,0.0003069617589960386,193.0,77.20000000000002,0.11147679295261538,2,5:heatwave:alternative|16:funding_collapse|24:funding_collapse|38:flood:origin|68:wildfire:origin|71:wildfire:origin,0.011564747544632046,0.07423933385974311,0.04945903183145102,0.007938977331005072,4.911388143936618e-05,0.0005844271706720657,0.00036432432503074187,44136fa355b3678a
S6,rule,False,200146,0.75,0.0,6,0,0,0,1,0.3333333333333333,1.0,13.0,289.7094691922776,0.6166859594423828,0.0,,,0,0,0,11166.744214581628,11166.744214581628,11166.744214581628,1.5,0.6699999999999999,0.07297686666295472,7.371007371007371e-05,0.0,0.0,0.029884333314773616,2,5:heatwave:alternative|16:funding_collapse|24:funding_collapse|38:flood:origin|68:wildfire:origin|71:wildfire:origin,0.01344000000000001,0.06636833434786056,0.0,0.0,1.1793611793611794e-05,0.0006939125979629552,0.0,44136fa355b3678a
S7,forward_rollout_proxy,False,200146,0.625,0.5,5,4,782,782,2,0.6666666666666666,1.0,21.0,246.8228562131318,0.5475496110745306,4.126434054353582,0.0,1.0,52,0,0,11134.342831287604,11134.342831287604,2783.585707821901,1.5,0.6270255582466583,0.357786616994181,0.0002988731460417317,45.25,18.1,0.14409860312989686,1,5:heatwave:alternative|16:funding_collapse|24:funding_collapse|38:flood:origin|68:wildfire:origin|71:wildfire:origin,0.013532099373806776,0.04618375495816776,0.1874258412208844,0.021616950649037462,4.781970336667709e-05,0.001057515974439181,7.098262899691782e-05,44136fa355b3678a
S0,none,False,200147,0.0,0.0,0,0,0,0,3,1.0,1.0,18.666666666666668,20.40534139245741,0.14965166084373918,0.0,,,0,0,0,0.0,0.0,0.0,1.184875989676251,0.10725549910930161,0.010725549910930162,8.454185893210283e-05,0.0,0.0,0.0,0,5:wildfire:alternative|7:wildfire:origin|14:flood:origin|37:flood:semiwild|58:heatwave:semiwild|68:flood:semiwild|95:flood:reserve|99:wildfire:semiwild,0.003520000000000002,0.029204097463924397,0.0,0.0,1.3526697429136455e-05,0.00021071499490728598,0.0,44136fa355b3678a
S1,rule,False,200147,0.0,0.0,0,0,0,0,1,0.3333333333333333,1.0,23.0,22.410043382410958,0.1537892855411754,0.0,,,0,0,0,11071.623038968835,11071.623038968837,11071.623038968835,1.5,0.6463586055690951,0.06700796542598594,8.536910071224122e-05,0.0,0.0,0.011860524345382146,2,5:wildfire:alternative|7:wildfire:origin|14:flood:origin|37:flood:semiwild|58:heatwave:semiwild|68:flood:semiwild|95:flood:reserve|99:wildfire:semiwild,0.003520000000000002,0.02498765676992677,0.0,0.0,1.3659056113958597e-05,0.00028939863278384074,0.0,44136fa355b3678a
S2,rule,False,200147,0.125,0.125,1,1,32,0,1,0.3333333333333333,1.0,21.0,35.80484835017416,0.43561540622795747,2.7675675675675677,0.0,1.0,0,0,0,11444.633503638752,11444.633503638752,11444.633503638752,1.5,0.20710715437378757,0.11117708003176408,7.874015748031496e-05,22.25,8.899999999999997,0.03270344459354816,2,5:wildfire:alternative|7:wildfire:origin|14:flood:origin|37:flood:semiwild|58:heatwave:semiwild|68:flood:semiwild|95:flood:reserve|99:wildfire:semiwild,0.002112247897413371,0.09547668025273874,0.0376946406749144,0.015387477502288208,1.2598425196850394e-05,0.0007136305683944493,9.500952449986441e-05,44136fa355b3678a
S3,rule,False,200147,0.125,0.125,1,1,156,0,2,0.6666666666666666,1.0,20.5,89.71403855405643,0.544503518798932,4.293577981651375,0.0009624323061221846,0.9990375676938779,1,59,1,11289.119915942989,11289.119915942989,11289.119915942989,1.5,0.4765531019145408,0.15386484001315406,8.611281631539459e-05,15.0,6.000000000000001,0.0351187500259312,1,5:wildfire:alternative|7:wildfire:origin|14:flood:origin|37:flood:semiwild|58:heatwave:semiwild|68:flood:semiwild|95:flood:reserve|99:wildfire:semiwild,0.0020633254884105533,0.07502209010837375,0.058262486980726225,0.015907807262052532,1.3778050610463134e-05,0.0007446260316702188,7.054044684797214e-05,44136fa355b3678a
S4,state_dependent_rule,False,200147,0.375,0.375,3,3,300,184,1,0.3333333333333333,1.0,16.0,187.27036649562314,0.5529388051834897,3.4635200960519636,0.0030414086740500556,0.99695859132595,281,0,0,11255.248730966161,11255.248730966161,3751.7495769887205,1.5,0.394377239236363,0.2624986162025944,0.00014887743835112255,148.0,59.199999999999946,0.09837845659219233,2,5:wildfire:alternative|7:wildfire:origin|14:flood:origin|37:flood:semiwild|58:heatwave:semiwild|68:flood:semiwild|95:flood:reserve|99:wildfire:semiwild,0.011294919120132687,0.06895324708432576,0.1374418066021065,0.02662936584821279,2.3820390136179607e-05,0.0010933149706616892,0.00022076531403805328,44136fa355b3678a
S5,greedy_expected_utility,False,200147,0.375,0.375,3,3,329,123,1,0.3333333333333333,1.0,23.0,193.3592864511594,0.5768695825713487,2.691972340459248,0.11625660224131194,0.883743397758688,307,0,0,11251.729895635344,11251.729895635344,3750.576631878448,1.5,0.3672801902341038,0.2531617970012979,7.8125e-05,177.75,71.1,0.10382027286647491,2,5:wildfire:alternative|7:wildfire:origin|14:flood:origin|37:flood:semiwild|58:heatwave:semiwild|68:flood:semiwild|95:flood:reserve|99:wildfire:semiwild,0.00979970983835707,0.07310582566478444,0.10209896260394798,0.01883901507017816,1.25e-05,0.0008631368344934348,0.0002628966671763406,44136fa355b3678a
S6,rule,False,200147,0.0,0.0,0,0,0,0,1,0.3333333333333333,1.0,14.0,28.572287370284418,0.18879385502199977,0.0,,,0,0,0,11115.356998949537,11115.356998949537,11115.356998949537,1.5,0.7407910108402644,0.0754202950962486,8.536910071224122e-05,0.0,0.0,0.006705970061110803,2,5:wildfire:alternative|7:wildfire:origin|14:flood:origin|37:flood:semiwild|58:heatwave:semiwild|68:flood:semiwild|95:flood:reserve|99:wildfire:semiwild,0.004320000000000003,0.030613106410119606,0.0,0.0,1.3659056113958597e-05,0.00035937951176668947,0.0,44136fa355b3678a
S7,forward_rollout_proxy,False,200147,0.625,0.625,5,5,620,620,0,0.0,0.0,,204.98032971753375,0.48589492567505593,2.260553461874099,0.13306581930452582,0.8669341806954742,23,0,0,11247.18520348634,11247.18520348634,2249.437040697268,1.5,0.5588916051685658,0.39268591049387236,8.536910071224122e-05,23.75,9.5,0.16470607679137383,3,5:wildfire:alternative|7:wildfire:origin|14:flood:origin|37:flood:semiwild|58:heatwave:semiwild|68:flood:semiwild|95:flood:reserve|99:wildfire:semiwild,0.012532515470659868,0.0445309114698656,0.25581827636063975,0.012353345102118692,1.3659056113958597e-05,0.0005828864599872126,7.370847692122996e-05,44136fa355b3678a
S0,none,False,200148,0.25,0.0,2,0,0,0,3,1.0,1.0,34.0,69.2688887571565,0.3914996610709038,0.0,,,0,0,0,0.0,0.0,0.0,1.5,0.1913,0.01913,0.0004382679219192586,0.0,0.0,0.0,0,10:flood:semiwild|53:heatwave:reserve|73:heatwave:origin|74:heatwave:semiwild,0.008800000000000007,0.05573836554851675,0.0,0.0,7.01228675070814e-05,0.0003918505130722906,0.0,44136fa355b3678a
S1,rule,False,200148,0.625,0.125,5,1,1,1,1,0.3333333333333333,1.0,24.0,336.64415005931727,0.7413301373814162,1.0,0.0,1.0,0,0,0,11152.153146173465,11152.153146173465,11152.153146173465,1.5,0.7638407055662331,0.15917837460431078,0.0006083973650043043,0.0,0.0,0.08272152023843733,2,10:flood:semiwild|17:funding_collapse|53:heatwave:reserve|73:funding_collapse|73:heatwave:origin|74:heatwave:semiwild|84:funding_collapse,0.01600000000000001,0.07166628806117682,0.0,0.0,9.734357840068873e-05,0.0009062309790064235,0.0,44136fa355b3678a
S2,rule,False,200148,0.375,0.125,3,1,35,0,2,0.6666666666666666,1.0,35.0,82.63618588512537,0.49104060288029516,2.0797962648556876,0.0,1.0,0,0,0,11258.806632540898,11258.8066325409,11258.806632540898,1.5,0.2584167858015555,0.11286935649603332,0.00047877456802093265,52.5,21.00000000000001,0.04989857633660447,1,10:flood:semiwild|17:funding_collapse|53:heatwave:reserve|73:funding_collapse|73:heatwave:origin|74:heatwave:semiwild|84:funding_collapse,0.00489358785171631,0.0915359127789194,0.03490474825722698,0.011023648600749942,7.660393088334924e-05,0.000683060780488276,0.00010706904176457703,44136fa355b3678a
S3,rule,False,200148,0.5,0.25,4,2,262,0,2,0.6666666666666666,1.0,46.5,190.87032721304425,0.6270841538364125,3.863865184461056,0.0007179380458941992,0.9992820619541058,37,166,37,11151.109343201628,11151.109343201628,5575.554671600814,1.5,0.5250095160607388,0.21465224429866184,0.0002541089396756855,50.75,20.300000000000004,0.05506320423988703,1,10:flood:semiwild|17:funding_collapse|53:heatwave:reserve|73:funding_collapse|73:heatwave:origin|74:heatwave:semiwild|84:funding_collapse,0.008324022640196199,0.07709407480667049,0.03830645981784266,0.005662367088888615,4.065743034810969e-05,0.0006975878724407937,8.558923472254598e-05,44136fa355b3678a
S4,state_dependent_rule,False,200148,0.75,0.25,6,2,482,297,1,0.3333333333333333,1.0,13.0,216.85274342220342,0.6512937035514649,3.5354084948695093,0.001337161909589501,0.9986628380904105,270,0,0,11143.91199471597,11143.91199471597,5571.955997357985,1.5,0.44453151878966457,0.21325607757823356,0.000481826340488943,176.0,70.39999999999999,0.10474420375286012,2,10:flood:semiwild|17:funding_collapse|53:heatwave:reserve|73:funding_collapse|73:heatwave:origin|74:heatwave:semiwild|84:funding_collapse,0.011109315431843524,0.07558660998079358,0.03357969061180686,0.007411014780925695,7.709221447823088e-05,0.0007222351147765288,0.0003353900093180468,44136fa355b3678a
S5,greedy_expected_utility,False,200148,0.625,0.25,5,2,462,246,1,0.3333333333333333,1.0,17.0,211.92788174234715,0.6273966822144605,5.221787594482516,0.003043046356903319,0.9969569536430967,368,0,0,11145.840253870449,11145.840253870449,5572.920126935224,1.5,0.41783240822205436,0.22695191962356345,0.0003066295739410009,211.5,84.6,0.10225401428266409,2,10:flood:semiwild|17:funding_collapse|53:heatwave:reserve|73:funding_collapse|73:heatwave:origin|74:heatwave:semiwild|84:funding_collapse,0.009956618976557275,0.07469470566642485,0.04579832866288665,0.01157880795454004,4.906073183056014e-05,0.0008303664244403411,0.00031792832162427185,44136fa355b3678a
S6,rule,False,200148,0.75,0.5,6,4,189,189,1,0.3333333333333333,1.0,27.0,522.0707944789815,0.7639365352935107,4.3513988076080015,0.001927,0.998073,0,0,0,11162.167693037796,11162.167693037796,2790.541923259449,1.5,0.8502889210758421,0.3623782267886725,0.0004551855673329766,0.0,0.0,0.044176733025041034,2,10:flood:semiwild|17:funding_collapse|53:heatwave:reserve|73:funding_collapse|73:heatwave:origin|74:heatwave:semiwild|84:funding_collapse,0.01600000000000001,0.04893614333687976,0.0,0.0,7.282969077327626e-05,0.0010544916788363546,0.0,44136fa355b3678a
S7,forward_rollout_proxy,False,200148,0.625,0.375,5,3,568,568,1,0.3333333333333333,1.0,11.0,295.0194353861216,0.7328658802488773,3.549791850033673,0.001669462647374144,0.9983305373526259,127,0,0,11129.50767338742,11129.50767338742,3709.83589112914,1.5,0.5852129673176794,0.2886877307086883,0.00045750379231821494,73.5,29.40000000000002,0.12959257738291804,2,10:flood:semiwild|17:funding_collapse|53:heatwave:reserve|73:funding_collapse|73:heatwave:origin|74:heatwave:semiwild|84:funding_collapse,0.015992055496792435,0.05780324819690647,0.008073158561875342,0.0018159845123987284,7.320060677091439e-05,0.0007106974546131493,0.00010253671460730251,44136fa355b3678a
S0,none,False,200149,0.0,0.0,0,0,0,0,3,1.0,1.0,23.333333333333332,25.823986842154408,0.22921188462829017,0.0,,,0,0,0,0.0,0.0,0.0,1.3032775004115318,0.11149666666666652,0.011149666666666653,0.0003046997125194447,0.0,0.0,0.0,0,4:wildfire:origin|27:heatwave:semiwild|32:heatwave:alternative|78:heatwave:semiwild|90:wildfire:alternative,0.0052800000000000034,0.039101279759400025,0.0,0.0,4.875195400311116e-05,0.0002580836583066343,0.0,44136fa355b3678a
S1,rule,False,200149,0.375,0.125,3,1,6,6,1,0.3333333333333333,1.0,10.0,67.91462037970432,0.7230825927085904,1.3846153846153844,0.0,1.0,0,0,0,11080.743448477326,11080.743448477326,11080.743448477326,1.5,0.7360778795427728,0.1542083857582198,0.0001269035532994924,0.0,0.0,0.05252221978894328,2,4:wildfire:origin|24:funding_collapse|27:heatwave:semiwild|32:heatwave:alternative|44:funding_collapse|78:heatwave:semiwild|85:funding_collapse|88:funding_collapse|90:wildfire:alternative,0.01600000000000001,0.0902847169367118,0.0,0.0,2.030456852791878e-05,0.0006123857861691993,0.0,44136fa355b3678a
S2,rule,False,200149,0.125,0.125,1,1,35,0,2,0.6666666666666666,1.0,19.0,28.859234323088035,0.45890532763937264,1.9854132901134525,0.07482407448875866,0.9251759255112413,0,0,0,11321.545043408178,11321.54504340818,11321.545043408178,1.5,0.17826511290396518,0.10047858313081484,0.0003166530182329684,22.75,9.099999999999998,0.03273969469641903,1,4:wildfire:origin|24:funding_collapse|27:heatwave:semiwild|32:heatwave:alternative|44:funding_collapse|78:heatwave:semiwild|85:funding_collapse|88:funding_collapse|90:wildfire:alternative,0.002516383812331427,0.09531019190183501,0.01803722161086015,0.01561052678378879,5.066448291727494e-05,0.0007348903035870788,8.850053187751014e-05,44136fa355b3678a
S3,rule,False,200149,0.25,0.125,2,1,184,0,1,0.3333333333333333,1.0,9.0,98.09973824056448,0.5500764915211999,4.727171181234293,0.0,1.0,14,110,14,11187.364957323149,11187.364957323149,11187.364957323149,1.5,0.41577382855256556,0.15369316310264275,0.00030670656487679976,31.0,12.399999999999997,0.04297034217521622,2,4:wildfire:origin|24:funding_collapse|27:heatwave:semiwild|32:heatwave:alternative|44:funding_collapse|78:heatwave:semiwild|85:funding_collapse|88:funding_collapse|90:wildfire:alternative,0.0027195568240039754,0.07550998048334398,0.059970446121476166,0.014621429015328192,4.9073050380287964e-05,0.0006774997435481284,0.00010891557085584687,44136fa355b3678a
S4,state_dependent_rule,False,200149,0.5,0.375,4,3,584,329,1,0.3333333333333333,1.0,15.0,208.93037546058963,0.5526252994574773,3.3917216088196604,0.0040052567066483575,0.9959947432933517,290,0,0,11186.272798637927,11186.272798637925,3728.7575995459756,1.5,0.33519596787054956,0.25727436807604653,0.00047852242029560176,141.0,56.39999999999998,0.10543777600397485,2,4:wildfire:origin|24:funding_collapse|27:heatwave:semiwild|32:heatwave:alternative|44:funding_collapse|78:heatwave:semiwild|85:funding_collapse|88:funding_collapse|90:wildfire:alternative,0.010329892893502324,0.0689595646339215,0.1283702051870302,0.026728089941978516,7.65635872472963e-05,0.001103489355375956,0.00020099361299445013,44136fa355b3678a
S5,greedy_expected_utility,False,200149,0.625,0.5,5,4,660,374,1,0.3333333333333333,1.0,13.0,212.83321950922266,0.5269573025176626,3.4367891336357808,0.0012303311535122577,0.9987696688464878,233,0,0,11160.187026261512,11160.187026261512,2790.046756565378,1.5,0.30772285461678345,0.32023954486276274,0.0003108535057548952,171.25,68.50000000000001,0.15049684032363297,2,4:wildfire:origin|24:funding_collapse|27:heatwave:semiwild|32:heatwave:alternative|44:funding_collapse|78:heatwave:semiwild|85:funding_collapse|88:funding_collapse|90:wildfire:alternative,0.011087382118937948,0.07216837155497577,0.15792545248175113,0.025695767923538053,4.9736560920783243e-05,0.0010476718842067534,0.00022153380433786565,44136fa355b3678a
S6,rule,False,200149,0.5,0.25,4,2,300,300,1,0.3333333333333333,1.0,8.0,172.53050110880858,0.7461810458053083,3.5951354845385537,0.0,1.0,0,0,0,11093.460313043512,11093.460313043513,5546.730156521756,1.5,0.8317447598485302,0.2367635081368569,0.00030660248785806325,0.0,0.0,0.02568838653309157,2,4:wildfire:origin|24:funding_collapse|27:heatwave:semiwild|32:heatwave:alternative|44:funding_collapse|78:heatwave:semiwild|85:funding_collapse|88:funding_collapse|90:wildfire:alternative,0.01600000000000001,0.06708408184305031,0.0,0.0,4.905639805729012e-05,0.0006858159535838817,0.0,44136fa355b3678a
S7,forward_rollout_proxy,False,200149,0.75,0.75,6,6,948,948,1,0.3333333333333333,1.0,18.0,199.36695701853697,0.4275172677884569,2.961150194142482,0.0014114484135983837,0.9985885515864016,29,0,0,11143.0855980144,11143.0855980144,1857.1809330024,1.5,0.4947158305506005,0.45479822463325464,0.00038873781705839105,32.5,12.999999999999998,0.19107569818384884,2,4:wildfire:origin|24:funding_collapse|27:heatwave:semiwild|32:heatwave:alternative|44:funding_collapse|78:heatwave:semiwild|85:funding_collapse|88:funding_collapse|90:wildfire:alternative,0.012693120367272413,0.04466973123591834,0.3024478816001364,0.024438932665088425,6.219805072934256e-05,0.0010390761734282445,8.222089637950511e-05,44136fa355b3678a
S0,none,False,200150,0.25,0.0,2,0,0,0,3,1.0,1.0,33.666666666666664,73.69453811703386,0.42398831220228594,0.0,,,0,0,0,0.0,0.0,0.0,1.5,0.1913,0.01913,0.00022692255097234507,0.0,0.0,0.0,0,19:flood:semiwild|52:heatwave:semiwild|71:flood:origin|73:heatwave:reserve|75:heatwave:semiwild,0.009600000000000008,0.06384595250917567,0.0,0.0,3.630760815557521e-05,0.0005294276803829,0.0,44136fa355b3678a
S1,rule,False,200150,0.875,0.375,7,3,8,8,0,0.0,0.0,,330.2333916475607,0.7403638293125203,1.4666666666666668,0.021866666666666663,0.9781333333333333,0,0,0,11191.384009792995,11191.384009792995,3730.461336597665,1.5,0.7516491896794094,0.28177043941288493,0.000160144866027219,0.0,0.0,0.11594426889138669,3,3:funding_collapse|9:funding_collapse|19:flood:semiwild|52:heatwave:semiwild|71:flood:origin|73:heatwave:reserve|75:heatwave:semiwild,0.01600000000000001,0.07265116519959322,0.0,0.0,2.5623178564355032e-05,0.0009593823093218759,0.0,44136fa355b3678a
S2,rule,False,200150,0.25,0.125,2,1,35,0,2,0.6666666666666666,1.0,23.0,75.00037614665328,0.48024992307870984,2.3694390715667315,0.0,1.0,0,0,0,11284.610385844833,11284.610385844833,11284.610385844833,1.5,0.2641747977980427,0.11624577190931522,0.0003786113183455995,55.5,22.200000000000003,0.04941950706921812,1,3:funding_collapse|9:funding_collapse|19:flood:semiwild|52:heatwave:semiwild|71:flood:origin|73:heatwave:reserve|75:heatwave:semiwild,0.004532076933522514,0.09087584122345944,0.039415388897063836,0.012629730766857066,6.057781093529592e-05,0.0008473201069109203,0.00013541831782870194,44136fa355b3678a
S3,rule,False,200150,0.5,0.25,4,2,203,0,0,0.0,0.0,,155.8696472422435,0.6177112734351055,3.6556858672046983,0.0,1.0,28,152,28,11171.074554255058,11171.074554255058,5585.537277127529,1.5,0.5311906431169034,0.21569920555011673,0.00034529666305336887,45.0,18.0,0.06761641283189693,3,3:funding_collapse|9:funding_collapse|19:flood:semiwild|52:heatwave:semiwild|71:flood:origin|73:heatwave:reserve|75:heatwave:semiwild,0.008046260844097897,0.07425541010271938,0.0498314307418518,0.007163417377207001,5.524746608853903e-05,0.0007172646050997171,0.00010652974770824174,44136fa355b3678a
S4,state_dependent_rule,False,200150,0.5,0.5,4,4,459,212,0,0.0,0.0,,206.4916048657763,0.6436019667418341,2.9398544180383444,0.083498367483862,0.916501632516138,301,0,0,11160.06137241296,11160.061372412958,2790.01534310324,1.5,0.45046815832563464,0.3236926400821569,0.0005624678760419232,169.5,67.79999999999997,0.12123640034605007,3,3:funding_collapse|9:funding_collapse|19:flood:semiwild|52:heatwave:semiwild|71:flood:origin|73:heatwave:reserve|75:heatwave:semiwild,0.011869948670262871,0.07471061711422325,0.044214649187041495,0.017341497665194622,8.99948601667077e-05,0.0012738729777960608,0.0002632614840076807,44136fa355b3678a
S5,greedy_expected_utility,False,200150,0.625,0.375,5,3,275,138,0,0.0,0.0,,188.49132704918688,0.6492803302454817,2.401498317675703,0.09628658992452667,0.9037134100754733,337,0,0,11181.993721087269,11181.993721087267,3727.3312403624227,1.5,0.4242103874000274,0.26180591158173383,0.0004189983275403656,207.25,82.89999999999999,0.13309944832487003,3,3:funding_collapse|9:funding_collapse|19:flood:semiwild|52:heatwave:semiwild|71:flood:origin|73:heatwave:reserve|75:heatwave:semiwild,0.011192036701714933,0.0761242050833012,0.03784399585348101,0.010685557978477055,6.703973240645849e-05,0.0008511675067885573,0.00035613175888560993,44136fa355b3678a
S6,rule,False,200150,0.75,0.75,6,6,249,249,0,0.0,0.0,,494.9776470265078,0.7629824859795091,3.0685107167642074,0.0009939393939393938,0.9990060606060606,0,0,0,11201.250941440952,11201.250941440954,1866.8751569068254,1.5,0.8632933510064319,0.4640203521877114,0.000160144866027219,0.0,0.0,0.04752954959713077,3,3:funding_collapse|9:funding_collapse|19:flood:semiwild|52:heatwave:semiwild|71:flood:origin|73:heatwave:reserve|75:heatwave:semiwild,0.01600000000000001,0.049995003092422614,0.0,0.0,2.5623178564355032e-05,0.0009968877495039135,0.0,44136fa355b3678a
S7,forward_rollout_proxy,False,200150,0.5,0.5,4,4,1066,1066,0,0.0,0.0,,329.9261439442819,0.65800402535367,3.7528957093206627,0.0013727593252542524,0.9986272406747457,111,0,0,11160.829071132612,11160.829071132612,2790.207267783153,1.5,0.5914723667118545,0.34927707366686933,0.00024378305511565823,73.0,29.200000000000024,0.13800439951238616,3,3:funding_collapse|9:funding_collapse|19:flood:semiwild|52:heatwave:semiwild|71:flood:origin|73:heatwave:reserve|75:heatwave:semiwild,0.014824728243311814,0.05757847309310141,0.07109594028853689,0.016195031013423167,3.900528881850532e-05,0.0010592360249792904,6.92707865129618e-05,44136fa355b3678a
S0,none,False,200151,0.0,0.0,0,0,0,0,3,1.0,1.0,30.0,70.21978544240524,0.3298956761819047,0.0,,,0,0,0,0.0,0.0,0.0,1.4618740285783207,0.11372666666666653,0.011372666666666654,7.615089514066497e-05,0.0,0.0,0.0,0,36:flood:alternative|42:flood:semiwild|76:heatwave:semiwild|80:wildfire:alternative,0.007360000000000005,0.04405223695021489,0.0,0.0,1.2184143222506396e-05,0.0004799027246578194,0.0,44136fa355b3678a
S1,rule,False,200151,0.625,0.625,5,5,373,373,1,0.3333333333333333,1.0,49.0,430.446867862418,0.7578639433319768,3.987452718627812,0.0036998400000000002,0.99630016,0,0,0,11245.564913478156,11245.564913478156,2249.112982695631,1.5,0.8493240906371887,0.4273084860470946,5.0251256281407036e-05,0.0,0.0,0.10625774898548802,2,36:flood:alternative|42:flood:semiwild|76:heatwave:semiwild|80:wildfire:alternative,0.01600000000000001,0.055140694071007766,0.0,0.0,8.040201005025125e-06,0.0009873223960107271,0.0,44136fa355b3678a
S2,rule,False,200151,0.25,0.125,2,1,47,0,2,0.6666666666666666,1.0,23.5,70.77281744381884,0.4810812033394102,3.2154294032023287,0.0,1.0,0,0,0,11361.033150428731,11361.033150428731,11361.033150428731,1.5,0.18558831455567745,0.11641880782094578,7.853403141361256e-05,58.0,23.20000000000001,0.04727841166677367,1,36:flood:alternative|42:flood:semiwild|76:heatwave:semiwild|80:wildfire:alternative,0.00425841230748805,0.09064587363093564,0.03430121061124624,0.013209467886716326,1.256544502617801e-05,0.0008053251669204796,0.00013690677435095717,44136fa355b3678a
S3,rule,False,200151,0.5,0.25,4,2,316,0,2,0.6666666666666666,1.0,39.5,195.43785762587618,0.6142916304989535,5.230246021962429,0.000539279747304447,0.9994607202526955,41,184,41,11245.766666037598,11245.766666037598,5622.883333018799,1.5,0.47211228550270185,0.22518629608562307,0.00012139490767786306,56.25,22.5,0.06586303657864295,1,36:flood:alternative|42:flood:semiwild|76:heatwave:semiwild|80:wildfire:alternative,0.008385678768121893,0.07507419221389844,0.053106168221260776,0.007579742445262739,1.942318522845809e-05,0.0007711432587528984,0.00010339133436088251,44136fa355b3678a
S4,state_dependent_rule,False,200151,0.625,0.5,5,4,620,450,2,0.6666666666666666,1.0,23.0,244.11856783562195,0.6056248003770115,3.7940775666409454,0.0002169389312960783,0.999783061068704,223,0,0,11222.353144064458,11222.353144064458,2805.5882860161146,1.5,0.3669291018710423,0.32518185218696877,0.0003841116657885824,164.75,65.89999999999996,0.1277408316672755,1,36:flood:alternative|42:flood:semiwild|76:heatwave:semiwild|80:wildfire:alternative,0.01271716765766343,0.07089273846799515,0.10346542148807508,0.013927674575526967,6.145786652617317e-05,0.0009517302400477195,0.0001954578346672684,44136fa355b3678a
S5,greedy_expected_utility,False,200151,0.625,0.375,5,3,424,267,1,0.3333333333333333,1.0,20.0,233.70655164734396,0.6187888862051295,4.173459998423659,0.00048638904884328716,0.9995136109511568,227,0,0,11234.257749894869,11234.257749894869,3744.7525832982897,1.5,0.3402811648652164,0.27398715819187475,0.00016297404271032643,197.0,78.79999999999998,0.14737220860558242,2,36:flood:alternative|42:flood:semiwild|76:heatwave:semiwild|80:wildfire:alternative,0.012268545688119368,0.07254537583432043,0.08788287166050517,0.010865214493191529,2.607584683365223e-05,0.0007481990262198826,0.00025739260118173976,44136fa355b3678a
S6,rule,False,200151,0.75,0.75,6,6,1056,1056,1,0.3333333333333333,1.0,23.0,680.8561017875176,0.7803919258834103,5.492750651511543,0.0,1.0,0,0,0,11256.009089308996,11256.009089308998,1876.0015148848327,1.5,0.956723013059042,0.4978350743087591,5.0251256281407036e-05,0.0,0.0,0.048676332438697005,2,36:flood:alternative|42:flood:semiwild|76:heatwave:semiwild|80:wildfire:alternative,0.01600000000000001,0.03258462537711548,0.0,0.0,8.040201005025125e-06,0.001015408538469247,0.0,44136fa355b3678a
S7,forward_rollout_proxy,False,200151,0.75,0.625,6,5,922,922,2,0.6666666666666666,1.0,17.0,289.9897311703295,0.5441452419807972,4.276790372197745,0.00027796292402643483,0.9997220370759735,30,0,0,11222.09043050894,11222.090430508943,2244.418086101788,1.5,0.5972556798601301,0.41832110104898035,7.752349951838443e-05,57.0,22.800000000000008,0.17288814670494912,1,36:flood:alternative|42:flood:semiwild|76:heatwave:semiwild|80:wildfire:alternative,0.01384846708114761,0.048585666077155934,0.19608012260916166,0.01471687382287183,1.2403759922941508e-05,0.0009206531431619169,5.2132037218262965e-05,44136fa355b3678a
S0,none,False,200152,0.25,0.0,2,0,0,0,3,1.0,1.0,31.0,60.82174537022411,0.37688041703425623,0.0,,,0,0,0,0.0,0.0,0.0,1.5,0.1913,0.01913,0.00019194563071130093,0.0,0.0,0.0,0,63:flood:reserve|84:heatwave:semiwild|93:flood:origin,0.008480000000000007,0.05391686403353774,0.0,0.0,3.0711300913808144e-05,0.0005920076312923458,0.0,44136fa355b3678a
S1,rule,False,200152,0.75,0.5,6,4,76,76,1,0.3333333333333333,1.0,25.0,401.51158091815915,0.7528083018878742,3.3026353980042473,0.0,1.0,0,0,0,11181.26870424864,11181.268704248641,2795.31717606216,1.5,0.7511030437349074,0.3536308515269622,0.00047441923317237904,0.0,0.0,0.10247096586714499,2,63:flood:reserve|65:funding_collapse|80:funding_collapse|84:heatwave:semiwild|93:flood:origin,0.01600000000000001,0.06004028142401757,0.0,0.0,7.590707730758063e-05,0.001075509610800402,0.0,44136fa355b3678a
S2,rule,False,200152,0.375,0.125,3,1,21,0,3,1.0,1.0,34.333333333333336,62.68570525251055,0.5068575173265131,1.0,0.10306353523809522,0.8969364647619048,0,0,0,11285.038862894475,11285.038862894475,11285.038862894475,1.5,0.2628633181912533,0.10021435713577491,0.00046558184093086375,43.0,17.200000000000014,0.038390126583247836,0,63:flood:reserve|65:funding_collapse|80:funding_collapse|84:heatwave:semiwild|93:flood:origin,0.005036531026013198,0.09027327298643004,0.02395430945991975,0.012320949120393838,7.44930945489382e-05,0.0007377007680083404,0.00011109558307510798,44136fa355b3678a
S3,rule,False,200152,0.5,0.375,4,3,357,0,2,0.6666666666666666,1.0,24.0,177.31374039610083,0.5891619569318816,4.71009516828068,0.0054921969340939875,0.994507803065906,61,168,61,11184.861848825372,11184.861848825372,3728.2872829417906,1.5,0.530338303228,0.2821733397080973,0.0006327052418379938,57.25,22.9,0.0664427885124525,1,63:flood:reserve|65:funding_collapse|80:funding_collapse|84:heatwave:semiwild|93:flood:origin,0.007233206467551885,0.07320983653454056,0.06923501715074337,0.008467856487233753,0.00010123283869407898,0.0006693189894611868,0.00010056166812384457,44136fa355b3678a
S4,state_dependent_rule,False,200152,0.375,0.375,3,3,571,268,2,0.6666666666666666,1.0,20.5,234.5617253434013,0.6143491475595774,3.7743447060318878,0.005159206692837692,0.9948407933071624,302,0,0,11169.414360783929,11169.414360783929,3723.1381202613097,1.5,0.44939948423216225,0.26897497664712444,0.0006902154937375571,173.0,69.19999999999997,0.08770790581794662,1,63:flood:reserve|65:funding_collapse|80:funding_collapse|84:heatwave:semiwild|93:flood:origin,0.00988931247081565,0.07226794420013354,0.06703879001335661,0.008011590319786207,0.00011043447899800911,0.0005795676101820861,0.0002087235974513857,44136fa355b3678a
S5,greedy_expected_utility,False,200152,0.5,0.5,4,4,482,321,1,0.3333333333333333,1.0,27.0,197.79484807283163,0.6472559576944115,2.691102967172475,0.005508443898869417,0.9944915561011306,324,0,0,11168.22520434162,11168.22520434162,2792.056301085405,1.5,0.422564350011666,0.32001048600099163,0.0007390896904309443,194.25,77.69999999999999,0.12921510664050148,2,63:flood:reserve|65:funding_collapse|80:funding_collapse|84:heatwave:semiwild|93:flood:origin,0.012155771855447528,0.07508305252356544,0.041536336521231475,0.014149826400594378,0.00011825435046895108,0.0010881712871741234,0.00031584161842940884,44136fa355b3678a
S6,rule,False,200152,0.875,0.875,7,7,333,333,0,0.0,0.0,,660.2685242901497,0.773949926018857,4.2322726278982,0.0011504904248020567,0.9988495095751979,0,0,0,11191.277186533312,11191.277186533316,1598.7538837904733,1.5,0.8406764073872358,0.530403472232938,0.0004810338187722258,0.0,0.0,0.0513155260761627,3,63:flood:reserve|65:funding_collapse|80:funding_collapse|84:heatwave:semiwild|93:flood:origin,0.01600000000000001,0.038982933707924,0.0,0.0,7.696541100355613e-05,0.0009901748622151035,0.0,44136fa355b3678a
S7,forward_rollout_proxy,False,200152,0.75,0.625,6,5,887,887,1,0.3333333333333333,1.0,30.0,321.1667510349847,0.6796289709123411,2.9520168803670943,0.0028859905989271164,0.9971140094010729,187,0,0,11155.454697084679,11155.45469708468,2231.0909394169357,1.5,0.5900282366127421,0.40550828598048716,0.000519465189830226,96.25,38.500000000000036,0.1786764675777104,2,63:flood:reserve|65:funding_collapse|80:funding_collapse|84:heatwave:semiwild|93:flood:origin,0.01493971529201697,0.0632442212285194,0.050127639077321914,0.009795770539537677,8.311443037283614e-05,0.0009248174159661181,9.918008272593359e-05,44136fa355b3678a
S0,none,False,200153,0.25,0.0,2,0,0,0,3,1.0,1.0,35.666666666666664,61.73163738931134,0.38394067907952084,0.0,,,0,0,0,0.0,0.0,0.0,1.248873341812253,0.05517000000000002,0.005517000000000002,0.00027599927311226465,0.0,0.0,0.0,0,7:wildfire:semiwild|13:heatwave:reserve|18:wildfire:reserve|31:heatwave:alternative|64:flood:semiwild|67:flood:semiwild|69:heatwave:reserve|89:flood:alternative,0.008640000000000007,0.055121616311577276,0.0,0.0,4.415988369796234e-05,0.00045354472520385623,0.0,44136fa355b3678a
S1,rule,False,200153,0.5,0.5,4,4,316,316,0,0.0,0.0,,389.5937963718232,0.7577453590355135,5.3193269068702715,0.0,1.0,0,0,0,11142.861322227871,11142.861322227871,2785.7153305569677,1.5,0.7337501537708652,0.36993593976701145,0.00029866345878791864,0.0,0.0,0.09183827660611106,3,7:wildfire:semiwild|13:heatwave:reserve|17:funding_collapse|18:wildfire:reserve|31:heatwave:alternative|34:funding_collapse|64:flood:semiwild|67:flood:semiwild|69:heatwave:reserve|89:flood:alternative,0.01600000000000001,0.05522576093157679,0.0,0.0,4.778615340606698e-05,0.000981093879503314,0.0,44136fa355b3678a
S2,rule,False,200153,0.375,0.125,3,1,15,0,2,0.6666666666666666,1.0,41.0,72.50661699349773,0.5179298174634057,1.1421319796954315,0.13479049115141437,0.8652095088485856,0,0,0,11245.534628865651,11245.534628865651,11245.534628865651,1.5,0.06053506666666666,0.08235934164808535,0.00036371935906815306,53.25,21.300000000000004,0.04317257592232186,1,7:wildfire:semiwild|13:heatwave:reserve|17:funding_collapse|18:wildfire:reserve|31:heatwave:alternative|34:funding_collapse|64:flood:semiwild|67:flood:semiwild|69:heatwave:reserve|89:flood:alternative,0.005355988288553579,0.09084980722159401,0.016692175221209974,0.011839867561767319,5.8195097450904484e-05,0.0008133334569732063,0.00012857266310217804,44136fa355b3678a
S3,rule,False,200153,0.5,0.375,4,3,366,0,0,0.0,0.0,,204.64549469603713,0.5997270431414868,3.4196267777870246,0.0004390460894465542,0.9995609539105534,34,207,34,11142.95884706734,11142.958847067339,3714.3196156891136,1.5,0.19221200876249975,0.23742668212135987,0.00032679123478202287,60.25,24.100000000000012,0.07629606733619813,3,7:wildfire:semiwild|13:heatwave:reserve|17:funding_collapse|18:wildfire:reserve|31:heatwave:alternative|34:funding_collapse|64:flood:semiwild|67:flood:semiwild|69:heatwave:reserve|89:flood:alternative,0.00788824240320159,0.07675404212672869,0.06328149827833135,0.0058062700785126205,5.2286597565123666e-05,0.0007103162067954923,9.294774320535982e-05,44136fa355b3678a
S4,state_dependent_rule,False,200153,0.5,0.125,4,1,134,0,0,0.0,0.0,,145.16664611995745,0.6296455176513158,5.906578947368422,0.0004895522388059701,0.999510447761194,118,0,0,11136.970280012638,11136.97028001264,11136.970280012638,1.5,0.10192554812792298,0.14069148491609215,0.00047480716128696067,143.0,57.19999999999997,0.07591570314807816,3,7:wildfire:semiwild|13:heatwave:reserve|17:funding_collapse|18:wildfire:reserve|31:heatwave:alternative|34:funding_collapse|64:flood:semiwild|67:flood:semiwild|69:heatwave:reserve|89:flood:alternative,0.007820463726283073,0.07519963145824968,0.030046851869641913,0.008832168885198449,7.596914580591369e-05,0.0009008826300430054,0.0003667909397613274,44136fa355b3678a
S5,greedy_expected_utility,False,200153,0.5,0.375,4,3,243,0,0,0.0,0.0,,153.43629846690993,0.578192750468749,3.068917500574709,0.022550787458772623,0.9774492125412274,91,0,0,11148.122308961229,11148.122308961229,3716.0407696537427,1.5,0.09053258313771172,0.2326411361527211,0.0004606147350899875,198.25,79.3,0.1207435141660142,3,7:wildfire:semiwild|13:heatwave:reserve|17:funding_collapse|18:wildfire:reserve|31:heatwave:alternative|34:funding_collapse|64:flood:semiwild|67:flood:semiwild|69:heatwave:reserve|89:flood:alternative,0.006776253184340097,0.07720677876445599,0.07562995202872039,0.006867390154741236,7.3698357614398e-05,0.0006607381721154686,0.0003842924461659023,44136fa355b3678a
S6,rule,False,200153,0.875,0.875,7,7,1088,1088,0,0.0,0.0,,706.645840875435,0.7780980216802382,4.94365599205255,0.0,1.0,0,0,0,11161.021743195255,11161.021743195257,1594.4316775993223,1.5,0.9131796184372658,0.5453625477538213,0.0003776148570081801,0.0,0.0,0.05429012994784656,3,7:wildfire:semiwild|13:heatwave:reserve|17:funding_collapse|18:wildfire:reserve|31:heatwave:alternative|34:funding_collapse|64:flood:semiwild|67:flood:semiwild|69:heatwave:reserve|89:flood:alternative,0.01600000000000001,0.034875089414633714,0.0,0.0,6.0418377121308834e-05,0.0009664705280067183,0.0,44136fa355b3678a
S7,forward_rollout_proxy,False,200153,0.5,0.125,4,1,1,0,0,0.0,0.0,,167.37067805273796,0.6967349503857987,1.0,0.092496,0.907504,67,0,0,11095.82829008028,11095.82829008028,11095.82829008028,1.5,0.32964406514536315,0.12366410318604999,0.000763677204076693,49.5,19.8,0.12224848335756837,3,7:wildfire:semiwild|13:heatwave:reserve|17:funding_collapse|18:wildfire:reserve|31:heatwave:alternative|34:funding_collapse|64:flood:semiwild|67:flood:semiwild|69:heatwave:reserve|89:flood:alternative,0.012301566022870677,0.07871968155584205,0.0014930840657658468,0.00332255657736423,0.0001221883526522709,0.001037219229607697,0.00047153020247454354,44136fa355b3678a
S0,none,False,200154,0.125,0.0,1,0,0,0,3,1.0,1.0,29.666666666666668,74.6152585454577,0.38415918602129046,0.0,,,0,0,0,0.0,0.0,0.0,1.5,0.24796666666666647,0.024796666666666647,0.000140708316752885,0.0,0.0,0.0,0,,0.008640000000000007,0.054897210278176775,0.0,0.0,2.2513330680461603e-05,0.00048109036985225504,0.0,44136fa355b3678a
S1,rule,False,200154,0.625,0.5,5,4,327,327,0,0.0,0.0,,400.3030258477835,0.7583575144155627,5.318492190033909,0.0,1.0,0,0,0,11185.080846023495,11185.080846023497,2796.2702115058737,1.5,0.8737743345854412,0.38649751433150425,0.0001376662012021128,0.0,0.0,0.10467579486310488,3,18:funding_collapse|98:funding_collapse,0.01600000000000001,0.0545551199143278,0.0,0.0,2.2026592192338046e-05,0.001065339077917368,0.0,44136fa355b3678a
S2,rule,False,200154,0.375,0.125,3,1,30,0,3,1.0,1.0,32.666666666666664,84.76497707888159,0.5021736283112102,1.8672199170124482,0.0,1.0,0,0,0,11245.815588428035,11245.815588428037,11245.815588428035,1.5,0.3559264963155761,0.11881415286327804,0.00024340624182888436,47.75,19.100000000000012,0.0414965203079797,0,18:funding_collapse|98:funding_collapse,0.005298428173530979,0.09074600927912607,0.030828982049769582,0.010859916405928299,3.894499869262149e-05,0.0007104424207622154,0.00010491601369858957,44136fa355b3678a
S3,rule,False,200154,0.5,0.375,4,3,344,0,1,0.3333333333333333,1.0,9.0,199.29673890458034,0.608964704786687,3.8290890808708675,7.056083090851046e-05,0.9999294391690915,29,193,29,11150.31426225017,11150.314262250167,3716.771420750056,1.5,0.644609172150743,0.2870642707627672,0.00010975507369160198,55.5,22.200000000000003,0.07781231369492114,2,18:funding_collapse|98:funding_collapse,0.008357474785498809,0.07683813637785056,0.05577102335247726,0.006380645830958063,1.7560811790656318e-05,0.0007865664339294329,9.644940298201712e-05,44136fa355b3678a
S4,state_dependent_rule,False,200154,0.5,0.5,4,4,643,504,0,0.0,0.0,,230.91970086181675,0.6180807222264345,3.0042598456708203,0.08215420474348017,0.9178457952565198,278,0,0,11166.142049720087,11166.142049720085,2791.5355124300218,1.5,0.542752816779278,0.3345715568458779,0.00038249131663334573,165.0,65.99999999999994,0.12626838355620976,3,18:funding_collapse|98:funding_collapse,0.012800688819352743,0.06813278391835052,0.09201705110446122,0.014477984539991596,6.119861066133532e-05,0.001010446173157706,0.00020737741777830847,44136fa355b3678a
S5,greedy_expected_utility,False,200154,0.5,0.5,4,4,726,562,1,0.3333333333333333,1.0,11.0,245.4029679341245,0.6250165601301897,3.1822279298555163,0.007271772089839111,0.9927282279101609,333,0,0,11164.148594888798,11164.148594888797,2791.0371487221996,1.5,0.5159062329439986,0.3373288009213756,0.0005877829928452947,196.75,78.69999999999999,0.14457949164210268,2,18:funding_collapse|98:funding_collapse,0.012625776234868259,0.0715093494357726,0.0738385110480176,0.017726393207415158,9.404527885524716e-05,0.001045848560818937,0.00025710900380642045,44136fa355b3678a
S6,rule,False,200154,0.875,0.875,7,7,1036,1036,0,0.0,0.0,,690.8714907938212,0.7798067259950925,5.008768552054263,0.0,1.0,0,0,0,11195.098717952304,11195.098717952304,1599.299816850329,1.5,0.9604839679999998,0.5507608734678353,8.19672131147541e-05,0.0,0.0,0.054373955736463864,3,18:funding_collapse|98:funding_collapse,0.01600000000000001,0.033194385253071765,0.0,0.0,1.3114754098360655e-05,0.000985773997737851,0.0,44136fa355b3678a
S7,forward_rollout_proxy,False,200154,0.875,0.75,7,6,1200,1200,0,0.0,0.0,,358.4609330478642,0.6214425653361211,2.8883958034636303,0.059914724711416976,0.940085275288583,33,0,0,11157.720590624152,11157.720590624152,1859.6200984373588,1.5,0.7389787990697742,0.4791668562682097,0.00027370738688944527,65.75,26.300000000000022,0.19442509163297972,3,18:funding_collapse|98:funding_collapse,0.014595823432025317,0.04961862612495173,0.11909742481281754,0.012318628440022567,4.379318190231126e-05,0.0011294925859189294,6.608620750876861e-05,44136fa355b3678a
S0,none,False,200155,0.25,0.0,2,0,0,0,3,1.0,1.0,28.666666666666668,68.63846120834737,0.36350593346025223,0.0,,,0,0,0,0.0,0.0,0.0,1.5,0.24796666666666647,0.024796666666666647,0.0002198191159409996,0.0,0.0,0.0,0,5:flood:semiwild|29:wildfire:semiwild|72:flood:origin,0.008160000000000006,0.05119767134592004,0.0,0.0,3.5171058550559935e-05,0.00040122413527719986,0.0,44136fa355b3678a
S1,rule,False,200155,0.625,0.375,5,3,29,29,0,0.0,0.0,,346.0059558355366,0.7467315124737859,2.5252525252525255,0.0,1.0,0,0,0,11185.04345859986,11185.04345859986,3728.3478195332864,1.5,0.8024699115220647,0.2946054975127705,0.00013078235764184262,0.0,0.0,0.10177990554019364,3,1:funding_collapse|5:flood:semiwild|29:wildfire:semiwild|46:funding_collapse|72:flood:origin,0.01600000000000001,0.06627700946624884,0.0,0.0,2.0925177222694816e-05,0.0009705528827426938,0.0,44136fa355b3678a
S2,rule,False,200155,0.375,0.125,3,1,47,0,1,0.3333333333333333,1.0,13.0,92.48612869080263,0.48381350961873487,2.3326293558606124,0.0,1.0,0,0,0,11259.45363020114,11259.45363020114,11259.45363020114,1.5,0.35605742151659786,0.12692841906423108,0.0002304785423598596,62.25,24.900000000000006,0.05873191676982583,2,1:funding_collapse|5:flood:semiwild|29:wildfire:semiwild|46:funding_collapse|72:flood:origin,0.005086660748887881,0.09157896945256837,0.044496375547305594,0.011677630745103227,3.687656677757753e-05,0.0007632974379107619,0.0001379891788342591,44136fa355b3678a
S3,rule,False,200155,0.375,0.375,3,3,454,0,0,0.0,0.0,,196.0230177344062,0.588651823180688,4.3803752015959985,0.00046380158248302163,0.999536198417517,25,188,25,11163.987063965724,11163.987063965724,3721.329021321908,1.5,0.6230766320159162,0.29032411726934215,0.0002892863864891352,53.25,21.3,0.07731351025895258,3,1:funding_collapse|5:flood:semiwild|29:wildfire:semiwild|46:funding_collapse|72:flood:origin,0.007649931874375979,0.0754838101103158,0.07274546303299127,0.00644158346673675,4.628582183826164e-05,0.00057371002047401,9.36544050299368e-05,44136fa355b3678a
S4,state_dependent_rule,False,200155,0.625,0.5,5,4,650,485,0,0.0,0.0,,240.99984248791736,0.6058656417723601,3.777488644327731,0.0020452686828599993,0.99795473131714,244,0,0,11162.829434346757,11162.829434346757,2790.707358586689,1.5,0.542665363733422,0.3432676515380236,0.00015218305862558054,153.0,61.19999999999997,0.13113114360702044,3,1:funding_collapse|5:flood:semiwild|29:wildfire:semiwild|46:funding_collapse|72:flood:origin,0.01253771675672363,0.06979990580349175,0.09878266575322062,0.017935855807760585,2.4349289380092886e-05,0.0010261514211610317,0.00019199648156874877,44136fa355b3678a
S5,greedy_expected_utility,False,200155,0.625,0.5,5,4,530,462,0,0.0,0.0,,246.9307422781602,0.6001749312356797,4.155916128582772,0.0014332384161527237,0.9985667615838473,321,0,0,11196.416863670196,11196.416863670196,2799.104215917549,1.5,0.5166806713947524,0.3491085781079766,0.00042137273333565483,198.0,79.2,0.15440674841336807,3,1:funding_collapse|5:flood:semiwild|29:wildfire:semiwild|46:funding_collapse|72:flood:origin,0.012543035816748309,0.07298786089553468,0.09960909400493845,0.01894650392526751,6.741963733370476e-05,0.0009959670283578924,0.0002317867170840456,44136fa355b3678a
S6,rule,False,200155,0.875,0.75,7,6,422,422,0,0.0,0.0,,519.3777668763629,0.7692296808359984,4.679863917826899,0.06365861339032684,0.9363413866096731,0,0,0,11194.923263342866,11194.923263342866,1865.8205438904777,1.5,0.8901163465326584,0.4842205581288417,0.00013215345491140033,0.0,0.0,0.05455142148653414,3,1:funding_collapse|5:flood:semiwild|29:wildfire:semiwild|46:funding_collapse|72:flood:origin,0.01600000000000001,0.04380272432676117,0.0,0.0,2.114455278582405e-05,0.0009464502844546169,0.0,44136fa355b3678a
S7,forward_rollout_proxy,False,200155,0.625,0.625,5,5,1140,1140,0,0.0,0.0,,325.1474985501668,0.5722442694707133,4.418346144653605,0.0027053252881690673,0.997294674711831,30,0,0,11161.074707367794,11161.074707367796,2232.2149414735586,1.5,0.6699999999999999,0.42738040703574803,0.000339554182564248,69.0,27.600000000000023,0.17473472794605976,3,1:funding_collapse|5:flood:semiwild|29:wildfire:semiwild|46:funding_collapse|72:flood:origin,0.014219949862626488,0.04913685986033636,0.16887756750371427,0.013245892098350769,5.432866921027967e-05,0.0009473557404149063,6.27104617696502e-05,44136fa355b3678a
S0,none,False,200156,0.0,0.0,0,0,0,0,3,1.0,1.0,19.666666666666668,25.262164463323725,0.21423929503566266,0.0,,,0,0,0,0.0,0.0,0.0,1.389226441342948,0.1913,0.01913,5.434782608695652e-05,0.0,0.0,0.0,0,6:flood:origin|35:flood:semiwild|72:heatwave:reserve,0.0049600000000000035,0.037861333546094875,0.0,0.0,8.695652173913044e-06,0.00023067576606854018,0.0,44136fa355b3678a
S1,rule,False,200156,0.0,0.0,0,0,0,0,0,0.0,0.0,,35.2945279994685,0.3239128156654858,0.0,,,0,0,0,11118.044424430158,11118.04442443016,11118.044424430158,1.5,0.7675136488655383,0.0821857330182226,5.2910052910052905e-05,0.0,0.0,0.02717184065834383,3,6:flood:origin|17:funding_collapse|35:flood:semiwild|49:funding_collapse|72:heatwave:reserve|83:funding_collapse,0.007200000000000005,0.04203048149481857,0.0,0.0,8.465608465608466e-06,0.00034823723123007355,0.0,44136fa355b3678a
S2,rule,False,200156,0.0,0.0,0,0,0,0,2,0.6666666666666666,1.0,21.0,25.33322513946817,0.1954342788116487,0.0,,,0,0,0,11364.460719078861,11364.460719078863,11364.460719078861,1.5,0.2670589510301156,0.030654062012245204,6.656276381583219e-05,25.0,9.999999999999998,0.01974083454616819,1,6:flood:origin|17:funding_collapse|35:flood:semiwild|49:funding_collapse|72:heatwave:reserve|83:funding_collapse,0.0023573816600067606,0.03926750220496001,0.004981241660351133,0.0026914842174935133,1.065004221053315e-05,0.00034119047212199287,8.384276619458644e-05,44136fa355b3678a
S3,rule,False,200156,0.125,0.125,1,1,166,0,2,0.6666666666666666,1.0,12.0,98.34696539033614,0.5521857362132806,4.296227003429997,0.00024225622044998278,0.9997577437795501,0,85,0,11265.577220500043,11265.577220500043,11265.577220500043,1.5,0.5364835227357614,0.16126321885919476,0.00025821361441287326,21.25,8.499999999999998,0.04201298275659322,1,6:flood:origin|17:funding_collapse|35:flood:semiwild|49:funding_collapse|72:heatwave:reserve|83:funding_collapse,0.0027246991585593554,0.07538612444331634,0.05895700905120656,0.015096931261482182,4.131417830605973e-05,0.000688451669800671,6.322864228978936e-05,44136fa355b3678a
S4,state_dependent_rule,False,200156,0.625,0.375,5,3,230,15,1,0.3333333333333333,1.0,16.0,150.1942964011832,0.5822314923751992,2.754334744061069,0.02191791467688603,0.978082085323114,198,0,0,11184.566842889886,11184.566842889886,3728.188947629962,1.5,0.453232692779252,0.2656730674875531,0.00026070636370029274,139.75,55.89999999999997,0.12028225384508609,2,6:flood:origin|17:funding_collapse|35:flood:semiwild|49:funding_collapse|72:heatwave:reserve|83:funding_collapse,0.010391129131639178,0.07384590300743302,0.10128735913981629,0.017303053807188776,4.1713018192046846e-05,0.0008518216855880473,0.0003082483750871087,44136fa355b3678a
S5,greedy_expected_utility,False,200156,0.25,0.25,2,2,301,196,1,0.3333333333333333,1.0,13.0,128.57370694101922,0.6479499675414361,2.6893024158701397,0.007630355031030334,0.9923696449689696,289,0,0,11185.201683959916,11185.201683959915,5592.600841979958,1.5,0.4264049685419975,0.19809474079578615,0.0005572546572202363,174.5,69.80000000000001,0.08030609891442497,2,6:flood:origin|17:funding_collapse|35:flood:semiwild|49:funding_collapse|72:heatwave:reserve|83:funding_collapse,0.010995531911018297,0.07733956534712895,0.03878696126668366,0.006990766957697451,8.91607451552378e-05,0.0005350015795266343,0.00047849574057815246,44136fa355b3678a
S6,rule,False,200156,0.25,0.25,2,2,228,228,1,0.3333333333333333,1.0,21.0,146.21542242751107,0.740285718221636,3.099872576242536,0.0,1.0,0,0,0,11130.429529034293,11130.429529034293,5565.214764517146,1.5,0.8753778328503167,0.23549025669510215,5.2910052910052905e-05,0.0,0.0,0.0222687382382255,2,6:flood:origin|17:funding_collapse|35:flood:semiwild|49:funding_collapse|72:heatwave:reserve|83:funding_collapse,0.01600000000000001,0.07296996360462692,0.0,0.0,8.465608465608466e-06,0.0007358525652718076,0.0,44136fa355b3678a
S7,forward_rollout_proxy,False,200156,0.375,0.25,3,2,590,590,1,0.3333333333333333,1.0,14.0,182.4548302799545,0.6268924340810365,2.966630981798863,0.009201536874465859,0.9907984631255341,123,0,0,11177.872609343907,11177.872609343907,5588.936304671954,1.5,0.5939975813671009,0.22145928828384748,0.00017073667073667074,49.75,19.900000000000002,0.09946610164574371,2,6:flood:origin|17:funding_collapse|35:flood:semiwild|49:funding_collapse|72:heatwave:reserve|83:funding_collapse,0.013093095847536942,0.05394314875735243,0.10818558039432585,0.008622119311789378,2.731786731786732e-05,0.0005423828201317917,0.00011564897551830904,44136fa355b3678a
S0,none,False,200157,0.125,0.0,1,0,0,0,3,1.0,1.0,35.0,71.3226976864897,0.3689854945069818,0.0,,,0,0,0,0.0,0.0,0.0,1.4418310171634872,0.12352164466552923,0.012352164466552924,7.63515376084211e-05,0.0,0.0,0.0,0,20:heatwave:reserve|48:flood:origin|77:heatwave:alternative,0.008320000000000006,0.05391799139142317,0.0,0.0,1.2216246017347376e-05,0.00036429785557770967,0.0,44136fa355b3678a
S1,rule,False,200157,0.75,0.25,6,2,21,21,0,0.0,0.0,,265.5661327898596,0.7359641553908783,2.4623915139826424,0.0,1.0,0,0,0,11236.248731311658,11236.248731311658,5618.124365655829,1.5,0.795350361874112,0.23562731326201827,0.00012724049779887345,0.0,0.0,0.09484180967390331,3,20:heatwave:reserve|48:flood:origin|77:heatwave:alternative,0.01600000000000001,0.07721934843503353,0.0,0.0,2.0358479647819747e-05,0.0007961376944402768,0.0,44136fa355b3678a
S2,rule,False,200157,0.375,0.125,3,1,57,0,1,0.3333333333333333,1.0,18.0,90.59162438340671,0.4836001526193132,4.203104786545926,0.0,1.0,0,0,0,11338.494268071998,11338.494268071998,11338.494268071998,1.5,0.21693084403954613,0.1300577701488056,0.0003404514549147071,57.0,22.799999999999994,0.050418189396958614,2,20:heatwave:reserve|48:flood:origin|77:heatwave:alternative,0.004930952823830342,0.09035132233226578,0.04229787597217596,0.012284891436249563,5.447223278635314e-05,0.0007322639053699135,0.0001252362154274208,44136fa355b3678a
S3,rule,False,200157,0.5,0.375,4,3,297,0,1,0.3333333333333333,1.0,14.0,177.50049217998182,0.6020916259516667,3.5480631655590993,0.00022063301843018587,0.9997793669815698,13,170,13,11212.555607305123,11212.555607305123,3737.5185357683745,1.5,0.4848231674715085,0.268626049859678,0.00012029784693196585,45.75,18.300000000000004,0.0795655072846806,2,20:heatwave:reserve|48:flood:origin|77:heatwave:alternative,0.007485517016473458,0.0761736500374742,0.05466293415773452,0.008170003045050542,1.924765550911454e-05,0.0007195630854515734,9.36238358332794e-05,44136fa355b3678a
S4,state_dependent_rule,False,200157,0.625,0.25,5,2,120,0,0,0.0,0.0,,149.00258852090215,0.6300568172627182,2.514530086199682,0.009019063314661756,0.9909809366853383,149,0,0,11195.947377291368,11195.947377291366,5597.973688645684,1.5,0.4036543098265479,0.19813592287925563,0.0002319481408523509,136.0,54.39999999999998,0.10062595517301998,3,20:heatwave:reserve|48:flood:origin|77:heatwave:alternative,0.007972930258782707,0.07975668450308782,0.03203867995472324,0.005122064816950604,3.711170253637615e-05,0.0007679579760309428,0.0004291686454781754,44136fa355b3678a
S5,greedy_expected_utility,False,200157,0.375,0.25,3,2,158,13,0,0.0,0.0,,159.67862742247706,0.6170951168019636,2.9075051791016455,0.007712403222276936,0.992287596777723,228,0,0,11211.026171929274,11211.026171929274,5605.513085964637,1.5,0.37714592719235823,0.20105532097329468,0.00023652411755807395,181.25,72.49999999999999,0.10882838231521197,3,20:heatwave:reserve|48:flood:origin|77:heatwave:alternative,0.008403199236335377,0.08053305811427926,0.04553112759894249,0.004745498424540997,3.784385880929183e-05,0.0006307639279869648,0.0004208161947508701,44136fa355b3678a
S6,rule,False,200157,0.75,0.5,6,4,351,351,0,0.0,0.0,,437.9249195984664,0.7582285849555952,4.412709405782363,0.0,1.0,0,0,0,11250.03163418969,11250.03163418969,2812.5079085474226,1.5,0.8835554444157668,0.36584267597966513,7.725607725607726e-05,0.0,0.0,0.041800187401324095,3,20:heatwave:reserve|48:flood:origin|77:heatwave:alternative,0.01600000000000001,0.05472989122066831,0.0,0.0,1.2360972360972361e-05,0.0010291628513756088,0.0,44136fa355b3678a
S7,forward_rollout_proxy,False,200157,0.375,0.25,3,2,336,331,0,0.0,0.0,,181.59919777975017,0.7275589402047932,1.925416483223191,0.03221537449709354,0.9677846255029064,62,0,0,11198.986170789387,11198.986170789387,5599.4930853946935,1.5,0.5784387182392088,0.2118609949267779,0.0001291220442891394,56.5,22.600000000000016,0.11131479135312569,3,20:heatwave:reserve|48:flood:origin|77:heatwave:alternative,0.015608604716108128,0.06643603983199141,0.004193156413744942,0.0026422406209479533,2.0659527086262308e-05,0.0006511057957555799,0.0002500272807038282,44136fa355b3678a
S0,none,False,200158,0.0,0.0,0,0,0,0,3,1.0,1.0,29.666666666666668,62.51017414156087,0.33723969661391096,0.0,,,0,0,0,0.0,0.0,0.0,1.3333052898303555,0.11498823854442734,0.011498823854442735,9.769115587112978e-05,0.0,0.0,0.0,0,1:flood:reserve|21:wildfire:semiwild|79:heatwave:alternative,0.007520000000000006,0.04475325356296742,0.0,0.0,1.5630584939380764e-05,0.0005714192381821555,0.0,44136fa355b3678a
S1,rule,False,200158,0.75,0.5,6,4,425,425,0,0.0,0.0,,425.17153930098704,0.75721934089283,5.0043359842913535,0.0,1.0,0,0,0,11149.659532904709,11149.65953290471,2787.414883226177,1.5,0.8726054312525213,0.38562746875440046,9.792320695484183e-05,0.0,0.0,0.11661782893117359,3,1:flood:reserve|21:wildfire:semiwild|79:heatwave:alternative|88:funding_collapse,0.01600000000000001,0.055775187924926105,0.0,0.0,1.5667713112774693e-05,0.0009898034691314143,0.0,44136fa355b3678a
S2,rule,False,200158,0.375,0.125,3,1,52,0,1,0.3333333333333333,1.0,28.0,79.09286316215199,0.4741922422414097,3.203791469194313,0.0,1.0,0,0,0,11286.43996605409,11286.439966054091,11286.43996605409,1.5,0.1616388570707842,0.11578486508952807,0.0003386120671164877,53.75,21.500000000000004,0.056665323452532515,2,1:flood:reserve|21:wildfire:semiwild|79:heatwave:alternative|88:funding_collapse,0.004599911689322533,0.09102265102708118,0.048705212861034096,0.011895648344221655,5.417793073863801e-05,0.0006545618333044588,0.000127135581499014,44136fa355b3678a
S3,rule,False,200158,0.5,0.375,4,3,224,0,0,0.0,0.0,,154.74264046486198,0.6190137611061707,3.871013312170367,0.0011716574597182916,0.9988283425402817,34,177,34,11164.934534120086,11164.934534120086,3721.6448447066955,1.5,0.44552098820863123,0.2691306121723173,0.0006557867321720409,52.75,21.10000000000001,0.08559190114875262,3,1:flood:reserve|21:wildfire:semiwild|79:heatwave:alternative|88:funding_collapse,0.008265499008655364,0.0764037981148527,0.04873639206154389,0.006474835337506646,0.00010492587714752652,0.0007088830468153601,0.00011368298727680703,44136fa355b3678a
S4,state_dependent_rule,False,200158,0.5,0.125,4,1,173,0,0,0.0,0.0,,117.45752867696869,0.6428902762827675,2.861007551859287,0.0010096901203946551,0.9989903098796054,81,0,0,11106.666341710368,11106.666341710368,11106.666341710368,1.5,0.34135761244346546,0.13551248573107658,0.0004092100386509239,117.25,46.89999999999997,0.08258324484068572,3,1:flood:reserve|21:wildfire:semiwild|79:heatwave:alternative|88:funding_collapse,0.008374492039176352,0.07495305350123602,0.021877863367801953,0.008486704979963998,6.547360618414783e-05,0.000935854920944672,0.0004746611139369341,44136fa355b3678a
S5,greedy_expected_utility,False,200158,0.375,0.25,3,2,368,24,0,0.0,0.0,,162.20636780430056,0.6208176521422336,3.885325691567895,0.0019395481371099392,0.99806045186289,183,0,0,11102.252589019234,11102.252589019234,5551.126294509617,1.5,0.3145956831587742,0.20405803156427965,0.0007011754993464574,198.0,79.19999999999997,0.10622603166361633,3,1:flood:reserve|21:wildfire:semiwild|79:heatwave:alternative|88:funding_collapse,0.00847073489815113,0.07827037759408338,0.037721264422730515,0.007251468422899977,0.0001121880798954332,0.0007035870339367873,0.00042394334166642804,44136fa355b3678a
S6,rule,False,200158,0.75,0.75,6,6,1124,1124,0,0.0,0.0,,696.4534248321867,0.778752897344648,4.313103879227727,5.239780817752187e-05,0.9999476021918224,0,0,0,11166.886017348563,11166.886017348563,1861.1476695580939,1.5,0.9602756161744876,0.4869271092941837,9.762060945792833e-05,0.0,0.0,0.051342544422288125,3,1:flood:reserve|21:wildfire:semiwild|79:heatwave:alternative|88:funding_collapse,0.01600000000000001,0.03429887231485571,0.0,0.0,1.5619297513268532e-05,0.0009326110429831407,0.0,44136fa355b3678a
S7,forward_rollout_proxy,False,200158,0.625,0.5,5,4,490,490,0,0.0,0.0,,237.36612894486316,0.7339165957064029,2.589057419535025,0.0008504177206045884,0.9991495822793954,22,0,0,11097.085977128612,11097.085977128612,2774.271494282153,1.5,0.581924704248081,0.34183136614138954,0.000295684334033642,44.5,17.800000000000004,0.16374160760615575,3,1:flood:reserve|21:wildfire:semiwild|79:heatwave:alternative|88:funding_collapse,0.016541506807944605,0.06762427056189307,4.0151302800755257e-05,4.440120769836214e-05,4.7309493445382716e-05,0.000956582208001893,9.152038458110611e-05,44136fa355b3678a
S0,none,False,200159,0.0,0.0,0,0,0,0,3,1.0,1.0,17.666666666666668,27.170475714436883,0.17588914620702803,0.0,,,0,0,0,0.0,0.0,0.0,1.4024941064275458,0.13687492222020123,0.013687492222020124,0.0001569309390304493,0.0,0.0,0.0,0,7:flood:origin|40:heatwave:origin|95:heatwave:alternative,0.004000000000000003,0.027329242276838864,0.0,0.0,2.510895024487188e-05,0.00025650256588829383,0.0,44136fa355b3678a
S1,rule,False,200159,0.125,0.0,1,0,0,0,1,0.3333333333333333,1.0,22.0,44.713199436827196,0.4064792571155805,0.0,,,0,0,0,11218.265487320485,11218.265487320485,11218.265487320485,1.5,0.6206125578964108,0.06725913642668291,0.00015627164667091518,0.0,0.0,0.025989403185209148,2,7:flood:origin|40:heatwave:origin|95:heatwave:alternative,0.009120000000000007,0.05704869927646836,0.0,0.0,2.5003463467346428e-05,0.00042704014448378437,0.0,44136fa355b3678a
S2,rule,False,200159,0.125,0.125,1,1,42,0,2,0.6666666666666666,1.0,19.5,39.86678700472662,0.4436912813124694,1.9954751131221722,0.003999951116039155,0.9960000488839609,0,0,0,11445.490211932483,11445.490211932483,11445.490211932483,1.5,0.2467516282547535,0.10723072735141591,0.00023362299465240645,27.5,10.999999999999998,0.03175406697359417,1,7:flood:origin|40:heatwave:origin|95:heatwave:alternative,0.002331569092000084,0.09359355958792365,0.03429750957948936,0.015612697073417971,3.7379679144385026e-05,0.0007218841521099477,9.093655296300556e-05,44136fa355b3678a
S3,rule,False,200159,0.25,0.125,2,1,175,0,1,0.3333333333333333,1.0,15.0,93.22319114015271,0.5629026908724637,3.1323514370461294,0.005642289412717287,0.9943577105872827,0,119,0,11316.300689678686,11316.300689678686,11316.300689678686,1.5,0.5171026253934068,0.1481989490304339,0.00023019518393534142,29.75,11.899999999999997,0.04457586060315969,2,7:flood:origin|40:heatwave:origin|95:heatwave:alternative,0.0032175881049615156,0.07524093357888066,0.05469633480138243,0.014165946449252531,3.683122942965463e-05,0.0007070382750778137,0.00010443089199557644,44136fa355b3678a
S4,state_dependent_rule,False,200159,0.375,0.375,3,3,436,399,1,0.3333333333333333,1.0,14.0,196.06980311139026,0.5711877037576145,3.6248847811777427,0.0008439991623732981,0.9991560008376267,206,0,0,11284.250656499024,11284.250656499024,3761.4168854996747,1.5,0.4347791395517769,0.267836287567224,0.00020374015748031497,118.0,47.19999999999998,0.09679762900134423,2,7:flood:origin|40:heatwave:origin|95:heatwave:alternative,0.012397729450536679,0.06682070235060626,0.13211219830621285,0.023082650658009234,3.2598425196850394e-05,0.0010079689562256346,0.00016863907467936268,44136fa355b3678a
S5,greedy_expected_utility,False,200159,0.375,0.25,3,2,234,208,1,0.3333333333333333,1.0,14.0,143.529939110145,0.6119598125968095,2.9882431897695323,4.8191788656482574e-05,0.9999518082113436,200,0,0,11291.505272552035,11291.505272552033,5645.752636276017,1.5,0.40787104876145097,0.2037794996146415,0.0002750466287867863,125.25,50.1,0.1030498142040053,2,7:flood:origin|40:heatwave:origin|95:heatwave:alternative,0.012855479662114281,0.06921670163295798,0.08093124612827263,0.03309543028226324,4.4007460605885804e-05,0.0015023828094282063,0.00024767250647967655,44136fa355b3678a
S6,rule,False,200159,0.25,0.0,2,0,0,0,0,0.0,0.0,,70.40628205852533,0.47724916858030836,0.0,,,0,0,0,11230.412932092768,11230.412932092768,11230.412932092768,1.5,0.7133660444442192,0.07409905107603597,0.0002013162988772745,0.0,0.0,0.013812233158070177,3,7:flood:origin|40:heatwave:origin|95:heatwave:alternative,0.010560000000000007,0.05946727514271518,0.0,0.0,3.221060782036392e-05,0.0004913456691561602,0.0,44136fa355b3678a
S7,forward_rollout_proxy,False,200159,0.5,0.5,4,4,792,792,1,0.3333333333333333,1.0,20.0,216.25458936051763,0.49423973454198505,3.3111677790067975,0.0006517686648396892,0.9993482313351603,53,0,0,11263.001408282424,11263.001408282424,2815.750352070606,1.5,0.5749212555535347,0.34288641006131165,0.00015627164667091518,48.5,19.400000000000006,0.13641303357945078,2,7:flood:origin|40:heatwave:origin|95:heatwave:alternative,0.012901641909048644,0.044289028651899015,0.23362826710072088,0.02648657862655087,2.5003463467346428e-05,0.001128683393225364,9.46359251199352e-05,44136fa355b3678a
S0,none,False,200160,0.125,0.0,1,0,0,0,3,1.0,1.0,30.666666666666668,72.22173800650766,0.39829901779583865,0.0,,,0,0,0,0.0,0.0,0.0,1.2868893429796193,0.07455514893918423,0.0074555148939184235,0.00020003426983049126,0.0,0.0,0.0,0,9:flood:alternative|39:flood:reserve,0.008960000000000006,0.057085783076154764,0.0,0.0,3.20054831728786e-05,0.00042319364483371375,0.0,44136fa355b3678a
S1,rule,False,200160,0.75,0.625,6,5,349,349,1,0.3333333333333333,1.0,21.0,433.6467964720459,0.7575805865918024,3.8784273179161004,0.06506811795704265,0.9349318820429573,0,0,0,11202.642531379895,11202.642531379897,2240.528506275979,1.5,0.8743538702022025,0.43153170516581296,0.00016910482644341945,0.0,0.0,0.12031022483215849,2,9:flood:alternative|39:flood:reserve,0.01600000000000001,0.0553922260258687,0.0,0.0,2.705677223094711e-05,0.0010001306100976485,0.0,44136fa355b3678a
S2,rule,False,200160,0.375,0.125,3,1,19,0,2,0.6666666666666666,1.0,17.5,78.68578135135972,0.49941646761019975,3.1391304347826092,0.0,1.0,0,0,0,11324.252238192494,11324.252238192494,11324.252238192494,1.5,0.12463234896466481,0.10958782889555949,0.0004157097321392822,61.75,24.70000000000001,0.04741644825633453,1,9:flood:alternative|39:flood:reserve,0.005053763288414583,0.08997127001073611,0.028289749925265274,0.012332671734797613,6.651355714228514e-05,0.0008001750938235426,0.00014589916905288056,44136fa355b3678a
S3,rule,False,200160,0.5,0.375,4,3,342,0,2,0.6666666666666666,1.0,18.0,182.63832188127813,0.604493046629595,3.7590960186001383,0.0008910246990587793,0.9991089753009412,26,198,26,11178.826865281451,11178.82686528145,3726.275621760484,1.5,0.4139990681548687,0.2646892250695027,0.00024323548871406969,56.0,22.400000000000002,0.08474179034007226,1,9:flood:alternative|39:flood:reserve,0.007856347741190877,0.07524204247435966,0.05640693263182435,0.007807355393965111,3.8917678194251145e-05,0.0007665671478671746,0.00010513048139451693,44136fa355b3678a
S4,state_dependent_rule,False,200160,0.5,0.375,4,3,284,0,2,0.6666666666666666,1.0,13.5,171.52221933037856,0.5941922048298348,3.8156299120675783,0.001257019467602361,0.9987429805323976,125,0,0,11194.254085173396,11194.254085173396,3731.418028391132,1.5,0.3114478353265944,0.2605718367746362,0.0004928533828439731,160.25,64.09999999999995,0.11260377060650481,1,9:flood:alternative|39:flood:reserve,0.007909549926429796,0.07777327839537218,0.07020735934123142,0.006553407819187114,7.88565412550357e-05,0.0006901342265897458,0.0003081903167022167,44136fa355b3678a
S5,greedy_expected_utility,False,200160,0.5,0.25,4,2,324,5,2,0.6666666666666666,1.0,18.5,158.31570467984625,0.6111184357900402,2.6642650298268937,0.024940960048602887,0.9750590399513971,125,0,0,11202.67411729542,11202.67411729542,5601.33705864771,1.5,0.2847837062931068,0.19036583582254138,0.0005946360322899264,190.25,76.09999999999998,0.11372407447480873,1,9:flood:alternative|39:flood:reserve,0.007343198997097963,0.08074767378825236,0.038827559875213496,0.009686257271544036,9.514176516638823e-05,0.0008555345459034367,0.0004896346557793798,44136fa355b3678a
S6,rule,False,200160,0.75,0.75,6,6,931,931,2,0.6666666666666666,1.0,26.0,678.6827734608898,0.7801174418144654,5.541178883300731,0.0,1.0,0,0,0,11216.286261946383,11216.286261946385,1869.3810436577305,1.5,0.9618319999999998,0.49856696677183054,0.00016801198647376184,0.0,0.0,0.047359889694116274,1,9:flood:alternative|39:flood:reserve,0.01600000000000001,0.03283702284295695,0.0,0.0,2.688191783580189e-05,0.0010186534247418428,0.0,44136fa355b3678a
S7,forward_rollout_proxy,False,200160,0.625,0.125,5,1,146,76,1,0.3333333333333333,1.0,20.0,185.60983180351127,0.7018799039031913,2.527389139198483,0.012112864958957784,0.9878871350410422,158,0,0,11174.453395059114,11174.453395059114,11174.453395059114,1.5,0.5545767580334076,0.16186271091000723,0.000589843850827844,86.25,34.500000000000036,0.12440571857340821,2,9:flood:alternative|39:flood:reserve,0.01291895037491974,0.0761737783360661,0.0065118350197849685,0.004714007166429441,9.437501613245506e-05,0.000988248515129552,0.00028958783965104596,44136fa355b3678a
S0,none,False,200161,0.0,0.0,0,0,0,0,3,1.0,1.0,11.0,16.153617989133526,0.1761153587523034,0.0,,,0,0,0,0.0,0.0,0.0,1.2785545677042862,0.12230601730581521,0.012230601730581521,0.00016136278004811176,0.0,0.0,0.0,0,3:flood:origin|59:wildfire:alternative|69:flood:origin,0.004160000000000002,0.03519622144675068,0.0,0.0,2.5818044807697882e-05,0.0003026017561382222,0.0,44136fa355b3678a
S1,rule,False,200161,0.125,0.0,1,0,0,0,0,0.0,0.0,,29.1388541553708,0.43700170789933773,0.0,,,0,0,0,11074.267162525206,11074.267162525208,11074.267162525206,1.5,0.6928225483815185,0.07372289419099397,0.00017525593226679303,0.0,0.0,0.022203196764210585,3,3:flood:origin|4:funding_collapse|6:funding_collapse|19:funding_collapse|59:wildfire:alternative|69:flood:origin|99:funding_collapse,0.009920000000000007,0.06714791883757928,0.0,0.0,2.8040949162686886e-05,0.0005023323139204341,0.0,44136fa355b3678a
S2,rule,False,200161,0.125,0.125,1,1,51,0,2,0.6666666666666666,1.0,12.5,24.28484949506912,0.4355588377768281,1.9809596344249807,0.0011107494838207203,0.9988892505161793,0,0,0,11385.947982953776,11385.947982953778,11385.947982953776,1.5,0.231611117942172,0.10535526815781439,0.0002527165881375758,21.75,8.699999999999998,0.030672800096736882,1,3:flood:origin|4:funding_collapse|6:funding_collapse|19:funding_collapse|59:wildfire:alternative|69:flood:origin|99:funding_collapse,0.0015398016735571945,0.09642778506220408,0.025300534747392148,0.016817930675321127,4.043465410201212e-05,0.0007260150380050992,9.222194645475431e-05,44136fa355b3678a
S3,rule,False,200161,0.25,0.25,2,2,159,0,2,0.6666666666666666,1.0,12.5,67.63183296457142,0.5150272970435393,3.132594130196621,0.0,1.0,0,69,0,11297.638549008107,11297.638549008107,5648.819274504053,1.5,0.5019066725524891,0.20442349946329075,0.0001642786561264822,17.25,6.899999999999999,0.052034454530377985,1,3:flood:origin|4:funding_collapse|6:funding_collapse|19:funding_collapse|59:wildfire:alternative|69:flood:origin|99:funding_collapse,0.0017349155975756713,0.07782481990792899,0.0962035526006451,0.012165264309035419,2.6284584980237154e-05,0.0005888123775270373,7.990371335636055e-05,44136fa355b3678a
S4,state_dependent_rule,False,200161,0.5,0.375,4,3,277,273,1,0.3333333333333333,1.0,16.0,139.70492799138825,0.5843142115285983,2.2642085951832622,0.11621728071420183,0.8837827192857982,164,0,0,11185.993211292178,11185.993211292178,3728.6644037640594,1.5,0.41761623808392995,0.25642575865991163,0.00034214463325380135,119.5,47.79999999999996,0.11636024449843009,2,3:flood:origin|4:funding_collapse|6:funding_collapse|19:funding_collapse|59:wildfire:alternative|69:flood:origin|99:funding_collapse,0.011920177612809195,0.0664907531671954,0.11142059503789899,0.030109065774832206,5.474314132060822e-05,0.0013189824349868992,0.0002765836854549175,44136fa355b3678a
S5,greedy_expected_utility,False,200161,0.5,0.375,4,3,354,253,1,0.3333333333333333,1.0,13.0,148.58230358723847,0.5764049665217691,2.7431948979902407,0.10918680748788788,0.8908131925121121,266,0,0,11198.45322449345,11198.453224493449,3732.8177414978168,1.5,0.39106889469365846,0.25905921480291566,0.000442859586195639,164.25,65.69999999999999,0.11885188176823688,2,3:flood:origin|4:funding_collapse|6:funding_collapse|19:funding_collapse|59:wildfire:alternative|69:flood:origin|99:funding_collapse,0.011063100079638448,0.06979825962210262,0.10357907203923285,0.034780504161128954,7.085753379130222e-05,0.00141285635642022,0.0003167889552677837,44136fa355b3678a
S6,rule,False,200161,0.125,0.0,1,0,0,0,1,0.3333333333333333,1.0,10.0,35.51069668912384,0.6499676778531718,0.0,,,0,0,0,11087.266966728783,11087.266966728785,11087.266966728783,1.5,0.7797322242607206,0.08034366251961579,0.00017525593226679303,0.0,0.0,0.011852200467718562,2,3:flood:origin|4:funding_collapse|6:funding_collapse|19:funding_collapse|59:wildfire:alternative|69:flood:origin|99:funding_collapse,0.01456000000000001,0.09005836495726148,0.0,0.0,2.8040949162686886e-05,0.0006859162404039713,0.0,44136fa355b3678a
S7,forward_rollout_proxy,False,200161,0.375,0.375,3,3,533,533,0,0.0,0.0,,194.15563770904723,0.5483540977355035,3.7190036006826888,8.347043269110937e-05,0.9999165295673089,35,0,0,11181.761655733322,11181.761655733324,3727.253885244441,1.5,0.5778428739136587,0.28508735046104294,0.0001641981771154083,26.5,10.599999999999994,0.10681513531425102,3,3:flood:origin|4:funding_collapse|6:funding_collapse|19:funding_collapse|59:wildfire:alternative|69:flood:origin|99:funding_collapse,0.01241634266210267,0.04538668237413884,0.19247254514908685,0.011874828830680582,2.627170833846533e-05,0.0005834866765685072,9.304559408712009e-05,44136fa355b3678a
S0,none,False,200162,0.125,0.0,1,0,0,0,3,1.0,1.0,30.666666666666668,66.85958304572297,0.41059524198919367,0.0,,,0,0,0,0.0,0.0,0.0,1.40488036689733,0.12147768230763238,0.012147768230763238,8.529610522325329e-05,0.0,0.0,0.0,0,4:flood:alternative|16:wildfire:alternative,0.009280000000000007,0.06091192348063045,0.0,0.0,1.3647376835720524e-05,0.0005991871533401691,0.0,44136fa355b3678a
S1,rule,False,200162,0.75,0.625,6,5,338,338,1,0.3333333333333333,1.0,34.0,425.36075168722533,0.7569465311929864,4.12057562898612,0.013135258018378438,0.9868647419816216,0,0,0,11143.075812539882,11143.075812539884,2228.6151625079765,1.5,0.8723881684804823,0.4310855955295675,8.492414306763168e-05,0.0,0.0,0.10695511195829016,2,4:flood:alternative|7:funding_collapse|16:wildfire:alternative|43:funding_collapse,0.01600000000000001,0.05605844722175896,0.0,0.0,1.3587862890821068e-05,0.0009814337223638782,0.0,44136fa355b3678a
S2,rule,False,200162,0.25,0.125,2,1,29,0,2,0.6666666666666666,1.0,30.5,71.57975588749429,0.48506886091609597,2.316804407713499,0.0029641033420646575,0.9970358966579353,0,0,0,11264.956235421745,11264.956235421745,11264.956235421745,1.5,0.22962126216768172,0.11078644013627222,0.00021628925590818477,56.25,22.500000000000004,0.0420313492118453,1,4:flood:alternative|7:funding_collapse|16:wildfire:alternative|43:funding_collapse,0.004690758614934817,0.09063944732598078,0.036400943580921226,0.012451468466116387,3.4606280945309565e-05,0.0008215341407059501,0.0001418913653635841,44136fa355b3678a
S3,rule,False,200162,0.5,0.375,4,3,348,0,1,0.3333333333333333,1.0,20.0,175.0700571207473,0.6031700759085821,3.4256051046643488,0.02704837397749046,0.9729516260225095,32,164,32,11127.34263053317,11127.34263053317,3709.1142101777236,1.5,0.5169624175531713,0.2699079151116552,0.0001924818492437073,49.0,19.600000000000005,0.0760281115484727,2,4:flood:alternative|7:funding_collapse|16:wildfire:alternative|43:funding_collapse,0.008280598207386467,0.0752376842363525,0.06612377890182121,0.006312266420707957,3.079709587899317e-05,0.0007246030465429462,9.13248646437515e-05,44136fa355b3678a
S4,state_dependent_rule,False,200162,0.5,0.375,4,3,533,352,2,0.6666666666666666,1.0,40.0,215.2426005536576,0.6167095073212644,3.7670209024230723,0.007333584329241686,0.9926664156707583,234,0,0,11139.824633076876,11139.824633076876,3713.274877692292,1.5,0.41556905262086313,0.26799268286849703,0.00013589656807894385,159.25,63.699999999999946,0.10007784291089986,1,4:flood:alternative|7:funding_collapse|16:wildfire:alternative|43:funding_collapse,0.011532016596828868,0.06986150117052815,0.07616244319722307,0.020351029307149306,2.174345089263102e-05,0.0011438843639119266,0.0002310444631061542,44136fa355b3678a
S5,greedy_expected_utility,False,200162,0.375,0.25,3,2,422,221,2,0.6666666666666666,1.0,41.5,210.1977348108668,0.629885361209621,6.7471913283050595,0.0011163392472461218,0.9988836607527539,212,0,0,11144.664522887597,11144.664522887597,5572.332261443798,1.5,0.3889496308569346,0.23569373859847334,0.0002409117203507466,184.5,73.8,0.08413431114864642,1,4:flood:alternative|7:funding_collapse|16:wildfire:alternative|43:funding_collapse,0.010933547742565532,0.07088265904557862,0.06917733560714492,0.008828585581587268,3.854587525611946e-05,0.0006766779232657491,0.00025925942710383984,44136fa355b3678a
S6,rule,False,200162,0.75,0.75,6,6,1015,1015,1,0.3333333333333333,1.0,37.0,661.8367052816152,0.779377755946507,5.234160235110908,0.0055399483632426255,0.9944600516367573,0,0,0,11155.750159310135,11155.750159310137,1859.291693218356,1.5,0.9598212731665199,0.495188718982389,8.526217504545679e-05,0.0,0.0,0.04682494657313948,2,4:flood:alternative|7:funding_collapse|16:wildfire:alternative|43:funding_collapse,0.01600000000000001,0.03362446911648849,0.0,0.0,1.3641948007273084e-05,0.0009841329889973337,0.0,44136fa355b3678a
S7,forward_rollout_proxy,False,200162,0.625,0.625,5,5,1024,947,1,0.3333333333333333,1.0,25.0,291.065793362047,0.5765756003940112,4.288993959540926,0.0004574725131555625,0.9995425274868445,53,0,0,11109.334396858942,11109.334396858942,2221.8668793717884,1.5,0.643667501651536,0.42117280233669024,0.0001907765961621757,64.5,25.800000000000022,0.1633305628806369,2,4:flood:alternative|7:funding_collapse|16:wildfire:alternative|43:funding_collapse,0.013896766923198505,0.05217307205523708,0.16393797331877302,0.010683193874056241,3.0524255385948115e-05,0.0008748784040868454,6.456278571915125e-05,44136fa355b3678a
S0,none,False,200163,0.125,0.0,1,0,0,0,3,1.0,1.0,30.0,59.92004075555,0.45605709722968213,0.0,,,0,0,0,0.0,0.0,0.0,1.4534979539195614,0.1913,0.01913,2.702702702702703e-05,0.0,0.0,0.0,0,13:flood:reserve|33:flood:reserve|72:flood:reserve|94:wildfire:reserve,0.010400000000000006,0.07248708319778198,0.0,0.0,4.324324324324325e-06,0.0005514952482118214,0.0,44136fa355b3678a
S1,rule,False,200163,0.75,0.625,6,5,301,301,0,0.0,0.0,,439.87623806641676,0.7560735161617805,4.135772681081548,0.0,1.0,0,0,0,11184.41154670366,11184.41154670366,2236.8823093407323,1.5,0.7553324653338223,0.421559959831085,2.73224043715847e-05,0.0,0.0,0.1170949324344365,3,13:flood:reserve|26:funding_collapse|33:flood:reserve|72:flood:reserve|94:wildfire:reserve,0.01600000000000001,0.05693244391265353,0.0,0.0,4.371584699453552e-06,0.0009896683408665947,0.0,44136fa355b3678a
S2,rule,False,200163,0.25,0.125,2,1,5,0,2,0.6666666666666666,1.0,20.5,64.27052086141877,0.49468611500765824,1.0,0.04993672255943724,0.9500632774405627,0,0,0,11297.030826493783,11297.030826493785,11297.030826493783,1.5,0.23799439408284082,0.1007856082480243,0.0011428112012711895,54.5,21.800000000000004,0.053680844198701075,1,13:flood:reserve|26:funding_collapse|33:flood:reserve|72:flood:reserve|94:wildfire:reserve,0.004564813099595512,0.09330769761592057,0.02301264305607755,0.011928747723381414,0.00018284979220339033,0.0008109592261898813,0.00014799857838623055,44136fa355b3678a
S3,rule,False,200163,0.5,0.375,4,3,395,0,2,0.6666666666666666,1.0,16.5,178.68600260357363,0.6019787909957862,3.0751133785125973,0.03470653050595247,0.9652934694940475,27,187,27,11145.185355075591,11145.185355075591,3715.061785025197,1.5,0.37598586210203083,0.2521654816471357,7.847967497090304e-05,53.5,21.400000000000006,0.07532880825903324,1,13:flood:reserve|26:funding_collapse|33:flood:reserve|72:flood:reserve|94:wildfire:reserve,0.007693402705052659,0.0757399330031012,0.060261318431512896,0.0064133120235499805,1.2556747995344486e-05,0.0007021858411894927,0.00010886643966295193,44136fa355b3678a
S4,state_dependent_rule,False,200163,0.375,0.375,3,3,395,150,1,0.3333333333333333,1.0,15.0,178.10707482291392,0.617980678146537,2.496722947694779,0.09860250213106474,0.9013974978689353,220,0,0,11132.474039510504,11132.474039510504,3710.8246798368345,1.5,0.3178391215824363,0.24559628860044835,0.0003168732172255233,168.0,67.19999999999995,0.10047573482628452,2,13:flood:reserve|26:funding_collapse|33:flood:reserve|72:flood:reserve|94:wildfire:reserve,0.008568433837712539,0.0786668333385633,0.046043812416504244,0.005493594195345124,5.0699714756083716e-05,0.0006272932958197746,0.0003146673699780914,44136fa355b3678a
S5,greedy_expected_utility,False,200163,0.5,0.375,4,3,422,249,1,0.3333333333333333,1.0,16.0,151.3071690727427,0.6300909987305127,2.7505845088118606,0.0153215921699046,0.9846784078300954,277,0,0,11153.764129431824,11153.764129431824,3717.9213764772744,1.5,0.3065555626707963,0.2510696785670956,0.00023212100442268242,191.25,76.5,0.12079138605948686,2,13:flood:reserve|26:funding_collapse|33:flood:reserve|72:flood:reserve|94:wildfire:reserve,0.008624842682990503,0.07529515921160189,0.03410525458990779,0.006306941571399914,3.713936070762919e-05,0.0007213489177226265,0.0004909918449844381,44136fa355b3678a
S6,rule,False,200163,0.75,0.75,6,6,940,940,1,0.3333333333333333,1.0,17.0,669.8785994530747,0.7793194069685769,5.292656428326452,0.0,1.0,0,0,0,11200.576293652235,11200.576293652237,1866.7627156087058,1.5,0.931171707253197,0.49299362097050065,2.73224043715847e-05,0.0,0.0,0.047249429809581925,2,13:flood:reserve|26:funding_collapse|33:flood:reserve|72:flood:reserve|94:wildfire:reserve,0.01600000000000001,0.03363281983717857,0.0,0.0,4.371584699453552e-06,0.0010434016095452968,0.0,44136fa355b3678a
S7,forward_rollout_proxy,False,200163,0.5,0.5,4,4,695,695,2,0.6666666666666666,1.0,21.5,252.21967137744096,0.7414340716296849,2.5268093792841855,0.0008695421047634248,0.9991304578952366,23,0,0,11136.765287409438,11136.765287409438,2784.1913218523596,1.5,0.46612579115512937,0.3249249343496493,5.378831694621169e-05,41.75,16.700000000000003,0.1402213072064727,1,13:flood:reserve|26:funding_collapse|33:flood:reserve|72:flood:reserve|94:wildfire:reserve,0.016537571780777163,0.06043219586530496,2.950976488917723e-05,5.151265605668479e-05,8.60613071139387e-06,0.0009488060023445058,9.608864418578092e-05,44136fa355b3678a
S0,none,False,200164,0.125,0.0,1,0,0,0,3,1.0,1.0,24.666666666666668,66.69962486249682,0.4177449030112247,0.0,,,0,0,0,0.0,0.0,0.0,1.5,0.11183666666666651,0.011183666666666653,0.00016101019042958666,0.0,0.0,0.0,0,24:heatwave:semiwild|32:wildfire:semiwild|41:flood:alternative|89:flood:alternative,0.009440000000000007,0.062014736542915186,0.0,0.0,2.576163046873386e-05,0.00047459881539151176,0.0,44136fa355b3678a
S1,rule,False,200164,0.75,0.5,6,4,353,353,2,0.6666666666666666,1.0,27.5,449.81727216531254,0.7586113769293253,5.480443019465659,0.0,1.0,0,0,0,11246.826129104636,11246.826129104636,2811.706532276159,1.5,0.821805419313244,0.381632441767796,0.00019403596117550714,0.0,0.0,0.09823734820907473,1,24:heatwave:semiwild|32:wildfire:semiwild|41:flood:alternative|89:flood:alternative,0.01600000000000001,0.054337138971956855,0.0,0.0,3.1045753788081146e-05,0.0010204383449297929,0.0,44136fa355b3678a
S2,rule,False,200164,0.5,0.375,4,3,51,0,2,0.6666666666666666,1.0,23.5,100.90606642988283,0.4723675363571436,1.9939393939393941,0.0764289008751277,0.9235710991248723,0,0,0,11348.562704524144,11348.562704524145,3782.854234841381,1.5,0.17924054278473234,0.2223918026585516,0.0006169237708824232,68.5,27.400000000000006,0.078891772203422,1,24:heatwave:semiwild|32:wildfire:semiwild|41:flood:alternative|89:flood:alternative,0.005108851906220264,0.09342883169238896,0.05602219857371835,0.010419650158700878,9.870780334118772e-05,0.0007697764626430774,0.0001350130122878441,44136fa355b3678a
S3,rule,False,200164,0.625,0.375,5,3,370,0,2,0.6666666666666666,1.0,23.5,207.72346785931794,0.6056145822938865,3.441766155868334,0.043656440698607794,0.9563435593013923,36,189,36,11236.133873491986,11236.133873491986,3745.377957830662,1.5,0.44403066177473177,0.2639568325195909,0.00031603597266093085,56.25,22.500000000000004,0.08193052391717182,1,24:heatwave:semiwild|32:wildfire:semiwild|41:flood:alternative|89:flood:alternative,0.00827101037812905,0.07607500191675112,0.059449871492288885,0.006515621780111147,5.056575562574894e-05,0.0007053094557024531,8.616802393597354e-05,44136fa355b3678a
S4,state_dependent_rule,False,200164,0.75,0.5,6,4,465,405,2,0.6666666666666666,1.0,21.0,238.24715751792283,0.5986706669195259,3.5732918426710945,0.0015860460867849978,0.998413953913215,273,0,0,11231.223239271718,11231.223239271716,2807.8058098179295,1.5,0.3395671414008426,0.3224715252705867,0.00036643475051972857,174.0,69.60000000000001,0.13890946351895722,1,24:heatwave:semiwild|32:wildfire:semiwild|41:flood:alternative|89:flood:alternative,0.012942731071188903,0.06982151400248711,0.11073413787686961,0.017546870437154492,5.862956008315657e-05,0.001104179151655275,0.0002112498164540642,44136fa355b3678a
S5,greedy_expected_utility,False,200164,0.625,0.5,5,4,449,352,2,0.6666666666666666,1.0,21.5,243.06001668727174,0.5949474406579399,4.004055451553669,0.004734451049954801,0.9952655489500452,240,0,0,11246.205282095294,11246.205282095292,2811.5513205238235,1.5,0.31297177465435516,0.3264782479667783,0.0003091210213869281,206.5,82.6,0.15070257992903027,1,24:heatwave:semiwild|32:wildfire:semiwild|41:flood:alternative|89:flood:alternative,0.012446846097554027,0.07236085501759681,0.10918822893895025,0.015574135912638603,4.9459363421908495e-05,0.0009139125430096271,0.00023730411020288702,44136fa355b3678a
S6,rule,False,200164,0.75,0.75,6,6,1086,1086,1,0.3333333333333333,1.0,31.0,715.535087385882,0.7794704872610104,5.377593638049363,0.0,1.0,0,0,0,11257.043645788393,11257.043645788395,1876.1739409647323,1.5,0.9210259888084517,0.4919852233590097,0.00017071472741813165,0.0,0.0,0.043033440488354516,2,24:heatwave:semiwild|32:wildfire:semiwild|41:flood:alternative|89:flood:alternative,0.01600000000000001,0.03352845176543839,0.0,0.0,2.7314356386901062e-05,0.0009737466171646353,0.0,44136fa355b3678a
S7,forward_rollout_proxy,False,200164,0.625,0.625,5,5,936,936,2,0.6666666666666666,1.0,33.5,311.4715792245589,0.5637721097086534,4.16064948612486,0.00014247487911373137,0.9998575251208862,39,0,0,11223.480834402071,11223.480834402071,2244.6961668804142,1.5,0.5697138904952824,0.4129192008925729,0.0004849489823003074,70.5,28.20000000000002,0.16545658490898044,1,24:heatwave:semiwild|32:wildfire:semiwild|41:flood:alternative|89:flood:alternative,0.01396555310920454,0.05050437184205737,0.17889717007975706,0.011266113592746048,7.759183716804918e-05,0.0008297179607621937,6.20344667617353e-05,44136fa355b3678a
S0,none,False,200165,0.25,0.0,2,0,0,0,3,1.0,1.0,33.333333333333336,59.80138701617024,0.4045504494755208,0.0,,,0,0,0,0.0,0.0,0.0,1.2067626609356563,0.05722400000000002,0.0057224000000000025,0.00014279913737733107,0.0,0.0,0.0,0,3:flood:semiwild|7:wildfire:alternative|24:heatwave:reserve|25:heatwave:reserve|42:heatwave:alternative|69:heatwave:origin|71:heatwave:origin|76:flood:alternative|89:heatwave:semiwild,0.009120000000000007,0.059066809476347265,0.0,0.0,2.284786198037297e-05,0.0003398931861514735,0.0,44136fa355b3678a
S1,rule,False,200165,0.75,0.0,6,0,0,0,1,0.3333333333333333,1.0,20.0,312.49351128988917,0.6652085388096005,0.0,,,0,0,0,11017.77908940442,11017.77908940442,11017.77908940442,1.5,0.4353252935460044,0.06047748729043935,0.00013508821841231813,0.0,0.0,0.08472478967919451,2,3:flood:semiwild|7:wildfire:alternative|8:funding_collapse|24:heatwave:reserve|25:heatwave:reserve|42:heatwave:alternative|46:funding_collapse|55:funding_collapse|69:heatwave:origin|71:heatwave:origin|76:funding_collapse|76:flood:alternative|82:funding_collapse|89:heatwave:semiwild,0.01456000000000001,0.07462686098744707,0.0,0.0,2.16141149459709e-05,0.0008829860880064508,0.0,44136fa355b3678a
S2,rule,False,200165,0.25,0.125,2,1,55,0,3,1.0,1.0,34.666666666666664,78.7686404395332,0.5090454571389308,3.8732394366197185,0.0,1.0,0,0,0,11131.277834906195,11131.277834906195,11131.277834906195,1.5,0.06879303466666664,0.10868064625472473,0.00019831376683527614,55.5,22.200000000000003,0.034094742109304396,0,3:flood:semiwild|7:wildfire:alternative|8:funding_collapse|24:heatwave:reserve|25:heatwave:reserve|42:heatwave:alternative|46:funding_collapse|55:funding_collapse|69:heatwave:origin|71:heatwave:origin|76:funding_collapse|76:flood:alternative|82:funding_collapse|89:heatwave:semiwild,0.005731969708682961,0.08945496439042437,0.032865641848280475,0.011596167337555655,3.173020269364418e-05,0.0007414898927179297,0.00013712379698771447,44136fa355b3678a
S3,rule,False,200165,0.625,0.375,5,3,335,0,1,0.3333333333333333,1.0,30.0,189.35209919595286,0.6020101347682815,4.835279684420873,0.0025792613629013242,0.9974207386370987,47,218,47,11002.85739138779,11002.857391387788,3667.619130462597,1.5,0.16247500605050308,0.25177177313755766,0.0002190846581769849,66.25,26.499999999999996,0.09210737844149317,2,3:flood:semiwild|7:wildfire:alternative|8:funding_collapse|24:heatwave:reserve|25:heatwave:reserve|42:heatwave:alternative|46:funding_collapse|55:funding_collapse|69:heatwave:origin|71:heatwave:origin|76:funding_collapse|76:flood:alternative|82:funding_collapse|89:heatwave:semiwild,0.007877973202647092,0.07686639013686801,0.05962174366505098,0.006404431125900036,3.505354530831759e-05,0.0005948580207683002,0.00012050661172417515,44136fa355b3678a
S4,state_dependent_rule,False,200165,0.5,0.375,4,3,235,0,1,0.3333333333333333,1.0,22.0,177.01240421969266,0.5894004039585578,3.306876073079515,0.005919962968784029,0.994080037031216,65,0,0,10987.112754418764,10987.112754418762,3662.370918139588,1.5,0.10844982037004529,0.23451000910194109,0.0007575701478168896,152.5,60.999999999999964,0.10923133167070687,2,3:flood:semiwild|7:wildfire:alternative|8:funding_collapse|24:heatwave:reserve|25:heatwave:reserve|42:heatwave:alternative|46:funding_collapse|55:funding_collapse|69:heatwave:origin|71:heatwave:origin|76:funding_collapse|76:flood:alternative|82:funding_collapse|89:heatwave:semiwild,0.007942752424184126,0.07920739701549569,0.0731583827654037,0.005708628771771746,0.00012121122365070236,0.0006562090773170416,0.0002951327100951796,44136fa355b3678a
S5,greedy_expected_utility,False,200165,0.5,0.375,4,3,237,0,1,0.3333333333333333,1.0,19.0,138.42409593455994,0.5898536031144435,2.01774022797118,0.10147929367390697,0.898520706326093,60,0,0,10996.307004504466,10996.307004504466,3665.435668168155,1.5,0.09066749569017762,0.22367871724461783,0.0010048005568128134,177.25,70.89999999999998,0.1284228269794413,2,3:flood:semiwild|7:wildfire:alternative|8:funding_collapse|24:heatwave:reserve|25:heatwave:reserve|42:heatwave:alternative|46:funding_collapse|55:funding_collapse|69:heatwave:origin|71:heatwave:origin|76:funding_collapse|76:flood:alternative|82:funding_collapse|89:heatwave:semiwild,0.006903896186900282,0.07679633491454547,0.06095435771076607,0.008424121368537804,0.00016076808909005016,0.0008143305286676079,0.0004247581381857485,44136fa355b3678a
S6,rule,False,200165,0.75,0.0,6,0,0,0,0,0.0,0.0,,403.7611221371763,0.7173069415767688,0.0,,,0,0,0,11038.666973528248,11038.666973528248,11038.666973528248,1.5,0.6230278931944929,0.07033770034818895,0.0001776584594163512,0.0,0.0,0.040174555143698304,3,3:flood:semiwild|7:wildfire:alternative|8:funding_collapse|24:heatwave:reserve|25:heatwave:reserve|42:heatwave:alternative|46:funding_collapse|55:funding_collapse|69:heatwave:origin|71:heatwave:origin|76:funding_collapse|76:flood:alternative|82:funding_collapse|89:heatwave:semiwild,0.01536000000000001,0.06319633035497674,0.0,0.0,2.842535350661619e-05,0.0009083027147478062,0.0,44136fa355b3678a
S7,forward_rollout_proxy,False,200165,0.75,0.25,6,2,188,0,1,0.3333333333333333,1.0,20.0,170.1915113128981,0.6659845961981561,2.4600619123153127,0.00969027431339313,0.9903097256866069,48,0,0,10955.819550626338,10955.81955062634,5477.909775313169,1.5,0.22410325754776314,0.18428166119678843,0.00022141078438677375,65.75,26.300000000000004,0.12385358159429499,2,3:flood:semiwild|7:wildfire:alternative|8:funding_collapse|24:heatwave:reserve|25:heatwave:reserve|42:heatwave:alternative|46:funding_collapse|55:funding_collapse|69:heatwave:origin|71:heatwave:origin|76:funding_collapse|76:flood:alternative|82:funding_collapse|89:heatwave:semiwild,0.010782170123712565,0.07591952239588758,0.02095341594157424,0.005071575030003161,3.54257255018838e-05,0.000860700769431962,0.00019319916529195888,44136fa355b3678a
S0,none,False,200166,0.125,0.0,1,0,0,0,3,1.0,1.0,24.666666666666668,66.71116734836947,0.3782370028321377,0.0,,,0,0,0,0.0,0.0,0.0,1.3570558743233057,0.08615494540955528,0.008615494540955528,0.0005257650577282819,0.0,0.0,0.0,0,28:wildfire:reserve|32:heatwave:semiwild|40:flood:semiwild|47:flood:alternative|48:flood:semiwild|51:heatwave:reserve|61:flood:origin,0.008480000000000007,0.05254044100993359,0.0,0.0,8.412240923652511e-05,0.0005584337486921674,0.0,44136fa355b3678a
S1,rule,False,200166,0.625,0.125,5,1,1,1,0,0.0,0.0,,292.27501495596806,0.7359508080761903,1.0,0.0,1.0,0,0,0,11209.158463183452,11209.158463183452,11209.158463183452,1.5,0.7674218278133288,0.16086772054978157,0.0005288871619232707,0.0,0.0,0.08937768884224344,3,28:wildfire:reserve|32:heatwave:semiwild|40:flood:semiwild|47:flood:alternative|48:funding_collapse|48:flood:semiwild|51:heatwave:reserve|61:flood:origin,0.01600000000000001,0.07700248949202748,0.0,0.0,8.462194590772331e-05,0.000962080485874646,0.0,44136fa355b3678a
S2,rule,False,200166,0.375,0.125,3,1,54,0,1,0.3333333333333333,1.0,22.0,72.88225953368902,0.4913938519601434,2.9218436873747495,0.0,1.0,0,0,0,11314.9987696314,11314.9987696314,11314.9987696314,1.5,0.1329236069906983,0.10745854223802984,0.00045010618214079266,44.75,17.900000000000013,0.04348872332606255,2,28:wildfire:reserve|32:heatwave:semiwild|40:flood:semiwild|47:flood:alternative|48:funding_collapse|48:flood:semiwild|51:heatwave:reserve|61:flood:origin,0.0047392579309691,0.08988348449919169,0.0337505782429987,0.012382920832066985,7.201698914252682e-05,0.0007095244155914825,0.00010288759631146552,44136fa355b3678a
S3,rule,False,200166,0.5,0.375,4,3,436,0,0,0.0,0.0,,188.67740736932862,0.600693272365676,2.797571714056317,0.003331932238130706,0.9966680677618693,41,182,41,11190.340956390053,11190.340956390053,3730.1136521300177,1.5,0.3472827005522164,0.24590080808662398,0.0005475295755788183,55.75,22.299999999999994,0.07223410445419581,3,28:wildfire:reserve|32:heatwave:semiwild|40:flood:semiwild|47:flood:alternative|48:funding_collapse|48:flood:semiwild|51:heatwave:reserve|61:flood:origin,0.007962980716068336,0.07502439245773827,0.06312455013494021,0.007045962405374129,8.760473209261092e-05,0.000708905299298435,0.00010831189113622686,44136fa355b3678a
S4,state_dependent_rule,False,200166,0.375,0.25,3,2,296,0,0,0.0,0.0,,151.41980901847737,0.6229717479109713,3.3535796182756936,0.01739122591015821,0.9826087740898418,140,0,0,11189.344750048394,11189.344750048393,5594.672375024197,1.5,0.2666859458187884,0.191959713054071,0.0008628606108388075,158.0,63.199999999999974,0.09627661144717606,3,28:wildfire:reserve|32:heatwave:semiwild|40:flood:semiwild|47:flood:alternative|48:funding_collapse|48:flood:semiwild|51:heatwave:reserve|61:flood:origin,0.007910094387573204,0.0770216833220609,0.03747205523297493,0.008089680934865551,0.00013805769773420922,0.0008035108307010025,0.0004671463402733696,44136fa355b3678a
S5,greedy_expected_utility,False,200166,0.375,0.375,3,3,417,0,0,0.0,0.0,,157.90030015562596,0.5942613915739045,2.3204800055750887,0.048395510050150053,0.9516044899498499,93,0,0,11194.942377108535,11194.942377108535,3731.647459036178,1.5,0.2399658614681155,0.24031627123998478,0.000448834986369873,202.0,80.79999999999998,0.12182442518711172,3,28:wildfire:reserve|32:heatwave:semiwild|40:flood:semiwild|47:flood:alternative|48:funding_collapse|48:flood:semiwild|51:heatwave:reserve|61:flood:origin,0.00690356768517823,0.07724683635114082,0.05662088322337966,0.008052535921586938,7.181359781917968e-05,0.0007508872672185189,0.0004192724131399479,44136fa355b3678a
S6,rule,False,200166,0.875,0.5,7,4,196,196,0,0.0,0.0,,494.86543682585284,0.7574461880764146,3.9089651769798834,0.0,1.0,0,0,0,11220.570278609363,11220.570278609364,2805.1425696523406,1.5,0.8589090279796027,0.36061926593446936,0.0005503067221868715,0.0,0.0,0.05319355683355115,3,28:wildfire:reserve|32:heatwave:semiwild|40:flood:semiwild|47:flood:alternative|48:funding_collapse|48:flood:semiwild|51:heatwave:reserve|61:flood:origin,0.01600000000000001,0.05547317993548512,0.0,0.0,8.804907554989944e-05,0.0009925829125502536,0.0,44136fa355b3678a
S7,forward_rollout_proxy,False,200166,0.625,0.125,5,1,204,6,0,0.0,0.0,,161.3629864062369,0.6667123718776459,3.4924471299093653,0.004647461359370681,0.9953525386406293,73,0,0,11180.155705286828,11180.155705286827,11180.155705286828,1.5,0.44085378403955655,0.15731568317942857,0.0007398121571727702,68.75,27.500000000000018,0.11027916738189633,3,28:wildfire:reserve|32:heatwave:semiwild|40:flood:semiwild|47:flood:alternative|48:funding_collapse|48:flood:semiwild|51:heatwave:reserve|61:flood:origin,0.010351874390415496,0.07469765515442106,0.014506140648586897,0.006452184852361343,0.00011836994514764323,0.0008783856474605479,0.00032281383797852926,44136fa355b3678a
S0,none,False,200167,0.375,0.0,3,0,0,0,3,1.0,1.0,27.0,73.60391625874973,0.3706910198378063,0.0,,,0,0,0,0.0,0.0,0.0,1.4948556572602365,0.1913,0.01913,0.000284431048166775,0.0,0.0,0.0,0,32:wildfire:reserve|59:wildfire:semiwild,0.008320000000000006,0.052125104153791534,0.0,0.0,4.5508967706684e-05,0.00041836704069560894,0.0,44136fa355b3678a
S1,rule,False,200167,0.625,0.625,5,5,396,396,0,0.0,0.0,,464.9267778905564,0.758134003531884,4.982207778425197,0.011654433951772203,0.9883455660482278,0,0,0,11243.790237105277,11243.790237105277,2248.7580474210554,1.5,0.8757117444911401,0.43967875181862215,0.0002827173723224157,0.0,0.0,0.105177497926281,3,32:wildfire:reserve|59:wildfire:semiwild,0.01600000000000001,0.05479069650383666,0.0,0.0,4.5234779571586525e-05,0.0010300651847079893,0.0,44136fa355b3678a
S2,rule,False,200167,0.375,0.125,3,1,65,0,1,0.3333333333333333,1.0,25.0,89.83596676889289,0.470652216457537,2.3722627737226274,0.0,1.0,0,0,0,11324.10475050195,11324.104750501952,11324.10475050195,1.5,0.2688437866679351,0.11985018064064354,0.000319697964656578,60.25,24.100000000000005,0.0649658711831188,2,32:wildfire:reserve|59:wildfire:semiwild,0.004943894748285968,0.09139232926487173,0.05689582500167119,0.010824990367890228,5.115167434505249e-05,0.0007103147852243118,0.00013641721875494968,44136fa355b3678a
S3,rule,False,200167,0.5,0.375,4,3,327,0,2,0.6666666666666666,1.0,15.0,188.33725792078917,0.6097967497949219,3.354829527674509,0.0010631812730004186,0.9989368187269996,21,168,21,11208.676020238883,11208.676020238883,3736.2253400796276,1.5,0.5597163191498239,0.2737863562962114,0.00032255074808266304,47.25,18.900000000000002,0.07758214552241943,1,32:wildfire:reserve|59:wildfire:semiwild,0.00852216974618314,0.07618865567700175,0.05646470427303654,0.006850522710249602,5.160811969322608e-05,0.0007378326720367499,9.507535061208312e-05,44136fa355b3678a
S4,state_dependent_rule,False,200167,0.5,0.375,4,3,391,187,0,0.0,0.0,,190.0958924656764,0.6419500703702313,2.7510917268918824,0.023487198920387486,0.9765128010796125,207,0,0,11218.066501037252,11218.06650103725,3739.355500345751,1.5,0.45628933669049965,0.26444273982676336,0.0005614016085169808,147.75,59.09999999999996,0.11276444444397275,3,32:wildfire:reserve|59:wildfire:semiwild,0.00975426495462655,0.07533031887315074,0.03353548002274338,0.006404294063635329,8.982425736271694e-05,0.0007780399586589436,0.0003124105414101413,44136fa355b3678a
S5,greedy_expected_utility,False,200167,0.5,0.375,4,3,472,242,0,0.0,0.0,,190.5718241785018,0.6456117512244868,3.3409810262776127,0.007409246328284282,0.9925907536717157,237,0,0,11224.221320520728,11224.221320520728,3741.4071068402427,1.5,0.4295136927556145,0.2727095883562578,0.0004907334941532147,191.5,76.59999999999998,0.13799204408960103,3,32:wildfire:reserve|59:wildfire:semiwild,0.01002291998552905,0.07939956993869186,0.02468966232542182,0.00542364341007697,7.851735906451436e-05,0.0006765768467807062,0.00042455092095718296,44136fa355b3678a
S6,rule,False,200167,0.875,0.75,7,6,977,977,0,0.0,0.0,,694.2740288214732,0.7802216825952957,5.389083500312871,0.0,1.0,0,0,0,11254.588091707059,11254.58809170706,1875.7646819511765,1.5,0.9618319999999998,0.49778192423528766,0.00027930159573794967,0.0,0.0,0.051039446160794553,3,32:wildfire:reserve|59:wildfire:semiwild,0.01600000000000001,0.0326925454871568,0.0,0.0,4.4688255318071945e-05,0.0010410836622295528,0.0,44136fa355b3678a
S7,forward_rollout_proxy,False,200167,0.625,0.375,5,3,577,577,0,0.0,0.0,,268.73213521546836,0.7422074548104683,2.6257244975111127,0.0072635281336715625,0.9927364718663284,91,0,0,11212.589362556948,11212.589362556948,3737.5297875189826,1.5,0.6671311865979667,0.29052533803967523,0.0003519769452032224,68.0,27.200000000000017,0.14402487202383724,3,32:wildfire:reserve|59:wildfire:semiwild,0.01644855786638097,0.06039978265983351,0.0002761580735930691,0.0002811423098300959,5.631631123251557e-05,0.0006662668277834065,0.00012554917044617733,44136fa355b3678a
S0,none,False,200168,0.125,0.0,1,0,0,0,3,1.0,1.0,31.0,64.76871488690341,0.35672057095458426,0.0,,,0,0,0,0.0,0.0,0.0,1.382487072923955,0.11372666666666653,0.011372666666666654,0.0001489140834290088,0.0,0.0,0.0,0,10:heatwave:alternative|12:flood:semiwild|17:heatwave:semiwild|21:heatwave:semiwild|32:wildfire:semiwild|41:heatwave:alternative|51:flood:alternative|52:heatwave:semiwild|80:heatwave:alternative|96:flood:origin,0.008000000000000005,0.04961759410124634,0.0,0.0,2.3826253348641408e-05,0.0006380086908207888,0.0,44136fa355b3678a
S1,rule,False,200168,0.625,0.625,5,5,139,139,0,0.0,0.0,,433.5210144090126,0.7549168235192072,3.4134787726892997,0.0,1.0,0,0,0,11183.891682594587,11183.891682594587,2236.7783365189175,1.5,0.6218329681151152,0.39958388176711074,9.66183574879227e-05,0.0,0.0,0.11007898614353123,3,10:heatwave:alternative|12:flood:semiwild|17:heatwave:semiwild|21:heatwave:semiwild|32:wildfire:semiwild|41:heatwave:alternative|51:flood:alternative|52:heatwave:semiwild|80:funding_collapse|80:heatwave:alternative|96:flood:origin,0.01600000000000001,0.058130153981332276,0.0,0.0,1.5458937198067633e-05,0.0009375635622623283,0.0,44136fa355b3678a
S2,rule,False,200168,0.375,0.125,3,1,40,0,1,0.3333333333333333,1.0,22.0,95.33301042613135,0.4986955960487826,4.081632653061225,0.0,1.0,0,0,0,11276.06426585893,11276.064265858931,11276.06426585893,1.5,0.18512381798669583,0.12478526600365955,0.00019177999349280289,52.0,20.800000000000004,0.04603278837188854,2,10:heatwave:alternative|12:flood:semiwild|17:heatwave:semiwild|21:heatwave:semiwild|32:wildfire:semiwild|41:heatwave:alternative|51:flood:alternative|52:heatwave:semiwild|80:funding_collapse|80:heatwave:alternative|96:flood:origin,0.0052708726266632675,0.09031147919651351,0.03485668312305357,0.011788985102418157,3.068479895884847e-05,0.0007421353018382556,0.00010216104778645887,44136fa355b3678a
S3,rule,False,200168,0.5,0.25,4,2,316,0,0,0.0,0.0,,178.15288153387516,0.61622645020584,4.241875565910964,0.0,1.0,22,225,22,11163.197864358257,11163.197864358255,5581.5989321791285,1.5,0.3614571858047218,0.2048489964143681,0.00025115616135207405,61.75,24.700000000000003,0.06892261087393126,3,10:heatwave:alternative|12:flood:semiwild|17:heatwave:semiwild|21:heatwave:semiwild|32:wildfire:semiwild|41:heatwave:alternative|51:flood:alternative|52:heatwave:semiwild|80:funding_collapse|80:heatwave:alternative|96:flood:origin,0.008228584063621773,0.07484685198451407,0.04911188726787098,0.008077865752895944,4.018498581633186e-05,0.0007883350444352221,0.00014207815462713924,44136fa355b3678a
S4,state_dependent_rule,False,200168,0.5,0.375,4,3,470,416,0,0.0,0.0,,214.49542396492532,0.6451761440141016,4.104723269004791,0.001985673199757774,0.9980143268002423,192,0,0,11149.648844996189,11149.64884499619,3716.54961499873,1.5,0.30816838763644333,0.26303209715850234,0.00021450582396299533,139.75,55.89999999999998,0.11209012852405051,3,10:heatwave:alternative|12:flood:semiwild|17:heatwave:semiwild|21:heatwave:semiwild|32:wildfire:semiwild|41:heatwave:alternative|51:flood:alternative|52:heatwave:semiwild|80:funding_collapse|80:heatwave:alternative|96:flood:origin,0.01325047416292533,0.07277681542673226,0.07293761841028547,0.006909608265106753,3.432093183407925e-05,0.0006968025999465034,0.00022820230572958634,44136fa355b3678a
S5,greedy_expected_utility,False,200168,0.625,0.375,5,3,381,284,0,0.0,0.0,,228.77833426646637,0.636074754318543,4.367224369560473,0.002368348903195589,0.9976316510968044,214,0,0,11181.170348025253,11181.17034802525,3727.0567826750844,1.5,0.2909226614230118,0.27306379164240246,0.0002158551678431048,183.5,73.39999999999998,0.1577464090224827,3,10:heatwave:alternative|12:flood:semiwild|17:heatwave:semiwild|21:heatwave:semiwild|32:wildfire:semiwild|41:heatwave:alternative|51:flood:alternative|52:heatwave:semiwild|80:funding_collapse|80:heatwave:alternative|96:flood:origin,0.01262939989454357,0.07392419145069602,0.07484873437557417,0.00870350659538965,3.453682685489677e-05,0.0006867677750408667,0.0002585537895542794,44136fa355b3678a
S6,rule,False,200168,0.75,0.625,6,5,589,589,0,0.0,0.0,,646.5891271231175,0.7773297220636581,6.513554787606313,0.0,1.0,0,0,0,11196.150422428953,11196.150422428953,2239.2300844857905,1.5,0.7841310067837687,0.4345214242689525,9.66183574879227e-05,0.0,0.0,0.048613878572562705,3,10:heatwave:alternative|12:flood:semiwild|17:heatwave:semiwild|21:heatwave:semiwild|32:wildfire:semiwild|41:heatwave:alternative|51:flood:alternative|52:heatwave:semiwild|80:funding_collapse|80:heatwave:alternative|96:flood:origin,0.01600000000000001,0.035724007610300576,0.0,0.0,1.5458937198067633e-05,0.0009308113888438193,0.0,44136fa355b3678a
S7,forward_rollout_proxy,False,200168,0.5,0.5,4,4,757,757,0,0.0,0.0,,302.63902870815235,0.5982796111140172,4.406093681668033,0.00045806665026055854,0.9995419333497394,47,0,0,11149.212392042058,11149.212392042056,2787.3030980105145,1.5,0.40973666666666664,0.3401178390628735,0.00022480774259890432,68.5,27.40000000000002,0.15041617789763234,3,10:heatwave:alternative|12:flood:semiwild|17:heatwave:semiwild|21:heatwave:semiwild|32:wildfire:semiwild|41:heatwave:alternative|51:flood:alternative|52:heatwave:semiwild|80:funding_collapse|80:heatwave:alternative|96:flood:origin,0.014075482504739816,0.05001767414593474,0.14038598375025502,0.015686438824054506,3.5969238815824694e-05,0.0010543079945155925,7.074476416372097e-05,44136fa355b3678a
S0,none,False,200169,0.25,0.0,2,0,0,0,3,1.0,1.0,32.666666666666664,72.14617784382746,0.3977708768808636,0.0,,,0,0,0,0.0,0.0,0.0,1.3673763731323263,0.13306523858075806,0.013306523858075806,8.021390374331552e-05,0.0,0.0,0.0,0,2:flood:alternative|30:flood:reserve|65:flood:semiwild,0.008960000000000006,0.0575718988973017,0.0,0.0,1.283422459893048e-05,0.0004843899972356973,0.0,44136fa355b3678a
S1,rule,False,200169,0.75,0.5,6,4,328,328,1,0.3333333333333333,1.0,16.0,438.9929718812356,0.7578224182019606,5.214655005600675,0.0,1.0,0,0,0,11211.081169294666,11211.081169294666,2802.7702923236666,1.5,0.8746323452533901,0.38613089839449555,7.853403141361256e-05,0.0,0.0,0.10760556906574903,2,2:flood:alternative|30:flood:reserve|65:flood:semiwild,0.01600000000000001,0.05513480942230766,0.0,0.0,1.256544502617801e-05,0.0010302069307056459,0.0,44136fa355b3678a
S2,rule,False,200169,0.375,0.25,3,2,45,0,2,0.6666666666666666,1.0,27.0,87.72183788547103,0.48082384555027763,1.9097560975609755,0.10379383113431445,0.8962061688656855,0,0,0,11314.712236309108,11314.712236309108,5657.356118154554,1.5,0.18513234994903707,0.16152599695322634,0.00022885134411211293,62.0,24.800000000000008,0.057076004913564383,1,2:flood:alternative|30:flood:reserve|65:flood:semiwild,0.0049555462280118,0.09079773437694198,0.04512525034170314,0.01225502323635196,3.6616215057938075e-05,0.0008050371757662518,0.00013464379627283653,44136fa355b3678a
S3,rule,False,200169,0.5,0.375,4,3,224,0,1,0.3333333333333333,1.0,16.0,166.61673053419614,0.6115401437091605,3.600244217322596,0.000638646105466147,0.9993613538945338,15,158,15,11180.130188083773,11180.130188083773,3726.7100626945908,1.5,0.4746563406265592,0.2674735139442082,7.853403141361256e-05,43.25,17.300000000000008,0.0762771885416316,2,2:flood:alternative|30:flood:reserve|65:flood:semiwild,0.008386450277231186,0.07406285464285361,0.0590430174554944,0.007193521744243743,1.256544502617801e-05,0.0007335336223340692,9.380023775655152e-05,44136fa355b3678a
S4,state_dependent_rule,False,200169,0.375,0.375,3,3,267,26,2,0.6666666666666666,1.0,16.5,151.11100785868678,0.6137378385697346,2.8324656657055285,0.00019604235644891,0.9998039576435511,146,0,0,11207.00439125861,11207.00439125861,3735.6681304195367,1.5,0.372376028409697,0.25394795238378787,0.00040785371297257433,177.75,71.1,0.09817846442881445,1,2:flood:alternative|30:flood:reserve|65:flood:semiwild,0.007762247850427986,0.07863781663011099,0.04741451605785953,0.006615633791307029,6.525659407561189e-05,0.0006863880035979024,0.00041385503315776064,44136fa355b3678a
S5,greedy_expected_utility,False,200169,0.5,0.25,4,2,317,33,2,0.6666666666666666,1.0,21.5,158.56866808714062,0.5925242904287349,3.636407422958752,0.0008770053475935828,0.9991229946524064,131,0,0,11214.154340470504,11214.154340470503,5607.077170235252,1.5,0.3456508166517625,0.2027272756110074,0.0005272974420921202,205.25,82.09999999999998,0.09649059858121808,1,2:flood:alternative|30:flood:reserve|65:flood:semiwild,0.007049724064352301,0.07821805480758437,0.059648046797208344,0.009075745227151787,8.436759073473923e-05,0.0007455821728098652,0.00041064579647766936,44136fa355b3678a
S6,rule,False,200169,0.75,0.75,6,6,903,903,0,0.0,0.0,,674.8135325906877,0.7800769174665012,6.281854085895469,0.0,1.0,0,0,0,11224.27164675806,11224.271646758061,1870.7119411263432,1.5,0.9618319999999998,0.5058454664006926,7.692307692307693e-05,0.0,0.0,0.046718627708689425,3,2:flood:alternative|30:flood:reserve|65:flood:semiwild,0.01600000000000001,0.032865030110062074,0.0,0.0,1.2307692307692308e-05,0.0010457447311288022,0.0,44136fa355b3678a
S7,forward_rollout_proxy,False,200169,0.5,0.125,4,1,193,177,1,0.3333333333333333,1.0,13.0,188.52510596975327,0.718274026884948,3.7432418852376643,0.008434479910973281,0.9915655200890268,106,0,0,11167.351253701518,11167.35125370152,11167.351253701518,1.5,0.6147209081303319,0.1769229738835374,0.00020182095467124035,63.25,25.300000000000015,0.10884232109063777,2,2:flood:alternative|30:flood:reserve|65:flood:semiwild,0.014692987404831928,0.07187061275084008,0.002138377666541468,0.0015184712290515318,3.2291352747398456e-05,0.0008126765897097431,0.00019427753529003837,44136fa355b3678a
S0,none,False,200170,0.125,0.0,1,0,0,0,3,1.0,1.0,27.666666666666668,62.73570694031583,0.443715849676542,0.0,,,0,0,0,0.0,0.0,0.0,1.447432256802363,0.10014754452970444,0.010014754452970445,0.000410049333868656,0.0,0.0,0.0,0,5:heatwave:semiwild|44:heatwave:alternative|49:wildfire:reserve,0.010080000000000007,0.06851349027817348,0.0,0.0,6.560789341898496e-05,0.0005250521518656644,0.0,44136fa355b3678a
S1,rule,False,200170,0.875,0.625,7,5,446,446,1,0.3333333333333333,1.0,17.0,427.58576603302186,0.7566819541954243,4.492310458490763,0.0,1.0,0,0,0,11119.119943461941,11119.119943461945,2223.8239886923884,1.5,0.8715976248009101,0.4375828375835756,0.00031972911422749605,0.0,0.0,0.12124985259288491,2,5:heatwave:semiwild|24:funding_collapse|40:funding_collapse|44:heatwave:alternative|49:wildfire:reserve|51:funding_collapse|97:funding_collapse,0.01600000000000001,0.056364491662121076,0.0,0.0,5.1156658276399376e-05,0.0009023974841783778,0.0,44136fa355b3678a
S2,rule,False,200170,0.25,0.125,2,1,40,0,3,1.0,1.0,27.0,78.03581309302183,0.47704732615027123,2.2988505747126435,0.0,1.0,0,0,0,11222.249211733977,11222.249211733977,11222.249211733977,1.5,0.14653284127153812,0.10187763306920032,0.0006771437954464438,48.75,19.500000000000004,0.0399292159746004,0,5:heatwave:semiwild|24:funding_collapse|40:funding_collapse|44:heatwave:alternative|49:wildfire:reserve|51:funding_collapse|97:funding_collapse,0.004481375557754945,0.08956814628911021,0.04198509409467871,0.012238881930846492,0.00010834300727143102,0.000711909900671668,9.898160098465906e-05,44136fa355b3678a
S3,rule,False,200170,0.5,0.25,4,2,242,0,1,0.3333333333333333,1.0,14.0,153.93149255808538,0.6391761262403063,2.5060405505857024,0.11567449677068369,0.8843255032293164,31,141,31,11109.518326862835,11109.518326862835,5554.759163431418,1.5,0.43279597305716244,0.1946561300114943,0.0004725342639566717,43.0,17.200000000000003,0.06908063599960515,2,5:heatwave:semiwild|24:funding_collapse|40:funding_collapse|44:heatwave:alternative|49:wildfire:reserve|51:funding_collapse|97:funding_collapse,0.009203503884281873,0.07533335042054201,0.03385158714694163,0.007521510193720374,7.560548223306749e-05,0.0009023302059307852,0.00011829421419625327,44136fa355b3678a
S4,state_dependent_rule,False,200170,0.625,0.375,5,3,312,0,1,0.3333333333333333,1.0,25.0,168.52614371731323,0.626090810813735,2.427751869381549,0.014825532732448762,0.9851744672675512,138,0,0,11114.072580168287,11114.072580168286,3704.690860056096,1.5,0.33162109883305174,0.2493019378901818,0.0005683862967979204,174.25,69.69999999999999,0.11556154656530546,2,5:heatwave:semiwild|24:funding_collapse|40:funding_collapse|44:heatwave:alternative|49:wildfire:reserve|51:funding_collapse|97:funding_collapse,0.008351928234230055,0.07918969087169475,0.03906130175044441,0.006751671046473091,9.094180748766726e-05,0.0007001025703626945,0.00046847608464334627,44136fa355b3678a
S5,greedy_expected_utility,False,200170,0.625,0.375,5,3,341,2,1,0.3333333333333333,1.0,15.0,153.8324362569776,0.6109123154045346,1.9856646099517794,0.004292937346237729,0.9957070626537623,128,0,0,11117.574307217497,11117.574307217496,3705.8581024058326,1.5,0.30503136608982884,0.24528064785926332,0.00064104594425614,190.25,76.1,0.13085432575381317,2,5:heatwave:semiwild|24:funding_collapse|40:funding_collapse|44:heatwave:alternative|49:wildfire:reserve|51:funding_collapse|97:funding_collapse,0.007944919660364215,0.07731239478930883,0.047705001973083076,0.010673373631342851,0.00010256735108098241,0.0008410687102551732,0.0004987946012833886,44136fa355b3678a
S6,rule,False,200170,0.75,0.75,6,6,1042,1042,1,0.3333333333333333,1.0,22.0,687.8251964708053,0.7784686121245974,5.340988912317943,8.677018695492642e-05,0.9999132298130451,0,0,0,11129.00229156243,11129.002291562432,1854.8337152604051,1.5,0.9587299601624135,0.49649295075684485,0.0003211710059894878,0.0,0.0,0.04855032808712017,2,5:heatwave:semiwild|24:funding_collapse|40:funding_collapse|44:heatwave:alternative|49:wildfire:reserve|51:funding_collapse|97:funding_collapse,0.01600000000000001,0.03446087946059498,0.0,0.0,5.138736095831806e-05,0.0010191210538492868,0.0,44136fa355b3678a
S7,forward_rollout_proxy,False,200170,0.5,0.25,4,2,151,51,0,0.0,0.0,,166.5921014877774,0.6878865331110156,2.426903211318213,0.06410194706130616,0.9358980529386939,133,0,0,11092.982714044892,11092.982714044892,5546.491357022446,1.5,0.571734160368104,0.21841158788270845,0.00048571468388442613,87.0,34.80000000000004,0.12234569866357958,3,5:heatwave:semiwild|24:funding_collapse|40:funding_collapse|44:heatwave:alternative|49:wildfire:reserve|51:funding_collapse|97:funding_collapse,0.012321058091158044,0.07468990635257461,0.015608411650460762,0.004835492808813961,7.771434942150816e-05,0.0007874200924820689,0.00029396540172109864,44136fa355b3678a
S0,none,False,200171,0.125,0.0,1,0,0,0,2,0.6666666666666666,1.0,16.5,67.54737102970043,0.3649608021040486,0.0,,,0,0,0,0.0,0.0,0.0,1.3803013565269706,0.10439349420476152,0.010439349420476153,0.00026717613946677753,0.0,0.0,0.0,1,14:wildfire:alternative|17:wildfire:semiwild|23:heatwave:semiwild|53:wildfire:origin|58:heatwave:reserve,0.008160000000000006,0.049666312286207645,0.0,0.0,4.2748182314684404e-05,0.00047013742742918837,0.0,44136fa355b3678a
S1,rule,False,200171,0.625,0.375,5,3,9,9,0,0.0,0.0,,257.5670975361292,0.7364499883737016,1.0,0.059442652799999995,0.9405573472,0,0,0,11134.737038836387,11134.737038836389,3711.579012945462,1.5,0.7910804648469582,0.27558060532825046,0.0002590934431964938,0.0,0.0,0.0886127942177729,3,2:funding_collapse|14:wildfire:alternative|17:wildfire:semiwild|23:heatwave:semiwild|27:funding_collapse|43:funding_collapse|53:wildfire:origin|58:heatwave:reserve,0.01600000000000001,0.07648835643406734,0.0,0.0,4.145495091143899e-05,0.0010202002413198582,0.0,44136fa355b3678a
S2,rule,False,200171,0.25,0.125,2,1,36,0,0,0.0,0.0,,80.99478455366393,0.5013570246519271,2.0313479623824446,0.0,1.0,0,0,0,11209.689635621819,11209.689635621819,11209.689635621819,1.5,0.19421907834989569,0.10553505766150668,0.0005479112359267745,56.5,22.60000000000001,0.04774835101346333,3,2:funding_collapse|14:wildfire:alternative|17:wildfire:semiwild|23:heatwave:semiwild|27:funding_collapse|43:funding_collapse|53:wildfire:origin|58:heatwave:reserve,0.005335039623146886,0.08970355253506859,0.03386036380763759,0.012161840294423886,8.766579774828393e-05,0.0007975396986607226,0.00015666972620620434,44136fa355b3678a
S3,rule,False,200171,0.5,0.375,4,3,279,0,1,0.3333333333333333,1.0,21.0,168.95370003875024,0.5933959925640206,3.327042701558239,0.0,1.0,24,190,24,11123.323527952622,11123.323527952622,3707.7745093175404,1.5,0.46034972838713517,0.26316944515664653,0.00039939871304258524,53.5,21.399999999999995,0.07557022651175306,2,2:funding_collapse|14:wildfire:alternative|17:wildfire:semiwild|23:heatwave:semiwild|27:funding_collapse|43:funding_collapse|53:wildfire:origin|58:heatwave:reserve,0.007323168353373686,0.07522789467059504,0.06666077641661496,0.007179631638232931,6.390379408681364e-05,0.000720264521939655,0.00010249216251221,44136fa355b3678a
S4,state_dependent_rule,False,200171,0.625,0.375,5,3,189,1,1,0.3333333333333333,1.0,28.0,175.89634924920233,0.6012816705217293,2.596174907139169,0.00140199622063465,0.9985980037793654,91,0,0,11117.416572491267,11117.416572491267,3705.8055241637558,1.5,0.38010585536169655,0.2555824053100391,0.0004770506952655475,152.0,60.79999999999995,0.11430035351238861,2,2:funding_collapse|14:wildfire:alternative|17:wildfire:semiwild|23:heatwave:semiwild|27:funding_collapse|43:funding_collapse|53:wildfire:origin|58:heatwave:reserve,0.00903615632041585,0.07561353330808383,0.070213569179478,0.014019520803908853,7.632811124248761e-05,0.0009375182117274004,0.00028594677368534645,44136fa355b3678a
S5,greedy_expected_utility,False,200171,0.5,0.375,4,3,259,0,0,0.0,0.0,,174.76856724085584,0.6166331947889819,2.575712655460477,0.002762251383878312,0.9972377486161217,98,0,0,11112.23104473931,11112.23104473931,3704.0770149131035,1.5,0.35329960292166973,0.25722059856538787,0.0005916765025677156,188.25,75.30000000000001,0.13691755859308072,3,2:funding_collapse|14:wildfire:alternative|17:wildfire:semiwild|23:heatwave:semiwild|27:funding_collapse|43:funding_collapse|53:wildfire:origin|58:heatwave:reserve,0.009220944033962704,0.07779588957504366,0.05234959473177183,0.01288576423149288,9.466824041083449e-05,0.0009054042350824819,0.00033458992630382205,44136fa355b3678a
S6,rule,False,200171,0.75,0.5,6,4,296,296,0,0.0,0.0,,417.56665083793683,0.7592464185412614,4.718219088189566,0.0,1.0,0,0,0,11146.072005478158,11146.07200547816,2786.5180013695394,1.5,0.8783938803888663,0.3681215566633394,0.00018288218065003778,0.0,0.0,0.040499888712785634,3,2:funding_collapse|14:wildfire:alternative|17:wildfire:semiwild|23:heatwave:semiwild|27:funding_collapse|43:funding_collapse|53:wildfire:origin|58:heatwave:reserve,0.01600000000000001,0.053626887843512855,0.0,0.0,2.9261148904006048e-05,0.0010974324663216703,0.0,44136fa355b3678a
S7,forward_rollout_proxy,False,200171,0.625,0.375,5,3,250,250,0,0.0,0.0,,219.19783731436547,0.6691189173495607,2.9109456421253292,0.029942859618742573,0.9700571403812575,93,0,0,11107.083773805927,11107.083773805927,3702.361257935309,1.5,0.5531035763477746,0.2835176876720385,0.00039952199792776187,83.0,33.20000000000004,0.15173936808003874,3,2:funding_collapse|14:wildfire:alternative|17:wildfire:semiwild|23:heatwave:semiwild|27:funding_collapse|43:funding_collapse|53:wildfire:origin|58:heatwave:reserve,0.013663078837451577,0.06739593073073723,0.056510830240649755,0.008021889172577403,6.392351966844191e-05,0.0007138088469505408,0.0001385564357944066,44136fa355b3678a
S0,none,False,200172,0.125,0.0,1,0,0,0,3,1.0,1.0,31.0,56.20068935138104,0.4371780185687591,0.0,,,0,0,0,0.0,0.0,0.0,1.447545982084889,0.09129533020913638,0.00912953302091364,0.0004134667344639358,0.0,0.0,0.0,0,11:heatwave:alternative|30:heatwave:semiwild|44:heatwave:semiwild|84:flood:reserve,0.009920000000000007,0.06690697900598844,0.0,0.0,6.615467751422973e-05,0.0005288477477382038,0.0,44136fa355b3678a
S1,rule,False,200172,0.5,0.5,4,4,347,347,1,0.3333333333333333,1.0,18.0,422.84458280515605,0.7577204761287054,5.372085345285618,0.0,1.0,0,0,0,11151.441868448088,11151.44186844809,2787.860467112022,1.5,0.8409380048365606,0.38068885028014016,0.00026261864784292226,0.0,0.0,0.08937098171813965,2,11:heatwave:alternative|30:heatwave:semiwild|38:funding_collapse|44:heatwave:semiwild|55:funding_collapse|84:flood:reserve,0.01600000000000001,0.055175169107425565,0.0,0.0,4.201898365486755e-05,0.0010623357802141175,0.0,44136fa355b3678a
S2,rule,False,200172,0.375,0.125,3,1,38,0,3,1.0,1.0,30.333333333333332,76.44840168868676,0.5008928872483156,3.6649746192893407,0.0,1.0,0,0,0,11238.767963070444,11238.767963070444,11238.767963070444,1.5,0.18273575916572016,0.1199248260082687,0.00024976482103648053,56.5,22.600000000000005,0.04375751949401643,0,11:heatwave:alternative|30:heatwave:semiwild|38:funding_collapse|44:heatwave:semiwild|55:funding_collapse|84:flood:reserve,0.0051433402137411495,0.09047419457214753,0.030610733462094114,0.011222645645266722,3.9962371365836873e-05,0.0007065495964913879,0.0001391516423924699,44136fa355b3678a
S3,rule,False,200172,0.5,0.375,4,3,319,0,1,0.3333333333333333,1.0,18.0,167.48093427650613,0.606399118722817,2.9172634699364637,0.005089347826145302,0.9949106521738547,20,145,20,11153.986862980406,11153.986862980406,3717.9956209934685,1.5,0.4716711912811238,0.26006028636534567,0.00024644708040146533,41.25,16.500000000000007,0.07485266268934328,2,11:heatwave:alternative|30:heatwave:semiwild|38:funding_collapse|44:heatwave:semiwild|55:funding_collapse|84:flood:reserve,0.008121669030095644,0.0749728927689192,0.06055901385946155,0.007051949008049578,3.9431532864234456e-05,0.0006881382703596359,7.907508250863318e-05,44136fa355b3678a
S4,state_dependent_rule,False,200172,0.5,0.5,4,4,286,59,1,0.3333333333333333,1.0,18.0,220.63333958285799,0.6105113062168147,3.2005223369923645,0.012886221429914909,0.9871137785700851,165,0,0,11136.802400149938,11136.802400149936,2784.2006000374845,1.5,0.36885517008420304,0.3170447890308627,0.000556868664352359,164.5,65.79999999999995,0.11577024326259364,2,11:heatwave:alternative|30:heatwave:semiwild|38:funding_collapse|44:heatwave:semiwild|55:funding_collapse|84:flood:reserve,0.01192470198391258,0.0740386455387386,0.08395361283286278,0.018081531863665793,8.909898629637741e-05,0.0010585727732586702,0.00021223621822410418,44136fa355b3678a
S5,greedy_expected_utility,False,200172,0.625,0.5,5,4,466,99,1,0.3333333333333333,1.0,18.0,256.87904724016704,0.5801628061070874,2.672502193016973,0.04663594049388685,0.9533640595061131,214,0,0,11152.897294046052,11152.897294046052,2788.224323511513,1.5,0.342513121777349,0.31414030607143684,0.0004496431064508448,207.5,83.0,0.1408198598176609,2,11:heatwave:alternative|30:heatwave:semiwild|38:funding_collapse|44:heatwave:semiwild|55:funding_collapse|84:flood:reserve,0.010277462800261403,0.0741300509551853,0.10144752977745107,0.015709810257543005,7.194289703213516e-05,0.0009132436722436285,0.00022426141533703501,44136fa355b3678a
S6,rule,False,200172,0.75,0.75,6,6,995,995,1,0.3333333333333333,1.0,18.0,660.4740906430275,0.7794141179530478,5.350944190301367,0.0,1.0,0,0,0,11163.454527461978,11163.454527461981,1860.5757545769964,1.5,0.946229334564889,0.494880735766649,0.00026792934666950417,0.0,0.0,0.046241802035731985,2,11:heatwave:alternative|30:heatwave:semiwild|38:funding_collapse|44:heatwave:semiwild|55:funding_collapse|84:flood:reserve,0.01600000000000001,0.03347493435948088,0.0,0.0,4.286869546712066e-05,0.0010680789920044205,0.0,44136fa355b3678a
S7,forward_rollout_proxy,False,200172,0.625,0.625,5,5,727,697,0,0.0,0.0,,290.2395706524301,0.5775545468401145,3.2367015166075084,0.00562594973052359,0.9943740502694765,57,0,0,11123.627099813732,11123.627099813733,2224.7254199627464,1.5,0.6102987606751756,0.4081083476953838,0.00021783596582559834,60.5,24.200000000000014,0.16730728230895564,3,11:heatwave:alternative|30:heatwave:semiwild|38:funding_collapse|44:heatwave:semiwild|55:funding_collapse|84:flood:reserve,0.01388309368411025,0.05612510023009658,0.1586541150083802,0.011331877214851517,3.4853754532095725e-05,0.0008824538023784513,5.4993830698699105e-05,44136fa355b3678a
S0,none,False,200173,0.0,0.0,0,0,0,0,3,1.0,1.0,23.333333333333332,54.73062494899088,0.3364924548706352,0.0,,,0,0,0,0.0,0.0,0.0,1.252634403193622,0.05446400000000001,0.005446400000000001,0.0005373459423108395,0.0,0.0,0.0,0,8:wildfire:alternative|19:flood:origin|77:wildfire:reserve|91:heatwave:alternative,0.007840000000000007,0.061895199981979176,0.0,0.0,8.597535076973433e-05,0.00038636979661592406,0.0,44136fa355b3678a
S1,rule,False,200173,0.375,0.25,3,2,9,9,1,0.3333333333333333,1.0,19.0,120.97309343164812,0.7204469111233648,1.0,0.17686723767975526,0.8231327623202447,0,0,0,11177.57035681875,11177.57035681875,5588.785178409375,1.5,0.7019700412303598,0.20537634859327736,0.0005418457487568841,0.0,0.0,0.06339672235120684,2,8:wildfire:alternative|19:flood:origin|77:wildfire:reserve|91:heatwave:alternative,0.01600000000000001,0.09280891807577628,0.0,0.0,8.669531980110144e-05,0.0006574754810580254,0.0,44136fa355b3678a
S2,rule,False,200173,0.25,0.125,2,1,52,0,3,1.0,1.0,22.333333333333332,66.07621839204387,0.4619177782619917,2.7991718426501038,0.0,1.0,0,0,0,11355.69679864973,11355.69679864973,11355.69679864973,1.5,0.07172936356948766,0.09958785114045335,0.0004657238688348133,42.25,16.90000000000001,0.04086598178501776,0,8:wildfire:alternative|19:flood:origin|77:wildfire:reserve|91:heatwave:alternative,0.003453016812447256,0.0927033830588463,0.037592049155954044,0.01304941701598004,7.451581901357014e-05,0.0006306553446724919,8.841469482440759e-05,44136fa355b3678a
S3,rule,False,200173,0.375,0.375,3,3,385,0,1,0.3333333333333333,1.0,18.0,161.50752227192544,0.5300249162087528,2.7486459980677815,0.012877821216847189,0.9871221787831528,6,138,6,11256.44874703207,11256.44874703207,3752.149582344023,1.5,0.33658215183861584,0.24442564023787372,0.00041112639541958916,36.0,14.400000000000002,0.07265482536667152,2,8:wildfire:alternative|19:flood:origin|77:wildfire:reserve|91:heatwave:alternative,0.004004368799977972,0.07670256896246885,0.09579911471174025,0.010424265939310872,6.578022326713427e-05,0.0005997677448864206,8.00130017782062e-05,44136fa355b3678a
S4,state_dependent_rule,False,200173,0.5,0.25,4,2,240,6,1,0.3333333333333333,1.0,29.0,173.96598608736286,0.5901030944213902,3.553877350584248,0.00735018573123666,0.9926498142687633,159,0,0,11209.670398351982,11209.670398351982,5604.835199175991,1.5,0.25430077245483074,0.1951366087198774,0.0006061776422387828,166.5,66.59999999999998,0.1083387898427591,2,8:wildfire:alternative|19:flood:origin|77:wildfire:reserve|91:heatwave:alternative,0.010745165214045194,0.07662783511788357,0.08871921563117503,0.021859631180339182,9.698842275820527e-05,0.0011006304402074408,0.00031716336035744774,44136fa355b3678a
S5,greedy_expected_utility,False,200173,0.5,0.375,4,3,451,16,1,0.3333333333333333,1.0,13.0,216.03063823340025,0.5685086068378323,3.803725262506532,0.029260577016552214,0.9707394229834478,206,0,0,11215.494558772578,11215.494558772578,3738.498186257526,1.5,0.22753734334887968,0.25867542657029596,0.0005526815565027209,202.25,80.9,0.1456721980517133,2,8:wildfire:alternative|19:flood:origin|77:wildfire:reserve|91:heatwave:alternative,0.009337461501103601,0.07463381211040829,0.10546624131163383,0.014899494910398046,8.842904904043534e-05,0.0007829068694004609,0.0002590812769697299,44136fa355b3678a
S6,rule,False,200173,0.5,0.375,4,3,216,216,1,0.3333333333333333,1.0,21.0,232.7131118405626,0.7419133033351126,3.4142165173032755,0.0,1.0,0,0,0,11192.865674730556,11192.865674730558,3730.9552249101853,1.5,0.8371564230859332,0.2930905779055852,0.0005175214026674626,0.0,0.0,0.03241385211979547,2,8:wildfire:alternative|19:flood:origin|77:wildfire:reserve|91:heatwave:alternative,0.01600000000000001,0.07128853783170076,0.0,0.0,8.280342442679402e-05,0.0007153554087595335,0.0,44136fa355b3678a
S7,forward_rollout_proxy,False,200173,0.875,0.75,7,6,454,439,1,0.3333333333333333,1.0,19.0,220.81287321007557,0.47216744861992316,2.9313843800264867,0.005026288495970357,0.9949737115040297,64,0,0,11196.184246791907,11196.184246791909,1866.030707798651,1.5,0.4286052123035982,0.4505704547114378,0.0007142516347367607,73.75,29.50000000000002,0.20448044840406548,2,8:wildfire:alternative|19:flood:origin|77:wildfire:reserve|91:heatwave:alternative,0.012982042240196882,0.05969773753560717,0.24588089584619768,0.02125984858211568,0.0001142802615578817,0.0010370429511160548,9.98619784002183e-05,44136fa355b3678a
S0,none,False,200174,0.0,0.0,0,0,0,0,3,1.0,1.0,30.0,52.86807249923817,0.3163871026681029,0.0,,,0,0,0,0.0,0.0,0.0,1.3263815635825362,0.1913,0.01913,0.0001865244623083562,0.0,0.0,0.0,0,8:wildfire:semiwild|15:heatwave:reserve|23:flood:reserve|28:flood:origin|93:wildfire:reserve,0.007200000000000005,0.04949927011826089,0.0,0.0,2.9843913969336993e-05,0.00038378329966699945,0.0,44136fa355b3678a
S1,rule,False,200174,0.5,0.25,4,2,4,4,0,0.0,0.0,,168.7406989183549,0.7274607622705567,1.5,0.032604839999999996,0.96739516,0,0,0,11113.219677912763,11113.219677912763,5556.609838956381,1.5,0.7382286355115913,0.2151749828148986,0.00016410705252320777,0.0,0.0,0.06926059631869741,3,8:funding_collapse|8:wildfire:semiwild|15:heatwave:reserve|23:flood:reserve|28:flood:origin|52:funding_collapse|64:funding_collapse|93:wildfire:reserve,0.01600000000000001,0.08576950897570018,0.0,0.0,2.6257128403713243e-05,0.00074347162533955,0.0,44136fa355b3678a
S2,rule,False,200174,0.25,0.125,2,1,33,0,2,0.6666666666666666,1.0,29.5,77.78170775234364,0.4911394604227267,1.9551166965888689,0.001691560809504155,0.9983084391904958,0,0,0,11199.510593819408,11199.51059381941,11199.510593819408,1.5,0.2375913104544534,0.10925097205375177,7.7720207253886e-05,44.25,17.70000000000001,0.04845337021208869,1,8:funding_collapse|8:wildfire:semiwild|15:heatwave:reserve|23:flood:reserve|28:flood:origin|52:funding_collapse|64:funding_collapse|93:wildfire:reserve,0.004650551422475603,0.09130574801086,0.02986405249486159,0.012639040269943613,1.2435233160621761e-05,0.0007309439508279537,0.00010304616870194093,44136fa355b3678a
S3,rule,False,200174,0.375,0.125,3,1,93,0,1,0.3333333333333333,1.0,32.0,103.102026309875,0.5976983647004301,3.1190046880634688,0.0,1.0,6,97,6,11109.979714776731,11109.979714776731,11109.979714776731,1.5,0.4022093806304537,0.13781408719551663,0.0007976295707862882,25.75,10.3,0.05076551125918275,2,8:funding_collapse|8:wildfire:semiwild|15:heatwave:reserve|23:flood:reserve|28:flood:origin|52:funding_collapse|64:funding_collapse|93:wildfire:reserve,0.005522341769409614,0.07565782279550695,0.035526278333686705,0.011097395538998838,0.00012762073132580615,0.0007098302387306684,7.921347991435598e-05,44136fa355b3678a
S4,state_dependent_rule,False,200174,0.375,0.25,3,2,418,183,0,0.0,0.0,,149.3112098755811,0.5996124247866015,1.9823800796732662,0.006946015390146215,0.9930539846098538,152,0,0,11107.90859404744,11107.90859404744,5553.95429702372,1.5,0.32216284909680787,0.181199757366027,0.0004271919756897735,154.75,61.89999999999996,0.08329835829806767,3,8:funding_collapse|8:wildfire:semiwild|15:heatwave:reserve|23:flood:reserve|28:flood:origin|52:funding_collapse|64:funding_collapse|93:wildfire:reserve,0.006881690569137391,0.07609677527102837,0.049961178891353715,0.008990939384302002,6.835071611036376e-05,0.0007917779249230519,0.000402260717030605,44136fa355b3678a
S5,greedy_expected_utility,False,200174,0.375,0.25,3,2,345,200,0,0.0,0.0,,146.49799109206728,0.6240023756333057,1.9487551712973512,0.046864715540862835,0.9531352844591372,277,0,0,11119.328490993674,11119.328490993674,5559.664245496837,1.5,0.3061997277402689,0.18313597323687075,0.0005632847733631897,173.75,69.50000000000001,0.10264224374935174,3,8:funding_collapse|8:wildfire:semiwild|15:heatwave:reserve|23:flood:reserve|28:flood:origin|52:funding_collapse|64:funding_collapse|93:wildfire:reserve,0.008186009449965604,0.074338475367502,0.03287139483215455,0.007735506152736029,9.012556373811037e-05,0.0007211657695522542,0.0004552231846101755,44136fa355b3678a
S6,rule,False,200174,0.625,0.5,5,4,312,312,0,0.0,0.0,,304.98912247846704,0.7499151841985708,3.8697936739994496,0.0,1.0,0,0,0,11130.73474539228,11130.734745392281,2782.68368634807,1.5,0.8384567573385296,0.3557024364585574,0.00013484452194129613,0.0,0.0,0.04079411992354965,3,8:funding_collapse|8:wildfire:semiwild|15:heatwave:reserve|23:flood:reserve|28:flood:origin|52:funding_collapse|64:funding_collapse|93:wildfire:reserve,0.01600000000000001,0.06316479053461678,0.0,0.0,2.157512351060738e-05,0.0008984501433018204,0.0,44136fa355b3678a
S7,forward_rollout_proxy,False,200174,0.375,0.375,3,3,560,560,0,0.0,0.0,,252.88363859216545,0.7355927629292293,2.312575612405951,0.005809970418817188,0.9941900295811829,46,0,0,11062.807155882761,11062.807155882761,3687.602385294254,1.5,0.462199533358818,0.2621293224253988,0.0002385624076660075,37.75,15.099999999999998,0.12016806482728742,3,8:funding_collapse|8:wildfire:semiwild|15:heatwave:reserve|23:flood:reserve|28:flood:origin|52:funding_collapse|64:funding_collapse|93:wildfire:reserve,0.01691228888592026,0.056641034768987915,0.00015233075843297048,0.00015526296585356822,3.81699852265612e-05,0.0006462075243282667,0.0001367757731574817,44136fa355b3678a
S0,none,False,200175,0.0,0.0,0,0,0,0,3,1.0,1.0,25.666666666666668,57.41552855868668,0.3514005346450933,0.0,,,0,0,0,0.0,0.0,0.0,1.4184623374314602,0.08498285615039626,0.008498285615039626,8.160058027079304e-05,0.0,0.0,0.0,0,32:flood:semiwild|36:flood:alternative|68:flood:reserve|97:flood:semiwild,0.007840000000000007,0.04698823782503697,0.0,0.0,1.3056092843326885e-05,0.0004581714370265449,0.0,44136fa355b3678a
S1,rule,False,200175,0.625,0.5,5,4,375,375,1,0.3333333333333333,1.0,45.0,442.90993761230163,0.7572282855824075,5.2979133939313305,0.0,1.0,0,0,0,11148.22047234459,11148.220472344594,2787.0551180861476,1.5,0.8725579422540375,0.3839608001525156,0.00013216969959968576,0.0,0.0,0.09362935993899277,2,32:flood:semiwild|35:funding_collapse|36:flood:alternative|40:funding_collapse|68:flood:reserve|92:funding_collapse|97:flood:semiwild,0.01600000000000001,0.05565897022902957,0.0,0.0,2.114715193594972e-05,0.0010915970366271622,0.0,44136fa355b3678a
S2,rule,False,200175,0.375,0.125,3,1,26,0,3,1.0,1.0,36.0,77.87214158868039,0.47900005560935477,2.9911504424778763,0.0,1.0,0,0,0,11266.945086442436,11266.945086442436,11266.945086442436,1.5,0.1852512032950936,0.11469719254098046,7.992015217375581e-05,49.5,19.800000000000008,0.050052838933461644,0,32:flood:semiwild|35:funding_collapse|36:flood:alternative|40:funding_collapse|68:flood:reserve|92:funding_collapse|97:flood:semiwild,0.0047735712184119004,0.09183195240105109,0.04372979323943116,0.011578820522832418,1.278722434780093e-05,0.0007355028565479828,0.00010717585331356387,44136fa355b3678a
S3,rule,False,200175,0.5,0.375,4,3,233,0,2,0.6666666666666666,1.0,22.0,170.37024060176577,0.6175093453506362,2.786856455069065,0.003942544676204393,0.9960574553237956,42,144,42,11129.021969069248,11129.02196906925,3709.6739896897493,1.5,0.4726579043730035,0.2589091696361666,7.628456950444396e-05,46.5,18.6,0.07512407324087808,1,32:flood:semiwild|35:funding_collapse|36:flood:alternative|40:funding_collapse|68:flood:reserve|92:funding_collapse|97:flood:semiwild,0.007746170287926662,0.07542630551478088,0.04132655038806494,0.007515206046495712,1.2205531120711033e-05,0.0007623629885095492,9.591299145979308e-05,44136fa355b3678a
S4,state_dependent_rule,False,200175,0.625,0.25,5,2,238,12,3,1.0,1.0,29.666666666666668,199.47354206955947,0.6322405774165127,3.3755389102011266,0.005252639029061698,0.9947473609709383,198,0,0,11156.020503731588,11156.020503731586,5578.010251865794,1.5,0.3716074717637608,0.20335782772969485,0.0001576170671493885,186.25,74.5,0.09970845725653743,0,32:flood:semiwild|35:funding_collapse|36:flood:alternative|40:funding_collapse|68:flood:reserve|92:funding_collapse|97:flood:semiwild,0.010210174604899015,0.07757122402729515,0.047964237629989304,0.012787606065882376,2.5218730743902158e-05,0.0008432342496905737,0.0003068430433433999,44136fa355b3678a
S5,greedy_expected_utility,False,200175,0.625,0.375,5,3,357,3,1,0.3333333333333333,1.0,33.0,243.28552330737747,0.5835383683778288,2.8163649229691035,0.03832604827476098,0.9616739517252391,129,0,0,11167.975576760282,11167.97557676028,3722.658525586761,1.5,0.3451199443074926,0.25997424418359283,0.00029444971584906206,209.0,83.60000000000001,0.14274300261576264,2,32:flood:semiwild|35:funding_collapse|36:flood:alternative|40:funding_collapse|68:flood:reserve|92:funding_collapse|97:flood:semiwild,0.009605838143978708,0.07518512470046264,0.09169011333378366,0.015246880593417394,4.711195453584993e-05,0.0008229134680851773,0.00023941697317862823,44136fa355b3678a
S6,rule,False,200175,0.75,0.75,6,6,907,907,1,0.3333333333333333,1.0,31.0,663.9953853091819,0.7795343875798426,4.880482290132471,0.0005206349206349206,0.9994793650793651,0,0,0,11158.567600470396,11158.567600470396,1859.761266745066,1.5,0.9599362247658586,0.4915075474715026,0.00013334417775207248,0.0,0.0,0.04604551046796002,2,32:flood:semiwild|35:funding_collapse|36:flood:alternative|40:funding_collapse|68:flood:reserve|92:funding_collapse|97:flood:semiwild,0.01600000000000001,0.033437065019287227,0.0,0.0,2.13350684403316e-05,0.0010072123324297777,0.0,44136fa355b3678a
S7,forward_rollout_proxy,False,200175,0.75,0.75,6,6,606,604,2,0.6666666666666666,1.0,17.0,266.2994450356697,0.5771672452901891,2.9840030043020014,0.0003290463534501526,0.9996709536465499,76,0,0,11125.538375249216,11125.538375249216,1854.2563958748694,1.5,0.6126641147726134,0.46604892322273334,0.00028660138236976816,83.5,33.400000000000034,0.18721240851225984,1,32:flood:semiwild|35:funding_collapse|36:flood:alternative|40:funding_collapse|68:flood:reserve|92:funding_collapse|97:flood:semiwild,0.01386961795275983,0.05874331130419385,0.15079682973405834,0.016433137402091604,4.5856221179162905e-05,0.0010817939458728665,7.94750223629787e-05,44136fa355b3678a
S0,none,False,200176,0.125,0.0,1,0,0,0,3,1.0,1.0,34.0,59.6751832976295,0.3642470995089716,0.0,,,0,0,0,0.0,0.0,0.0,1.4808906075320687,0.11389066666666653,0.011389066666666654,0.0003708694858165979,0.0,0.0,0.0,0,53:heatwave:alternative|56:flood:semiwild|57:wildfire:alternative|59:flood:semiwild,0.008160000000000006,0.05039409733791939,0.0,0.0,5.933911773065567e-05,0.0004394640353784127,0.0,44136fa355b3678a
S1,rule,False,200176,0.75,0.75,6,6,376,376,0,0.0,0.0,,451.9030574272331,0.7561370316485025,3.856261533227382,0.02494588933866666,0.9750541106613333,0,0,0,11125.309650975134,11125.309650975134,1854.2182751625223,1.5,0.8644826084255138,0.4854811097450865,0.0003616642072027586,0.0,0.0,0.1148511678513062,3,4:funding_collapse|8:funding_collapse|53:heatwave:alternative|56:flood:semiwild|57:wildfire:alternative|59:flood:semiwild|92:funding_collapse|96:funding_collapse,0.01600000000000001,0.05685189597053715,0.0,0.0,5.786627315244139e-05,0.0009532061078077681,0.0,44136fa355b3678a
S2,rule,False,200176,0.375,0.25,3,2,58,0,2,0.6666666666666666,1.0,24.5,86.73744574242738,0.46914127404128725,2.7308176100628936,0.0,1.0,0,0,0,11209.116298282423,11209.116298282423,5604.558149141211,1.5,0.20081069049163672,0.1727129661531728,0.0007326985231898295,66.5,26.599999999999998,0.06411860501690095,1,4:funding_collapse|8:funding_collapse|53:heatwave:alternative|56:flood:semiwild|57:wildfire:alternative|59:flood:semiwild|92:funding_collapse|96:funding_collapse,0.0047767044089590885,0.09168354244512025,0.0552264522082375,0.011404062275205407,0.00011723176371037271,0.0007698584008592435,0.00015825369266195057,44136fa355b3678a
S3,rule,False,200176,0.5,0.375,4,3,293,0,2,0.6666666666666666,1.0,21.0,161.786650383264,0.6191976530027258,2.3212842289698536,0.10250328233927508,0.8974967176607249,40,150,40,11094.282131743228,11094.282131743228,3698.094043914409,1.5,0.48702166013465087,0.25658732575396986,0.0004520292207852576,47.5,19.000000000000007,0.07961158725403106,1,4:funding_collapse|8:funding_collapse|53:heatwave:alternative|56:flood:semiwild|57:wildfire:alternative|59:flood:semiwild|92:funding_collapse|96:funding_collapse,0.007954072516824178,0.0758513122584977,0.04301379945541191,0.007601080352143832,7.232467532564123e-05,0.0008093788010309652,0.0001172621562190777,44136fa355b3678a
S4,state_dependent_rule,False,200176,0.5,0.5,4,4,345,293,2,0.6666666666666666,1.0,17.0,175.52514741502247,0.6614919647498351,2.2156077818137536,0.055206864256474586,0.9447931357435254,184,0,0,11097.739505359898,11097.739505359898,2774.4348763399744,1.5,0.3861834969696272,0.30869703343810434,0.00047502263054894587,130.75,52.29999999999998,0.11461302961502062,1,4:funding_collapse|8:funding_collapse|53:heatwave:alternative|56:flood:semiwild|57:wildfire:alternative|59:flood:semiwild|92:funding_collapse|96:funding_collapse,0.01300166491480238,0.07053476228087371,0.055437191777260635,0.008786212066292652,7.600362088783133e-05,0.0007163545846881981,0.0002865275388626864,44136fa355b3678a
S5,greedy_expected_utility,False,200176,0.5,0.5,4,4,563,302,2,0.6666666666666666,1.0,27.5,231.79717757366117,0.6088683920584732,2.76361430317936,0.01033280597868716,0.9896671940213129,338,0,0,11124.445417218782,11124.445417218782,2781.1113543046954,1.5,0.3601898640413759,0.3152850360270734,0.0007809788011096014,203.5,81.4,0.13314953295571114,1,4:funding_collapse|8:funding_collapse|53:heatwave:alternative|56:flood:semiwild|57:wildfire:alternative|59:flood:semiwild|92:funding_collapse|96:funding_collapse,0.0115759162283313,0.0739683491142632,0.07987066695708273,0.02067513788807174,0.00012495660817753618,0.0010681659947183338,0.00025377252420895677,44136fa355b3678a
S6,rule,False,200176,0.75,0.75,6,6,1068,1068,1,0.3333333333333333,1.0,15.0,669.1518710876153,0.7786218219039572,5.672276560762651,0.0,1.0,0,0,0,11135.179018880115,11135.179018880117,1855.8631698133524,1.5,0.958981970636975,0.4991074151482527,0.00035894448064225455,0.0,0.0,0.044932262384643235,2,4:funding_collapse|8:funding_collapse|53:heatwave:alternative|56:flood:semiwild|57:wildfire:alternative|59:flood:semiwild|92:funding_collapse|96:funding_collapse,0.01600000000000001,0.034326219547410226,0.0,0.0,5.743111690276072e-05,0.0009945274317300018,0.0,44136fa355b3678a
S7,forward_rollout_proxy,False,200176,0.75,0.5,6,4,748,748,0,0.0,0.0,,262.1441446338301,0.6297154469250904,3.566557381794817,0.00017353488372093024,0.999826465116279,28,0,0,11090.536092823406,11090.536092823408,2772.6340232058515,1.5,0.6146582929893063,0.35102747605191037,0.00037585157863622646,57.25,22.900000000000013,0.14448036467515785,3,4:funding_collapse|8:funding_collapse|53:heatwave:alternative|56:flood:semiwild|57:wildfire:alternative|59:flood:semiwild|92:funding_collapse|96:funding_collapse,0.014403438380948118,0.05424031759187826,0.10848337962170997,0.013189332517627193,6.013625258179623e-05,0.0010978485096943811,7.122343397346352e-05,44136fa355b3678a
S0,none,False,200177,0.25,0.0,2,0,0,0,3,1.0,1.0,33.333333333333336,52.71919426903312,0.40453974085905636,0.0,,,0,0,0,0.0,0.0,0.0,1.5,0.24796666666666647,0.024796666666666647,0.0002859973740184635,0.0,0.0,0.0,0,10:wildfire:semiwild,0.009120000000000007,0.05903146139162683,0.0,0.0,4.575957984295417e-05,0.00036303816947381946,0.0,44136fa355b3678a
S1,rule,False,200177,0.625,0.5,5,4,354,354,1,0.3333333333333333,1.0,22.0,394.6741761129602,0.7579756047331303,5.475704787538584,0.0,1.0,0,0,0,11186.708632971126,11186.708632971127,2796.6771582427814,1.5,0.8738280515547131,0.38624121744737433,0.00022251231506288104,0.0,0.0,0.09550682208258594,2,2:funding_collapse|10:wildfire:semiwild|58:funding_collapse,0.01600000000000001,0.05500946450578107,0.0,0.0,3.560197041006097e-05,0.0009793287906784032,0.0,44136fa355b3678a
S2,rule,False,200177,0.125,0.125,1,1,50,0,2,0.6666666666666666,1.0,31.5,74.52334164530227,0.49406759614976936,3.4818941504178267,0.0,1.0,0,0,0,11246.283125980628,11246.283125980628,11246.283125980628,1.5,0.35593098467608114,0.13436134033076158,0.0010351226111904525,56.0,22.40000000000001,0.03849650179487602,1,2:funding_collapse|10:wildfire:semiwild|58:funding_collapse,0.005099950964642559,0.08876943781590133,0.037183449089053536,0.012841943865679033,0.00016561961779047236,0.0008097425990609576,0.000157023947604479,44136fa355b3678a
S3,rule,False,200177,0.625,0.375,5,3,439,0,1,0.3333333333333333,1.0,34.0,190.11711789308046,0.5965259569024485,3.5899732022245687,0.0013838867407411526,0.9986161132592588,33,226,33,11163.111556466787,11163.111556466787,3721.037185488929,1.5,0.6452541557792606,0.2836867050936992,0.0003738337223245815,64.75,25.9,0.07255778746763725,2,2:funding_collapse|10:wildfire:semiwild|58:funding_collapse,0.008158859518270948,0.07689682832917631,0.06728047975339634,0.006588285703365047,5.981339557193304e-05,0.0007428111820062127,0.00011083593459504764,44136fa355b3678a
S4,state_dependent_rule,False,200177,0.625,0.5,5,4,719,508,1,0.3333333333333333,1.0,30.0,248.31712615783124,0.5910752088797484,3.052117696684916,0.006043231885475148,0.9939567681145248,246,0,0,11174.853450144226,11174.853450144226,2793.7133625360566,1.5,0.5429827977504751,0.3347080777799195,0.000394677126187948,157.75,63.09999999999996,0.12444310519011409,2,2:funding_collapse|10:wildfire:semiwild|58:funding_collapse,0.012489898684606739,0.06886429984734153,0.11276538496634192,0.019555329864198775,6.31483401900717e-05,0.0010171039224439746,0.00017206180040604688,44136fa355b3678a
S5,greedy_expected_utility,False,200177,0.625,0.375,5,3,558,309,1,0.3333333333333333,1.0,19.0,269.9142773817928,0.6081033105946165,4.485037767890241,0.0011981057617494013,0.9988018942382506,321,0,0,11187.490760049062,11187.490760049062,3729.1635866830206,1.5,0.5164664449078449,0.2893018052509744,0.000583997136518547,196.75,78.7,0.12027391540643738,2,2:funding_collapse|10:wildfire:semiwild|58:funding_collapse,0.010504869934899972,0.07165076088189924,0.07491545596224061,0.01661835089784728,9.343954184296752e-05,0.000959164960495514,0.0002012950984226576,44136fa355b3678a
S6,rule,False,200177,0.875,0.875,7,7,1075,1075,0,0.0,0.0,,698.0276130753222,0.7789696829050159,4.532143543342281,0.0014810130945630833,0.998518986905437,0,0,0,11196.608024650573,11196.608024650575,1599.5154320929391,1.5,0.9614882740724097,0.5455358706070463,0.0002233729644006247,0.0,0.0,0.05157803883191284,3,2:funding_collapse|10:wildfire:semiwild|58:funding_collapse,0.01600000000000001,0.03396855447297067,0.0,0.0,3.573967430409996e-05,0.0010260229477093105,0.0,44136fa355b3678a
S7,forward_rollout_proxy,False,200177,0.625,0.625,5,5,1200,1200,1,0.3333333333333333,1.0,18.0,308.83504571040646,0.5782946064283568,4.2717519824221535,0.001420653746415291,0.9985793462535847,45,0,0,11168.941561542117,11168.941561542117,2233.7883123084234,1.5,0.7392144394590513,0.4290943110626305,0.00038459499961470756,65.75,26.30000000000002,0.15602673646251883,2,2:funding_collapse|10:wildfire:semiwild|58:funding_collapse,0.014180991883426863,0.04908572438230215,0.15905480481856477,0.016867151268056203,6.153519993835321e-05,0.0010908964357380902,6.347031111849312e-05,44136fa355b3678a
S0,none,False,200178,0.125,0.0,1,0,0,0,3,1.0,1.0,32.333333333333336,73.1558467107048,0.41741368971656956,0.0,,,0,0,0,0.0,0.0,0.0,1.5,0.24796666666666647,0.024796666666666647,0.00021063047780605032,0.0,0.0,0.0,0,47:heatwave:semiwild|53:flood:semiwild,0.009440000000000007,0.06224008856856412,0.0,0.0,3.3700876448968054e-05,0.0005725208384173202,0.0,44136fa355b3678a
S1,rule,False,200178,0.75,0.625,6,5,415,415,0,0.0,0.0,,471.1595570458814,0.7563068697435584,4.841840003387873,5.760284332131815e-05,0.9999423971566787,0,0,0,11150.136844523477,11150.136844523477,2230.0273689046953,1.5,0.8726211825359407,0.4394597285107231,0.0002755249270798738,0.0,0.0,0.11264605111625157,3,33:funding_collapse|47:heatwave:semiwild|53:flood:semiwild|66:funding_collapse|96:funding_collapse,0.01600000000000001,0.05673316777161212,0.0,0.0,4.408398833277981e-05,0.0009158784964966677,0.0,44136fa355b3678a
S2,rule,False,200178,0.125,0.125,1,1,56,0,3,1.0,1.0,33.0,83.89266582327569,0.48841483530605784,3.515695067264574,0.0,1.0,0,0,0,11244.707515465596,11244.707515465596,11244.707515465596,1.5,0.35591585881513677,0.13486577738428568,0.0001310743367480956,54.0,21.60000000000001,0.03933620415063127,0,33:funding_collapse|47:heatwave:semiwild|53:flood:semiwild|66:funding_collapse|96:funding_collapse,0.004756966369175639,0.0895057580218278,0.036748937155254596,0.012508525232652659,2.09718938796953e-05,0.000745615001932101,0.00012474921242439744,44136fa355b3678a
S3,rule,False,200178,0.375,0.375,3,3,265,0,2,0.6666666666666666,1.0,25.5,178.43162867372953,0.6201103196188931,3.45960157713605,0.010113681330745417,0.9898863186692546,41,148,41,11129.171446462384,11129.171446462384,3709.7238154874613,1.5,0.6435435742350387,0.2816952102411528,0.00015221358713381395,47.25,18.900000000000002,0.06997418523144204,1,33:funding_collapse|47:heatwave:semiwild|53:flood:semiwild|66:funding_collapse|96:funding_collapse,0.00831286893915691,0.07572044882129277,0.04787549415426191,0.006236333004074395,2.4354173941410237e-05,0.0006390871815071525,0.00010849546477067488,44136fa355b3678a
S4,state_dependent_rule,False,200178,0.625,0.5,5,4,714,566,2,0.6666666666666666,1.0,30.5,256.54943982765155,0.5915701842507775,3.576251266109656,0.01195809131315757,0.9880419086868424,299,0,0,11136.993155049971,11136.993155049971,2784.248288762493,1.5,0.5419832859599869,0.3424079838713663,0.0003545245399919295,160.0,63.999999999999986,0.13723571307135515,1,33:funding_collapse|47:heatwave:semiwild|53:flood:semiwild|66:funding_collapse|96:funding_collapse,0.012620337462199751,0.06993534924354008,0.11540117325987044,0.01688237181960438,5.672392639870873e-05,0.0009079505832128536,0.00019025515378649272,44136fa355b3678a
S5,greedy_expected_utility,False,200178,0.625,0.375,5,3,637,459,1,0.3333333333333333,1.0,36.0,244.2797436906262,0.6289107793777703,4.80576151280306,0.008201133786046297,0.9917988662139537,361,0,0,11150.696328677603,11150.6963286776,3716.8987762258676,1.5,0.51558337855493,0.2963609646987423,0.00021060094487358863,206.25,82.49999999999999,0.13997505857609355,2,33:funding_collapse|47:heatwave:semiwild|53:flood:semiwild|66:funding_collapse|96:funding_collapse,0.01124903939404547,0.07315086161648407,0.06897801073755919,0.008739625668209948,3.369615117977418e-05,0.0006159806344457433,0.0002782210892953326,44136fa355b3678a
S6,rule,False,200178,0.875,0.75,7,6,984,984,0,0.0,0.0,,686.6504717748013,0.7794830475342774,4.98945895727133,0.0,1.0,0,0,0,11160.037883878664,11160.037883878666,1860.0063139797774,1.5,0.9596079359999998,0.49308375846089003,0.00026194432904029914,0.0,0.0,0.048641876440883684,3,33:funding_collapse|47:heatwave:semiwild|53:flood:semiwild|66:funding_collapse|96:funding_collapse,0.01600000000000001,0.03344830289776823,0.0,0.0,4.1911092646447865e-05,0.0010267384753079418,0.0,44136fa355b3678a
S7,forward_rollout_proxy,False,200178,0.5,0.5,4,4,824,824,1,0.3333333333333333,1.0,45.0,286.8112433037184,0.6164548313148965,4.2314212522501995,0.00928677823905178,0.9907132217609482,30,0,0,11121.37815144928,11121.37815144928,2780.34453786232,1.5,0.7382156078471018,0.3703135437393358,0.0001751378823337596,60.0,24.000000000000007,0.14588885216061803,2,33:funding_collapse|47:heatwave:semiwild|53:flood:semiwild|66:funding_collapse|96:funding_collapse,0.014276792742226535,0.05181794549777104,0.12424557455172057,0.012886467215366784,2.8022061173401533e-05,0.0010151050696812004,6.699431284062126e-05,44136fa355b3678a
S0,none,False,200179,0.375,0.0,3,0,0,0,3,1.0,1.0,32.666666666666664,60.443973986100055,0.3704168666674499,0.0,,,0,0,0,0.0,0.0,0.0,1.5,0.1913,0.01913,0.0004654166230525282,0.0,0.0,0.0,0,54:wildfire:semiwild|75:heatwave:reserve|86:flood:semiwild,0.008320000000000006,0.05246905891884323,0.0,0.0,7.44666596884045e-05,0.00031960775401861937,0.0,44136fa355b3678a
S1,rule,False,200179,0.75,0.5,6,4,321,321,0,0.0,0.0,,435.2706723235533,0.7581386440225623,5.408066198344225,0.0,1.0,0,0,0,11247.348704248641,11247.348704248641,2811.8371760621603,1.5,0.8215714893304745,0.3829090101070646,0.0005138953756798182,0.0,0.0,0.10835599595287437,3,54:wildfire:semiwild|75:heatwave:reserve|86:flood:semiwild,0.01600000000000001,0.05489168264616298,0.0,0.0,8.222326010877092e-05,0.0008874500711659016,0.0,44136fa355b3678a
S2,rule,False,200179,0.375,0.125,3,1,42,0,2,0.6666666666666666,1.0,22.5,88.95371473786066,0.4947122769958239,3.11660777385159,0.0,1.0,0,0,0,11340.53866122847,11340.53866122847,11340.53866122847,1.5,0.2392724865713962,0.1205842171422423,0.0003816762862471057,65.25,26.100000000000005,0.0462044537329339,1,54:wildfire:semiwild|75:heatwave:reserve|86:flood:semiwild,0.005233704661346478,0.09053376742418032,0.03690692341009338,0.011206733586481755,6.106820579953692e-05,0.0006907246309380987,0.00014331938558555075,44136fa355b3678a
S3,rule,False,200179,0.5,0.375,4,3,377,0,1,0.3333333333333333,1.0,12.0,203.46547658652983,0.6187784424288395,3.233763365509574,0.003567843492025566,0.9964321565079745,36,204,36,11245.495484422574,11245.495484422574,3748.498494807525,1.5,0.5318429545051684,0.2700914630905969,0.0008824506726724057,60.0,24.0,0.07909766992492152,2,54:wildfire:semiwild|75:heatwave:reserve|86:flood:semiwild,0.008438271437234355,0.07737776133638999,0.04654248033230864,0.006343575386006157,0.00014119210762758493,0.000747613083221292,0.00010529641167707899,44136fa355b3678a
S4,state_dependent_rule,False,200179,0.5,0.25,4,2,367,241,1,0.3333333333333333,1.0,21.0,157.5916575122576,0.6806056622037014,2.43361944926664,0.03400795059445735,0.9659920494055426,244,0,0,11217.55296425379,11217.55296425379,5608.776482126895,1.5,0.4265467136799035,0.20108990826753909,0.0010814247362002558,154.5,61.799999999999955,0.10799521203441162,2,54:wildfire:semiwild|75:heatwave:reserve|86:flood:semiwild,0.011923741078550563,0.07570212454208575,0.01750534992059717,0.005769357058799214,0.00017302795779204093,0.0006008892163879057,0.0004765819130893524,44136fa355b3678a
S5,greedy_expected_utility,False,200179,0.375,0.25,3,2,357,210,0,0.0,0.0,,192.11605903459912,0.6539734705009692,3.9518341476236483,0.006548087596679268,0.9934519124033208,358,0,0,11221.462643201296,11221.462643201296,5610.731321600648,1.5,0.3997184188604348,0.21328282012211663,0.0006615371706931036,210.5,84.19999999999999,0.10646318379918339,3,54:wildfire:semiwild|75:heatwave:reserve|86:flood:semiwild,0.010685144387383976,0.07647608387637113,0.03086753790567588,0.006321523411702102,0.00010584594731089657,0.0005951507946275289,0.000380749609618135,44136fa355b3678a
S6,rule,False,200179,0.625,0.625,5,5,915,915,0,0.0,0.0,,647.9670042882193,0.780177082142812,5.758408665966323,0.0,1.0,0,0,0,11257.357186533314,11257.357186533316,2251.4714373066627,1.5,0.93482838209027,0.44081738033235396,0.00044375271172216493,0.0,0.0,0.04250227731831878,3,54:wildfire:semiwild|75:heatwave:reserve|86:flood:semiwild,0.01600000000000001,0.03277056807931101,0.0,0.0,7.10004338755464e-05,0.0009813493440019834,0.0,44136fa355b3678a
S7,forward_rollout_proxy,False,200179,0.875,0.875,7,7,846,846,1,0.3333333333333333,1.0,16.0,354.1790050614711,0.6646794861930643,3.3362078347143584,0.0016122412391288564,0.9983877587608712,170,0,0,11223.74806581615,11223.74806581615,1603.3925808308784,1.5,0.6379033327131792,0.5342583769561356,0.0005234889861162338,101.25,40.50000000000005,0.21677982668837054,2,54:wildfire:semiwild|75:heatwave:reserve|86:flood:semiwild,0.014871226350347613,0.060052148524196276,0.07056267828622625,0.00759574617674456,8.375823777859745e-05,0.0007230784682560259,8.886625883674476e-05,44136fa355b3678a
S0,none,False,200180,0.0,0.0,0,0,0,0,3,1.0,1.0,27.0,70.76928486673847,0.33612793953110903,0.0,,,0,0,0,0.0,0.0,0.0,1.339947777838406,0.05000000000000001,0.005000000000000001,0.00017670696217061664,0.0,0.0,0.0,0,32:wildfire:alternative|36:flood:reserve|45:heatwave:origin|82:wildfire:reserve|100:flood:alternative,0.007520000000000006,0.04604548537794015,0.0,0.0,2.8273113947298657e-05,0.00037830197700357043,0.0,44136fa355b3678a
S1,rule,False,200180,0.625,0.125,5,1,7,7,0,0.0,0.0,,239.7880988137293,0.7356953685382684,2.882352941176471,0.0,1.0,0,0,0,11176.918002720238,11176.918002720238,11176.918002720238,1.5,0.6280442216990006,0.16467480208206156,0.00012280701754385965,0.0,0.0,0.08398425250198388,3,32:wildfire:alternative|36:flood:reserve|37:funding_collapse|42:funding_collapse|45:heatwave:origin|82:wildfire:reserve|100:flood:alternative,0.01600000000000001,0.0773974433531987,0.0,0.0,1.9649122807017544e-05,0.0008875389857257254,0.0,44136fa355b3678a
S2,rule,False,200180,0.25,0.125,2,1,40,0,1,0.3333333333333333,1.0,18.0,88.2116465508921,0.49312760750885665,2.572347266881029,0.0,1.0,0,0,0,11236.72968956324,11236.72968956324,11236.72968956324,1.5,0.05000000000000001,0.09630899070792566,0.00012441937624419378,54.25,21.700000000000003,0.046677590195576796,2,32:wildfire:alternative|36:flood:reserve|37:funding_collapse|42:funding_collapse|45:heatwave:origin|82:wildfire:reserve|100:flood:alternative,0.005108150342277169,0.08990125508847963,0.03840975784201548,0.011229047982775799,1.9907100199071e-05,0.0006924680075885847,0.00013803390840681377,44136fa355b3678a
S3,rule,False,200180,0.375,0.375,3,3,299,0,0,0.0,0.0,,181.850797890747,0.599079672879514,3.1949727509456523,0.0014800888270572615,0.9985199111729427,14,132,14,11152.234900898307,11152.234900898307,3717.4116336327693,1.5,0.23933703853538488,0.2397219878980319,0.0002716701397744141,36.5,14.599999999999994,0.07544278267518446,3,32:wildfire:alternative|36:flood:reserve|37:funding_collapse|42:funding_collapse|45:heatwave:origin|82:wildfire:reserve|100:flood:alternative,0.007297267675814889,0.07651667585236718,0.05552539076589587,0.0073214907084025015,4.3467222363906255e-05,0.000691599652633446,7.439292806187158e-05,44136fa355b3678a
S4,state_dependent_rule,False,200180,0.75,0.25,6,2,215,0,0,0.0,0.0,,157.57011927107965,0.6084755209166319,3.757471245294901,0.0010252966884389107,0.9989747033115611,121,0,0,11160.31772535137,11160.31772535137,5580.158862675685,1.5,0.15925433381447804,0.1865552244988525,0.0001850254368502544,156.75,62.699999999999946,0.10277539332227846,3,32:wildfire:alternative|36:flood:reserve|37:funding_collapse|42:funding_collapse|45:heatwave:origin|82:wildfire:reserve|100:flood:alternative,0.0068507446195518506,0.07933464616697221,0.044375208903606064,0.005671272280068335,2.9604069896040697e-05,0.0006629812422741973,0.0004213092043366031,44136fa355b3678a
S5,greedy_expected_utility,False,200180,0.625,0.125,5,1,104,1,0,0.0,0.0,,146.7908052434185,0.6268927678535432,3.4912846998063265,0.0021341378506499445,0.99786586214935,88,0,0,11169.832555291157,11169.832555291157,11169.832555291157,1.5,0.13269792719218917,0.12677434932047166,0.0009150026386824301,182.5,73.0,0.11170854801594735,3,32:wildfire:alternative|36:flood:reserve|37:funding_collapse|42:funding_collapse|45:heatwave:origin|82:wildfire:reserve|100:flood:alternative,0.007102285177122805,0.08261381144131877,0.023505580333524324,0.004962155719252088,0.00014640042218918886,0.0006611984137768554,0.0006984836333531538,44136fa355b3678a
S6,rule,False,200180,0.75,0.5,6,4,327,327,0,0.0,0.0,,437.05358328225253,0.7570991666736713,4.020436870574013,0.0,1.0,0,0,0,11187.997344678348,11187.997344678348,2796.999336169587,1.5,0.7363852192721095,0.347792272502472,0.00014542562527424308,0.0,0.0,0.04474690934760471,3,32:wildfire:alternative|36:flood:reserve|37:funding_collapse|42:funding_collapse|45:heatwave:origin|82:wildfire:reserve|100:flood:alternative,0.01600000000000001,0.05585314060522194,0.0,0.0,2.3268100043878894e-05,0.001024424621062261,0.0,44136fa355b3678a
S7,forward_rollout_proxy,False,200180,0.375,0.125,3,1,109,82,0,0.0,0.0,,151.89378193416604,0.6903750586891617,3.9406301824212266,0.0014934651453944953,0.9985065348546055,114,0,0,11135.724485146226,11135.724485146226,11135.724485146226,1.5,0.3323223742413422,0.14975982072125957,0.0004587899481228563,65.0,26.000000000000014,0.1043564073645654,3,32:wildfire:alternative|36:flood:reserve|37:funding_collapse|42:funding_collapse|45:heatwave:origin|82:wildfire:reserve|100:flood:alternative,0.011628590927654676,0.07548524596929336,0.006575854305330828,0.006011285270128282,7.340639169965701e-05,0.0007396292701188015,0.00044913143910097354,44136fa355b3678a
S0,none,False,200181,0.25,0.0,2,0,0,0,3,1.0,1.0,32.666666666666664,71.78357229100953,0.417096259827767,0.0,,,0,0,0,0.0,0.0,0.0,1.4243432950155288,0.12209881772068072,0.012209881772068073,0.0002240530765021182,0.0,0.0,0.0,0,10:wildfire:alternative|23:wildfire:alternative|81:wildfire:origin|99:heatwave:origin,0.009440000000000007,0.0626544958114641,0.0,0.0,3.584849224033891e-05,0.0004733958685286022,0.0,44136fa355b3678a
S1,rule,False,200181,0.625,0.5,5,4,27,27,0,0.0,0.0,,368.5396246250579,0.7484836886379805,2.724134199134199,0.0,1.0,0,0,0,11059.317113763624,11059.317113763624,2764.829278440906,1.5,0.7340481342491895,0.3445153950804593,0.0001999260718082143,0.0,0.0,0.09434619832099166,3,10:wildfire:alternative|12:funding_collapse|15:funding_collapse|23:wildfire:alternative|77:funding_collapse|81:wildfire:origin|83:funding_collapse|86:funding_collapse|99:heatwave:origin,0.01600000000000001,0.06447141119343487,0.0,0.0,3.198817148931429e-05,0.0010129119970953538,0.0,44136fa355b3678a
S2,rule,False,200181,0.25,0.125,2,1,6,0,2,0.6666666666666666,1.0,34.5,69.63972051230675,0.524896667903247,1.0,0.1628879512053333,0.8371120487946667,0,0,0,11163.581936233271,11163.581936233273,11163.581936233271,1.5,0.22926920430852063,0.09580054421089759,0.0005387268733248443,54.0,21.60000000000001,0.033118118900227596,1,10:wildfire:alternative|12:funding_collapse|15:funding_collapse|23:wildfire:alternative|77:funding_collapse|81:wildfire:origin|83:funding_collapse|86:funding_collapse|99:heatwave:origin,0.005840557142237325,0.09028569291882006,0.01767779316760805,0.01193594994580898,8.619629973197509e-05,0.0007660388921594332,0.00013200874359617357,44136fa355b3678a
S3,rule,False,200181,0.5,0.25,4,2,202,0,1,0.3333333333333333,1.0,19.0,165.95375489666407,0.6146759469365465,3.708525288501915,0.0,1.0,45,163,45,11069.429849102431,11069.429849102431,5534.7149245512155,1.5,0.4940316606505231,0.2117138733140915,0.0004703303213751187,52.0,20.800000000000004,0.06362727182009999,2,10:wildfire:alternative|12:funding_collapse|15:funding_collapse|23:wildfire:alternative|77:funding_collapse|81:wildfire:origin|83:funding_collapse|86:funding_collapse|99:heatwave:origin,0.00797169681335961,0.07402090534481501,0.05149152333216464,0.007165370051551998,7.525285142001898e-05,0.0006751841935440478,0.00010282651116155207,44136fa355b3678a
S4,state_dependent_rule,False,200181,0.5,0.5,4,4,642,482,2,0.6666666666666666,1.0,14.5,206.118148904089,0.6247261056589959,3.190373380384938,0.004121686403883372,0.9958783135961167,322,0,0,11066.288589373327,11066.288589373327,2766.572147343332,1.5,0.41424883648013794,0.3211176365078214,0.0006927564815782841,184.5,73.8,0.11394509527979092,1,10:wildfire:alternative|12:funding_collapse|15:funding_collapse|23:wildfire:alternative|77:funding_collapse|81:wildfire:origin|83:funding_collapse|86:funding_collapse|99:heatwave:origin,0.01202625420279386,0.07400976540833491,0.07129876337916749,0.016455230320479786,0.00011084103705252545,0.0009729624516648899,0.0002928330513331896,44136fa355b3678a
S5,greedy_expected_utility,False,200181,0.5,0.25,4,2,178,56,0,0.0,0.0,,168.5153956296759,0.6409066141787032,3.337913259462286,0.009650166350378296,0.9903498336496217,260,0,0,11052.90001660813,11052.90001660813,5526.450008304065,1.5,0.38736841811927597,0.207104632517258,0.0006956225615124649,212.5,85.0,0.11244329055353763,3,10:wildfire:alternative|12:funding_collapse|15:funding_collapse|23:wildfire:alternative|77:funding_collapse|81:wildfire:origin|83:funding_collapse|86:funding_collapse|99:heatwave:origin,0.010688920032447737,0.07867236720561645,0.03163551794986312,0.01899960961545232,0.00011129960984199439,0.0010299006569067656,0.0003955452426206824,44136fa355b3678a
S6,rule,False,200181,0.75,0.75,6,6,340,340,0,0.0,0.0,,599.6783866234987,0.7701904871580322,4.787862129922588,0.0,1.0,0,0,0,11071.69495762872,11071.694957628722,1845.2824929381202,1.5,0.8208158237662418,0.47702888270760724,0.00019976092313311956,0.0,0.0,0.04784339515878566,3,10:wildfire:alternative|12:funding_collapse|15:funding_collapse|23:wildfire:alternative|77:funding_collapse|81:wildfire:origin|83:funding_collapse|86:funding_collapse|99:heatwave:origin,0.01600000000000001,0.04279238112701661,0.0,0.0,3.196174770129913e-05,0.0009851699672498695,0.0,44136fa355b3678a
S7,forward_rollout_proxy,False,200181,0.5,0.5,4,4,786,786,1,0.3333333333333333,1.0,19.0,252.63596720953683,0.5774048404721981,3.2236307059419658,0.00012021218029443404,0.9998797878197055,28,0,0,11027.780068193959,11027.780068193959,2756.9450170484897,1.5,0.5748511739538548,0.34205018992677494,0.00029101023978867066,45.5,18.200000000000003,0.13664382735984892,2,10:wildfire:alternative|12:funding_collapse|15:funding_collapse|23:wildfire:alternative|77:funding_collapse|81:wildfire:origin|83:funding_collapse|86:funding_collapse|99:heatwave:origin,0.013927834091639724,0.047636161046611634,0.15656195602464426,0.022223475091700976,4.6561638366187314e-05,0.0010854658027413722,5.155304539655959e-05,44136fa355b3678a
S0,none,False,200182,0.0,0.0,0,0,0,0,3,1.0,1.0,23.333333333333332,52.87025438651751,0.24500883867749912,0.0,,,0,0,0,0.0,0.0,0.0,1.4474910658380427,0.1913,0.01913,0.00017614743930533403,0.0,0.0,0.0,0,18:flood:origin|87:flood:reserve|89:wildfire:semiwild|97:flood:semiwild,0.005600000000000004,0.03954712638190092,0.0,0.0,2.818359028885345e-05,0.00031585135031104305,0.0,44136fa355b3678a
S1,rule,False,200182,0.375,0.0,3,0,0,0,1,0.3333333333333333,1.0,21.0,97.90160603320554,0.6007395893189927,0.0,,,0,0,0,11196.496290831612,11196.496290831612,11196.496290831612,1.5,0.7340115885274966,0.08342950044086267,0.00027538851141972054,0.0,0.0,0.0501417079405651,2,18:flood:origin|70:funding_collapse|87:flood:reserve|89:wildfire:semiwild|97:flood:semiwild,0.013280000000000009,0.07406304043437814,0.0,0.0,4.4062161827155286e-05,0.0007733080848017997,0.0,44136fa355b3678a
S2,rule,False,200182,0.25,0.125,2,1,26,0,3,1.0,1.0,26.666666666666668,61.370846259896076,0.4644870291922989,2.5413533834586466,0.0,1.0,0,0,0,11341.390292405806,11341.390292405806,11341.390292405806,1.5,0.2731001182134232,0.11621936131521919,0.00029387784353700685,37.25,14.899999999999999,0.03622907829645201,0,18:flood:origin|70:funding_collapse|87:flood:reserve|89:wildfire:semiwild|97:flood:semiwild,0.003579925567748481,0.09289479441333283,0.034659350648561266,0.014187956434156386,4.7020454965921105e-05,0.0008114234113828851,8.595191083508202e-05,44136fa355b3678a
S3,rule,False,200182,0.375,0.25,3,2,270,0,2,0.6666666666666666,1.0,23.0,154.02763928552588,0.544241656177727,3.779385127441534,0.05305509087954522,0.9469449091204548,6,122,6,11258.12399661051,11258.12399661051,5629.061998305255,1.5,0.5424957376924419,0.2153779287694275,0.00022333235322364052,32.0,12.8,0.054172518628839636,1,18:flood:origin|70:funding_collapse|87:flood:reserve|89:wildfire:semiwild|97:flood:semiwild,0.003972800729498214,0.07758679255645824,0.08027620504079089,0.010274053797516282,3.5733176515782485e-05,0.0006617692888809431,7.013461579542233e-05,44136fa355b3678a
S4,state_dependent_rule,False,200182,0.375,0.25,3,2,286,179,3,1.0,1.0,28.333333333333332,159.7362185877275,0.6428391588717461,2.814096825783346,0.004032874557201075,0.995967125442799,202,0,0,11215.93921038191,11215.939210381908,5607.969605190955,1.5,0.46032356656041035,0.2031835662198444,0.00037399681231954017,140.0,55.999999999999964,0.08255120652984968,0,18:flood:origin|70:funding_collapse|87:flood:reserve|89:wildfire:semiwild|97:flood:semiwild,0.01236168509578806,0.07075117649983823,0.06404231181660185,0.01127598178090592,5.9839489971126423e-05,0.000723088430260786,0.0003027661409661073,44136fa355b3678a
S5,greedy_expected_utility,False,200182,0.625,0.375,5,3,294,189,3,1.0,1.0,21.666666666666668,203.3609335282208,0.587643260620144,3.6808759628483254,0.009015801657696559,0.9909841983423034,366,0,0,11238.911023340692,11238.91102334069,3746.3036744468973,1.5,0.43395663596650474,0.2748818175953911,0.00032435510099332836,180.5,72.2,0.1296369718512866,0,18:flood:origin|70:funding_collapse|87:flood:reserve|89:wildfire:semiwild|97:flood:semiwild,0.012413247899424384,0.0725070161733067,0.10885635590203144,0.01993939348661798,5.189681615893254e-05,0.0010868757202578848,0.00025398148877727947,44136fa355b3678a
S6,rule,False,200182,0.5,0.25,4,2,128,128,2,0.6666666666666666,1.0,16.5,201.79649812009833,0.7428166908670519,4.338654672395274,0.0,1.0,0,0,0,11207.972800004298,11207.9728000043,5603.986400002149,1.5,0.8364877678368954,0.24519542226219307,0.00012634759841029282,0.0,0.0,0.028300493772753912,1,18:flood:origin|70:funding_collapse|87:flood:reserve|89:wildfire:semiwild|97:flood:semiwild,0.01600000000000001,0.07036929826518934,0.0,0.0,2.0215615745646852e-05,0.0007937952520130085,0.0,44136fa355b3678a
S7,forward_rollout_proxy,False,200182,0.75,0.5,6,4,732,709,1,0.3333333333333333,1.0,31.0,257.68586312729093,0.5297195847349794,3.3918295693581,0.01471809811053801,0.985281901889462,132,0,0,11205.592129873901,11205.592129873901,2801.3980324684753,1.5,0.597766438072994,0.34965275860808787,0.00013765589118346465,62.0,24.800000000000008,0.15478909553603737,2,18:flood:origin|70:funding_collapse|87:flood:reserve|89:wildfire:semiwild|97:flood:semiwild,0.013034867392343276,0.04966716390017322,0.19913383295426879,0.019011659836575448,2.2024942589354345e-05,0.0009891108417767497,9.794310437348328e-05,44136fa355b3678a
S0,none,False,200183,0.0,0.0,0,0,0,0,3,1.0,1.0,27.333333333333332,46.644824278986746,0.2867751192638766,0.0,,,0,0,0,0.0,0.0,0.0,1.2715263249863655,0.11389066666666653,0.011389066666666654,0.00039533065664457904,0.0,0.0,0.0,0,14:heatwave:alternative|15:wildfire:origin|26:heatwave:alternative,0.006560000000000005,0.04651398533608,0.0,0.0,6.325290506313266e-05,0.00038764249498031796,0.0,44136fa355b3678a
S1,rule,False,200183,0.5,0.125,4,1,53,53,1,0.3333333333333333,1.0,33.0,139.39523205763055,0.7308888962704768,3.569250317662008,0.0,1.0,0,0,0,11159.732995963639,11159.73299596364,11159.732995963639,1.5,0.7683387269563341,0.17973674824043911,0.0006168026565345704,0.0,0.0,0.054801861840928175,2,14:heatwave:alternative|15:wildfire:origin|26:heatwave:alternative|27:funding_collapse,0.01600000000000001,0.08220821501939449,0.0,0.0,9.868842504553124e-05,0.0008042002850832157,0.0,44136fa355b3678a
S2,rule,False,200183,0.25,0.0,2,0,0,0,3,1.0,1.0,26.0,53.88093871559063,0.36876827712452986,0.0,,,0,0,0,11331.63488657728,11331.63488657728,11331.63488657728,1.5,0.19191173737995615,0.026435981626303236,0.000468430567967822,36.5,14.599999999999998,0.03622403944153811,0,14:heatwave:alternative|15:wildfire:origin|26:heatwave:alternative|27:funding_collapse,0.003581527375843451,0.069599090307265,0.012986326674908344,0.008653779263529447,7.494889087485152e-05,0.0005873353063972456,8.042518497618708e-05,44136fa355b3678a
S3,rule,False,200183,0.375,0.25,3,2,299,0,2,0.6666666666666666,1.0,46.5,144.6781399970186,0.5610403722908508,4.730583791171833,0.0007644172165134106,0.9992355827834866,10,145,10,11240.000298802273,11240.000298802273,5620.000149401137,1.5,0.43428603890717216,0.2135852845856887,0.0005530454300356317,38.75,15.499999999999998,0.05175421391626586,1,14:heatwave:alternative|15:wildfire:origin|26:heatwave:alternative|27:funding_collapse,0.004679089922978993,0.07954039652926655,0.06982686830939852,0.00858159833453191,8.848726880570108e-05,0.0005917193138573517,7.747023762959371e-05,44136fa355b3678a
S4,state_dependent_rule,False,200183,0.625,0.625,5,5,421,388,2,0.6666666666666666,1.0,18.5,209.10383389539777,0.5591310842973517,3.2253358245556436,0.02094053578506446,0.9790594642149355,215,0,0,11208.344749120002,11208.344749120002,2241.6689498240003,1.5,0.35252233024418406,0.37627076645059954,0.0005675030903069379,131.5,52.59999999999996,0.13757587590312365,1,14:heatwave:alternative|15:wildfire:origin|26:heatwave:alternative|27:funding_collapse,0.012351790771097569,0.06818210475994048,0.1527480700061777,0.014760522818760398,9.080049444911006e-05,0.0007427564301563105,0.00018440261309314305,44136fa355b3678a
S5,greedy_expected_utility,False,200183,0.5,0.375,4,3,269,183,1,0.3333333333333333,1.0,23.0,178.66758104964393,0.6120187210949105,3.244435061206533,0.09283098485014189,0.9071690151498581,241,0,0,11203.679079323198,11203.679079323198,3734.5596931077325,1.5,0.32551032677117203,0.25954453266496536,0.0007999172429378612,170.0,68.0,0.12899574687891416,2,14:heatwave:alternative|15:wildfire:origin|26:heatwave:alternative|27:funding_collapse,0.011766361779252594,0.07183961606375036,0.09132773380434227,0.014069147584557781,0.0001279867588700578,0.0008114569488986205,0.0002824082566240036,44136fa355b3678a
S6,rule,False,200183,0.625,0.5,5,4,448,448,0,0.0,0.0,,306.24295529796484,0.7523616367800142,4.281749796351309,0.001081531014248373,0.9989184689857517,0,0,0,11174.929925787004,11174.929925787004,2793.732481446751,1.5,0.8989269042255955,0.3648819726686146,0.0006166085403570519,0.0,0.0,0.035858921412709646,3,14:heatwave:alternative|15:wildfire:origin|26:heatwave:alternative|27:funding_collapse,0.01600000000000001,0.06058953935817766,0.0,0.0,9.865736645712827e-05,0.0009501664953513613,0.0,44136fa355b3678a
S7,forward_rollout_proxy,False,200183,0.5,0.5,4,4,747,747,1,0.3333333333333333,1.0,29.0,232.61166920192497,0.49893450643916254,3.6422072430648313,0.0006149275306031614,0.9993850724693968,102,0,0,11188.651377319065,11188.651377319065,2797.1628443297664,1.5,0.5202349167844543,0.33976615121335824,0.0005829445173067785,61.0,24.400000000000013,0.13160293552132243,2,14:heatwave:alternative|15:wildfire:origin|26:heatwave:alternative|27:funding_collapse,0.012812602954754367,0.04425203653753964,0.2328285637286391,0.021913028402804135,9.327112276908457e-05,0.0010437767310169587,8.393645935217162e-05,44136fa355b3678a
S0,none,False,200184,0.25,0.0,2,0,0,0,3,1.0,1.0,35.0,75.98841203583923,0.3822083147055983,0.0,,,0,0,0,0.0,0.0,0.0,1.4503826415778327,0.10463676710713056,0.010463676710713056,0.00028808560628129995,0.0,0.0,0.0,0,39:heatwave:reserve|44:wildfire:reserve|47:flood:origin|58:flood:reserve|95:flood:alternative|96:heatwave:origin,0.008640000000000007,0.056946414137270904,0.0,0.0,4.6093697005008e-05,0.00035917746012571907,0.0,44136fa355b3678a
S1,rule,False,200184,0.75,0.25,6,2,5,5,0,0.0,0.0,,313.3990070020476,0.7387197762088149,2.5,0.0,1.0,0,0,0,11246.07235984229,11246.072359842292,5623.036179921145,1.5,0.45670822273423095,0.20137959804755806,0.00018897844715872774,0.0,0.0,0.09104387887067483,3,39:heatwave:reserve|44:wildfire:reserve|47:flood:origin|58:flood:reserve|95:flood:alternative|96:heatwave:origin,0.01600000000000001,0.07421443825027885,0.0,0.0,3.0236551545396438e-05,0.001035548989360807,0.0,44136fa355b3678a
S2,rule,False,200184,0.375,0.125,3,1,11,0,3,1.0,1.0,35.666666666666664,89.90230580471402,0.5228796803522374,1.9836065573770496,0.020402176279018594,0.9795978237209814,0,0,0,11310.14556692935,11310.145566929352,11310.14556692935,1.5,0.15138536878377168,0.09931565299236367,0.0004648410823247962,57.5,23.0,0.04045525270108001,0,39:heatwave:reserve|44:wildfire:reserve|47:flood:origin|58:flood:reserve|95:flood:alternative|96:heatwave:origin,0.005751759007983065,0.09057612988331348,0.018791116507451733,0.011059708689838126,7.437457317196741e-05,0.0007361995113981529,0.00010931867552996684,44136fa355b3678a
S3,rule,False,200184,0.5,0.25,4,2,273,0,1,0.3333333333333333,1.0,21.0,189.74084527141983,0.6135829175994603,3.957270978631647,0.0001914775815815069,0.9998085224184184,21,137,21,11234.036688963395,11234.036688963395,5617.018344481698,1.5,0.2779806312074685,0.19164656439100475,0.00014299876496031813,39.5,15.8,0.05887895741970715,2,39:heatwave:reserve|44:wildfire:reserve|47:flood:origin|58:flood:reserve|95:flood:alternative|96:heatwave:origin,0.007572303590892342,0.07686947320522264,0.044310810326472314,0.006490439496916214,2.28798023936509e-05,0.0007665244460847356,7.192584255127635e-05,44136fa355b3678a
S4,state_dependent_rule,False,200184,0.5,0.25,4,2,240,65,1,0.3333333333333333,1.0,16.0,184.8601698492998,0.6275969390673878,3.50305658760725,0.0001146593457376422,0.9998853406542624,193,0,0,11220.537136998368,11220.537136998366,5610.268568499184,1.5,0.23217687256434572,0.18842122550536358,0.0004868752438654422,174.25,69.69999999999997,0.08836486186428247,2,39:heatwave:reserve|44:wildfire:reserve|47:flood:origin|58:flood:reserve|95:flood:alternative|96:heatwave:origin,0.008554733312026929,0.0800740701571722,0.03268192595026053,0.005641116596662622,7.790003901847077e-05,0.000682272816195956,0.0003963409954141034,44136fa355b3678a
S5,greedy_expected_utility,False,200184,0.625,0.25,5,2,130,48,0,0.0,0.0,,149.9189746416964,0.6464602379454064,1.7295877122069523,0.14028233162211579,0.8597176683778842,244,0,0,11241.40518089397,11241.40518089397,5620.702590446985,1.5,0.22079795397636912,0.1754854732667627,0.0005410104490897246,203.25,81.3,0.11804900373528131,3,39:heatwave:reserve|44:wildfire:reserve|47:flood:origin|58:flood:reserve|95:flood:alternative|96:heatwave:origin,0.00918826964546571,0.08052441330325688,0.015950145175709477,0.004535647064914342,8.656167185435594e-05,0.0006136857085731372,0.0005837204314927541,44136fa355b3678a
S6,rule,False,200184,0.75,0.625,6,5,217,217,0,0.0,0.0,,521.7452740711209,0.761116511574494,5.124043904839696,0.0,1.0,0,0,0,11256.62190567651,11256.621905676511,2251.324381135302,1.5,0.6146648807978309,0.40342221362163905,0.00018860344548417944,0.0,0.0,0.04732643246729468,3,39:heatwave:reserve|44:wildfire:reserve|47:flood:origin|58:flood:reserve|95:flood:alternative|96:heatwave:origin,0.01600000000000001,0.051860153388571764,0.0,0.0,3.017655127746871e-05,0.0009931584856562898,0.0,44136fa355b3678a
S7,forward_rollout_proxy,False,200184,0.75,0.25,6,2,348,276,0,0.0,0.0,,263.8952018624449,0.7269381970678027,3.5050307409083787,0.003283424410507686,0.9967165755894923,158,0,0,11219.42508285518,11219.42508285518,5609.71254142759,1.5,0.32388076710713043,0.20498702310186812,0.0004949571601495254,80.75,32.30000000000003,0.1252431949103564,3,39:heatwave:reserve|44:wildfire:reserve|47:flood:origin|58:flood:reserve|95:flood:alternative|96:heatwave:origin,0.01569491675083862,0.061746555969654414,0.002681078296671102,0.0013481575605064323,7.919314562392409e-05,0.0007169632760656668,0.00017016937064874327,44136fa355b3678a
S0,none,False,200185,0.0,0.0,0,0,0,0,3,1.0,1.0,24.333333333333332,58.3321001249004,0.29122001924534924,0.0,,,0,0,0,0.0,0.0,0.0,1.5,0.24796666666666647,0.024796666666666647,7.853403141361256e-05,0.0,0.0,0.0,0,34:heatwave:origin|61:flood:origin,0.006560000000000005,0.04214647547870385,0.0,0.0,1.256544502617801e-05,0.0003609398309208003,0.0,44136fa355b3678a
S1,rule,False,200185,0.5,0.0,4,0,0,0,1,0.3333333333333333,1.0,47.0,149.5326719550317,0.4779673470758214,0.0,,,0,0,0,11177.024545028155,11177.024545028155,11177.024545028155,1.5,0.6699999999999999,0.07672076285945227,0.00011137105996845733,0.0,0.0,0.04860381429726139,2,34:heatwave:origin|59:funding_collapse|61:flood:origin|77:funding_collapse,0.010560000000000007,0.05875053554506386,0.0,0.0,1.7819369594953173e-05,0.0005042980095198766,0.0,44136fa355b3678a
S2,rule,False,200185,0.25,0.125,2,1,19,0,3,1.0,1.0,31.333333333333332,76.35183672999644,0.490164317213908,1.994475138121547,0.0004112405398710472,0.9995887594601289,0,0,0,11272.268113966617,11272.268113966617,11272.268113966617,1.5,0.35618044056074655,0.1200769307380343,0.0003891589272075608,37.25,14.899999999999999,0.04132067650372082,0,34:heatwave:origin|59:funding_collapse|61:flood:origin|77:funding_collapse,0.004707493464130112,0.09081179155923019,0.03469353005287895,0.011803411231511258,6.226542835320973e-05,0.0006390700080331353,8.149075619242985e-05,44136fa355b3678a
S3,rule,False,200185,0.25,0.125,2,1,68,0,2,0.6666666666666666,1.0,21.0,104.59953955927104,0.6102920680318578,1.9726962457337884,0.0,1.0,21,88,21,11151.561678011483,11151.561678011483,11151.561678011483,1.5,0.6226591390478536,0.14911148875999533,0.0003148984815398523,27.25,10.9,0.054343061989360446,1,34:heatwave:origin|59:funding_collapse|61:flood:origin|77:funding_collapse,0.0061018198665031605,0.08083937869120923,0.024230440998814502,0.007917825868202895,5.038375704637637e-05,0.0006371227098841926,0.00010032467702983444,44136fa355b3678a
S4,state_dependent_rule,False,200185,0.5,0.375,4,3,394,359,1,0.3333333333333333,1.0,36.0,198.46529934963567,0.620250198950889,3.433864485230661,0.004469391740672926,0.995530608259327,261,0,0,11164.731304774286,11164.731304774286,3721.577101591429,1.5,0.5427155731127089,0.2796562001794402,0.0006241314793993706,124.25,49.69999999999999,0.11147999007931343,2,34:heatwave:origin|59:funding_collapse|61:flood:origin|77:funding_collapse,0.012882876322842227,0.06989772718233317,0.08786009734979207,0.018295309178133937,9.986103670389928e-05,0.001076006141722776,0.0002118098612692963,44136fa355b3678a
S5,greedy_expected_utility,False,200185,0.375,0.25,3,2,332,229,1,0.3333333333333333,1.0,29.0,182.96705550830427,0.6503394746438486,3.778719036012933,0.002398027182222195,0.9976019728177778,294,0,0,11165.231866408978,11165.231866408978,5582.615933204489,1.5,0.5159322314604828,0.22306623422397134,0.0003999586814826064,170.25,68.10000000000001,0.10592910358896868,2,34:heatwave:origin|59:funding_collapse|61:flood:origin|77:funding_collapse,0.012368508599789036,0.07323101291640341,0.05747028462209881,0.008774761427841737,6.399338903721703e-05,0.0006451736484505469,0.0003078213565951296,44136fa355b3678a
S6,rule,False,200185,0.75,0.0,6,0,0,0,1,0.3333333333333333,1.0,45.0,206.62012689814117,0.5824922425531512,0.0,,,0,0,0,11187.81841241963,11187.818412419632,11187.81841241963,1.5,0.745791253502842,0.08018273647964985,0.00011137105996845733,0.0,0.0,0.02801805564682823,2,34:heatwave:origin|59:funding_collapse|61:flood:origin|77:funding_collapse,0.01280000000000001,0.06798187549472429,0.0,0.0,1.7819369594953173e-05,0.0007080625825296518,0.0,44136fa355b3678a
S7,forward_rollout_proxy,False,200185,0.375,0.375,3,3,608,608,1,0.3333333333333333,1.0,35.0,230.46956253170436,0.6048651983002733,2.9556733115043805,0.0,1.0,34,0,0,11147.305326253463,11147.305326253463,3715.7684420844876,1.5,0.6699999999999999,0.29023917035794977,0.00014460484269550815,31.25,12.499999999999996,0.12466218621452978,2,34:heatwave:origin|59:funding_collapse|61:flood:origin|77:funding_collapse,0.013610755947915072,0.04696502526918718,0.1426034737139089,0.008225674720405333,2.3136774831281306e-05,0.0006678718526577876,0.00010084269004625909,44136fa355b3678a
S0,none,False,200186,0.125,0.0,1,0,0,0,3,1.0,1.0,30.666666666666668,74.02251891564251,0.36468855061224376,0.0,,,0,0,0,0.0,0.0,0.0,1.4469027457861878,0.1913,0.01913,0.00035892160430123666,0.0,0.0,0.0,0,24:flood:reserve|56:wildfire:semiwild|64:heatwave:origin|97:wildfire:origin,0.008160000000000006,0.04995396060043623,0.0,0.0,5.7427456688197876e-05,0.00044006133063199444,0.0,44136fa355b3678a
S1,rule,False,200186,0.75,0.0,6,0,0,0,1,0.3333333333333333,1.0,20.0,330.39273890825586,0.7173975333756971,0.0,,,0,0,0,11201.291635163605,11201.291635163605,11201.291635163605,1.5,0.7101394594518666,0.0888458678438971,0.0004745894023549633,0.0,0.0,0.0891596094935522,2,24:flood:reserve|54:funding_collapse|56:wildfire:semiwild|64:heatwave:origin|97:wildfire:origin,0.015520000000000011,0.07108023222709836,0.0,0.0,7.593430437679412e-05,0.0010263000928279883,0.0,44136fa355b3678a
S2,rule,False,200186,0.375,0.25,3,2,41,0,3,1.0,1.0,30.666666666666668,92.03188960334171,0.48774329889586765,2.7978723404255317,0.005856588529289408,0.9941434114707106,0,0,0,11284.505238345957,11284.505238345959,5642.2526191729785,1.5,0.24252299937095514,0.17530940623006525,0.0001282051282051282,61.25,24.500000000000007,0.052891914443572025,0,24:flood:reserve|54:funding_collapse|56:wildfire:semiwild|64:heatwave:origin|97:wildfire:origin,0.005184266732513286,0.09157029930828045,0.044409231479357,0.010689501559411048,2.0512820512820512e-05,0.0007159108567255268,0.00012072872182445668,44136fa355b3678a
S3,rule,False,200186,0.5,0.25,4,2,248,0,1,0.3333333333333333,1.0,10.0,168.81918756540415,0.6167584884054089,4.468390539847924,0.00015682062622658427,0.9998431793737734,12,188,12,11202.059506988626,11202.059506988626,5601.029753494313,1.5,0.5105809485176528,0.22139362133246676,0.00046767571703464447,50.0,19.999999999999996,0.06575810541111113,2,24:flood:reserve|54:funding_collapse|56:wildfire:semiwild|64:heatwave:origin|97:wildfire:origin,0.008240596619188868,0.07672737565829386,0.043492056280743235,0.00818666703397012,7.482811472554312e-05,0.0008260229942898593,0.00010356544044175284,44136fa355b3678a
S4,state_dependent_rule,False,200186,0.5,0.375,4,3,640,278,1,0.3333333333333333,1.0,21.0,200.76553126917378,0.6215756628275231,3.515190687054645,0.010508177860146324,0.9894918221398536,228,0,0,11180.39585461451,11180.39585461451,3726.7986182048367,1.5,0.4293541996446571,0.26662984578377863,0.0003040707921808779,183.75,73.50000000000001,0.09896259474383226,2,24:flood:reserve|54:funding_collapse|56:wildfire:semiwild|64:heatwave:origin|97:wildfire:origin,0.00853601661263914,0.07714977121120499,0.041877494031614254,0.00563113619842557,4.865132674894046e-05,0.000735881844955791,0.00031726436521549943,44136fa355b3678a
S5,greedy_expected_utility,False,200186,0.375,0.25,3,2,404,206,1,0.3333333333333333,1.0,27.0,172.29302955254855,0.6156505545354435,3.1278445075343964,0.006253693592851793,0.9937463064071482,252,0,0,11213.152704764474,11213.152704764474,5606.576352382237,1.5,0.40330741399718245,0.2029693567822322,0.0003326056984897601,192.25,76.9,0.09430085153585001,2,24:flood:reserve|54:funding_collapse|56:wildfire:semiwild|64:heatwave:origin|97:wildfire:origin,0.007977218460983138,0.07508422471860259,0.04283649728156764,0.00767170754280699,5.3216911758361614e-05,0.0006950536430033427,0.00035381016793361496,44136fa355b3678a
S6,rule,False,200186,0.875,0.5,7,4,142,142,1,0.3333333333333333,1.0,13.0,501.92256608332605,0.7593763537558761,3.991652154684529,0.0,1.0,0,0,0,11214.64945540265,11214.649455402652,2803.6623638506626,1.5,0.7980545332718957,0.3537731617176223,0.0002919094576423129,0.0,0.0,0.04525593421793713,2,24:flood:reserve|54:funding_collapse|56:wildfire:semiwild|64:heatwave:origin|97:wildfire:origin,0.01600000000000001,0.05360666837408736,0.0,0.0,4.6705513222770056e-05,0.0009702723568135933,0.0,44136fa355b3678a
S7,forward_rollout_proxy,False,200186,0.5,0.375,4,3,567,567,0,0.0,0.0,,268.06817128208246,0.7422219950559604,3.5910564480384934,0.0018675757215685194,0.9981324242784315,55,0,0,11167.429329796287,11167.429329796287,3722.4764432654288,1.5,0.5699794338871293,0.28596785478155884,0.00038709952165260275,41.0,16.4,0.1215467345623047,3,24:flood:reserve|54:funding_collapse|56:wildfire:semiwild|64:heatwave:origin|97:wildfire:origin,0.01663056657406676,0.05809216024733971,0.00023048021041457569,0.00024526402649522716,6.193592346441645e-05,0.001342640583805946,8.033810435406496e-05,44136fa355b3678a
S0,none,False,200187,0.125,0.0,1,0,0,0,3,1.0,1.0,34.333333333333336,70.2580390248386,0.3705055378049695,0.0,,,0,0,0,0.0,0.0,0.0,1.5,0.1913,0.01913,0.00019102385557828987,0.0,0.0,0.0,0,59:flood:reserve,0.008320000000000006,0.052317189377207515,0.0,0.0,3.056381689252638e-05,0.0004267090009304291,0.0,44136fa355b3678a
S1,rule,False,200187,0.75,0.5,6,4,317,317,0,0.0,0.0,,428.219430388647,0.7580529721838084,4.61936516206937,0.0,1.0,0,0,0,11219.748632971125,11219.748632971126,2804.937158242781,1.5,0.874918371554713,0.3809760724862011,0.0002512596460163214,0.0,0.0,0.11145291855018022,3,2:funding_collapse|59:flood:reserve,0.01600000000000001,0.05506730566488278,0.0,0.0,4.0201543362611426e-05,0.0008395206079463488,0.0,44136fa355b3678a
S2,rule,False,200187,0.25,0.125,2,1,32,0,2,0.6666666666666666,1.0,24.5,81.89239394919119,0.49575123237660434,2.9257142857142857,0.0,1.0,0,0,0,11300.859652667654,11300.859652667656,11300.859652667654,1.5,0.28862840303548326,0.12357166224953553,0.0004744500474996546,46.75,18.700000000000017,0.04600839544422166,1,2:funding_collapse|59:flood:reserve,0.004873381258705885,0.089542390555238,0.03035795117044938,0.012157724114235524,7.591200759994472e-05,0.0007142111167686333,0.00010675266064795023,44136fa355b3678a
S3,rule,False,200187,0.5,0.375,4,3,355,0,0,0.0,0.0,,198.57151759204623,0.602985107294986,3.5435135903095287,0.0021566600483930256,0.997843339951607,49,187,49,11217.115513581331,11217.11551358133,3739.0385045271105,1.5,0.5801494389210405,0.278155911897043,0.0005132026187034669,59.0,23.600000000000005,0.07977916050921818,3,2:funding_collapse|59:flood:reserve,0.007589759404340462,0.07680549459427123,0.056754383909817886,0.007360240654417273,8.21124189925547e-05,0.0006984426071550981,9.657317831255188e-05,44136fa355b3678a
S4,state_dependent_rule,False,200187,0.5,0.375,4,3,292,99,1,0.3333333333333333,1.0,28.0,189.07383763529467,0.6435512152256392,3.6253735422811335,0.0011663066452235469,0.9988336933547765,208,0,0,11207.140322292302,11207.140322292302,3735.7134407641006,1.5,0.47600865487839145,0.2740653018346315,0.0006366381896628388,164.5,65.79999999999995,0.10730350461990493,2,2:funding_collapse|59:flood:reserve,0.010641500381579136,0.07582353170282667,0.0457589933149495,0.007233515269851685,0.0001018621103460542,0.0005653716512903747,0.00031317163730230246,44136fa355b3678a
S5,greedy_expected_utility,False,200187,0.5,0.125,4,1,126,93,1,0.3333333333333333,1.0,27.0,154.58699991715858,0.652857409955438,4.3472070098576125,0.0031928973688145567,0.9968071026311854,231,0,0,11217.890642007293,11217.890642007293,11217.890642007293,1.5,0.44936952577804945,0.16644810081708922,0.0009856717157334257,160.5,64.19999999999997,0.10894539070354073,2,2:funding_collapse|59:flood:reserve,0.011662458722707172,0.07689937740649501,0.03474951770801372,0.010962018745997814,0.00015770747451734806,0.0007739246351102597,0.0004751879802870586,44136fa355b3678a
S6,rule,False,200187,0.75,0.75,6,6,1040,1040,1,0.3333333333333333,1.0,21.0,672.2429858558681,0.7798537298705375,6.058104531787982,0.0,1.0,0,0,0,11229.648024650574,11229.648024650574,1871.608004108429,1.5,0.9618319999999998,0.5036482684699952,0.00023549492338061155,0.0,0.0,0.046920115760577065,2,2:funding_collapse|59:flood:reserve,0.01600000000000001,0.033147363368501354,0.0,0.0,3.767918774089785e-05,0.0009612275732204346,0.0,44136fa355b3678a
S7,forward_rollout_proxy,False,200187,0.625,0.375,5,3,594,594,1,0.3333333333333333,1.0,23.0,270.4207912015532,0.6572794241646153,4.074106014237954,0.002243967595094901,0.9977560324049051,170,0,0,11202.568272892111,11202.568272892111,3734.1894242973704,1.5,0.6866888419606118,0.3078040092833112,0.0001516312969101083,90.5,36.200000000000045,0.1482203247243524,2,2:funding_collapse|59:flood:reserve,0.01401152255990596,0.06155617159373047,0.07855948760490629,0.00568458107161946,2.426100750561732e-05,0.0005213208634750724,0.00011158561387281746,44136fa355b3678a
S0,none,False,200188,0.25,0.0,2,0,0,0,3,1.0,1.0,34.333333333333336,72.78350276537194,0.42949293161067104,0.0,,,0,0,0,0.0,0.0,0.0,1.431079357435526,0.1913,0.01913,0.0001931331483477964,0.0,0.0,0.0,0,5:heatwave:reserve|31:flood:reserve|53:flood:semiwild|61:flood:reserve|68:flood:reserve|76:heatwave:reserve|83:heatwave:origin,0.009760000000000008,0.0666534542427182,0.0,0.0,3.090130373564743e-05,0.00036271284287518334,0.0,44136fa355b3678a
S1,rule,False,200188,0.625,0.5,5,4,36,36,1,0.3333333333333333,1.0,24.0,404.0372563698371,0.748826692372177,2.984881422924901,0.0,1.0,0,0,0,11176.256250614235,11176.256250614239,2794.0640626535587,1.5,0.543574090544079,0.3289259999252697,0.00024339563159554562,0.0,0.0,0.09859888320806406,2,5:heatwave:reserve|29:funding_collapse|31:flood:reserve|53:flood:semiwild|61:flood:reserve|68:flood:reserve|76:heatwave:reserve|83:heatwave:origin,0.01600000000000001,0.06419513419869147,0.0,0.0,3.8943301055287304e-05,0.0009392301280765883,0.0,44136fa355b3678a
S2,rule,False,200188,0.375,0.0,3,0,0,0,1,0.3333333333333333,1.0,30.0,86.3391987223982,0.4458427354836773,0.0,,,0,0,0,11275.595217805027,11275.595217805027,11275.595217805027,1.5,0.23790579356692734,0.031403874118948696,0.00022173683383103289,62.25,24.900000000000006,0.03806647381127981,2,5:heatwave:reserve|29:funding_collapse|31:flood:reserve|53:flood:semiwild|61:flood:reserve|68:flood:reserve|76:heatwave:reserve|83:heatwave:origin,0.00522983463239579,0.07611331152571905,0.022318072209482235,0.008773804850506545,3.547789341296526e-05,0.0005791115943508441,0.00013348304655688844,44136fa355b3678a
S3,rule,False,200188,0.5,0.375,4,3,383,0,1,0.3333333333333333,1.0,31.0,199.77399947956602,0.5912069692819714,4.020288920552694,0.0002818944287021356,0.9997181055712978,10,158,10,11154.734006307563,11154.734006307563,3718.2446687691877,1.5,0.3588574186245836,0.2594338812904416,0.00021919334608686607,42.0,16.8,0.07297625111228126,2,5:heatwave:reserve|29:funding_collapse|31:flood:reserve|53:flood:semiwild|61:flood:reserve|68:flood:reserve|76:heatwave:reserve|83:heatwave:origin,0.007732130066435421,0.07496457645631588,0.07106568685176498,0.007337749525774219,3.507093537389857e-05,0.0006981061279196149,7.189090336931835e-05,44136fa355b3678a
S4,state_dependent_rule,False,200188,0.5,0.25,4,2,456,242,0,0.0,0.0,,179.15355563147412,0.630971408330208,3.117472106415714,0.0345303472461449,0.9654696527538551,154,0,0,11132.54837060262,11132.54837060262,5566.27418530131,1.5,0.3178399664791834,0.19447209876973967,0.0004943202192365398,135.75,54.29999999999997,0.09506690528832108,3,5:heatwave:reserve|29:funding_collapse|31:flood:reserve|53:flood:semiwild|61:flood:reserve|68:flood:reserve|76:heatwave:reserve|83:heatwave:origin,0.009342118401714648,0.07314226601199052,0.04147818499475786,0.007658329024891506,7.909123507784635e-05,0.0010005281453431259,0.00029719023414767983,44136fa355b3678a
S5,greedy_expected_utility,False,200188,0.375,0.375,3,3,481,353,1,0.3333333333333333,1.0,18.0,206.83409466032649,0.6272081391873701,3.092318603259203,0.00268450945351671,0.9973154905464833,224,0,0,11147.139393512685,11147.139393512685,3715.713131170895,1.5,0.3064871070662985,0.25237049073852397,0.0005570607659169818,186.5,74.59999999999998,0.1102429699965104,2,5:heatwave:reserve|29:funding_collapse|31:flood:reserve|53:flood:semiwild|61:flood:reserve|68:flood:reserve|76:heatwave:reserve|83:heatwave:origin,0.01019592807091948,0.07475877391351668,0.050663917243616394,0.005517148988959422,8.912972254671709e-05,0.0007399037749529963,0.0003016466049772808,44136fa355b3678a
S6,rule,False,200188,0.75,0.75,6,6,430,430,0,0.0,0.0,,633.4822263998682,0.7711793822936265,4.644483867580175,0.00025041349626629157,0.9997495865037337,0,0,0,11192.940169223386,11192.940169223388,1865.4900282038977,1.5,0.7191240154704257,0.465248002082164,0.00014388655098864357,0.0,0.0,0.046953809296598176,3,5:heatwave:reserve|29:funding_collapse|31:flood:reserve|53:flood:semiwild|61:flood:reserve|68:flood:reserve|76:heatwave:reserve|83:heatwave:origin,0.01600000000000001,0.04185263359544092,0.0,0.0,2.302184815818297e-05,0.0009449622627742408,0.0,44136fa355b3678a
S7,forward_rollout_proxy,False,200188,0.625,0.5,5,4,716,716,0,0.0,0.0,,314.1332785980066,0.7432779083531478,3.4796079705381597,0.0006831899504006362,0.9993168100495994,19,0,0,11126.357271511064,11126.357271511064,2781.589317877766,1.5,0.379732,0.3282330403439677,0.0004912337643840768,40.75,16.299999999999994,0.15231880319293079,3,5:heatwave:reserve|29:funding_collapse|31:flood:reserve|53:flood:semiwild|61:flood:reserve|68:flood:reserve|76:heatwave:reserve|83:heatwave:origin,0.01666103497719194,0.05848710931760144,8.801924865944769e-06,1.900387777902787e-05,7.859740230145228e-05,0.0008555813138054406,7.527435150683258e-05,44136fa355b3678a
S0,none,False,200189,0.25,0.0,2,0,0,0,3,1.0,1.0,33.0,74.7408872339364,0.3913177971509586,0.0,,,0,0,0,0.0,0.0,0.0,1.5,0.1913,0.01913,0.00018171849062050666,0.0,0.0,0.0,0,56:wildfire:reserve,0.008800000000000007,0.05591232304217097,0.0,0.0,2.907495849928107e-05,0.000440804848371238,0.0,44136fa355b3678a
S1,rule,False,200189,0.5,0.5,4,4,348,348,0,0.0,0.0,,414.5423194728048,0.7580546627435117,4.463906561362965,0.0,1.0,0,0,0,11187.648246410146,11187.648246410146,2796.9120616025366,1.5,0.8738590587982006,0.3752017314811973,0.0002556506201140487,0.0,0.0,0.09088379993873787,3,1:funding_collapse|28:funding_collapse|56:wildfire:reserve,0.01600000000000001,0.05493800963856316,0.0,0.0,4.090409921824779e-05,0.0009664235187067799,0.0,44136fa355b3678a
S2,rule,False,200189,0.125,0.125,1,1,38,0,2,0.6666666666666666,1.0,36.0,78.73322035722586,0.48522025154455506,1.8704663212435233,0.0,1.0,0,0,0,11291.479071758678,11291.47907175868,11291.479071758678,1.5,0.260367726905108,0.10960615477696867,0.0003673064494924042,61.25,24.500000000000004,0.043073594370113114,1,1:funding_collapse|28:funding_collapse|56:wildfire:reserve,0.004636452776965195,0.08966472643313077,0.037939018404791046,0.012540103491775912,5.876903191878468e-05,0.0006788866048729401,0.0001282671097316329,44136fa355b3678a
S3,rule,False,200189,0.625,0.25,5,2,234,0,0,0.0,0.0,,167.71584468097342,0.6104929589603638,4.028717897860556,0.0,1.0,29,144,29,11201.8898204879,11201.8898204879,5600.94491024395,1.5,0.5512114414354831,0.2224245430354263,0.00032343965774729464,43.25,17.300000000000008,0.07258109956636219,3,1:funding_collapse|28:funding_collapse|56:wildfire:reserve,0.007641423398903169,0.07528996560479444,0.052618922325930836,0.006684617156226146,5.1750345239567136e-05,0.0006857681511940065,8.411960067953958e-05,44136fa355b3678a
S4,state_dependent_rule,False,200189,0.5,0.375,4,3,389,120,0,0.0,0.0,,188.6655635279599,0.632813176843214,3.341488077712082,0.034462178200610045,0.96553782179939,233,0,0,11164.195181845673,11164.195181845673,3721.3983939485574,1.5,0.4467042806169505,0.2692988929955147,0.0005319752903952945,182.75,73.10000000000001,0.11231792078349379,3,1:funding_collapse|28:funding_collapse|56:wildfire:reserve,0.010339120800152058,0.07732591204687712,0.04738222821837541,0.00909481253863803,8.511604646324711e-05,0.0007965492204354011,0.00032647583245577777,44136fa355b3678a
S5,greedy_expected_utility,False,200189,0.5,0.5,4,4,388,117,0,0.0,0.0,,194.767340847373,0.6320483579145332,3.1583277462304653,0.010005451644672932,0.9899945483553271,306,0,0,11172.982103576614,11172.982103576614,2793.2455258941536,1.5,0.4201210983020643,0.32681962359248723,0.0004252273752440808,210.0,83.99999999999999,0.1411211814998808,3,1:funding_collapse|28:funding_collapse|56:wildfire:reserve,0.010354679510817887,0.07665780474331303,0.04387083167878841,0.010998610462475435,6.803638003905293e-05,0.0009501816895311531,0.0003504680806937917,44136fa355b3678a
S6,rule,False,200189,0.875,0.875,7,7,1076,1076,0,0.0,0.0,,717.1595626519182,0.778648436944941,4.634678870944134,0.0009646079189500427,0.99903539208105,0,0,0,11197.46076061216,11197.46076061216,1599.637251516023,1.5,0.9615230656996424,0.5470129106881549,0.00023256013242322124,0.0,0.0,0.05381907704374697,3,1:funding_collapse|28:funding_collapse|56:wildfire:reserve,0.01600000000000001,0.03435374495852941,0.0,0.0,3.720962118771539e-05,0.0009606084753413642,0.0,44136fa355b3678a
S7,forward_rollout_proxy,False,200189,0.625,0.625,5,5,768,768,0,0.0,0.0,,295.6407101748911,0.70050102631429,2.5451203011360297,0.0782018759337754,0.9217981240662246,178,0,0,11162.49361146269,11162.49361146269,2232.4987222925383,1.5,0.6567181991977581,0.40544376036808255,0.00034301220467647105,93.0,37.20000000000004,0.1653536871847321,3,1:funding_collapse|28:funding_collapse|56:wildfire:reserve,0.015140972182052055,0.06319600647696615,0.028752345116948935,0.009376168385899351,5.488195274823536e-05,0.0008881882162668134,0.00010976812519265625,44136fa355b3678a
S0,none,False,200190,0.125,0.0,1,0,0,0,3,1.0,1.0,27.0,69.4500789003093,0.39757270854840465,0.0,,,0,0,0,0.0,0.0,0.0,1.4597861406842896,0.1913,0.01913,0.0,0.0,0.0,0.0,0,18:wildfire:semiwild|33:flood:semiwild|36:flood:reserve|40:heatwave:origin|51:wildfire:origin,0.009120000000000007,0.06607145820698929,0.0,0.0,0.0,0.0003358332446063886,0.0,44136fa355b3678a
S1,rule,False,200190,0.75,0.0,6,0,0,0,0,0.0,0.0,,190.45968930134603,0.4552110045274823,0.0,,,0,0,0,11210.772388273213,11210.772388273213,11210.772388273213,1.5,0.6886006631118095,0.08027363989498357,0.0,0.0,0.0,0.05706786791901303,3,18:wildfire:semiwild|33:flood:semiwild|36:flood:reserve|40:heatwave:origin|47:funding_collapse|51:wildfire:origin,0.009920000000000007,0.048889724487242436,0.0,0.0,0.0,0.0005792709852754826,0.0,44136fa355b3678a
S2,rule,False,200190,0.375,0.125,3,1,20,0,1,0.3333333333333333,1.0,23.0,87.50329950101775,0.4633228614778606,4.25531914893617,0.0005690851263427868,0.9994309148736572,0,0,0,11315.398343108265,11315.398343108267,11315.398343108265,1.5,0.23807031315151397,0.13374459397348293,5.305039787798408e-05,62.25,24.90000000000001,0.05567185584484914,2,18:wildfire:semiwild|33:flood:semiwild|36:flood:reserve|40:heatwave:origin|47:funding_collapse|51:wildfire:origin,0.0044928028038776595,0.0911300860478821,0.05617414953128562,0.012327077186763846,8.488063660477454e-06,0.0007329972660419662,0.00012980697544705722,44136fa355b3678a
S3,rule,False,200190,0.625,0.375,5,3,362,0,1,0.3333333333333333,1.0,23.0,187.6620407004007,0.5709960109712756,3.7153374446178966,0.0001669978446916835,0.9998330021553083,15,200,15,11198.417154185594,11198.417154185594,3732.805718061865,1.5,0.5005500704205366,0.272377563377287,0.0,53.75,21.500000000000004,0.08209590944527184,2,18:wildfire:semiwild|33:flood:semiwild|36:flood:reserve|40:heatwave:origin|47:funding_collapse|51:wildfire:origin,0.006715559584256896,0.07660951803687314,0.0792584739217718,0.009029732277547872,0.0,0.0007634205598833389,0.00010206496188858943,44136fa355b3678a
S4,state_dependent_rule,False,200190,0.625,0.25,5,2,521,303,0,0.0,0.0,,183.60930377658053,0.6126030833569428,3.5561383523262835,0.0023643628933190924,0.9976356371066809,218,0,0,11196.380638920502,11196.380638920502,5598.190319460251,1.5,0.4198677029074016,0.2118688617168668,5.647617164326676e-05,164.5,65.79999999999995,0.109103539514319,3,18:wildfire:semiwild|33:flood:semiwild|36:flood:reserve|40:heatwave:origin|47:funding_collapse|51:wildfire:origin,0.008486718632616916,0.07572065984309609,0.05185752209412484,0.009173654043085433,9.036187462922682e-06,0.0006905048194542281,0.0003272959070332842,44136fa355b3678a
S5,greedy_expected_utility,False,200190,0.5,0.25,4,2,358,176,1,0.3333333333333333,1.0,51.0,171.0724357869333,0.6311340843156601,4.782412427896703,0.020714733527955723,0.9792852664720443,256,0,0,11204.751694607472,11204.75169460747,5602.375847303736,1.5,0.3931972947104807,0.21988468793846905,7.460447354064376e-05,182.0,72.79999999999997,0.10120417094226979,2,18:wildfire:semiwild|33:flood:semiwild|36:flood:reserve|40:heatwave:origin|47:funding_collapse|51:wildfire:origin,0.008874208474613326,0.0744007003265137,0.03186549764130303,0.009133584561057218,1.1936715766503e-05,0.0008309655682321883,0.0003936703431143157,44136fa355b3678a
S6,rule,False,200190,0.875,0.0,7,0,0,0,0,0.0,0.0,,264.7266679700744,0.5536943672100209,0.0,,,0,0,0,11221.71071695483,11221.710716954833,11221.71071695483,1.5,0.7764909715505505,0.08279744334503819,0.0,0.0,0.0,0.025741730949915668,3,18:wildfire:semiwild|33:flood:semiwild|36:flood:reserve|40:heatwave:origin|47:funding_collapse|51:wildfire:origin,0.012000000000000009,0.05614414310694759,0.0,0.0,0.0,0.0006614896830313583,0.0,44136fa355b3678a
S7,forward_rollout_proxy,False,200190,0.5,0.25,4,2,370,354,1,0.3333333333333333,1.0,11.0,230.21943113688403,0.718895989919688,2.9376517772925075,0.007172857268100971,0.992827142731899,176,0,0,11182.09882372415,11182.09882372415,5591.049411862075,1.5,0.5604217842406372,0.22158679387787503,0.0,85.25,34.10000000000005,0.11834048840443102,2,18:wildfire:semiwild|33:flood:semiwild|36:flood:reserve|40:heatwave:origin|47:funding_collapse|51:wildfire:origin,0.014886411024698993,0.061354741671452134,0.0031449831943170096,0.0016973512028983708,0.0,0.0006806554478189487,0.00020698810192100643,44136fa355b3678a
S0,none,False,200191,0.125,0.0,1,0,0,0,3,1.0,1.0,29.0,61.416578314218214,0.3559796606413662,0.0,,,0,0,0,0.0,0.0,0.0,1.5,0.18764263291230612,0.018764263291230612,0.0003534479049910978,0.0,0.0,0.0,0,48:flood:origin|96:flood:alternative|97:flood:origin,0.008000000000000005,0.05051698883702791,0.0,0.0,5.655166479857565e-05,0.00044679885680716687,0.0,44136fa355b3678a
S1,rule,False,200191,0.875,0.375,7,3,8,8,0,0.0,0.0,,276.57556417987195,0.737430028538617,1.7575757575757578,0.0,1.0,0,0,0,11247.348704248641,11247.348704248641,3749.116234749547,1.5,0.6897511205324633,0.27470436015446204,0.0002918026251359585,0.0,0.0,0.09701745262729036,3,48:flood:origin|96:flood:alternative|97:flood:origin,0.01600000000000001,0.07577613340768545,0.0,0.0,4.668842002175336e-05,0.0007471496336756586,0.0,44136fa355b3678a
S2,rule,False,200191,0.125,0.125,1,1,39,0,2,0.6666666666666666,1.0,38.0,74.1087642570178,0.4957273746962796,2.8218923933209648,0.0,1.0,0,0,0,11328.309298779643,11328.309298779644,11328.309298779643,1.5,0.29639440218059115,0.12148872767534943,0.0002688288288288288,52.75,21.100000000000005,0.03690181762040333,1,48:flood:origin|96:flood:alternative|97:flood:origin,0.0049972183643174975,0.08963419481606325,0.03256810379143892,0.013249552013001575,4.301261261261262e-05,0.0008257037861805368,0.00013522540732432406,44136fa355b3678a
S3,rule,False,200191,0.5,0.25,4,2,288,0,0,0.0,0.0,,164.39224175369236,0.6064169708253531,3.4023508163328433,0.0031375622034072255,0.9968624377965928,50,167,50,11241.988967019302,11241.988967019302,5620.994483509651,1.5,0.565373462204156,0.22106547974177862,0.0003635185457387959,54.25,21.7,0.09002312679017299,3,48:flood:origin|96:flood:alternative|97:flood:origin,0.0072780603849745594,0.07507674864816552,0.05232052794124746,0.008263022496251214,5.8162967318207356e-05,0.0007153157317521352,0.00012448690722782933,44136fa355b3678a
S4,state_dependent_rule,False,200191,0.625,0.5,5,4,690,545,0,0.0,0.0,,241.63468107852958,0.5950117096317881,4.043319985683354,0.005949461796231362,0.9940505382037687,241,0,0,11240.673753184243,11240.673753184243,2810.1684382960607,1.5,0.48439641999637134,0.33868575761802483,0.0004893889505677615,149.5,59.79999999999997,0.12406457880777064,3,48:flood:origin|96:flood:alternative|97:flood:origin,0.01247325601248685,0.06710471469192726,0.11269854484350411,0.017091845366078093,7.830223209084184e-05,0.0009353448427693318,0.00018194340083730858,44136fa355b3678a
S5,greedy_expected_utility,False,200191,0.625,0.375,5,3,445,399,0,0.0,0.0,,239.94127870360796,0.6218855963001899,4.16703660948346,0.0013615815005657043,0.9986384184994342,302,0,0,11247.730123051198,11247.730123051198,3749.2433743503993,1.5,0.4575881558655361,0.28564158527355066,0.0007236794482349015,190.0,76.0,0.14731201796081222,3,48:flood:origin|96:flood:alternative|97:flood:origin,0.013200582625290691,0.0717531356544473,0.09569976895792777,0.008060435376782148,0.00011578871171758425,0.0006378207133095723,0.00023801924629310932,44136fa355b3678a
S6,rule,False,200191,0.875,0.5,7,4,276,276,0,0.0,0.0,,437.6074525592784,0.7611904213231668,4.69792389396404,0.0,1.0,0,0,0,11257.357186533314,11257.357186533316,2814.3392966333286,1.5,0.781851619836151,0.35865844693532545,0.00026855426855426856,0.0,0.0,0.04247023006034982,3,48:flood:origin|96:flood:alternative|97:flood:origin,0.01600000000000001,0.051711295086638555,0.0,0.0,4.296868296868297e-05,0.0010553149072256246,0.0,44136fa355b3678a
S7,forward_rollout_proxy,False,200191,0.5,0.5,4,4,894,894,0,0.0,0.0,,277.077620280376,0.5802392949982497,4.089558209452374,0.000783334162862369,0.9992166658371376,18,0,0,11219.515151780506,11219.515151780506,2804.8787879451265,1.5,0.6230851329123063,0.3562284170906319,0.00036374524421229357,42.75,17.099999999999998,0.14012160852438757,3,48:flood:origin|96:flood:alternative|97:flood:origin,0.014091930283830902,0.04690198039306263,0.15991212712962716,0.016306031880384354,5.819923907396695e-05,0.0009814178418847772,5.832899662957295e-05,44136fa355b3678a
S7,forward_rollout_proxy,True,200000,0.625,0.5,5,4,688,688,1,0.3333333333333333,1.0,34.0,309.4428977154434,0.7441014635324091,3.2297661476926183,0.0018671730776544607,0.9981328269223455,0,0,0,11109.358468583323,11109.358468583323,2777.3396171458307,1.5,0.6619106016944548,0.3530722711729293,0.00017665772565654043,23.75,9.499999999999996,0.1479177476327882,2,11:wildfire:reserve|58:funding_collapse|79:funding_collapse,0.01669926610584051,0.05755092976319288,0.0,0.0,2.826523610504648e-05,0.0010732938858339339,5.7789889011045666e-05,44136fa355b3678a
S7,forward_rollout_proxy,True,200001,0.5,0.5,4,4,771,771,0,0.0,0.0,,246.83428088151638,0.5591919914378303,4.360732457527398,0.0024761659492478915,0.9975238340507521,0,0,0,11121.073257641785,11121.073257641783,2780.2683144104462,1.5,0.6086864560338051,0.3581987921389389,0.0001547806900089604,29.75,11.899999999999995,0.14361410980142206,3,17:heatwave:alternative|47:wildfire:origin|48:funding_collapse|83:funding_collapse,0.013920061719031207,0.04751701066731602,0.180010582315956,0.01736173569037518,2.476491040143367e-05,0.0009950864721229333,4.373341470634211e-05,44136fa355b3678a
S7,forward_rollout_proxy,True,200002,0.375,0.25,3,2,118,0,1,0.3333333333333333,1.0,33.0,126.1550220270561,0.5938465774888815,2.913907032250789,0.0,1.0,8,0,0,11190.035418607295,11190.035418607295,5595.017709303647,1.5,0.5422162286924438,0.21574706807337823,0.00024876360609540676,17.5,6.9999999999999964,0.09943187440812984,2,17:wildfire:alternative|27:wildfire:origin|28:flood:reserve|61:funding_collapse,0.005714122922575345,0.07310350859371109,0.05272053963826597,0.012675950476694193,3.980217697526508e-05,0.0008578582213346957,8.888929726122945e-05,44136fa355b3678a
S7,forward_rollout_proxy,True,200003,0.625,0.625,5,5,535,535,2,0.6666666666666666,1.0,26.5,279.5429834251408,0.5812029400892625,4.0245728222444255,0.06752321602979751,0.9324767839702025,78,0,0,11119.889208581724,11119.889208581724,2223.9778417163448,1.5,0.6388538216960609,0.41815340184355304,0.00034465345856614225,74.25,29.700000000000014,0.1638614572575135,1,1:funding_collapse|22:funding_collapse|65:funding_collapse|85:heatwave:semiwild|88:heatwave:reserve,0.014174990208070533,0.05630004941116692,0.15165036730503345,0.015266729971441961,5.5144553370582754e-05,0.0011287615438813883,7.088182674392941e-05,44136fa355b3678a
S7,forward_rollout_proxy,True,200004,0.625,0.625,5,5,867,867,2,0.6666666666666666,1.0,32.0,269.6311648540404,0.5615737631004726,3.2402924172703242,0.06462063943139693,0.935379360568603,0,0,0,11211.42968108554,11211.429681085541,2242.285936217108,1.5,0.6699999999999999,0.4144320107841219,0.00019215756920674953,35.0,13.999999999999996,0.1688954330570933,1,43:flood:semiwild|53:flood:origin,0.014000138049071027,0.049134949696746595,0.1780542901782814,0.015783632472063408,3.0745211073079924e-05,0.0010078831935604947,4.135982885255738e-05,44136fa355b3678a
S7,forward_rollout_proxy,True,200005,0.75,0.625,6,5,864,864,0,0.0,0.0,,280.4306373490222,0.5763610284036674,4.148616463844166,0.06175311797890427,0.9382468820210957,0,0,0,11115.246814455788,11115.24681445579,2223.0493628911577,1.5,0.7380868497702385,0.43113381793755545,2.6109660574412533e-05,54.25,21.70000000000001,0.17294484161044948,3,30:funding_collapse|46:wildfire:semiwild|55:heatwave:semiwild|57:funding_collapse|84:funding_collapse,0.014104876273128475,0.049958401464612334,0.16363584266992093,0.015060159941124838,4.177545691906005e-06,0.0011101582261315308,5.486341669439664e-05,44136fa355b3678a
S7,forward_rollout_proxy,True,200006,0.5,0.375,4,3,586,586,0,0.0,0.0,,238.30832689596926,0.5990039585471755,4.473426869269513,0.0001651090271132376,0.9998348909728868,0,0,0,11180.278032819411,11180.278032819413,3726.7593442731372,1.5,0.7394525053558745,0.30950419650702077,5.524861878453039e-05,48.25,19.300000000000008,0.11037338639369094,3,39:funding_collapse,0.013996297533585632,0.045398312637190595,0.1358579767512963,0.0236642739834538,8.839779005524863e-06,0.00138675987925355,6.542935216738783e-05,44136fa355b3678a
S7,forward_rollout_proxy,True,200007,0.5,0.25,4,2,139,100,1,0.3333333333333333,1.0,21.0,165.85360523984957,0.7021850768539375,2.47947532355543,0.03495621607069571,0.9650437839293042,59,0,0,11137.995639070043,11137.995639070043,5568.997819535021,1.5,0.3799764153416558,0.2016944398008923,0.0002253877852866254,24.25,9.699999999999996,0.13201022515586208,2,12:wildfire:reserve|17:heatwave:alternative|25:heatwave:semiwild|34:flood:reserve|61:wildfire:origin|84:flood:origin|100:heatwave:reserve,0.013562510640790986,0.0761151486983362,0.005040108963121671,0.0016725922265396335,3.606204564586006e-05,0.0010025224201326128,0.00016340469421869056,44136fa355b3678a
S7,forward_rollout_proxy,True,200008,0.5,0.125,4,1,146,146,0,0.0,0.0,,150.46446816145902,0.7156093265149128,4.590008613264428,0.0,1.0,0,0,0,11095.64972234509,11095.64972234509,11095.64972234509,1.5,0.61111669442023,0.1833250328301434,0.00034891945752930773,14.25,5.699999999999999,0.10031638627738049,3,5:flood:alternative|12:funding_collapse|23:funding_collapse|32:wildfire:reserve,0.014984596716411908,0.07247649611189916,0.016035702448084648,0.004566940154934343,5.582711320468922e-05,0.0009428410875570506,9.391497684938981e-05,44136fa355b3678a
S7,forward_rollout_proxy,True,200009,0.625,0.5,5,4,413,413,1,0.3333333333333333,1.0,13.0,228.54544756266154,0.7015319229181622,2.56749675645041,0.0027036434368196594,0.9972963565631804,0,0,0,11138.672112203858,11138.672112203858,2784.6680280509645,1.5,0.6259910115041876,0.3434684691233776,0.0003244196566024816,32.25,12.899999999999997,0.15097200204227376,2,6:heatwave:semiwild|17:heatwave:semiwild|33:wildfire:reserve|48:funding_collapse|55:funding_collapse|63:wildfire:alternative,0.01507036891465926,0.07451568441786159,0.02767853112040348,0.004721230664077678,5.190714505639705e-05,0.0008021038705948876,0.00010689173277770735,44136fa355b3678a
S7,forward_rollout_proxy,True,200010,0.625,0.5,5,4,597,597,1,0.3333333333333333,1.0,30.0,287.7038465484864,0.615279762920854,4.200725976423708,0.0,1.0,42,0,0,11178.827548697873,11178.827548697873,2794.706887174468,1.5,0.6646532190895305,0.362826682318994,0.00027465609404521673,62.25,24.900000000000013,0.14677050322901936,2,7:wildfire:semiwild|66:funding_collapse|72:heatwave:semiwild|76:heatwave:reserve|95:heatwave:semiwild,0.014287843349490409,0.057740918280813396,0.114603505636554,0.01616165841986343,4.3944975047234676e-05,0.001146926487445582,6.332719730603934e-05,44136fa355b3678a
S7,forward_rollout_proxy,True,200011,0.5,0.5,4,4,699,699,0,0.0,0.0,,266.9276280248265,0.7394739518972661,2.896120843770959,0.00419555661020139,0.9958044433897986,0,0,0,11034.749938206007,11034.749938206007,2758.6874845515017,1.5,0.36328866666666665,0.3183150416431614,0.0001015542054734712,14.0,5.6000000000000005,0.14012483269392562,3,4:flood:reserve|7:funding_collapse|29:flood:origin|61:funding_collapse|67:flood:semiwild|74:funding_collapse|83:heatwave:reserve|86:flood:origin|96:flood:reserve,0.017141785010483867,0.055213183442885096,0.0,0.0,1.6248672875755393e-05,0.0009717997207475532,5.625609848363324e-05,44136fa355b3678a
S7,forward_rollout_proxy,True,200012,0.5,0.5,4,4,709,709,0,0.0,0.0,,282.8422766808519,0.7438971545493993,3.2587186621931394,0.0027976948129781387,0.9972023051870219,0,0,0,11141.955128410298,11141.9551284103,2785.4887821025745,1.5,0.5337978708004657,0.340989663876248,0.0004848926665991233,27.75,11.099999999999996,0.15011345087134992,3,27:funding_collapse|31:flood:reserve|46:heatwave:reserve|48:flood:semiwild|50:funding_collapse|70:wildfire:reserve,0.016660651800264163,0.058539483933839,0.0,0.0,7.758282665585974e-05,0.0008478314403741295,6.751844550553828e-05,44136fa355b3678a
S7,forward_rollout_proxy,True,200013,0.5,0.375,4,3,534,534,1,0.3333333333333333,1.0,16.0,267.45752948369847,0.7444585359963825,4.017837177796969,0.0005381237834205585,0.9994618762165794,0,0,0,11096.093792446629,11096.093792446629,3698.697930815543,1.5,0.5591243739326394,0.28774422177879844,0.00018546812664459723,33.0,13.199999999999996,0.11451706303782397,2,3:wildfire:reserve|6:wildfire:reserve,0.016645194596941804,0.05847934826531107,0.0,0.0,2.9674900263135555e-05,0.0006500743198859089,5.9252967088821874e-05,44136fa355b3678a
S7,forward_rollout_proxy,True,200014,0.5,0.5,4,4,700,700,0,0.0,0.0,,299.169626515564,0.7416066122601783,3.2889627290674768,0.0,1.0,0,0,0,11127.344139805151,11127.344139805151,2781.8360349512877,1.5,0.4495713161139017,0.33282919329080163,0.00014517320085929107,18.75,7.499999999999999,0.1499121719436837,3,15:funding_collapse|18:flood:reserve|40:flood:semiwild|42:heatwave:reserve|44:heatwave:origin|73:wildfire:semiwild|98:flood:reserve|99:funding_collapse,0.0169986971396875,0.05564496486508719,0.0,0.0,2.322771213748657e-05,0.00069223856963047,5.380235796667001e-05,44136fa355b3678a
S7,forward_rollout_proxy,True,200015,0.625,0.5,5,4,556,556,0,0.0,0.0,,207.39846290103324,0.5334572014091458,3.405670972017261,0.000305273446846942,0.9996947265531531,120,0,0,11235.311789083882,11235.31178908388,2808.8279472709705,1.5,0.5232238402892297,0.34310644290869485,0.000519966346282946,80.5,32.20000000000003,0.15863674579799608,3,5:heatwave:origin|14:funding_collapse|28:flood:origin|42:flood:reserve|62:wildfire:alternative|71:heatwave:semiwild|80:heatwave:semiwild,0.01302680381489949,0.06884934806296183,0.1729847562876627,0.023008021239987596,8.319461540527136e-05,0.0010572730127448803,0.00011487153937651508,44136fa355b3678a
S7,forward_rollout_proxy,True,200016,0.5,0.5,4,4,687,687,1,0.3333333333333333,1.0,25.0,287.22036748028813,0.738425739467275,2.4835003096819497,0.001639620743803048,0.9983603792561969,0,0,0,11031.183312636022,11031.183312636023,2757.7958281590054,1.5,0.4688921618358459,0.32438943320361463,0.0002937827140642916,15.75,6.3,0.13832606961605268,2,5:flood:reserve|7:flood:reserve|8:funding_collapse|36:heatwave:origin,0.017158364984996025,0.05590034614861567,0.0,0.0,4.700523425028665e-05,0.0010306397971285468,6.242959279441757e-05,44136fa355b3678a
S7,forward_rollout_proxy,True,200017,0.75,0.75,6,6,994,994,1,0.3333333333333333,1.0,19.0,248.16198667828832,0.5330661108973487,2.8949460629955586,0.09404907758841173,0.9059509224115883,0,0,0,11182.383222686401,11182.383222686403,1863.7305371144002,1.5,0.6464736452495513,0.4692196517729744,2.5125628140703518e-05,21.75,8.7,0.19061413309031858,2,4:wildfire:semiwild|12:funding_collapse|37:heatwave:origin|46:heatwave:alternative|95:flood:semiwild,0.013756018325353662,0.049206145825426824,0.20932079237564608,0.011586572519405352,4.020100502512563e-06,0.0008690042212746831,5.798323649147138e-05,44136fa355b3678a
S7,forward_rollout_proxy,True,200018,0.375,0.375,3,3,593,593,0,0.0,0.0,,263.9330901690209,0.6183949504535549,4.848720011283061,0.0001071854949339973,0.999892814505066,0,0,0,11178.999836097168,11178.99983609717,3726.333278699056,1.5,0.6699999999999999,0.3084841182642572,0.0003699816047081068,52.75,21.100000000000005,0.1212345907571328,3,79:wildfire:origin|81:funding_collapse,0.014018933917415259,0.04669119404391323,0.13418259384945302,0.006024153546966963,5.9197056753297085e-05,0.0006596068101419378,6.30095279957496e-05,44136fa355b3678a
S7,forward_rollout_proxy,True,200019,0.5,0.5,4,4,769,769,0,0.0,0.0,,248.5506206020643,0.5462926476387087,4.682725167698179,0.0,1.0,0,0,0,11211.086037179008,11211.086037179008,2802.771509294752,1.5,0.6699999999999999,0.36864744095324953,0.00021505997976586214,23.75,9.499999999999998,0.14910094638133853,3,41:wildfire:origin,0.0138079165866082,0.04728987408000311,0.19248588604903805,0.017227556933084632,3.440959676253794e-05,0.001031198822447519,4.5793319257586175e-05,44136fa355b3678a
S7,forward_rollout_proxy,True,200020,0.125,0.125,1,1,261,182,0,0.0,0.0,,123.86485838195182,0.6479098640702295,2.4503075428941403,0.005378080713583606,0.9946219192864164,11,0,0,11208.932531094004,11208.932531094004,11208.932531094004,1.5,0.5614596332937812,0.14969662164719272,0.00012988393491851526,24.25,9.699999999999998,0.06398791444436593,3,4:flood:origin|5:flood:reserve|13:wildfire:semiwild|14:heatwave:semiwild|15:funding_collapse|23:flood:origin|59:heatwave:alternative|83:funding_collapse,0.010994452545345703,0.06995905738301848,0.026729646850115828,0.0068354130470202785,2.078142958696244e-05,0.0007751805219889617,0.0001038408623144559,44136fa355b3678a
S7,forward_rollout_proxy,True,200021,0.75,0.625,6,5,626,626,0,0.0,0.0,,235.92169062971837,0.47363397569861654,4.233179215955829,0.0,1.0,0,0,0,11199.524517846668,11199.52451784667,2239.904903569334,1.5,0.533280767252954,0.4119415956414175,0.0002907806214782493,31.25,12.499999999999995,0.17515863378281937,3,6:wildfire:semiwild|14:heatwave:semiwild|22:flood:origin|28:funding_collapse|75:flood:alternative|80:wildfire:reserve,0.013280525114382453,0.054263272085984325,0.25423038174927354,0.019165088550603695,4.65248994365199e-05,0.0010131358618057063,5.230221741975854e-05,44136fa355b3678a
S7,forward_rollout_proxy,True,200022,0.625,0.625,5,5,913,913,1,0.3333333333333333,1.0,32.0,252.67113898609318,0.525978526843666,3.736118974283309,5.671183461666454e-05,0.9999432881653834,0,0,0,11211.73284625468,11211.73284625468,2242.3465692509358,1.5,0.5907786655363821,0.41139455212118425,0.0002899260150063008,29.0,11.599999999999994,0.1685274791235648,2,48:wildfire:origin|52:wildfire:alternative,0.013893150613419865,0.048323189948785324,0.21436091241497468,0.015225625517520705,4.638816240100814e-05,0.0009696434780441899,4.428001124397326e-05,44136fa355b3678a
S7,forward_rollout_proxy,True,200023,0.5,0.5,4,4,627,627,3,1.0,1.0,27.333333333333332,268.08853130821603,0.6614582213934428,3.483382753771629,0.001816573108602242,0.9981834268913977,142,0,0,11213.918786237089,11213.918786237089,2803.4796965592723,1.5,0.5960110656793516,0.3462331745044856,0.00015985803016858917,59.75,23.900000000000002,0.13399120199417086,0,14:wildfire:origin|16:wildfire:semiwild|32:heatwave:origin|45:wildfire:reserve|61:wildfire:origin|68:funding_collapse|91:flood:origin|97:heatwave:semiwild,0.014854759370019722,0.05992747329406978,0.06400971129107967,0.009589820472978518,2.5577284826974268e-05,0.0010687688219682859,0.00010335802901179837,44136fa355b3678a
S7,forward_rollout_proxy,True,200024,0.625,0.375,5,3,421,421,2,0.6666666666666666,1.0,18.0,206.16261746786367,0.6815347349916844,3.152037758029692,0.0889785984439868,0.9110214015560132,0,0,0,11205.26735287311,11205.267352873112,3735.08911762437,1.5,0.6008274405546571,0.28612922778504624,0.0002570468174752275,28.0,11.199999999999994,0.1288805307464179,1,4:heatwave:semiwild|10:flood:semiwild|23:heatwave:semiwild|37:flood:reserve|38:flood:alternative|48:wildfire:alternative|57:flood:semiwild,0.014810959484579984,0.06741800681125477,0.04997195434690594,0.008998847522626858,4.112749079603641e-05,0.0009565632893147566,7.494026253719112e-05,44136fa355b3678a
S7,forward_rollout_proxy,True,200025,0.5,0.5,4,4,552,552,2,0.6666666666666666,1.0,16.0,266.818894301378,0.5750143875874637,4.460744706339648,0.0009287010044971353,0.9990712989955028,0,0,0,11179.147728928388,11179.14772892839,2794.786932232097,1.5,0.6627769317168125,0.3637530634316439,0.00025626143859596557,47.5,19.000000000000004,0.13933961598283043,1,46:funding_collapse|93:wildfire:reserve,0.014026910246632945,0.05091164524213974,0.16094825506930227,0.0174410058927029,4.100183017535448e-05,0.001028509457811938,5.380631468433292e-05,44136fa355b3678a
S7,forward_rollout_proxy,True,200026,0.625,0.375,5,3,379,379,0,0.0,0.0,,248.69520161639255,0.7057235102479942,4.072480735652942,0.00017690745502340529,0.9998230925449766,151,0,0,11178.475711072722,11178.475711072724,3726.1585703575743,1.5,0.646331276936726,0.30338052856797604,0.00017355638077641008,76.5,30.600000000000026,0.14636296758887002,3,62:heatwave:reserve|85:funding_collapse,0.015550388533857103,0.06017776839865957,0.02611818548880845,0.009921072875976752,2.7769020924225614e-05,0.0010945604778779794,9.885102702431053e-05,44136fa355b3678a
S7,forward_rollout_proxy,True,200027,0.625,0.625,5,5,884,884,2,0.6666666666666666,1.0,23.0,248.19881234940104,0.505505799190604,4.13436220808767,0.0023614247022850417,0.9976385752977149,0,0,0,11187.703437496848,11187.70343749685,2237.5406874993696,1.5,0.4633818333333333,0.40219807832128224,0.00022174566080811298,23.5,9.399999999999997,0.16633136453536104,1,19:wildfire:alternative|26:heatwave:alternative|31:heatwave:origin|42:flood:alternative|51:heatwave:alternative|94:flood:origin,0.013522574283962318,0.04553897076320352,0.2332299013439474,0.017887710655337088,3.547930572929808e-05,0.0009940358958342357,4.985212496065848e-05,44136fa355b3678a
S7,forward_rollout_proxy,True,200028,0.5,0.5,4,4,779,779,1,0.3333333333333333,1.0,9.0,292.6591262652249,0.5870515536729111,4.756424028478519,0.0009339103346606082,0.9990660896653394,0,0,0,11111.011913977178,11111.011913977178,2777.7529784942944,1.5,0.3741685180593843,0.33825977799397355,0.00044099069461297894,57.25,22.90000000000001,0.14139342951624956,2,9:wildfire:semiwild|10:wildfire:semiwild|16:flood:semiwild|24:heatwave:semiwild|38:heatwave:alternative|42:funding_collapse|47:funding_collapse|53:flood:alternative|66:funding_collapse|75:wildfire:origin|96:heatwave:alternative,0.014158954526683677,0.04994033164067067,0.15286021231771713,0.0155142081043463,7.055851113807663e-05,0.001162422864782008,5.6851934216348623e-05,44136fa355b3678a
S7,forward_rollout_proxy,True,200029,0.625,0.625,5,5,904,904,0,0.0,0.0,,233.69386146831172,0.5266091285662825,3.1552574611567668,0.007424359462078219,0.9925756405379218,0,0,0,11149.509393707525,11149.509393707525,2229.9018787415052,1.5,0.6724178182668578,0.41357842656827587,7.951329937747594e-05,29.0,11.599999999999996,0.1676703506501121,3,10:funding_collapse|39:wildfire:origin|88:funding_collapse|96:wildfire:semiwild,0.013841053369449945,0.04971092692234281,0.2125507906088137,0.014959291684801519,1.2722127900396154e-05,0.0009061151861804299,5.4235791369712835e-05,44136fa355b3678a
S7,forward_rollout_proxy,True,200030,0.75,0.375,6,3,447,447,2,0.6666666666666666,1.0,17.5,241.6914607214771,0.6732790568817347,2.881142435556505,0.0,1.0,0,0,0,11149.898677013123,11149.898677013123,3716.6328923377077,1.5,0.5024361447527514,0.27534865334914305,7.263922518159807e-05,12.25,4.8999999999999995,0.13771807259151408,1,14:heatwave:reserve|33:flood:alternative|47:funding_collapse|60:heatwave:origin|81:flood:origin|86:wildfire:alternative,0.01453747712992636,0.06857013547685471,0.06017600897846123,0.005062127738501675,1.162227602905569e-05,0.0007233977281741178,5.239344142001908e-05,44136fa355b3678a
S7,forward_rollout_proxy,True,200031,0.625,0.625,5,5,622,622,1,0.3333333333333333,1.0,22.0,285.5069033961219,0.5641694981358021,3.81872941327419,0.0014105791138714439,0.9985894208861286,54,0,0,11178.8302855417,11178.830285541702,2235.76605710834,1.5,0.6503168495127115,0.41807456292188583,9.75822881798751e-05,71.25,28.500000000000025,0.16802791918936386,2,64:funding_collapse|92:heatwave:reserve,0.014127543210168562,0.053787561007237326,0.17156111090782655,0.015283547748065021,1.561316610878002e-05,0.001056338847106135,6.529051290330561e-05,44136fa355b3678a
S7,forward_rollout_proxy,True,200032,0.5,0.375,4,3,565,565,1,0.3333333333333333,1.0,20.0,274.4908664251668,0.7409363635025226,2.9211568644464343,0.0005471674407560067,0.999452832559244,0,0,0,11117.202274739866,11117.202274739866,3705.7340915799555,1.5,0.4482052805898778,0.26885950622655164,7.874015748031496e-05,21.5,8.599999999999998,0.13038704761549738,2,8:flood:reserve|39:heatwave:origin|55:heatwave:origin|72:funding_collapse|74:wildfire:reserve|89:flood:semiwild,0.017066969065594177,0.055225108468221366,0.0,0.0,1.2598425196850394e-05,0.0006891386363710082,6.528591818172692e-05,44136fa355b3678a
S7,forward_rollout_proxy,True,200033,0.625,0.5,5,4,768,768,0,0.0,0.0,,242.40842399359192,0.5318481345633436,3.3685949039889556,0.011294406150462642,0.9887055938495374,0,0,0,11181.16125870208,11181.161258702083,2795.29031467552,1.5,0.5941841996430007,0.34959431629960075,0.0002872810873826876,20.75,8.299999999999997,0.15744973647705557,3,13:wildfire:semiwild|30:wildfire:semiwild|34:heatwave:origin|41:wildfire:semiwild|46:funding_collapse|49:heatwave:semiwild|82:flood:alternative|94:wildfire:semiwild,0.013594029415119748,0.046263748561545304,0.20255461178686057,0.022140398075979534,4.5964973981230014e-05,0.0011625150882303462,5.263635524849011e-05,44136fa355b3678a
S7,forward_rollout_proxy,True,200034,0.75,0.25,6,2,150,150,0,0.0,0.0,,199.6985043062406,0.7190331452451723,2.7561403508771924,0.005229465101332416,0.9947705348986676,0,0,0,11152.456386273636,11152.45638627364,5576.228193136818,1.5,0.5902609352759142,0.22692060748536225,0.0001567626767701562,9.5,3.800000000000001,0.13916555224499447,3,12:funding_collapse|17:heatwave:reserve|44:heatwave:alternative|79:flood:semiwild,0.015133285136354773,0.07605918067791595,0.010222372542075437,0.003938763781881554,2.5082028283224993e-05,0.0009580414044288232,9.040349001608704e-05,44136fa355b3678a
S7,forward_rollout_proxy,True,200035,0.625,0.5,5,4,815,815,1,0.3333333333333333,1.0,16.0,301.5005536440717,0.741527793451618,3.477361611381547,0.026835129166107145,0.9731648708338928,13,0,0,11147.498119393476,11147.498119393478,2786.874529848369,1.5,0.6941395730659375,0.35880058154192207,0.0004181681175068043,36.5,14.599999999999994,0.14806504060756387,2,1:flood:semiwild|24:funding_collapse|41:heatwave:reserve|44:funding_collapse|58:flood:semiwild,0.01638995894189206,0.059784843780327425,0.00102238726256272,0.00030370961632089177,6.690689880108869e-05,0.0010061915969878015,7.433239497955825e-05,44136fa355b3678a
S7,forward_rollout_proxy,True,200036,0.5,0.5,4,4,776,776,0,0.0,0.0,,284.5169131486319,0.5758289216165867,4.68486653943167,0.00034836878061502726,0.9996516312193849,0,0,0,11085.562954441402,11085.562954441402,2771.3907386103506,1.5,0.6699999999999999,0.36914029003671867,0.00015962356839895056,57.5,23.00000000000001,0.15145812321200952,3,5:funding_collapse|48:funding_collapse|57:funding_collapse|71:funding_collapse|78:heatwave:origin|93:heatwave:origin|97:flood:origin,0.014066677077848833,0.048738549637051515,0.1603241010033755,0.019429489268848885,2.5539770943832093e-05,0.0012150730012055293,5.581332597700615e-05,44136fa355b3678a
S7,forward_rollout_proxy,True,200037,0.5,0.125,4,1,66,0,0,0.0,0.0,,162.15345140487415,0.7011511671424115,2.659340659340659,0.0,1.0,0,0,0,11138.884470065253,11138.884470065255,11138.884470065253,1.5,0.3490309846569873,0.1382775516323742,0.0001843493959172337,13.25,5.3,0.1026552328663444,3,20:heatwave:alternative|28:wildfire:reserve|54:wildfire:alternative|67:wildfire:alternative|88:heatwave:reserve|92:funding_collapse,0.013139602437068253,0.07654736703432334,0.009389504642695466,0.0033171471973032474,2.9495903346757397e-05,0.0008781206516500239,9.663497431731666e-05,44136fa355b3678a
S7,forward_rollout_proxy,True,200038,0.75,0.25,6,2,80,0,1,0.3333333333333333,1.0,13.0,185.30072943351487,0.6883583008559063,3.073474379356733,0.022465075940051604,0.9775349240599484,0,0,0,10981.717253113877,10981.717253113877,5490.858626556938,1.5,0.23494787783712887,0.19449601456740714,0.0003444621570794603,10.25,4.1000000000000005,0.13883241495063461,2,1:funding_collapse|5:funding_collapse|6:flood:reserve|8:heatwave:alternative|11:funding_collapse|18:funding_collapse|38:wildfire:reserve|52:funding_collapse|79:heatwave:alternative|85:flood:semiwild|94:heatwave:origin|95:wildfire:reserve|98:heatwave:semiwild,0.01249781278278773,0.07739325929857309,0.0166108005072239,0.003623974467170223,5.511394513271365e-05,0.0006567838460317743,5.9931652031736125e-05,44136fa355b3678a
S7,forward_rollout_proxy,True,200039,0.5,0.5,4,4,771,771,1,0.3333333333333333,1.0,37.0,234.37115241359191,0.5291169581481432,3.9983750686649686,0.0009662964608047506,0.9990337035391953,0,0,0,11180.70817691892,11180.708176918923,2795.17704422973,1.5,0.6699999999999999,0.35984688008256194,0.00013302438295029092,23.0,9.199999999999998,0.13931564697956123,2,35:wildfire:origin|57:funding_collapse|79:flood:origin,0.013632908101777004,0.04592878594072104,0.20656429769630008,0.021271160236246797,2.1283901272046546e-05,0.0010722803895180733,4.690763395871447e-05,44136fa355b3678a
S7,forward_rollout_proxy,True,200040,0.625,0.5,5,4,800,800,0,0.0,0.0,,260.0479803812467,0.5753447780981698,4.028484807204249,0.003401066982286545,0.9965989330177134,0,0,0,11053.98173563038,11053.98173563038,2763.495433907595,1.5,0.5003087545971793,0.34756600557568373,0.0005119343628702559,50.25,20.099999999999998,0.1612514102196164,3,4:flood:alternative|7:wildfire:semiwild|44:flood:alternative|65:funding_collapse|66:heatwave:origin|69:heatwave:origin|86:flood:semiwild|94:funding_collapse|97:funding_collapse,0.014077987628756458,0.048790764665186476,0.16076147822302148,0.019566830113197323,8.190949805924096e-05,0.0011883944244092568,5.294633908699743e-05,44136fa355b3678a
S7,forward_rollout_proxy,True,200041,0.5,0.5,4,4,697,697,1,0.3333333333333333,1.0,19.0,275.56080349277806,0.7384272438984074,2.7172878717840865,0.0006828285424363325,0.9993171714575637,0,0,0,11066.398035386987,11066.398035386988,2766.5995088467466,1.5,0.5139449230595706,0.33180111250087696,0.00039158161338495335,21.5,8.599999999999998,0.14116870738539522,2,9:wildfire:reserve|27:heatwave:reserve|32:heatwave:origin|83:funding_collapse|99:funding_collapse,0.01719556693599993,0.055390349323529015,0.0,0.0,6.265305814159254e-05,0.0009107379125991343,7.994483132400722e-05,44136fa355b3678a
S7,forward_rollout_proxy,True,200042,0.625,0.25,5,2,196,196,2,0.6666666666666666,1.0,17.5,171.61555345683064,0.7313280727380307,1.989197080291971,0.14542238410168376,0.8545776158983163,0,0,0,11111.374635180346,11111.374635180346,5555.687317590173,1.5,0.4229485814436524,0.1954567841613584,5.235602094240838e-05,19.25,7.699999999999998,0.10384977607036733,1,10:flood:semiwild|11:funding_collapse|21:wildfire:reserve|28:wildfire:reserve|36:funding_collapse|36:wildfire:origin|42:wildfire:origin|72:heatwave:reserve|82:flood:alternative,0.017112049854676847,0.06415706492432849,0.0,0.0,8.37696335078534e-06,0.0006403194253230344,7.336827413737829e-05,44136fa355b3678a
S7,forward_rollout_proxy,True,200043,0.5,0.5,4,4,784,784,1,0.3333333333333333,1.0,29.0,255.65749576364917,0.5197556613520202,4.656611902173705,0.00044860207001568133,0.9995513979299843,0,0,0,11151.034037681819,11151.034037681819,2787.7585094204546,1.5,0.6699999999999999,0.3657603765456738,0.00023188638666372358,20.5,8.2,0.1359712876196836,2,32:wildfire:origin|79:funding_collapse|84:funding_collapse,0.013482681058211009,0.04491444967166788,0.21919018946045035,0.018704584985297458,3.7101821866195775e-05,0.0009792155129871537,3.8215743754380016e-05,44136fa355b3678a
S7,forward_rollout_proxy,True,200044,0.5,0.5,4,4,485,485,1,0.3333333333333333,1.0,13.0,265.4699756355881,0.5946265136075889,4.035621093938003,3.847083769560468e-05,0.9999615291623044,0,0,0,11178.447909357888,11178.447909357888,2794.611977339472,1.5,0.622263682335041,0.3552187701985565,0.0003100154096374938,50.5,20.200000000000006,0.13818095512836195,2,44:flood:alternative|72:flood:reserve|82:funding_collapse|94:heatwave:semiwild,0.014009999184434676,0.058962494012593084,0.13343541415326307,0.017385835791829597,4.960246554199902e-05,0.00098592621309003,5.251968307725829e-05,44136fa355b3678a
S7,forward_rollout_proxy,True,200045,0.5,0.25,4,2,101,6,0,0.0,0.0,,161.5643896088909,0.66565839859416,2.312035010940919,0.13583930153835036,0.8641606984616497,12,0,0,11087.265474916225,11087.265474916225,5543.632737458112,1.5,0.3943899914354259,0.1958715941421411,0.00021034050085948043,12.25,4.8999999999999995,0.10406122444594637,3,6:wildfire:alternative|22:funding_collapse|31:heatwave:reserve|33:heatwave:alternative|61:flood:origin|90:heatwave:semiwild,0.010231102384847304,0.07343593674828969,0.024272197242049605,0.0058802641848469004,3.365448013751686e-05,0.0006806396463772346,8.334972047321179e-05,44136fa355b3678a
S7,forward_rollout_proxy,True,200046,0.125,0.125,1,1,59,10,2,0.6666666666666666,1.0,18.5,90.10495516037757,0.7143124021523733,2.97267292912041,0.0,1.0,54,0,0,11181.254917672986,11181.254917672984,11181.254917672986,1.5,0.22881750030678005,0.12124318607906526,0.0002914598681654009,46.25,18.500000000000004,0.061923533785915745,1,6:wildfire:origin|17:flood:reserve|53:heatwave:origin|76:heatwave:alternative|78:wildfire:reserve|90:heatwave:origin|94:flood:alternative|95:flood:alternative|97:heatwave:reserve,0.01662198771707587,0.07017136235563033,0.0022755879460568,0.0011740943744450666,4.663357890646414e-05,0.0006669886716357893,0.00020932527918769665,44136fa355b3678a
S7,forward_rollout_proxy,True,200047,0.25,0.25,2,2,253,253,1,0.3333333333333333,1.0,14.0,162.63541618024865,0.7281536353375077,3.3033469935025983,0.0006346101093904957,0.9993653898906095,0,0,0,11148.940291573728,11148.940291573728,5574.470145786864,1.5,0.5332920828076438,0.21848241337782925,0.00029339115046232586,24.0,9.6,0.09809867581019456,2,5:wildfire:semiwild|21:heatwave:reserve|23:wildfire:origin|37:heatwave:origin|63:wildfire:origin|92:heatwave:alternative,0.017320602674183543,0.06295704657838418,0.00022841888512821595,6.334987133404876e-05,4.6942584073972136e-05,0.00046847167278340064,0.00010206764656454645,44136fa355b3678a
S7,forward_rollout_proxy,True,200048,0.5,0.5,4,4,714,714,1,0.3333333333333333,1.0,16.0,306.8074075371527,0.7407569710454847,2.8833805532177514,0.0028740895721910795,0.997125910427809,0,0,0,11133.844328728084,11133.844328728086,2783.461082182021,1.5,0.5041872530257075,0.3313455080852567,0.00016327913279132793,15.5,6.2,0.13546488625254222,2,14:wildfire:reserve|23:funding_collapse|45:wildfire:origin|47:heatwave:semiwild|67:heatwave:origin|84:wildfire:reserve,0.01700150762105228,0.05612442663530699,0.0,0.0,2.6124661246612464e-05,0.0010199764378221446,4.837928330329585e-05,44136fa355b3678a
S7,forward_rollout_proxy,True,200049,0.5,0.375,4,3,570,570,1,0.3333333333333333,1.0,18.0,255.38698678929867,0.629040907522584,5.364214473733082,0.0003314670784189712,0.999668532921581,0,0,0,11108.665482044453,11108.665482044455,3702.8884940148178,1.5,0.517855228960236,0.2986932858441886,0.0003316659854072546,50.0,20.000000000000007,0.12257809105417078,2,12:flood:semiwild|24:funding_collapse|30:heatwave:alternative|36:funding_collapse|41:heatwave:alternative|63:funding_collapse|72:heatwave:origin,0.014047825931054454,0.04779435110317353,0.122642917847785,0.00572440449351411,5.306655766516073e-05,0.0005644235517388502,6.806586514717186e-05,44136fa355b3678a
S7,forward_rollout_proxy,True,200050,0.375,0.375,3,3,564,564,1,0.3333333333333333,1.0,12.0,193.30592494031814,0.5377801733586244,3.084464971956008,0.003386595322164413,0.9966134046778355,0,0,0,11190.473799368361,11190.47379936836,3730.157933122787,1.5,0.4811901023886924,0.270629847981796,0.00031590410480069144,13.5,5.3999999999999995,0.11458094011683342,2,11:flood:origin|18:flood:alternative|19:funding_collapse|22:funding_collapse|23:heatwave:origin|36:wildfire:alternative|37:heatwave:alternative|45:wildfire:semiwild,0.012688778380883297,0.04223978417061886,0.18600297106545838,0.032144511961274484,5.054465676811064e-05,0.0013164638481058238,5.4952714734797055e-05,44136fa355b3678a
S7,forward_rollout_proxy,True,200051,0.5,0.5,4,4,759,759,1,0.3333333333333333,1.0,11.0,263.22714754030693,0.5773478365097175,4.552088498891095,0.00011481430906090258,0.9998851856909391,0,0,0,11180.931220080043,11180.931220080045,2795.232805020011,1.5,0.6699999999999999,0.36602690760330625,0.00026849319761444257,45.25,18.1,0.14253011307197644,2,34:funding_collapse|92:wildfire:origin,0.014022458555699337,0.047884378406801445,0.16202799910147306,0.01755152056505828,4.295891161831082e-05,0.0010232147246087432,5.415670548196587e-05,44136fa355b3678a
S7,forward_rollout_proxy,True,200052,0.5,0.25,4,2,180,180,0,0.0,0.0,,196.22387232995078,0.7321140444110956,2.9020099272588427,0.001038321636019461,0.9989616783639805,0,0,0,11159.448540390851,11159.448540390851,5579.724270195426,1.5,0.47558337762159675,0.21407170030146472,0.0001984500896553134,10.75,4.3,0.12496631633358306,3,21:wildfire:alternative|26:wildfire:reserve|27:wildfire:reserve|40:flood:reserve,0.016383084653992647,0.07494440566541899,0.0,0.0,3.175201434485015e-05,0.00070477687534029,7.566656991792003e-05,44136fa355b3678a
S7,forward_rollout_proxy,True,200053,0.5,0.125,4,1,65,0,1,0.3333333333333333,1.0,32.0,177.9935482209243,0.6984309019423669,2.6757441418619377,0.0014627445338856614,0.9985372554661144,0,0,0,11190.339996720617,11190.339996720617,11190.339996720617,1.5,0.4088036441435207,0.14862083660846123,0.0003094460862366397,6.75,2.700000000000001,0.12366515387744889,2,21:heatwave:reserve|47:heatwave:alternative|58:heatwave:reserve|73:flood:alternative,0.012848916228089913,0.07738295603042959,0.009111814701462153,0.003501226729116339,4.951137379786236e-05,0.0008172007307771776,6.851737422413799e-05,44136fa355b3678a
S7,forward_rollout_proxy,True,200054,0.5,0.25,4,2,387,387,1,0.3333333333333333,1.0,32.0,224.82040119276041,0.7466168494307737,3.9729057303507997,0.0008006545647333111,0.9991993454352667,0,0,0,11142.206507628794,11142.206507628794,5571.103253814397,1.5,0.5924515912143796,0.23221284063467196,0.0002660583812880348,25.75,10.299999999999995,0.10369312104863,2,36:heatwave:reserve|41:funding_collapse|49:flood:reserve|61:funding_collapse,0.016688048209185416,0.055576852136243866,0.0,0.0,4.2569341006085564e-05,0.0006866762413258437,6.828150368415404e-05,44136fa355b3678a
S7,forward_rollout_proxy,True,200055,0.375,0.25,3,2,98,14,0,0.0,0.0,,127.70081693250042,0.6584200569498307,2.836482084690554,0.0023139148976560947,0.9976860851023439,24,0,0,11127.64558550489,11127.64558550489,5563.822792752445,1.5,0.42098590125552676,0.2040954642749669,0.0002737455195632142,43.0,17.2,0.10566026651254326,3,15:funding_collapse|22:wildfire:reserve|34:heatwave:origin|43:heatwave:alternative|64:flood:reserve|66:flood:origin|81:funding_collapse,0.010328769880693955,0.07995911754817966,0.02545146842132601,0.006314056604764633,4.3799283130114275e-05,0.0006406468237142579,0.00024500526944678326,44136fa355b3678a
S7,forward_rollout_proxy,True,200056,0.5,0.5,4,4,420,420,1,0.3333333333333333,1.0,20.0,247.39198939453377,0.6409990780086662,4.082248222836043,0.0017312482351414691,0.9982687517648585,111,0,0,11179.540359921964,11179.540359921964,2794.885089980491,1.5,0.574646479117044,0.35217577965192676,0.00012468827930174565,76.75,30.700000000000035,0.14444324755930968,2,21:heatwave:semiwild|31:flood:semiwild|41:funding_collapse|54:flood:semiwild|73:heatwave:reserve|75:wildfire:semiwild|82:heatwave:reserve,0.014636190840770558,0.06131967415778578,0.08676845849862358,0.014002280979714479,1.9950124688279304e-05,0.0011446726233297613,9.913656520749553e-05,44136fa355b3678a
S7,forward_rollout_proxy,True,200057,0.5,0.5,4,4,715,715,0,0.0,0.0,,315.0169646438503,0.7363640515825886,3.918592685434665,0.0027363412115964055,0.9972636587884036,113,0,0,11182.57161570325,11182.571615703251,2795.6429039258123,1.5,0.5327819412868573,0.3463324217824589,0.000182414844852984,68.25,27.300000000000022,0.14434150399713233,3,19:funding_collapse|51:wildfire:reserve|90:wildfire:reserve,0.016307022761431096,0.05963636157918329,0.00424008735121745,0.0017295931057647784,2.9186375176477445e-05,0.0009241963292548625,0.00010200806476773126,44136fa355b3678a
S7,forward_rollout_proxy,True,200058,0.625,0.625,5,5,859,859,1,0.3333333333333333,1.0,19.0,234.78913854596433,0.5039103733752485,3.00333686288534,0.06117567869626269,0.9388243213037373,0,0,0,11191.611400562659,11191.611400562659,2238.3222801125316,1.5,0.6699999999999999,0.4120823443649421,0.000412749514621706,18.5,7.4,0.16899487868044352,2,2:funding_collapse|29:flood:origin,0.013408345355605651,0.04656757046663231,0.23140772348775915,0.019568838813160745,6.603992233947297e-05,0.0010360351097907716,5.868678032882612e-05,44136fa355b3678a
S7,forward_rollout_proxy,True,200059,0.75,0.5,6,4,764,764,1,0.3333333333333333,1.0,25.0,266.5783949760716,0.576305346808623,4.869932465415145,0.00024245194046489148,0.9997575480595351,0,0,0,11145.810341527982,11145.810341527982,2786.4525853819955,1.5,0.7387286838387545,0.3788559943800154,0.0001087021196761526,48.75,19.500000000000004,0.15641900670994208,2,38:wildfire:semiwild|44:flood:semiwild|46:funding_collapse|71:funding_collapse,0.014052687055647058,0.047684290605076195,0.16543923904547728,0.015431045829427304,1.7392339148184416e-05,0.0010095611731131956,6.040918935000962e-05,44136fa355b3678a
S7,forward_rollout_proxy,True,200060,0.625,0.625,5,5,885,885,0,0.0,0.0,,250.42476558522475,0.553810295707742,3.660916818877355,5.506970667949428e-05,0.9999449302933205,0,0,0,11184.212087355121,11184.212087355121,2236.8424174710244,1.5,0.6270088229657623,0.4132175422393606,0.00011470414751222567,54.0,21.60000000000001,0.16328745877005396,3,2:funding_collapse|52:wildfire:semiwild|74:heatwave:semiwild|91:heatwave:semiwild|99:flood:alternative,0.014065872277601327,0.04979100019209204,0.18720770095368675,0.01417691472602102,1.8352663601956104e-05,0.0009331469560897118,5.896035739658037e-05,44136fa355b3678a
S7,forward_rollout_proxy,True,200061,0.5,0.5,4,4,753,753,2,0.6666666666666666,1.0,23.5,243.1543426227981,0.5619157001735893,4.381070803663923,0.0005713887863723949,0.9994286112136276,0,0,0,11206.359502785252,11206.359502785252,2801.589875696313,1.5,0.6020064933199828,0.3568332679510662,0.00039752368272054665,48.0,19.200000000000006,0.13910955291214333,1,29:wildfire:alternative|61:flood:alternative,0.01397043376823347,0.04632726508069137,0.17933892375559082,0.016492167576152253,6.360378923528747e-05,0.0010457273953399888,5.3694078342733374e-05,44136fa355b3678a
S7,forward_rollout_proxy,True,200062,0.5,0.5,4,4,798,798,0,0.0,0.0,,308.4686006323996,0.7429751150372595,3.430097875552571,0.0,1.0,32,0,0,11144.58450011456,11144.58450011456,2786.14612502864,1.5,0.592724226028376,0.34740656976998857,0.00024848200651462473,46.5,18.6,0.14416584205812621,3,42:heatwave:reserve|44:funding_collapse|59:funding_collapse|71:wildfire:reserve,0.016608354678587078,0.05943573442614264,0.00012018600305715441,4.829319904331445e-05,3.9757121042339955e-05,0.0009158213347109698,8.128561520616083e-05,44136fa355b3678a
S7,forward_rollout_proxy,True,200063,0.625,0.25,5,2,153,0,1,0.3333333333333333,1.0,12.0,152.04671045335326,0.6221224260825153,2.4173019351894744,0.0,1.0,5,0,0,11150.833317063789,11150.833317063789,5575.416658531894,1.5,0.3016480157706383,0.19350454611872434,0.0006052871740554047,25.5,10.199999999999998,0.13333362594882883,2,12:flood:reserve|44:heatwave:origin|47:flood:reserve|48:funding_collapse|53:flood:alternative|61:wildfire:semiwild|69:heatwave:reserve|81:flood:origin,0.009094720663373669,0.07553695958057798,0.05259309162433457,0.006466198773026186,9.684594784886477e-05,0.0006431225665014349,0.00010890257629417744,44136fa355b3678a
S7,forward_rollout_proxy,True,200064,0.625,0.25,5,2,96,0,0,0.0,0.0,,191.61257926147118,0.6922838265510175,2.8479890933878664,0.05212273443955566,0.9478772655604444,0,0,0,11085.38257736553,11085.38257736553,5542.691288682765,1.5,0.3258569515773817,0.20015064204892793,5.319148936170213e-05,7.0,2.8000000000000007,0.13292527978655544,3,3:flood:reserve|27:wildfire:alternative|45:funding_collapse|57:flood:alternative|77:flood:origin|97:wildfire:reserve,0.012621285136569889,0.07795468045643503,0.01212510392634765,0.0037747479763099116,8.51063829787234e-06,0.0008488765085727985,7.456489260236507e-05,44136fa355b3678a
S7,forward_rollout_proxy,True,200065,0.5,0.5,4,4,759,759,0,0.0,0.0,,253.80781544524473,0.5701915580284351,4.921340560176784,1.596643801062193e-05,0.9999840335619894,0,0,0,11180.401987539244,11180.401987539246,2795.100496884811,1.5,0.7394551084049911,0.37457632036702226,4.053243344581927e-05,42.25,16.9,0.13208701962377675,3,35:flood:semiwild|36:funding_collapse|81:heatwave:semiwild,0.014011328763084713,0.04673503074116867,0.1685770577495758,0.018457484077499624,6.485189351331083e-06,0.001031391526016212,5.2727212321467596e-05,44136fa355b3678a
S7,forward_rollout_proxy,True,200066,0.5,0.5,4,4,607,607,0,0.0,0.0,,247.27992403343805,0.5624950872756186,4.148877226659284,0.0015418428661597694,0.9984581571338402,0,0,0,11182.905430055638,11182.905430055638,2795.7263575139095,1.5,0.617946678014543,0.35652602620127105,0.00016578416782994185,45.25,18.1,0.14121293066611942,3,21:funding_collapse|64:heatwave:origin|77:heatwave:reserve|82:heatwave:origin|98:wildfire:origin,0.013932535103218114,0.053468311941950064,0.1701727464440508,0.01737035705236327,2.6525466852790697e-05,0.0010300739331681658,4.7748218039092746e-05,44136fa355b3678a
S7,forward_rollout_proxy,True,200067,0.75,0.375,6,3,599,599,0,0.0,0.0,,249.84585916292596,0.60940194900029,4.785817276650345,0.0001062706009189665,0.999893729399081,0,0,0,11211.870819186946,11211.870819186946,3737.2902730623155,1.5,0.6699999999999999,0.31361967461462614,0.00010704332125421511,35.5,14.199999999999994,0.1500575092406134,3,51:heatwave:origin|64:flood:origin,0.013932627558795836,0.047047334982490634,0.1418504285147975,0.006286024998940978,1.7126931400674416e-05,0.0005495538679794938,5.213527049072381e-05,44136fa355b3678a
S7,forward_rollout_proxy,True,200068,0.5,0.375,4,3,567,567,0,0.0,0.0,,291.3934588101918,0.7175104208764732,3.3325056469083356,0.001369729425772505,0.9986302705742275,160,0,0,11178.741932202101,11178.741932202101,3726.247310734034,1.5,0.5605380534497704,0.2852358343969908,0.00023318734316388822,78.25,31.300000000000022,0.13553486291465194,3,59:flood:reserve|64:funding_collapse|86:flood:reserve,0.015523848777329676,0.059885874999625485,0.02259856665498521,0.0022507147220988994,3.7309974906222115e-05,0.0007057418106513743,9.828996236281644e-05,44136fa355b3678a
S7,forward_rollout_proxy,True,200069,0.5,0.375,4,3,454,454,1,0.3333333333333333,1.0,25.0,266.3677695328559,0.652886148426624,4.432383995923259,0.0009555525415590612,0.9990444474584409,90,0,0,11052.389250602382,11052.389250602382,3684.129750200794,1.5,0.6528206061553318,0.3034744872642108,0.0002836593184613496,71.25,28.50000000000002,0.12559293344722483,2,12:flood:semiwild|18:wildfire:semiwild|19:funding_collapse|30:flood:semiwild|35:funding_collapse|63:funding_collapse|65:funding_collapse|78:flood:reserve|95:funding_collapse,0.014456819674342695,0.05630821621883154,0.08953357134732308,0.0052350479274646915,4.538549095381593e-05,0.0005205737788358413,8.241622434958096e-05,44136fa355b3678a
S7,forward_rollout_proxy,True,200070,0.75,0.75,6,6,1052,1052,1,0.3333333333333333,1.0,14.0,232.71027716033026,0.46411581171194205,3.7614585943313013,1.0523097261254222e-05,0.9999894769027388,0,0,0,11089.881764690394,11089.881764690395,1848.3136274483988,1.5,0.4960464244220903,0.4625940758045984,0.0005262432279766462,28.75,11.499999999999995,0.18937423709538154,2,12:wildfire:alternative|21:funding_collapse|32:heatwave:origin|40:funding_collapse|74:heatwave:origin|80:flood:alternative|93:heatwave:semiwild|99:funding_collapse,0.013555731380194072,0.04855660950306249,0.27104770953396334,0.018826789919319527,8.419891647626338e-05,0.0009514812755277936,4.4722539616567985e-05,44136fa355b3678a
S7,forward_rollout_proxy,True,200071,0.375,0.25,3,2,333,333,1,0.3333333333333333,1.0,25.0,145.6954527353593,0.6755858337625413,3.21897516503893,0.0,1.0,0,0,0,11187.001989901692,11187.001989901692,5593.500994950846,1.5,0.47311505858427894,0.21223688288719453,0.00022981159636254592,10.5,4.2,0.10117812689188665,2,22:flood:reserve|23:wildfire:origin|38:flood:alternative|57:heatwave:alternative|73:flood:semiwild|96:heatwave:semiwild,0.013803888153386608,0.06981310348640206,0.0525638794213084,0.006623553756165936,3.676985541800735e-05,0.0006321960958782844,7.985575988584794e-05,44136fa355b3678a
S7,forward_rollout_proxy,True,200072,0.5,0.5,4,4,649,649,0,0.0,0.0,,189.91277177783115,0.564002152891902,2.545298247740048,0.000966833064282395,0.9990331669357176,30,0,0,11218.267648949733,11218.267648949732,2804.5669122374334,1.5,0.5352527866405357,0.331567082438574,9.325219258994092e-05,37.5,14.999999999999993,0.13794410648559957,3,13:wildfire:alternative|14:flood:origin|24:wildfire:reserve|49:heatwave:alternative|71:flood:semiwild,0.013116417186807516,0.06569702599527844,0.1541994029939136,0.016636643300962026,1.492035081439055e-05,0.0009307818788453895,8.869237148209308e-05,44136fa355b3678a
S7,forward_rollout_proxy,True,200073,0.625,0.625,5,5,839,839,2,0.6666666666666666,1.0,23.5,271.04881081655566,0.574871399842175,4.16069715429273,0.003186785703971108,0.9968132142960289,0,0,0,11088.406608840898,11088.406608840898,2217.6813217681797,1.5,0.6699999999999999,0.4224014528012958,0.00046573019048375206,63.25,25.30000000000002,0.16272240629184243,1,11:funding_collapse|25:funding_collapse|40:funding_collapse|53:funding_collapse|80:heatwave:origin,0.014179306394997024,0.05099430122141478,0.16431908034634135,0.014848259914846472,7.451683047740033e-05,0.00106180374152446,6.368396017817027e-05,44136fa355b3678a
S7,forward_rollout_proxy,True,200074,0.5,0.25,4,2,280,280,1,0.3333333333333333,1.0,41.0,181.9639901965142,0.7067083596697246,3.505916292378596,0.0,1.0,0,0,0,11070.431814425576,11070.431814425576,5535.215907212788,1.5,0.5473719239191984,0.22546874998287214,0.0004282564608154791,20.0,7.999999999999998,0.11586197333583165,2,16:wildfire:alternative|23:funding_collapse|24:wildfire:reserve|25:flood:semiwild|81:heatwave:semiwild|82:flood:semiwild|91:heatwave:origin|93:funding_collapse|96:funding_collapse,0.014919119956074091,0.06990088501962367,0.027145918943553084,0.004591343002224249,6.852103373047667e-05,0.0008597239904160872,8.165647407731647e-05,44136fa355b3678a
S7,forward_rollout_proxy,True,200075,0.625,0.5,5,4,313,313,0,0.0,0.0,,272.008888671413,0.5893622840099517,4.599949427651921,0.00030359233219229086,0.9996964076678078,24,0,0,11092.954300218973,11092.954300218973,2773.2385750547433,1.5,0.4949365603243174,0.35110542682245566,0.00024342646793366212,61.0,24.400000000000016,0.15306138256752377,3,5:heatwave:semiwild|6:funding_collapse|11:flood:semiwild|23:funding_collapse|30:funding_collapse|32:funding_collapse|69:wildfire:alternative|92:wildfire:reserve|97:heatwave:reserve,0.014140230413730817,0.05576852680698545,0.141383457481621,0.018450467475963083,3.894823486938594e-05,0.0011557973676185455,6.659452119195451e-05,44136fa355b3678a
S7,forward_rollout_proxy,True,200076,0.5,0.25,4,2,304,304,0,0.0,0.0,,210.06725169236816,0.6999613492968385,4.642160229138686,0.001581073798915007,0.998418926201085,0,0,0,11187.55318364558,11187.553183645581,5593.77659182279,1.5,0.5602921074738021,0.24264607847107184,0.00014989606944772709,16.75,6.699999999999998,0.13847632716152386,3,15:heatwave:reserve|47:wildfire:alternative|76:flood:semiwild|88:flood:alternative|95:flood:semiwild,0.014869649501160303,0.06962300648171199,0.03429895726557966,0.004562319898847218,2.3983371111636332e-05,0.0008184762915170837,8.441712995473017e-05,44136fa355b3678a
S7,forward_rollout_proxy,True,200077,0.625,0.375,5,3,472,472,0,0.0,0.0,,218.67281047070642,0.5942532192079635,3.629313684656978,9.593498874533827e-05,0.9999040650112546,0,0,0,11081.314855950848,11081.314855950848,3693.7716186502826,1.5,0.40878690693166625,0.27284419344721295,0.0002485677094863235,15.0,6.0,0.13461182953738254,3,4:heatwave:alternative|9:funding_collapse|26:flood:alternative|37:wildfire:origin|45:heatwave:semiwild|51:flood:alternative|69:wildfire:reserve|90:funding_collapse,0.013641098745928113,0.056770454460053,0.12438875501992114,0.02683164182012792,3.9770833517811765e-05,0.001314189657570555,4.526213543900574e-05,44136fa355b3678a
S7,forward_rollout_proxy,True,200078,0.75,0.75,6,6,1029,1029,1,0.3333333333333333,1.0,19.0,211.79074860345162,0.4085451257917865,3.6435492947625807,0.00016337892738578077,0.9998366210726142,0,0,0,11201.756694747026,11201.756694747026,1866.9594491245043,1.5,0.6699999999999999,0.47846352256376906,0.00030589821816729497,30.75,12.299999999999999,0.1876401480807161,2,8:flood:origin|27:funding_collapse|29:heatwave:origin|30:funding_collapse|54:wildfire:origin|74:flood:semiwild,0.012759355653854216,0.044849737613440244,0.3240142743371582,0.021568740886132934,4.8943714906767203e-05,0.0009390501548159372,5.687387947642367e-05,44136fa355b3678a
S7,forward_rollout_proxy,True,200079,0.5,0.5,4,4,160,57,0,0.0,0.0,,242.80868995276657,0.5965831092311161,4.046047247415416,4.3616493035813284e-05,0.9999563835069641,2,0,0,11065.862351026899,11065.862351026899,2766.4655877567247,1.5,0.32873463520817514,0.3271381543059975,0.0003923235485913856,53.0,21.200000000000003,0.14402109155512935,3,7:funding_collapse|7:flood:alternative|14:wildfire:alternative|31:flood:alternative|52:flood:origin|81:flood:reserve|87:wildfire:reserve|95:funding_collapse,0.013483295253130809,0.06163344081072347,0.12499230347896093,0.016561892354426132,6.27717677746217e-05,0.0010299314257266197,8.597691361173648e-05,44136fa355b3678a
S7,forward_rollout_proxy,True,200080,0.625,0.375,5,3,520,520,0,0.0,0.0,,273.9621418463349,0.7444082214537673,3.545869778609522,0.001226348019176509,0.9987736519808235,0,0,0,11092.307368052667,11092.307368052669,3697.435789350889,1.5,0.5307532842936326,0.28610827142689677,0.00019512855053941723,28.75,11.499999999999995,0.1441212260571913,3,4:funding_collapse|19:wildfire:reserve|23:funding_collapse|55:heatwave:semiwild|65:flood:reserve|98:funding_collapse,0.016680635727126015,0.05782644426970467,0.0,0.0,3.1220568086306745e-05,0.000765969234763331,7.797283966245285e-05,44136fa355b3678a
S7,forward_rollout_proxy,True,200081,0.5,0.5,4,4,701,701,1,0.3333333333333333,1.0,15.0,230.6928104622753,0.4676891818543431,3.951842714035014,0.0,1.0,0,0,0,11252.912087198218,11252.91208719822,2813.2280217995544,1.5,0.6066285781572458,0.35187733093542706,0.00022207592641542578,23.25,9.299999999999999,0.13348022989676162,2,6:flood:origin|45:funding_collapse|91:flood:alternative,0.012581931637005042,0.04266263030420502,0.27705640472078524,0.010892571123720935,3.5532148226468126e-05,0.0005256156042523374,5.384887987342785e-05,44136fa355b3678a
S7,forward_rollout_proxy,True,200082,0.625,0.5,5,4,652,652,2,0.6666666666666666,1.0,18.5,243.46236098658315,0.5719022164487841,3.53959500108048,7.401589270286455e-05,0.9999259841072972,0,0,0,11179.261041210133,11179.261041210133,2794.8152603025333,1.5,0.6290946980120627,0.35253458417097755,5.369137190463836e-05,22.5,8.999999999999998,0.1461458217948326,1,45:heatwave:origin|75:funding_collapse|75:heatwave:reserve|97:flood:semiwild,0.013793838861078385,0.052795980464999295,0.16158951522968742,0.01761160297574354,8.590619504742138e-06,0.001013070981565026,3.722288885895692e-05,44136fa355b3678a
S7,forward_rollout_proxy,True,200083,0.625,0.5,5,4,769,769,1,0.3333333333333333,1.0,17.0,273.52780201624006,0.5820265796650202,5.267643619659733,0.0,1.0,0,0,0,11159.17799645288,11159.17799645288,2789.79449911322,1.5,0.7086448460377209,0.37712235252357174,0.0003231574478949526,59.5,23.80000000000001,0.14290715861601158,2,13:wildfire:alternative|40:funding_collapse|85:wildfire:semiwild,0.014126285606048528,0.04904975291179469,0.15709126505453525,0.016832682063058376,5.170519166319242e-05,0.0011511940191639065,6.221139751256963e-05,44136fa355b3678a
S7,forward_rollout_proxy,True,200084,0.5,0.375,4,3,270,121,1,0.3333333333333333,1.0,14.0,116.7624806593392,0.5679554905359017,2.39225712374665,0.0032023349826479732,0.996797665017352,34,0,0,11190.117041850266,11190.117041850266,3730.0390139500887,1.5,0.46864890230666134,0.26366316409873597,0.0009162197867042592,49.0,19.600000000000005,0.12062851315301665,2,13:flood:origin|15:flood:semiwild|17:funding_collapse|27:wildfire:alternative|28:flood:reserve|38:heatwave:reserve|48:funding_collapse,0.00651972705870657,0.07828786890343162,0.0814474800203719,0.010220795739210016,0.00014659516587268144,0.0006617623021135037,0.00015716382794736473,44136fa355b3678a
S7,forward_rollout_proxy,True,200085,0.5,0.375,4,3,460,460,1,0.3333333333333333,1.0,19.0,215.8539235930197,0.6919784734596707,3.7264844321439496,0.002850279407190199,0.9971497205928098,0,0,0,11165.655292052395,11165.655292052397,3721.8850973507983,1.5,0.6030624630919282,0.29237419655015956,2.5974025974025975e-05,21.5,8.6,0.130265529597636,2,15:wildfire:reserve|24:wildfire:alternative|71:wildfire:semiwild,0.01481278227770353,0.0683695586121024,0.043829317166275826,0.004051937354140903,4.155844155844156e-06,0.0007807462191987918,7.811102846571028e-05,44136fa355b3678a
S7,forward_rollout_proxy,True,200086,0.625,0.5,5,4,683,683,0,0.0,0.0,,302.20882329138726,0.7129464994962579,4.072463407300029,0.0055762281412699765,0.99442377185873,112,0,0,11117.874122432673,11117.874122432673,2779.4685306081683,1.5,0.57157571667016,0.35407280478428754,0.00042815582049061696,65.75,26.30000000000001,0.15595299522135633,3,11:funding_collapse|52:wildfire:reserve|62:funding_collapse|66:funding_collapse|83:flood:semiwild|87:wildfire:semiwild|97:flood:reserve,0.015578808915585727,0.06044056076811291,0.016844683854854724,0.011550247366952298,6.850493127849873e-05,0.001129184966565775,9.439724444931975e-05,44136fa355b3678a
S7,forward_rollout_proxy,True,200087,0.5,0.5,4,4,632,632,1,0.3333333333333333,1.0,19.0,256.87195304884995,0.5786067797125135,4.706953639590689,0.0,1.0,0,0,0,11147.012903159926,11147.012903159926,2786.7532257899816,1.5,0.628401153234179,0.36269069175849256,5.2111568903827384e-05,44.0,17.599999999999994,0.1389052001958385,2,36:funding_collapse|40:heatwave:semiwild|62:wildfire:origin|64:heatwave:semiwild|78:flood:reserve|91:funding_collapse,0.01403030822792824,0.05365871231404046,0.1533642460881034,0.01840372284742334,8.337851024612383e-06,0.0011138274460873174,4.616127184410877e-05,44136fa355b3678a
S7,forward_rollout_proxy,True,200088,0.625,0.5,5,4,779,779,1,0.3333333333333333,1.0,26.0,235.24446109551494,0.48273518909662433,4.709096509833579,3.455193088985944e-05,0.9999654480691101,0,0,0,11206.769766036423,11206.769766036421,2801.6924415091057,1.5,0.6712900840182442,0.3684291854671775,0.00026324021434594565,29.0,11.599999999999996,0.14604605983508662,2,19:flood:origin|26:funding_collapse|40:heatwave:semiwild,0.01313720186831954,0.04291066121741038,0.25025324893563367,0.025145740911621778,4.21184342953513e-05,0.001188726282067295,5.382235542806397e-05,44136fa355b3678a
S7,forward_rollout_proxy,True,200089,0.5,0.5,4,4,610,610,2,0.6666666666666666,1.0,24.5,218.77286788272272,0.6305559439279239,3.635933294150356,1.6344403479350538e-05,0.9999836555965207,0,0,0,11194.705914951363,11194.705914951363,2798.6764787378406,1.5,0.5650398921887417,0.34517159217057036,0.0008974764648649919,22.0,8.799999999999997,0.13654135005096305,1,29:wildfire:reserve|34:heatwave:alternative|49:heatwave:origin,0.014244229538780104,0.06812460608808169,0.09257046999215282,0.014130948688442602,0.0001435962343783987,0.0011015352056340329,6.432796804330563e-05,44136fa355b3678a
S7,forward_rollout_proxy,True,200090,0.625,0.25,5,2,143,53,1,0.3333333333333333,1.0,18.0,163.45433571941686,0.6686466518314487,2.71032904214973,0.0007344630906681633,0.9992655369093318,40,0,0,11078.229283451767,11078.229283451768,5539.114641725883,1.5,0.4071676043313321,0.2048172415082415,0.00021022007815380027,22.5,8.999999999999998,0.12248595326805486,2,15:flood:alternative|20:flood:reserve|25:wildfire:reserve|54:funding_collapse|54:heatwave:origin|59:wildfire:origin|82:flood:reserve|90:funding_collapse,0.01074701640049201,0.07467960288137263,0.020245199715520967,0.00497331502844419,3.3635212504608046e-05,0.0007525986718995793,0.00012005879657468079,44136fa355b3678a
S7,forward_rollout_proxy,True,200091,0.5,0.5,4,4,752,752,0,0.0,0.0,,273.4147847184837,0.5758906403994662,4.815319288712758,0.00028029435678898177,0.999719705643211,0,0,0,11050.30202153848,11050.302021538482,2762.57550538462,1.5,0.702264853137466,0.37134005614165055,0.0002606361597880471,55.25,22.10000000000001,0.13980188970388202,3,17:heatwave:semiwild|30:funding_collapse|39:funding_collapse|49:funding_collapse|61:heatwave:alternative|71:funding_collapse|76:heatwave:semiwild|80:funding_collapse|91:heatwave:semiwild,0.014084473795479627,0.04865740269967276,0.16384185814026186,0.01611315989687633,4.170178556608755e-05,0.0011978138884707525,5.636665789388266e-05,44136fa355b3678a
S7,forward_rollout_proxy,True,200092,0.625,0.625,5,5,931,931,0,0.0,0.0,,220.29438618911857,0.47422439361763824,3.72054491910678,0.0004949483664889549,0.999505051633511,0,0,0,11224.600001242132,11224.600001242134,2244.9200002484263,1.5,0.6699999999999999,0.4206222412989355,0.00017516877975018143,20.75,8.299999999999999,0.17583396053933828,3,7:flood:semiwild|23:wildfire:origin|87:flood:semiwild,0.013254131428530904,0.04617491455731497,0.26204953380801604,0.018785757557029624,2.802700476002903e-05,0.000969592531631059,6.247287895232808e-05,44136fa355b3678a
S7,forward_rollout_proxy,True,200093,0.375,0.375,3,3,592,592,0,0.0,0.0,,260.51529306962726,0.6236385716050454,4.419483691293314,0.0,1.0,0,0,0,11145.966672759489,11145.966672759489,3715.322224253163,1.5,0.6699999999999999,0.30597901443729086,0.00010498687664041995,53.0,21.200000000000003,0.13017088762178852,3,70:funding_collapse|75:funding_collapse|93:flood:origin,0.014066826060520211,0.04825258124744264,0.12784603964353886,0.005677054862975503,1.6797900262467193e-05,0.0005438811796610598,6.929987866032999e-05,44136fa355b3678a
S7,forward_rollout_proxy,True,200094,0.625,0.5,5,4,578,578,1,0.3333333333333333,1.0,25.0,263.08924392481697,0.5711032660014111,4.382114963525712,0.001706572581440641,0.9982934274185593,24,0,0,11112.849587108616,11112.849587108616,2778.212396777154,1.5,0.6112901360746353,0.3581510026956735,0.00024541104632081113,61.0,24.400000000000016,0.1410041972647643,2,47:funding_collapse|48:funding_collapse|55:funding_collapse|69:heatwave:alternative|97:flood:reserve,0.014048110721418903,0.04991853605657786,0.16565775424795828,0.017344332119967474,3.926576741132979e-05,0.0010460422673513189,6.234381792198739e-05,44136fa355b3678a
S7,forward_rollout_proxy,True,200095,0.5,0.375,4,3,370,370,1,0.3333333333333333,1.0,18.0,226.13906798044104,0.7359249504854735,3.7572423312780976,0.0006278085006581187,0.9993721914993419,0,0,0,11085.505048218016,11085.505048218016,3695.1683494060053,1.5,0.43986461325156023,0.2748170276361104,0.0004416171874155068,33.5,13.399999999999995,0.12254071499086672,2,6:heatwave:reserve|17:heatwave:reserve|32:funding_collapse|34:wildfire:reserve|76:heatwave:alternative,0.016659597426416553,0.06642269717573383,0.0,0.0,7.065874998648108e-05,0.0009548508823236067,7.328388381790121e-05,44136fa355b3678a
S7,forward_rollout_proxy,True,200096,0.125,0.125,1,1,202,202,1,0.3333333333333333,1.0,44.0,126.4452574820216,0.735747664262937,1.9982370225269341,7.5014595255244e-05,0.9999249854047447,0,0,0,11103.330599576675,11103.330599576675,11103.330599576675,1.5,0.5841010579208045,0.14861434170099033,0.0001300016765396222,9.75,3.900000000000001,0.06985932841820273,2,11:wildfire:reserve|13:wildfire:origin|30:funding_collapse,0.01725126495431877,0.057303755066318275,0.0,0.0,2.0800268246339557e-05,0.0008011854035231804,0.00010635572987509859,44136fa355b3678a
S7,forward_rollout_proxy,True,200097,0.5,0.5,4,4,784,784,1,0.3333333333333333,1.0,20.0,238.85563775678784,0.5002232864559669,4.307746573733587,0.00021642837854455842,0.9997835716214555,0,0,0,11163.656484125087,11163.656484125087,2790.914121031272,1.5,0.6699999999999999,0.363826901343026,0.00019057193923145664,28.0,11.199999999999996,0.14374717802845055,2,2:funding_collapse|26:flood:origin|29:heatwave:semiwild|55:funding_collapse,0.013351132577727664,0.04399256825837292,0.23521737521604247,0.02185857028272652,3.0491510277033067e-05,0.001136935080057245,4.9581901042161705e-05,44136fa355b3678a
S7,forward_rollout_proxy,True,200098,0.625,0.5,5,4,736,736,2,0.6666666666666666,1.0,16.0,290.75018308202755,0.7285677048490125,3.7293913071691613,0.005211759033983333,0.9947882409660167,90,0,0,11180.675801049658,11180.67580104966,2795.1689502624145,1.5,0.561765922369649,0.3485580153965172,0.00021294775515862875,64.5,25.800000000000015,0.15043755043930335,1,38:funding_collapse|56:wildfire:reserve|90:heatwave:origin,0.016159757781806946,0.05803070857106397,0.008748933887174204,0.005500868636259277,3.407164082538059e-05,0.0012370979311450302,0.00010751642964799858,44136fa355b3678a
S7,forward_rollout_proxy,True,200099,0.625,0.5,5,4,756,756,0,0.0,0.0,,248.01692771757095,0.5516477264679429,3.9229470063901433,0.0017038549002796896,0.9982961450997203,0,0,0,11177.984779120074,11177.984779120074,2794.4961947800184,1.5,0.6699999999999999,0.3614164840253795,0.00029776156424019895,19.0,7.599999999999998,0.15093506980739024,3,39:wildfire:origin|53:wildfire:origin|57:heatwave:semiwild|72:funding_collapse|75:flood:semiwild,0.013743642864835941,0.046265367553234155,0.18988343150774972,0.014974454458573507,4.764185027843183e-05,0.0009053129753495018,4.436668891410354e-05,44136fa355b3678a
S7,forward_rollout_proxy,True,200100,0.5,0.5,4,4,780,780,0,0.0,0.0,,240.4768946239859,0.5284428848106202,4.048754713450563,0.0,1.0,0,0,0,11158.16482238552,11158.164822385523,2789.54120559638,1.5,0.4656780266666667,0.3405031006430249,5.263157894736842e-05,17.75,7.1,0.14223875420926324,3,15:flood:alternative|31:wildfire:origin|46:wildfire:alternative|49:wildfire:alternative|81:funding_collapse,0.013460498885441364,0.045913459539904444,0.20788970974312515,0.019170227336761943,8.421052631578948e-06,0.0010158595197446046,5.3305783150265895e-05,44136fa355b3678a
S7,forward_rollout_proxy,True,200101,0.625,0.625,5,5,787,787,0,0.0,0.0,,286.8309536394556,0.6143895732538244,3.8138037247873284,0.0018831928335386772,0.9981168071664613,105,0,0,11150.662567192585,11150.662567192585,2230.132513438517,1.5,0.6597714286344085,0.41802938346368884,0.00020410781168925956,75.75,30.300000000000033,0.16332101676187352,3,17:funding_collapse|71:wildfire:reserve|72:funding_collapse,0.014384692764857699,0.061129516136455564,0.11457893356509719,0.013653582413063099,3.265724987028153e-05,0.0009948860352281136,6.604441693795254e-05,44136fa355b3678a
S7,forward_rollout_proxy,True,200102,0.625,0.625,5,5,854,854,2,0.6666666666666666,1.0,23.5,273.51765145088496,0.5644981553276653,4.324057716070922,0.0005441268022916266,0.9994558731977083,0,0,0,11183.31142023867,11183.311420238671,2236.662284047734,1.5,0.7395162064916789,0.431415061254062,0.00033273716987884,55.75,22.3,0.16486431722092437,1,12:funding_collapse|43:flood:semiwild,0.014077353006486158,0.04931099913411959,0.17354702283744633,0.01757435933838287,5.323794718061441e-05,0.001009764597389553,5.588474414619474e-05,44136fa355b3678a
S7,forward_rollout_proxy,True,200103,0.5,0.125,4,1,72,0,1,0.3333333333333333,1.0,21.0,190.1690107158871,0.708057388238091,1.9621498864496594,0.00221602566164795,0.9977839743383521,14,0,0,11122.951933806753,11122.951933806753,11122.951933806753,1.5,0.5299861942693571,0.15330130432183825,0.00039543329744690895,10.25,4.100000000000001,0.12215593015202977,2,9:funding_collapse|19:heatwave:reserve|36:flood:semiwild|40:wildfire:semiwild|52:funding_collapse|56:wildfire:alternative|74:heatwave:origin,0.013626281932926395,0.07716110838172402,0.004407535418796838,0.003366542951000615,6.326932759150543e-05,0.0008583417575103387,0.00013185856517679065,44136fa355b3678a
S7,forward_rollout_proxy,True,200104,0.5,0.375,4,3,336,336,0,0.0,0.0,,199.49853101891964,0.6852873411327002,2.9498288546848817,0.015198800190519295,0.9848011998094807,0,0,0,11040.832166445036,11040.832166445036,3680.277388815012,1.5,0.4333266493565735,0.26951357260495745,0.00013879184399415615,17.75,7.099999999999999,0.1396630956122562,3,1:heatwave:alternative|10:heatwave:semiwild|35:flood:reserve|37:flood:alternative|44:funding_collapse|54:flood:origin|67:heatwave:origin|71:funding_collapse|75:funding_collapse,0.014390100845602456,0.07145058952668026,0.038308566607981105,0.010755389390162745,2.2206695039064978e-05,0.001018876189844385,6.388113404091414e-05,44136fa355b3678a
S7,forward_rollout_proxy,True,200105,0.25,0.25,2,2,316,316,0,0.0,0.0,,202.52261677919506,0.7307061673349273,2.4818670983132876,0.003131218227271061,0.996868781772729,70,0,0,11173.362339023335,11173.362339023335,5586.681169511668,1.5,0.5511551890928766,0.2135042317589449,2.4390243902439026e-05,32.5,12.999999999999995,0.10535020933262165,3,1:heatwave:semiwild|27:heatwave:origin|34:heatwave:reserve|40:heatwave:origin|91:heatwave:alternative|96:funding_collapse,0.01689558118166162,0.06051437718677911,0.001624268611663373,0.000490774059270521,3.902439024390244e-06,0.0005349231158615754,0.0001220788344321191,44136fa355b3678a
S7,forward_rollout_proxy,True,200106,0.25,0.25,2,2,302,302,0,0.0,0.0,,151.07457606395099,0.6102466697752347,3.2922354719829667,0.0,1.0,36,0,0,11247.486366894547,11247.486366894547,5623.743183447274,1.5,0.5884927446162491,0.22065522156265852,0.0002944607697097541,24.25,9.699999999999998,0.0819179619060197,3,2:flood:origin|16:wildfire:semiwild|67:funding_collapse|80:funding_collapse|95:heatwave:reserve,0.012374878892431707,0.04440945784130145,0.12782214179953014,0.01421294920667818,4.711372315356066e-05,0.000600659548256532,7.419593084988078e-05,44136fa355b3678a
S7,forward_rollout_proxy,True,200107,0.75,0.5,6,4,303,303,0,0.0,0.0,,218.87785695374583,0.6751561254382733,3.0318132988234767,6.353575976339779e-05,0.9999364642402366,92,0,0,11211.89098480688,11211.89098480688,2802.97274620172,1.5,0.5972088837842211,0.34664401666930483,0.00013049706345795732,61.75,24.70000000000001,0.15802497651323993,3,16:wildfire:semiwild|45:flood:semiwild|49:flood:alternative|55:heatwave:reserve|80:heatwave:semiwild|94:wildfire:semiwild,0.014321323199595271,0.06953075281931433,0.04044413830548921,0.020352436268063538,2.087953015327317e-05,0.0011903212500448388,9.694478708561371e-05,44136fa355b3678a
S7,forward_rollout_proxy,True,200108,0.625,0.5,5,4,719,719,2,0.6666666666666666,1.0,39.0,259.52353766028887,0.5472320566220087,4.620804004467406,0.00013840944557178228,0.9998615905544282,0,0,0,11180.283113763608,11180.28311376361,2795.070778440902,1.5,0.6699999999999999,0.3654643784836156,0.00023006365945011552,23.0,9.199999999999998,0.1362816921947078,1,7:wildfire:semiwild|34:flood:origin|47:flood:origin|58:heatwave:semiwild|63:funding_collapse,0.013681998757424206,0.04874184834116907,0.18862701698338202,0.018713183767964495,3.681018551201848e-05,0.0010615599996412555,3.518453826959e-05,44136fa355b3678a
S7,forward_rollout_proxy,True,200109,0.625,0.5,5,4,631,631,0,0.0,0.0,,262.14982302892366,0.7430102710136726,3.48166831604307,0.0014571379748803937,0.9985428620251197,0,0,0,11152.419120213963,11152.419120213963,2788.1047800534907,1.5,0.5764848541360733,0.34599245616980484,0.00019964720282400397,31.75,12.699999999999996,0.14263643797883394,3,2:funding_collapse|13:wildfire:reserve|43:heatwave:semiwild|53:wildfire:reserve|76:wildfire:semiwild,0.0166325331601045,0.059875709925758885,0.0,0.0,3.194355245184063e-05,0.0008996829873917718,6.186195905315386e-05,44136fa355b3678a
S7,forward_rollout_proxy,True,200110,0.5,0.5,4,4,756,756,1,0.3333333333333333,1.0,22.0,277.29119345123513,0.5730543479173096,4.584244945660137,0.000786903235041701,0.9992130967649583,0,0,0,11179.858878522851,11179.858878522853,2794.964719630713,1.5,0.7394437031156468,0.37204119710052,0.000460090460561232,51.0,20.400000000000006,0.13627188666176993,2,39:funding_collapse,0.014095696004123389,0.048013788914927844,0.1661580880778867,0.01750111625898104,7.361447368979712e-05,0.0011279421386182667,5.1188324262106666e-05,44136fa355b3678a
S7,forward_rollout_proxy,True,200111,0.625,0.625,5,5,890,890,0,0.0,0.0,,289.12474663718416,0.5590905357816269,3.8993529459864336,0.002464491490908739,0.9975355085090912,0,0,0,11211.569673849546,11211.569673849546,2242.3139347699093,1.5,0.6261612096975046,0.41661199835247414,0.00032672621496150904,64.75,25.900000000000016,0.16876173961429677,3,57:flood:alternative|64:wildfire:semiwild|87:heatwave:origin,0.014155925443108534,0.05104884077128392,0.17989587157478332,0.01507759971820687,5.227619439384146e-05,0.0010122086921961779,5.584513515918198e-05,44136fa355b3678a
S7,forward_rollout_proxy,True,200112,0.75,0.75,6,6,451,451,1,0.3333333333333333,1.0,16.0,206.2094503000898,0.37217769719631116,3.474417892505002,0.0,1.0,60,0,0,11296.51331115789,11296.51331115789,1882.7522185263151,1.5,0.45091542972595394,0.45523334926452813,0.00015244212297424082,38.0,15.199999999999994,0.18948813683441354,2,3:flood:origin|20:flood:origin|37:heatwave:semiwild|46:heatwave:semiwild|90:heatwave:reserve|100:wildfire:alternative,0.01247543027289423,0.04842964350487686,0.353212229466411,0.02399471240519564,2.4390739675878533e-05,0.0009328935229628933,5.932832280265707e-05,44136fa355b3678a
S7,forward_rollout_proxy,True,200113,0.375,0.375,3,3,475,475,2,0.6666666666666666,1.0,19.5,238.94529123617528,0.5623720978631099,3.448682723270528,0.00015554892368157638,0.9998444510763185,0,0,0,11196.030327038863,11196.030327038863,3732.010109012954,1.5,0.465149935549376,0.27408609161179687,2.6954177897574127e-05,17.75,7.099999999999997,0.12167135412076992,1,1:funding_collapse|22:wildfire:origin|23:flood:alternative|79:heatwave:reserve|99:wildfire:alternative,0.013131665205497594,0.050569661332477575,0.1785959849919143,0.009579423766458608,4.31266846361186e-06,0.0006263091940406689,4.557671617421378e-05,44136fa355b3678a
S7,forward_rollout_proxy,True,200114,0.625,0.625,5,5,944,944,1,0.3333333333333333,1.0,20.0,270.1720592416696,0.5351619899500143,4.185203998386133,0.00011384539613381578,0.9998861546038662,0,0,0,11113.027911415316,11113.027911415316,2222.605582283063,1.5,0.7380402528063886,0.43120224749350633,0.00015415733114305127,46.25,18.500000000000004,0.17148091114503064,2,87:heatwave:semiwild|90:funding_collapse|91:funding_collapse|93:funding_collapse,0.013996754059491905,0.04910617212790428,0.20518353732611674,0.014893483536692629,2.4665172982888208e-05,0.0010727782902514584,4.610386596892225e-05,44136fa355b3678a
S7,forward_rollout_proxy,True,200115,0.625,0.375,5,3,581,581,0,0.0,0.0,,284.9326993572471,0.7440060947444586,4.384226569467409,0.00032163998174682167,0.9996783600182532,0,0,0,11137.769685837631,11137.769685837633,3712.5898952792104,1.5,0.6843991508222427,0.3095721936436613,0.00029607014755529606,24.5,9.799999999999997,0.1427000643338145,3,2:flood:reserve|14:heatwave:semiwild|97:funding_collapse,0.01668250181099358,0.05832063957715498,0.0,0.0,4.737122360884737e-05,0.000645455271590081,6.041020729028655e-05,44136fa355b3678a
S7,forward_rollout_proxy,True,200116,0.5,0.5,4,4,713,713,0,0.0,0.0,,295.011187774867,0.7430755794697584,2.950131012631867,0.007785558746551669,0.9922144412534484,0,0,0,11135.74738616513,11135.74738616513,2783.9368465412826,1.5,0.6151975466092995,0.34573487622442606,0.0001627541505590286,31.75,12.699999999999996,0.14856905718588712,3,1:flood:reserve|30:funding_collapse|93:heatwave:reserve,0.016658833627310906,0.059355333585536185,0.0,0.0,2.6040664089444576e-05,0.0009331009070549114,6.860733658708109e-05,44136fa355b3678a
S7,forward_rollout_proxy,True,200117,0.625,0.625,5,5,873,873,2,0.6666666666666666,1.0,14.0,220.12029365448794,0.4361520372121227,3.400589220379504,0.0003403046480395417,0.9996596953519604,0,0,0,11311.75949115851,11311.75949115851,2262.351898231702,1.5,0.5141149819400749,0.39881120338698206,0.00018843716133387815,22.0,8.799999999999999,0.16071906494589783,1,2:heatwave:origin|39:flood:alternative|59:flood:alternative,0.01241558627647506,0.041048072781493534,0.3089469359122709,0.012049422408585714,3.014994581342051e-05,0.0005478407306708999,6.300791554506638e-05,44136fa355b3678a
S7,forward_rollout_proxy,True,200118,0.5,0.375,4,3,458,458,1,0.3333333333333333,1.0,22.0,198.27577272385068,0.6220134174364894,3.28973253811125,0.0002780938974570008,0.999721906102543,33,0,0,11088.810178267759,11088.810178267759,3696.270059422586,1.5,0.5351349928516199,0.2807359867610748,0.0005528760827569324,39.75,15.899999999999993,0.12787581047400154,2,26:heatwave:origin|28:funding_collapse|29:heatwave:alternative|35:funding_collapse|40:funding_collapse|41:wildfire:reserve|42:wildfire:origin|71:funding_collapse,0.013161772185850825,0.071715593402061,0.09783521300850632,0.008405295772747063,8.846017324110918e-05,0.0006136834794358688,8.484791685888476e-05,44136fa355b3678a
S7,forward_rollout_proxy,True,200119,0.5,0.5,4,4,192,187,3,1.0,1.0,19.333333333333332,191.1769762134134,0.5619057485720047,3.0228149145494836,0.011898547968655814,0.9881014520313441,66,0,0,11245.05637939834,11245.056379398338,2811.264094849585,1.5,0.3929274271627983,0.3214752396733688,0.0,45.75,18.299999999999997,0.13477173905797069,0,7:heatwave:origin|67:wildfire:alternative|77:wildfire:reserve|93:funding_collapse|94:heatwave:alternative,0.012360256509461612,0.059107792915339796,0.16501037785106348,0.01137834373665682,0.0,0.0005678244749166254,8.920885638043192e-05,44136fa355b3678a
S7,forward_rollout_proxy,True,200120,0.625,0.625,5,5,878,878,0,0.0,0.0,,274.76318526239584,0.5654941888231683,4.269682760990344,0.010464314906811416,0.9895356850931886,0,0,0,11211.677948570545,11211.677948570545,2242.335589714109,1.5,0.626285691279576,0.41921679039541554,5.257776119609225e-05,56.5,22.600000000000016,0.16320696828777226,3,7:flood:semiwild|62:heatwave:alternative|96:wildfire:origin,0.01407160809845483,0.048181459869614064,0.17472540850347798,0.01635613010376867,8.41244179137476e-06,0.0011164498377520728,5.761217749606762e-05,44136fa355b3678a
S7,forward_rollout_proxy,True,200121,0.5,0.5,4,4,737,737,1,0.3333333333333333,1.0,15.0,282.3690203393362,0.5862928557608034,3.887421060173047,0.0,1.0,0,0,0,11211.585789739505,11211.585789739507,2802.8964474348763,1.5,0.7401099682511966,0.3657623567876275,0.0002455483241179525,59.25,23.700000000000014,0.13938574680388666,2,,0.014126184892501519,0.04898969758625253,0.15283436459174507,0.016858860236377598,3.92877318588724e-05,0.0011279591584925747,6.177587420759398e-05,44136fa355b3678a
S7,forward_rollout_proxy,True,200122,0.75,0.625,6,5,808,808,0,0.0,0.0,,245.13827572680165,0.4877636260768693,3.688340227195879,0.06561514921934046,0.9343848507806596,0,0,0,11203.266097089721,11203.266097089721,2240.6532194179445,1.5,0.678201980019995,0.41968293131770895,0.0004475453521843212,31.5,12.599999999999994,0.16864665521875327,3,1:funding_collapse|19:wildfire:origin,0.013227123696633725,0.047137114978964015,0.24476634368441164,0.021559816529666036,7.160725634949138e-05,0.0010511247818287682,4.811786024026374e-05,44136fa355b3678a
S7,forward_rollout_proxy,True,200123,0.75,0.625,6,5,893,893,0,0.0,0.0,,283.90831592689506,0.5635407085967031,4.385563248607136,0.06231582051971536,0.9376841794802846,0,0,0,11149.137869431675,11149.137869431675,2229.827573886335,1.5,0.5375666740763666,0.4130887000405713,0.0005835317591743626,46.0,18.400000000000006,0.17113200073431617,3,5:flood:alternative|25:wildfire:semiwild|30:flood:alternative|63:heatwave:origin|70:flood:origin,0.014104081929355956,0.04984593306457612,0.17677229757717158,0.014803980399857445,9.336508146789803e-05,0.0009827309267786686,5.068845021259007e-05,44136fa355b3678a
S7,forward_rollout_proxy,True,200124,0.625,0.625,5,5,922,922,1,0.3333333333333333,1.0,20.0,264.39011615330946,0.5411421777091672,3.9514917673699053,0.0015807530821781031,0.9984192469178219,0,0,0,11195.983605366815,11195.983605366815,2239.196721073363,1.5,0.4447182080071599,0.3984580595882734,0.0003811247631543756,43.5,17.4,0.16610660556929155,2,22:wildfire:alternative|57:wildfire:semiwild|60:wildfire:alternative|86:heatwave:alternative|92:flood:origin,0.013984771320111854,0.04778213897038576,0.19867774221755066,0.016678364053537304,6.09799621047001e-05,0.0011004201909852426,4.870932785408847e-05,44136fa355b3678a
S7,forward_rollout_proxy,True,200125,0.625,0.375,5,3,581,581,1,0.3333333333333333,1.0,26.0,295.3044396755021,0.7426315520392264,4.2052567582101,0.0007655526867276441,0.9992344473132724,35,0,0,11177.681359360298,11177.6813593603,3725.8937864534328,1.5,0.5689761722358592,0.2950277589867417,9.786466308205439e-05,39.25,15.699999999999994,0.13663787090527385,2,44:heatwave:reserve|48:flood:origin|72:heatwave:origin|91:funding_collapse,0.016836697843403577,0.055816645911895134,0.00025377047665186436,0.00010809967107522813,1.5658346093128702e-05,0.0006342953756340205,8.326460292681342e-05,44136fa355b3678a
S7,forward_rollout_proxy,True,200126,0.375,0.375,3,3,581,581,0,0.0,0.0,,251.2530436398575,0.5803427214963647,4.708605612109381,0.0,1.0,0,0,0,11214.76436694513,11214.76436694513,3738.25478898171,1.5,0.47322425893801795,0.28690474847270214,0.0003423260089412307,29.5,11.799999999999995,0.11873133228903252,3,29:flood:origin|35:wildfire:alternative|42:heatwave:alternative|61:wildfire:alternative|69:flood:origin,0.013492568457139793,0.04416327395107752,0.16985153412636117,0.008185835043231495,5.4772161430596914e-05,0.0006326889669493513,5.3106453790814966e-05,44136fa355b3678a
S7,forward_rollout_proxy,True,200127,0.5,0.5,4,4,774,774,1,0.3333333333333333,1.0,42.0,248.88201000017347,0.5385487281367397,4.2781864699902705,4.45584936214431e-06,0.9999955441506378,0,0,0,11113.250657949355,11113.250657949355,2778.3126644873387,1.5,0.6699999999999999,0.36242035874622575,0.00016050912367650372,19.25,7.6999999999999975,0.13819247023161496,2,39:heatwave:origin|55:funding_collapse|86:funding_collapse|95:funding_collapse,0.013717263709391135,0.045755327720547016,0.19869995714888794,0.02033125768947602,2.5681459788240596e-05,0.0011274375262539304,4.668890075770441e-05,44136fa355b3678a
S7,forward_rollout_proxy,True,200128,0.75,0.75,6,6,1052,1052,1,0.3333333333333333,1.0,20.0,229.48494237507293,0.4378803324256505,3.8962630726409646,0.00022311853587414946,0.9997768814641258,0,0,0,11163.205640154712,11163.205640154712,1860.5342733591187,1.5,0.6699999999999999,0.480449555783437,0.0001310343869785012,28.25,11.299999999999997,0.18493462528513666,2,24:wildfire:origin|34:funding_collapse|51:funding_collapse|89:heatwave:semiwild|100:heatwave:origin,0.01329293170385465,0.0461977051722954,0.2962906767945398,0.020984726313113867,2.096550191656019e-05,0.001035592332640723,4.622423409939315e-05,44136fa355b3678a
S7,forward_rollout_proxy,True,200129,0.5,0.25,4,2,156,0,1,0.3333333333333333,1.0,20.0,163.631599710989,0.6872089601021851,2.98424987504121,0.00020291831661995536,0.99979708168338,0,0,0,11046.434186950624,11046.434186950624,5523.217093475312,1.5,0.5260970866769069,0.21910717952427716,0.00015584415584415584,11.5,4.600000000000001,0.1207748605308718,2,1:heatwave:reserve|4:funding_collapse|21:wildfire:semiwild|29:flood:reserve|30:heatwave:alternative|38:funding_collapse|47:funding_collapse,0.012859692799794981,0.07752224383534734,0.020452204166153468,0.0033182681885705473,2.4935064935064935e-05,0.0009215049633394377,7.29744177471302e-05,44136fa355b3678a
S7,forward_rollout_proxy,True,200130,0.625,0.625,5,5,923,923,1,0.3333333333333333,1.0,15.0,244.38615033395763,0.5395239101290091,3.6587758598126934,5.84642347330048e-05,0.999941535765267,0,0,0,11117.83842512338,11117.83842512338,2223.567685024676,1.5,0.49383511342360525,0.39966662850045664,0.00020968230992761264,29.25,11.699999999999996,0.1622267927998461,2,12:funding_collapse|47:flood:origin|48:flood:alternative|63:flood:origin|73:flood:alternative|85:funding_collapse|87:funding_collapse,0.013868678282542918,0.04790659148390463,0.20035992009183448,0.0163375801750248,3.3549169588418016e-05,0.0009515854362021019,4.464010470533136e-05,44136fa355b3678a
S7,forward_rollout_proxy,True,200131,0.625,0.625,5,5,888,888,0,0.0,0.0,,282.95604199447547,0.5636636760151993,4.2915663514737945,0.002783930232291913,0.997216069767708,0,0,0,11180.119751389911,11180.119751389911,2236.0239502779823,1.5,0.7394491814458551,0.43210994648458084,0.000394013968946012,57.0,22.80000000000001,0.1699968241262868,3,39:funding_collapse|99:flood:semiwild,0.014107587348566928,0.0499655987344032,0.17704579476047036,0.014427483416946559,6.304223503136192e-05,0.000958835049467245,5.703292870653949e-05,44136fa355b3678a
S7,forward_rollout_proxy,True,200132,0.5,0.5,4,4,770,770,0,0.0,0.0,,282.28441085100536,0.5782559016019891,4.836226995670038,2.1013412953446812e-05,0.9999789865870465,0,0,0,11211.268477812306,11211.268477812306,2802.8171194530764,1.5,0.7401033047007252,0.3782744593461693,0.0003874574028363189,52.25,20.900000000000002,0.15450929459698215,3,65:heatwave:semiwild|93:wildfire:semiwild,0.01412586621457083,0.04809721762413253,0.16221257326921545,0.01618200421027624,6.199318445381102e-05,0.0010223170604494046,5.6679915803590843e-05,44136fa355b3678a
S7,forward_rollout_proxy,True,200133,0.625,0.5,5,4,763,763,1,0.3333333333333333,1.0,28.0,278.5507412573025,0.5716839801716488,4.726811092896108,0.00024734664125103633,0.999752653358749,0,0,0,11146.022046855203,11146.022046855205,2786.505511713801,1.5,0.6588148978289402,0.368765710097087,0.00011754221423601719,64.5,25.800000000000015,0.1530805469261592,2,47:heatwave:semiwild|53:heatwave:semiwild|67:heatwave:alternative|96:funding_collapse|97:funding_collapse,0.01405594068476263,0.048057560566961,0.1686246321809497,0.016035867829785583,1.8806754277762752e-05,0.0010004554611913307,6.130704422212157e-05,44136fa355b3678a
S7,forward_rollout_proxy,True,200134,0.625,0.625,5,5,839,839,1,0.3333333333333333,1.0,17.0,289.4776816838271,0.5756025234364494,4.469598848133738,0.002993411103386955,0.9970065888966131,0,0,0,11207.802115024253,11207.802115024253,2241.5604230048507,1.5,0.5030278172421886,0.40894721678326384,0.0001816237361220777,43.25,17.299999999999997,0.16349223288853795,2,25:heatwave:semiwild|38:flood:alternative|46:heatwave:alternative|59:heatwave:origin,0.01406523870562338,0.0487645736914211,0.16472221639438103,0.015489298507352136,2.905979777953243e-05,0.000990695230280094,4.611818451824304e-05,44136fa355b3678a
S7,forward_rollout_proxy,True,200135,0.625,0.5,5,4,733,733,0,0.0,0.0,,294.0629448083902,0.7438903591001048,3.8493420658678748,0.0010602302047808586,0.9989397697952191,0,0,0,11144.23563503678,11144.23563503678,2786.058908759195,1.5,0.6216871306169865,0.3552069152224434,0.0009031226246952792,28.25,11.299999999999997,0.1477239075103299,3,4:heatwave:reserve|80:heatwave:origin|84:funding_collapse,0.016664783181919173,0.0583212020301054,0.0,0.0,0.00014449961995124466,0.0009485439321548015,5.8864406976925e-05,44136fa355b3678a
S7,forward_rollout_proxy,True,200136,0.625,0.375,5,3,416,416,1,0.3333333333333333,1.0,25.0,224.94773816114932,0.6978887792898112,3.7873006827539153,0.0,1.0,0,0,0,11119.89351106855,11119.893511068552,3706.6311703561837,1.5,0.34890406098247334,0.26952407295029257,0.0003392025222608626,23.0,9.199999999999998,0.14005330012253026,2,5:funding_collapse|9:wildfire:reserve|42:wildfire:alternative|75:flood:origin|85:wildfire:alternative|92:funding_collapse|92:wildfire:alternative,0.014900382902227562,0.07060093328204249,0.03641723124181759,0.0035324720676853344,5.4272403561738014e-05,0.0006927001710856982,6.361080762461541e-05,44136fa355b3678a
S7,forward_rollout_proxy,True,200137,0.5,0.5,4,4,417,417,0,0.0,0.0,,263.76686541215366,0.6639388681034635,3.9718241312977813,0.0006024423540220764,0.9993975576459779,191,0,0,11146.961853092875,11146.961853092875,2786.7404632732187,1.5,0.5713689381371676,0.35060254015985587,0.00013763147939110077,86.25,34.500000000000036,0.14373702516580633,3,42:funding_collapse|52:heatwave:semiwild|62:wildfire:reserve|96:funding_collapse|96:wildfire:reserve,0.014711609418633354,0.06413121138440778,0.06312832988692253,0.012165984993993361,2.2021036702576123e-05,0.000922541273692247,9.847836478807506e-05,44136fa355b3678a
S7,forward_rollout_proxy,True,200138,0.5,0.5,4,4,427,427,1,0.3333333333333333,1.0,20.0,271.1961025685392,0.7376473812593539,2.972451028713394,0.0,1.0,0,0,0,11151.08156616064,11151.08156616064,2787.77039154016,1.5,0.493288259028495,0.3303693543119826,0.0005825811592561893,23.0,9.199999999999998,0.13158009060999593,2,23:flood:reserve|25:funding_collapse|33:wildfire:reserve|87:heatwave:alternative,0.01667215241185669,0.06440080526204857,0.0,0.0,9.32129854809903e-05,0.001042738217333682,6.142368607577503e-05,44136fa355b3678a
S7,forward_rollout_proxy,True,200139,0.5,0.5,4,4,447,447,1,0.3333333333333333,1.0,12.0,276.40816320262445,0.5966113088070617,4.505723914782836,0.00011064293906999999,0.99988935706093,0,0,0,11138.678768940787,11138.678768940787,2784.6696922351966,1.5,0.49055478873158326,0.34800745176403103,0.00020898522571834524,49.75,19.900000000000006,0.14447366871522183,2,17:funding_collapse|27:flood:alternative|54:wildfire:alternative|77:funding_collapse|85:heatwave:reserve,0.014090768316236126,0.0568339785949164,0.134713672422003,0.016281742145557627,3.343763611493524e-05,0.0010663306652569605,5.6846291738401826e-05,44136fa355b3678a
S7,forward_rollout_proxy,True,200140,0.625,0.5,5,4,546,546,0,0.0,0.0,,255.28547859202197,0.580538302238433,3.7059414464059564,0.0013677514242329406,0.998632248575767,0,0,0,11177.664403534487,11177.664403534487,2794.4161008836218,1.5,0.3661156562508155,0.32904699450322433,0.00010478384902348035,52.0,20.800000000000004,0.15188007207041598,3,34:wildfire:semiwild|43:wildfire:alternative|50:flood:alternative|68:funding_collapse|90:wildfire:reserve|95:wildfire:alternative|97:flood:alternative,0.014074778982532492,0.05289805343423205,0.1559778731467931,0.014769873587568339,1.676541584375686e-05,0.001135072488229647,5.765546914445127e-05,44136fa355b3678a
S7,forward_rollout_proxy,True,200141,0.5,0.5,4,4,770,770,1,0.3333333333333333,1.0,16.0,268.1948114625961,0.5873966451605049,4.139244866494387,0.00026213567700539655,0.9997378643229946,0,0,0,11211.889713143224,11211.889713143224,2802.972428285806,1.5,0.6758164625560856,0.361235278039835,0.00010303536619326093,56.75,22.70000000000001,0.1363059155964128,2,61:wildfire:alternative,0.014117422890446343,0.04901618298730493,0.15291400226264049,0.015555393675812665,1.648565859092175e-05,0.0010912681806123418,6.139074869402924e-05,44136fa355b3678a
S7,forward_rollout_proxy,True,200142,0.5,0.5,4,4,718,718,3,1.0,1.0,26.333333333333332,225.314881170288,0.516482869926045,3.186663912894491,0.0,1.0,0,0,0,11165.106241881056,11165.106241881058,2791.276560470264,1.5,0.6699999999999999,0.3505134086612855,0.0002056555269922879,11.75,4.7,0.13323384766170296,0,21:wildfire:origin|26:heatwave:origin|33:funding_collapse|90:funding_collapse,0.013079492830389408,0.046364979281768894,0.2124731011392495,0.02463715020339194,3.290488431876607e-05,0.0011922418069170001,3.8869473836976285e-05,44136fa355b3678a
S7,forward_rollout_proxy,True,200143,0.625,0.625,5,5,232,232,0,0.0,0.0,,241.4468603761665,0.5285275222188394,2.932830437290102,0.06052069765467931,0.9394793023453207,54,0,0,11155.206798581374,11155.206798581374,2231.0413597162747,1.5,0.48171528566267846,0.39234266061340645,0.0002411625794732062,44.25,17.699999999999996,0.16796413837118795,3,24:wildfire:origin|55:wildfire:semiwild|70:heatwave:alternative|80:funding_collapse|84:funding_collapse|91:wildfire:reserve|92:wildfire:reserve,0.013422827613997528,0.05428309544568763,0.20332860166923955,0.015747989463504496,3.858601271571299e-05,0.0009187788180367609,7.631552071660784e-05,44136fa355b3678a
S7,forward_rollout_proxy,True,200144,0.5,0.5,4,4,321,152,1,0.3333333333333333,1.0,15.0,221.66378944500838,0.5981761692370754,3.9727180906351744,0.0,1.0,30,0,0,11135.103180269438,11135.10318026944,2783.7757950673595,1.5,0.4098784973668978,0.33337811673668455,0.0004188884841824228,75.25,30.100000000000026,0.13831543046821532,2,24:wildfire:alternative|30:wildfire:origin|49:funding_collapse|59:heatwave:origin|62:wildfire:reserve|71:funding_collapse|75:heatwave:alternative|90:flood:origin,0.011636606346074581,0.06967836669393969,0.10396284809812756,0.013623356499109824,6.702215746918764e-05,0.0008326608064133672,0.00012205870053836617,44136fa355b3678a
S7,forward_rollout_proxy,True,200145,0.625,0.375,5,3,258,128,0,0.0,0.0,,235.07972687934097,0.648726530923043,4.10235681545528,0.004236675980332771,0.9957633240196673,78,0,0,11104.82222487153,11104.822224871532,3701.60740829051,1.5,0.4328862047447126,0.28461437861254657,7.260814824774781e-05,94.25,37.70000000000004,0.15776094991761225,3,1:heatwave:semiwild|5:funding_collapse|25:funding_collapse|26:heatwave:alternative|46:wildfire:alternative|67:heatwave:reserve|73:flood:semiwild|82:funding_collapse|92:heatwave:semiwild,0.0132597024335034,0.07044953287977283,0.0636293727583773,0.013635431043010356,1.1617303719639649e-05,0.0011213705186796108,0.00013500689275396902,44136fa355b3678a
S7,forward_rollout_proxy,True,200146,0.5,0.375,4,3,602,602,0,0.0,0.0,,255.39214229427796,0.5978263081726354,4.5206443188114385,0.00011966676154225085,0.9998803332384577,0,0,0,11116.516791471711,11116.516791471713,3705.505597157237,1.5,0.6267032040266541,0.3017994091371398,0.0001311813380778898,20.0,7.999999999999998,0.12586322773179995,3,5:heatwave:alternative|16:funding_collapse|24:funding_collapse|38:flood:origin|68:wildfire:origin|71:wildfire:origin,0.013753744591503733,0.04714722552918707,0.15139841674021054,0.007619414574778027,2.098901409246237e-05,0.0006006366616000382,4.8529354819757217e-05,44136fa355b3678a
S7,forward_rollout_proxy,True,200147,0.75,0.625,6,5,691,691,0,0.0,0.0,,200.82377944278795,0.4208354927578867,2.6696203830712335,0.06492752719599679,0.9350724728040032,0,0,0,11248.712004175928,11248.712004175928,2249.7424008351854,1.5,0.558919214814369,0.3982286284125416,8.536910071224122e-05,15.75,6.3,0.17195251550196156,3,5:wildfire:alternative|7:wildfire:origin|14:flood:origin|37:flood:semiwild|58:heatwave:semiwild|68:flood:semiwild|95:flood:reserve|99:wildfire:semiwild,0.012534733821805522,0.04449415541063559,0.30454694644109787,0.02806822939167422,1.3659056113958597e-05,0.001119598783400067,5.726965411360603e-05,44136fa355b3678a
S7,forward_rollout_proxy,True,200148,0.75,0.375,6,3,702,702,1,0.3333333333333333,1.0,13.0,283.19983834398903,0.7347640398393621,4.301759178426659,0.00026580393300973897,0.9997341960669902,83,0,0,11116.566845433035,11116.566845433035,3705.522281811012,1.5,0.5849034658491036,0.2959915615489037,0.0004594654545718418,60.25,24.10000000000001,0.12866811589863375,2,10:flood:semiwild|17:funding_collapse|53:heatwave:reserve|73:funding_collapse|73:heatwave:origin|74:heatwave:semiwild|84:funding_collapse,0.01609086796937695,0.060222504283706325,0.005691336837488284,0.0014825871358438052,7.351447273149468e-05,0.0005970899930932707,0.00010299397150530522,44136fa355b3678a
S7,forward_rollout_proxy,True,200149,0.75,0.75,6,6,1029,1029,1,0.3333333333333333,1.0,15.0,198.43827002861872,0.3713362544586982,3.7985188372646133,0.0,1.0,0,0,0,11162.09003492289,11162.09003492289,1860.348339153815,1.5,0.4950594941180291,0.463380856003594,0.0003556134607985456,27.75,11.1,0.19194859109572474,2,4:wildfire:origin|24:funding_collapse|27:heatwave:semiwild|32:heatwave:alternative|44:funding_collapse|78:heatwave:semiwild|85:funding_collapse|88:funding_collapse|90:wildfire:alternative,0.012561116081719144,0.042876433816302066,0.359984991550862,0.02473140043846543,5.68981537277673e-05,0.0010009362410667024,6.162862368482617e-05,44136fa355b3678a
S7,forward_rollout_proxy,True,200150,0.5,0.5,4,4,568,568,0,0.0,0.0,,271.8812024409191,0.6168377848303614,4.011208506730927,0.0,1.0,84,0,0,11156.257149654366,11156.257149654366,2789.0642874135915,1.5,0.591363021589833,0.3524780184130971,0.0003424561623390446,71.5,28.60000000000002,0.14114815593402286,3,3:funding_collapse|9:funding_collapse|19:flood:semiwild|52:heatwave:semiwild|71:flood:origin|73:heatwave:reserve|75:heatwave:semiwild,0.014382165599934797,0.05925665259284878,0.11250402039805238,0.014897391114686707,5.4792985974247126e-05,0.001056172502645365,7.727670700248039e-05,44136fa355b3678a
S7,forward_rollout_proxy,True,200151,0.5,0.5,4,4,793,793,1,0.3333333333333333,1.0,19.0,283.36790279824277,0.571142690489728,4.780583616857742,0.00046761266990808556,0.9995323873300919,0,0,0,11208.490728822553,11208.490728822553,2802.1226822056383,1.5,0.5967241581858872,0.36145001348191685,0.00010316452515941008,59.75,23.90000000000001,0.14485880747375332,2,36:flood:alternative|42:flood:semiwild|76:heatwave:semiwild|80:wildfire:alternative,0.014072431023993534,0.04813983451052256,0.16883135416492248,0.01630803338774535,1.6506324025505613e-05,0.0011510761706159621,5.842265179345632e-05,44136fa355b3678a
S7,forward_rollout_proxy,True,200152,0.5,0.5,4,4,619,619,1,0.3333333333333333,1.0,34.0,298.5554510769015,0.7036104726725873,3.550203872503629,0.0019806622158001224,0.9980193377841998,114,0,0,11145.441917425136,11145.441917425138,2786.360479356284,1.5,0.5897887642992181,0.34598256684634815,0.0005108952528650834,68.5,27.400000000000016,0.13250825845695005,2,63:flood:reserve|65:funding_collapse|80:funding_collapse|84:heatwave:semiwild|93:flood:origin,0.0152617879481453,0.061680643122741435,0.02869939075939479,0.009090695963957039,8.174324045841335e-05,0.0009524840463909981,8.057926231362106e-05,44136fa355b3678a
S7,forward_rollout_proxy,True,200153,0.5,0.25,4,2,33,0,0,0.0,0.0,,160.65471075165394,0.6993504202379672,2.231844499586435,0.00810843105411728,0.9918915689458827,0,0,0,11085.939349559878,11085.939349559878,5542.969674779939,1.5,0.3290210618925778,0.19138964348149595,0.0004008116228467706,3.0,1.2,0.11834546148186909,3,7:wildfire:semiwild|13:heatwave:reserve|17:funding_collapse|18:wildfire:reserve|31:heatwave:alternative|34:funding_collapse|64:flood:semiwild|67:flood:semiwild|69:heatwave:reserve|89:flood:alternative,0.012535394957983201,0.07969700865049845,0.005988903684550743,0.001901133142802331,6.41298596554833e-05,0.0006519839673305275,7.71781512605042e-05,44136fa355b3678a
S7,forward_rollout_proxy,True,200154,0.75,0.5,6,4,808,808,0,0.0,0.0,,275.54007518233504,0.5692021839441924,4.433904886726726,0.0006221236998241231,0.9993778763001758,0,0,0,11150.09423113204,11150.09423113204,2787.52355778301,1.5,0.7388186455204396,0.37330674630137967,0.0002609173295936062,50.25,20.100000000000005,0.150429164410342,3,18:funding_collapse|98:funding_collapse,0.014018001771089295,0.047655630509897226,0.1682844769567375,0.018862576090661286,4.1746772734976995e-05,0.0010948490322863743,5.403177738277727e-05,44136fa355b3678a
S7,forward_rollout_proxy,True,200155,0.625,0.625,5,5,817,817,0,0.0,0.0,,266.2242842642652,0.5675000785108236,4.206894756545206,0.0051061331938974655,0.9948938668061026,0,0,0,11150.141657179689,11150.141657179687,2230.0283314359376,1.5,0.6699999999999999,0.4245535184352252,0.0002587850317683248,49.0,19.599999999999998,0.17117285434886576,3,1:funding_collapse|5:flood:semiwild|29:wildfire:semiwild|46:funding_collapse|72:flood:origin,0.014052364089764159,0.04785867672496701,0.1735717305302044,0.015677048323453575,4.1405605082931975e-05,0.0009969867506267986,5.7820171370478164e-05,44136fa355b3678a
S7,forward_rollout_proxy,True,200156,0.625,0.625,5,5,510,510,0,0.0,0.0,,222.28471059529053,0.5150377027779566,3.7650128932783637,0.00024082575652363945,0.9997591742434764,120,0,0,11198.495169667707,11198.495169667709,2239.6990339335416,1.5,0.5944908042681786,0.41160123905243734,5.2910052910052905e-05,53.25,21.300000000000008,0.1662601484641793,3,6:flood:origin|17:funding_collapse|35:flood:semiwild|49:funding_collapse|72:heatwave:reserve|83:funding_collapse,0.012962162994078201,0.054663212354269373,0.20363082891938755,0.024154489864608143,8.465608465608466e-06,0.0010596851904065884,8.659375692915275e-05,44136fa355b3678a
S7,forward_rollout_proxy,True,200157,0.75,0.5,6,4,511,511,1,0.3333333333333333,1.0,13.0,266.4884915647716,0.7346913473334434,3.4035589366547976,0.001989577752324224,0.9980104222476758,0,0,0,11193.461959822384,11193.461959822384,2798.365489955596,1.5,0.5782067013785945,0.3476976634903619,0.0001291220442891394,21.25,8.5,0.1542070199297723,2,20:heatwave:reserve|48:flood:origin|77:heatwave:alternative,0.01686317896263871,0.06379764485594033,0.00010095432321023525,5.587691177304706e-05,2.0659527086262308e-05,0.0007104406977554926,5.883755980813546e-05,44136fa355b3678a
S7,forward_rollout_proxy,True,200158,0.625,0.5,5,4,461,461,0,0.0,0.0,,225.32781928735312,0.7347521815473539,3.270402945137943,0.0007067539805435558,0.9992932460194565,0,0,0,11097.092779959474,11097.092779959472,2774.2731949898684,1.5,0.5819251328264249,0.3471819350716079,0.0003237648701572425,23.75,9.499999999999996,0.15642696168792963,3,1:flood:reserve|21:wildfire:semiwild|79:heatwave:alternative|88:funding_collapse,0.01670427673245976,0.06693581288781382,0.0,0.0,5.1802379225158806e-05,0.0009277817354090775,6.399373084201415e-05,44136fa355b3678a
S7,forward_rollout_proxy,True,200159,0.5,0.5,4,4,704,704,1,0.3333333333333333,1.0,20.0,227.22123927487237,0.4831865402733528,4.523065343646678,0.000978726540609586,0.9990212734593904,0,0,0,11280.548148005375,11280.548148005375,2820.1370370013437,1.5,0.5749212555535347,0.35597623116857635,0.00015627164667091518,22.5,8.999999999999996,0.14126726088378044,2,7:flood:origin|40:heatwave:origin|95:heatwave:alternative,0.012656690087364284,0.04280324476909827,0.2623001459509061,0.010581612626710691,2.5003463467346428e-05,0.0005372065594553173,5.346693797462695e-05,44136fa355b3678a
S7,forward_rollout_proxy,True,200160,0.625,0.25,5,2,147,42,0,0.0,0.0,,202.36741907649105,0.7002375247068948,3.3032351032028267,0.001852270256873962,0.998147729743126,11,0,0,11150.429347998806,11150.429347998808,5575.214673999403,1.5,0.5530632430686083,0.22559857205569844,0.000195729208393677,10.25,4.100000000000001,0.1237994835840466,3,9:flood:alternative|39:flood:reserve,0.013176468689075778,0.07766876766776161,0.010166014084655816,0.0033020770010395955,3.131667334298832e-05,0.0010048305914302773,8.3950684631243e-05,44136fa355b3678a
S7,forward_rollout_proxy,True,200161,0.5,0.5,4,4,713,713,1,0.3333333333333333,1.0,14.0,209.25193807135275,0.4497951821216634,3.748892535164669,0.0,1.0,0,0,0,11187.594066023035,11187.594066023035,2796.898516505759,1.5,0.5779483433330644,0.3471611441607543,0.0003210968340140652,17.25,6.899999999999999,0.13438692237900574,2,3:flood:origin|4:funding_collapse|6:funding_collapse|19:funding_collapse|59:wildfire:alternative|69:flood:origin|99:funding_collapse,0.012386390227807378,0.0437372247989717,0.27422253334121466,0.029565111615233328,5.137549344225044e-05,0.0011470656425274998,5.7276635347461496e-05,44136fa355b3678a
S7,forward_rollout_proxy,True,200162,0.5,0.375,4,3,600,600,1,0.3333333333333333,1.0,18.0,252.1160170684272,0.6015959908075776,4.270547272527883,0.004282176635604814,0.9957178233643952,0,0,0,11102.701220019419,11102.70122001942,3700.9004066731395,1.5,0.6434082549900579,0.29916608061892513,8.182336182336183e-05,28.5,11.399999999999995,0.11684891197320257,2,4:flood:alternative|7:funding_collapse|16:wildfire:alternative|43:funding_collapse,0.01399343111275522,0.047514059646664275,0.13100044859881113,0.02422499334050003,1.3091737891737891e-05,0.0013373414410940022,4.0891835626792884e-05,44136fa355b3678a
S7,forward_rollout_proxy,True,200163,0.625,0.375,5,3,557,557,1,0.3333333333333333,1.0,18.0,257.12486768313835,0.7443430103420481,3.665627224807072,0.001440476493419769,0.9985595235065803,0,0,0,11134.242343928894,11134.242343928894,3711.4141146429647,1.5,0.4660124689437946,0.2786737717073296,5.378831694621169e-05,23.25,9.299999999999997,0.13333126282439717,2,13:flood:reserve|26:funding_collapse|33:flood:reserve|72:flood:reserve|94:wildfire:reserve,0.01666598366369149,0.05819650592160211,0.0,0.0,8.60613071139387e-06,0.0007311091117309146,6.502987484404495e-05,44136fa355b3678a
S7,forward_rollout_proxy,True,200164,0.5,0.5,4,4,798,798,2,0.6666666666666666,1.0,46.0,281.8854292462099,0.5986555664606652,4.183648259739215,6.246288435358586e-05,0.9999375371156464,0,0,0,11210.164696440266,11210.164696440268,2802.5411741100665,1.5,0.5691934514366087,0.3524265391432255,0.00016410230437590142,53.25,21.300000000000004,0.1433535570108625,1,24:heatwave:semiwild|32:wildfire:semiwild|41:flood:alternative|89:flood:alternative,0.014122904282535825,0.04920022373359931,0.1457336347745588,0.01187489788618672,2.625636870014423e-05,0.000924297561242556,6.18510956087825e-05,44136fa355b3678a
S7,forward_rollout_proxy,True,200165,0.75,0.25,6,2,137,0,0,0.0,0.0,,172.63037565848558,0.6726703792043935,2.9310997962684624,0.0025735657636648587,0.9974264342363351,0,0,0,10945.509574317048,10945.50957431705,5472.754787158524,1.5,0.22385667728103253,0.19246103106376378,0.00018980194408786251,7.25,2.900000000000001,0.1413218268648796,3,3:flood:semiwild|7:wildfire:alternative|8:funding_collapse|24:heatwave:reserve|25:heatwave:reserve|42:heatwave:alternative|46:funding_collapse|55:funding_collapse|69:heatwave:origin|71:heatwave:origin|76:funding_collapse|76:flood:alternative|82:funding_collapse|89:heatwave:semiwild,0.011368486915505157,0.0776012873878017,0.021477411561478883,0.004927045491920681,3.0368311054058007e-05,0.0009974706512755587,7.239141161160796e-05,44136fa355b3678a
S7,forward_rollout_proxy,True,200166,0.625,0.25,5,2,150,56,0,0.0,0.0,,193.18128481386145,0.6566385457228674,2.9482336543698047,0.005101206076955748,0.9948987939230443,55,0,0,11167.79550684913,11167.79550684913,5583.897753424565,1.5,0.4403346557051733,0.21246778777172912,0.000593794452013823,23.0,9.2,0.13225992828756866,3,28:wildfire:reserve|32:heatwave:semiwild|40:flood:semiwild|47:flood:alternative|48:funding_collapse|48:flood:semiwild|51:heatwave:reserve|61:flood:origin,0.010828165570655711,0.07509435163444368,0.03453383066170548,0.004231550729996656,9.500711232221168e-05,0.000744699876581666,9.316989810099859e-05,44136fa355b3678a
S7,forward_rollout_proxy,True,200167,0.625,0.5,5,4,720,720,0,0.0,0.0,,283.82230542983103,0.7439567082564297,3.422687974513548,0.0007890282717099975,0.99921097172829,0,0,0,11202.954510521875,11202.954510521877,2800.7386276304687,1.5,0.6666984211607248,0.3549720543138836,0.0002916569541569542,28.25,11.299999999999994,0.1453766622633783,3,32:wildfire:reserve|59:wildfire:semiwild,0.016678141305845908,0.05816378609363823,0.0,0.0,4.666511266511267e-05,0.0009058607996786253,7.671884405404436e-05,44136fa355b3678a
S7,forward_rollout_proxy,True,200168,0.625,0.625,5,5,935,935,0,0.0,0.0,,288.1952761759228,0.5581926348521159,4.523791932875161,0.0004630608740292726,0.9995369391259707,0,0,0,11142.669609833136,11142.669609833138,2228.533921966627,1.5,0.40973666666666664,0.4036083014142313,9.66183574879227e-05,51.5,20.600000000000005,0.18073357709406515,3,10:heatwave:alternative|12:flood:semiwild|17:heatwave:semiwild|21:heatwave:semiwild|32:wildfire:semiwild|41:heatwave:alternative|51:flood:alternative|52:heatwave:semiwild|80:funding_collapse|80:heatwave:alternative|96:flood:origin,0.01401987602769436,0.04935619582867678,0.18540675243731855,0.01165565915711855,1.5458937198067633e-05,0.0008747977153044119,5.658548826766739e-05,44136fa355b3678a
S7,forward_rollout_proxy,True,200169,0.5,0.25,4,2,153,153,0,0.0,0.0,,193.86987218739105,0.7350032053477316,2.203834808259587,0.0,1.0,0,0,0,11160.92575237871,11160.92575237871,5580.462876189355,1.5,0.6143161015469951,0.22006917413896282,0.00023478403141361258,11.75,4.699999999999999,0.1204960795083371,3,2:flood:alternative|30:flood:reserve|65:flood:semiwild,0.016435933708727365,0.07106870155196174,0.0,0.0,3.7565445026178015e-05,0.0008174854098699628,9.810290577329846e-05,44136fa355b3678a
S7,forward_rollout_proxy,True,200170,0.5,0.125,4,1,128,44,0,0.0,0.0,,159.5295017503714,0.6972117956918954,2.4023460410557185,0.05785827037973756,0.9421417296202624,68,0,0,11083.980455011733,11083.980455011733,11083.980455011733,1.5,0.5711670180490146,0.15855122300396352,0.00036360432330827074,43.25,17.3,0.10580530394252423,3,5:heatwave:semiwild|24:funding_collapse|40:funding_collapse|44:heatwave:alternative|49:wildfire:reserve|51:funding_collapse|97:funding_collapse,0.013179771696810465,0.07598321315058904,0.01257131157180473,0.004349909030646562,5.817669172932331e-05,0.0008426664458707451,0.00014226328483675705,44136fa355b3678a
S7,forward_rollout_proxy,True,200171,0.5,0.5,4,4,534,534,0,0.0,0.0,,232.65673730300296,0.6275547120322931,3.7877771382545564,0.000371516475048417,0.9996284835249516,0,0,0,11095.346681518675,11095.346681518677,2773.8366703796687,1.5,0.55261061847171,0.34769682511319105,0.00039952199792776187,34.0,13.599999999999994,0.1477899594173724,3,2:funding_collapse|14:wildfire:alternative|17:wildfire:semiwild|23:heatwave:semiwild|27:funding_collapse|43:funding_collapse|53:wildfire:origin|58:heatwave:reserve,0.01396446762405267,0.06538340925131127,0.09516707124511942,0.01572787580297957,6.392351966844191e-05,0.0010505830120778126,4.9280096858032854e-05,44136fa355b3678a
S7,forward_rollout_proxy,True,200172,0.5,0.5,4,4,573,573,1,0.3333333333333333,1.0,22.0,271.99236867969694,0.5923583900018691,3.8074206632668837,0.00041771354136488803,0.9995822864586351,0,0,0,11109.416101885334,11109.416101885334,2777.3540254713334,1.5,0.6094034678056864,0.35164348076667834,0.00021783596582559834,49.75,19.900000000000006,0.13814463676720426,2,11:heatwave:alternative|30:heatwave:semiwild|38:funding_collapse|44:heatwave:semiwild|55:funding_collapse|84:flood:reserve,0.014095210912762274,0.055054585268024044,0.14169644534947967,0.015547520961095119,3.4853754532095725e-05,0.0010681650865467178,5.620313800941081e-05,44136fa355b3678a
S7,forward_rollout_proxy,True,200173,0.625,0.625,5,5,442,442,1,0.3333333333333333,1.0,18.0,225.2739508783548,0.48058431046087485,3.52574016178477,0.002273781870751442,0.9977262181292486,0,0,0,11195.212613829559,11195.21261382956,2239.0425227659116,1.5,0.42856440371917975,0.3929369270776292,0.0005498785618146677,22.75,9.099999999999996,0.16786542543931748,2,8:wildfire:alternative|19:flood:origin|77:wildfire:reserve|91:heatwave:alternative,0.013087359908604806,0.05774345868636819,0.24096078830714807,0.02140435572820857,8.798056989034682e-05,0.00097445805790711,4.699769199049939e-05,44136fa355b3678a
S7,forward_rollout_proxy,True,200174,0.5,0.375,4,3,553,553,0,0.0,0.0,,254.37746399004584,0.7385690029926447,3.7253424393800803,0.0,1.0,0,0,0,11052.044345243065,11052.044345243065,3684.014781747688,1.5,0.46194212280435204,0.277296302740831,0.00016179058467437235,25.5,10.199999999999998,0.12549333033297486,3,8:funding_collapse|8:wildfire:semiwild|15:heatwave:reserve|23:flood:reserve|28:flood:origin|52:funding_collapse|64:funding_collapse|93:wildfire:reserve,0.017218795725900782,0.05517066992519418,0.0,0.0,2.588649354789957e-05,0.0006508242547206123,8.288471948033784e-05,44136fa355b3678a
S7,forward_rollout_proxy,True,200175,0.625,0.5,5,4,613,613,1,0.3333333333333333,1.0,18.0,250.16732994175723,0.5889417745363574,4.236074744000376,0.000868506476193655,0.9991314935238064,0,0,0,11111.447368965906,11111.447368965906,2777.8618422414766,1.5,0.6117763813767649,0.36107489609725174,0.00022653165789129445,50.5,20.200000000000003,0.16268255259785738,2,32:flood:semiwild|35:funding_collapse|36:flood:alternative|40:funding_collapse|68:flood:reserve|92:funding_collapse|97:flood:semiwild,0.014033655066629826,0.05921716628419734,0.13926910714375876,0.016812012189558887,3.6245065262607116e-05,0.0011391095400906512,6.241531521479035e-05,44136fa355b3678a
S7,forward_rollout_proxy,True,200176,0.625,0.625,5,5,915,915,1,0.3333333333333333,1.0,37.0,275.54250904527254,0.5505101851686383,4.164303757017027,0.004771113256799669,0.9952288867432003,0,0,0,11089.578916816408,11089.578916816408,2217.9157833632817,1.5,0.6146208833603662,0.417311949871059,0.00046718055770814685,57.75,23.100000000000016,0.16478411982426044,2,4:funding_collapse|8:funding_collapse|53:heatwave:alternative|56:flood:semiwild|57:wildfire:alternative|59:flood:semiwild|92:funding_collapse|96:funding_collapse,0.014129571639129727,0.05018325012414248,0.18891298282716817,0.015194447282889954,7.47488892333035e-05,0.00107762168530306,5.852155505334774e-05,44136fa355b3678a
S7,forward_rollout_proxy,True,200177,0.625,0.625,5,5,920,920,1,0.3333333333333333,1.0,15.0,247.29421900803854,0.5387925487000335,4.079554463246326,0.0043964792529588795,0.9956035207470412,0,0,0,11152.170444370264,11152.170444370266,2230.4340888740526,1.5,0.7388622459984423,0.4279731446406602,0.0004129748553592464,45.0,18.0,0.1602068770417636,2,2:funding_collapse|10:wildfire:semiwild|58:funding_collapse,0.013948870850594909,0.04761693101489302,0.20093189971956285,0.016722190245401544,6.607597685747945e-05,0.0009797267756824217,4.780520033506451e-05,44136fa355b3678a
S7,forward_rollout_proxy,True,200178,0.5,0.5,4,4,759,759,1,0.3333333333333333,1.0,35.0,271.8860150982826,0.5611923673742312,5.222657203689542,0.0,1.0,0,0,0,11115.125340698723,11115.125340698723,2778.781335174681,1.5,0.7380842988213402,0.3791850456889922,0.0003540652288312385,49.0,19.6,0.1407502188498137,2,33:funding_collapse|47:heatwave:semiwild|53:flood:semiwild|66:funding_collapse|96:funding_collapse,0.013988524037490064,0.046915431276664823,0.17803184703184424,0.018026037925696504,5.665043661299816e-05,0.0011327661113119708,5.89710646581633e-05,44136fa355b3678a
S7,forward_rollout_proxy,True,200179,0.5,0.5,4,4,522,522,1,0.3333333333333333,1.0,17.0,305.6522113222958,0.6550027994589129,4.699792145965962,0.002398769985700963,0.997601230014299,155,0,0,11211.428205351944,11211.428205351946,2802.857051337986,1.5,0.6373499656473288,0.3652940227451654,0.0004683100952514747,94.75,37.90000000000004,0.1478055236038645,2,54:wildfire:semiwild|75:heatwave:reserve|86:flood:semiwild,0.014646072136996181,0.06192025654429428,0.07543334899486535,0.011816983786456672,7.492961524023597e-05,0.0007709159610681318,9.501842021458064e-05,44136fa355b3678a
S7,forward_rollout_proxy,True,200180,0.625,0.375,5,3,204,164,0,0.0,0.0,,195.36135214270814,0.6847138386462275,2.920151785482419,0.0044587022122056915,0.9955412977877943,84,0,0,11134.34825884086,11134.348258840862,3711.44941961362,1.5,0.3322645727365169,0.2585586714546547,0.000485913230723465,48.25,19.300000000000004,0.13690348163089416,3,32:wildfire:alternative|36:flood:reserve|37:funding_collapse|42:funding_collapse|45:heatwave:origin|82:wildfire:reserve|100:flood:alternative,0.01411226134589738,0.07660349358348262,0.034139816884522944,0.005246543939905122,7.774611691575442e-05,0.0006190230776558475,0.00014076375123688297,44136fa355b3678a
S7,forward_rollout_proxy,True,200181,0.625,0.5,5,4,778,778,0,0.0,0.0,,284.1971684202982,0.5773467669359884,5.19149119886579,6.356897975809453e-05,0.9999364310202419,0,0,0,11018.031519536407,11018.03151953641,2754.507879884102,1.5,0.574674887698964,0.36353535306489015,0.00019911904602398341,55.5,22.20000000000001,0.1457647615316793,3,10:wildfire:alternative|12:funding_collapse|15:funding_collapse|23:wildfire:alternative|77:funding_collapse|81:wildfire:origin|83:funding_collapse|86:funding_collapse|99:heatwave:origin,0.014074742333587697,0.0486756471238172,0.16269717651186164,0.016018306679835108,3.185904736383734e-05,0.0010667837249245262,5.5615265745182684e-05,44136fa355b3678a
S7,forward_rollout_proxy,True,200182,0.75,0.625,6,5,640,640,1,0.3333333333333333,1.0,22.0,234.35570529383907,0.4791782401765145,4.247713111019693,4.147876816020935e-05,0.9999585212318398,72,0,0,11205.163017727227,11205.163017727227,2241.0326035454455,1.5,0.597766438072994,0.4172516542075247,0.00022308637884982662,41.5,16.599999999999994,0.16873939645014174,2,18:flood:origin|70:funding_collapse|87:flood:reserve|89:wildfire:semiwild|97:flood:semiwild,0.013142333393336947,0.05049638188673514,0.2515052276112037,0.019581159865763694,3.569382061597226e-05,0.0009563805351286282,6.477379148423115e-05,44136fa355b3678a
S7,forward_rollout_proxy,True,200183,0.625,0.625,5,5,874,874,1,0.3333333333333333,1.0,23.0,228.0875015220632,0.46016539595023387,4.313043691902399,0.0002027698815288053,0.9997972301184712,0,0,0,11182.505744826192,11182.505744826194,2236.5011489652384,1.5,0.5199947249811915,0.40740215331688173,0.0006278909500946346,31.75,12.699999999999996,0.15511121949869297,2,14:heatwave:alternative|15:wildfire:origin|26:heatwave:alternative|27:funding_collapse,0.0130597147346264,0.04352553430894427,0.27071055359639246,0.02578711801366106,0.00010046255201514157,0.0011771176220393559,5.5219282298404136e-05,44136fa355b3678a
S7,forward_rollout_proxy,True,200184,0.625,0.5,5,4,495,495,0,0.0,0.0,,269.9109001683332,0.7393514267245055,2.590671277451865,0.06945348891702972,0.9305465110829703,5,0,0,11205.093480858359,11205.09348085836,2801.2733702145897,1.5,0.32388076710713043,0.31311877548669265,0.0002161525914220245,24.5,9.799999999999995,0.14911993000730495,3,39:heatwave:reserve|44:wildfire:reserve|47:flood:origin|58:flood:reserve|95:flood:alternative|96:heatwave:origin,0.016899431270811845,0.05907315162094754,1.1013716005517749e-06,4.350761840638334e-06,3.458441462752392e-05,0.001024698773949401,8.467424714675821e-05,44136fa355b3678a
S7,forward_rollout_proxy,True,200185,0.5,0.5,4,4,778,778,1,0.3333333333333333,1.0,34.0,239.0070485836372,0.5388010891418326,4.157538845120265,0.0,1.0,0,0,0,11148.015977723084,11148.015977723086,2787.003994430771,1.5,0.6699999999999999,0.3616272728338914,0.00014460484269550815,16.5,6.6,0.14025942191344376,2,34:heatwave:origin|59:funding_collapse|61:flood:origin|77:funding_collapse,0.013553943401595296,0.045910975220167176,0.19788033255296975,0.019905543651274574,2.3136774831281306e-05,0.0010433463377857327,4.5729519007863754e-05,44136fa355b3678a
S7,forward_rollout_proxy,True,200186,0.625,0.5,5,4,726,726,0,0.0,0.0,,304.4145478089277,0.7431526342465122,3.463826825577113,0.0007171772038754497,0.9992828227961246,0,0,0,11156.94657669749,11156.94657669749,2789.2366441743725,1.5,0.5697287213755164,0.3460966232355166,0.00038709952165260275,16.25,6.5,0.14742741421096908,3,24:flood:reserve|54:funding_collapse|56:wildfire:semiwild|64:heatwave:origin|97:wildfire:origin,0.01672141778812464,0.058125178552811546,0.0,0.0,6.193592346441645e-05,0.0010615633914223446,5.6003275795592966e-05,44136fa355b3678a
S7,forward_rollout_proxy,True,200187,0.625,0.625,5,5,871,871,0,0.0,0.0,,329.3818661903558,0.6741593565332468,3.597305346425596,0.000562250505046859,0.9994377494949531,26,0,0,11184.349580383645,11184.349580383645,2236.869916076729,1.5,0.6858705190221063,0.41854166150012573,0.0002668381374216868,59.75,23.900000000000013,0.16365778066829567,3,2:funding_collapse|59:flood:reserve,0.015043608742808188,0.058652932147240044,0.05747281165559682,0.012057546359767458,4.269410198746989e-05,0.0009167767708148767,6.890451126500644e-05,44136fa355b3678a
S7,forward_rollout_proxy,True,200188,0.625,0.375,5,3,547,547,0,0.0,0.0,,290.0188614648091,0.7440863921115369,4.286128853779924,0.0011315000800626554,0.9988684999199373,0,0,0,11124.181948896556,11124.181948896556,3708.0606496321852,1.5,0.379732,0.27625767859079225,0.0002549538457654077,24.5,9.799999999999997,0.13336595026496487,3,5:heatwave:reserve|29:funding_collapse|31:flood:reserve|53:flood:semiwild|61:flood:reserve|68:flood:reserve|76:heatwave:reserve|83:heatwave:origin,0.01668809168885537,0.05813855279545635,0.0,0.0,4.0792615322465234e-05,0.0006568287153417482,6.796674065682867e-05,44136fa355b3678a
S7,forward_rollout_proxy,True,200189,0.625,0.625,5,5,678,678,0,0.0,0.0,,290.8131031672809,0.7191513528349602,3.027144601351083,0.010005588972001465,0.9899944110279986,157,0,0,11152.561011227235,11152.561011227237,2230.512202245447,1.5,0.6562720599038491,0.41045221845083285,0.0002358637790627986,73.0,29.200000000000017,0.16651783223468564,3,1:funding_collapse|28:funding_collapse|56:wildfire:reserve,0.015869382457269845,0.06111835484571386,0.013383833906016985,0.008073445004001447,3.773820465004777e-05,0.0010726750211362188,9.507230020942683e-05,44136fa355b3678a
S7,forward_rollout_proxy,True,200190,0.5,0.375,4,3,552,552,1,0.3333333333333333,1.0,11.0,283.41077514963575,0.7418422015781597,4.622102929806836,0.0,1.0,0,0,0,11167.937196914401,11167.937196914403,3722.6457323048003,1.5,0.5600830853327704,0.29704546357310835,0.0,19.25,7.699999999999998,0.13033062870881446,2,18:wildfire:semiwild|33:flood:semiwild|36:flood:reserve|40:heatwave:origin|47:funding_collapse|51:wildfire:origin,0.017065796797025596,0.054379318241314714,0.0,0.0,0.0,0.000664183835496109,6.154759262020856e-05,44136fa355b3678a
S7,forward_rollout_proxy,True,200191,0.625,0.5,5,4,809,809,0,0.0,0.0,,258.7218727360543,0.5530940059686532,4.710165421089746,0.0,1.0,0,0,0,11211.786503049208,11211.786503049208,2802.946625762302,1.5,0.6230851329123063,0.36445761816446653,0.00044530940773006967,30.5,12.199999999999996,0.15023725331169224,3,48:flood:origin|96:flood:alternative|97:flood:origin,0.013894447455867362,0.04627704572067282,0.18624033347694252,0.018236534561647713,7.124950523681114e-05,0.0011055148578542685,4.193462262341234e-05,44136fa355b3678a
