scenario,replicate,overrides,policy,engine,oracle,seed,survival_50,survival_100,species_retained_50,species_retained_100,total_abundance,wild_abundance,n_ebd,fraction_ebd,p_ebd,mean_time_to_ebd,lifetime_welfare,mean_individual_welfare,founder_effective,mean_inbreeding,heterozygosity_proxy,successful_reintroductions,refuge_moves,origin_returns,cost,available_budget,cost_per_species_retained,engagement,habitat_integrity,future_option_value,disease_prevalence,quarantine_cost,relocation_burden,biobank_coverage,discovered_latent,events,welfare_burden_predation,welfare_burden_food_insecurity,welfare_burden_crowding,welfare_burden_restriction,welfare_burden_infection,welfare_burden_habituation,welfare_burden_relocation,config_hash
base_directional_change,0,{},S3,rule,False,850000,0.25,0.25,2,2,244,0,1,0.3333333333333333,1.0,12.0,109.77634197253498,0.5120438771623617,4.683867368641261,0.00021576910629127321,0.9997842308937087,0,139,0,11322.243235823695,11322.243235823695,5661.121617911847,1.5,0.563024950792158,0.22627785756010632,0.0005868304136556801,34.75,13.899999999999999,0.053183443972389464,2,1:wildfire:origin|9:funding_collapse|16:funding_collapse|29:heatwave:alternative|76:funding_collapse|78:heatwave:origin|86:heatwave:semiwild,0.0019239045531786218,0.07665905998189121,0.0929501109371449,0.015277846410116945,9.389286618490883e-05,0.0007189286479966694,0.00011346826314369553,44136fa355b3678a
base_directional_change,1,{},S3,rule,False,850001,0.75,0.375,6,3,412,0,0,0.0,0.0,,209.62827306700078,0.5975395888864872,3.9100187623720815,0.0006837160739168118,0.9993162839260832,28,288,28,11129.424996171014,11129.424996171014,3709.8083320570045,1.5,0.3017089276786347,0.25660109464991004,7.693521756021756e-05,79.0,31.59999999999999,0.09290007129162872,3,4:heatwave:alternative|6:wildfire:reserve|9:wildfire:alternative|48:funding_collapse|85:flood:reserve,0.007819624344812042,0.07739683345974041,0.06268124587101973,0.006491540771788858,1.230963480963481e-05,0.0007109312746470674,0.00011860436614814498,44136fa355b3678a
base_directional_change,2,{},S3,rule,False,850002,0.625,0.375,5,3,319,0,2,0.6666666666666666,1.0,15.0,157.63282335152252,0.6044922530549734,3.280982546919413,0.0006547308184374989,0.9993452691815625,45,190,45,11152.496709120633,11152.496709120633,3717.4989030402107,1.5,0.6447191674730144,0.2815386641397304,0.00021911380625245426,58.75,23.500000000000004,0.077534609616174,1,5:funding_collapse|59:wildfire:semiwild|75:funding_collapse|94:funding_collapse,0.008228329008075248,0.07551883042272377,0.0624809027426171,0.007055735174617272,3.505820900039268e-05,0.000679421601025365,0.00012882108571315683,44136fa355b3678a
base_directional_change,3,{},S3,rule,False,850003,0.625,0.375,5,3,254,0,2,0.6666666666666666,1.0,28.5,177.98976724976495,0.600674563957993,2.700195731517684,0.00042603461471989195,0.9995739653852801,45,179,45,11098.546129973112,11098.546129973112,3699.515376657704,1.5,0.46833258134112166,0.26075260494910346,0.0005508502725994817,56.0,22.400000000000006,0.09083694749907226,1,25:funding_collapse|41:funding_collapse|43:wildfire:alternative|57:funding_collapse|64:funding_collapse|81:funding_collapse|95:wildfire:alternative,0.00784141439521836,0.07599446955909862,0.06353214791811969,0.006765014049614619,8.813604361591706e-05,0.0007172044068679645,0.00010053651899036468,44136fa355b3678a
base_directional_change,4,{},S3,rule,False,850004,0.625,0.125,5,1,127,0,1,0.3333333333333333,1.0,22.0,131.33006000984463,0.6616457324439241,2.778466838931955,0.0017966290696811976,0.9982033709303189,21,104,21,11155.292553316942,11155.292553316942,11155.292553316942,1.5,0.34676831241585554,0.1303148751326046,0.00017941002992549385,31.25,12.499999999999995,0.058016877508497364,2,4:flood:alternative|8:flood:alternative|70:wildfire:alternative|98:flood:alternative,0.009302544025420191,0.07720112375001931,0.01321050530237633,0.006236769045171547,2.8705604788079016e-05,0.0006805876685014249,0.00010996723631299387,44136fa355b3678a
base_directional_change,5,{},S3,rule,False,850005,0.5,0.375,4,3,299,0,1,0.3333333333333333,1.0,19.0,198.49965619717668,0.5989562330076116,4.336830252735299,0.00021485647804280348,0.9997851435219572,17,230,17,11150.926699665302,11150.926699665302,3716.9755665551006,1.5,0.4499385688219857,0.27317725185678843,5.10204081632653e-05,61.75,24.699999999999996,0.08032546223618414,2,1:funding_collapse|26:flood:reserve|40:wildfire:reserve|68:funding_collapse,0.007907043592345083,0.0759717688733344,0.06366294454727457,0.007353985555802674,8.16326530612245e-06,0.0007605844015249697,0.00010056922737513656,44136fa355b3678a
base_directional_change,6,{},S3,rule,False,850006,0.5,0.375,4,3,334,0,0,0.0,0.0,,197.42483470055694,0.6042897927370081,4.062384676831441,3.101612471069929e-05,0.9999689838752893,27,206,27,11116.007527673784,11116.007527673784,3705.335842557928,1.5,0.29361316424586187,0.25431245085209414,0.00028728577686179345,58.25,23.299999999999994,0.07788643829596759,3,8:heatwave:alternative|25:wildfire:reserve|40:funding_collapse|42:heatwave:alternative|62:funding_collapse|89:wildfire:reserve,0.007918793527019262,0.07716914802553754,0.05919657590934753,0.005661958027245652,4.5965724297886964e-05,0.0006922210150614332,9.816893576452979e-05,44136fa355b3678a
base_directional_change,7,{},S3,rule,False,850007,0.5,0.375,4,3,298,0,2,0.6666666666666666,1.0,23.5,179.20108093342213,0.615634926753706,3.3954013133096126,0.0007018442424542646,0.9992981557575458,38,225,38,11187.540845893245,11187.540845893245,3729.180281964415,1.5,0.46839364634652386,0.2646616925909388,0.0003882034607561305,65.75,26.300000000000004,0.07559157411595124,1,23:flood:reserve|37:heatwave:alternative|45:wildfire:semiwild|59:funding_collapse,0.008234128117566157,0.07774381214581168,0.04807405411999976,0.006042803657028803,6.211255372098087e-05,0.0008090397712294281,0.0001127748842948089,44136fa355b3678a
base_directional_change,8,{},S3,rule,False,850008,0.25,0.25,2,2,254,0,2,0.6666666666666666,1.0,12.0,113.50345826286355,0.526002552425123,4.2753965996071255,0.0,1.0,0,93,0,11267.184886359257,11267.184886359257,5633.592443179628,1.5,0.36778882011069375,0.2016422812091624,0.00015431478877954072,23.25,9.299999999999997,0.048047166010108666,1,6:wildfire:origin|11:funding_collapse|29:flood:origin|33:flood:semiwild|55:flood:reserve|68:wildfire:reserve|72:funding_collapse|87:funding_collapse|88:heatwave:alternative,0.0024820630405193726,0.07793459284802842,0.08520251652895781,0.012941939475376595,2.469036620472652e-05,0.0006265567745779506,8.523766335519449e-05,44136fa355b3678a
base_directional_change,9,{},S3,rule,False,850009,0.5,0.375,4,3,406,0,1,0.3333333333333333,1.0,33.0,192.16869032011562,0.6172866358322648,4.920272464801856,0.0,1.0,43,215,43,11223.848889209545,11223.848889209545,3741.2829630698484,1.5,0.5829146134340274,0.2926113181155363,0.00021251814601623366,64.5,25.800000000000004,0.0818356606205751,2,21:flood:semiwild|84:heatwave:semiwild|96:flood:reserve,0.008857882506646082,0.07738550553191026,0.052791727851835585,0.005891229766749655,3.4002903362597384e-05,0.0007614535012864673,0.00011812856800794171,44136fa355b3678a
base_directional_change,10,{},S3,rule,False,850010,0.5,0.375,4,3,196,0,2,0.6666666666666666,1.0,12.5,82.23821051469876,0.4477463617990364,2.725598121187762,0.0,1.0,0,80,0,11437.163455148302,11437.163455148302,3812.3878183827674,1.5,0.5225270398406665,0.26433874116378203,0.00014115077469114737,20.0,8.000000000000002,0.08040027983918863,1,1:flood:origin|15:funding_collapse|43:wildfire:origin|70:heatwave:semiwild|74:wildfire:origin|99:flood:alternative,0.0013579369680888763,0.07751118255128712,0.15999486784892655,0.012880283293322406,2.2584123950583575e-05,0.0005607174396601327,7.09639400509267e-05,44136fa355b3678a
base_directional_change,11,{},S3,rule,False,850011,0.625,0.375,5,3,357,0,0,0.0,0.0,,177.69946788550354,0.6065215246621477,3.1954138239390013,0.0013271515835494416,0.9986728484164505,13,164,13,11133.96797905886,11133.967979058858,3711.3226596862864,1.5,0.526781435197619,0.27027984367622315,0.0003408500090683755,44.25,17.700000000000006,0.08448780958535618,3,8:funding_collapse|54:flood:origin|58:funding_collapse|83:heatwave:alternative|89:funding_collapse,0.008016131514908249,0.07520857097718726,0.057480752152492744,0.008119633634577003,5.4536001450940084e-05,0.0008352454197776579,0.00010204658586486447,44136fa355b3678a
base_directional_change,12,{},S3,rule,False,850012,0.625,0.25,5,2,232,0,3,1.0,1.0,37.666666666666664,156.20123515761642,0.6221127267020563,3.9765255053508017,3.391782688899414e-05,0.999966082173111,32,160,32,11126.923071202375,11126.923071202373,5563.461535601187,1.5,0.4813549051427894,0.21283266191592864,8.223696769316524e-05,48.0,19.200000000000014,0.0621595817407084,0,9:flood:alternative|22:heatwave:semiwild|24:funding_collapse|36:wildfire:alternative|37:funding_collapse,0.008126675315222676,0.07456269687338084,0.04319787511886159,0.00749171000312909,1.315791483090644e-05,0.0007739024551933005,0.00011546540111374852,44136fa355b3678a
base_directional_change,13,{},S3,rule,False,850013,0.5,0.25,4,2,221,0,0,0.0,0.0,,180.91433532722104,0.6177199333985631,4.479712322390645,0.0010966985837733163,0.9989033014162266,21,145,21,11190.97734998021,11190.97734998021,5595.488674990105,1.5,0.4190212311890699,0.2115571567721124,0.0002106813275832326,41.5,16.6,0.06178955214649479,3,38:funding_collapse|54:flood:reserve|76:heatwave:reserve|77:wildfire:reserve,0.00787566263097369,0.07484221241157023,0.04669550907429951,0.006932102710054343,3.370901241331721e-05,0.0007154674222804242,7.189181219000074e-05,44136fa355b3678a
base_directional_change,14,{},S3,rule,False,850014,0.25,0.25,2,2,260,0,2,0.6666666666666666,1.0,15.0,114.28090743093772,0.542863026268183,2.7749791414818405,0.0009259749865643967,0.9990740250134356,6,83,6,11142.51444826206,11142.514448262058,5571.25722413103,1.5,0.5478796133920574,0.20540460552538745,0.00023387732445472807,22.25,8.899999999999997,0.05183426385681637,1,12:funding_collapse|13:flood:origin|31:funding_collapse|38:funding_collapse|41:funding_collapse|69:wildfire:origin|94:heatwave:origin|99:flood:reserve,0.002968591726779157,0.07783026224219528,0.06829218512122434,0.011665838936351178,3.742037191275649e-05,0.0006016922182737905,7.388916768064924e-05,44136fa355b3678a
base_directional_change,15,{},S3,rule,False,850015,0.375,0.375,3,3,378,0,1,0.3333333333333333,1.0,14.0,168.67751856404942,0.5959006305299053,3.6054055267484855,0.0,1.0,49,213,49,11281.056655523349,11281.056655523349,3760.352218507783,1.5,0.5706304347496424,0.2761424563179042,0.0003405651674312353,65.5,26.200000000000006,0.07137678787727546,2,50:wildfire:reserve|64:flood:origin,0.007445754617086901,0.07648684507923545,0.06192057060775143,0.0065704608112048144,5.449042678899766e-05,0.0005341511432256263,0.00012709826974410167,44136fa355b3678a
base_directional_change,16,{},S3,rule,False,850016,0.375,0.25,3,2,277,0,2,0.6666666666666666,1.0,23.0,112.14928600277347,0.5196578343646544,4.229448543486542,0.0019590807917495927,0.9980409192082504,0,79,0,11306.552287470036,11306.552287470035,5653.276143735018,1.5,0.4920170625751991,0.21513824158542383,0.00039453553093031225,19.75,7.899999999999999,0.05571024946519264,1,5:heatwave:origin|25:funding_collapse|29:heatwave:semiwild|34:flood:reserve|57:funding_collapse|64:funding_collapse|81:flood:reserve,0.0022392821541691505,0.07807319367155141,0.08898951745984617,0.013178418829019387,6.312568494884995e-05,0.0006208777196662325,5.869660175792381e-05,44136fa355b3678a
base_directional_change,17,{},S3,rule,False,850017,0.5,0.25,4,2,281,0,2,0.6666666666666666,1.0,33.0,150.6901949129067,0.5575931526800153,4.379479003962978,0.0,1.0,9,148,9,11213.138143598604,11213.138143598604,5606.569071799302,1.5,0.3156480655871776,0.20077952575178715,0.00010472648356941193,39.25,15.700000000000001,0.06459964576719798,1,1:wildfire:semiwild|11:heatwave:alternative|21:wildfire:origin|27:funding_collapse|31:heatwave:semiwild|35:wildfire:semiwild|51:flood:alternative|56:flood:reserve|58:funding_collapse|62:flood:reserve|64:wildfire:origin,0.00474944292736091,0.07660505202949316,0.07471540810849633,0.010976073215421793,1.6756237371105912e-05,0.00066324570362519,7.885048115547127e-05,44136fa355b3678a
base_directional_change,18,{},S3,rule,False,850018,0.25,0.125,2,1,90,0,1,0.3333333333333333,1.0,15.0,79.80779025231831,0.5608998743778685,3.4734133790737562,0.0,1.0,1,80,1,11337.264813940688,11337.264813940688,11337.264813940688,1.5,0.5401363635204023,0.15341301882900368,0.000564857280016232,20.25,8.1,0.04207624343112947,2,12:wildfire:semiwild|14:flood:origin|57:flood:semiwild|71:wildfire:reserve|79:wildfire:origin,0.003210632054656453,0.07281498632315547,0.06503373763220784,0.013943201762373925,9.037716480259711e-05,0.0006876482285021492,6.811380434062236e-05,44136fa355b3678a
base_directional_change,19,{},S3,rule,False,850019,0.5,0.375,4,3,306,0,1,0.3333333333333333,1.0,34.0,181.00541545169435,0.5934487749891377,3.1088669701160274,0.0009457789640690753,0.9990542210359309,29,205,29,11176.05149647571,11176.05149647571,3725.3504988252366,1.5,0.4947585761651499,0.2635877821951853,0.00031900432532606124,58.5,23.40000000000001,0.07136627438755003,2,18:flood:alternative|60:heatwave:origin|62:heatwave:reserve|96:funding_collapse,0.0073375863493252615,0.07562770557634796,0.06251856775217518,0.007799593455275282,5.10406920521698e-05,0.0008027807783042586,0.00010248338760089333,44136fa355b3678a
base_directional_change,20,{},S3,rule,False,850020,0.625,0.375,5,3,247,0,0,0.0,0.0,,166.76813274519836,0.6213583414365433,3.098550114913144,0.0014939365214435448,0.9985060634785564,37,194,37,11189.155826842361,11189.155826842361,3729.718608947454,1.5,0.461564284319443,0.26258002596052366,0.0006022398608027915,57.75,23.099999999999994,0.08344048189723946,3,9:wildfire:semiwild|17:wildfire:reserve|46:heatwave:semiwild|95:wildfire:reserve,0.008562820065295214,0.07835240270757002,0.041657300303059704,0.006938779983973595,9.635837772844664e-05,0.0008214486959168411,0.00010824017316106319,44136fa355b3678a
base_directional_change,21,{},S3,rule,False,850021,0.25,0.25,2,2,228,0,3,1.0,1.0,21.666666666666668,120.69408748984777,0.5408234988785748,2.9886345358993065,0.003378195038316363,0.9966218049616836,1,87,1,11295.926084200966,11295.926084200966,5647.963042100483,1.5,0.4018061315910155,0.19286364566078562,0.0001866279232993627,22.0,8.799999999999997,0.05148343571345488,0,5:funding_collapse|12:wildfire:origin|20:wildfire:alternative|23:heatwave:reserve|41:wildfire:alternative|60:heatwave:origin|77:funding_collapse,0.0027821482485767385,0.07512182058399244,0.07479021683487667,0.01343813452471605,2.986046772789803e-05,0.0006329146420435476,6.110548457952773e-05,44136fa355b3678a
base_directional_change,22,{},S3,rule,False,850022,0.375,0.375,3,3,286,0,1,0.3333333333333333,1.0,19.0,176.61474915934957,0.606617289347668,3.7079424658953,0.009458365575729636,0.9905416344242703,15,163,15,11107.508548498863,11107.508548498863,3702.502849499621,1.5,0.4464913991038329,0.26369201924044383,0.00012977431775385741,44.5,17.800000000000004,0.06606727335553758,2,9:flood:reserve|28:flood:semiwild|59:wildfire:origin|67:flood:alternative|68:funding_collapse|75:funding_collapse|85:funding_collapse,0.00788325162774086,0.07349115382514544,0.05897535965483405,0.007505627094282489,2.0763890840617183e-05,0.0006377771912337092,7.707278056303723e-05,44136fa355b3678a
base_directional_change,23,{},S3,rule,False,850023,0.5,0.25,4,2,239,0,0,0.0,0.0,,151.54875131427212,0.6357874282153481,2.50301730877789,0.01313165828744943,0.9868683417125506,12,140,12,11174.427158265715,11174.427158265713,5587.213579132857,1.5,0.4900310917789876,0.20040564917036247,0.0007274353367110833,38.0,15.199999999999998,0.06936183452342398,3,35:flood:reserve|41:heatwave:reserve|79:wildfire:origin|95:funding_collapse,0.00942005426156053,0.07518326535638534,0.04160479399845822,0.00750778177521053,0.00011638965387377335,0.0008106284170126827,0.00012511526160447566,44136fa355b3678a
stable_excellent_origin,0,"{""catastrophe_probability"": 0.0, ""climate_velocity"": 0.0, ""habitat_deterioration"": 0.0, ""origin_quality_override"": 0.95, ""scenario"": ""stationary""}",S3,rule,False,851000,1.0,0.875,8,7,1136,1136,0,0.0,0.0,,889.9658213359864,0.7887168926720112,6.892894508843953,0.0,1.0,0,0,0,11247.871215117691,11247.871215117691,1606.8387450168132,1.5,0.98,0.5883678916640709,0.00019473633471512583,0.0,0.0,0.13844473287815698,3,21:funding_collapse,0.01600000000000001,0.024321807164467812,0.0,0.0,3.1157813554420134e-05,0.0009301423499668575,0.0,e8708abeb28b46ff
stable_excellent_origin,1,"{""catastrophe_probability"": 0.0, ""climate_velocity"": 0.0, ""habitat_deterioration"": 0.0, ""origin_quality_override"": 0.95, ""scenario"": ""stationary""}",S3,rule,False,851001,1.0,1.0,8,8,1200,1200,0,0.0,0.0,,895.7169966853752,0.78807360261969,6.0707904828460375,0.0,1.0,0,0,0,11184.556813221418,11184.556813221418,1398.0696016526772,1.5,0.98,0.6368215299041792,4.555808656036446e-05,0.0,0.0,0.1405681253785942,3,9:funding_collapse|37:funding_collapse|79:funding_collapse,0.01600000000000001,0.02500812913375865,0.0,0.0,7.289293849658315e-06,0.0009109789527018191,0.0,e8708abeb28b46ff
stable_excellent_origin,2,"{""catastrophe_probability"": 0.0, ""climate_velocity"": 0.0, ""habitat_deterioration"": 0.0, ""origin_quality_override"": 0.95, ""scenario"": ""stationary""}",S3,rule,False,851002,1.0,0.875,8,7,1153,1153,0,0.0,0.0,,870.2548788152992,0.7888980410065887,5.7924346461696326,0.0,1.0,0,0,0,11117.846744090843,11117.846744090843,1588.2638205844062,1.5,0.98,0.5781251563774751,0.0001131854454938136,0.0,0.0,0.14225404957889376,3,6:funding_collapse|52:funding_collapse|80:funding_collapse|82:funding_collapse|88:funding_collapse,0.01600000000000001,0.024144626149579688,0.0,0.0,1.8109671279010177e-05,0.0009392231725527718,0.0,e8708abeb28b46ff
stable_excellent_origin,3,"{""catastrophe_probability"": 0.0, ""climate_velocity"": 0.0, ""habitat_deterioration"": 0.0, ""origin_quality_override"": 0.95, ""scenario"": ""stationary""}",S3,rule,False,851003,1.0,0.875,8,7,1190,1190,0,0.0,0.0,,855.428858942545,0.7890197447957032,5.8670400518715216,0.0,1.0,0,0,0,11244.324510148945,11244.324510148943,1606.3320728784206,1.5,0.98,0.5789609928180695,0.00021468344234032682,0.0,0.0,0.14270296149677117,3,85:funding_collapse,0.01600000000000001,0.023985359264548617,0.0,0.0,3.43493507744523e-05,0.0009605465889736637,0.0,e8708abeb28b46ff
stable_excellent_origin,4,"{""catastrophe_probability"": 0.0, ""climate_velocity"": 0.0, ""habitat_deterioration"": 0.0, ""origin_quality_override"": 0.95, ""scenario"": ""stationary""}",S3,rule,False,851004,1.0,0.875,8,7,1141,1141,0,0.0,0.0,,876.9300652714827,0.7888509561751954,6.210760100379551,0.0,1.0,7,11,7,11247.571876120232,11247.571876120232,1606.7959823028903,1.5,0.98,0.582249991002998,0.00010981677575316486,4.5,1.8000000000000003,0.1419619499960124,3,23:funding_collapse,0.015997568314239284,0.02419452239326366,6.853339531438378e-07,7.602391482324967e-07,1.757068412050638e-05,0.0009171514667344563,1.7175178519491361e-06,e8708abeb28b46ff
stable_excellent_origin,5,"{""catastrophe_probability"": 0.0, ""climate_velocity"": 0.0, ""habitat_deterioration"": 0.0, ""origin_quality_override"": 0.95, ""scenario"": ""stationary""}",S3,rule,False,851005,1.0,1.0,8,8,1161,1161,0,0.0,0.0,,877.8451661106848,0.7886760952841704,5.96067533153507,0.0,1.0,0,0,0,11185.46274948074,11185.46274948074,1398.1828436850924,1.5,0.98,0.6370507127963074,4.8661800486618005e-05,0.0,0.0,0.14721979740478414,3,15:funding_collapse|26:funding_collapse|85:funding_collapse,0.01600000000000001,0.02438493105197153,0.0,0.0,7.78588807785888e-06,0.0009311877757801077,0.0,e8708abeb28b46ff
stable_excellent_origin,6,"{""catastrophe_probability"": 0.0, ""climate_velocity"": 0.0, ""habitat_deterioration"": 0.0, ""origin_quality_override"": 0.95, ""scenario"": ""stationary""}",S3,rule,False,851006,0.875,0.875,7,7,1142,1142,1,0.3333333333333333,1.0,23.0,866.8926089442325,0.7891022465344669,6.190967720719933,0.0,1.0,0,0,0,11181.939626054656,11181.939626054656,1597.4199465792367,1.5,0.98,0.5801464803564758,0.0005250714769856233,0.0,0.0,0.1324340157463823,2,20:funding_collapse|71:funding_collapse|100:funding_collapse,0.01600000000000001,0.02381015215662904,0.0,0.0,8.401143631769974e-05,0.0010035898725868602,0.0,e8708abeb28b46ff
stable_excellent_origin,7,"{""catastrophe_probability"": 0.0, ""climate_velocity"": 0.0, ""habitat_deterioration"": 0.0, ""origin_quality_override"": 0.95, ""scenario"": ""stationary""}",S3,rule,False,851007,1.0,1.0,8,8,1185,1185,0,0.0,0.0,,900.7247656880636,0.7879071785344022,6.435521305699561,0.0,1.0,4,8,4,11213.825073109096,11213.825073109096,1401.728134138637,1.5,0.98,0.6428433498523946,0.00011897431943741371,3.0,1.2000000000000002,0.15244068397699498,3,31:funding_collapse|40:funding_collapse,0.015997137936443955,0.025142136685242757,4.7315263914524933e-07,0.0,1.9035891109986195e-05,0.0009065481159427332,1.2398544114287641e-06,e8708abeb28b46ff
stable_excellent_origin,8,"{""catastrophe_probability"": 0.0, ""climate_velocity"": 0.0, ""habitat_deterioration"": 0.0, ""origin_quality_override"": 0.95, ""scenario"": ""stationary""}",S3,rule,False,851008,1.0,1.0,8,8,1168,1168,0,0.0,0.0,,889.8916806485263,0.7888431424322004,5.433948332061682,0.03858442710448073,0.9614155728955193,1,2,1,11211.28878589796,11211.288785897957,1401.411098237245,1.5,0.98,0.6324101702932095,0.00011412671273880164,0.75,0.30000000000000004,0.15035343486296324,3,54:funding_collapse|73:funding_collapse,0.0159998655462185,0.024204727136088355,7.756948933419521e-09,0.0,1.826027403820826e-05,0.0009327249770095877,3.0398246255023746e-07,e8708abeb28b46ff
stable_excellent_origin,9,"{""catastrophe_probability"": 0.0, ""climate_velocity"": 0.0, ""habitat_deterioration"": 0.0, ""origin_quality_override"": 0.95, ""scenario"": ""stationary""}",S3,rule,False,851009,0.875,0.875,7,7,1200,1200,1,0.3333333333333333,1.0,36.0,875.9133647118953,0.7890546522957191,6.9543338453142125,0.0,1.0,0,0,0,11184.055248277598,11184.055248277598,1597.7221783253713,1.5,0.98,0.587082036977845,0.00029410021173276033,0.0,0.0,0.12894349262351426,2,5:funding_collapse|55:funding_collapse|66:funding_collapse,0.01600000000000001,0.02392823760974987,0.0,0.0,4.705603387724166e-05,0.00097005406065384,0.0,e8708abeb28b46ff
stable_excellent_origin,10,"{""catastrophe_probability"": 0.0, ""climate_velocity"": 0.0, ""habitat_deterioration"": 0.0, ""origin_quality_override"": 0.95, ""scenario"": ""stationary""}",S3,rule,False,851010,0.875,0.875,7,7,1171,1171,0,0.0,0.0,,884.3740619339908,0.788629150617865,6.555701034441475,0.0,1.0,0,0,0,11112.164510148945,11112.164510148943,1587.4520728784207,1.5,0.98,0.5817879608265244,0.00037341002054222197,0.0,0.0,0.12240475241054803,3,58:funding_collapse|61:funding_collapse|68:funding_collapse|69:funding_collapse|100:funding_collapse,0.01600000000000001,0.024367010762731494,0.0,0.0,5.974560328675552e-05,0.0009440930161172341,0.0,e8708abeb28b46ff
stable_excellent_origin,11,"{""catastrophe_probability"": 0.0, ""climate_velocity"": 0.0, ""habitat_deterioration"": 0.0, ""origin_quality_override"": 0.95, ""scenario"": ""stationary""}",S3,rule,False,851011,1.0,1.0,8,8,1177,1177,0,0.0,0.0,,893.3830585601501,0.7883037390987073,6.705506796986855,0.0027922005851282097,0.9972077994148718,0,0,0,11146.401517549559,11146.401517549559,1393.3001896936948,1.5,0.98,0.6434636018638212,0.00010967890967890968,0.0,0.0,0.14204266946976374,3,36:funding_collapse|53:funding_collapse|61:funding_collapse|80:funding_collapse,0.01600000000000001,0.024764660051504496,0.0,0.0,1.754862554862555e-05,0.0009140522242393807,0.0,e8708abeb28b46ff
stable_excellent_origin,12,"{""catastrophe_probability"": 0.0, ""climate_velocity"": 0.0, ""habitat_deterioration"": 0.0, ""origin_quality_override"": 0.95, ""scenario"": ""stationary""}",S3,rule,False,851012,1.0,1.0,8,8,1168,1168,0,0.0,0.0,,877.6708465909674,0.788536170530833,5.498282672307929,0.027952958111333026,0.972047041888667,1,3,1,11211.308158714182,11211.308158714179,1401.4135198392728,1.5,0.98,0.6335317455514389,0.00032188528691140154,1.0,0.4,0.15274459414179836,3,63:funding_collapse|95:funding_collapse,0.015999714030384284,0.02446543888742041,3.2996494122499485e-08,0.0,5.1501645905824255e-05,0.0009440283401532028,4.2933913608002026e-07,e8708abeb28b46ff
stable_excellent_origin,13,"{""catastrophe_probability"": 0.0, ""climate_velocity"": 0.0, ""habitat_deterioration"": 0.0, ""origin_quality_override"": 0.95, ""scenario"": ""stationary""}",S3,rule,False,851013,1.0,1.0,8,8,1200,1200,0,0.0,0.0,,895.9951452350364,0.7885062991563371,6.080833832576777,0.0,1.0,0,0,0,11277.364510148946,11277.364510148944,1409.6705637686182,1.5,0.98,0.6368088083547466,0.00011627906976744185,0.0,0.0,0.1400023501448946,3,,0.01600000000000001,0.02456460945157454,0.0,0.0,1.8604651162790697e-05,0.0009104867409259745,0.0,e8708abeb28b46ff
stable_excellent_origin,14,"{""catastrophe_probability"": 0.0, ""climate_velocity"": 0.0, ""habitat_deterioration"": 0.0, ""origin_quality_override"": 0.95, ""scenario"": ""stationary""}",S3,rule,False,851014,1.0,1.0,8,8,1200,1200,0,0.0,0.0,,900.8308702148424,0.7883033810654392,5.659083499554399,0.0,1.0,0,0,0,11244.324510148947,11244.324510148945,1405.5405637686183,1.5,0.98,0.6324839566911997,0.00010917030567685588,0.0,0.0,0.13946560847827863,3,62:funding_collapse,0.01600000000000001,0.02480322296887166,0.0,0.0,1.7467248908296942e-05,0.0008759287167811241,0.0,e8708abeb28b46ff
stable_excellent_origin,15,"{""catastrophe_probability"": 0.0, ""climate_velocity"": 0.0, ""habitat_deterioration"": 0.0, ""origin_quality_override"": 0.95, ""scenario"": ""stationary""}",S3,rule,False,851015,1.0,0.875,8,7,1145,1145,0,0.0,0.0,,887.1136440234466,0.7885422253243618,6.805636327114115,0.0,1.0,0,0,0,11211.498630019023,11211.498630019021,1601.642661431289,1.5,0.98,0.5890285068835773,6.925934585509053e-05,0.0,0.0,0.14611071806218134,3,42:funding_collapse|52:funding_collapse,0.01600000000000001,0.024488349929344806,0.0,0.0,1.1081495336814485e-05,0.0009583432509565332,0.0,e8708abeb28b46ff
stable_excellent_origin,16,"{""catastrophe_probability"": 0.0, ""climate_velocity"": 0.0, ""habitat_deterioration"": 0.0, ""origin_quality_override"": 0.95, ""scenario"": ""stationary""}",S3,rule,False,851016,1.0,1.0,8,8,1194,1194,0,0.0,0.0,,899.6883579808643,0.7881719346406243,5.771126162722261,0.016302419999999998,0.98369758,0,0,0,11248.019626054656,11248.019626054656,1406.002453256832,1.5,0.98,0.634771972917786,0.00029085038631881813,0.0,0.0,0.14530355645281726,3,20:funding_collapse,0.01600000000000001,0.0248551602568776,0.0,0.0,4.65360618110109e-05,0.0009263690406871968,0.0,e8708abeb28b46ff
stable_excellent_origin,17,"{""catastrophe_probability"": 0.0, ""climate_velocity"": 0.0, ""habitat_deterioration"": 0.0, ""origin_quality_override"": 0.95, ""scenario"": ""stationary""}",S3,rule,False,851017,1.0,1.0,8,8,1172,1172,0,0.0,0.0,,886.9922705440773,0.7888108583062065,5.736320487792295,0.0002317124019999999,0.999768287598,0,0,0,11277.364510148946,11277.364510148944,1409.6705637686182,1.5,0.98,0.6340637301849231,6.573852111377466e-05,0.0,0.0,0.143502626535001,3,,0.01600000000000001,0.02423387452573715,0.0,0.0,1.0518163378203945e-05,0.0009447490046782546,0.0,e8708abeb28b46ff
stable_excellent_origin,18,"{""catastrophe_probability"": 0.0, ""climate_velocity"": 0.0, ""habitat_deterioration"": 0.0, ""origin_quality_override"": 0.95, ""scenario"": ""stationary""}",S3,rule,False,851018,0.875,0.875,7,7,1196,1196,0,0.0,0.0,,901.5532738357449,0.7883760199008525,6.482732090166963,0.0,1.0,0,0,0,11277.364510148946,11277.364510148944,1611.0520728784209,1.5,0.98,0.5834312373216404,0.0001473405373385309,0.0,0.0,0.13426958209985373,3,,0.01600000000000001,0.024671324083324443,0.0,0.0,2.357448597416495e-05,0.0009290815298489981,0.0,e8708abeb28b46ff
stable_excellent_origin,19,"{""catastrophe_probability"": 0.0, ""climate_velocity"": 0.0, ""habitat_deterioration"": 0.0, ""origin_quality_override"": 0.95, ""scenario"": ""stationary""}",S3,rule,False,851019,1.0,1.0,8,8,1200,1200,0,0.0,0.0,,878.6776446948179,0.7883987141969658,5.7262951537083975,0.0,1.0,0,0,0,11246.648942456328,11246.648942456326,1405.831117807041,1.5,0.98,0.6347283403159779,6.891346268178317e-05,0.0,0.0,0.14732694389446938,3,29:funding_collapse,0.01600000000000001,0.024668117604635813,0.0,0.0,1.1026154029085308e-05,0.0009221420443691502,0.0,e8708abeb28b46ff
stable_excellent_origin,20,"{""catastrophe_probability"": 0.0, ""climate_velocity"": 0.0, ""habitat_deterioration"": 0.0, ""origin_quality_override"": 0.95, ""scenario"": ""stationary""}",S3,rule,False,851020,1.0,0.875,8,7,1167,1167,0,0.0,0.0,,874.9038601410992,0.7887864908852744,6.123754270505644,0.0,1.0,0,0,0,11212.318792243283,11212.31879224328,1601.759827463326,1.5,0.98,0.5807300401675191,0.00039717263834256706,0.0,0.0,0.13871248731231334,3,37:funding_collapse|81:funding_collapse,0.01600000000000001,0.024205495208824056,0.0,0.0,6.354762213481073e-05,0.0009444662837670731,0.0,e8708abeb28b46ff
stable_excellent_origin,21,"{""catastrophe_probability"": 0.0, ""climate_velocity"": 0.0, ""habitat_deterioration"": 0.0, ""origin_quality_override"": 0.95, ""scenario"": ""stationary""}",S3,rule,False,851021,0.875,0.875,7,7,1185,1185,0,0.0,0.0,,894.5068642081292,0.7884592761438036,7.353927493686728,0.0,1.0,4,9,4,11215.853071674745,11215.853071674743,1602.2647245249634,1.5,0.98,0.5935301096666882,0.00017731623658954243,3.25,1.3000000000000003,0.14120417364910423,3,14:funding_collapse|58:funding_collapse,0.015997464435146453,0.024537741787896823,7.804463040446305e-07,9.508368200836819e-07,2.8370597854326793e-05,0.0009500637410219358,1.3040453530470224e-06,e8708abeb28b46ff
stable_excellent_origin,22,"{""catastrophe_probability"": 0.0, ""climate_velocity"": 0.0, ""habitat_deterioration"": 0.0, ""origin_quality_override"": 0.95, ""scenario"": ""stationary""}",S3,rule,False,851022,1.0,1.0,8,8,1200,1200,0,0.0,0.0,,899.4636719305407,0.7880878105346903,6.0257065817735755,0.0,1.0,6,9,6,11244.324510148945,11244.324510148943,1405.540563768618,1.5,0.98,0.6384828499844307,0.00012415049720234322,3.75,1.5000000000000004,0.15112892083347476,3,96:funding_collapse,0.015995996548780915,0.024929834954892694,1.3613747323549352e-06,0.0,1.9864079552374916e-05,0.0009208430593190779,1.501001252087684e-06,e8708abeb28b46ff
stable_excellent_origin,23,"{""catastrophe_probability"": 0.0, ""climate_velocity"": 0.0, ""habitat_deterioration"": 0.0, ""origin_quality_override"": 0.95, ""scenario"": ""stationary""}",S3,rule,False,851023,1.0,0.875,8,7,1189,1189,0,0.0,0.0,,880.657655801191,0.7884972656774578,6.293614474441389,0.0,1.0,6,9,6,11247.427781273956,11247.427781273956,1606.775397324851,1.5,0.98,0.5799171760456712,0.0001685561821626644,3.75,1.5000000000000004,0.12615515650628667,3,24:funding_collapse,0.01599635688431954,0.024492431910129918,1.235388618873864e-06,1.366168380176164e-06,2.6968989146026297e-05,0.000953287043837106,1.419859251099599e-06,e8708abeb28b46ff
zero_relocation_mortality,0,"{""relocation_mortality"": 0.0}",S3,rule,False,852000,0.625,0.375,5,3,323,0,0,0.0,0.0,,175.51815239538098,0.6184321287947931,3.6250363754715558,0.000774624795431088,0.9992253752045689,38,219,38,11223.468805242806,11223.468805242806,3741.1562684142687,1.5,0.41130437906839185,0.26177962068932353,0.0002805747755137915,64.25,25.700000000000006,0.07824409513884392,3,3:flood:semiwild|20:funding_collapse|52:heatwave:alternative|55:heatwave:alternative|64:wildfire:alternative,0.008243848428851182,0.0759283066395924,0.04774831738088623,0.00646031018818233,4.489196408220663e-05,0.0007621070731965793,0.00013517005817436132,4a174f0a206a1aa1
zero_relocation_mortality,1,"{""relocation_mortality"": 0.0}",S3,rule,False,852001,0.375,0.375,3,3,161,0,1,0.3333333333333333,1.0,27.0,125.80291280898851,0.58009922768203,2.4661666384841023,0.09841807049464152,0.9015819295053584,7,113,7,11104.244579243972,11104.244579243972,3701.4148597479907,1.5,0.3869593166632171,0.24679068527823023,0.0002396304539794767,30.0,12.0,0.07341543613533742,2,17:flood:alternative|23:wildfire:origin|39:funding_collapse|80:funding_collapse|85:flood:reserve|92:flood:semiwild|100:funding_collapse,0.004922183882882256,0.07856633243940374,0.047942670343034954,0.011492722292887727,3.834087263671627e-05,0.0007961513360169853,9.829518057837992e-05,4a174f0a206a1aa1
zero_relocation_mortality,2,"{""relocation_mortality"": 0.0}",S3,rule,False,852002,0.5,0.25,4,2,278,0,1,0.3333333333333333,1.0,29.0,180.6978399177123,0.6138098390048796,4.95240790334414,0.0,1.0,31,185,31,11247.212289454172,11247.212289454172,5623.606144727086,1.5,0.5522583406354301,0.229293071490256,0.0002106034681021399,54.0,21.60000000000001,0.06021579196635791,2,94:flood:alternative,0.008266396849331949,0.07603633516849832,0.05240280249814429,0.007321694766816692,3.369655489634239e-05,0.000820890823903565,9.037487846227876e-05,4a174f0a206a1aa1
zero_relocation_mortality,3,"{""relocation_mortality"": 0.0}",S3,rule,False,852003,0.625,0.25,5,2,238,0,0,0.0,0.0,,159.59813029055098,0.6159325152578502,2.724548134816922,0.002816496446639473,0.9971835035533605,30,208,30,11185.904952486118,11185.904952486118,5592.952476243059,1.5,0.5070841555355169,0.20500343358551193,0.0002467046629024987,59.5,23.799999999999997,0.07274768341895516,3,25:wildfire:semiwild|36:funding_collapse|46:wildfire:semiwild|47:wildfire:reserve|61:heatwave:origin|67:flood:origin|84:funding_collapse,0.007701604739572606,0.07358478092898185,0.04644383735299267,0.008682439808949926,3.9472746064399805e-05,0.000814429772770942,0.0001284066452561741,4a174f0a206a1aa1
zero_relocation_mortality,4,"{""relocation_mortality"": 0.0}",S3,rule,False,852004,0.5,0.25,4,2,255,0,0,0.0,0.0,,167.2514997114705,0.5507436223625866,4.1554072782968285,0.0007017124540413151,0.9992982875459587,16,146,16,11229.12065991313,11229.12065991313,5614.560329956565,1.5,0.3039551743012155,0.19822350352636642,0.0003298490757707154,40.5,16.20000000000001,0.06886956656638281,3,12:heatwave:reserve|21:wildfire:origin|48:funding_collapse|52:wildfire:semiwild|61:heatwave:reserve|68:wildfire:reserve|80:heatwave:alternative,0.004718480394551394,0.07762920697703123,0.08046513872855617,0.009878448881691924,5.277585212331445e-05,0.0006046203947419134,8.156045316853605e-05,4a174f0a206a1aa1
zero_relocation_mortality,5,"{""relocation_mortality"": 0.0}",S3,rule,False,852005,0.375,0.375,3,3,321,0,0,0.0,0.0,,180.96062981000753,0.6141056995316145,3.0960832458652177,0.00422781004807249,0.9957721899519275,58,160,58,11184.232372401595,11184.232372401595,3728.077457467198,1.5,0.6463186449023747,0.27891994573146867,5.0377833753148616e-05,54.5,21.799999999999997,0.07288624391289505,3,51:funding_collapse|51:flood:semiwild|61:flood:semiwild,0.00817659978660209,0.07538722940530786,0.05123118567549882,0.006618237366357857,8.06045340050378e-06,0.0006250973755090536,0.00011784066393733437,4a174f0a206a1aa1
zero_relocation_mortality,6,"{""relocation_mortality"": 0.0}",S3,rule,False,852006,0.375,0.375,3,3,359,0,0,0.0,0.0,,167.62971140283548,0.6125513479589408,3.1932550547253613,0.02419538680852681,0.9758046131914732,26,192,26,11141.810869862631,11141.810869862631,3713.936956620877,1.5,0.4081375340848458,0.25732260687486863,0.0003111948594116198,54.5,21.800000000000008,0.07913151459565194,3,12:wildfire:semiwild|21:flood:reserve|44:funding_collapse|75:flood:semiwild|84:funding_collapse|89:wildfire:origin|93:wildfire:alternative|96:wildfire:origin,0.007940751274281482,0.07729646590694232,0.048215370673442164,0.006206306860550186,4.979117750585917e-05,0.0006147544938118458,0.00011033201256287685,4a174f0a206a1aa1
zero_relocation_mortality,7,"{""relocation_mortality"": 0.0}",S3,rule,False,852007,0.5,0.375,4,3,390,0,1,0.3333333333333333,1.0,16.0,199.66258072397852,0.5897488885061537,3.459721170478622,0.00015743407519564528,0.9998425659248044,6,184,6,11155.745308607162,11155.745308607162,3718.5817695357205,1.5,0.46272431029330247,0.26490446905851306,0.0001492488422983707,47.5,19.000000000000004,0.076424131621983,2,45:flood:origin|63:wildfire:reserve|71:funding_collapse|72:funding_collapse|93:wildfire:alternative,0.007515265163785874,0.07554193035517956,0.06832385742154236,0.008688792640091631,2.3879814767739316e-05,0.0008271438633024345,9.175993439285268e-05,4a174f0a206a1aa1
zero_relocation_mortality,8,"{""relocation_mortality"": 0.0}",S3,rule,False,852008,0.625,0.25,5,2,234,0,2,0.6666666666666666,1.0,57.0,175.21045782966445,0.6170990809438093,3.8704828502668325,0.0,1.0,20,157,20,11210.331045627114,11210.331045627112,5605.165522813557,1.5,0.6476340180329413,0.22928226529025186,0.0005415593738342573,44.25,17.700000000000003,0.06657017492144701,1,93:funding_collapse,0.008056625015256655,0.07524049025169138,0.04889778313809663,0.007242024440986635,8.664949981348117e-05,0.0006854035777954398,8.366032823144882e-05,4a174f0a206a1aa1
zero_relocation_mortality,9,"{""relocation_mortality"": 0.0}",S3,rule,False,852009,0.5,0.25,4,2,322,0,2,0.6666666666666666,1.0,19.0,145.7598787930292,0.5509711455344766,2.938679889751274,0.0,1.0,17,129,17,11243.807179541573,11243.807179541573,5621.903589770786,1.5,0.2120638033354684,0.176020417911034,0.00016109820737299747,36.5,14.600000000000001,0.06463619339987223,1,24:heatwave:origin|27:wildfire:reserve|40:wildfire:alternative|43:flood:alternative|45:flood:semiwild|86:wildfire:alternative|94:funding_collapse|94:heatwave:reserve,0.004493109142065456,0.07660312368011896,0.07813467684380021,0.012324137451444261,2.577571317967959e-05,0.0008210514788331414,9.287796198922881e-05,4a174f0a206a1aa1
zero_relocation_mortality,10,"{""relocation_mortality"": 0.0}",S3,rule,False,852010,0.5,0.375,4,3,329,0,1,0.3333333333333333,1.0,19.0,172.51539430317837,0.6080236905360572,3.0173725091219263,0.00425171058590424,0.9957482894140958,51,181,51,11209.399189005331,11209.399189005331,3736.4663963351104,1.5,0.49548624533431135,0.26342534288722874,0.0006510114745894318,58.0,23.200000000000006,0.07476496631289171,2,2:funding_collapse|20:heatwave:reserve|29:wildfire:semiwild|39:wildfire:semiwild|78:heatwave:alternative,0.008111159341731096,0.0760825757915359,0.056672214588638754,0.006574267384306003,0.00010416183593430907,0.0006870834239713022,0.00011793311407859757,4a174f0a206a1aa1
zero_relocation_mortality,11,"{""relocation_mortality"": 0.0}",S3,rule,False,852011,0.375,0.375,3,3,172,0,2,0.6666666666666666,1.0,15.0,144.91599749949222,0.5839463437073618,2.9313318536710504,0.0,1.0,4,94,4,11248.978794791627,11248.978794791627,3749.6595982638755,1.5,0.5009964192699988,0.26301183755048824,0.00019039450326017359,24.5,9.799999999999999,0.07424438543388914,1,19:heatwave:semiwild|29:wildfire:origin|38:flood:alternative,0.005343147725612099,0.07710649089432843,0.054488065892731745,0.010092632631537314,3.0463120521627773e-05,0.0007750146308695769,7.135587961924113e-05,4a174f0a206a1aa1
zero_relocation_mortality,12,"{""relocation_mortality"": 0.0}",S3,rule,False,852012,0.625,0.375,5,3,460,0,2,0.6666666666666666,1.0,16.0,207.48547847672165,0.5884764338551693,4.078654298604565,0.0010259783263617094,0.9989740216736382,26,190,26,11226.820038248494,11226.820038248494,3742.2733460828313,1.5,0.5291868394958662,0.2778292003122603,0.00018700843093985177,54.0,21.60000000000001,0.07686986688314017,1,33:flood:semiwild|60:flood:alternative|70:wildfire:semiwild,0.007938226080814854,0.07503717865898615,0.0748383173120632,0.0069613050604635015,2.992134895037628e-05,0.0006934042210251565,9.494592762587052e-05,4a174f0a206a1aa1
zero_relocation_mortality,13,"{""relocation_mortality"": 0.0}",S3,rule,False,852013,0.625,0.375,5,3,317,0,2,0.6666666666666666,1.0,20.0,177.34563240193492,0.5761775465835609,3.393290524708867,0.0030522276513819647,0.9969477723486181,25,144,25,11227.282595014309,11227.282595014309,3742.427531671436,1.5,0.4063424819355937,0.2600705990045391,0.00031775290776395534,42.25,16.900000000000002,0.08376722781945525,1,6:funding_collapse|23:heatwave:reserve|34:wildfire:origin|93:flood:alternative,0.005687230761840054,0.07800258769580451,0.061536907634740935,0.009719110460730322,5.0840465242232856e-05,0.0006371830253942745,8.576585815959447e-05,4a174f0a206a1aa1
zero_relocation_mortality,14,"{""relocation_mortality"": 0.0}",S3,rule,False,852014,0.5,0.375,4,3,280,0,1,0.3333333333333333,1.0,26.0,191.6291149785325,0.6157273858914855,2.816937494645515,0.019993757957746747,0.9800062420422533,31,177,31,11195.37519072256,11195.37519072256,3731.791730240853,1.5,0.5569487842646855,0.2677174011221646,0.0001420372328950207,52.0,20.8,0.07551573874620428,2,57:funding_collapse|59:flood:alternative|65:flood:semiwild,0.008284309270356892,0.07592737588948117,0.051196640550559905,0.0059695100012680516,2.2725957263203313e-05,0.0007200427611247873,0.00011372587848896007,4a174f0a206a1aa1
zero_relocation_mortality,15,"{""relocation_mortality"": 0.0}",S3,rule,False,852015,0.625,0.375,5,3,381,0,1,0.3333333333333333,1.0,10.0,189.36932184795828,0.5776484954693878,4.0700522042723,0.02944914212173212,0.9705508578782679,19,147,19,11214.517274348767,11214.517274348767,3738.1724247829225,1.5,0.46548521163739826,0.27298223051096515,0.00023854723762408908,41.5,16.600000000000005,0.08491593652251148,2,4:flood:reserve|42:wildfire:origin|93:wildfire:reserve,0.0065511281368827836,0.07680683149697175,0.06975443366389457,0.008755189215436915,3.816755801985426e-05,0.0007520977017987806,7.511629720494797e-05,4a174f0a206a1aa1
zero_relocation_mortality,16,"{""relocation_mortality"": 0.0}",S3,rule,False,852016,0.5,0.25,4,2,163,0,1,0.3333333333333333,1.0,17.0,130.60633394123298,0.5616783819061588,3.2822251697606033,0.00028444825704961106,0.9997155517429503,16,131,16,11158.332479390003,11158.332479390003,5579.166239695001,1.5,0.622886637974172,0.22103405950844532,5.434782608695652e-05,36.75,14.700000000000001,0.06711572006711028,2,19:funding_collapse|29:funding_collapse|30:heatwave:origin|80:wildfire:semiwild|99:funding_collapse,0.005393104335579205,0.07466761129579864,0.08564843434615291,0.008570268505850015,8.695652173913044e-06,0.0006534167402923904,9.35528589699043e-05,4a174f0a206a1aa1
zero_relocation_mortality,17,"{""relocation_mortality"": 0.0}",S3,rule,False,852017,0.375,0.25,3,2,218,0,2,0.6666666666666666,1.0,21.0,175.73603375450642,0.6027463873060757,4.510294609735697,0.00027877516557168813,0.9997212248344283,33,164,33,11232.31956582313,11232.31956582313,5616.159782911565,1.5,0.32605145194125806,0.20214427985964034,0.0008216425113377607,49.25,19.700000000000006,0.059680942840787767,1,27:funding_collapse|46:flood:reserve|75:heatwave:alternative|85:wildfire:origin|92:flood:reserve,0.007180180530521999,0.07367534983826615,0.057492533350347895,0.007516539467893648,0.0001314628018140417,0.0006794303676859363,9.621547137488785e-05,4a174f0a206a1aa1
zero_relocation_mortality,18,"{""relocation_mortality"": 0.0}",S3,rule,False,852018,0.5,0.25,4,2,228,0,2,0.6666666666666666,1.0,24.0,198.57715152561534,0.6170594727409985,4.755030067220661,0.000858105207008234,0.9991418947929918,31,169,31,11095.907889047725,11095.907889047725,5547.953944523862,1.5,0.4842192746028508,0.21998547154526352,0.00033852281409525194,50.0,20.0,0.057566217063859046,1,5:heatwave:reserve|42:flood:alternative|48:funding_collapse|62:funding_collapse|65:wildfire:origin|68:wildfire:origin|77:heatwave:origin|91:flood:semiwild|95:funding_collapse|95:flood:semiwild,0.008233102232359693,0.07510466253604506,0.04913079708258666,0.0075377172092912096,5.416365025524033e-05,0.0008420867205277413,8.202567118562279e-05,4a174f0a206a1aa1
zero_relocation_mortality,19,"{""relocation_mortality"": 0.0}",S3,rule,False,852019,0.5,0.375,4,3,146,0,1,0.3333333333333333,1.0,22.0,189.41976225276773,0.6225873938642681,2.680520512368812,0.0011684208417898133,0.9988315791582102,23,160,23,11153.916884779792,11153.91688477979,3717.9722949265974,1.5,0.5531154663493217,0.2667868984538312,0.0003200828864759333,45.75,18.30000000000002,0.07960073347605463,2,13:wildfire:alternative|30:funding_collapse|31:flood:semiwild|44:wildfire:semiwild,0.007947220281784627,0.07752034784431026,0.04068345182459541,0.005268475857849231,5.121326183614934e-05,0.0006671995307696216,7.214754328745368e-05,4a174f0a206a1aa1
zero_relocation_mortality,20,"{""relocation_mortality"": 0.0}",S3,rule,False,852020,0.5,0.25,4,2,291,0,2,0.6666666666666666,1.0,17.0,161.61822705350983,0.6133340770752697,4.158200690627491,0.0046804274454268265,0.9953195725545732,22,160,22,11247.893066543947,11247.893066543947,5623.946533271974,1.5,0.6495271438871495,0.23232414263051193,0.00047955593304237535,45.5,18.200000000000006,0.06644710667761031,1,,0.007254245485517477,0.07508018792727227,0.04472276487337114,0.006818866343320782,7.672894928678004e-05,0.0006499964259320341,9.346195773790735e-05,4a174f0a206a1aa1
zero_relocation_mortality,21,"{""relocation_mortality"": 0.0}",S3,rule,False,852021,0.5,0.375,4,3,196,0,1,0.3333333333333333,1.0,17.0,152.66721965963447,0.5841236056443314,2.590389427422215,0.09371098278814205,0.906289017211858,19,150,19,11213.619624991723,11213.619624991723,3737.8732083305745,1.5,0.436282482682373,0.2546963041197471,0.00025268340592078946,42.25,16.90000000000001,0.08207080788643795,2,31:wildfire:origin|53:heatwave:reserve|70:wildfire:reserve|83:funding_collapse|84:wildfire:semiwild,0.0057681800630214166,0.07544077317923589,0.0607034760194537,0.009842359460526568,4.042934494732632e-05,0.0006942183510490673,8.420469435181011e-05,4a174f0a206a1aa1
zero_relocation_mortality,22,"{""relocation_mortality"": 0.0}",S3,rule,False,852022,0.5,0.375,4,3,271,0,0,0.0,0.0,,176.86519355610199,0.6211179802396708,3.33226877607004,0.02690783273386387,0.9730921672661361,13,225,13,11186.590463056515,11186.590463056513,3728.863487685505,1.5,0.42449050683951706,0.26001547916999895,0.0003151689372161813,59.5,23.79999999999999,0.07746870362673403,3,25:flood:alternative|34:funding_collapse|44:funding_collapse|66:wildfire:origin|77:wildfire:reserve|100:heatwave:alternative,0.008565785718479156,0.07763201990732385,0.04539183454043751,0.006595802832128596,5.042702995458902e-05,0.0008281026584089518,0.00012490888382300344,4a174f0a206a1aa1
zero_relocation_mortality,23,"{""relocation_mortality"": 0.0}",S3,rule,False,852023,0.5,0.25,4,2,312,0,1,0.3333333333333333,1.0,22.0,176.8575307847223,0.6200802284191913,4.782448144678735,0.00043708546729315717,0.9995629145327068,17,208,17,11157.035755854482,11157.035755854482,5578.517877927241,1.5,0.6449479354284001,0.23804722687727536,0.0005633561656990315,56.25,22.499999999999993,0.06613975943824005,2,9:funding_collapse|14:wildfire:semiwild|55:wildfire:semiwild|83:funding_collapse,0.008894117179114584,0.07613417776399624,0.04890266956486217,0.007853779325124143,9.013698651184507e-05,0.0008598322505421165,0.00012970367540756644,4a174f0a206a1aa1
zero_relocation_stress,0,"{""relocation_stress"": 0.0}",S3,rule,False,853000,0.375,0.25,3,2,293,0,2,0.6666666666666666,1.0,21.0,207.955390845453,0.6142690551063854,4.6898224740321055,0.00046621280508560926,0.9995337871949144,35,200,35,11228.440275035324,11228.440275035322,5614.220137517662,1.5,0.6252422599078549,0.23390554265120583,0.00015492191889368768,58.75,0.0,0.05991545960049645,1,49:heatwave:semiwild|91:flood:origin,0.008342689711152889,0.07573807769971748,0.05232624275927539,0.0062908094840413075,2.4787507022990028e-05,0.0006360631234190439,0.0,dcf7045daad6c16b
zero_relocation_stress,1,"{""relocation_stress"": 0.0}",S3,rule,False,853001,0.5,0.375,4,3,390,0,1,0.3333333333333333,1.0,18.0,190.26231950481073,0.5885882908535315,3.238347356021704,0.000688355287362398,0.9993116447126376,47,220,47,11154.699155034228,11154.699155034228,3718.233051678076,1.5,0.35377453002874776,0.2521073777917915,0.000352206440895177,66.75,0.0,0.07798225614349824,2,14:wildfire:reserve|20:funding_collapse|22:heatwave:semiwild|40:funding_collapse|59:wildfire:reserve|94:wildfire:alternative,0.007612924935235152,0.07512934305261275,0.0730174920804321,0.007380473435256646,5.635303054322832e-05,0.0007051672174069213,0.0,dcf7045daad6c16b
zero_relocation_stress,2,"{""relocation_stress"": 0.0}",S3,rule,False,853002,0.625,0.375,5,3,226,0,2,0.6666666666666666,1.0,13.5,160.64435013142565,0.5590860753750898,3.9018176674275877,0.0002714223546318487,0.9997285776453682,16,151,16,11215.014552114673,11215.014552114673,3738.3381840382244,1.5,0.48734745322613887,0.2728270658564591,0.0006609615660410572,41.75,0.0,0.08162071929784655,1,23:funding_collapse|29:wildfire:origin|54:wildfire:alternative|65:heatwave:semiwild|74:wildfire:origin|82:flood:alternative|85:flood:semiwild,0.005357321538270879,0.07768609470800582,0.08108198481036767,0.008892586694544114,0.00010575385056656915,0.0006378024145875544,0.0,dcf7045daad6c16b
zero_relocation_stress,3,"{""relocation_stress"": 0.0}",S3,rule,False,853003,0.625,0.375,5,3,278,0,2,0.6666666666666666,1.0,27.0,187.3516980772348,0.6081886725100342,3.023740607710538,0.005931515638154451,0.9940684843618456,24,189,24,11190.306414210803,11190.306414210805,3730.1021380702678,1.5,0.5146158115052673,0.2676263857985578,0.00018944745656240792,53.25,0.0,0.08588699285462852,1,20:funding_collapse|36:flood:alternative|66:heatwave:origin,0.008286920266485866,0.07670550405880548,0.05866028182388929,0.007203694619814397,3.0311593049985268e-05,0.0008345929521013953,0.0,dcf7045daad6c16b
zero_relocation_stress,4,"{""relocation_stress"": 0.0}",S3,rule,False,853004,0.5,0.375,4,3,295,0,2,0.6666666666666666,1.0,27.0,147.0377666679092,0.5747008890769997,2.7980224143229084,0.1048255136383766,0.8951744863616234,12,116,12,11204.200576980453,11204.200576980453,3734.733525660151,1.5,0.6244278060532111,0.2743504483543262,0.00013012058682686865,32.0,0.0,0.07588721802887989,1,31:flood:origin|46:flood:semiwild|62:funding_collapse|66:heatwave:semiwild|67:heatwave:semiwild|99:heatwave:semiwild,0.0057033872888417195,0.0764439063706115,0.06660256082406996,0.009373320344001918,2.0819293892298988e-05,0.0006561461729929106,0.0,dcf7045daad6c16b
zero_relocation_stress,5,"{""relocation_stress"": 0.0}",S3,rule,False,853005,0.625,0.375,5,3,220,0,1,0.3333333333333333,1.0,33.0,171.298780966703,0.56358982273482,3.64661638522413,0.00041382708333546583,0.9995861729166645,13,113,13,11201.118118489123,11201.118118489123,3733.706039496374,1.5,0.5249782176561849,0.27328703109257735,0.00042143179010978727,31.5,0.0,0.07786522737358763,2,28:flood:origin|42:funding_collapse|80:heatwave:reserve|98:heatwave:origin,0.005280447093077221,0.0777157703977482,0.07413386807419341,0.008897402059004881,6.742908641756597e-05,0.0006708897204311219,0.0,dcf7045daad6c16b
zero_relocation_stress,6,"{""relocation_stress"": 0.0}",S3,rule,False,853006,0.5,0.25,4,2,256,0,1,0.3333333333333333,1.0,22.0,163.25345504129658,0.5912354580419192,3.076254802804475,0.003816989653142654,0.9961830103468573,13,115,13,11206.691336740112,11206.691336740112,5603.345668370056,1.5,0.5098160076894849,0.20665276111942082,0.00010440110027506877,32.0,0.0,0.062043061612137865,2,24:flood:semiwild|35:flood:origin|73:heatwave:reserve|85:funding_collapse,0.006213960313857411,0.07533774504918368,0.05462549777387821,0.01025552196633452,1.6704176044011e-05,0.0007832617421593296,0.0,dcf7045daad6c16b
zero_relocation_stress,7,"{""relocation_stress"": 0.0}",S3,rule,False,853007,0.25,0.25,2,2,159,0,2,0.6666666666666666,1.0,20.5,76.31321962169592,0.5572896087375842,2.4312919387371728,0.0009720316175455315,0.9990279683824544,0,76,0,11299.241409133398,11299.241409133398,5649.620704566699,1.5,0.30742041118807645,0.178087810619189,0.0001837397922337648,19.0,0.0,0.05266425056504803,1,2:flood:alternative|6:flood:origin|22:flood:reserve|38:wildfire:alternative|44:heatwave:alternative|67:flood:semiwild,0.0021935891005788618,0.07892724861093005,0.05023581024052604,0.012798472503418722,2.9398366757402364e-05,0.0005861379659242309,0.0,dcf7045daad6c16b
zero_relocation_stress,8,"{""relocation_stress"": 0.0}",S3,rule,False,853008,0.5,0.375,4,3,363,0,1,0.3333333333333333,1.0,17.0,182.84340430898746,0.6038255544699841,3.461780947039777,0.0005155230597209767,0.999484476940279,26,217,26,11199.358161159631,11199.358161159631,3733.11938705321,1.5,0.6242651008816313,0.2802707922064681,0.00034030998024776296,60.75,0.0,0.07238236323953604,2,5:flood:semiwild|49:funding_collapse|73:wildfire:semiwild|89:flood:origin|99:flood:origin,0.007680151575718787,0.07587856716477114,0.05843870239182544,0.00674444205894874,5.4449596839642094e-05,0.0007361733941485151,0.0,dcf7045daad6c16b
zero_relocation_stress,9,"{""relocation_stress"": 0.0}",S3,rule,False,853009,0.375,0.125,3,1,184,0,3,1.0,1.0,40.0,129.11155372268442,0.6346473543579743,4.898148148148148,0.0003228845206191578,0.9996771154793809,27,115,27,11114.990898137135,11114.990898137134,11114.990898137135,1.5,0.5489908068760349,0.16915879035525422,0.00030707005081849606,35.5,0.0,0.045141140930846174,0,6:wildfire:alternative|52:funding_collapse|66:funding_collapse|67:flood:semiwild,0.00811119153696501,0.07249149255887144,0.029962511009194698,0.008757070078677069,4.913120813095937e-05,0.0007424225209307714,0.0,dcf7045daad6c16b
zero_relocation_stress,10,"{""relocation_stress"": 0.0}",S3,rule,False,853010,0.25,0.25,2,2,227,0,2,0.6666666666666666,1.0,12.5,107.18154963550172,0.5341290015297102,4.304465246480448,0.0,1.0,8,100,8,11352.898292343354,11352.898292343354,5676.449146171677,1.5,0.5104440837836475,0.21736579216629867,7.9155672823219e-05,27.0,0.0,0.053883656615647285,1,2:wildfire:origin|12:funding_collapse|53:flood:semiwild|61:flood:reserve,0.002624801672233206,0.08069552982723714,0.07586109516428576,0.011314189636126024,1.266490765171504e-05,0.00055996039503621,0.0,dcf7045daad6c16b
zero_relocation_stress,11,"{""relocation_stress"": 0.0}",S3,rule,False,853011,0.625,0.375,5,3,365,0,1,0.3333333333333333,1.0,16.0,200.75168807354947,0.6076291371268343,4.3953537072870335,0.001276131259986756,0.9987238687400133,42,181,42,11193.074870918947,11193.074870918947,3731.024956972982,1.5,0.6467643068276494,0.2936521888330828,0.00039525749581158774,55.75,0.0,0.08136110538723748,2,2:funding_collapse,0.008042196233085228,0.07712447939285816,0.0546067080326395,0.006522977395605905,6.324119932985405e-05,0.0007087152103921879,0.0,dcf7045daad6c16b
zero_relocation_stress,12,"{""relocation_stress"": 0.0}",S3,rule,False,853012,0.625,0.375,5,3,312,0,1,0.3333333333333333,1.0,32.0,188.84075894249975,0.5967385910684178,3.8874710382901845,0.0018192589071118924,0.9981807410928881,43,180,43,11258.34569721331,11258.34569721331,3752.7818990711035,1.5,0.6500539564728854,0.2887674456182886,0.000375147661012931,55.75,0.0,0.08068669794049108,2,,0.007807730150726499,0.07589735187248609,0.0656289238939861,0.006569502210967811,6.0023625762068964e-05,0.0007016820889213263,0.0,dcf7045daad6c16b
zero_relocation_stress,13,"{""relocation_stress"": 0.0}",S3,rule,False,853013,0.5,0.375,4,3,240,0,0,0.0,0.0,,153.23779910452404,0.6067030225142298,2.7821652375363968,0.006060137052447595,0.9939398629475524,18,190,18,11212.49272556772,11212.49272556772,3737.49757518924,1.5,0.5656703859725588,0.27000452837757744,0.00015419342859893548,52.0,0.0,0.08432918702478781,3,5:flood:semiwild|19:funding_collapse|28:heatwave:semiwild|70:flood:alternative,0.008108528820890238,0.07465151478234225,0.06244427167208583,0.007016154546341383,2.4670948575829677e-05,0.0007563339830916566,0.0,dcf7045daad6c16b
zero_relocation_stress,14,"{""relocation_stress"": 0.0}",S3,rule,False,853014,0.375,0.25,3,2,210,0,1,0.3333333333333333,1.0,22.0,116.15088884103744,0.5605295982306169,4.561748860339826,0.1605098831207601,0.8394901168792399,2,107,2,11106.86290614706,11106.86290614706,5553.43145307353,1.5,0.5165782517635864,0.2218088403792282,0.00015902418285274237,27.25,0.0,0.06016763299735656,2,1:flood:reserve|13:flood:origin|17:funding_collapse|18:funding_collapse|60:funding_collapse|70:flood:origin|89:funding_collapse|94:funding_collapse,0.0036222368253206994,0.07468982451555925,0.05990843081818667,0.013491298773785732,2.544386925643878e-05,0.0006550256933107173,0.0,dcf7045daad6c16b
zero_relocation_stress,15,"{""relocation_stress"": 0.0}",S3,rule,False,853015,0.625,0.375,5,3,260,0,1,0.3333333333333333,1.0,18.0,192.81693830792992,0.6101317294928943,3.817741704532948,0.0010935848846607284,0.9989064151153393,26,176,26,11183.877106525611,11183.877106525611,3727.959035508537,1.5,0.5671800568010611,0.28072458644092213,0.00022989381171064925,50.5,0.0,0.0853958185774327,2,2:wildfire:alternative|67:heatwave:origin|80:funding_collapse,0.007927260002939,0.07639570669833994,0.052297845876950806,0.00705138289374562,3.678300987370388e-05,0.000746139582960797,0.0,dcf7045daad6c16b
zero_relocation_stress,16,"{""relocation_stress"": 0.0}",S3,rule,False,853016,0.5,0.375,4,3,383,0,0,0.0,0.0,,189.36110365228586,0.6102800761776866,3.8216374361580847,0.0190457689544349,0.9809542310455651,29,186,29,11021.338413317835,11021.338413317833,3673.779471105945,1.5,0.5015997411296581,0.2726862573034407,0.00043893394760473504,53.75,0.0,0.07779954414447025,3,9:funding_collapse|41:heatwave:alternative|47:funding_collapse|56:wildfire:origin|65:funding_collapse|68:funding_collapse|78:wildfire:semiwild|83:funding_collapse|93:funding_collapse,0.00854363569508316,0.07702004512229647,0.05763142244531138,0.006669287086842542,7.022943161675762e-05,0.0007809818938419932,0.0,dcf7045daad6c16b
zero_relocation_stress,17,"{""relocation_stress"": 0.0}",S3,rule,False,853017,0.5,0.375,4,3,331,0,0,0.0,0.0,,169.51803299547802,0.6125486913446768,4.380436965180029,0.006325378513087127,0.9936746214869129,46,227,46,11253.803470238043,11253.803470238043,3751.267823412681,1.5,0.6260944632666662,0.29113870831494715,0.0004739244071383018,68.25,0.0,0.07987446168240103,3,98:flood:origin,0.008270508602251229,0.07684802816876168,0.05489302749309221,0.0062892327637427345,7.58279051421283e-05,0.0007543026512678222,0.0,dcf7045daad6c16b
zero_relocation_stress,18,"{""relocation_stress"": 0.0}",S3,rule,False,853018,0.5,0.375,4,3,294,0,2,0.6666666666666666,1.0,26.5,180.19338247550976,0.6039158768567592,3.0924231903738497,0.0005416642872224962,0.9994583357127775,34,223,34,11242.421110887288,11242.421110887288,3747.473703629096,1.5,0.5832652222250382,0.27189297819337443,0.00039733476103775414,64.25,0.0,0.06946112033566038,1,1:heatwave:semiwild|21:funding_collapse|97:wildfire:reserve,0.007280675693174104,0.07503263786545965,0.05332371323942449,0.007896626242975853,6.357356176604065e-05,0.0006177195293812182,0.0,dcf7045daad6c16b
zero_relocation_stress,19,"{""relocation_stress"": 0.0}",S3,rule,False,853019,0.375,0.25,3,2,214,0,1,0.3333333333333333,1.0,17.0,153.36827717808882,0.6323347086626675,2.3871294939704724,0.14665644724007432,0.8533435527599257,22,163,22,11140.023372724452,11140.023372724452,5570.011686362226,1.5,0.46497362238118,0.19571953149022078,0.0004843658545507756,46.25,0.0,0.06425437156199018,2,13:wildfire:alternative|15:flood:semiwild|50:heatwave:alternative|80:funding_collapse,0.008631529305813644,0.07449286320519684,0.03423218876024141,0.009121762467760204,7.749853672812409e-05,0.000905547530587414,0.0,dcf7045daad6c16b
zero_relocation_stress,20,"{""relocation_stress"": 0.0}",S3,rule,False,853020,0.5,0.375,4,3,315,0,1,0.3333333333333333,1.0,13.0,166.50611159737696,0.605497118517068,4.263139484011426,4.5831841587553385e-05,0.9999541681584124,19,132,19,11155.796382447992,11155.796382447992,3718.598794149331,1.5,0.4974793895133267,0.2767142107789823,0.0003442511712972071,37.75,0.0,0.07792438493767678,2,8:flood:semiwild|50:flood:origin|54:funding_collapse|55:funding_collapse|56:wildfire:origin|61:wildfire:semiwild|66:wildfire:semiwild|90:heatwave:alternative|94:wildfire:semiwild,0.007560169684060931,0.07505783938951617,0.054207922425277,0.007710894191622455,5.508018740755314e-05,0.0007803238695717211,0.0,dcf7045daad6c16b
zero_relocation_stress,21,"{""relocation_stress"": 0.0}",S3,rule,False,853021,0.375,0.375,3,3,256,0,1,0.3333333333333333,1.0,18.0,152.540959615963,0.5395241695214683,2.722314945530826,0.0005622131768287627,0.9994377868231712,7,112,7,11183.008307817487,11183.008307817485,3727.669435939162,1.5,0.5421257768143763,0.2649844505177583,0.00019068618128770238,29.75,0.0,0.07399361690506222,2,18:funding_collapse|21:heatwave:origin|51:wildfire:origin|65:funding_collapse|66:funding_collapse|66:flood:reserve,0.004216486334086862,0.07560282573514579,0.08756493473186851,0.011354267416261485,3.0509789006032386e-05,0.0007242324508073945,0.0,dcf7045daad6c16b
zero_relocation_stress,22,"{""relocation_stress"": 0.0}",S3,rule,False,853022,0.625,0.25,5,2,257,0,1,0.3333333333333333,1.0,18.0,185.74483717979933,0.6157994847521221,4.3468147250112406,0.0013969453640095982,0.9986030546359904,35,197,35,11204.679474766657,11204.679474766657,5602.339737383329,1.5,0.6473491788615741,0.23524731616532352,0.00019045044724254383,58.0,0.0,0.07272125514526842,2,90:flood:semiwild|98:funding_collapse,0.008081303922472085,0.07540242398511347,0.049564058257548824,0.007213596330793424,3.0472071558807012e-05,0.000689725345372293,0.0,dcf7045daad6c16b
zero_relocation_stress,23,"{""relocation_stress"": 0.0}",S3,rule,False,853023,0.5,0.375,4,3,324,0,2,0.6666666666666666,1.0,20.5,176.64369486138395,0.6004235689307668,3.298222556493659,0.016547004032951076,0.9834529959670489,42,166,42,11157.526927176217,11157.526927176215,3719.1756423920724,1.5,0.3700240152066387,0.2527373310359633,0.00042041272478705746,52.0,0.0,0.07001351975181402,1,18:flood:semiwild|28:wildfire:alternative|36:funding_collapse|41:funding_collapse|41:flood:semiwild|56:heatwave:origin|59:flood:alternative|75:wildfire:alternative,0.007784334114093488,0.07519500534506443,0.06312501245915947,0.006987670671515792,6.726603596592919e-05,0.0006404380527828017,0.0,dcf7045daad6c16b
no_movement_disease,0,"{""movement_disease_risk"": 0.0}",S3,rule,False,854000,0.625,0.375,5,3,304,0,2,0.6666666666666666,1.0,19.0,201.52923077511016,0.5985154051028148,3.4888542242675733,0.035785507957957444,0.9642144920420426,40,237,40,11251.633740412857,11251.633740412857,3750.544580137619,1.5,0.2986681467192338,0.2495029943524127,0.00013203444625640146,69.25,27.69999999999999,0.07998818718906778,1,19:flood:alternative|22:flood:reserve|32:heatwave:alternative|39:flood:alternative|72:flood:origin,0.007614839868706516,0.07571603482048377,0.06249588641396044,0.0073447111477504875,2.1125511401024235e-05,0.0007773585424760128,0.00011334447958820201,bc7964ac4aa74401
no_movement_disease,1,"{""movement_disease_risk"": 0.0}",S3,rule,False,854001,0.5,0.375,4,3,328,0,2,0.6666666666666666,1.0,17.0,189.83323040968324,0.5930237270039213,3.0589636489775196,0.0019892458523166185,0.9980107541476834,26,185,26,11198.770663795574,11198.770663795573,3732.923554598525,1.5,0.4592532739225134,0.25990428891268225,0.0006217986647351066,52.75,21.1,0.07319662515327846,1,61:heatwave:reserve|75:funding_collapse|85:wildfire:reserve,0.008232550768065812,0.07541674368642239,0.07590753705568751,0.006398203218582406,9.948778635761706e-05,0.0007526193279381968,8.939994748687348e-05,bc7964ac4aa74401
no_movement_disease,2,"{""movement_disease_risk"": 0.0}",S3,rule,False,854002,0.375,0.375,3,3,296,0,1,0.3333333333333333,1.0,15.0,166.89661478516183,0.5582447295863148,3.56618601775987,0.029073748631962215,0.9709262513680378,5,126,5,11126.600150536311,11126.600150536313,3708.866716845437,1.5,0.2895462862618619,0.2475461181173309,0.00024349210154670414,32.75,13.1,0.07089814656773002,2,3:flood:reserve|4:flood:reserve|10:wildfire:alternative|25:flood:origin|29:heatwave:reserve|46:funding_collapse|73:flood:reserve,0.005409258280271039,0.07835245353101337,0.07896174047393449,0.008671723897909057,3.895873624747266e-05,0.0006175479651969587,8.140556575797883e-05,bc7964ac4aa74401
no_movement_disease,3,"{""movement_disease_risk"": 0.0}",S3,rule,False,854003,0.375,0.25,3,2,160,0,2,0.6666666666666666,1.0,19.0,104.79730191809658,0.5344856293136189,2.8585007264793703,0.0022073576000002106,0.9977926423999998,4,101,4,11288.239648243836,11288.239648243836,5644.119824121918,1.5,0.296375439620459,0.1828695030589503,5.242905242905243e-05,26.25,10.499999999999996,0.06073475916055351,1,2:heatwave:alternative|15:funding_collapse|15:wildfire:origin|31:wildfire:alternative|42:wildfire:alternative|52:wildfire:reserve,0.0032189487322702125,0.07585218252070536,0.09021043318994337,0.010404234871632752,8.388648388648389e-06,0.0005800648168791888,8.353301108334633e-05,bc7964ac4aa74401
no_movement_disease,4,"{""movement_disease_risk"": 0.0}",S3,rule,False,854004,0.375,0.375,3,3,297,0,0,0.0,0.0,,170.65146712825998,0.579014098907649,3.893351128244893,0.00021089525114570623,0.9997891047488543,25,131,25,11217.360351117775,11217.360351117775,3739.1201170392583,1.5,0.26423923243435377,0.24939339256257206,7.989069859418257e-05,39.0,15.6,0.07642979018343876,3,3:heatwave:semiwild|26:wildfire:alternative|41:flood:reserve|43:flood:origin|83:wildfire:reserve|92:wildfire:alternative,0.006827042867365392,0.0748203445829031,0.07505309839602484,0.008381038563821521,1.2782511775069213e-05,0.0006625052389049293,8.308108399835551e-05,bc7964ac4aa74401
no_movement_disease,5,"{""movement_disease_risk"": 0.0}",S3,rule,False,854005,0.5,0.375,4,3,327,0,1,0.3333333333333333,1.0,34.0,164.37777954410856,0.5636614619274645,3.8687442720156597,0.0,1.0,3,95,3,11195.929085983138,11195.929085983138,3731.976361994379,1.5,0.430960128085905,0.2657367386986745,0.00022780927250597326,24.5,9.799999999999999,0.07601641584963684,2,29:wildfire:origin|50:wildfire:reserve|58:flood:origin|70:heatwave:alternative|78:heatwave:semiwild|94:heatwave:origin|97:funding_collapse,0.005394818407943805,0.07698962021550344,0.0729085695233387,0.009766424187571362,3.6449483600955725e-05,0.000705790230203185,7.146030447113043e-05,bc7964ac4aa74401
no_movement_disease,6,"{""movement_disease_risk"": 0.0}",S3,rule,False,854006,0.625,0.375,5,3,378,0,1,0.3333333333333333,1.0,40.0,183.64748197572143,0.6122367953330499,3.9828382840069643,0.001390040094298975,0.998609959905701,21,180,21,11133.013921002017,11133.013921002017,3711.0046403340057,1.5,0.4278261668946728,0.26826401999308386,5.1813471502590674e-05,50.25,20.099999999999998,0.08451510231773461,2,9:funding_collapse|20:funding_collapse|38:flood:alternative|42:funding_collapse|45:heatwave:alternative|47:heatwave:alternative,0.00837072674497205,0.0761338541870951,0.05337582131927451,0.006944361226399662,8.290155440414507e-06,0.0006988196279131787,9.500608307252483e-05,bc7964ac4aa74401
no_movement_disease,7,"{""movement_disease_risk"": 0.0}",S3,rule,False,854007,0.375,0.375,3,3,282,0,1,0.3333333333333333,1.0,18.0,178.52681307437888,0.6030418690436844,4.342691445894293,0.0,1.0,22,148,22,11179.946866352948,11179.946866352948,3726.6489554509826,1.5,0.5864178195482065,0.2837358183935527,0.00014505494505494504,42.5,17.00000000000001,0.06458560989894556,2,18:heatwave:semiwild|36:heatwave:reserve|81:funding_collapse,0.007559396039804169,0.07346630790482031,0.05817768010594005,0.007657387920289375,2.3208791208791205e-05,0.0005641296481977161,8.553094468720836e-05,bc7964ac4aa74401
no_movement_disease,8,"{""movement_disease_risk"": 0.0}",S3,rule,False,854008,0.375,0.375,3,3,381,0,2,0.6666666666666666,1.0,19.5,166.26849372059053,0.6039198507370078,3.5296255427615573,0.0008554889199006984,0.9991445110800993,43,217,43,11230.174111580684,11230.174111580684,3743.3913705268947,1.5,0.648634108557001,0.2829538779513173,0.00019195606458046615,65.0,26.0,0.07022105834000825,1,,0.008135148225457474,0.07522408380795072,0.06298371427751805,0.006875287498911821,3.0712970332874584e-05,0.000628002392602335,0.00013696253452324454,bc7964ac4aa74401
no_movement_disease,9,"{""movement_disease_risk"": 0.0}",S3,rule,False,854009,0.25,0.25,2,2,243,0,2,0.6666666666666666,1.0,26.5,120.22756716326661,0.533114982465191,4.500867489529681,0.0003180878385769569,0.999681912161423,2,103,2,11295.186093224367,11295.186093224367,5647.593046612184,1.5,0.5710583187219779,0.22450596831084776,0.0002864838489016553,26.25,10.499999999999996,0.04945730771676585,1,7:wildfire:origin|33:flood:alternative|35:wildfire:semiwild|92:funding_collapse,0.0027716460366704883,0.07696207940827414,0.07976752063388888,0.013005624584971578,4.5837415824264854e-05,0.0006520177803806648,6.643756926150085e-05,bc7964ac4aa74401
no_movement_disease,10,"{""movement_disease_risk"": 0.0}",S3,rule,False,854010,0.25,0.25,2,2,136,0,2,0.6666666666666666,1.0,29.5,81.23770474685338,0.5576094446591625,2.481149504457965,0.0,1.0,5,78,5,11305.034132803654,11305.034132803654,5652.517066401827,1.5,0.6278158135288711,0.2103839952823525,0.00010706032490601178,20.75,8.3,0.05145459442442866,1,8:heatwave:origin|33:wildfire:origin|72:flood:semiwild|89:funding_collapse,0.0034752338166082527,0.07608614432821599,0.07072321342032441,0.010896809248029698,1.7129651984961887e-05,0.0006004984252267762,5.0412933919179456e-05,bc7964ac4aa74401
no_movement_disease,11,"{""movement_disease_risk"": 0.0}",S3,rule,False,854011,0.5,0.375,4,3,346,0,2,0.6666666666666666,1.0,16.5,196.32950689871575,0.6161870839286729,3.2702241860733565,0.000544034076749801,0.9994559659232501,11,216,11,11216.886635221104,11216.886635221104,3738.9622117403683,1.5,0.5332995773981345,0.2702233047113858,0.0002217862142519385,56.75,22.700000000000003,0.07720552555419366,1,33:wildfire:reserve|96:flood:origin,0.008629902050870416,0.0764521063081566,0.04992891931501725,0.0073716528056531425,3.548579428031017e-05,0.0007870713985509876,0.00010353804343665774,bc7964ac4aa74401
no_movement_disease,12,"{""movement_disease_risk"": 0.0}",S3,rule,False,854012,0.125,0.125,1,1,60,0,3,1.0,1.0,21.0,48.28980069480108,0.5789043419053342,2.7607361963190185,0.0006305977233750352,0.999369402276625,1,67,1,11381.589637530444,11381.589637530444,11381.589637530444,1.5,0.42958934462137816,0.13418781473249508,8.403361344537815e-05,17.0,6.800000000000001,0.036857591535835454,0,7:heatwave:origin|14:flood:reserve|60:flood:semiwild|77:flood:origin|94:wildfire:reserve,0.0022559425892015213,0.08526453567526243,0.03435578169025088,0.006238055293773422,1.3445378151260504e-05,0.00040320116411413467,6.198439704673243e-05,bc7964ac4aa74401
no_movement_disease,13,"{""movement_disease_risk"": 0.0}",S3,rule,False,854013,0.5,0.375,4,3,283,0,1,0.3333333333333333,1.0,28.0,156.84545682757937,0.5665916042083466,3.900641429857593,0.0,1.0,7,135,7,11244.697055790737,11244.697055790737,3748.232351930246,1.5,0.5096141172133403,0.27341223381958346,0.0003555010708519504,35.5,14.200000000000001,0.07347203899836761,2,11:flood:semiwild|27:wildfire:origin|81:heatwave:reserve,0.0057684131312198605,0.07538136028276622,0.07691338043200273,0.010027832835826424,5.688017133631205e-05,0.0007555395161301752,9.208277251588929e-05,bc7964ac4aa74401
no_movement_disease,14,"{""movement_disease_risk"": 0.0}",S3,rule,False,854014,0.5,0.375,4,3,342,0,1,0.3333333333333333,1.0,35.0,180.92883440194677,0.6038828008976189,3.8925309142587636,0.0006592977121074642,0.9993407022878925,23,172,23,11043.606105027357,11043.606105027357,3681.202035009119,1.5,0.6392310810267134,0.2872262373522079,0.00024489358603529623,48.75,19.500000000000007,0.07813910053474468,2,6:flood:semiwild|77:funding_collapse|80:funding_collapse|82:funding_collapse|93:funding_collapse|97:funding_collapse,0.007891097658711875,0.0759040865858228,0.057517387180532474,0.006930067514795941,3.91829737656474e-05,0.0006320821856916884,9.403969018176731e-05,bc7964ac4aa74401
no_movement_disease,15,"{""movement_disease_risk"": 0.0}",S3,rule,False,854015,0.375,0.375,3,3,367,0,0,0.0,0.0,,181.57178285547823,0.600422210277014,3.6381136132860434,0.006110274492545367,0.9938897255074546,39,217,39,11135.438445227577,11135.438445227577,3711.812815075859,1.5,0.2523009011939686,0.24533673879620319,0.0001564878566540508,64.0,25.599999999999994,0.07487756271972937,3,3:flood:semiwild|9:funding_collapse|37:funding_collapse|48:heatwave:reserve|59:wildfire:alternative|80:funding_collapse|80:flood:reserve|91:heatwave:alternative|95:heatwave:alternative,0.007899802043047388,0.07553622855217423,0.0627205770471751,0.0067802445806777936,2.503805706464813e-05,0.0007471267195384659,0.00011875477993986193,bc7964ac4aa74401
no_movement_disease,16,"{""movement_disease_risk"": 0.0}",S3,rule,False,854016,0.625,0.375,5,3,204,0,2,0.6666666666666666,1.0,27.0,176.37938375525084,0.5877878969763878,2.7927456167139604,0.0007537047065293818,0.9992462952934706,13,152,13,11171.389902274146,11171.389902274146,3723.796634091382,1.5,0.23630613714970602,0.23745780657551946,0.00015037593984962405,41.25,16.500000000000007,0.0857486834670462,1,37:flood:origin|47:funding_collapse|63:wildfire:reserve|72:heatwave:reserve|73:flood:reserve|75:funding_collapse|87:flood:alternative,0.006411341381442025,0.07643841499836698,0.06153033976038762,0.00893028853710391,2.406015037593985e-05,0.0006553982181311144,8.521376799186483e-05,bc7964ac4aa74401
no_movement_disease,17,"{""movement_disease_risk"": 0.0}",S3,rule,False,854017,0.375,0.25,3,2,271,0,1,0.3333333333333333,1.0,67.0,193.22050350066706,0.6246077184287782,5.085899554353813,0.0003357451689368229,0.9996642548310631,15,181,15,11098.189224085785,11098.189224085785,5549.094612042893,1.5,0.5146112380979982,0.2271604158379244,0.0006675095878489845,49.0,19.60000000000001,0.06170148242293219,2,16:wildfire:reserve|22:funding_collapse|28:funding_collapse|43:funding_collapse|95:wildfire:alternative,0.008625799036042164,0.07708323899379706,0.04386378332553668,0.005465802838982828,0.0001068015340558375,0.0005723283036651846,0.00010046640741932505,bc7964ac4aa74401
no_movement_disease,18,"{""movement_disease_risk"": 0.0}",S3,rule,False,854018,0.625,0.25,5,2,248,0,2,0.6666666666666666,1.0,18.0,142.06845107034837,0.6328320000780397,3.4025923421198607,0.0030608002203924285,0.9969391997796075,32,165,32,11228.193602270723,11228.193602270721,5614.096801135362,1.5,0.6485342908877789,0.22630505878243454,0.00021048590307136655,49.25,19.70000000000001,0.07462853136229025,1,,0.008460172243274269,0.07641644757834538,0.03455797166478937,0.007774198770912089,3.367774449141866e-05,0.0008610887678097181,0.0001513236018360534,bc7964ac4aa74401
no_movement_disease,19,"{""movement_disease_risk"": 0.0}",S3,rule,False,854019,0.5,0.375,4,3,314,0,2,0.6666666666666666,1.0,18.0,177.45855987102965,0.6098013491108434,3.988410896916451,0.0,1.0,27,179,27,11215.08627457812,11215.086274578118,3738.36209152604,1.5,0.5415341242980395,0.27762470433331227,0.0007593185521066518,51.5,20.599999999999998,0.07418591467171895,1,15:funding_collapse|46:heatwave:alternative|68:flood:semiwild|70:heatwave:origin|74:wildfire:semiwild,0.0085243362454991,0.07564257799724423,0.05909723246411059,0.007653727827591387,0.00012149096833706426,0.0009133754072857075,0.00010674666683273631,bc7964ac4aa74401
no_movement_disease,20,"{""movement_disease_risk"": 0.0}",S3,rule,False,854020,0.5,0.375,4,3,376,0,1,0.3333333333333333,1.0,25.0,197.03090678412818,0.5979689725399768,3.893442373302184,0.001379569328319244,0.9986204306716807,11,148,11,11070.955012434875,11070.955012434875,3690.3183374782916,1.5,0.460282444328008,0.2695271892851376,0.00014729970612323553,39.75,15.899999999999999,0.07907260559657459,2,5:heatwave:alternative|7:flood:reserve|51:funding_collapse|51:heatwave:origin|58:flood:origin|76:funding_collapse|77:wildfire:semiwild,0.00794085135003338,0.07616442170422574,0.06624616714719705,0.006577171015824012,2.3567952979717684e-05,0.0006765148230794206,7.622054386130053e-05,bc7964ac4aa74401
no_movement_disease,21,"{""movement_disease_risk"": 0.0}",S3,rule,False,854021,0.5,0.375,4,3,419,0,1,0.3333333333333333,1.0,34.0,198.12016547031956,0.6054476967970457,4.596435481964445,3.6574598237802e-05,0.9999634254017622,26,187,26,11063.943589516908,11063.943589516908,3687.981196505636,1.5,0.31353019991243763,0.26119183322891826,0.0003200090702427151,53.25,21.299999999999997,0.07562229209014998,2,14:wildfire:reserve|22:flood:reserve|27:heatwave:alternative|43:funding_collapse|62:wildfire:semiwild|70:funding_collapse,0.00857771825906334,0.07650220188890958,0.06262643985472825,0.006213680172129979,5.1201451238834424e-05,0.0006935401218898711,0.00010346960691274171,bc7964ac4aa74401
no_movement_disease,22,"{""movement_disease_risk"": 0.0}",S3,rule,False,854022,0.5,0.375,4,3,278,0,1,0.3333333333333333,1.0,21.0,171.66361612770322,0.5904051178706647,2.7078888677040145,0.005347529620780375,0.9946524703792197,47,220,47,11167.600255277559,11167.600255277559,3722.533418425853,1.5,0.5400170588049228,0.2660719080552701,5.208333333333333e-05,66.75,26.70000000000001,0.08120656748868837,2,6:funding_collapse|8:heatwave:semiwild|34:wildfire:reserve|66:flood:semiwild|76:funding_collapse|85:wildfire:semiwild,0.007086745676744448,0.07600517366414765,0.06839727435932147,0.006575889677283536,8.333333333333334e-06,0.0007364092119121409,0.00013507708905409152,bc7964ac4aa74401
no_movement_disease,23,"{""movement_disease_risk"": 0.0}",S3,rule,False,854023,0.5,0.375,4,3,389,0,2,0.6666666666666666,1.0,21.5,177.8421898332845,0.6059238584244627,4.684754281180304,0.0017308621010010707,0.998269137898999,52,200,52,11109.509193091031,11109.509193091031,3703.169731030344,1.5,0.4281124038071297,0.27265414057292114,5.614084817561928e-05,63.0,25.199999999999992,0.07122678690202558,1,31:flood:reserve|35:funding_collapse|41:funding_collapse|41:flood:reserve|55:funding_collapse|86:heatwave:origin,0.008382110083758314,0.07709754936372451,0.06041675880300752,0.005863135973221468,8.982535708099086e-06,0.0007581901651870154,0.00013337099569703058,bc7964ac4aa74401
restored_origin,0,"{""catastrophe_probability"": 0.0, ""habitat_deterioration"": 0.02, ""origin_quality_override"": 0.45, ""s3_refuge_trigger"": 0.6, ""s3_return_threshold"": 0.58, ""scenario"": ""restoration""}",S3,rule,False,855000,0.5,0.5,4,4,833,829,1,0.3333333333333333,1.0,17.0,465.99124402388014,0.7661547220436218,3.009052929177049,0.0002595261017234281,0.9997404738982766,62,119,62,11167.462135854115,11167.462135854115,2791.865533963529,1.5,0.98,0.36823742926026237,0.00036516976861063704,45.25,18.100000000000023,0.07573449984245954,2,46:funding_collapse|71:funding_collapse|85:funding_collapse|88:funding_collapse,0.015077888141109198,0.036187168617140324,0.0010898442031624048,0.0013099135499514897,5.8427162977701926e-05,0.0011382291428084748,0.00011982529227511302,9b98c9bf169486b3
restored_origin,1,"{""catastrophe_probability"": 0.0, ""habitat_deterioration"": 0.02, ""origin_quality_override"": 0.45, ""s3_refuge_trigger"": 0.6, ""s3_return_threshold"": 0.58, ""scenario"": ""restoration""}",S3,rule,False,855001,0.375,0.375,3,3,646,634,2,0.6666666666666666,1.0,13.5,416.5169867863506,0.7477536156143344,4.541359846805692,0.0029760096381619317,0.9970239903618381,428,132,428,11341.261363213027,11341.261363213027,3780.4204544043423,1.5,0.98,0.3242372229938467,0.000393539118312329,140.0,55.999999999999986,0.060368122628948764,1,59:funding_collapse|70:funding_collapse,0.013801004146398137,0.03818567072480961,0.007786665621743254,0.001987636143849635,6.296625892997264e-05,0.0005312745360339514,0.00018021590337054296,9b98c9bf169486b3
restored_origin,2,"{""catastrophe_probability"": 0.0, ""habitat_deterioration"": 0.02, ""origin_quality_override"": 0.45, ""s3_refuge_trigger"": 0.6, ""s3_return_threshold"": 0.58, ""scenario"": ""restoration""}",S3,rule,False,855002,0.375,0.375,3,3,673,673,1,0.3333333333333333,1.0,10.0,370.592506196847,0.7585580521735633,3.626932718786073,0.0009247247944582913,0.9990752752055417,147,115,147,11214.666152601425,11214.666152601425,3738.2220508671417,1.5,0.98,0.3167152249838552,0.00039486149028165744,65.5,26.200000000000006,0.06847948897997219,2,6:funding_collapse|11:funding_collapse|13:funding_collapse|37:funding_collapse|52:funding_collapse|66:funding_collapse,0.014278943682967293,0.03705770134875945,0.002006646301197133,0.0016140655699800395,6.31778384450652e-05,0.0005647554973025725,0.00018276507999494176,9b98c9bf169486b3
restored_origin,3,"{""catastrophe_probability"": 0.0, ""habitat_deterioration"": 0.02, ""origin_quality_override"": 0.45, ""s3_refuge_trigger"": 0.6, ""s3_return_threshold"": 0.58, ""scenario"": ""restoration""}",S3,rule,False,855003,0.375,0.375,3,3,628,628,2,0.6666666666666666,1.0,12.5,361.18561927229234,0.7638081245685031,3.86969839110033,7.604381625567289e-05,0.9999239561837443,86,125,86,11322.160627526006,11322.160627526006,3774.0535425086687,1.5,0.98,0.3191700353372725,0.0005338474443894034,52.75,21.1,0.06861525713134581,1,81:funding_collapse,0.01484837952962452,0.03691981969541026,0.0013674476298315467,0.000992190067033733,8.541559110230456e-05,0.001182219875107944,0.00014725041155834044,9b98c9bf169486b3
restored_origin,4,"{""catastrophe_probability"": 0.0, ""habitat_deterioration"": 0.02, ""origin_quality_override"": 0.45, ""s3_refuge_trigger"": 0.6, ""s3_return_threshold"": 0.58, ""scenario"": ""restoration""}",S3,rule,False,855004,0.25,0.25,2,2,454,454,2,0.6666666666666666,1.0,17.0,277.5015953461264,0.7616187017013112,5.108452157390182,0.0007648275229203622,0.9992351724770796,91,119,91,11327.581604878378,11327.581604878378,5663.790802439189,1.5,0.98,0.2717660443073233,0.0005827635766618818,52.5,21.000000000000014,0.05090761366710726,1,29:funding_collapse,0.01445968218616691,0.0342732455299242,0.0020833563609683426,0.001908307590621539,9.324217226590107e-05,0.0006632421614983131,0.00017807828448931096,9b98c9bf169486b3
restored_origin,5,"{""catastrophe_probability"": 0.0, ""habitat_deterioration"": 0.02, ""origin_quality_override"": 0.45, ""s3_refuge_trigger"": 0.6, ""s3_return_threshold"": 0.58, ""scenario"": ""restoration""}",S3,rule,False,855005,0.25,0.25,2,2,463,463,1,0.3333333333333333,1.0,15.0,289.43350803243953,0.7647079597712321,4.1885739239566435,0.003322009459287852,0.9966779905407122,120,108,120,11278.625387735143,11278.625387735143,5639.312693867571,1.5,0.98,0.26312923759164353,0.0002520826707797253,57.0,22.800000000000015,0.053717491760385316,2,19:funding_collapse|23:funding_collapse|25:funding_collapse,0.014718135053266263,0.03453575590808641,0.0015244659402687455,0.001486989665560378,4.033322732475605e-05,0.0006564153959809721,0.0001483934941036118,9b98c9bf169486b3
restored_origin,6,"{""catastrophe_probability"": 0.0, ""habitat_deterioration"": 0.02, ""origin_quality_override"": 0.45, ""s3_refuge_trigger"": 0.6, ""s3_return_threshold"": 0.58, ""scenario"": ""restoration""}",S3,rule,False,855006,0.375,0.375,3,3,659,659,1,0.3333333333333333,1.0,17.0,381.4111972829757,0.7631923126640561,4.482945139611123,0.0004726424613315994,0.9995273575386684,70,122,70,11371.838192184161,11371.838192184161,3790.6127307280535,1.5,0.98,0.323771271839735,7.965571205007824e-05,48.0,19.200000000000014,0.06095910221811857,2,42:funding_collapse,0.014753139799922113,0.0356129720504674,0.002676574951948705,0.00160887209664241,1.274491392801252e-05,0.0006002326738403365,0.00012670164939026943,9b98c9bf169486b3
restored_origin,7,"{""catastrophe_probability"": 0.0, ""habitat_deterioration"": 0.02, ""origin_quality_override"": 0.45, ""s3_refuge_trigger"": 0.6, ""s3_return_threshold"": 0.58, ""scenario"": ""restoration""}",S3,rule,False,855007,0.25,0.25,2,2,456,456,2,0.6666666666666666,1.0,9.0,288.9378563935327,0.7364287497993778,4.011150982230994,0.001292414561260619,0.9987075854387394,339,127,339,11391.334441196614,11391.334441196614,5695.667220598307,1.5,0.98,0.2616508584960588,0.0012263824833811982,116.5,46.59999999999998,0.055196743368744236,1,68:funding_collapse,0.012960203612960798,0.03941030512536715,0.008891997253521024,0.003422186747771534,0.0001962211973409917,0.0005785401202676537,0.00021346544285679166,9b98c9bf169486b3
restored_origin,8,"{""catastrophe_probability"": 0.0, ""habitat_deterioration"": 0.02, ""origin_quality_override"": 0.45, ""s3_refuge_trigger"": 0.6, ""s3_return_threshold"": 0.58, ""scenario"": ""restoration""}",S3,rule,False,855008,0.375,0.375,3,3,705,669,3,1.0,1.0,19.0,398.0792941336688,0.7423455436020622,3.876610451775626,0.01332639202058533,0.9866736079794147,385,144,385,11401.705538366981,11401.70553836698,3800.5685127889938,1.5,0.98,0.31868406273134686,0.00036729639809165727,132.25,52.89999999999991,0.0658397910679529,0,72:funding_collapse,0.013678659534971604,0.039395148477822856,0.01027309755356628,0.002518470462765054,5.8767423694665156e-05,0.0011503734699067263,0.0001807724103637912,9b98c9bf169486b3
restored_origin,9,"{""catastrophe_probability"": 0.0, ""habitat_deterioration"": 0.02, ""origin_quality_override"": 0.45, ""s3_refuge_trigger"": 0.6, ""s3_return_threshold"": 0.58, ""scenario"": ""restoration""}",S3,rule,False,855009,0.375,0.375,3,3,669,669,2,0.6666666666666666,1.0,14.0,372.96543462912496,0.7514778376079174,3.8264614237299654,0.002537372633205711,0.9974626273667943,205,101,205,11413.615794037785,11413.615794037785,3804.5385980125952,1.5,0.98,0.3192634299336128,0.0008159685925678839,76.5,30.60000000000002,0.07124407848156564,1,,0.013846367108062852,0.03733534815352366,0.004587288777040057,0.0018315222842578058,0.00013055497481086146,0.0005445492101682534,0.00017378451662459503,9b98c9bf169486b3
restored_origin,10,"{""catastrophe_probability"": 0.0, ""habitat_deterioration"": 0.02, ""origin_quality_override"": 0.45, ""s3_refuge_trigger"": 0.6, ""s3_return_threshold"": 0.58, ""scenario"": ""restoration""}",S3,rule,False,855010,0.625,0.625,5,5,881,881,0,0.0,0.0,,505.3475295975495,0.7583522753517005,2.74019703987017,0.06204339137238033,0.9379566086276196,237,139,237,11365.027609303459,11365.027609303459,2273.0055218606917,1.5,0.98,0.42672638042309285,0.0003531244896086568,94.0,37.60000000000001,0.10037205012195599,3,,0.014553950667169958,0.03767513436142375,0.0020581546653533817,0.0021727779124469334,5.649991833738509e-05,0.001143479838834464,0.00016765589806720945,9b98c9bf169486b3
restored_origin,11,"{""catastrophe_probability"": 0.0, ""habitat_deterioration"": 0.02, ""origin_quality_override"": 0.45, ""s3_refuge_trigger"": 0.6, ""s3_return_threshold"": 0.58, ""scenario"": ""restoration""}",S3,rule,False,855011,0.25,0.25,2,2,447,447,3,1.0,1.0,14.666666666666666,260.3958849773555,0.7490005515668746,3.737438468011273,0.0019246917659391516,0.9980753082340609,120,106,120,11249.247325501037,11249.247325501035,5624.623662750519,1.5,0.98,0.25840375942664356,0.00030998687893511474,56.5,22.600000000000016,0.052646873732654205,0,15:funding_collapse|22:funding_collapse|38:funding_collapse,0.013699812541440714,0.038578709142977154,0.0036131641378300884,0.0019254529735679622,4.9597900629618355e-05,0.0006014211535289261,0.00021949174082874738,9b98c9bf169486b3
restored_origin,12,"{""catastrophe_probability"": 0.0, ""habitat_deterioration"": 0.02, ""origin_quality_override"": 0.45, ""s3_refuge_trigger"": 0.6, ""s3_return_threshold"": 0.58, ""scenario"": ""restoration""}",S3,rule,False,855012,0.375,0.375,3,3,666,666,3,1.0,1.0,8.666666666666666,371.3542492281329,0.7588930670984466,3.770314181134065,0.0026853169366763494,0.9973146830633236,133,120,133,11277.899074070747,11277.899074070747,3759.2996913569154,1.5,0.98,0.3174725412570808,0.0008662592542043082,63.25,25.30000000000002,0.0650969972287008,0,59:funding_collapse|77:funding_collapse,0.014478409089418203,0.037442269410845434,0.002134921082627236,0.0011898793331664235,0.00013860148067268934,0.0012148135075315514,0.00016171824606199647,9b98c9bf169486b3
restored_origin,13,"{""catastrophe_probability"": 0.0, ""habitat_deterioration"": 0.02, ""origin_quality_override"": 0.45, ""s3_refuge_trigger"": 0.6, ""s3_return_threshold"": 0.58, ""scenario"": ""restoration""}",S3,rule,False,855013,0.375,0.375,3,3,644,644,1,0.3333333333333333,1.0,10.0,386.93518665308227,0.7618344248744886,3.8372316581940438,0.0007600651961054235,0.9992399348038946,132,121,132,11382.18064772215,11382.18064772215,3794.0602159073837,1.5,0.98,0.3178336948956651,0.00023109945138601935,63.25,25.30000000000002,0.06355689156862326,2,57:funding_collapse,0.014600678863717688,0.03623113825111138,0.003004783393581975,0.0011031114081034383,3.69759122217631e-05,0.0005382793188678739,0.0001468106421396247,9b98c9bf169486b3
restored_origin,14,"{""catastrophe_probability"": 0.0, ""habitat_deterioration"": 0.02, ""origin_quality_override"": 0.45, ""s3_refuge_trigger"": 0.6, ""s3_return_threshold"": 0.58, ""scenario"": ""restoration""}",S3,rule,False,855014,0.125,0.125,1,1,238,238,2,0.6666666666666666,1.0,12.5,165.79568209653726,0.7586983003294996,4.433625547902316,0.0,1.0,158,105,158,11308.324754516787,11308.324754516787,11308.324754516787,1.5,0.98,0.20636986043278024,0.00014035087719298245,65.75,26.30000000000002,0.03891802476878535,1,19:funding_collapse,0.014215713598500395,0.034029585252871385,0.0024559344148548266,0.002549167002001826,2.245614035087719e-05,0.000734900680775669,0.0001798072881760036,9b98c9bf169486b3
restored_origin,15,"{""catastrophe_probability"": 0.0, ""habitat_deterioration"": 0.02, ""origin_quality_override"": 0.45, ""s3_refuge_trigger"": 0.6, ""s3_return_threshold"": 0.58, ""scenario"": ""restoration""}",S3,rule,False,855015,0.375,0.375,3,3,544,544,1,0.3333333333333333,1.0,10.0,296.07560380349963,0.7606374434286071,4.478797563926047,0.0001813569571497048,0.9998186430428503,126,119,126,11340.475433613552,11340.475433613552,3780.158477871184,1.5,0.98,0.3256210529139073,0.0009240191697394757,61.25,24.50000000000002,0.07041538637323426,2,14:funding_collapse,0.014621591775532874,0.037461495597833,0.0019223917167689897,0.0014227311762720382,0.0001478430671583161,0.0006390455390955661,0.0001373648559771439,9b98c9bf169486b3
restored_origin,16,"{""catastrophe_probability"": 0.0, ""habitat_deterioration"": 0.02, ""origin_quality_override"": 0.45, ""s3_refuge_trigger"": 0.6, ""s3_return_threshold"": 0.58, ""scenario"": ""restoration""}",S3,rule,False,855016,0.375,0.375,3,3,715,704,1,0.3333333333333333,1.0,13.0,416.3307923838654,0.756008892208746,4.348175036734674,0.0052025682794023045,0.9947974317205976,320,121,320,11341.863593662354,11341.863593662354,3780.621197887451,1.5,0.98,0.3235767437897862,0.0013103717773876372,110.25,44.100000000000016,0.06672496711219689,2,,0.014179135366000722,0.037517001294530096,0.0028573156247404335,0.0014318114994679968,0.00020965948438202194,0.0005173515597373606,0.00018402519797538995,9b98c9bf169486b3
restored_origin,17,"{""catastrophe_probability"": 0.0, ""habitat_deterioration"": 0.02, ""origin_quality_override"": 0.45, ""s3_refuge_trigger"": 0.6, ""s3_return_threshold"": 0.58, ""scenario"": ""restoration""}",S3,rule,False,855017,0.625,0.5,5,4,845,845,2,0.6666666666666666,1.0,14.5,490.35360741300593,0.7663082187960362,4.488019521256026,0.00044326585273731563,0.9995567341472626,110,124,110,11326.170260050605,11326.170260050605,2831.5425650126513,1.5,0.98,0.3861923510151315,0.00034506413463333054,58.5,23.40000000000001,0.09156077901285593,1,74:funding_collapse,0.015097537561645075,0.03632116034862962,0.001304901035961471,0.0013343520381518357,5.5210261541332884e-05,0.0009510305355801681,0.00011288200765294933,9b98c9bf169486b3
restored_origin,18,"{""catastrophe_probability"": 0.0, ""habitat_deterioration"": 0.02, ""origin_quality_override"": 0.45, ""s3_refuge_trigger"": 0.6, ""s3_return_threshold"": 0.58, ""scenario"": ""restoration""}",S3,rule,False,855018,0.5,0.5,4,4,800,800,2,0.6666666666666666,1.0,18.5,477.8461592682728,0.760926265375429,4.055760514502503,0.002611175539496278,0.9973888244605037,168,151,168,11260.571165028505,11260.571165028505,2815.142791257126,1.5,0.98,0.3801809086865129,0.00023554753104302806,79.75,31.900000000000034,0.08311651770743936,1,6:funding_collapse|22:funding_collapse|40:funding_collapse,0.01474496337027298,0.0383482211967696,0.0023402611347582898,0.0010133893199210729,3.768760496688449e-05,0.0005222044226019885,0.00012340606301480445,9b98c9bf169486b3
restored_origin,19,"{""catastrophe_probability"": 0.0, ""habitat_deterioration"": 0.02, ""origin_quality_override"": 0.45, ""s3_refuge_trigger"": 0.6, ""s3_return_threshold"": 0.58, ""scenario"": ""restoration""}",S3,rule,False,855019,0.375,0.375,3,3,749,654,2,0.6666666666666666,1.0,17.0,456.60853722574416,0.7087459009557862,4.6692538419867775,0.0009190569883319299,0.999080943011668,699,142,699,11415.797418412189,11415.797418412189,3805.2658061373963,1.5,0.98,0.32650714864196784,0.0004806093923260428,210.25,84.10000000000005,0.06532305111050002,1,,0.011585293640161008,0.04451920733563175,0.018514217695929525,0.004324164743059494,7.689750277216683e-05,0.0005391324842287898,0.00022876857310443754,9b98c9bf169486b3
restored_origin,20,"{""catastrophe_probability"": 0.0, ""habitat_deterioration"": 0.02, ""origin_quality_override"": 0.45, ""s3_refuge_trigger"": 0.6, ""s3_return_threshold"": 0.58, ""scenario"": ""restoration""}",S3,rule,False,855020,0.5,0.5,4,4,817,807,2,0.6666666666666666,1.0,12.0,413.4775836377713,0.7586017775357118,3.2043055214478766,0.0016428899176467997,0.9983571100823532,89,138,89,11330.98163703062,11330.98163703062,2832.745409257655,1.5,0.98,0.371705528302822,0.00023545888943812818,56.75,22.700000000000024,0.08331236544171586,1,6:funding_collapse,0.014527856865317854,0.038713573926939845,0.0014713569753474747,0.0018233247423123525,3.767342231010051e-05,0.00063459764015001,0.00017574459940505302,9b98c9bf169486b3
restored_origin,21,"{""catastrophe_probability"": 0.0, ""habitat_deterioration"": 0.02, ""origin_quality_override"": 0.45, ""s3_refuge_trigger"": 0.6, ""s3_return_threshold"": 0.58, ""scenario"": ""restoration""}",S3,rule,False,855021,0.5,0.5,4,4,837,818,2,0.6666666666666666,1.0,8.5,438.7241245110525,0.7583658284298391,3.453998932038636,0.0022670489979279653,0.997732951002072,256,97,256,11403.045966377826,11403.045966377826,2850.7614915944564,1.5,0.98,0.37387216535273704,0.0002835795970255262,88.25,35.29999999999999,0.08166088016175369,1,,0.014383784335752301,0.037538776991107706,0.002642903496271137,0.0017483019040248342,4.537273552408419e-05,0.0005953175055648892,0.0001513345384889344,9b98c9bf169486b3
restored_origin,22,"{""catastrophe_probability"": 0.0, ""habitat_deterioration"": 0.02, ""origin_quality_override"": 0.45, ""s3_refuge_trigger"": 0.6, ""s3_return_threshold"": 0.58, ""scenario"": ""restoration""}",S3,rule,False,855022,0.375,0.375,3,3,642,642,2,0.6666666666666666,1.0,11.5,375.3255938758891,0.7597155997267641,3.7105762393763158,0.00122114952539581,0.9987788504746042,189,130,189,11263.858770796833,11263.858770796833,3754.619590265611,1.5,0.98,0.31721519420598976,0.0005257507802509307,79.75,31.89999999999999,0.06679715906113298,1,49:funding_collapse|54:funding_collapse,0.014670450133963868,0.03806987805179747,0.0019734611676011584,0.0017112630531243395,8.412012484014891e-05,0.001295812395907788,0.00015707746435481145,9b98c9bf169486b3
restored_origin,23,"{""catastrophe_probability"": 0.0, ""habitat_deterioration"": 0.02, ""origin_quality_override"": 0.45, ""s3_refuge_trigger"": 0.6, ""s3_return_threshold"": 0.58, ""scenario"": ""restoration""}",S3,rule,False,855023,0.5,0.5,4,4,615,599,2,0.6666666666666666,1.0,19.0,354.18400207343325,0.7298634534299024,2.485975344886046,0.09731506133675324,0.9026849386632467,613,129,613,11330.26006600161,11330.26006600161,2832.5650165004026,1.5,0.98,0.36428227664321433,0.00043894002952667545,185.5,74.19999999999999,0.08211261597176904,1,32:funding_collapse|39:funding_collapse|47:funding_collapse,0.012647448172885118,0.04215630324650346,0.00972648062823924,0.0035807204377481367,7.023040472426807e-05,0.0005589600373192991,0.0002441940726780378,9b98c9bf169486b3
zero_release_penalty,0,"{""release_survival_penalty"": 0.0}",S3,rule,False,856000,0.375,0.25,3,2,264,0,2,0.6666666666666666,1.0,16.5,144.2119039801825,0.5605423760053169,2.1865042820932015,0.005899870803511413,0.9941001291964886,12,124,12,11240.351569976108,11240.351569976108,5620.175784988054,1.5,0.570341472995931,0.20395025512976234,0.00012781975248463186,34.0,13.600000000000001,0.0627553250461861,1,24:heatwave:origin|37:wildfire:semiwild|39:heatwave:reserve|41:funding_collapse|69:heatwave:semiwild,0.004419921602994862,0.0767347122639651,0.06868416768459326,0.011862319795458088,2.0451160397541092e-05,0.000821195008289186,7.894688690876077e-05,e3500d1cbf37697a
zero_release_penalty,1,"{""release_survival_penalty"": 0.0}",S3,rule,False,856001,0.375,0.375,3,3,474,0,1,0.3333333333333333,1.0,20.0,196.18267375175841,0.5954632047536333,3.70184793066888,0.0009105510313879451,0.9990894489686121,34,210,34,11183.382738306553,11183.382738306553,3727.7942461021844,1.5,0.6462758233439846,0.28528655829664773,0.0002429816909664598,61.0,24.399999999999995,0.07445248327780232,2,66:funding_collapse,0.00804614778710645,0.07628197694004393,0.06822552593292472,0.006001402639337684,3.8877070554633574e-05,0.0006146627627350998,0.00010135810185374354,e3500d1cbf37697a
zero_release_penalty,2,"{""release_survival_penalty"": 0.0}",S3,rule,False,856002,0.5,0.25,4,2,269,0,1,0.3333333333333333,1.0,27.0,178.36586859382203,0.6175652358097496,4.18137017958548,0.0007483552624007177,0.9992516447375993,28,146,28,11134.955143078852,11134.955143078852,5567.477571539426,1.5,0.40523557931999826,0.2086544585777788,0.000298266908328766,43.5,17.40000000000001,0.06908599424962097,2,12:funding_collapse|51:flood:reserve|61:funding_collapse|70:heatwave:origin|73:funding_collapse|73:heatwave:alternative,0.008005832413421754,0.07633176002783991,0.04747529692142785,0.005919592721263432,4.772270533260255e-05,0.0006966930501987235,7.558540821204749e-05,e3500d1cbf37697a
zero_release_penalty,3,"{""release_survival_penalty"": 0.0}",S3,rule,False,856003,0.375,0.375,3,3,220,0,1,0.3333333333333333,1.0,19.0,147.10354281889818,0.5867343970171052,1.9605468595905402,0.09550476254232715,0.9044952374576729,14,148,14,11218.118055226849,11218.118055226849,3739.372685075616,1.5,0.5521303530770779,0.25867178914132927,0.00020188901142641859,40.5,16.200000000000006,0.0755164261885802,2,12:wildfire:semiwild|13:funding_collapse|35:flood:origin|36:heatwave:alternative|58:heatwave:semiwild|77:heatwave:origin|91:wildfire:origin,0.006077055178358089,0.07639554561017664,0.062315227452305874,0.007791506867748076,3.230224182822698e-05,0.0006305000648972047,8.888369899315018e-05,e3500d1cbf37697a
zero_release_penalty,4,"{""release_survival_penalty"": 0.0}",S3,rule,False,856004,0.5,0.25,4,2,131,0,1,0.3333333333333333,1.0,56.0,146.92524022408787,0.5908905580441571,4.185679260331433,2.1538974108672583e-05,0.9999784610258913,22,123,22,11200.29218719422,11200.29218719422,5600.14609359711,1.5,0.6242964841563937,0.22904794543022106,7.679459240797045e-05,36.25,14.499999999999996,0.06130752205633681,2,38:funding_collapse|47:wildfire:origin|67:wildfire:semiwild,0.007258667791860546,0.07704644768348373,0.059551634964473216,0.007347170666178394,1.2287134785275273e-05,0.0006726772846748735,7.97124561849289e-05,e3500d1cbf37697a
zero_release_penalty,5,"{""release_survival_penalty"": 0.0}",S3,rule,False,856005,0.625,0.25,5,2,134,0,1,0.3333333333333333,1.0,24.0,141.28483182915946,0.5963630322369285,4.5543053716622275,0.0,1.0,16,105,16,11229.735351182959,11229.735351182959,5614.867675591479,1.5,0.6252857744664153,0.23403206834262816,0.00021776284839051846,30.25,12.100000000000003,0.06730218589682177,2,5:heatwave:semiwild|42:wildfire:origin,0.006760227741615796,0.07464329253054576,0.06115191210238754,0.008097576643759992,3.484205574248295e-05,0.0006818699478803026,7.119307575350871e-05,e3500d1cbf37697a
zero_release_penalty,6,"{""release_survival_penalty"": 0.0}",S3,rule,False,856006,0.5,0.375,4,3,372,0,0,0.0,0.0,,186.72915538812504,0.5805727158076623,3.222466768510879,0.005096655166410053,0.99490334483359,42,193,42,11201.685510782027,11201.685510782025,3733.8951702606755,1.5,0.538452804762288,0.26978787635430895,0.00010958904109589041,58.75,23.499999999999996,0.07483964096485674,3,54:flood:origin|56:heatwave:alternative|62:funding_collapse,0.007119950537294486,0.07516999731560756,0.07604720154992659,0.007772709334478287,1.7534246575342465e-05,0.0007171981537035092,0.00010028105038252427,e3500d1cbf37697a
zero_release_penalty,7,"{""release_survival_penalty"": 0.0}",S3,rule,False,856007,0.25,0.25,2,2,228,0,3,1.0,1.0,8.666666666666666,105.38059448570019,0.5056372302664461,3.422833401418062,0.00032768528797996705,0.99967231471202,0,94,0,11439.43812344835,11439.43812344835,5719.719061724175,1.5,0.44688709052809256,0.20104111825643595,0.00022109305985975269,23.5,9.4,0.048120375947230405,0,1:wildfire:origin|10:flood:reserve|60:heatwave:reserve|66:flood:origin,0.0013442389065282797,0.07701409489374825,0.09536842354557262,0.013528393911129265,3.5374889577560436e-05,0.0006194848912548501,7.577614042286997e-05,e3500d1cbf37697a
zero_release_penalty,8,"{""release_survival_penalty"": 0.0}",S3,rule,False,856008,0.625,0.375,5,3,430,0,1,0.3333333333333333,1.0,16.0,196.87458527577985,0.5895068494121216,4.026495569401688,0.0037657648817737838,0.9962342351182262,22,172,22,11192.09937555436,11192.099375554359,3730.6997918514535,1.5,0.5880243643059911,0.2836436663296548,0.00021323644813924766,48.5,19.400000000000006,0.07913137102519412,2,68:wildfire:alternative|72:flood:semiwild|81:heatwave:semiwild|100:funding_collapse,0.007726953951415344,0.07553954898407277,0.07323594553806079,0.0068347188328270305,3.411783170227962e-05,0.0007411356496484875,9.141366093976348e-05,e3500d1cbf37697a
zero_release_penalty,9,"{""release_survival_penalty"": 0.0}",S3,rule,False,856009,0.625,0.375,5,3,438,0,1,0.3333333333333333,1.0,21.0,188.98613677840893,0.5668949723312707,4.733732689805368,0.0,1.0,21,178,21,11224.42360548036,11224.42360548036,3741.47453516012,1.5,0.43535302182880464,0.2767860361341393,0.0002191040475316297,49.75,19.900000000000002,0.08581703526602588,2,2:flood:alternative|23:wildfire:alternative|40:flood:semiwild|52:wildfire:origin,0.006642157204224266,0.07494088725965102,0.08611667434038342,0.008370859357195025,3.5056647605060755e-05,0.0007338451291470197,8.84320953003278e-05,e3500d1cbf37697a
zero_release_penalty,10,"{""release_survival_penalty"": 0.0}",S3,rule,False,856010,0.375,0.25,3,2,226,0,1,0.3333333333333333,1.0,17.0,148.35478791756123,0.6211592165417436,3.5994062236980158,0.0,1.0,25,152,25,11185.52795676248,11185.52795676248,5592.76397838124,1.5,0.6463839423541634,0.22585292296036055,0.000221430465332096,44.25,17.700000000000006,0.06360233243982022,2,29:flood:semiwild|40:funding_collapse,0.008405663799000263,0.07295587113343376,0.0486263748712836,0.008459221724150489,3.542887445313536e-05,0.0008225677454212667,0.00012116199733393378,e3500d1cbf37697a
zero_release_penalty,11,"{""release_survival_penalty"": 0.0}",S3,rule,False,856011,0.5,0.25,4,2,229,0,2,0.6666666666666666,1.0,17.5,150.8622945579123,0.6136362075029766,3.9850703770441633,0.007481692680066334,0.9925183073199336,19,144,19,11163.687444048972,11163.687444048972,5581.843722024486,1.5,0.40575478374831997,0.20580637757518855,0.0007213466841095752,40.75,16.300000000000008,0.06440097714957456,1,25:funding_collapse|30:heatwave:reserve|52:wildfire:origin|96:heatwave:alternative|100:funding_collapse,0.007588068153713351,0.0741847967583633,0.04641523868012601,0.007844070869686935,0.00011541546945753203,0.0007079711330595765,9.767569624003258e-05,e3500d1cbf37697a
zero_release_penalty,12,"{""release_survival_penalty"": 0.0}",S3,rule,False,856012,0.5,0.375,4,3,321,0,1,0.3333333333333333,1.0,14.0,173.03942074005093,0.6154340860231364,3.207958895901944,0.0040605841570427355,0.9959394158429573,25,144,25,11103.684406781318,11103.684406781316,3701.2281355937725,1.5,0.34250165046960174,0.24972788279219174,0.00042225947643605854,42.25,16.90000000000001,0.07324064393106056,2,17:wildfire:alternative|24:wildfire:reserve|27:heatwave:reserve|46:flood:alternative|56:funding_collapse|56:heatwave:origin|66:funding_collapse,0.008117754084505168,0.07486677081371337,0.048884149024262476,0.007287557667201914,6.756151622976938e-05,0.0007184868061685364,0.00010690905699906044,e3500d1cbf37697a
zero_release_penalty,13,"{""release_survival_penalty"": 0.0}",S3,rule,False,856013,0.5,0.375,4,3,304,0,2,0.6666666666666666,1.0,34.0,189.38779665702887,0.6067158000605921,3.360784019362582,0.006532871155256459,0.9934671288447435,20,205,20,11129.965518277066,11129.965518277066,3709.9885060923552,1.5,0.5621012274917535,0.2732469454294137,8.029176036441215e-05,56.25,22.5,0.07339491243306265,1,39:flood:reserve|40:funding_collapse|53:funding_collapse|75:funding_collapse,0.008129783227740333,0.07650858958413144,0.05785169576276083,0.008033593096382146,1.2846681658305946e-05,0.0008422915509950782,9.610930251352425e-05,e3500d1cbf37697a
zero_release_penalty,14,"{""release_survival_penalty"": 0.0}",S3,rule,False,856014,0.375,0.25,3,2,271,0,1,0.3333333333333333,1.0,26.0,167.89411567998252,0.6062674298901043,4.304377451889385,0.0030613921472504,0.9969386078527496,24,153,24,11141.576530167218,11141.576530167218,5570.788265083609,1.5,0.543236417755081,0.2218391076016584,0.00047793841762573534,44.25,17.700000000000006,0.059858456536282176,2,2:funding_collapse|10:funding_collapse|45:funding_collapse|48:wildfire:origin|91:flood:reserve,0.007588107590282328,0.07444400164939799,0.052328945187179746,0.009075097283419771,7.647014682011766e-05,0.0008091093706748319,0.00010145894302284917,e3500d1cbf37697a
zero_release_penalty,15,"{""release_survival_penalty"": 0.0}",S3,rule,False,856015,0.625,0.375,5,3,393,0,1,0.3333333333333333,1.0,17.0,191.7742894451767,0.6080325188063646,3.6838106827439083,0.0027358148477928733,0.9972641851522072,18,157,18,11187.90474008408,11187.904740084077,3729.3015800280264,1.5,0.6465037322335722,0.2871589824559138,0.0002901541453974483,43.75,17.500000000000007,0.08460251202558754,2,88:funding_collapse,0.008165332719503664,0.07650645423864834,0.05578023794827328,0.006731731017958138,4.6424663263591735e-05,0.0006986363180923797,8.59940891431577e-05,e3500d1cbf37697a
zero_release_penalty,16,"{""release_survival_penalty"": 0.0}",S3,rule,False,856016,0.5,0.25,4,2,279,0,2,0.6666666666666666,1.0,59.5,178.4952025310378,0.6238596163099922,3.775051240893937,8.81178277487322e-05,0.9999118821722512,25,171,25,11163.783573604513,11163.783573604513,5581.891786802256,1.5,0.6452880254430019,0.22634673406290107,0.0001906376600766304,49.0,19.6,0.057837095548307425,1,34:funding_collapse|54:funding_collapse,0.008575087783704482,0.075954286882852,0.045912296839791866,0.005788264298375402,3.0502025612260865e-05,0.0006697301226920621,9.372261715073746e-05,e3500d1cbf37697a
zero_release_penalty,17,"{""release_survival_penalty"": 0.0}",S3,rule,False,856017,0.625,0.375,5,3,223,0,0,0.0,0.0,,162.99864157572404,0.6051543275961544,3.4234443025204926,3.705486195162851e-05,0.9999629451380484,39,153,39,11226.416683234751,11226.416683234751,3742.138894411584,1.5,0.4324255548090353,0.2616052589574924,0.00020996147495872314,48.0,19.200000000000006,0.07689130225691987,3,10:heatwave:alternative|17:heatwave:semiwild|43:heatwave:semiwild|68:flood:reserve|86:wildfire:alternative,0.007992372839986765,0.07608693991398317,0.0627699695261482,0.006170053799038791,3.3593835993395706e-05,0.0007043993882288249,9.793268283581924e-05,e3500d1cbf37697a
zero_release_penalty,18,"{""release_survival_penalty"": 0.0}",S3,rule,False,856018,0.375,0.375,3,3,204,0,1,0.3333333333333333,1.0,8.0,95.94656682115378,0.5070571718035751,2.9765031420586276,0.00024106954187102448,0.999758930458129,0,97,0,11251.92954886777,11251.92954886777,3750.6431829559237,1.5,0.39901454930448416,0.2523564560387148,0.0005858034414517338,24.25,9.7,0.06969984843840066,2,3:flood:origin|34:wildfire:semiwild|44:wildfire:alternative|51:flood:reserve|54:wildfire:origin|57:flood:reserve|58:heatwave:origin|76:heatwave:origin|95:funding_collapse|95:flood:origin,0.0018972691581101298,0.08094139709079591,0.08709618609458819,0.013092614644019594,9.372855063227741e-05,0.0006092872167664618,7.839499116094262e-05,e3500d1cbf37697a
zero_release_penalty,19,"{""release_survival_penalty"": 0.0}",S3,rule,False,856019,0.5,0.375,4,3,307,0,1,0.3333333333333333,1.0,19.0,178.2212798461398,0.6150316518048419,2.937026417066786,0.002731760208363796,0.9972682397916363,46,226,46,11206.275095049928,11206.275095049928,3735.4250316833095,1.5,0.46611371257387035,0.2607999214236198,0.00021389674994690667,68.0,27.200000000000003,0.08034142997782445,2,43:funding_collapse|49:wildfire:alternative|72:flood:alternative,0.008067095819199333,0.07497062994901298,0.049404525065784376,0.007741545147387356,3.422347999150507e-05,0.0008104078864309844,0.0001519664775777714,e3500d1cbf37697a
zero_release_penalty,20,"{""release_survival_penalty"": 0.0}",S3,rule,False,856020,0.5,0.375,4,3,334,0,2,0.6666666666666666,1.0,23.0,175.0528276926954,0.6181542332317086,3.545344002364445,0.02465562671863865,0.9753443732813614,37,187,37,11193.24124167213,11193.24124167213,3731.08041389071,1.5,0.42519135664203733,0.2599789813412736,0.00017191778447887422,56.0,22.400000000000006,0.06628202826712723,1,7:flood:alternative|86:heatwave:alternative,0.008790502504885086,0.07599014574847024,0.053832197241250934,0.006116090901990679,2.7506845516619874e-05,0.0007466837036029198,0.00011383511726111963,e3500d1cbf37697a
zero_release_penalty,21,"{""release_survival_penalty"": 0.0}",S3,rule,False,856021,0.125,0.125,1,1,184,0,2,0.6666666666666666,1.0,18.5,93.10436381220457,0.5516689609371158,3.560042060988433,0.0009443373534805784,0.9990556626465195,0,114,0,11298.478079243901,11298.478079243901,11298.478079243901,1.5,0.5224109635140703,0.1515529837484524,8.241758241758242e-05,28.5,11.4,0.03730733393580525,1,6:wildfire:origin|19:funding_collapse|22:flood:origin|56:flood:origin|58:heatwave:reserve|100:funding_collapse,0.002439234917348931,0.07597780099621812,0.054741467532687035,0.01611812009951872,1.3186813186813187e-05,0.0007652349756735146,9.469196862702243e-05,e3500d1cbf37697a
zero_release_penalty,22,"{""release_survival_penalty"": 0.0}",S3,rule,False,856022,0.5,0.375,4,3,357,0,2,0.6666666666666666,1.0,20.0,188.35719967340384,0.6061734096553009,2.911926370731736,0.0021464762506693508,0.9978535237493307,51,191,51,11183.77557844319,11183.77557844319,3727.9251928143967,1.5,0.49068246232261065,0.26114238777106596,0.00036620142159024717,60.5,24.200000000000006,0.0710243891574376,1,12:wildfire:reserve|38:heatwave:semiwild|49:flood:alternative|62:funding_collapse|65:wildfire:semiwild|90:heatwave:origin,0.007389529494420946,0.0770389722823031,0.05176555829632388,0.00571244467649292,5.859222745443954e-05,0.0006785888618829913,9.673393247571415e-05,e3500d1cbf37697a
zero_release_penalty,23,"{""release_survival_penalty"": 0.0}",S3,rule,False,856023,0.375,0.375,3,3,376,0,2,0.6666666666666666,1.0,28.0,188.4838299496717,0.5936603195657499,3.413295905502812,0.03440407942397771,0.9655959205760223,24,199,24,11218.629471683751,11218.629471683751,3739.543157227917,1.5,0.3551425730236923,0.2523111896724818,0.0002963991841295345,55.75,22.300000000000008,0.06956986657542225,1,16:flood:reserve|82:heatwave:origin|90:flood:reserve|94:heatwave:reserve,0.007755416755777128,0.07598854661751661,0.06652044979534695,0.006462419218738817,4.742386946072552e-05,0.0005802723221791497,0.00010660613122482433,e3500d1cbf37697a
adequate_budget,0,"{""initial_budget"": 220.0}",S3,rule,False,857000,0.5,0.25,4,2,244,0,0,0.0,0.0,,142.67834241167458,0.5674069018483816,2.9127829432868877,0.0,1.0,27,152,27,24717.73874169335,24717.73874169335,12358.869370846674,1.5,0.4741243961313623,0.20226021539158545,7.2992700729927e-05,44.75,17.9,0.06609973172790168,3,33:flood:origin|74:heatwave:semiwild|95:wildfire:origin|97:wildfire:reserve|100:heatwave:reserve,0.0054958583385645386,0.07444522526307716,0.07542365638071855,0.011142036864791555,1.1678832116788322e-05,0.000811124434577875,0.00010092213134211192,da6c843c3b806fb1
adequate_budget,1,"{""initial_budget"": 220.0}",S3,rule,False,857001,0.5,0.375,4,3,297,0,1,0.3333333333333333,1.0,29.0,180.66838843821213,0.5745216306389536,4.8882809402493885,5.467072530748094e-05,0.9999453292746925,77,267,77,24679.146748250903,24679.146748250903,8226.382249416967,1.5,0.395416722403445,0.27251847453153066,0.00015578039791658166,86.0,34.40000000000002,0.07671996444346116,2,36:wildfire:reserve|41:heatwave:reserve|62:funding_collapse|68:flood:semiwild|69:heatwave:alternative,0.00712322770105075,0.07337762074208042,0.08549318280274648,0.007992292319303566,2.4924863666653064e-05,0.0007011910791091016,0.00013991471521531293,da6c843c3b806fb1
adequate_budget,2,"{""initial_budget"": 220.0}",S3,rule,False,857002,0.5,0.375,4,3,319,0,0,0.0,0.0,,162.82818070505272,0.5947088819373026,3.4426199563804616,0.01400988850974999,0.9859901114902501,44,227,44,24569.135433938278,24569.135433938278,8189.711811312759,1.5,0.5174803967015733,0.27159563485511135,0.0003103506322999647,67.75,27.100000000000012,0.08335697810574702,3,7:funding_collapse|30:heatwave:alternative|35:funding_collapse|70:wildfire:reserve|98:funding_collapse,0.007507917882198655,0.07550474440102797,0.06511012582326253,0.008217813838865873,4.965610116799436e-05,0.0008323833248248943,0.000156900096944372,da6c843c3b806fb1
adequate_budget,3,"{""initial_budget"": 220.0}",S3,rule,False,857003,0.5,0.375,4,3,277,0,1,0.3333333333333333,1.0,18.0,172.78092833729414,0.5765661546448189,3.3662581734826005,0.002151963899246238,0.9978480361007538,21,232,21,24587.06462035196,24587.06462035196,8195.688206783987,1.5,0.5862361257607834,0.276149300308061,0.0002798891428491303,63.25,25.300000000000004,0.07556552998578321,2,11:funding_collapse|22:funding_collapse|28:wildfire:alternative,0.0073864816069390115,0.07462852906210354,0.08526862285303301,0.007285331675362692,4.478226285586084e-05,0.0006924544476424211,0.00010982271190041701,da6c843c3b806fb1
adequate_budget,4,"{""initial_budget"": 220.0}",S3,rule,False,857004,0.5,0.375,4,3,362,0,1,0.3333333333333333,1.0,30.0,168.73844263492924,0.5655339674917068,3.6437063610804064,0.006382418103119157,0.9936175818968809,12,201,12,24591.86471750121,24591.86471750121,8197.28823916707,1.5,0.3579070740514483,0.2558309478832157,0.0005240919295595047,53.25,21.3,0.07426588433633396,2,11:heatwave:reserve|19:flood:reserve|31:wildfire:semiwild|54:heatwave:origin|61:wildfire:reserve|78:funding_collapse|81:heatwave:reserve,0.006214298695363021,0.07426951902164652,0.0833254653449942,0.008708342302916174,8.385470872952074e-05,0.0006848549693265631,9.923640935126997e-05,da6c843c3b806fb1
adequate_budget,5,"{""initial_budget"": 220.0}",S3,rule,False,857005,0.5,0.375,4,3,376,0,1,0.3333333333333333,1.0,21.0,205.33967483758337,0.5763984106584296,4.797253110916226,6.262931383674784e-06,0.9999937370686163,94,316,94,24569.713797820375,24569.713797820375,8189.904599273458,1.5,0.534083307479974,0.28665193360677593,0.0002633095724850704,102.5,41.00000000000001,0.08260535874808114,2,13:heatwave:semiwild|39:wildfire:alternative|57:funding_collapse|60:funding_collapse,0.007546161200093016,0.07557682880733656,0.08484789032484771,0.006960227147378547,4.2129531597611264e-05,0.0006055306192006714,0.0001510749899542644,da6c843c3b806fb1
adequate_budget,6,"{""initial_budget"": 220.0}",S3,rule,False,857006,0.375,0.375,3,3,294,0,2,0.6666666666666666,1.0,13.0,120.03638595786995,0.49860338244976005,2.814962968166009,0.0021847226697940406,0.9978152773302059,2,128,2,24880.689084573252,24880.689084573252,8293.563028191084,1.5,0.5424984486504396,0.26490185710534914,0.00020979625704120025,32.5,13.000000000000002,0.06876191279322533,1,5:wildfire:origin|14:flood:alternative|15:wildfire:semiwild|24:funding_collapse|79:wildfire:origin|83:funding_collapse|89:flood:origin,0.0015898573456129732,0.0775818965687713,0.09828475345521612,0.014293573491066358,3.356740112659204e-05,0.0006634201719633605,8.085386924084458e-05,da6c843c3b806fb1
adequate_budget,7,"{""initial_budget"": 220.0}",S3,rule,False,857007,0.375,0.375,3,3,433,0,1,0.3333333333333333,1.0,31.0,169.9081027346855,0.5255338898355737,4.964124884732106,0.0005824749364117395,0.9994175250635883,5,149,5,24786.42840523976,24786.42840523976,8262.142801746586,1.5,0.542117551235199,0.2865031620494843,0.0004064082118457839,38.5,15.4,0.06950079039321644,2,23:flood:origin|36:wildfire:alternative|85:heatwave:semiwild,0.004283140030563872,0.0764566692243145,0.10246069622033993,0.010432724854867084,6.502531389532543e-05,0.0006700240630652735,8.504549037653438e-05,da6c843c3b806fb1
adequate_budget,8,"{""initial_budget"": 220.0}",S3,rule,False,857008,0.625,0.5,5,4,353,0,0,0.0,0.0,,188.41484302358276,0.56525768038447,3.314350136541154,0.0013966614585390934,0.9986033385414609,87,335,87,24733.41208780788,24733.41208780788,6183.35302195197,1.5,0.47512090630828535,0.3237480597549667,0.0002673412832014555,105.5,42.20000000000001,0.09046233879363322,3,3:funding_collapse|34:wildfire:alternative|43:flood:semiwild|82:wildfire:alternative,0.006689183847670034,0.07577853182393147,0.08766904562468106,0.008205982536307834,4.277460531223288e-05,0.000716741398986609,0.00016110598279376313,da6c843c3b806fb1
adequate_budget,9,"{""initial_budget"": 220.0}",S3,rule,False,857009,0.625,0.375,5,3,320,0,1,0.3333333333333333,1.0,12.0,134.56986636867134,0.487362344464906,2.9814740780946365,0.003458486141831382,0.9965415138581686,26,194,26,25113.043729230412,25113.043729230412,8371.014576410138,1.5,0.5301667598211838,0.26894441690811793,5.2219321148825065e-05,55.0,22.00000000000001,0.0868150007252658,2,5:heatwave:origin|15:heatwave:semiwild|18:wildfire:reserve|67:flood:origin,0.0020426456066997617,0.0760454427449166,0.1216297016694762,0.014522012225487848,8.35509138381201e-06,0.000709370919448551,0.00012432261879672185,da6c843c3b806fb1
adequate_budget,10,"{""initial_budget"": 220.0}",S3,rule,False,857010,0.5,0.375,4,3,393,0,1,0.3333333333333333,1.0,26.0,215.89415276449074,0.5731758389723417,4.547576912409971,0.000747183963076385,0.9992528160369236,105,314,105,24688.707243544843,24688.707243544843,8229.569081181615,1.5,0.5892872969097431,0.2875133366615476,8.086253369272238e-05,104.75,41.89999999999999,0.07179418923236791,2,4:funding_collapse|11:wildfire:semiwild|50:heatwave:semiwild|79:heatwave:alternative|91:funding_collapse|95:wildfire:semiwild,0.006771904635024071,0.07487417028452549,0.07995077374722091,0.008137406575807969,1.2938005390835578e-05,0.0007199063436681513,0.0001377820487321087,da6c843c3b806fb1
adequate_budget,11,"{""initial_budget"": 220.0}",S3,rule,False,857011,0.5,0.375,4,3,387,0,0,0.0,0.0,,207.14870898618182,0.5661547094245472,4.426300952604653,0.0005099887569846494,0.9994900112430154,88,291,88,24656.942339042165,24656.942339042165,8218.980779680722,1.5,0.5564359240715807,0.28403641175186267,0.00023283913435429718,94.75,37.90000000000002,0.07689904909329037,3,18:flood:alternative|32:flood:semiwild|45:funding_collapse,0.0067100881796096105,0.07539944683898621,0.0843164705458509,0.007846354789059477,3.725426149668755e-05,0.0006311493143873634,0.00013158336177637774,da6c843c3b806fb1
adequate_budget,12,"{""initial_budget"": 220.0}",S3,rule,False,857012,0.5,0.375,4,3,384,0,0,0.0,0.0,,213.08768058175767,0.5640967397238347,5.107169824263523,0.0003213716154031645,0.9996786283845969,72,313,72,24608.89947736419,24608.89947736419,8202.96649245473,1.5,0.49456100456065544,0.28535756622750275,5.53378440437192e-05,96.25,38.5,0.0803988376440095,3,31:flood:alternative|49:funding_collapse|55:funding_collapse|55:flood:alternative|80:heatwave:semiwild|97:wildfire:semiwild,0.006827418554418362,0.07545850156880679,0.08975037793379669,0.0076298781535535775,8.854055046995071e-06,0.0006713275421605515,0.000130599982271978,da6c843c3b806fb1
adequate_budget,13,"{""initial_budget"": 220.0}",S3,rule,False,857013,0.375,0.375,3,3,402,0,1,0.3333333333333333,1.0,19.0,203.34913231964697,0.565522190889688,4.267372912972825,0.03267337469928728,0.9673266253007127,50,255,50,24663.882854797503,24663.882854797503,8221.2942849325,1.5,0.6246514229944848,0.2886424102298545,0.00027932270907139576,76.25,30.500000000000007,0.07376769400338877,2,30:funding_collapse|41:wildfire:origin|91:wildfire:semiwild|98:wildfire:origin,0.006130311357972921,0.07552382594374667,0.08081400157872042,0.00803985819021803,4.469163345142331e-05,0.0006140010372340173,0.00010781705246360684,da6c843c3b806fb1
adequate_budget,14,"{""initial_budget"": 220.0}",S3,rule,False,857014,0.25,0.25,2,2,246,0,0,0.0,0.0,,104.1498030356965,0.5196647407254061,3.828282708520927,0.0007441779027325881,0.9992558220972674,0,123,0,25040.642913485022,25040.642913485022,12520.321456742511,1.5,0.49441993840725473,0.21072019281308846,0.0005639920270279135,30.75,12.299999999999997,0.052476859435768554,3,2:heatwave:origin|31:funding_collapse|36:flood:reserve|44:wildfire:reserve|57:flood:origin|66:wildfire:origin|99:flood:origin,0.0015883745422295885,0.07581200217511982,0.08247049273966364,0.014795357476207778,9.023872432446615e-05,0.0006814211032721915,9.983975599430433e-05,da6c843c3b806fb1
adequate_budget,15,"{""initial_budget"": 220.0}",S3,rule,False,857015,0.5,0.25,4,2,259,0,0,0.0,0.0,,165.37963207688767,0.6033649281932372,4.50659717865668,2.9961993218243873e-05,0.9999700380067817,55,269,55,24697.936571399157,24697.936571399157,12348.968285699579,1.5,0.6484406075144795,0.23710482008955186,0.00015504082475325333,81.0,32.400000000000006,0.0734739377576855,3,79:funding_collapse,0.0076493706674187764,0.07364935056141715,0.05776886146215714,0.010109268081385507,2.4806531960520534e-05,0.000984854752734962,0.00015568455042140364,da6c843c3b806fb1
adequate_budget,16,"{""initial_budget"": 220.0}",S3,rule,False,857016,0.375,0.375,3,3,384,0,1,0.3333333333333333,1.0,27.0,218.02187687814668,0.5590824140241379,4.7474088072594425,0.0005007606680773109,0.9994992393319226,84,337,84,24665.59274980831,24665.59274980831,8221.864249936103,1.5,0.35362158671169125,0.26566771630949376,0.00012756549280060284,105.25,42.100000000000016,0.07040734782865103,2,12:heatwave:alternative|36:flood:reserve|49:wildfire:origin|66:funding_collapse|70:heatwave:semiwild|74:heatwave:semiwild|88:flood:alternative,0.006235407192915422,0.07450314987784379,0.08944201725693139,0.0087021295592887,2.041047884809646e-05,0.000708394332302754,0.00013171380171227292,da6c843c3b806fb1
adequate_budget,17,"{""initial_budget"": 220.0}",S3,rule,False,857017,0.375,0.375,3,3,430,0,0,0.0,0.0,,164.96820968589427,0.48596892003532877,5.213785943791602,0.0008287301681748125,0.9991712698318251,1,192,1,25000.990717005552,25000.990717005552,8333.663572335185,1.5,0.6297999794354808,0.298310710975653,0.0005974048280629208,48.25,19.299999999999997,0.07221426797094439,3,11:flood:origin|32:wildfire:origin|41:heatwave:origin,0.002470912885076308,0.07664284769302628,0.12689476343141065,0.01144610737914826,9.558477249006731e-05,0.0005648140004127216,9.06461793742791e-05,da6c843c3b806fb1
adequate_budget,18,"{""initial_budget"": 220.0}",S3,rule,False,857018,0.375,0.375,3,3,443,0,1,0.3333333333333333,1.0,13.0,197.87125835369886,0.5774423515838603,4.445259782972445,0.0017673136837484393,0.9982326863162516,43,253,43,24657.567017293895,24657.56701729389,8219.189005764632,1.5,0.3377963680660802,0.26199291073888176,0.0005951571910221672,74.0,29.60000000000001,0.07505338051274646,2,30:funding_collapse|50:heatwave:alternative|57:flood:reserve|90:flood:reserve,0.007516018330485531,0.07421467601181296,0.0824162713139165,0.007672452440632614,9.522515056354675e-05,0.0007282728276433488,0.000125043316007699,da6c843c3b806fb1
adequate_budget,19,"{""initial_budget"": 220.0}",S3,rule,False,857019,0.5,0.375,4,3,471,0,0,0.0,0.0,,177.53599301785707,0.575743624016248,3.549410125284883,0.00034624385835798076,0.999653756141642,104,322,104,24696.818140552103,24696.818140552103,8232.272713517368,1.5,0.6484149852805291,0.2846311619848499,0.0002586847051632203,106.5,42.60000000000001,0.07772781101974063,3,65:funding_collapse|88:heatwave:semiwild,0.006816505764591129,0.07521634596575645,0.07629769687414802,0.008088337590620718,4.138955282611524e-05,0.000722265093112561,0.0001969099267366978,da6c843c3b806fb1
adequate_budget,20,"{""initial_budget"": 220.0}",S3,rule,False,857020,0.5,0.375,4,3,282,0,1,0.3333333333333333,1.0,19.0,136.90348815562547,0.4754937745379169,3.385183039698394,0.0,1.0,3,170,3,24879.913995743045,24879.91399574304,8293.304665247682,1.5,0.3739980249752118,0.2553393321946681,0.00022583823318761653,43.25,17.300000000000004,0.07668849650081462,2,6:flood:origin|9:funding_collapse|10:wildfire:reserve|15:wildfire:alternative|38:funding_collapse|48:funding_collapse|88:heatwave:semiwild|91:heatwave:reserve,0.0018424841495097198,0.07609564868751899,0.13179654134745616,0.014179409417223838,3.613411731001864e-05,0.0006825024434130568,8.3057400065335e-05,da6c843c3b806fb1
adequate_budget,21,"{""initial_budget"": 220.0}",S3,rule,False,857021,0.5,0.375,4,3,440,0,1,0.3333333333333333,1.0,16.0,208.24638792831396,0.5801848813508026,5.048124611427228,0.001926610588293588,0.9980733894117064,60,329,60,24736.67460697909,24736.67460697909,8245.558202326363,1.5,0.4545577252556541,0.2812243613202511,0.00030491348055948687,97.25,38.90000000000001,0.08268671340206692,2,63:wildfire:reserve|71:flood:origin|75:wildfire:origin|82:flood:reserve|95:wildfire:semiwild,0.007165447299044424,0.07563736247032887,0.07544889399692421,0.007405220748213257,4.87861568895179e-05,0.0006798317053789955,0.00013776904904588686,da6c843c3b806fb1
adequate_budget,22,"{""initial_budget"": 220.0}",S3,rule,False,857022,0.375,0.375,3,3,353,0,2,0.6666666666666666,1.0,19.0,187.28445918389042,0.559278138552727,3.6905216455171175,0.0008548073264360479,0.9991451926735639,7,152,7,24578.861312898018,24578.861312898018,8192.953770966005,1.5,0.25984236952075684,0.24616820641321635,0.00017892153126703326,39.75,15.9,0.07264376502984737,1,9:flood:alternative|31:heatwave:semiwild|36:flood:reserve|37:flood:origin|40:flood:reserve|67:heatwave:alternative|71:flood:reserve|97:wildfire:semiwild,0.0062885660312889695,0.07577944949850683,0.0860933558978435,0.00827384905774708,2.8627445002725318e-05,0.0006349790631396493,8.388397189560585e-05,da6c843c3b806fb1
adequate_budget,23,"{""initial_budget"": 220.0}",S3,rule,False,857023,0.5,0.375,4,3,449,0,0,0.0,0.0,,213.4191393328573,0.564732722006613,4.70557438321179,0.00020681947142441558,0.9997931805285756,28,242,28,24644.05377274271,24644.05377274271,8214.684590914238,1.5,0.3617418246268243,0.2676290929226652,0.00022064777327935226,67.5,27.000000000000004,0.07824583313932407,3,5:wildfire:semiwild|25:heatwave:semiwild|33:heatwave:reserve|52:flood:origin|59:heatwave:reserve|65:wildfire:reserve|77:flood:semiwild|89:funding_collapse,0.006916838527612986,0.07512612184731758,0.08902476131105734,0.007896675477482785,3.5303643724696354e-05,0.000740431431219874,9.964782396075945e-05,da6c843c3b806fb1
earlier_return,0,"{""s3_refuge_trigger"": 0.55, ""s3_return_delay"": 0, ""s3_return_threshold"": 0.58}",S3,rule,False,858000,0.5,0.375,4,3,286,0,2,0.6666666666666666,1.0,22.0,182.7325492237564,0.601634409359005,3.2907322610139764,0.029643344382621464,0.9703566556173785,127,327,127,11269.851632391339,11269.851632391339,3756.617210797113,1.5,0.5065372993838045,0.26717191463712103,0.0002096409565131921,113.5,45.39999999999999,0.07430431044300416,1,14:wildfire:semiwild|35:heatwave:alternative|69:flood:alternative,0.007835899707715636,0.0772607160620537,0.06110503889742484,0.00672291280563868,3.354255304211073e-05,0.0007555661994320326,0.0001815646535197719,3ea559e73ee3a30d
earlier_return,1,"{""s3_refuge_trigger"": 0.55, ""s3_return_delay"": 0, ""s3_return_threshold"": 0.58}",S3,rule,False,858001,0.375,0.25,3,2,290,0,1,0.3333333333333333,1.0,13.0,162.00884117732096,0.5608780270635638,4.136734582241436,0.005116745090504512,0.9948832549094955,30,189,30,11185.944429148196,11185.944429148196,5592.972214574098,1.5,0.3754404383500227,0.20316884255795215,0.0002820751807667082,54.75,21.90000000000001,0.058787264502677614,2,18:wildfire:reserve|22:wildfire:alternative|24:heatwave:origin|28:wildfire:semiwild|59:wildfire:origin|88:funding_collapse|91:wildfire:semiwild|93:wildfire:reserve|99:funding_collapse,0.00453175838619471,0.07590757943996328,0.07071279344622597,0.010473275737222478,4.513202892267331e-05,0.0007053829474688264,8.561387297511949e-05,3ea559e73ee3a30d
earlier_return,2,"{""s3_refuge_trigger"": 0.55, ""s3_return_delay"": 0, ""s3_return_threshold"": 0.58}",S3,rule,False,858002,0.5,0.375,4,3,449,0,1,0.3333333333333333,1.0,29.0,188.13838934721807,0.5846625873066714,4.480881641429778,0.00045364743391333354,0.9995463525660867,59,300,59,11199.297726518551,11199.297726518551,3733.09924217285,1.5,0.33570735619062025,0.26119121709336796,0.000425487005004481,89.75,35.89999999999999,0.0703083253000406,2,1:flood:semiwild|17:wildfire:reserve|43:heatwave:semiwild|51:funding_collapse|65:heatwave:reserve|69:flood:reserve|93:flood:alternative|97:heatwave:semiwild,0.0073088994099422735,0.07516021751349104,0.0718334508846536,0.007857056873443713,6.807792080071697e-05,0.000727831989843469,0.00015133888863266135,3ea559e73ee3a30d
earlier_return,3,"{""s3_refuge_trigger"": 0.55, ""s3_return_delay"": 0, ""s3_return_threshold"": 0.58}",S3,rule,False,858003,0.5,0.375,4,3,395,0,0,0.0,0.0,,181.86697130503453,0.5956242972625418,3.6883348027460348,0.0009122538341801881,0.9990877461658199,59,262,59,11183.65765385052,11183.65765385052,3727.88588461684,1.5,0.5167392051505474,0.2724896420354434,0.00010860484544695071,80.25,32.09999999999999,0.07591186746464151,3,20:heatwave:reserve|77:funding_collapse|83:flood:origin,0.00768336110502753,0.07428060425130613,0.06674532338026345,0.007537550865422721,1.7376775271512113e-05,0.0007766475750870939,0.00013927866087960842,3ea559e73ee3a30d
earlier_return,4,"{""s3_refuge_trigger"": 0.55, ""s3_return_delay"": 0, ""s3_return_threshold"": 0.58}",S3,rule,False,858004,0.375,0.25,3,2,201,0,2,0.6666666666666666,1.0,23.5,142.21650626345857,0.6268883988271786,3.131780250347705,0.1442658157114232,0.8557341842885768,106,208,106,11189.116460342782,11189.116460342782,5594.558230171391,1.5,0.6465648029346106,0.22129045596554564,0.00048824020758055905,78.5,31.4,0.06408086584303746,1,8:wildfire:semiwild|74:funding_collapse,0.007820663252908365,0.07296606403339757,0.03433901186617563,0.008851714029045577,7.811843321288946e-05,0.0006870799785750981,0.00021026974520074878,3ea559e73ee3a30d
earlier_return,5,"{""s3_refuge_trigger"": 0.55, ""s3_return_delay"": 0, ""s3_return_threshold"": 0.58}",S3,rule,False,858005,0.5,0.375,4,3,431,0,0,0.0,0.0,,203.03643584840117,0.5833948704834853,3.681142532823566,0.003859006646115288,0.9961409933538847,78,296,78,11237.54947615081,11237.549476150809,3745.8498253836037,1.5,0.33845981727500507,0.2545595647456603,0.00033594694065463963,93.5,37.399999999999984,0.07576078844962063,3,47:wildfire:alternative|67:heatwave:reserve|86:flood:reserve,0.007399017612824877,0.07506716487507908,0.0745788857938566,0.0072422127828955995,5.375151050474234e-05,0.0006527772974239402,0.00014563654630227538,3ea559e73ee3a30d
earlier_return,6,"{""s3_refuge_trigger"": 0.55, ""s3_return_delay"": 0, ""s3_return_threshold"": 0.58}",S3,rule,False,858006,0.5,0.375,4,3,340,0,1,0.3333333333333333,1.0,23.0,197.98320800361057,0.5927786107605116,4.59912764841469,0.0016366831468481629,0.9983633168531518,101,276,101,11166.42077369778,11166.42077369778,3722.14025789926,1.5,0.43681353820979324,0.2739515045406213,0.00037203653683640954,94.25,37.7,0.07764437117747504,2,10:flood:semiwild|17:flood:alternative|38:wildfire:reserve|84:funding_collapse|100:funding_collapse,0.0073869086605175514,0.07546786208672611,0.06424863817938997,0.007199773187660122,5.9525845893825536e-05,0.0006662423075780558,0.00015316532629628974,3ea559e73ee3a30d
earlier_return,7,"{""s3_refuge_trigger"": 0.55, ""s3_return_delay"": 0, ""s3_return_threshold"": 0.58}",S3,rule,False,858007,0.375,0.375,3,3,416,0,1,0.3333333333333333,1.0,28.0,188.09129792395655,0.5849640892694178,4.580614536771776,0.00021505618855238042,0.9997849438114477,84,282,84,11204.449567926637,11204.449567926637,3734.816522642212,1.5,0.5710280009268566,0.28575856150230716,0.00016480958792751215,91.5,36.59999999999998,0.07049808020951859,2,66:funding_collapse|74:flood:alternative,0.007610500545769926,0.07500138643428736,0.07497404812133264,0.007298678405136344,2.6369534068401944e-05,0.0006831326172528737,0.00016678595288442156,3ea559e73ee3a30d
earlier_return,8,"{""s3_refuge_trigger"": 0.55, ""s3_return_delay"": 0, ""s3_return_threshold"": 0.58}",S3,rule,False,858008,0.5,0.375,4,3,384,0,1,0.3333333333333333,1.0,18.0,206.19128143977218,0.5853263868987678,3.2064879562249984,0.002455774234773608,0.9975442257652264,101,316,101,11187.124545719986,11187.124545719986,3729.041515239995,1.5,0.5449867931708343,0.2700941975726926,0.0006005049177326793,104.25,41.699999999999996,0.07390319346679569,2,20:heatwave:semiwild|39:funding_collapse|54:flood:alternative|93:funding_collapse,0.007357352912010094,0.07684587033098772,0.06844934326987401,0.00832372065428803,9.608078683722869e-05,0.0008866508596780555,0.0001574150152746029,3ea559e73ee3a30d
earlier_return,9,"{""s3_refuge_trigger"": 0.55, ""s3_return_delay"": 0, ""s3_return_threshold"": 0.58}",S3,rule,False,858009,0.5,0.375,4,3,252,0,1,0.3333333333333333,1.0,23.0,154.473327662515,0.5758259767161358,3.721488138842798,0.0,1.0,55,239,55,11142.457971486907,11142.457971486907,3714.152657162302,1.5,0.3945595692242662,0.26061947090356097,0.00019347138148364076,73.5,29.400000000000002,0.07599316296353181,2,16:wildfire:alternative|34:funding_collapse|37:heatwave:origin|41:heatwave:reserve|47:funding_collapse|64:flood:semiwild|80:flood:semiwild|81:funding_collapse,0.005962344834270011,0.07691429072220789,0.07155850790403412,0.007425527378297631,3.0955421037382514e-05,0.0006503383380720157,0.00012468264168945758,3ea559e73ee3a30d
earlier_return,10,"{""s3_refuge_trigger"": 0.55, ""s3_return_delay"": 0, ""s3_return_threshold"": 0.58}",S3,rule,False,858010,0.5,0.25,4,2,223,0,0,0.0,0.0,,142.65192935474948,0.5546686630407686,4.454612112171366,0.0025055899233143585,0.9974944100766856,24,199,24,11269.82655559749,11269.82655559749,5634.913277798745,1.5,0.5617053200010539,0.2260332099570058,0.00013473766166356677,55.75,22.30000000000001,0.06408278417593372,3,19:wildfire:origin|40:heatwave:semiwild|59:heatwave:alternative|60:funding_collapse,0.004152257518995261,0.07547048685599585,0.07224243237759446,0.011718919340549291,2.1558025866170682e-05,0.0006996143109431246,0.00011867859872165518,3ea559e73ee3a30d
earlier_return,11,"{""s3_refuge_trigger"": 0.55, ""s3_return_delay"": 0, ""s3_return_threshold"": 0.58}",S3,rule,False,858011,0.5,0.5,4,4,392,0,1,0.3333333333333333,1.0,19.0,156.72987306107984,0.488033607337767,3.7734759155504563,0.07761708478607249,0.9223829152139276,11,174,11,11324.544011533204,11324.544011533204,2831.136002883301,1.5,0.575022513685747,0.3375179435643114,0.0004035229008457261,46.25,18.500000000000018,0.08640466520116058,2,11:flood:origin|27:funding_collapse|48:heatwave:semiwild|96:flood:alternative,0.0030889884851265847,0.0783496604928964,0.12946661493047945,0.011128423083321572,6.456366413531617e-05,0.0006321731901101,9.188249386471225e-05,3ea559e73ee3a30d
earlier_return,12,"{""s3_refuge_trigger"": 0.55, ""s3_return_delay"": 0, ""s3_return_threshold"": 0.58}",S3,rule,False,858012,0.5,0.375,4,3,352,0,1,0.3333333333333333,1.0,27.0,174.05325447021136,0.597272810864082,3.556843039424906,0.10715020458883885,0.8928497954111612,95,231,95,11200.463622876992,11200.463622876992,3733.4878742923306,1.5,0.46040399541545524,0.2667075029020513,0.0003407383962557789,81.5,32.6,0.08174336483128351,2,10:heatwave:alternative|66:heatwave:alternative|67:heatwave:origin|100:funding_collapse,0.0075213741651418385,0.07440978213426622,0.06288476179450363,0.00804118775918792,5.451814340092464e-05,0.0006737272260116102,0.00016696401086043706,3ea559e73ee3a30d
earlier_return,13,"{""s3_refuge_trigger"": 0.55, ""s3_return_delay"": 0, ""s3_return_threshold"": 0.58}",S3,rule,False,858013,0.5,0.375,4,3,459,0,1,0.3333333333333333,1.0,26.0,196.92849503002097,0.5741448286858486,4.012043118174158,0.00012174161319179083,0.9998782583868082,117,289,117,11187.0935664226,11187.0935664226,3729.0311888075335,1.5,0.39722400001154234,0.2642980254901288,0.00020072998886330086,101.5,40.59999999999999,0.07852597153616517,2,26:funding_collapse|31:heatwave:alternative|40:funding_collapse|52:funding_collapse|74:wildfire:reserve|85:wildfire:reserve,0.006622221598628603,0.07650442183274787,0.07730596934716352,0.00690626137218215,3.211679821812813e-05,0.0005676433007002727,0.00015466355246636398,3ea559e73ee3a30d
earlier_return,14,"{""s3_refuge_trigger"": 0.55, ""s3_return_delay"": 0, ""s3_return_threshold"": 0.58}",S3,rule,False,858014,0.625,0.375,5,3,316,0,0,0.0,0.0,,176.5086221958728,0.583434681654969,3.5958048444686366,0.0005540467672697173,0.9994459532327303,42,200,42,11172.748782225392,11172.748782225393,3724.2495940751305,1.5,0.5054325413280908,0.27086225210429066,0.0004199490258897959,60.5,24.199999999999992,0.07805474763397602,3,8:funding_collapse|21:funding_collapse|27:flood:reserve|44:flood:origin|59:wildfire:semiwild|63:wildfire:semiwild,0.006719909600874139,0.07632253371469551,0.06855619415651446,0.007546603656026876,6.719184414236736e-05,0.00069161482695552,0.00010670492463918123,3ea559e73ee3a30d
earlier_return,15,"{""s3_refuge_trigger"": 0.55, ""s3_return_delay"": 0, ""s3_return_threshold"": 0.58}",S3,rule,False,858015,0.375,0.375,3,3,348,0,1,0.3333333333333333,1.0,24.0,187.297448646344,0.5721770810030058,4.0112290702547355,0.00040179188902199277,0.999598208110978,91,302,91,11181.847796836835,11181.847796836835,3727.282598945612,1.5,0.5839009191387459,0.2824538699919702,0.0003145259646402554,98.25,39.29999999999998,0.0760074368777413,2,26:flood:alternative|31:funding_collapse|72:funding_collapse,0.006591355508994486,0.07487942300196569,0.07976111448856005,0.007653875979462889,5.032415434244086e-05,0.0006682320017099863,0.00015748530873542187,3ea559e73ee3a30d
earlier_return,16,"{""s3_refuge_trigger"": 0.55, ""s3_return_delay"": 0, ""s3_return_threshold"": 0.58}",S3,rule,False,858016,0.5,0.375,4,3,459,0,0,0.0,0.0,,208.5419968904167,0.5826948699565857,4.226284585048059,0.0004468855220693413,0.9995531144779306,62,301,62,11230.010099095616,11230.010099095616,3743.3366996985387,1.5,0.5819947454473405,0.28485004035437306,0.0002813737530320981,90.75,36.300000000000004,0.07818859979579205,3,35:heatwave:semiwild|46:flood:reserve,0.0075231379295778176,0.07589110289475721,0.07554695574143509,0.007070292574365763,4.50198004851357e-05,0.000687371218985321,0.00013430814262116922,3ea559e73ee3a30d
earlier_return,17,"{""s3_refuge_trigger"": 0.55, ""s3_return_delay"": 0, ""s3_return_threshold"": 0.58}",S3,rule,False,858017,0.375,0.375,3,3,372,0,0,0.0,0.0,,192.04538867380035,0.5835924541299303,4.108236037579307,0.019101894596056084,0.980898105403944,73,293,73,11155.42814573475,11155.42814573475,3718.47604857825,1.5,0.44663243444358985,0.2690072328884998,0.00043218943822591024,91.5,36.59999999999999,0.0725581453417386,3,14:wildfire:reserve|16:flood:semiwild|39:funding_collapse|63:funding_collapse|64:funding_collapse|66:flood:origin|86:wildfire:origin|92:flood:reserve,0.006933589477056584,0.07485709135808757,0.07009716376094062,0.007662096296865769,6.915031011614564e-05,0.0006123031272424306,0.00014871293256822897,3ea559e73ee3a30d
earlier_return,18,"{""s3_refuge_trigger"": 0.55, ""s3_return_delay"": 0, ""s3_return_threshold"": 0.58}",S3,rule,False,858018,0.5,0.375,4,3,222,0,1,0.3333333333333333,1.0,22.0,152.91801500659577,0.5961312788464228,2.866227993717532,0.08629739874908315,0.9137026012509168,79,194,79,11224.49108526536,11224.491085265357,3741.4970284217866,1.5,0.625109567131584,0.2744255446533515,0.0002584550050743651,68.25,27.29999999999999,0.07251154001508865,2,2:funding_collapse|42:wildfire:semiwild|51:flood:origin,0.007429766404973796,0.07446040221763554,0.06541264908375,0.007603210096394622,4.135280081189842e-05,0.0007710985167054579,0.00012722151884909995,3ea559e73ee3a30d
earlier_return,19,"{""s3_refuge_trigger"": 0.55, ""s3_return_delay"": 0, ""s3_return_threshold"": 0.58}",S3,rule,False,858019,0.375,0.25,3,2,346,0,1,0.3333333333333333,1.0,28.0,174.83672737341928,0.6033021030951512,4.552633597585787,0.0033163931246150283,0.9966836068753849,97,308,97,11190.33279762436,11190.33279762436,5595.16639881218,1.5,0.5653405697841103,0.22889858186438716,0.00028452572319757826,101.25,40.49999999999999,0.07169094455059136,2,21:funding_collapse|36:wildfire:reserve|71:funding_collapse|75:heatwave:origin,0.007817432491267455,0.0744912964535439,0.058645503576004156,0.007787544873762358,4.552411571161253e-05,0.0006567255220876714,0.00018395754400600994,3ea559e73ee3a30d
earlier_return,20,"{""s3_refuge_trigger"": 0.55, ""s3_return_delay"": 0, ""s3_return_threshold"": 0.58}",S3,rule,False,858020,0.375,0.375,3,3,408,0,1,0.3333333333333333,1.0,25.0,194.8896762264419,0.5960065651522288,3.558962143857393,0.07349398287083464,0.9265060171291654,98,331,98,11217.461258129366,11217.461258129366,3739.1537527097885,1.5,0.5655720529491443,0.27639066508390986,0.00010252778085277071,107.25,42.899999999999984,0.07746919175210734,2,14:flood:semiwild|71:heatwave:alternative|77:funding_collapse,0.007454123514616257,0.07498154917452252,0.06388415626769384,0.007348710724426563,1.6404444936443315e-05,0.0006165607694144798,0.00017864672489205353,3ea559e73ee3a30d
earlier_return,21,"{""s3_refuge_trigger"": 0.55, ""s3_return_delay"": 0, ""s3_return_threshold"": 0.58}",S3,rule,False,858021,0.5,0.375,4,3,468,0,1,0.3333333333333333,1.0,17.0,195.08429640194257,0.568761717057966,4.040614316741398,0.0005999609768178888,0.9994000390231821,117,315,117,11271.360235452255,11271.360235452255,3757.1200784840853,1.5,0.626684370577864,0.2883984631071824,0.0003344865405988842,108.0,43.19999999999999,0.08286941440991025,2,72:wildfire:origin,0.006900005365166724,0.07684628529294538,0.08319083059160348,0.007088442039107167,5.3517846495821466e-05,0.0006229658139565381,0.00016539474016009844,3ea559e73ee3a30d
earlier_return,22,"{""s3_refuge_trigger"": 0.55, ""s3_return_delay"": 0, ""s3_return_threshold"": 0.58}",S3,rule,False,858022,0.375,0.375,3,3,350,0,1,0.3333333333333333,1.0,15.0,191.6972790897943,0.5946922551127484,3.6407807198575846,0.0051985475781952594,0.9948014524218047,73,281,73,11145.615670828696,11145.615670828694,3715.2052236095656,1.5,0.3315478205489309,0.2539706937352636,0.0002542339998005958,88.5,35.399999999999984,0.07829052240897333,2,6:funding_collapse|28:funding_collapse|48:wildfire:alternative|64:flood:reserve|69:flood:alternative|70:funding_collapse,0.007691152070635227,0.07541853513942179,0.06639838667076417,0.007082081807240184,4.067743996809532e-05,0.0006555128552670734,0.00015751907471702736,3ea559e73ee3a30d
earlier_return,23,"{""s3_refuge_trigger"": 0.55, ""s3_return_delay"": 0, ""s3_return_threshold"": 0.58}",S3,rule,False,858023,0.25,0.25,2,2,288,0,3,1.0,1.0,22.333333333333332,129.59475442138938,0.5336743117685606,3.801257149777474,3.870721800504888e-05,0.999961292781995,6,95,6,11287.038529697673,11287.038529697671,5643.519264848836,1.5,0.24496754342774554,0.1846968027406557,0.00029886162912154797,25.25,10.1,0.04843738450053196,0,10:wildfire:origin|19:wildfire:alternative|20:wildfire:reserve|69:heatwave:alternative|73:heatwave:reserve|77:wildfire:origin|84:funding_collapse,0.003123039637303216,0.07683099099984524,0.08295983094946335,0.012346346546883744,4.7817860659447674e-05,0.0006374837605446376,7.036206247032485e-05,3ea559e73ee3a30d
