policy,engine,oracle,seed,survival_50,survival_100,species_retained_50,species_retained_100,total_abundance,wild_abundance,n_ebd,fraction_ebd,p_ebd,mean_time_to_ebd,lifetime_welfare,mean_individual_welfare,founder_effective,mean_inbreeding,heterozygosity_proxy,successful_reintroductions,refuge_moves,origin_returns,cost,available_budget,cost_per_species_retained,engagement,habitat_integrity,future_option_value,disease_prevalence,quarantine_cost,relocation_burden,biobank_coverage,discovered_latent,events,welfare_burden_predation,welfare_burden_food_insecurity,welfare_burden_crowding,welfare_burden_restriction,welfare_burden_infection,welfare_burden_habituation,welfare_burden_relocation,config_hash,design_id
S4,state_dependent_rule,False,800000,0.625,0.5,5,4,678,678,3,1.0,1.0,37.666666666666664,221.66978888337,0.49955138969499274,3.8488855045654353,0.005684149634203509,0.9943158503657965,192,0,0,9608.994324402485,9608.994324402487,2402.2485811006213,0.5079597719788693,0.6012942154647215,0.34680559940642264,0.0007594593114952195,100.5,71.60831586873105,0.11593661407148077,0,20:funding_collapse|48:funding_collapse|60:funding_collapse|87:flood:alternative,0.01362870961013809,0.06102224536213014,0.13428062231067028,0.02216898938042416,0.00012151348983923508,0.0010424960749092337,0.000210794685737861,d4b329ae861a303d,0
S6,rule,False,800000,0.875,0.875,7,7,976,976,1,0.3333333333333333,1.0,33.0,771.8173245026088,0.78544996753558,5.451313250106598,0.0,1.0,0,0,0,10777.503697100386,10777.50369710039,1539.6433853000551,1.5,0.9484463449051823,0.5516831117921982,0.00016789873693756407,0.0,0.0,0.04287672400306964,1,20:funding_collapse|48:funding_collapse|60:funding_collapse|87:flood:alternative,0.01600000000000001,0.027543280362592966,0.0,0.0,2.686379791001025e-05,0.0009798883039170724,0.0,d4b329ae861a303d,0
S7,forward_rollout_proxy,False,800000,0.625,0.625,5,5,1200,1200,2,0.6666666666666666,1.0,30.0,367.0972185685399,0.5787368366223976,3.963656960758738,0.0005347101420679196,0.999465289857932,22,0,0,10237.764765440472,10237.764765440472,2047.5529530880945,1.0477607332567338,0.6699999999999999,0.41760479956971164,0.00045159218684940363,46.5,33.132205849711426,0.14859114981062127,1,20:funding_collapse|48:funding_collapse|60:funding_collapse|87:flood:alternative,0.014683012524937289,0.04692470242327206,0.11283795958304502,0.009673556175599153,7.225474989590456e-05,0.0008441968672435532,7.17289394171211e-05,d4b329ae861a303d,0
S4,state_dependent_rule,False,800001,0.375,0.375,3,3,794,584,2,0.6666666666666666,1.0,22.0,253.65952490923263,0.6406408439987332,3.3040138780900747,0.005692338589625509,0.9943076614103745,314,0,0,9517.089185617348,9517.089185617348,3172.363061872449,0.37627167403961165,0.37503950672923375,0.25864548601486276,0.0021397440993394527,138.25,98.50596685424958,0.09675698280519297,1,4:heatwave:reserve|13:heatwave:semiwild|27:wildfire:reserve|85:flood:reserve,0.01198605469863418,0.06342260501317082,0.01648176283944776,0.0034195282235325608,0.0003423590558943124,0.0006641755144324218,0.00046050894657509824,d4b329ae861a303d,0
S6,rule,False,800001,1.0,0.875,8,7,1041,1041,0,0.0,0.0,,813.178800812135,0.7849997461977022,5.493522045391897,0.0,1.0,0,0,0,10831.446104817662,10831.446104817662,1547.3494435453802,1.5,0.9482235257476485,0.5532971279313448,0.00013095876104492175,0.0,0.0,0.048947774513305106,2,4:heatwave:reserve|13:heatwave:semiwild|27:wildfire:reserve|85:flood:reserve,0.01600000000000001,0.02796863355317666,0.0,0.0,2.095340176718748e-05,0.0010106668473535887,0.0,d4b329ae861a303d,0
S7,forward_rollout_proxy,False,800001,0.5,0.5,4,4,828,828,2,0.6666666666666666,1.0,24.5,391.8291880086823,0.7464419367923846,4.0327509843042435,0.02238156372395809,0.977618436276042,38,0,0,10474.157747441519,10474.157747441519,2618.5394368603797,1.3628927377186042,0.6032356026241417,0.3542910317303086,0.0004657531019591116,57.0,40.61367168674302,0.1431998081242603,1,4:heatwave:reserve|13:heatwave:semiwild|27:wildfire:reserve|85:flood:reserve,0.01681424504270029,0.04573053796736359,0.0011399592948382212,0.000466444630557272,7.452049631345787e-05,0.0009945545446457926,0.00011916687423938374,d4b329ae861a303d,0
S4,state_dependent_rule,False,800002,0.625,0.5,5,4,833,765,3,1.0,1.0,32.666666666666664,241.7118403966141,0.5031082888030837,3.6342066518340834,0.0003893927943334546,0.9996106072056665,266,0,0,9433.42454650123,9433.42454650123,2358.3561366253075,0.2365464544534724,0.6046956888190821,0.3453051702470036,0.001057130060537533,123.75,88.17441879358681,0.11746767423377248,0,,0.0126312129265503,0.05935363907845041,0.12523441690642667,0.018482447460058237,0.0001691408096860053,0.000986349581367992,0.00024741960416992424,d4b329ae861a303d,0
S6,rule,False,800002,0.75,0.75,6,6,999,999,2,0.6666666666666666,1.0,39.0,760.2541628618277,0.7858740890928193,5.602152496420043,0.0,1.0,0,0,0,10867.415197481901,10867.415197481901,1811.2358662469835,1.5,0.9484475727503172,0.4962908779733168,0.0003204569710543951,0.0,0.0,0.03962297867042315,0,,0.01600000000000001,0.027049579306988793,0.0,0.0,5.1273115368703226e-05,0.001025058484823255,0.0,d4b329ae861a303d,0
S7,forward_rollout_proxy,False,800002,0.875,0.625,7,5,1194,1194,3,1.0,1.0,47.0,411.28936516894936,0.5555322492088071,4.644311275763831,0.0002256276414041158,0.9997743723585959,14,0,0,10262.059620959992,10262.059620959992,2052.4119241919984,1.0400862047033312,0.6699999999999999,0.42639149569397683,0.0005301462330263797,52.75,37.58545932413498,0.1584919146816926,0,,0.014674014345614972,0.04093817078952793,0.13179139578451832,0.014165695913808111,8.482339728422072e-05,0.0010187241670131602,7.215121846686456e-05,d4b329ae861a303d,0
S4,state_dependent_rule,False,800003,0.5,0.375,4,3,868,683,2,0.6666666666666666,1.0,22.5,246.7664671138262,0.528449501268597,3.447683054693717,0.0006750820083340974,0.9993249179916659,208,0,0,9499.381074267569,9499.381074267569,3166.4603580891894,0.29628079179450123,0.5341348552992035,0.2762132773492494,0.0006050020213182672,110.25,78.55539128883186,0.0978648063619591,1,9:funding_collapse|25:funding_collapse|66:flood:alternative|91:heatwave:reserve,0.012843890322848588,0.06175810197921004,0.10061332793131011,0.022589730969616705,9.680032341092273e-05,0.0012086263821933386,0.00023020112220155695,d4b329ae861a303d,0
S6,rule,False,800003,0.75,0.75,6,6,892,892,2,0.6666666666666666,1.0,39.0,749.9654746030031,0.7858973613384417,6.223627231241448,0.0,1.0,0,0,0,10810.191968727613,10810.191968727613,1801.6986614546022,1.5,0.9484179194782155,0.503927937460511,0.00012626802342809228,0.0,0.0,0.04674936600137447,1,9:funding_collapse|25:funding_collapse|66:flood:alternative|91:heatwave:reserve,0.01600000000000001,0.027055577776495768,0.0,0.0,2.0202883748494765e-05,0.001026858001314153,0.0,d4b329ae861a303d,0
S7,forward_rollout_proxy,False,800003,0.625,0.5,5,4,1186,1186,2,0.6666666666666666,1.0,23.5,389.7282768187343,0.6082703543247397,3.995896824906816,0.003443013423814965,0.9965569865761851,17,0,0,10296.1711752814,10296.1711752814,2574.04279382035,1.090761743036872,0.6209461045771009,0.3556748318051714,0.00027208010026271535,41.0,29.21334279221868,0.1431062654919658,1,9:funding_collapse|25:funding_collapse|66:flood:alternative|91:heatwave:reserve,0.014919010424024208,0.045124579880523784,0.08973547546130707,0.010484835947635475,4.3532816042034445e-05,0.0009023756400199642,7.169083694345806e-05,d4b329ae861a303d,0
S4,state_dependent_rule,False,800100,0.375,0.375,3,3,623,466,2,0.6666666666666666,1.0,25.5,241.79325972976886,0.6338283379377024,2.6256665282374576,0.10945136235098564,0.8905486376490144,388,0,0,18455.504885436498,18455.504885436498,6151.834961812166,1.5,0.3636843161713015,0.2515722900314904,0.002455408505147659,191.5,106.603785595616,0.10098596565992841,1,4:flood:semiwild|27:flood:reserve|35:wildfire:origin|44:funding_collapse|76:wildfire:reserve|91:wildfire:alternative,0.01191826080291173,0.05691983737108837,0.018789102350717842,0.007078813356605654,0.0003928653608236253,0.00109991265553354,0.0005506856487282732,34dc5b49fa8cc29b,1
S6,rule,False,800100,0.875,0.0,7,0,0,0,1,0.3333333333333333,1.0,45.0,416.8748825536224,0.7301926607972726,0.0,,,0,0,0,18456.934873946906,18456.934873946906,18456.934873946906,1.5,0.7208087510748552,0.08006018340054372,0.0002739495866734043,0.0,0.0,0.039896541465291,2,4:flood:semiwild|27:flood:reserve|35:wildfire:origin|44:funding_collapse|76:wildfire:reserve|91:wildfire:alternative,0.015680000000000013,0.06654011043673656,0.0,0.0,4.383193386774468e-05,0.0009433968321228962,0.0,34dc5b49fa8cc29b,1
S7,forward_rollout_proxy,False,800100,0.5,0.375,4,3,1022,1022,2,0.6666666666666666,1.0,29.0,378.0783240805054,0.6533311535141965,4.360536256965312,0.002308016775849976,0.99769198322415,202,0,0,18401.39308502546,18401.39308502546,6133.797695008486,1.5,0.6339174506443791,0.29872651958325197,0.0013662741586145779,83.75,46.621760018970406,0.1148970597458047,1,4:flood:semiwild|27:flood:reserve|35:wildfire:origin|44:funding_collapse|76:wildfire:reserve|91:wildfire:alternative,0.015515726498709626,0.04952836225975219,0.04470131907278753,0.009265010867285666,0.00021860386537833246,0.0010671187378356924,0.00014957330975885787,34dc5b49fa8cc29b,1
S4,state_dependent_rule,False,800101,0.375,0.375,3,3,712,553,2,0.6666666666666666,1.0,34.0,257.1028035770781,0.5425397762256214,4.684840862551202,0.00498171458460796,0.9950182854153921,615,0,0,18446.30125504964,18446.30125504964,6148.767085016546,1.5,0.47014332909129597,0.2809123935021029,0.0021749008100344722,267.75,149.050462627813,0.0914982598373063,1,8:heatwave:alternative|14:funding_collapse|57:heatwave:origin|71:wildfire:reserve,0.010807908227958978,0.06225540281293748,0.07037203276593394,0.015051659444416325,0.00034798412960551547,0.0010007516476331266,0.0003998493019983256,34dc5b49fa8cc29b,1
S6,rule,False,800101,1.0,0.25,8,2,5,5,0,0.0,0.0,,546.340300362327,0.7543717084119193,1.3,0.040999999999999995,0.959,0,0,0,18447.938603114613,18447.938603114613,9223.969301557307,1.5,0.7317094423251177,0.208203282028938,0.00018304166723945948,0.0,0.0,0.04766168898213119,3,8:heatwave:alternative|14:funding_collapse|57:heatwave:origin|71:wildfire:reserve,0.01600000000000001,0.05873234827782074,0.0,0.0,2.9286666758313516e-05,0.0008666566435017023,0.0,34dc5b49fa8cc29b,1
S7,forward_rollout_proxy,False,800101,0.625,0.5,5,4,690,690,2,0.6666666666666666,1.0,45.0,214.48102156356447,0.4680440890961656,3.9002203650274856,0.01317414477131183,0.9868258552286882,77,0,0,18417.56323347349,18417.56323347349,4604.390808368373,1.5,0.6422841893669906,0.35503751437014375,0.0005237179549896727,64.25,35.76654425335939,0.13403445891584903,1,8:heatwave:alternative|14:funding_collapse|57:heatwave:origin|71:wildfire:reserve,0.013374322070284944,0.04522141877030461,0.17948518796049787,0.024290398384299486,8.379487279834761e-05,0.0012336166044213108,0.00010342937224812396,34dc5b49fa8cc29b,1
S4,state_dependent_rule,False,800102,0.125,0.125,1,1,315,199,3,1.0,1.0,33.0,138.10876692619678,0.5793962010255949,4.505107832009081,0.0,1.0,409,0,0,18409.30987954984,18409.30987954984,18409.30987954984,1.5,0.5021989926393421,0.16186120496059164,0.0017885321416215342,197.25,109.80468255214238,0.05170113688283315,0,2:flood:reserve|52:wildfire:alternative|60:flood:semiwild|72:heatwave:semiwild|76:funding_collapse,0.008640569431658062,0.06528088697420675,0.02338812660150302,0.009533868701498183,0.00028616514265944546,0.0008007225932927943,0.000734376640090241,34dc5b49fa8cc29b,1
S6,rule,False,800102,1.0,0.875,8,7,141,141,0,0.0,0.0,,697.1203926874284,0.7697181382172329,3.904821161493204,7.60256563715894e-05,0.9999239743436285,0,0,0,18442.063491846344,18442.063491846344,2634.580498835192,1.5,0.7961086519127606,0.5214081770989493,0.0,0.0,0.0,0.04499550146370581,2,2:flood:reserve|52:wildfire:alternative|60:flood:semiwild|72:heatwave:semiwild|76:funding_collapse,0.01600000000000001,0.04334773879263223,0.0,0.0,0.0,0.0009341229901351137,0.0,34dc5b49fa8cc29b,1
S7,forward_rollout_proxy,False,800102,0.5,0.375,4,3,1073,1073,3,1.0,1.0,35.333333333333336,409.61714661074535,0.6224507970843381,5.452109796342363,0.0007033952577190642,0.9992966047422809,31,0,0,18319.077795594243,18319.077795594243,6106.359265198081,1.5,0.6699999999999999,0.3128743995737695,0.00014210398539539254,57.0,31.730630699478382,0.11301650805172922,0,2:flood:reserve|52:wildfire:alternative|60:flood:semiwild|72:heatwave:semiwild|76:funding_collapse,0.01534190912275154,0.0443369410221539,0.07996595223576729,0.012267099340632425,2.2736637663262806e-05,0.0011688314703063142,0.0001230756970325194,34dc5b49fa8cc29b,1
S4,state_dependent_rule,False,800103,0.375,0.25,3,2,482,392,3,1.0,1.0,18.666666666666668,162.95193163141374,0.5578543476639234,4.412989805056819,0.0018236371755654807,0.9981763628244346,399,0,0,18488.964265681312,18488.964265681312,9244.482132840656,1.5,0.5119666642093095,0.22454170899193665,0.0028674358027807345,238.25,132.62846954650402,0.08357572260218742,0,10:heatwave:origin|27:wildfire:reserve|43:wildfire:alternative|97:funding_collapse,0.009367086833803388,0.06434476480914991,0.04267194451048337,0.011792030659839157,0.0004587897284449177,0.0008367421697436252,0.0006903530075359493,34dc5b49fa8cc29b,1
S6,rule,False,800103,0.75,0.75,6,6,140,140,2,0.6666666666666666,1.0,23.0,562.9804537383685,0.7641529852490639,3.4420330563879546,0.005466666666666666,0.9945333333333334,0,0,0,18440.02047144354,18440.020471443542,3073.3367452405896,1.5,0.7961086519127606,0.45945579148924026,0.00036940809228114784,0.0,0.0,0.03962297867042315,0,10:heatwave:origin|27:wildfire:reserve|43:wildfire:alternative|97:funding_collapse,0.01600000000000001,0.048810269071027174,0.0,0.0,5.9105294764983646e-05,0.0009776403851434788,0.0,34dc5b49fa8cc29b,1
S7,forward_rollout_proxy,False,800103,0.5,0.5,4,4,1080,1080,3,1.0,1.0,23.666666666666668,270.3235925587084,0.4555905266426716,4.7518252227257225,0.00019189929885053602,0.9998081007011494,122,0,0,18446.42774490717,18446.42774490717,4611.606936226793,1.5,0.6699999999999999,0.3670282993047769,0.0012442078003848,76.75,42.72501589798183,0.13755023538759809,0,10:heatwave:origin|27:wildfire:reserve|43:wildfire:alternative|97:funding_collapse,0.013594851645750717,0.04338723613842597,0.19225098716038114,0.02471867350407082,0.00019907324806156808,0.0011487341074952052,0.00015090036241718812,34dc5b49fa8cc29b,1
S4,state_dependent_rule,False,800200,0.875,0.75,7,6,1112,1112,1,0.3333333333333333,1.0,26.0,558.9839957057634,0.6784480813946395,3.8030826735355245,0.0017067148910294026,0.9982932851089706,136,0,0,19702.316856455967,19702.316856455967,3283.7194760759944,1.5,0.8323563551606074,0.49190814642224395,0.0003200767730976087,129.25,240.22368520666333,0.16570842085413978,2,35:wildfire:origin|46:wildfire:reserve|85:funding_collapse|95:wildfire:alternative,0.014425447941899299,0.04594833049177158,0.06733211773892882,0.01145141368918369,5.121228369561739e-05,0.0011334587707235995,0.00039737653247116965,499bbfae210cd036,2
S6,rule,False,800200,1.0,0.875,8,7,1176,1176,1,0.3333333333333333,1.0,53.0,796.8969716537149,0.7839899523391091,5.894956056455657,0.0,1.0,0,0,0,19689.01642900903,19689.016429009032,2812.7166327155755,1.5,0.8962129829306535,0.5526994477626987,0.0,0.0,0.0,0.051892944525384385,2,35:wildfire:origin|46:wildfire:reserve|85:funding_collapse|95:wildfire:alternative,0.01600000000000001,0.02903550501912135,0.0,0.0,0.0,0.0009745426417696206,0.0,499bbfae210cd036,2
S7,forward_rollout_proxy,False,800200,0.875,0.875,7,7,1200,1200,1,0.3333333333333333,1.0,39.0,725.136095008079,0.7518091320538816,4.9777417949122835,0.030453134904941764,0.9695468650950583,45,0,0,19668.295638414693,19668.295638414696,2809.7565197735275,1.5,0.8789652551333846,0.5729382990827688,0.0,42.0,78.0610814598055,0.20757177810153754,2,35:wildfire:origin|46:wildfire:reserve|85:funding_collapse|95:wildfire:alternative,0.015343346726626685,0.03548652002016342,0.0222347096031397,0.0015923307747624281,0.0,0.0008748599169078004,0.00010390049036140386,499bbfae210cd036,2
S4,state_dependent_rule,False,800201,0.75,0.625,6,5,1191,1191,2,0.6666666666666666,1.0,36.5,511.4162329754971,0.6435642309094574,4.506225298294055,0.0021997439227950193,0.997800256077205,46,0,0,19671.075171807246,19671.075171807246,3934.2150343614494,1.5,0.9017993995685029,0.4466194234177789,0.0003434477589187483,114.75,213.27402613125417,0.1506361523899401,1,8:wildfire:semiwild|21:funding_collapse|27:heatwave:semiwild|47:wildfire:origin|64:heatwave:alternative,0.014684725010584572,0.04181063348178481,0.11144546786450907,0.010586720877309545,5.4951641426999754e-05,0.00105629117699306,0.0003168235194759452,499bbfae210cd036,2
S6,rule,False,800201,1.0,0.875,8,7,1148,1148,1,0.3333333333333333,1.0,92.0,737.5896706095326,0.7803087100292576,4.6862707494007125,0.000767594879081341,0.9992324051209187,0,0,0,19693.971914226877,19693.97191422688,2813.4245591752683,1.5,0.98,0.5488110735595899,7.139368283946597e-05,0.0,0.0,0.050991830327913996,2,8:wildfire:semiwild|21:funding_collapse|27:heatwave:semiwild|47:wildfire:origin|64:heatwave:alternative,0.01600000000000001,0.032687113805321785,0.0,0.0,1.1422989254314555e-05,0.0009927531761662772,0.0,499bbfae210cd036,2
S7,forward_rollout_proxy,False,800201,0.875,0.625,7,5,1200,1200,2,0.6666666666666666,1.0,49.5,634.2922469696463,0.7469241230923633,5.007062561253969,0.001954324790603634,0.9980456752093964,33,0,0,19663.38010853168,19663.38010853168,3932.676021706336,1.5,0.9748879543325449,0.4639570163543076,0.00011738656772042105,53.25,98.97029970796768,0.17573797654256684,1,8:wildfire:semiwild|21:funding_collapse|27:heatwave:semiwild|47:wildfire:origin|64:heatwave:alternative,0.015522107646878436,0.041457244676003285,0.0198634842423897,0.0014467929080491508,1.878185083526737e-05,0.0008868152754624704,0.00017481656761864897,499bbfae210cd036,2
S4,state_dependent_rule,False,800202,0.875,0.625,7,5,1200,1200,0,0.0,0.0,,755.0205475618109,0.7208062655190582,5.844373225515975,2.4461732006451085e-05,0.9999755382679936,83,0,0,19584.7586003595,19584.7586003595,3916.9517200718997,1.5,0.9408238236398017,0.46795348385209223,0.00027357559425729097,50.75,94.32380676393166,0.1708868461647618,3,50:funding_collapse|71:funding_collapse|92:wildfire:reserve|96:funding_collapse,0.014908312010862486,0.03306421978811756,0.052562779267952164,0.0035642438748969803,4.377209508116655e-05,0.0009271288340429491,0.00015608381843535278,499bbfae210cd036,2
S6,rule,False,800202,1.0,1.0,8,8,1200,1200,0,0.0,0.0,,864.2333183307164,0.7862542734581187,5.499655331113951,0.0007108425704699998,0.99928915742953,0,0,0,19574.32670887174,19574.326708871744,2446.7908386089675,1.5,0.98,0.6152164614307754,0.00014617971231085374,0.0,0.0,0.06109954059817893,3,50:funding_collapse|71:funding_collapse|92:wildfire:reserve|96:funding_collapse,0.01600000000000001,0.026843548981916158,0.0,0.0,2.3388753969736593e-05,0.0008787888059957324,0.0,499bbfae210cd036,2
S7,forward_rollout_proxy,False,800202,1.0,0.875,8,7,1200,1200,0,0.0,0.0,,812.4511385983409,0.7722538673884681,5.536553282425113,0.0,1.0,49,0,0,19565.144389612607,19565.144389612604,2795.0206270875155,1.5,0.9538839897113291,0.5902504051911445,0.00023530861267221,25.5,47.39422802916763,0.22873236697880206,3,50:funding_collapse|71:funding_collapse|92:wildfire:reserve|96:funding_collapse,0.015613052398352346,0.03058026911310332,0.007470306653737563,0.0012190268852903807,3.7649378027553615e-05,0.0008846707745833503,7.08535620364065e-05,499bbfae210cd036,2
S4,state_dependent_rule,False,800203,0.75,0.625,6,5,1200,1200,2,0.6666666666666666,1.0,26.5,726.1540995740262,0.7644386421885828,6.311362760311309,0.0,1.0,183,0,0,19758.1028770753,19758.1028770753,3951.62057541506,1.5,0.98,0.4716461074079149,0.0003388320156582509,74.75,138.93013902667764,0.14641239902400904,1,32:flood:reserve|41:heatwave:alternative,0.015480167492267861,0.03218638486414272,0.013517426829723202,0.0012561849811531232,5.4213122505320135e-05,0.0009509892126451651,0.00023723243888478182,499bbfae210cd036,2
S6,rule,False,800203,1.0,1.0,8,8,1200,1200,0,0.0,0.0,,850.3747279046904,0.7859851002697453,5.482680145844629,0.0,1.0,0,0,0,19745.847675854482,19745.847675854486,2468.2309594818103,1.5,0.98,0.6128952756125711,0.00012840321106647644,0.0,0.0,0.05034237077062418,2,32:flood:reserve|41:heatwave:alternative,0.01600000000000001,0.027099111256411148,0.0,0.0,2.0544513770636232e-05,0.000895243960072908,0.0,499bbfae210cd036,2
S7,forward_rollout_proxy,False,800203,0.875,0.875,7,7,1182,1182,1,0.3333333333333333,1.0,23.0,810.3533584154773,0.7792009322020729,5.459049490557265,0.020914700205363856,0.9790852997946361,67,0,0,19729.99341072159,19729.993410721585,2818.5704872459414,1.5,0.98,0.5877410181856894,0.00021155074134708126,29.25,54.363967445221704,0.20700261640058354,2,32:flood:reserve|41:heatwave:alternative,0.015793830684746803,0.03012448484845813,0.0025658791770641464,0.0005816705710892695,3.384811861553301e-05,0.0008581027933453734,7.542748767401296e-05,499bbfae210cd036,2
S4,state_dependent_rule,False,800300,0.875,0.5,7,4,942,942,2,0.6666666666666666,1.0,61.0,393.8360864494014,0.5793202645241994,4.650945906620735,0.00760347996939267,0.9923965200306073,68,0,0,4949.844506873392,4949.844506873392,1237.461126718348,1.5,0.6699999999999999,0.36548110359774133,0.00022895265719619705,48.25,9.576838002415426,0.13485822265766972,1,28:heatwave:origin|47:funding_collapse|55:funding_collapse|65:flood:origin|86:flood:semiwild,0.013843164374348764,0.04726938359207369,0.10562180495513804,0.010644266319529425,3.6632425151391534e-05,0.0009489729902528606,1.635837984069031e-05,7dd68620f6f781e5,3
S6,rule,False,800300,1.0,1.0,8,8,1181,1181,0,0.0,0.0,,797.2803692640429,0.7803407244385667,5.040923423805886,0.0,1.0,0,0,0,4955.241105372004,4955.241105372004,619.4051381715005,1.5,0.98,0.6082117242903546,7.263922518159807e-05,0.0,0.0,0.0490124502614792,2,28:heatwave:origin|47:funding_collapse|55:funding_collapse|65:flood:origin|86:flood:semiwild,0.01600000000000001,0.03272766361238204,0.0,0.0,1.162227602905569e-05,0.0009199896730220792,0.0,7dd68620f6f781e5,3
S7,forward_rollout_proxy,False,800300,0.875,0.75,7,6,245,245,1,0.3333333333333333,1.0,98.0,599.7274008876992,0.7375624202274095,2.483235285104279,0.000663743400865521,0.9993362565991345,18,0,0,4949.0884994736325,4949.0884994736325,824.8480832456054,1.5,0.8163436587033965,0.48070526402664415,9.979836136705888e-05,19.75,3.9200528610923246,0.1836927265263083,2,28:heatwave:origin|47:funding_collapse|55:funding_collapse|65:flood:origin|86:flood:semiwild,0.015397357141417007,0.048089019084499134,0.007594154523132565,0.0014555430244168885,1.596773781872942e-05,0.0008760830425231668,1.1352955394208557e-05,7dd68620f6f781e5,3
S4,state_dependent_rule,False,800301,0.75,0.625,6,5,490,490,1,0.3333333333333333,1.0,94.0,568.2560297886471,0.729322684445253,4.440738331902506,0.0003802898550724637,0.9996197101449276,12,0,0,4925.119534499811,4925.119534499811,985.0239068999623,1.5,0.7663339997135679,0.42727922117737827,0.00022385139640241885,30.75,6.103373441953874,0.12494218943498205,1,9:funding_collapse|13:funding_collapse|63:funding_collapse|77:heatwave:semiwild|79:funding_collapse|84:flood:semiwild|91:heatwave:alternative,0.015512903930741409,0.04688370706829506,0.01712306951298526,0.0015555342509215803,3.581622342438702e-05,0.0008984705290588334,1.242535724113772e-05,7dd68620f6f781e5,3
S6,rule,False,800301,1.0,0.875,8,7,1189,1189,0,0.0,0.0,,870.9006978528153,0.7873166584781822,6.164406005648071,0.0,1.0,0,0,0,4930.384744143562,4930.384744143563,704.3406777347946,1.5,0.98,0.5623872105757487,0.00014969197290587552,0.0,0.0,0.044965752596339864,2,9:funding_collapse|13:funding_collapse|63:funding_collapse|77:heatwave:semiwild|79:funding_collapse|84:flood:semiwild|91:heatwave:alternative,0.01600000000000001,0.025721948008385787,0.0,0.0,2.3950715664940083e-05,0.0009374427977670799,0.0,7dd68620f6f781e5,3
S7,forward_rollout_proxy,False,800301,0.75,0.75,6,6,740,740,0,0.0,0.0,,764.4645051762672,0.7820529849146061,6.777855501882026,0.0,1.0,0,0,0,4924.117021402344,4924.117021402344,820.686170233724,1.5,0.9088012934091215,0.5272973668437324,0.00020251270023296776,1.0,0.19848368916923176,0.15569341241999957,2,9:funding_collapse|13:funding_collapse|63:funding_collapse|77:heatwave:semiwild|79:funding_collapse|84:flood:semiwild|91:heatwave:alternative,0.01599994594594596,0.030968929899086475,7.37100737100737e-09,1.6216216216216218e-07,3.2402032037274844e-05,0.0009439145720676928,3.8311595509268816e-07,7dd68620f6f781e5,3
S4,state_dependent_rule,False,800302,0.875,0.625,7,5,118,117,1,0.3333333333333333,1.0,43.0,517.5734143071062,0.7575217109576668,3.1670599062294023,0.0014728258064516126,0.9985271741935484,24,0,0,4949.9742594019035,4949.9742594019035,989.9948518803807,1.5,0.7579411529717003,0.42121994887777636,0.00030667710417092513,34.0,6.748445431753876,0.16252617259156177,2,20:heatwave:semiwild|28:heatwave:alternative|30:funding_collapse|37:funding_collapse|81:heatwave:reserve|91:wildfire:semiwild,0.01594408173095747,0.0525353137754338,9.822111612696424e-05,0.00017912221037732652,4.906833666734801e-05,0.0009434604476239336,2.0854920910247806e-05,7dd68620f6f781e5,3
S6,rule,False,800302,1.0,1.0,8,8,1154,1154,0,0.0,0.0,,859.2024678056259,0.7874147378522425,4.596272761255331,0.0002490777765754016,0.9997509222234245,0,0,0,4955.300144782944,4955.300144782945,619.412518097868,1.5,0.98,0.6036543365613544,0.00010296436664325564,0.0,0.0,0.048458044744005085,3,20:heatwave:semiwild|28:heatwave:alternative|30:funding_collapse|37:funding_collapse|81:heatwave:reserve|91:wildfire:semiwild,0.01600000000000001,0.02566055748742184,0.0,0.0,1.6474298662920904e-05,0.0009082303616728577,0.0,7dd68620f6f781e5,3
S7,forward_rollout_proxy,False,800302,1.0,1.0,8,8,867,867,0,0.0,0.0,,797.7075818462766,0.7821149230573883,5.1302106487191725,0.0,1.0,1,0,0,4949.588532204141,4949.588532204141,618.6985665255177,1.5,0.9231644069938459,0.6346215524957576,0.00015658996953872933,2.75,0.5458301452153873,0.20501502654590625,3,20:heatwave:semiwild|28:heatwave:alternative|30:funding_collapse|37:funding_collapse|81:heatwave:reserve|91:wildfire:semiwild,0.01599677697802863,0.030832882118357254,1.0206906117573916e-06,9.530657609644309e-06,2.5054395126196693e-05,0.0009180356691536914,1.2178852131102228e-06,7dd68620f6f781e5,3
S4,state_dependent_rule,False,800303,0.875,0.625,7,5,458,458,1,0.3333333333333333,1.0,92.0,619.7674758393096,0.704799593658756,4.2390068085796635,0.001395337123298386,0.9986046628767016,22,0,0,4972.257306952379,4972.257306952379,994.4514613904757,1.5,0.733017852547973,0.4229903962231432,0.00026392780793446207,36.25,7.195033732384646,0.13024271441274637,1,37:funding_collapse|72:wildfire:alternative|94:wildfire:semiwild|98:heatwave:alternative,0.014783848311141481,0.0466502713581422,0.020635037002048707,0.0026831117254729293,4.222844926951394e-05,0.0008340582537999182,1.2547456108285689e-05,7dd68620f6f781e5,3
S6,rule,False,800303,1.0,1.0,8,8,1199,1199,0,0.0,0.0,,838.8512164742615,0.787674548650266,5.062861178410607,0.005874016093045866,0.9941259839069542,0,0,0,4969.673107891162,4969.673107891162,621.2091384863952,1.5,0.9331155752851306,0.6037362248911291,0.00013550734243589178,0.0,0.0,0.048980277892549745,3,37:funding_collapse|72:wildfire:alternative|94:wildfire:semiwild|98:heatwave:alternative,0.01600000000000001,0.025364594976220695,0.0,0.0,2.1681174789742682e-05,0.0009391751987238206,0.0,7dd68620f6f781e5,3
S7,forward_rollout_proxy,False,800303,0.625,0.625,5,5,904,904,2,0.6666666666666666,1.0,32.0,757.8923864271212,0.7573877350816329,6.456569998289093,0.0,1.0,6,0,0,4966.691441977457,4966.691441977457,993.3382883954913,1.5,0.8614505309259736,0.46339631122225056,7.456802002879501e-05,4.5,0.893176601261543,0.1571777907338116,1,37:funding_collapse|72:wildfire:alternative|94:wildfire:semiwild|98:heatwave:alternative,0.015563289640237373,0.0300414792906939,0.008500741289061597,0.001310131079287866,1.1930883204607207e-05,0.0009690260543070693,1.4402944131251774e-06,7dd68620f6f781e5,3
S4,state_dependent_rule,False,800400,0.25,0.25,2,2,302,0,3,1.0,1.0,20.0,89.67020342419099,0.4507491609009358,3.2371685761158355,0.01846337698275147,0.9815366230172485,12,0,0,11407.96679269081,11407.96679269081,5703.983396345405,1.5,0.05000000000000001,0.1636047663252592,0.0033407510953770577,156.0,148.21071208511447,0.06866540282050411,0,7:flood:semiwild|19:funding_collapse|23:flood:semiwild,0.00264189710216863,0.0775826438526503,0.07568419541737374,0.012843611973099472,0.0005345201752603294,0.0007751649460087187,0.0010100482175356405,21114be235fee9a8,4
S6,rule,False,800400,0.0,0.0,0,0,0,0,3,1.0,1.0,24.666666666666668,34.93700391477995,0.23560732616599872,0.0,,,0,0,0,10650.604499018176,10650.604499018176,10650.604499018176,1.0077388161435041,0.05000000000000001,0.006267921134581789,0.0001634927823989065,0.0,0.0,0.006339605672908939,0,7:flood:semiwild|19:funding_collapse|23:flood:semiwild,0.005440000000000004,0.04082298018324814,0.0,0.0,2.615884518382504e-05,0.00030353480556937634,0.0,21114be235fee9a8,4
S7,forward_rollout_proxy,False,800400,0.25,0.25,2,2,241,0,3,1.0,1.0,20.666666666666668,87.66386071140221,0.4754565870299773,2.61405469513351,0.013576366840695017,0.986423633159305,8,0,0,11278.29872209347,11278.29872209347,5639.149361046735,1.5,0.05000000000000001,0.1589311385214851,0.0030755853118254644,116.5,110.68299973022981,0.07645295785075003,0,7:flood:semiwild|19:funding_collapse|23:flood:semiwild,0.0032215475577427083,0.08010800786450516,0.05982132134966185,0.011557837405701949,0.0004920936498920745,0.0006912453551436897,0.0009306547132331088,21114be235fee9a8,4
S4,state_dependent_rule,False,800401,0.125,0.125,1,1,201,0,3,1.0,1.0,18.0,87.82432960504282,0.4638839068753615,4.96387762624401,0.004166187459946339,0.9958338125400537,15,0,0,11174.13774014871,11174.137740148712,11174.13774014871,1.5,0.05000000000000001,0.1189419368760896,0.0026047984419208486,148.25,140.8476799142194,0.04026580306824757,0,17:funding_collapse|50:flood:origin|68:funding_collapse|98:flood:alternative,0.002674851470548943,0.07565409180925582,0.05596862464806422,0.01495784973107701,0.0004167677507073358,0.0008534059519757516,0.0010121085814540185,21114be235fee9a8,4
S6,rule,False,800401,0.0,0.0,0,0,0,0,3,1.0,1.0,17.333333333333332,40.21986806276759,0.22946478250712385,0.0,,,0,0,0,10617.704359559226,10617.70435955923,10617.704359559226,1.0061672866424987,0.05000000000000001,0.00638686497086993,7.712082262210797e-05,0.0,0.0,0.006934324854349649,0,17:funding_collapse|50:flood:origin|68:funding_collapse|98:flood:alternative,0.0052800000000000034,0.03883478062203599,0.0,0.0,1.2339331619537276e-05,0.00030809753922061506,0.0,21114be235fee9a8,4
S7,forward_rollout_proxy,False,800401,0.125,0.125,1,1,224,0,3,1.0,1.0,17.0,81.9776675644092,0.47734813330821774,3.0666177728884,0.005261296025858946,0.9947387039741411,8,0,0,11094.923722085878,11094.923722085878,11094.923722085878,1.5,0.05000000000000001,0.10128636081019071,0.0013331107582603896,99.25,94.29431522081808,0.04685091540653358,0,17:funding_collapse|50:flood:origin|68:funding_collapse|98:flood:alternative,0.0030686472775182873,0.07676348633806922,0.048741845488208126,0.0143818005165458,0.00021329772132166233,0.0008258079560620425,0.000852735037426055,21114be235fee9a8,4
S4,state_dependent_rule,False,800402,0.25,0.25,2,2,227,0,3,1.0,1.0,19.666666666666668,95.92716792186516,0.45670963241058715,3.771698113207547,0.1648627776632104,0.8351372223367897,10,0,0,11256.855022795406,11256.855022795406,5628.427511397703,1.5,0.05000000000000001,0.16885131505960235,0.003249433797077606,133.25,126.59664990603532,0.06817166963763428,0,6:funding_collapse|16:heatwave:origin|24:wildfire:reserve,0.0026872548766436683,0.07689889329726925,0.07160440116299431,0.013901215561505205,0.000519909407532417,0.0007443091025660609,0.000828497977859069,21114be235fee9a8,4
S6,rule,False,800402,0.0,0.0,0,0,0,0,3,1.0,1.0,19.666666666666668,32.93079700748172,0.19182944769228938,0.0,,,0,0,0,10545.620947482124,10545.620947482124,10545.620947482124,0.9471772698494464,0.05000000000000001,0.006263853196449948,0.00038409425816484424,0.0,0.0,0.0063192659822497365,0,6:funding_collapse|16:heatwave:origin|24:wildfire:reserve,0.004480000000000003,0.03571850595657962,0.0,0.0,6.145508130637507e-05,0.0003105912698246266,0.0,21114be235fee9a8,4
S7,forward_rollout_proxy,False,800402,0.125,0.0,1,0,0,0,2,0.6666666666666666,1.0,15.5,31.468782583872517,0.3146370957431578,0.0,,,10,0,0,11028.62835017458,11028.62835017458,11028.62835017458,1.2546998098268725,0.05000000000000001,0.011944215764700878,0.0030899761066744596,32.0,30.402197350792715,0.034721078823504385,1,6:funding_collapse|16:heatwave:origin|24:wildfire:reserve,0.0031342840847880947,0.05298480309926755,0.0019476803022754636,0.004129285251406834,0.0004943961770679135,0.0005951713179757824,0.002018731929001941,21114be235fee9a8,4
S4,state_dependent_rule,False,800403,0.25,0.125,2,1,193,0,3,1.0,1.0,17.666666666666668,82.41045611010792,0.4605871183274049,4.549774032001954,0.01570485843907168,0.9842951415609283,10,0,0,11447.814934933996,11447.814934933996,11447.814934933996,1.5,0.05000000000000001,0.11695048139658967,0.004039973482284799,137.5,130.6344417416875,0.0510137053828506,0,45:flood:semiwild|83:wildfire:reserve,0.0023742804607106917,0.07463582999016202,0.06410793985372779,0.014491766752793803,0.0006463957571655679,0.000756374426287006,0.0009218224256894458,21114be235fee9a8,4
S6,rule,False,800403,0.0,0.0,0,0,0,0,3,1.0,1.0,22.333333333333332,32.09198265438963,0.22319697346909842,0.0,,,0,0,0,10676.605835354221,10676.605835354221,10676.605835354221,1.0058760835991758,0.05000000000000001,0.006232463302829946,0.0002731512584265959,0.0,0.0,0.006162316514149722,0,45:flood:semiwild|83:wildfire:reserve,0.005120000000000003,0.03698053590883537,0.0,0.0,4.370420134825534e-05,0.00025878642071799115,0.0,21114be235fee9a8,4
S7,forward_rollout_proxy,False,800403,0.25,0.125,2,1,116,0,3,1.0,1.0,18.0,54.74025386109991,0.5113251962595272,1.0,0.3139808869250669,0.6860191130749331,19,0,0,11356.474283968026,11356.474283968026,11356.474283968026,1.5,0.05000000000000001,0.0829195098239514,0.003771690152227734,76.25,72.44273587493576,0.05834754911975694,0,45:flood:semiwild|83:wildfire:reserve,0.0033118634611406135,0.08006597436245988,0.02570693122753419,0.01196339615635753,0.0006034704243564373,0.0007346767924755707,0.0013614348870176652,21114be235fee9a8,4
S4,state_dependent_rule,False,800500,0.5,0.375,4,3,785,461,0,0.0,0.0,,177.14611952991956,0.5487220922221937,3.00947459560631,0.0037689748741301364,0.9962310251258699,412,0,0,18889.525196831237,18889.525196831237,6296.508398943745,1.5,0.3553682701081457,0.25703447567726656,0.0039673104905042075,290.25,107.58957783118554,0.1132645135519445,3,12:flood:origin|29:flood:semiwild|40:funding_collapse|49:funding_collapse|68:heatwave:reserve|74:flood:reserve|83:funding_collapse|86:flood:origin|88:heatwave:reserve,0.007161882222344388,0.07580507296558467,0.07085100431299488,0.01704260867683942,0.0006347696784806734,0.0008936017477453274,0.00046134836205064406,b81a2efed67a5d9b,5
S6,rule,False,800500,0.25,0.0,2,0,0,0,0,0.0,0.0,,66.60620066805309,0.4527963213401268,0.0,,,0,0,0,18773.162009189324,18773.162009189327,18773.162009189324,1.5,0.5759230175897164,0.06067114884265877,0.00018314726209463052,0.0,0.0,0.015394235418435608,3,12:flood:origin|29:flood:semiwild|40:funding_collapse|49:funding_collapse|68:heatwave:reserve|74:flood:reserve|83:funding_collapse|86:flood:origin|88:heatwave:reserve,0.010080000000000007,0.0595654819341671,0.0,0.0,2.9303561935140883e-05,0.00042889316377092435,0.0,b81a2efed67a5d9b,5
S7,forward_rollout_proxy,False,800500,0.5,0.5,4,4,664,664,0,0.0,0.0,,243.75885124358044,0.5952340132637068,2.525568737495152,0.006639293142925372,0.9933607068570747,237,0,0,18834.164712129183,18834.164712129183,4708.541178032296,1.5,0.41955902204644574,0.3209376190898493,0.002515474348825795,102.75,38.08726657072974,0.14363014755126602,3,12:flood:origin|29:flood:semiwild|40:funding_collapse|49:funding_collapse|68:heatwave:reserve|74:flood:reserve|83:funding_collapse|86:flood:origin|88:heatwave:reserve,0.014241671140626615,0.05265203623643799,0.10592629268003897,0.02046544523258085,0.0004024758958121272,0.0011722309445732551,0.00015963537111543912,b81a2efed67a5d9b,5
S4,state_dependent_rule,False,800501,0.5,0.25,4,2,542,384,0,0.0,0.0,,199.1442822587439,0.597007430432494,3.611999464843354,0.0013753399005896863,0.9986246600994103,462,0,0,18953.28764654222,18953.287646542223,9476.64382327111,1.5,0.40971338323094253,0.21145405661733446,0.003167679833485171,270.0,100.08332821505627,0.10931361822903345,3,41:heatwave:origin|68:wildfire:reserve|94:funding_collapse,0.009762796822546481,0.070581302225548,0.056849736423598696,0.012302524503000878,0.0005068287733576275,0.0008172143167046259,0.00037959175021542324,b81a2efed67a5d9b,5
S6,rule,False,800501,0.875,0.0,7,0,0,0,0,0.0,0.0,,267.46375479443765,0.6940155764134626,0.0,,,0,0,0,18911.14511720187,18911.14511720187,18911.14511720187,1.5,0.7457393059550901,0.0826312794124012,0.00015674310045214062,0.0,0.0,0.040286744084460896,3,41:heatwave:origin|68:wildfire:reserve|94:funding_collapse,0.015040000000000012,0.07033714692498544,0.0,0.0,2.5078896072342503e-05,0.000782197765479785,0.0,b81a2efed67a5d9b,5
S7,forward_rollout_proxy,False,800501,0.625,0.625,5,5,957,948,0,0.0,0.0,,334.01772273930527,0.6006887031231469,3.2833289909216767,0.002113412669417139,0.9978865873305829,383,0,0,18897.121423020766,18897.121423020766,3779.4242846041534,1.5,0.5612237300176853,0.4038566128478909,0.0012788012055894576,148.0,54.860491021586455,0.16825474968452803,3,41:heatwave:origin|68:wildfire:reserve|94:funding_collapse,0.014551292009324661,0.056117763669019806,0.10996724050138948,0.014985481637345194,0.00020460819289431326,0.0010835127059817462,0.00012316141546667546,b81a2efed67a5d9b,5
S4,state_dependent_rule,False,800502,0.375,0.25,3,2,296,0,0,0.0,0.0,,137.53119148416533,0.5483365705838024,2.834944678361369,0.0026010169107609253,0.997398983089239,231,0,0,18890.517833303686,18890.517833303686,9445.258916651843,1.5,0.4294763998043724,0.2021379371381999,0.005037702519604393,268.0,99.34197022827811,0.09170425187074492,3,26:wildfire:semiwild|31:heatwave:origin|35:funding_collapse|40:heatwave:origin|54:heatwave:alternative|71:funding_collapse,0.006583869326210899,0.07534011362060365,0.06686941797248336,0.020225366313565044,0.0008060324031367031,0.0010892791259809178,0.00047286629368190536,b81a2efed67a5d9b,5
S6,rule,False,800502,0.5,0.0,4,0,0,0,0,0.0,0.0,,158.96578049141405,0.5222688245079454,0.0,,,0,0,0,18855.563781374854,18855.563781374854,18855.563781374854,1.5,0.677104186126679,0.07262606069074068,0.00018997443828003884,0.0,0.0,0.02457821039036394,3,26:wildfire:semiwild|31:heatwave:origin|35:funding_collapse|40:heatwave:origin|54:heatwave:alternative|71:funding_collapse,0.011520000000000008,0.06316610958725936,0.0,0.0,3.0395910124806214e-05,0.0006146699946705246,0.0,b81a2efed67a5d9b,5
S7,forward_rollout_proxy,False,800502,0.625,0.625,5,5,855,855,0,0.0,0.0,,201.27529551753946,0.4670586124248164,2.611505867233231,0.06340514638453329,0.9365948536154667,105,0,0,18871.02455025347,18871.02455025347,3774.2049100506943,1.5,0.661872681796709,0.40757743582149536,0.0003793637413338453,65.75,24.37214381533314,0.17012554484746073,3,26:wildfire:semiwild|31:heatwave:origin|35:funding_collapse|40:heatwave:origin|54:heatwave:alternative|71:funding_collapse,0.012797798025815495,0.05016284302260901,0.23418673694257022,0.020651608767498487,6.0698198613415245e-05,0.0009519944020161887,9.511948839846872e-05,b81a2efed67a5d9b,5
S4,state_dependent_rule,False,800503,0.5,0.375,4,3,665,498,0,0.0,0.0,,210.61909609774258,0.6061367838659527,3.60540536792012,0.02103690592547097,0.9789630940745291,429,0,0,18911.02485812474,18911.02485812474,6303.674952708247,1.5,0.3555841092933745,0.26495219602773246,0.0029614169492048585,288.5,106.94088959275462,0.12294865709596903,3,69:wildfire:reserve|70:heatwave:origin|76:flood:reserve|94:funding_collapse,0.01002595091029598,0.07183974205989116,0.048256111736879735,0.012542467573697902,0.0004738267118727773,0.0010288207729483106,0.0003867416446769408,b81a2efed67a5d9b,5
S6,rule,False,800503,0.875,0.25,7,2,2,2,0,0.0,0.0,,421.8300255585939,0.7455277634487772,1.0,0.0,1.0,0,0,0,18911.14511720187,18911.14511720187,9455.572558600936,1.5,0.6517468759367055,0.19659507210630595,0.0002510068000264079,0.0,0.0,0.04460192256317684,3,69:wildfire:reserve|70:heatwave:origin|76:flood:reserve|94:funding_collapse,0.01600000000000001,0.06754244359339395,0.0,0.0,4.016108800422526e-05,0.0008896318698246557,0.0,b81a2efed67a5d9b,5
S7,forward_rollout_proxy,False,800503,0.5,0.5,4,4,685,685,0,0.0,0.0,,254.28191145537934,0.6300697078694248,3.7874310824436326,0.06954643942735331,0.9304535605726467,175,0,0,18867.34099592245,18867.34099592245,4716.835248980612,1.5,0.4403701371661566,0.3360502704585205,0.0014435974183747912,88.5,32.80509091493509,0.14569472958734236,3,69:wildfire:reserve|70:heatwave:origin|76:flood:reserve|94:funding_collapse,0.014684752576828797,0.052670331049311535,0.091267924861314,0.007649053914641372,0.00023097558693996656,0.0009228661408170254,0.00013497665231857828,b81a2efed67a5d9b,5
S4,state_dependent_rule,False,800600,0.75,0.75,6,6,1200,1200,2,0.6666666666666666,1.0,27.0,332.54158320468446,0.5004011039023999,3.2165056112822676,0.05769675113811118,0.9423032488618888,59,0,0,10709.411187037967,10709.41118703797,1784.901864506328,0.8666599988561858,0.6699999999999999,0.4690746843993832,0.0009364618465348208,71.25,12.919697460132843,0.16204814143280263,1,64:funding_collapse|73:flood:origin,0.013851732329735267,0.04019400500639073,0.22676432962478782,0.0155902225773657,0.00014983389544557136,0.0009435763980078769,3.6768423615396306e-05,a10cb1e3f94be6f1,6
S6,rule,False,800600,0.75,0.5,6,4,15,15,1,0.3333333333333333,1.0,19.0,624.0030459485338,0.761834840234731,2.2115384615384617,0.0,1.0,0,0,0,11616.499529884613,11616.499529884615,2904.1248824711533,1.5,0.7622209595521722,0.3318870207585998,0.0005416824790729844,0.0,0.0,0.04274770093998986,2,64:funding_collapse|73:flood:origin,0.01600000000000001,0.05115435837407269,0.0,0.0,8.666919665167753e-05,0.0009241321945448165,0.0,a10cb1e3f94be6f1,6
S7,forward_rollout_proxy,False,800600,0.75,0.75,6,6,1200,1200,2,0.6666666666666666,1.0,31.5,518.5987775347344,0.6018595827329534,3.466947309140675,0.007434499515216793,0.9925655004847832,10,0,0,11121.58486728765,11121.58486728765,1853.597477881275,1.1919484794016428,0.6699999999999999,0.47656896589250636,0.0008103260066445031,53.25,9.655773891257171,0.18699746400549788,1,64:funding_collapse|73:flood:origin,0.014704934753703245,0.04050024770792878,0.13397921276392105,0.011347348521100446,0.00012965216106312048,0.001007472527779324,1.4788761333037771e-05,a10cb1e3f94be6f1,6
S4,state_dependent_rule,False,800601,0.75,0.125,6,1,259,213,2,0.6666666666666666,1.0,37.5,190.6126301142279,0.7202000468832435,4.114136767862618,0.011571687591102608,0.9884283124088974,203,0,0,10607.587845199056,10607.587845199056,10607.587845199056,0.7752867270120634,0.48052912070733544,0.16278444576735662,0.0017798996012998408,101.25,18.35957007492561,0.08670083008998436,1,11:heatwave:alternative|23:funding_collapse|25:flood:reserve|42:wildfire:semiwild|75:wildfire:reserve,0.015069661633833912,0.05153766617102726,0.005918768820029039,0.002534500315186767,0.00028478393620797447,0.0007954643020701231,0.00010398651204150063,a10cb1e3f94be6f1,6
S6,rule,False,800601,0.875,0.875,7,7,503,503,1,0.3333333333333333,1.0,28.0,764.2883419386682,0.7769376165411309,4.830187045605009,0.0,1.0,0,0,0,11580.301660839152,11580.301660839154,1654.3288086913074,1.5,0.8624822960333615,0.5382273106542164,0.0002939501711882237,0.0,0.0,0.049636052974150885,2,11:heatwave:alternative|23:funding_collapse|25:flood:reserve|42:wildfire:semiwild|75:wildfire:reserve,0.01600000000000001,0.036054986628161506,0.0,0.0,4.7032027390115796e-05,0.0009603648033174229,0.0,a10cb1e3f94be6f1,6
S7,forward_rollout_proxy,False,800601,0.625,0.625,5,5,1097,1097,1,0.3333333333333333,1.0,31.0,447.9247510985902,0.7276184486086236,3.6726481235886155,0.056180695179936915,0.943819304820063,130,0,0,11237.240956995049,11237.240956995049,2247.44819139901,1.3680491270971211,0.6460723531628804,0.4138770309612244,0.0004285551162670316,75.0,13.59968153698193,0.156466572045251,2,11:heatwave:alternative|23:funding_collapse|25:flood:reserve|42:wildfire:semiwild|75:wildfire:reserve,0.01610816360345958,0.04998329182573392,0.015914157484590713,0.00200438429179762,6.856881860272506e-05,0.0009230780199701563,3.15707577354332e-05,a10cb1e3f94be6f1,6
S4,state_dependent_rule,False,800602,0.75,0.625,6,5,1030,959,1,0.3333333333333333,1.0,29.0,413.68942062951965,0.5371742231778834,4.464503453143034,0.0014547620384643386,0.9985452379615357,144,0,0,10711.194558763224,10711.194558763224,2142.2389117526445,0.8244772299000774,0.5886881279895697,0.41589341952390524,0.000965698040514787,100.0,18.132908715975912,0.15564786096758998,2,62:flood:origin|68:wildfire:origin|96:wildfire:reserve,0.01382502061176224,0.039041195663332376,0.18365251478398897,0.019725610087883025,0.00015451168648236593,0.001096737877859687,3.789843660051066e-05,a10cb1e3f94be6f1,6
S6,rule,False,800602,1.0,0.0,8,0,0,0,0,0.0,0.0,,553.6177199204396,0.6926590327997632,0.0,,,0,0,0,11647.08744834308,11647.08744834308,11647.08744834308,1.5,0.6516058261433162,0.07399750689362689,0.0003574800418751324,0.0,0.0,0.04418462139647628,3,62:flood:origin|68:wildfire:origin|96:wildfire:reserve,0.01472000000000001,0.05535773353449404,0.0,0.0,5.7196806700021195e-05,0.0008060368590429079,0.0,a10cb1e3f94be6f1,6
S7,forward_rollout_proxy,False,800602,0.75,0.75,6,6,1114,1114,1,0.3333333333333333,1.0,18.0,468.9766935422234,0.6039109494589318,3.1596779943095226,0.026777271322719242,0.9732227286772808,71,0,0,11155.349101797055,11155.349101797055,1859.2248502995092,1.1699515123101338,0.5997165158384442,0.46691706461790017,0.00044471351103030977,73.75,13.373020178032235,0.1892431654548025,2,62:flood:origin|68:wildfire:origin|96:wildfire:reserve,0.014670204598553895,0.04335629973287923,0.13284280807530743,0.008867997502651642,7.115416176484954e-05,0.0007497185214292994,2.206194053153479e-05,a10cb1e3f94be6f1,6
S4,state_dependent_rule,False,800603,0.75,0.75,6,6,1192,1192,2,0.6666666666666666,1.0,22.0,317.2468560565151,0.5189440251973718,4.1657329019236355,0.0005731030562130193,0.999426896943787,165,0,0,10643.038757216946,10643.038757216946,1773.839792869491,0.7957999709209699,0.6470699574113388,0.47662649625001574,0.0006754678331657602,106.25,19.266215510724397,0.16381085744822743,1,54:wildfire:reserve|60:flood:semiwild|74:funding_collapse,0.013729765329028682,0.05192514211205419,0.19579000107113206,0.015419507775093209,0.00010807485330652164,0.0009849624602870524,4.313610033151769e-05,a10cb1e3f94be6f1,6
S6,rule,False,800603,1.0,0.875,8,7,462,462,0,0.0,0.0,,756.3574616045388,0.775893453834984,4.947956861787077,0.0,1.0,0,0,0,11613.279272032816,11613.279272032818,1659.039896004688,1.5,0.8608298987836105,0.5408464347186246,8.294944980946113e-05,0.0,0.0,0.05766938111196368,3,54:wildfire:reserve|60:flood:semiwild|74:funding_collapse,0.01600000000000001,0.037176385395720594,0.0,0.0,1.327191196951378e-05,0.0009168888573259476,0.0,a10cb1e3f94be6f1,6
S7,forward_rollout_proxy,False,800603,0.625,0.625,5,5,1200,1200,2,0.6666666666666666,1.0,31.0,507.013469748095,0.6818959674014171,3.970388279289396,0.0020286006711996555,0.9979713993288003,54,0,0,11180.960459334467,11180.960459334467,2236.1920918668934,1.2874087936508274,0.6699999999999999,0.42043729380667677,0.00035358332562477127,60.75,11.015742044955363,0.16241705506891413,1,54:wildfire:reserve|60:flood:semiwild|74:funding_collapse,0.01522269458931234,0.0448211052598924,0.06114673131050033,0.003272016120942201,5.65733320999634e-05,0.0008616996795264427,2.0858779156707157e-05,a10cb1e3f94be6f1,6
S4,state_dependent_rule,False,800700,0.375,0.375,3,3,883,567,2,0.6666666666666666,1.0,22.5,199.14080806501113,0.5306691239337816,2.6219060533398024,0.006845776241899314,0.9931542237581007,327,0,0,13364.50041861984,13364.50041861984,4454.83347287328,1.5,0.46588658827462165,0.2618524459879636,0.0003586518970358053,201.25,57.79545136273421,0.10147363313551708,1,11:funding_collapse|23:heatwave:origin|48:heatwave:reserve,0.008724479136895445,0.06750280444575911,0.05387220259277039,0.01079905187299174,5.738430352572886e-05,0.0007152998848168842,0.0002696658164677872,29373d720d4bdfbb,7
S6,rule,False,800700,0.875,0.875,7,7,590,590,1,0.3333333333333333,1.0,40.0,646.7284887121627,0.7716702905790787,5.057445305717879,0.0,1.0,0,0,0,13363.654026702698,13363.6540267027,1909.0934323860997,1.5,0.8882529447443505,0.54323014571122,0.00015458865753589532,0.0,0.0,0.05040199089803088,2,11:funding_collapse|23:heatwave:origin|48:heatwave:reserve,0.01600000000000001,0.0413580749146698,0.0,0.0,2.473418520574326e-05,0.0009469003210456782,0.0,29373d720d4bdfbb,7
S7,forward_rollout_proxy,False,800700,0.5,0.5,4,4,795,795,2,0.6666666666666666,1.0,24.5,173.54688309962853,0.37794925650185773,4.453657162328107,0.0005827504120481417,0.9994172495879519,19,0,0,13323.255362392514,13323.255362392514,3330.8138405981285,1.5,0.6699999999999999,0.3655157422627976,0.00018413014100158886,37.25,10.697543171487434,0.14489585319758236,1,11:funding_collapse|23:heatwave:origin|48:heatwave:reserve,0.013039244535808934,0.04100200972677431,0.2571887683626771,0.024174550172300333,2.9460822560254223e-05,0.0010534138804186369,4.2966524956224136e-05,29373d720d4bdfbb,7
S4,state_dependent_rule,False,800701,0.375,0.375,3,3,666,531,2,0.6666666666666666,1.0,26.0,199.00062832988388,0.5560355713411955,3.4670900001008174,0.005535097911976279,0.9944649020880237,391,0,0,13323.215441488539,13323.215441488539,4441.071813829513,1.5,0.5203601437208952,0.27498879665189685,0.0004935269571527501,206.25,59.231363197833204,0.09765941139399571,1,61:flood:origin|69:funding_collapse,0.010567471052972897,0.06881097350558676,0.04101156992402026,0.01716185434622991,7.896431314444001e-05,0.0011395412338467876,0.00023188404136546573,29373d720d4bdfbb,7
S6,rule,False,800701,1.0,0.5,8,4,137,137,0,0.0,0.0,,623.528566154459,0.7641021875975208,4.62549731321104,0.0,1.0,0,0,0,13365.814379742122,13365.814379742123,3341.4535949355304,1.5,0.8175364359985778,0.3637720453306038,0.00025233431377449044,0.0,0.0,0.05381714299317841,3,61:flood:origin|69:funding_collapse,0.01600000000000001,0.048940234946477125,0.0,0.0,4.037349020391847e-05,0.0009172039657983043,0.0,29373d720d4bdfbb,7
S7,forward_rollout_proxy,False,800701,0.75,0.75,6,6,1038,1038,1,0.3333333333333333,1.0,25.0,135.87976267452677,0.2898821544039915,4.029675815627336,0.0002844322051026729,0.9997155677948973,12,0,0,13336.401899254644,13336.401899254644,2222.733649875774,1.5,0.6699999999999999,0.48170083206358744,0.0003945313200541089,49.75,14.287322759234888,0.18452036953657028,2,61:flood:origin|69:funding_collapse,0.013028362261285661,0.0382018701169194,0.3614149064071205,0.023830685836751603,6.312501120865743e-05,0.0010854150225123585,3.903547918039383e-05,29373d720d4bdfbb,7
S4,state_dependent_rule,False,800702,0.0,0.0,0,0,0,0,3,1.0,1.0,18.666666666666668,45.20293535025673,0.20737197734113977,0.0,,,40,0,0,13127.987890195609,13127.987890195609,13127.987890195609,1.5,0.5105867351226788,0.055908559554436896,0.0006490334240372976,40.0,11.487294680791878,0.024249430210845045,0,18:wildfire:origin|26:flood:origin|42:heatwave:origin|53:funding_collapse|73:heatwave:alternative|96:heatwave:origin|97:funding_collapse,0.0037081642486123867,0.031011277094257834,0.0005763308338086687,0.0010882105656362599,0.00010384534784596764,0.00033738912801820905,0.00011724276078181408,29373d720d4bdfbb,7
S6,rule,False,800702,0.0,0.0,0,0,0,0,1,0.3333333333333333,1.0,37.0,124.05607789101637,0.3189155347354223,0.0,,,0,0,0,13297.970113250227,13297.970113250229,13297.970113250227,1.5,0.6699999999999999,0.06949128051967302,0.00010304312312815464,0.0,0.0,0.012456402598365095,2,18:wildfire:origin|26:flood:origin|42:heatwave:origin|53:funding_collapse|73:heatwave:alternative|96:heatwave:origin|97:funding_collapse,0.0070400000000000055,0.03881510995189037,0.0,0.0,1.648689970050474e-05,0.0004128684129868284,0.0,29373d720d4bdfbb,7
S7,forward_rollout_proxy,False,800702,0.5,0.5,4,4,709,709,1,0.3333333333333333,1.0,20.0,168.70715586241914,0.3942283362301861,3.1840413808213035,0.0810439042035616,0.9189560957964384,8,0,0,13269.271382704255,13269.271382704255,3317.317845676064,1.5,0.6699999999999999,0.35121616802439426,0.00010903234754735011,21.25,6.102625299170684,0.13687877108090618,2,18:wildfire:origin|26:flood:origin|42:heatwave:origin|53:funding_collapse|73:heatwave:alternative|96:heatwave:origin|97:funding_collapse,0.012958885036891027,0.037786163229394626,0.23549545858922777,0.029456252841550797,1.7445175607576013e-05,0.0012550546102490746,4.5124633545602756e-05,29373d720d4bdfbb,7
S4,state_dependent_rule,False,800703,0.25,0.25,2,2,505,414,2,0.6666666666666666,1.0,13.0,177.92483817267797,0.5600862671067081,3.71180419920038,0.0037686986654685557,0.9962313013345314,333,0,0,13356.486944343746,13356.486944343746,6678.243472171873,1.5,0.5215567979712267,0.21598632987631894,0.0005190521837733561,206.0,59.15956760607824,0.07106304043596252,1,42:heatwave:semiwild|67:heatwave:semiwild,0.010535380537688245,0.07069564237727553,0.04543204464772313,0.008096732858688185,8.304834940373698e-05,0.0006022585882976336,0.00023988577742779194,29373d720d4bdfbb,7
S6,rule,False,800703,0.875,0.875,7,7,718,718,1,0.3333333333333333,1.0,28.0,790.3600661792532,0.7803519829553263,5.027550562266899,0.0,1.0,0,0,0,13405.036690658022,13405.036690658024,1915.0052415225746,1.5,0.8936803208241654,0.5437717228083396,0.00017803546325529805,0.0,0.0,0.05189092551627091,2,42:heatwave:semiwild|67:heatwave:semiwild,0.01600000000000001,0.03266487775831172,0.0,0.0,2.8485674120847694e-05,0.0009546536122413343,0.0,29373d720d4bdfbb,7
S7,forward_rollout_proxy,False,800703,0.5,0.5,4,4,975,975,2,0.6666666666666666,1.0,17.0,238.2542403639367,0.4479148047337006,3.907918909865908,0.0,1.0,15,0,0,13346.743675430622,13346.743675430622,3336.6859188576555,1.5,0.6699999999999999,0.3585311195347669,0.00014567673397499495,52.5,15.07707426853933,0.13725965218053904,1,42:heatwave:semiwild|67:heatwave:semiwild,0.01374976375528541,0.03783969916768198,0.21678838887179663,0.017918565304501807,2.3308277435999194e-05,0.0009518708158453978,4.999783348121581e-05,29373d720d4bdfbb,7
S4,state_dependent_rule,False,800800,0.25,0.25,2,2,280,110,3,1.0,1.0,19.333333333333332,89.27138906346082,0.473271124563555,2.364148154758253,0.006963002399853999,0.993036997600146,108,0,0,8513.842214126817,8513.842214126817,4256.921107063408,1.5,0.3841756890426775,0.18905337101352152,0.003313129506800833,108.0,111.76958394482045,0.07247160280835606,0,8:wildfire:reserve|26:wildfire:origin,0.004781849883146336,0.07794061574728123,0.042281307443134575,0.010037855966954161,0.0005301007210881333,0.0007266421157597044,0.0010832678356669301,b233b49e5d43b60b,8
S6,rule,False,800800,0.625,0.0,5,0,0,0,3,1.0,1.0,41.333333333333336,164.69973341778214,0.6409208216800206,0.0,,,0,0,0,8520.156438382777,8520.156438382777,8520.156438382777,1.5,0.680911676486487,0.07184564653542193,7.877140081388906e-05,0.0,0.0,0.018772394433866156,0,8:wildfire:reserve|26:wildfire:origin,0.01424000000000001,0.08289158686079735,0.0,0.0,1.2603424130222247e-05,0.0006349880350516862,0.0,b233b49e5d43b60b,8
S7,forward_rollout_proxy,False,800800,0.25,0.25,2,2,378,378,3,1.0,1.0,22.333333333333332,157.9135373765612,0.7010099333727203,1.9928694878997346,0.009486957533528673,0.9905130424664713,50,0,0,8501.806785991203,8501.806785991203,4250.903392995601,1.5,0.558946974975897,0.2055352264701658,0.0029137004225647033,28.75,29.753477207533233,0.08605917046789383,0,8:wildfire:reserve|26:wildfire:origin,0.015376709752225427,0.0590650593739346,0.0014127838777104012,0.0010760216968550029,0.0004661920676103526,0.000687258892251671,0.0007187689225687052,b233b49e5d43b60b,8
S4,state_dependent_rule,False,800801,0.125,0.125,1,1,367,169,3,1.0,1.0,21.0,114.5816118974845,0.5082464635709674,4.980181179515621,0.0017001067220267603,0.9982998932779732,125,0,0,8524.905529128528,8524.905529128528,8524.905529128528,1.5,0.37039505459687055,0.15374520920337237,0.004562819101291669,135.5,140.2294317085479,0.053269459742645436,0,9:funding_collapse|35:wildfire:reserve|89:heatwave:origin,0.006876885521839586,0.07375286484601411,0.03590853617329477,0.01118320891712459,0.000730051056206667,0.0007876302370907833,0.0009297600845273783,b233b49e5d43b60b,8
S6,rule,False,800801,0.75,0.25,6,2,8,8,2,0.6666666666666666,1.0,39.0,393.924339119426,0.7444314449837068,1.4800000000000002,0.0,1.0,0,0,0,8507.961901855888,8507.961901855888,4253.980950927944,1.5,0.7018858301612662,0.20506063210998088,0.0003221661912065781,0.0,0.0,0.03786024546927144,1,9:funding_collapse|35:wildfire:reserve|89:heatwave:origin,0.01600000000000001,0.06857803956853233,0.0,0.0,5.1546590593052495e-05,0.0009389688571677678,0.0,b233b49e5d43b60b,8
S7,forward_rollout_proxy,False,800801,0.5,0.125,4,1,199,199,2,0.6666666666666666,1.0,19.5,118.02525076307943,0.6979078136838248,1.9915011315061606,0.032089127223413935,0.967910872776586,57,0,0,8505.56153510659,8505.56153510659,8505.56153510659,1.5,0.5447575927256164,0.147071657646678,0.004931815688944033,43.5,45.01830464444155,0.08215443529527372,1,9:funding_collapse|35:wildfire:reserve|89:heatwave:origin,0.015580322140957018,0.06179220431457913,0.0028989849858357497,0.0032579336233677985,0.0007890905102310452,0.0007146755892962406,0.0007712457361439264,b233b49e5d43b60b,8
S4,state_dependent_rule,False,800802,0.25,0.125,2,1,212,3,1,0.3333333333333333,1.0,20.0,80.75910907136944,0.49514729453991585,3.9591261451726574,0.005269849260229361,0.9947301507397707,57,0,0,8508.055998140233,8508.055998140231,8508.055998140233,1.5,0.25360983330143233,0.13239607301800643,0.005234359733795198,90.75,93.91749762030051,0.055969141180682996,2,11:wildfire:alternative|35:flood:semiwild|36:wildfire:reserve|77:heatwave:reserve|100:flood:origin,0.005654068365164715,0.07719085425672047,0.034232736247956384,0.014724235541621748,0.0008374975574072317,0.0010466388177035985,0.0011092742196756305,b233b49e5d43b60b,8
S6,rule,False,800802,0.875,0.5,7,4,26,26,1,0.3333333333333333,1.0,39.0,392.39859650566075,0.7497516689536116,2.3706738412620765,0.0,1.0,0,0,0,8521.173640000576,8521.173640000576,2130.293410000144,1.5,0.6662746650575362,0.32432111901133637,0.00018385536032594854,0.0,0.0,0.04493457046480967,2,11:wildfire:alternative|35:flood:semiwild|36:wildfire:reserve|77:heatwave:reserve|100:flood:origin,0.01600000000000001,0.06315127919942123,0.0,0.0,2.9416857652151773e-05,0.0010676349893152018,0.0,b233b49e5d43b60b,8
S7,forward_rollout_proxy,False,800802,0.375,0.125,3,1,347,180,1,0.3333333333333333,1.0,16.0,121.76668619487735,0.5567547382336112,4.85070297707771,0.003699058242006092,0.9963009417579939,102,0,0,8499.096684583745,8499.096684583745,8499.096684583745,1.5,0.4615445807337952,0.16743042592315777,0.002186026890464584,60.5,62.61166508020037,0.08259469039500561,2,11:wildfire:alternative|35:flood:semiwild|36:wildfire:reserve|77:heatwave:reserve|100:flood:origin,0.008544699895684,0.07474428370247856,0.025687392334073942,0.008801488954796599,0.0003497643024743335,0.0008400681026908335,0.0005775328603633597,b233b49e5d43b60b,8
S4,state_dependent_rule,False,800803,0.125,0.125,1,1,305,144,3,1.0,1.0,16.666666666666668,72.7033025205552,0.4514986941941805,3.268048480590198,0.004133720089418978,0.9958662799105811,61,0,0,8489.598864262849,8489.598864262849,8489.598864262849,1.5,0.3369257895785238,0.13094358352184668,0.0038513670764202114,96.75,100.12691895056832,0.04160259879046155,0,2:flood:reserve|7:wildfire:origin|23:wildfire:reserve|61:funding_collapse,0.0036479585256546437,0.07543404676642347,0.044346833700699646,0.014052374467537732,0.0006162187322272339,0.0007875294725386127,0.0011400443781798052,b233b49e5d43b60b,8
S6,rule,False,800803,0.125,0.0,1,0,0,0,3,1.0,1.0,22.333333333333332,45.561268205430366,0.5243316669732103,0.0,,,0,0,0,8478.381445056908,8478.38144505691,8478.381445056908,1.5,0.680556219189746,0.07001705529757532,0.0,0.0,0.0,0.009807166893003616,0,2:flood:reserve|7:wildfire:origin|23:wildfire:reserve|61:funding_collapse,0.011680000000000008,0.06938094652411085,0.0,0.0,0.0,0.0005073865026788815,0.0,b233b49e5d43b60b,8
S7,forward_rollout_proxy,False,800803,0.0,0.0,0,0,0,0,3,1.0,1.0,22.0,32.319017269957804,0.21135739927279332,0.0,,,14,0,0,8496.213882272252,8496.213882272252,8496.213882272252,1.5,0.506377049230423,0.05546019281557287,0.0010214729597130196,16.25,16.817182769475306,0.024112439462652818,0,2:flood:reserve|7:wildfire:origin|23:wildfire:reserve|61:funding_collapse,0.003958913010784434,0.03579573042437356,0.00036829220623460447,0.0025273276446543098,0.00016343567355408314,0.00030834657711165776,0.0006327687425725479,b233b49e5d43b60b,8
S4,state_dependent_rule,False,800900,0.625,0.625,5,5,926,926,0,0.0,0.0,,353.062721958987,0.6525609761106801,4.157370465204364,0.0010652835699524557,0.9989347164300475,75,0,0,10521.361556881659,10521.361556881659,2104.272311376332,1.5,0.6479260672408248,0.4175564828340811,0.0006748322866600115,98.0,171.99136806336452,0.14970085728977478,3,29:funding_collapse|77:flood:origin|80:flood:semiwild|84:wildfire:origin,0.014383702871252959,0.051811941593981434,0.1067020167540181,0.010782659045952032,0.00010797316586560186,0.0008976196739514867,0.00039061751589410755,36742f2b3baa525d,9
S6,rule,False,800900,1.0,1.0,8,8,1171,1171,0,0.0,0.0,,831.8059062574777,0.7849608006487704,5.971598867624135,0.013813048723166821,0.9861869512768332,0,0,0,10602.657467342944,10602.657467342973,1325.332183417868,1.5,0.98,0.6203207404745728,0.000219706548381814,0.0,0.0,0.06302375899165716,3,29:funding_collapse|77:flood:origin|80:flood:semiwild|84:wildfire:origin,0.01600000000000001,0.02808211540949899,0.0,0.0,3.5153047741090236e-05,0.0009219308939895678,0.0,36742f2b3baa525d,9
S7,forward_rollout_proxy,False,800900,0.75,0.75,6,6,623,623,0,0.0,0.0,,675.6930475766322,0.7661444519636593,4.857243939924662,0.015076312272225514,0.9849236877277745,16,0,0,10567.61876048496,10567.61876048496,1761.26979341416,1.5,0.9144531827387764,0.5167667814174801,0.00036194278497831875,27.75,48.70163738528945,0.19624511872177938,3,29:funding_collapse|77:flood:origin|80:flood:semiwild|84:wildfire:origin,0.015467194524859675,0.03799318389364494,0.01030648724070479,0.0016054536260703919,5.791084559653102e-05,0.0009222955968798933,8.983817067730683e-05,36742f2b3baa525d,9
S4,state_dependent_rule,False,800901,0.75,0.625,6,5,937,937,0,0.0,0.0,,261.79341842499196,0.491295458041011,3.5531453713651318,0.0007773056052348307,0.9992226943947652,24,0,0,10519.261492827396,10519.261492827396,2103.852298565479,1.5,0.6432297229855638,0.41299734828090157,0.0006005435624054338,69.25,121.53471671824485,0.15946461134346945,3,12:funding_collapse|22:heatwave:origin|59:wildfire:origin,0.013321426491613305,0.046739313052556304,0.2705897228893603,0.019567580171315567,9.608696998486942e-05,0.0009869976013516784,0.00038643430745947445,36742f2b3baa525d,9
S6,rule,False,800901,1.0,0.875,8,7,1138,1138,0,0.0,0.0,,822.9250393064385,0.7848136297938177,5.821122521728456,0.00037914849013054715,0.9996208515098695,0,0,0,10602.971980621956,10602.971980621987,1514.7102829459939,1.5,0.98,0.5620236560734586,0.0001534526854219949,0.0,0.0,0.06031215428087041,3,12:funding_collapse|22:heatwave:origin|59:wildfire:origin,0.01600000000000001,0.028210899866452564,0.0,0.0,2.4552429667519183e-05,0.000950917910062393,0.0,36742f2b3baa525d,9
S7,forward_rollout_proxy,False,800901,0.75,0.75,6,6,1200,1200,0,0.0,0.0,,629.6802524027104,0.731853000009404,4.342633579595756,0.05054399681904456,0.9494560031809555,14,0,0,10550.931238034964,10550.931238034964,1758.488539672494,1.5,0.98,0.5179467092275429,0.00016294974751670992,17.75,31.151497786986948,0.19510186715792655,3,12:funding_collapse|22:heatwave:origin|59:wildfire:origin,0.015143822401317618,0.040977571532122344,0.04355916546138479,0.0016762925195323672,2.6071959602673586e-05,0.0008836744305943485,6.0687498669030036e-05,36742f2b3baa525d,9
S4,state_dependent_rule,False,800902,0.625,0.625,5,5,771,767,0,0.0,0.0,,401.1886498053876,0.6769704319413706,3.9974405927490344,0.0014116887093192912,0.9985883112906807,81,0,0,10525.941734335102,10525.941734335102,2105.1883468670203,1.5,0.7431042147147489,0.4254312074802757,0.0005245382285424861,86.5,151.80870752531663,0.14948190040655224,3,9:funding_collapse|60:flood:semiwild|80:flood:reserve,0.014483744443928477,0.05474515236493632,0.07503351090320913,0.014324852513394151,8.392611656679778e-05,0.001133073318362219,0.0003362560194885521,36742f2b3baa525d,9
S6,rule,False,800902,1.0,1.0,8,8,1200,1200,0,0.0,0.0,,844.6041190727682,0.7868833160809386,5.21246827786897,0.0,1.0,0,0,0,10605.160721688766,10605.160721688797,1325.6450902110957,1.5,0.98,0.6126210034365702,0.0002319095139599791,0.0,0.0,0.06248160328940261,3,9:funding_collapse|60:flood:semiwild|80:flood:reserve,0.01600000000000001,0.02615980242956782,0.0,0.0,3.710552223359666e-05,0.0009197759672600193,0.0,36742f2b3baa525d,9
S7,forward_rollout_proxy,False,800902,0.625,0.625,5,5,1147,1147,0,0.0,0.0,,758.8522554411633,0.7751300487457595,5.8612163743405405,2.1867556839647145e-05,0.9999781324431604,24,0,0,10569.091344451497,10569.091344451497,2113.8182688902994,1.5,0.98,0.4732099278733405,0.00019830320217416992,14.0,24.570195437623507,0.17673882064967536,3,9:funding_collapse|60:flood:semiwild|80:flood:reserve,0.015553932377882187,0.031026089603353273,0.008158229833307502,0.0012949600655789318,3.172851234786719e-05,0.0009657224340298504,4.517887806262991e-05,36742f2b3baa525d,9
S4,state_dependent_rule,False,800903,0.625,0.5,5,4,526,526,0,0.0,0.0,,328.65247234044654,0.7465288043167392,4.785615712528039,0.001518362006160611,0.9984816379938394,117,0,0,10450.0152635069,10450.0152635069,2612.503815876725,1.5,0.5357159126311781,0.3528291187048793,0.0004607001689710632,62.75,110.12712597934822,0.13200685158240555,3,38:funding_collapse|43:heatwave:reserve|44:flood:reserve|46:funding_collapse|73:flood:reserve|87:funding_collapse,0.015671004353159598,0.06168886551277084,0.003822266086337005,0.0014302476734580696,7.37120270353701e-05,0.0011039872417506911,0.00030542986503350226,36742f2b3baa525d,9
S6,rule,False,800903,1.0,1.0,8,8,1200,1200,0,0.0,0.0,,873.263984516972,0.7868094858215615,5.587400415075213,0.0,1.0,0,0,0,10538.784357535997,10538.784357536026,1317.3480446919996,1.5,0.98,0.6164403615932541,0.00030047676181173727,0.0,0.0,0.06283178721251007,3,38:funding_collapse|43:heatwave:reserve|44:flood:reserve|46:funding_collapse|73:flood:reserve|87:funding_collapse,0.01600000000000001,0.026199553408644962,0.0,0.0,4.807628188987796e-05,0.0009428844879039429,0.0,36742f2b3baa525d,9
S7,forward_rollout_proxy,False,800903,0.625,0.625,5,5,1030,1030,0,0.0,0.0,,669.7726937233991,0.7842782887284308,6.449080572994054,0.0,1.0,0,0,0,10492.009843222957,10492.009843222957,2098.4019686445913,1.5,0.9506425983506417,0.4758287155472871,0.00023092686818080595,2.75,4.826288389533188,0.175118249911412,3,38:funding_collapse|43:heatwave:reserve|44:flood:reserve|46:funding_collapse|73:flood:reserve|87:funding_collapse,0.015997827178574002,0.02866997528190334,4.705202943715128e-07,1.076805080124581e-06,3.694829890892896e-05,0.001012425796933965,1.4156438352699835e-05,36742f2b3baa525d,9
S4,state_dependent_rule,False,801000,0.25,0.25,2,2,234,0,3,1.0,1.0,18.0,118.98106512676209,0.5481779308019532,2.9044760323744154,0.0058615189285162374,0.9941384810714837,18,0,0,12482.24458806423,12482.24458806423,6241.122294032115,0.8388313645069897,0.05008726623773115,0.1608996607606514,0.001575174205257307,192.25,270.80696101452816,0.07173086906567061,0,33:flood:reserve,0.0027104025538914546,0.07898455164500537,0.0795864859805408,0.012585216493288597,0.00025202787284116923,0.0008174921683888396,0.001577857275352043,c61264a5ad1e9b98,10
S6,rule,False,801000,0.0,0.0,0,0,0,0,3,1.0,1.0,16.333333333333332,33.86148490980001,0.2791079930399901,0.0,,,0,0,0,12628.194931695258,12628.19493169526,12628.194931695258,0.9125520847278313,0.06728642791789974,0.008200497114197496,0.00031064668047215815,0.0,0.0,0.007359271612037609,0,33:flood:reserve,0.006560000000000005,0.05355435982362916,0.0,0.0,4.97034688755453e-05,0.0010279436675051906,0.0,c61264a5ad1e9b98,10
S7,forward_rollout_proxy,False,801000,0.125,0.0,1,0,0,0,3,1.0,1.0,23.666666666666668,38.709139394604136,0.3538152704618532,0.0,,,24,0,0,12517.117176003989,12517.11717600399,12517.117176003989,0.8556372577697183,0.05172229574498751,0.012712429680841596,0.0005981486066037561,43.75,61.6270717523308,0.03770100053171422,0,33:flood:reserve,0.0034066283916029793,0.04978458421130369,0.0038739054436128543,0.005995200712023463,9.570377705660098e-05,0.0006640730656188373,0.0018188460659003321,c61264a5ad1e9b98,10
S4,state_dependent_rule,False,801001,0.25,0.25,2,2,277,0,3,1.0,1.0,19.666666666666668,124.6414251167736,0.5522072700221908,2.882028044386688,0.007098124635274151,0.9929018753647258,22,0,0,12450.610745528673,12450.610745528673,6225.305372764336,0.8401165263587815,0.050077063802526,0.16027075012620284,0.0010433920029724233,186.5,262.7074030127933,0.06971381651041682,0,16:funding_collapse|32:heatwave:semiwild|33:flood:alternative|46:wildfire:origin|56:flood:reserve|88:wildfire:origin|99:wildfire:alternative,0.0029659067463254168,0.0793415188593203,0.07818978070573426,0.011787037723657514,0.0001669427204755877,0.0006998757999117605,0.001619876086383452,c61264a5ad1e9b98,10
S6,rule,False,801001,0.0,0.0,0,0,0,0,3,1.0,1.0,18.333333333333332,41.79127354595549,0.22244384172870743,0.0,,,0,0,0,12592.737189260411,12592.737189260411,12592.737189260411,0.9089205369457535,0.05140002000265359,0.006548250483958357,0.00029157328718991003,0.0,0.0,0.007041242418464989,0,16:funding_collapse|32:heatwave:semiwild|33:flood:alternative|46:wildfire:origin|56:flood:reserve|88:wildfire:origin|99:wildfire:alternative,0.005120000000000003,0.03767741997243979,0.0,0.0,4.6651725950385605e-05,0.0003120865729023918,0.0,c61264a5ad1e9b98,10
S7,forward_rollout_proxy,False,801001,0.0,0.0,0,0,0,0,3,1.0,1.0,22.333333333333332,37.52432551064086,0.2858764711362586,0.0,,,19,0,0,12489.320081653816,12489.320081653816,12489.320081653816,0.8590958005800499,0.05044659680506016,0.011076168042508229,0.0003872971144063919,27.0,38.0327071385813,0.03015754181001106,0,16:funding_collapse|32:heatwave:semiwild|33:flood:alternative|46:wildfire:origin|56:flood:reserve|88:wildfire:origin|99:wildfire:alternative,0.003743838552769405,0.041107467803995004,0.0007564326975701516,0.00434169932149425,6.196753830502272e-05,0.00060950223048114,0.001949360272283578,c61264a5ad1e9b98,10
S4,state_dependent_rule,False,801002,0.25,0.25,2,2,214,0,2,0.6666666666666666,1.0,12.0,103.70546332767448,0.5533491678152433,3.750673172494805,0.0020447114606152554,0.9979552885393848,23,0,0,12419.07501216087,12419.075012160869,6209.537506080435,0.8411077717035077,0.05008793083716503,0.16940304157983477,0.0011322811426540996,177.75,250.3819886623271,0.07193758385585108,1,3:funding_collapse|4:wildfire:semiwild|41:heatwave:origin|46:funding_collapse|57:wildfire:reserve|86:heatwave:reserve,0.0025885933297508405,0.07831974363120887,0.07816961520488333,0.011914057189977482,0.00018116498282465593,0.0006830986778000685,0.0016311159592394971,c61264a5ad1e9b98,10
S6,rule,False,801002,0.0,0.0,0,0,0,0,2,0.6666666666666666,1.0,20.5,31.924681278891462,0.27329588066718347,0.0,,,0,0,0,12594.852628018454,12594.852628018456,12594.852628018454,0.9322831506294815,0.06678528233427598,0.008062365986857074,0.000210683270668112,0.0,0.0,0.006919188767147376,1,3:funding_collapse|4:wildfire:semiwild|41:heatwave:origin|46:funding_collapse|57:wildfire:reserve|86:heatwave:reserve,0.006400000000000005,0.0519079910699416,0.0,0.0,3.3709323306897915e-05,0.0003624189395680772,0.0,c61264a5ad1e9b98,10
S7,forward_rollout_proxy,False,801002,0.0,0.0,0,0,0,0,2,0.6666666666666666,1.0,12.0,27.84593758681588,0.27332834930628375,0.0,,,22,0,0,12462.646592820216,12462.646592820216,12462.646592820216,0.8632192634274998,0.05173455508038775,0.011781060406179569,0.0003290309991079393,29.75,41.90640879158495,0.03303802449070396,1,3:funding_collapse|4:wildfire:semiwild|41:heatwave:origin|46:funding_collapse|57:wildfire:reserve|86:heatwave:reserve,0.0034381857661062894,0.03834245366851629,0.0009061890564824307,0.0034942856684469603,5.26449598572703e-05,0.0007275887331354196,0.0020956475942794884,c61264a5ad1e9b98,10
S4,state_dependent_rule,False,801003,0.25,0.25,2,2,195,0,3,1.0,1.0,21.333333333333332,87.76681435736504,0.5767029325312323,2.9388955742746354,0.16303990599082668,0.8369600940091733,17,0,0,12398.176590350038,12398.176590350038,6199.088295175019,0.8318802346073028,0.05008525135097384,0.15990935453871968,0.0017746063372152665,145.5,204.95403291346597,0.06505936830437971,0,28:funding_collapse|28:heatwave:reserve|57:funding_collapse,0.002942269741327686,0.07684849577704282,0.05465123466102266,0.013641121475852109,0.0002839370139544426,0.0008273631081715141,0.001782254637139185,c61264a5ad1e9b98,10
S6,rule,False,801003,0.0,0.0,0,0,0,0,2,0.6666666666666666,1.0,18.5,32.08070042420128,0.2094194098146408,0.0,,,0,0,0,12533.910207110597,12533.910207110597,12533.910207110597,0.9004504269446736,0.0658692980822773,0.008084770137200404,0.0003530050140642136,0.0,0.0,0.007489201644863366,1,28:funding_collapse|28:heatwave:reserve|57:funding_collapse,0.004800000000000003,0.03444649092799366,0.0,0.0,5.6480802250274175e-05,0.0002776184551153333,0.0,c61264a5ad1e9b98,10
S7,forward_rollout_proxy,False,801003,0.0,0.0,0,0,0,0,2,0.6666666666666666,1.0,17.5,29.020835997576782,0.2782956727152425,0.0,,,18,0,0,12431.945603390513,12431.945603390513,12431.945603390513,0.8487146766491259,0.05171110263229106,0.012209052772282432,0.000541005687073599,26.75,37.68055244285368,0.03518971254526663,1,28:funding_collapse|28:heatwave:reserve|57:funding_collapse,0.003592470177195203,0.0393325294417068,0.0008254578570730336,0.0035235883674849,8.656090993177584e-05,0.00047058375074995293,0.002133939366483844,c61264a5ad1e9b98,10
S4,state_dependent_rule,False,801100,0.25,0.125,2,1,153,0,1,0.3333333333333333,1.0,16.0,77.57258215532987,0.44926797996507184,4.492227979274612,0.0,1.0,29,0,0,10305.96871054879,10305.96871054879,10305.96871054879,1.5,0.05000000000000001,0.11769083249986502,0.0011445157732268025,116.25,102.5189532374946,0.057592763535594456,2,1:heatwave:alternative|10:heatwave:alternative|22:funding_collapse|24:heatwave:origin|55:flood:reserve|58:heatwave:alternative|79:flood:alternative|92:funding_collapse,0.0037358345968249974,0.07667188219500908,0.04847238863947828,0.014110478163049731,0.0001831225237162884,0.0009406881305891201,0.0009458856699575269,45eea64c7a4fda4b,11
S6,rule,False,801100,0.125,0.0,1,0,0,0,0,0.0,0.0,,68.26039452352263,0.3551409481699502,0.0,,,0,0,0,9910.271209837605,9910.271209837607,9910.271209837605,1.3808309780213244,0.07608347413138387,0.010112472210867161,7.773707773707774e-05,0.0,0.0,0.012520623988643863,3,1:heatwave:alternative|10:heatwave:alternative|22:funding_collapse|24:heatwave:origin|55:flood:reserve|58:heatwave:alternative|79:flood:alternative|92:funding_collapse,0.008160000000000006,0.05962896011192651,0.0,0.0,1.2437932437932438e-05,0.00035765378568540854,0.0,45eea64c7a4fda4b,11
S7,forward_rollout_proxy,False,801100,0.125,0.0,1,0,0,0,1,0.3333333333333333,1.0,12.0,42.529236880460374,0.2902694020433731,0.0,,,30,0,0,10208.748770849561,10208.748770849561,10208.748770849561,1.5,0.05000000000000001,0.015178654182385279,0.00015944344454325325,32.5,28.66121273306301,0.050893270911926386,2,1:heatwave:alternative|10:heatwave:alternative|22:funding_collapse|24:heatwave:origin|55:flood:reserve|58:heatwave:alternative|79:flood:alternative|92:funding_collapse,0.004613953237883393,0.0525855400575002,0.0006077244786742097,0.007828573650153494,2.5510951126920524e-05,0.0027948828758573045,0.0027148155729214895,45eea64c7a4fda4b,11
S4,state_dependent_rule,False,801101,0.25,0.25,2,2,153,0,1,0.3333333333333333,1.0,32.0,85.1667578827075,0.43573477422510015,2.955316202890924,0.0024942432862710942,0.9975057567137289,36,0,0,10338.05140869757,10338.05140869757,5169.025704348785,1.5,0.05000000000000001,0.16115254676545415,0.0007720361714214555,151.5,133.60534550950908,0.07049692368272446,2,26:heatwave:origin|34:heatwave:alternative|60:funding_collapse|97:funding_collapse|98:wildfire:semiwild|100:flood:alternative,0.0035033966204781886,0.07824355872638619,0.0689965123533489,0.010922083383186232,0.0001235257874274329,0.0006962576477367475,0.000912951943188296,45eea64c7a4fda4b,11
S6,rule,False,801101,0.0,0.0,0,0,0,0,1,0.3333333333333333,1.0,37.0,44.88561148040997,0.25387543587713673,0.0,,,0,0,0,10043.882332744812,10043.882332744815,10043.882332744812,1.5,0.1855258927273723,0.020404994115758166,0.0001112820190858865,0.0,0.0,0.009262024215104681,2,26:heatwave:origin|34:heatwave:alternative|60:funding_collapse|97:funding_collapse|98:wildfire:semiwild|100:flood:alternative,0.005760000000000004,0.03884588453117297,0.0,0.0,1.780512305374184e-05,0.0003008744686365499,0.0,45eea64c7a4fda4b,11
S7,forward_rollout_proxy,False,801101,0.125,0.0,1,0,0,0,1,0.3333333333333333,1.0,14.0,38.96088713475504,0.2888072182071456,0.0,,,27,0,0,10284.311650921607,10284.311650921607,10284.311650921607,1.5,0.05000000000000001,0.0142998480777512,0.00011345381526104418,31.25,27.55885839717597,0.046499240388756,2,26:heatwave:origin|34:heatwave:alternative|60:funding_collapse|97:funding_collapse|98:wildfire:semiwild|100:flood:alternative,0.004157668301278161,0.04438274439456626,0.0015567319236959886,0.0037986565027990117,1.815261044176707e-05,0.000620748030521459,0.0011555934740778635,45eea64c7a4fda4b,11
S4,state_dependent_rule,False,801102,0.125,0.125,1,1,180,0,0,0.0,0.0,,83.24546466335443,0.459645309972096,4.621968616262483,0.0013178130078667426,0.9986821869921333,24,0,0,10193.225279773938,10193.225279773938,10193.225279773938,1.5,0.05000000000000001,0.11866202316877625,0.0002672413793103448,126.0,111.11731705741349,0.055961685030757005,3,7:funding_collapse|69:heatwave:origin,0.0044558762922080495,0.07928575993569364,0.04751150932470948,0.01302005065888499,4.275862068965518e-05,0.0008484708946153735,0.0009196759822817943,45eea64c7a4fda4b,11
S6,rule,False,801102,0.125,0.0,1,0,0,0,0,0.0,0.0,,69.2197540675353,0.4113228279852392,0.0,,,0,0,0,10233.293746777385,10233.293746777385,10233.293746777385,1.5,0.31168527324103895,0.03370464761869225,0.00015504708464496902,0.0,0.0,0.012680601472941741,3,7:funding_collapse|69:heatwave:origin,0.009280000000000007,0.06031665882691633,0.0,0.0,2.4807533543195042e-05,0.00045570565430117985,0.0,45eea64c7a4fda4b,11
S7,forward_rollout_proxy,False,801102,0.125,0.125,1,1,155,0,0,0.0,0.0,,81.37312387683704,0.4796408178462394,2.8693419324017677,0.002778075572696731,0.9972219244273033,33,0,0,10285.889839375064,10285.889839375064,10285.889839375064,1.5,0.05000000000000001,0.10339489610325318,0.00013262599469496023,95.25,83.99940039459226,0.06725738389617748,3,7:funding_collapse|69:heatwave:origin,0.0051115405622622475,0.08096001580489601,0.03635851415774916,0.012222630511005498,2.1220159151193638e-05,0.0008572750523179139,0.0009750479417266086,45eea64c7a4fda4b,11
S4,state_dependent_rule,False,801103,0.25,0.25,2,2,189,0,0,0.0,0.0,,75.81752576651309,0.45092134239355386,3.2245088024995496,0.0014552915656006788,0.9985447084343994,38,0,0,10321.895925640487,10321.895925640487,5160.947962820243,1.5,0.05000000000000001,0.1658594209263362,0.0004927433367239647,144.25,127.21169036136425,0.08057166450670354,3,20:flood:semiwild|52:funding_collapse|94:heatwave:reserve,0.004074691334654423,0.08413970446733425,0.05685159374937964,0.008749586408470584,7.883893387583435e-05,0.0006773350168391834,0.0010727175116771468,45eea64c7a4fda4b,11
S6,rule,False,801103,0.125,0.0,1,0,0,0,0,0.0,0.0,,66.37426504789615,0.3980433618601621,0.0,,,0,0,0,10229.762685239633,10229.762685239637,10229.762685239633,1.5,0.18977958206681658,0.021859605882438144,0.00015151515151515152,0.0,0.0,0.014408238378782415,3,20:flood:semiwild|52:funding_collapse|94:heatwave:reserve,0.008960000000000006,0.057385823890459466,0.0,0.0,2.4242424242424244e-05,0.00038657182513602504,0.0,45eea64c7a4fda4b,11
S7,forward_rollout_proxy,False,801103,0.125,0.125,1,1,160,0,0,0.0,0.0,,76.28267118987998,0.48872051810125966,3.696217152757724,4.144026179630696e-05,0.9999585597382037,22,0,0,10307.119338245717,10307.119338245717,10307.119338245717,1.5,0.05000000000000001,0.11243024750404745,0.0007062985907179938,75.25,66.3617310203997,0.07109037988235103,3,20:flood:semiwild|52:funding_collapse|94:heatwave:reserve,0.004843541697219154,0.0783326199449673,0.03670970719038395,0.012108323937086704,0.00011300777451487899,0.0007875611024857213,0.0007899337483078007,45eea64c7a4fda4b,11
S4,state_dependent_rule,False,801200,0.625,0.5,5,4,599,598,3,1.0,1.0,36.333333333333336,286.82006324787176,0.6255327231153637,3.3865510168135584,0.06472765732877789,0.9352723426712222,272,0,0,14471.13492995348,14471.13492995348,3617.78373248837,0.7054873345624707,0.4728562737696693,0.3299732030395696,0.00047456413414135196,136.5,125.71823181805205,0.11911032747233545,0,46:flood:reserve|68:flood:reserve|91:flood:origin,0.014811455439314026,0.05501880884071908,0.055824484155012344,0.009745574145013676,7.593026146261634e-05,0.0011804929936192587,0.0003845317162679443,0c237ba3f404c25f,12
S6,rule,False,801200,1.0,0.875,8,7,649,649,0,0.0,0.0,,820.1310525588545,0.782058739315106,5.776274138967359,0.0,1.0,0,0,0,16123.486220900644,16123.486220900646,2303.355174414378,1.5,0.8975413903476245,0.5507583568293536,0.00041444766322511965,0.0,0.0,0.0474573820245876,2,46:flood:reserve|68:flood:reserve|91:flood:origin,0.01600000000000001,0.030913431496043097,0.0,0.0,6.631162611601913e-05,0.0009615175627350888,0.0,0c237ba3f404c25f,12
S7,forward_rollout_proxy,False,801200,0.75,0.75,6,6,1153,1153,1,0.3333333333333333,1.0,24.0,485.260984421579,0.7006427526926522,3.8442529294179315,0.051539494763493655,0.9484605052365064,144,0,0,15551.208811927325,15551.208811927325,2591.868135321221,1.3632947498539068,0.6699999999999999,0.4779406278521785,0.0005947479776442881,91.75,84.50291406085178,0.1749904927899959,2,46:flood:reserve|68:flood:reserve|91:flood:origin,0.015620775849285149,0.050558774932898905,0.021733057312342846,0.0020088226540320013,9.515967642308607e-05,0.0008258896863589293,0.00016811087997185687,0c237ba3f404c25f,12
S4,state_dependent_rule,False,801201,0.625,0.5,5,4,489,386,3,1.0,1.0,31.0,219.10452061884996,0.4481033142173469,3.433529469910021,0.008397511539133831,0.9916024884608662,225,0,0,14061.12512634004,14061.12512634004,3515.28128158501,0.22337337160086423,0.5665248337941345,0.3396662101183728,0.0003594738613062764,164.0,151.04608071912477,0.11839216019929542,0,44:wildfire:alternative|55:heatwave:alternative|66:flood:reserve|78:heatwave:origin,0.012339031923309911,0.06063089716833356,0.1682035896522072,0.0222497125931722,5.7515817809004226e-05,0.0011187465337459122,0.00037162061705536543,0c237ba3f404c25f,12
S6,rule,False,801201,1.0,0.875,8,7,549,549,0,0.0,0.0,,723.3868132234223,0.7784318648677631,4.456074766495921,0.0,1.0,0,0,0,16125.865242237523,16125.865242237525,2303.6950346053604,1.5,0.9179113232512991,0.5394710816538967,0.00011175578820373208,0.0,0.0,0.04684600831903777,2,44:wildfire:alternative|55:heatwave:alternative|66:flood:reserve|78:heatwave:origin,0.01600000000000001,0.03459887388270949,0.0,0.0,1.788092611259713e-05,0.000951380323414767,0.0,0c237ba3f404c25f,12
S7,forward_rollout_proxy,False,801201,0.75,0.625,6,5,1200,1200,2,0.6666666666666666,1.0,32.5,494.80402703845624,0.640156197939971,3.9918784963231246,0.001211439748164859,0.9987885602518352,16,0,0,15447.33927303063,15447.33927303063,3089.467854606126,1.2093980102946817,0.6699999999999999,0.4207138233444421,0.0002411426096934468,69.75,64.2406349399936,0.1627251919060541,1,44:wildfire:alternative|55:heatwave:alternative|66:flood:reserve|78:heatwave:origin,0.014918024806875976,0.046778715785862575,0.06657835736644345,0.005871151223426997,3.85828175509515e-05,0.0009278950967273494,0.00012282299992285144,0c237ba3f404c25f,12
S4,state_dependent_rule,False,801202,0.625,0.5,5,4,621,621,3,1.0,1.0,32.0,204.00146369642226,0.39610416725863606,4.672576573209602,0.0008208269825851651,0.9991791730174149,131,0,0,14084.005543566318,14084.005543566318,3521.0013858915795,0.4426192307118202,0.5524672531442207,0.34991395805564596,0.0004033345027908937,107.75,99.23911705783958,0.11470733504563939,0,13:funding_collapse|44:funding_collapse|76:wildfire:alternative|78:funding_collapse|93:funding_collapse|100:heatwave:reserve,0.01292234543845501,0.048959669057324975,0.23377330756690004,0.024552888011333766,6.453352044654299e-05,0.0011164707147636947,0.0002528190175118234,0c237ba3f404c25f,12
S6,rule,False,801202,0.875,0.875,7,7,1200,1200,1,0.3333333333333333,1.0,37.0,820.2263136230235,0.7872321032479861,6.582064717216717,0.0,1.0,0,0,0,15949.426597940195,15949.4265979402,2278.4895139914565,1.5,0.8985102128999202,0.5591126359123867,0.000603298723016698,0.0,0.0,0.048454837251137466,2,13:funding_collapse|44:funding_collapse|76:wildfire:alternative|78:funding_collapse|93:funding_collapse|100:heatwave:reserve,0.01600000000000001,0.025739514813034846,0.0,0.0,9.652779568267167e-05,0.0009318541432964873,0.0,0c237ba3f404c25f,12
S7,forward_rollout_proxy,False,801202,0.625,0.625,5,5,1155,1155,2,0.6666666666666666,1.0,31.0,445.011680857715,0.5727413204882573,4.688747423747927,0.006442761551104357,0.9935572384488957,23,0,0,15213.625562873689,15213.625562873689,3042.725112574738,1.160678514944852,0.585147177341442,0.41824702714395456,0.000242719911610122,83.75,77.13481256235794,0.15797417586165555,1,13:funding_collapse|44:funding_collapse|76:wildfire:alternative|78:funding_collapse|93:funding_collapse|100:heatwave:reserve,0.01458914586937746,0.04132045342847653,0.12624687793741474,0.00870008146227596,3.8835185857619513e-05,0.0008941925408473456,0.00012499273936394665,0c237ba3f404c25f,12
S4,state_dependent_rule,False,801203,0.5,0.375,4,3,562,236,2,0.6666666666666666,1.0,20.0,167.50582333062275,0.5424869438146773,2.565751352634321,0.005610554650927323,0.9943894453490727,255,0,0,13516.001360277114,13516.001360277116,4505.333786759038,0.0,0.455942174862295,0.26135561784987366,0.0006606606063402399,207.5,191.11013261718512,0.10676943418650456,1,11:funding_collapse|20:wildfire:reserve|38:funding_collapse|43:heatwave:alternative|47:wildfire:origin|57:wildfire:reserve|96:heatwave:semiwild,0.008506004309122395,0.07585986966167718,0.04909853179803563,0.00967618973655989,0.00010570569701443843,0.0008546096022004172,0.0008952747033261632,0c237ba3f404c25f,12
S6,rule,False,801203,0.875,0.875,7,7,1153,1153,1,0.3333333333333333,1.0,35.0,827.3780972238135,0.785087929150913,5.979473610683235,0.0,1.0,0,0,0,16015.159670591696,16015.159670591696,2287.879952941671,1.5,0.98,0.5620896301405027,2.6595744680851064e-05,0.0,0.0,0.05272447016835222,2,11:funding_collapse|20:wildfire:reserve|38:funding_collapse|43:heatwave:alternative|47:wildfire:origin|57:wildfire:reserve|96:heatwave:semiwild,0.01600000000000001,0.02794695227336819,0.0,0.0,4.25531914893617e-06,0.0009608632565698543,0.0,0c237ba3f404c25f,12
S7,forward_rollout_proxy,False,801203,0.75,0.75,6,6,1200,1200,1,0.3333333333333333,1.0,22.0,425.19856511277635,0.6217999471268193,3.5138951588778125,0.029003687698319805,0.9709963123016802,129,0,0,15285.63150386555,15285.63150386555,2547.6052506442584,1.1237265304472055,0.6699999999999999,0.4769698988976979,0.00020083426923414124,85.75,78.97683793698141,0.18665473654459902,2,11:funding_collapse|20:wildfire:reserve|38:funding_collapse|43:heatwave:alternative|47:wildfire:origin|57:wildfire:reserve|96:heatwave:semiwild,0.014902790254649825,0.04955560119142446,0.07530318181297772,0.009700789481283547,3.21334830774626e-05,0.001015879820135691,0.00018123039645540472,0c237ba3f404c25f,12
S4,state_dependent_rule,False,801300,0.125,0.125,1,1,175,0,0,0.0,0.0,,82.8498606180505,0.5787476902642817,3.6050618010594464,0.0,1.0,26,0,0,19440.317548929124,19440.317548929124,19440.317548929124,1.017188885201702,0.15809568517860093,0.11795961825794733,0.002527088891576778,186.75,318.53313936103376,0.04924715864746383,3,2:flood:origin|17:heatwave:reserve|48:heatwave:semiwild|59:flood:semiwild|65:wildfire:reserve,0.002437042773162403,0.07524463767669187,0.05603058005912607,0.016854186873308682,0.0004043342226522846,0.0009079098225215095,0.002701745242921155,f94656cff0020b14,13
S6,rule,False,801300,0.125,0.0,1,0,0,0,0,0.0,0.0,,34.05757523723716,0.3821515456145262,0.0,,,0,0,0,20856.117625514245,20856.117625514245,20856.117625514245,1.5,0.6699999999999999,0.0697614143058595,0.000326906262866854,0.0,0.0,0.013807071529297568,3,2:flood:origin|17:heatwave:reserve|48:heatwave:semiwild|59:flood:semiwild|65:wildfire:reserve,0.008640000000000007,0.05685782506676021,0.0,0.0,5.230500205869664e-05,0.000498324316655006,0.0,f94656cff0020b14,13
S7,forward_rollout_proxy,False,801300,0.375,0.375,3,3,351,53,0,0.0,0.0,,101.73699744362925,0.5527096717928028,2.3165301622968317,0.011334657406289667,0.9886653425937103,113,0,0,19832.930842437203,19832.930842437203,6610.976947479067,1.2187325615997897,0.28984158332918597,0.24327219342250211,0.0016102835668270158,184.5,314.6953906940332,0.11186366733307598,3,2:flood:origin|17:heatwave:reserve|48:heatwave:semiwild|59:flood:semiwild|65:wildfire:reserve,0.003650982152535858,0.08261208402523872,0.08560987732248616,0.015721218054398335,0.00025764537069232257,0.0008046127537133673,0.00253815861879861,f94656cff0020b14,13
S4,state_dependent_rule,False,801301,0.25,0.25,2,2,284,0,2,0.6666666666666666,1.0,21.5,127.97033667832977,0.5497834732927644,4.226950553049301,0.0015148949735541023,0.9984851050264459,54,0,0,19742.88807133722,19742.888071337216,9871.44403566861,1.1206314557067565,0.16138681685458578,0.18482009161373003,0.0024527692809418094,294.75,502.74507537705387,0.06955952198889229,1,3:heatwave:semiwild|12:flood:origin|46:wildfire:semiwild|69:heatwave:semiwild,0.0027489695208176472,0.07826990863535474,0.0874135786939357,0.012722481613180982,0.0003924430849506895,0.0007266961654678336,0.0026061566504337,f94656cff0020b14,13
S6,rule,False,801301,0.125,0.0,1,0,0,0,1,0.3333333333333333,1.0,17.0,57.247759080085686,0.5033621722717195,0.0,,,0,0,0,20984.48672793777,20984.48672793777,20984.48672793777,1.5,0.6699999999999999,0.06943433131130287,0.00022038734745917068,0.0,0.0,0.012171656556514426,2,3:heatwave:semiwild|12:flood:origin|46:wildfire:semiwild|69:heatwave:semiwild,0.011360000000000007,0.07393415274704668,0.0,0.0,3.5261975593467306e-05,0.0006084130056403897,0.0,f94656cff0020b14,13
S7,forward_rollout_proxy,False,801301,0.375,0.125,3,1,284,111,1,0.3333333333333333,1.0,14.0,129.27977596542695,0.6023468304959743,4.6348695552235375,0.00209986974919011,0.9979001302508099,222,0,0,20225.24815245815,20225.24815245815,20225.24815245815,1.414481668733068,0.4023634646615677,0.15983199096454004,0.002169665797956741,209.5,357.3370425495933,0.0849847447307393,2,3:heatwave:semiwild|12:flood:origin|46:wildfire:semiwild|69:heatwave:semiwild,0.005301409486709821,0.0761761869526489,0.0515212820802795,0.01648010160284182,0.0003471465276730784,0.0008569884628785896,0.0020377939744317926,f94656cff0020b14,13
S4,state_dependent_rule,False,801302,0.25,0.25,2,2,255,0,0,0.0,0.0,,113.98704877609529,0.5615634122347292,2.565494439882474,0.0028140057226892466,0.9971859942773108,62,0,0,19606.519908152997,19606.519908152997,9803.259954076499,1.0895457647040434,0.054044785833097964,0.15902919599289903,0.0020439454184613837,214.0,365.01253988359423,0.07734886505382235,3,1:flood:semiwild|14:wildfire:origin|24:funding_collapse|31:heatwave:origin|62:funding_collapse|64:wildfire:semiwild|72:heatwave:semiwild|87:heatwave:alternative|98:wildfire:alternative,0.002934123333114309,0.07770980008385679,0.07897954519760439,0.012106228495669093,0.00032703126695382133,0.0006678247707542268,0.0022995446091008697,f94656cff0020b14,13
S6,rule,False,801302,0.0,0.0,0,0,0,0,0,0.0,0.0,,59.10729403915417,0.2676029930162429,0.0,,,0,0,0,20761.620163128293,20761.620163128297,20761.620163128293,1.5,0.5618606991080356,0.05840124270752933,0.0005698053939880626,0.0,0.0,0.01107586398362884,3,1:flood:semiwild|14:wildfire:origin|24:funding_collapse|31:heatwave:origin|62:funding_collapse|64:wildfire:semiwild|72:heatwave:semiwild|87:heatwave:alternative|98:wildfire:alternative,0.006080000000000005,0.04131464911310083,0.0,0.0,9.116886303809e-05,0.0003111890076181649,0.0,f94656cff0020b14,13
S7,forward_rollout_proxy,False,801302,0.25,0.25,2,2,236,0,0,0.0,0.0,,83.25533433287323,0.6132140381658434,1.9986026730992557,0.0138102372768806,0.9861897627231194,46,0,0,20066.646949752496,20066.646949752496,10033.323474876248,1.3712340405338865,0.19006277427352605,0.16975796831819015,0.002844052193582885,121.0,206.38559498091078,0.09132832079922494,3,1:flood:semiwild|14:wildfire:origin|24:funding_collapse|31:heatwave:origin|62:funding_collapse|64:wildfire:semiwild|72:heatwave:semiwild|87:heatwave:alternative|98:wildfire:alternative,0.004754082254215329,0.07922777477350962,0.041891596232193094,0.011139694726193628,0.0004550483509732615,0.0007377979458229678,0.002956681906928353,f94656cff0020b14,13
S4,state_dependent_rule,False,801303,0.25,0.25,2,2,228,0,2,0.6666666666666666,1.0,16.5,110.10226327729757,0.5682011655833827,3.6697279451342117,0.007434457283439182,0.9925655427165608,32,0,0,19717.836750749186,19717.836750749186,9858.918375374593,1.112655546208159,0.161114327670721,0.1791323268144704,0.0018245843551665175,258.0,440.06184714938036,0.06911807298028087,1,5:wildfire:origin|49:heatwave:origin,0.0028599063107340485,0.07709546902313112,0.06620490693325479,0.014737439489946703,0.0002919334968266428,0.0008254085769729432,0.002825021466293562,f94656cff0020b14,13
S6,rule,False,801303,0.125,0.0,1,0,0,0,1,0.3333333333333333,1.0,45.0,54.045542592260865,0.4340840226206863,0.0,,,0,0,0,20975.56852595118,20975.56852595118,20975.56852595118,1.5,0.6699999999999999,0.06927060389699291,0.0001272264631043257,0.0,0.0,0.011353019484964592,2,5:wildfire:origin|49:heatwave:origin,0.009760000000000008,0.06202187667070563,0.0,0.0,2.035623409669211e-05,0.0004137444745114073,0.0,f94656cff0020b14,13
S7,forward_rollout_proxy,False,801303,0.25,0.125,2,1,261,109,1,0.3333333333333333,1.0,11.0,94.75752099609744,0.6157891591990609,3.7834490419327964,0.007415965717162929,0.992584034282837,223,0,0,20221.154959533975,20221.154959533975,20221.154959533975,1.4149678038549791,0.402198952872934,0.14815418517499068,0.0026143339881400563,180.0,307.01989336003254,0.06924899734184647,2,5:wildfire:origin|49:heatwave:origin,0.005500019327401825,0.0771414689659417,0.04007572852489909,0.013248010101861598,0.0004182934381024091,0.0007988422827745508,0.0028510633256555434,f94656cff0020b14,13
S4,state_dependent_rule,False,801400,0.75,0.75,6,6,1026,1026,2,0.6666666666666666,1.0,33.0,248.32836406087137,0.40558901784746504,3.965018257103864,0.05452109811899448,0.9454789018810055,62,0,0,17403.262277329035,17403.262277329035,2900.5437128881726,1.5,0.7259020809480092,0.4810380193291227,0.0008079941198055865,81.5,108.57597724760937,0.15648814331641547,1,6:flood:semiwild|18:heatwave:alternative|25:heatwave:origin|35:flood:origin|51:heatwave:reserve|59:heatwave:alternative|80:wildfire:semiwild|96:funding_collapse,0.013453242256874247,0.03888852907621692,0.2512466532693286,0.020230851075675783,0.00012927905916889384,0.0010639258482433864,0.00023134837965887292,c6ca159a3d21d5e8,14
S6,rule,False,801400,1.0,0.875,8,7,1180,1180,0,0.0,0.0,,791.6626811824215,0.7837454495838436,6.203845733700994,0.0,1.0,0,0,0,17456.19519975823,17456.19519975823,2493.7421713940325,1.5,0.98,0.5636975816088667,0.0003807191975809287,0.0,0.0,0.049545621359284,3,6:flood:semiwild|18:heatwave:alternative|25:heatwave:origin|35:flood:origin|51:heatwave:reserve|59:heatwave:alternative|80:wildfire:semiwild|96:funding_collapse,0.01600000000000001,0.029251237033375888,0.0,0.0,6.0915071612948605e-05,0.0009423983111675105,0.0,c6ca159a3d21d5e8,14
S7,forward_rollout_proxy,False,801400,0.875,0.625,7,5,1198,1198,2,0.6666666666666666,1.0,39.5,546.189534496177,0.6309878750717216,5.296498110321723,0.0,1.0,79,0,0,17423.132976155564,17423.132976155564,3484.626595231113,1.5,0.9344560422079945,0.4610944969912104,0.0008936739722145891,91.5,121.89818304486214,0.16716955833596875,1,6:flood:semiwild|18:heatwave:alternative|25:heatwave:origin|35:flood:origin|51:heatwave:reserve|59:heatwave:alternative|80:wildfire:semiwild|96:funding_collapse,0.014813705086731545,0.04336674931092764,0.07200025728376369,0.009797593063004638,0.00014298783555433418,0.0008250233559805905,0.00019721706827714465,c6ca159a3d21d5e8,14
S4,state_dependent_rule,False,801401,0.875,0.75,7,6,1200,1191,0,0.0,0.0,,562.6989864407691,0.6168187865803061,5.365485949458527,7.854489371258304e-05,0.9999214551062874,64,0,0,17439.482721730456,17439.482721730456,2906.5804536217424,1.5,0.7927732528207224,0.5029724000673129,0.000707472776987928,116.5,155.2036975379937,0.16270107645327703,3,62:flood:origin|87:funding_collapse,0.014363490094769959,0.038232983749526134,0.09399865410970913,0.007617768896232628,0.00011319564431806837,0.0008983385871094039,0.00022632532116996845,c6ca159a3d21d5e8,14
S6,rule,False,801401,1.0,0.875,8,7,1085,1085,0,0.0,0.0,,775.9076443023503,0.7848744664397859,5.847872508560893,0.0037041749882967107,0.9962958250117033,0,0,0,17467.809292820788,17467.80929282079,2495.401327545827,1.5,0.98,0.5606322282825487,0.0003352198175223695,0.0,0.0,0.05201751598469874,3,62:flood:origin|87:funding_collapse,0.01600000000000001,0.028090020989470714,0.0,0.0,5.363517080357912e-05,0.0009818773999400367,0.0,c6ca159a3d21d5e8,14
S7,forward_rollout_proxy,False,801401,0.875,0.75,7,6,818,818,1,0.3333333333333333,1.0,21.0,647.8976065170552,0.6913555898657081,4.254893638815527,0.0002530205704904652,0.9997469794295095,47,0,0,17458.682580894896,17458.682580894896,2909.780430149149,1.5,0.8928885780206199,0.5072992571618095,0.0007922824419620676,70.25,93.58849572570014,0.18980731485796076,2,62:flood:origin|87:funding_collapse,0.014872662986062388,0.03822316189319614,0.04071512972459975,0.0025202459839999865,0.00012676519071393085,0.0008698962838356813,0.00014100827027800736,c6ca159a3d21d5e8,14
S4,state_dependent_rule,False,801402,0.875,0.75,7,6,1200,1174,1,0.3333333333333333,1.0,31.0,537.9501329575832,0.5927907594535629,4.474778517915162,0.0021942798098551694,0.9978057201901448,132,0,0,17461.202178901473,17461.202178901476,2910.2003631502453,1.5,0.8221036622383785,0.4981364330035788,0.0011629550244405878,158.5,211.15696188645512,0.16839140800294636,2,16:flood:reserve|39:heatwave:origin|59:wildfire:reserve,0.014007170091072899,0.045082671947089724,0.10322725056714864,0.0071153879195674855,0.00018607280391049404,0.0008509222253565909,0.0002633174878702009,c6ca159a3d21d5e8,14
S6,rule,False,801402,1.0,1.0,8,8,1171,1171,0,0.0,0.0,,869.2041711662594,0.7855763584940095,5.616057811077211,0.0,1.0,0,0,0,17512.456029234334,17512.456029234334,2189.0570036542917,1.5,0.98,0.6151123480746589,0.0002478313311140059,0.0,0.0,0.05475884981943388,3,16:flood:reserve|39:heatwave:origin|59:wildfire:reserve,0.01600000000000001,0.027472710839629422,0.0,0.0,3.965301297824095e-05,0.000911277653382247,0.0,c6ca159a3d21d5e8,14
S7,forward_rollout_proxy,False,801402,1.0,0.75,8,6,1172,1172,0,0.0,0.0,,773.9804745454373,0.7330749397753469,5.422094601776728,0.0,1.0,78,0,0,17488.39144754625,17488.39144754625,2914.7319079243753,1.5,0.9755206875451831,0.5322169569535904,0.0003870453800629827,44.75,59.616870942705745,0.21471971090652414,3,16:flood:reserve|39:heatwave:origin|59:wildfire:reserve,0.015372932516637223,0.03458050804824749,0.02005012547165462,0.0015412418615990554,6.192726081007725e-05,0.0009021725332049426,6.909782113991733e-05,c6ca159a3d21d5e8,14
S4,state_dependent_rule,False,801403,0.75,0.625,6,5,1200,1200,2,0.6666666666666666,1.0,47.5,424.05941720096934,0.5295839011810721,4.616169077539146,0.00042530186629283494,0.9995746981337071,37,0,0,17433.669073714813,17433.669073714813,3486.7338147429627,1.5,0.8148401304743557,0.4371083496363401,0.0006620038105905043,126.5,168.52590333524648,0.1410632290675654,1,19:flood:semiwild|26:funding_collapse|31:wildfire:origin,0.014304068784411861,0.04094496972508197,0.1577024844861165,0.014377464416627015,0.00010592060969448067,0.001033142980633218,0.00023274335633179834,c6ca159a3d21d5e8,14
S6,rule,False,801403,0.875,0.875,7,7,1182,1182,1,0.3333333333333333,1.0,27.0,835.0862840818055,0.7855498910538194,6.29403537357464,0.0,1.0,0,0,0,17469.312942129847,17469.31294212985,2495.616134589978,1.5,0.98,0.5639145958284025,0.00013426795779736958,0.0,0.0,0.04612121046328038,1,19:flood:semiwild|26:funding_collapse|31:wildfire:origin,0.01600000000000001,0.027466603927331152,0.0,0.0,2.1482873247579128e-05,0.000962022145601541,0.0,c6ca159a3d21d5e8,14
S7,forward_rollout_proxy,False,801403,0.75,0.75,6,6,1200,1200,1,0.3333333333333333,1.0,35.0,723.0731434964296,0.7578182371211157,5.278199573772468,0.0004655557883652425,0.9995344442116347,20,0,0,17438.87431531854,17438.87431531854,2906.47905255309,1.5,0.9755206875451831,0.5254118547095239,0.0002522472751057107,28.0,37.30217623230751,0.18788895108640452,2,19:flood:semiwild|26:funding_collapse|31:wildfire:origin,0.015784358068615955,0.03358428823058401,0.006290851697637839,0.0009712984099867117,4.035956401691372e-05,0.0009504584462605349,4.976760782381928e-05,c6ca159a3d21d5e8,14
S4,state_dependent_rule,False,801500,0.5,0.125,4,1,54,0,3,1.0,1.0,38.0,95.31413760852861,0.6719610571864405,2.0,0.017988819491405312,0.9820111805085947,28,0,0,3470.8470599960756,3470.8470599960756,3470.8470599960756,1.5,0.42662704109051924,0.1309340212441343,0.0038085131912186233,27.75,60.14901064605173,0.060106585675411925,0,3:flood:reserve|15:wildfire:semiwild|51:funding_collapse|85:heatwave:alternative|90:flood:semiwild|93:heatwave:semiwild,0.009587463457156869,0.08100005614893306,0.005331609825534164,0.007200745037165747,0.0006093621105949798,0.0008822486860028569,0.002203907642411762,81f225ef1a2c8e78,15
S6,rule,False,801500,0.75,0.75,6,6,390,390,2,0.6666666666666666,1.0,35.0,517.3386042356076,0.7652538941218223,4.410661314527274,0.018265511395358838,0.9817344886046412,0,0,0,3484.4738866287767,3484.4738866287767,580.7456477714628,1.5,0.8509934442993582,0.47573488796292357,0.00010820361859112535,0.0,0.0,0.04514465193857485,1,3:flood:reserve|15:wildfire:semiwild|51:funding_collapse|85:heatwave:alternative|90:flood:semiwild|93:heatwave:semiwild,0.01600000000000001,0.04775404844448637,0.0,0.0,1.7312578974580057e-05,0.0009747448547167575,0.0,81f225ef1a2c8e78,15
S7,forward_rollout_proxy,False,801500,0.5,0.25,4,2,171,171,1,0.3333333333333333,1.0,25.0,179.88353508795953,0.7346979323833135,1.4907216494845361,0.12050725396432134,0.8794927460356786,7,0,0,3471.832663513627,3471.832663513627,1735.9163317568134,1.5,0.5738063495998675,0.2084420134147721,0.0006203222623050165,17.75,38.47369149432137,0.11827080979969967,2,3:flood:reserve|15:wildfire:semiwild|51:funding_collapse|85:heatwave:alternative|90:flood:semiwild|93:heatwave:semiwild,0.016741392340273005,0.06531799857481102,8.255790748324644e-05,0.00010576067833471552,9.925156196880263e-05,0.0006809556864577161,0.0003122948384406863,81f225ef1a2c8e78,15
S4,state_dependent_rule,False,801501,0.5,0.375,4,3,276,275,3,1.0,1.0,33.666666666666664,131.5570693358495,0.6821378091935633,1.327147766323024,0.14926991577754958,0.8507300842224504,90,0,0,3480.5231652224224,3480.5231652224224,1160.1743884074742,1.5,0.5126722142095083,0.2516781094822601,0.0009057996865178149,43.75,94.82952128882029,0.09194705199039495,0,38:funding_collapse|71:heatwave:origin|98:flood:alternative,0.012035208038296925,0.07480995454677536,0.01646643734150137,0.014389356705372853,0.00014492794984285039,0.0009712044940043837,0.0009952974442521295,81f225ef1a2c8e78,15
S6,rule,False,801501,0.75,0.375,6,3,21,21,1,0.3333333333333333,1.0,30.0,451.9734896530929,0.7505248068729684,2.8988095238095237,0.0,1.0,0,0,0,3490.329555452508,3490.3295554525084,1163.443185150836,1.5,0.7200473863733242,0.2768604351678575,8.144007693232358e-05,0.0,0.0,0.0355880064621493,2,38:funding_collapse|71:heatwave:origin|98:flood:alternative,0.01600000000000001,0.06259461159558458,0.0,0.0,1.3030412309171775e-05,0.000867551119137746,0.0,81f225ef1a2c8e78,15
S7,forward_rollout_proxy,False,801501,0.5,0.375,4,3,539,539,2,0.6666666666666666,1.0,29.5,228.26438591303716,0.7037640716389274,1.6665255236153511,0.08567235915532244,0.9143276408446775,4,0,0,3480.081479023987,3480.081479023987,1160.0271596746622,1.5,0.6081355755341883,0.2696005762472643,0.0004312643855770471,14.75,31.971095748802277,0.11685881728845976,1,38:funding_collapse|71:heatwave:origin|98:flood:alternative,0.014609368246747334,0.05213477127388072,0.05239056300789145,0.0031738824091843533,6.900230169232756e-05,0.0006711064543719248,0.00018350150160507912,81f225ef1a2c8e78,15
S4,state_dependent_rule,False,801502,0.25,0.125,2,1,117,116,3,1.0,1.0,20.666666666666668,86.52512407038071,0.6913781577525653,1.0,0.33068458268942674,0.6693154173105733,22,0,0,3475.6462900797,3475.6462900797,3475.6462900797,1.5,0.5086572082527342,0.1279937725839459,0.0006950295661562173,21.75,47.143819155013496,0.05439025879336239,0,13:heatwave:origin|23:funding_collapse|39:wildfire:alternative|44:funding_collapse|62:funding_collapse|78:flood:semiwild|97:flood:semiwild,0.01263386892255726,0.06878458902885005,0.03916108437249351,0.013953009796104114,0.00011120473058499476,0.0006759462508004643,0.0006116350646571693,81f225ef1a2c8e78,15
S6,rule,False,801502,0.125,0.0,1,0,0,0,1,0.3333333333333333,1.0,13.0,72.55487247457532,0.6327768777808832,0.0,,,0,0,0,3465.4884606047344,3465.4884606047344,3465.4884606047344,1.5,0.7442745098593234,0.07719343169740182,7.978723404255319e-05,0.0,0.0,0.01382990355734744,2,13:heatwave:origin|23:funding_collapse|39:wildfire:alternative|44:funding_collapse|62:funding_collapse|78:flood:semiwild|97:flood:semiwild,0.014080000000000011,0.08296402358210365,0.0,0.0,1.276595744680851e-05,0.0005663326795662564,0.0,81f225ef1a2c8e78,15
S7,forward_rollout_proxy,False,801502,0.125,0.125,1,1,186,186,3,1.0,1.0,22.666666666666668,98.11648597108108,0.6359211741023088,1.9963069821119446,0.004998358097865274,0.9950016419021347,1,0,0,3466.7382517076016,3466.7382517076016,3466.7382517076016,1.5,0.6699999999999999,0.1540690968746577,8.04289544235925e-05,4.25,9.212010639485403,0.054280135267691196,0,13:heatwave:origin|23:funding_collapse|39:wildfire:alternative|44:funding_collapse|62:funding_collapse|78:flood:semiwild|97:flood:semiwild,0.012972150839559979,0.046443611704532366,0.05352900094016291,0.07644168746047851,1.28686327077748e-05,0.002851940328208509,0.00017085165122215606,81f225ef1a2c8e78,15
S4,state_dependent_rule,False,801503,0.375,0.0,3,0,0,0,2,0.6666666666666666,1.0,23.5,85.87877208951261,0.40449140196031874,0.0,,,12,0,0,3460.494644923554,3460.494644923554,3460.494644923554,1.5,0.22485513776680133,0.03274258498205099,0.0033745174985671095,20.75,44.976287239840474,0.05128535602685427,1,10:funding_collapse|33:wildfire:alternative|34:funding_collapse|38:heatwave:reserve|42:heatwave:origin|64:funding_collapse|68:wildfire:origin|71:wildfire:alternative|78:flood:semiwild|84:flood:alternative,0.00771276397590692,0.05230417406328208,0.00018212845631875225,0.0018288999294430778,0.0005399227997707376,0.0006549701173030084,0.002748735602048344,81f225ef1a2c8e78,15
S6,rule,False,801503,0.75,0.0,6,0,0,0,2,0.6666666666666666,1.0,27.0,290.5194032082663,0.7080805091135813,0.0,,,0,0,0,3471.398650979187,3471.398650979187,3471.398650979187,1.5,0.6557667619323452,0.07227842824109643,8.13008130081301e-05,0.0,0.0,0.03350876023930949,1,10:funding_collapse|33:wildfire:alternative|34:funding_collapse|38:heatwave:reserve|42:heatwave:origin|64:funding_collapse|68:wildfire:origin|71:wildfire:alternative|78:flood:semiwild|84:flood:alternative,0.015680000000000013,0.08877177562640542,0.0,0.0,1.3008130081300813e-05,0.0008547071299320623,0.0,81f225ef1a2c8e78,15
S7,forward_rollout_proxy,False,801503,0.25,0.0,2,0,0,0,2,0.6666666666666666,1.0,34.5,100.8896869746208,0.4511806980275835,0.0,,,9,0,0,3460.8536186339793,3460.8536186339793,3460.8536186339793,1.5,0.40943277438156794,0.05473508721136046,0.0016310400754210475,14.5,31.429212770009016,0.06895904886601831,1,10:funding_collapse|33:wildfire:alternative|34:funding_collapse|38:heatwave:reserve|42:heatwave:origin|64:funding_collapse|68:wildfire:origin|71:wildfire:alternative|78:flood:semiwild|84:flood:alternative,0.00865403052817837,0.05503928136223385,0.00031105824076171597,0.0016154233461323747,0.00026096641206736765,0.0006137228081586824,0.0011155731747989396,81f225ef1a2c8e78,15
S4,state_dependent_rule,False,801600,0.25,0.125,2,1,233,51,1,0.3333333333333333,1.0,16.0,109.30066552301152,0.6040830129938511,3.7546856629089147,0.007140228737399836,0.9928597712626002,61,0,0,8958.034290430554,8958.034290430553,8958.034290430554,0.0,0.31541623498038807,0.13564891678788193,0.0015832661034103478,133.5,10.036288868562044,0.05155218330376991,2,37:funding_collapse|53:funding_collapse,0.004392383973247594,0.07827691865480872,0.04408535551420787,0.01299989417377682,0.00025332257654565556,0.00076033311079929,7.70873666219749e-05,03d6721bb5b878c7,16
S6,rule,False,801600,0.125,0.0,1,0,0,0,1,0.3333333333333333,1.0,19.0,70.41279383810655,0.3850832536678626,0.0,,,0,0,0,10642.226364520284,10642.226364520286,10642.226364520284,1.308945419188565,0.6501202253491494,0.06741062164824897,0.00022725186327162547,0.0,0.0,0.0119929955666702,2,37:funding_collapse|53:funding_collapse,0.008640000000000007,0.054076452861661135,0.0,0.0,3.6360298123460086e-05,0.0003639331723528089,0.0,03d6721bb5b878c7,16
S7,forward_rollout_proxy,False,801600,0.25,0.125,2,1,335,188,0,0.0,0.0,,101.15893902955371,0.6298918861879997,3.739213007696665,0.001038962319102489,0.9989610376808975,111,0,0,9381.377037509275,9381.377037509275,9381.377037509275,0.0,0.3917121392775122,0.14570378920961763,0.0017108633695054746,85.5,6.427735567506031,0.06445222602449888,3,37:funding_collapse|53:funding_collapse,0.00631262927200544,0.07516643115201649,0.03242282683284888,0.011047795439140324,0.000273738139120876,0.0007483982929848707,8.117257901977683e-05,03d6721bb5b878c7,16
S4,state_dependent_rule,False,801601,0.125,0.125,1,1,200,12,3,1.0,1.0,24.333333333333332,106.22331223123139,0.602025101854635,4.366812227074236,0.0003344117067938858,0.9996655882932061,77,0,0,9268.679087222034,9268.679087222034,9268.679087222034,0.0,0.3187939142062723,0.14178041551907464,0.0006815766381618232,111.5,8.382368605578037,0.04991450913852522,0,48:wildfire:reserve|86:heatwave:origin|91:heatwave:origin,0.004652952022172105,0.07834582904097402,0.047727336609313074,0.013117808231720927,0.0001090522621058917,0.0008186529748258884,8.000745316262721e-05,03d6721bb5b878c7,16
S6,rule,False,801601,0.125,0.0,1,0,0,0,2,0.6666666666666666,1.0,20.5,70.24848335089558,0.37701902706099444,0.0,,,0,0,0,10649.355490267111,10649.355490267115,10649.355490267111,1.2233991978795875,0.56117615866127,0.0587583132930211,0.00023944518763662908,0.0,0.0,0.01320348713447046,1,48:wildfire:reserve|86:heatwave:origin|91:heatwave:origin,0.008480000000000007,0.05395581489444565,0.0,0.0,3.8311230021860655e-05,0.0004068468145380391,0.0,03d6721bb5b878c7,16
S7,forward_rollout_proxy,False,801601,0.0,0.0,0,0,0,0,2,0.6666666666666666,1.0,20.0,48.98113603751394,0.31871336555750907,0.0,,,29,0,0,9938.256516473799,9938.256516473799,9938.256516473799,0.6432661651359114,0.36000000000000004,0.04308984750162419,0.0009026781641580365,32.25,2.424496749147009,0.03544923750812091,1,48:wildfire:reserve|86:heatwave:origin|91:heatwave:origin,0.006374195596850188,0.04651329181724222,0.00013102040576452257,0.0014269479074063174,0.00014442850626528587,0.0004537619227761883,0.00010109507968069538,03d6721bb5b878c7,16
S4,state_dependent_rule,False,801602,0.125,0.125,1,1,201,39,1,0.3333333333333333,1.0,25.0,94.63788036294518,0.6161276974194378,4.250499736980537,0.000616246293083735,0.9993837537069162,78,0,0,8996.379455653188,8996.37945565319,8996.379455653188,0.0,0.3158331666957213,0.14113712271309145,0.0006951882805512766,101.5,7.630586667858035,0.05399404336856975,2,8:funding_collapse|63:funding_collapse|66:heatwave:semiwild|82:flood:origin|84:funding_collapse,0.004606609552773148,0.07613715395291783,0.04014178637850465,0.012824802619399844,0.00011123012488820429,0.0008144796607348543,6.989576784999411e-05,03d6721bb5b878c7,16
S6,rule,False,801602,0.25,0.0,2,0,0,0,1,0.3333333333333333,1.0,26.0,83.11378085580604,0.41004592002828694,0.0,,,0,0,0,10583.745388385116,10583.745388385116,10583.745388385116,1.2843769697203355,0.6475208001371633,0.06757547219604591,0.0001323076923076923,0.0,0.0,0.014116960911647911,2,8:funding_collapse|63:funding_collapse|66:heatwave:semiwild|82:flood:origin|84:funding_collapse,0.009280000000000007,0.06164508263426072,0.0,0.0,2.116923076923077e-05,0.000407828106683076,0.0,03d6721bb5b878c7,16
S7,forward_rollout_proxy,False,801602,0.0,0.0,0,0,0,0,1,0.3333333333333333,1.0,27.0,54.14065822608196,0.33737163562951944,0.0,,,16,0,0,9343.983416142873,9343.983416142873,9343.983416142873,0.2955815103958296,0.39085664054251185,0.04726147186466262,0.0008516385557452821,21.5,1.6163311660980058,0.040879039052057156,2,8:funding_collapse|63:funding_collapse|66:heatwave:semiwild|82:flood:origin|84:funding_collapse,0.005322363695575301,0.04296088979875631,0.0004864713112860857,0.0029275802436216094,0.00013626216891924513,0.0004581908824403132,4.2116666945827255e-05,03d6721bb5b878c7,16
S4,state_dependent_rule,False,801603,0.25,0.25,2,2,146,0,1,0.3333333333333333,1.0,12.0,106.38684935421142,0.5749471741929848,3.194902350215161,0.004199630512442177,0.9958003694875578,18,0,0,8938.83384981516,8938.83384981516,4469.41692490758,0.0,0.1756123875991962,0.17598472438123963,0.0004996821311846111,117.75,8.852232316653037,0.0698723105958421,2,1:heatwave:alternative|19:heatwave:alternative|46:heatwave:semiwild,0.00364660774230378,0.07762525478570834,0.07972004722085697,0.010035614317644864,7.994914098953778e-05,0.0006068766490344604,5.9039654177489375e-05,03d6721bb5b878c7,16
S6,rule,False,801603,0.125,0.0,1,0,0,0,0,0.0,0.0,,90.83645769284374,0.39684683911776397,0.0,,,0,0,0,10357.948743607994,10357.948743607994,10357.948743607994,1.0473139714137238,0.637484348456553,0.0665203215264723,0.0,0.0,0.0,0.013859433404085023,3,1:heatwave:alternative|19:heatwave:alternative|46:heatwave:semiwild,0.008960000000000006,0.05855446750444592,0.0,0.0,0.0,0.0004386933777901583,0.0,03d6721bb5b878c7,16
S7,forward_rollout_proxy,False,801603,0.125,0.0,1,0,0,0,1,0.3333333333333333,1.0,12.0,51.83951131069264,0.3751822888188825,0.0,,,33,0,0,9133.884168369832,9133.884168369832,9133.884168369832,0.09179551925094895,0.2361335447798428,0.031830452884821725,9.35887343654334e-05,34.25,2.5748531366910092,0.041085492034187224,2,1:heatwave:alternative|19:heatwave:alternative|46:heatwave:semiwild,0.0051135158906158076,0.04811113099606188,0.0019226254982024952,0.00610942348032041,1.4974197498469343e-05,0.0007397448492199993,8.953004068457576e-05,03d6721bb5b878c7,16
S4,state_dependent_rule,False,801700,0.75,0.625,6,5,946,946,2,0.6666666666666666,1.0,22.5,284.44163225408204,0.49417441294943826,4.56937628770108,0.00043700009614662993,0.9995629999038533,25,0,0,5579.22632409607,5579.22632409607,1115.845264819214,0.6410597228803164,0.6699999999999999,0.4239191871571199,0.0004647373317846293,52.25,90.05070168789469,0.14987712140054554,1,,0.013449416308225288,0.043048973882640944,0.24254687886107562,0.018261834668567758,7.435797308554067e-05,0.0009594629155075466,0.00020668789128573114,98c1231b1f9c79e4,17
S6,rule,False,801700,1.0,1.0,8,8,1190,1190,0,0.0,0.0,,874.6776136209504,0.7872693129113926,5.844082985963364,0.02757830834112765,0.9724216916588724,0,0,0,6115.725290793702,6115.725290793703,764.4656613492127,1.5,0.98,0.6183969483824373,0.00017720872095053602,0.0,0.0,0.05978059261401843,3,,0.01600000000000001,0.025755335974453376,0.0,0.0,2.8353395352085763e-05,0.0009469977188016486,0.0,98c1231b1f9c79e4,17
S7,forward_rollout_proxy,False,801700,0.875,0.75,7,6,632,632,0,0.0,0.0,,519.1089271431827,0.7255909081025799,3.838400527793302,0.003507489730327278,0.9964925102696727,10,0,0,6017.33548977074,6017.3354897707395,1002.8892482951234,1.4478720147788562,0.7766614381348232,0.4926212460906645,0.00022921975258814606,37.75,65.06055480800043,0.1953554849962457,3,,0.015227490816924377,0.048740188145849676,0.029201312324190574,0.003712630813585935,3.667516041410337e-05,0.0009618952891056167,0.00012389976530588107,98c1231b1f9c79e4,17
S4,state_dependent_rule,False,801701,0.625,0.625,5,5,1136,1136,1,0.3333333333333333,1.0,26.0,323.5687916676918,0.5193282954814875,4.320013718290572,0.0016553821392411773,0.9983446178607588,14,0,0,5539.613410224696,5539.613410224696,1107.9226820449392,0.6768166211308886,0.6699999999999999,0.41955066759493265,0.0005572971242505555,44.0,75.83216984243764,0.14050265206013463,2,33:funding_collapse|49:flood:semiwild|51:wildfire:origin|61:funding_collapse|93:flood:semiwild,0.013802362072659845,0.0419862420261511,0.22087379500492582,0.015466989466025961,8.916753988008887e-05,0.0009607291321330004,0.00019915649728281944,98c1231b1f9c79e4,17
S6,rule,False,801701,0.875,0.875,7,7,1192,1192,1,0.3333333333333333,1.0,27.0,786.8349669350806,0.782609018610908,5.895640327076117,0.0,1.0,0,0,0,6076.7287317317805,6076.728731731781,868.1041045331115,1.5,0.98,0.5600881968050128,0.0002784965407756988,0.0,0.0,0.04690896767125789,1,33:funding_collapse|49:flood:semiwild|51:wildfire:origin|61:funding_collapse|93:flood:semiwild,0.01600000000000001,0.030402998068854697,0.0,0.0,4.4559446524111805e-05,0.0009434238737126341,0.0,98c1231b1f9c79e4,17
S7,forward_rollout_proxy,False,801701,0.875,0.75,7,6,1190,1190,1,0.3333333333333333,1.0,24.0,462.83700126707504,0.65359581249768,3.6480117174578446,0.0027513249857208395,0.9972486750142792,6,0,0,5886.6808901950635,5886.6808901950635,981.1134816991772,1.1886950630853412,0.6699999999999999,0.4798335498699363,0.0007301189159289455,29.25,50.4111583611659,0.1942671634767892,2,33:funding_collapse|49:flood:semiwild|51:wildfire:origin|61:funding_collapse|93:flood:semiwild,0.01475429896386776,0.04425283190681251,0.0978472765621266,0.006896330026285123,0.00011681902654863129,0.0008218055978869919,0.00012810172788703194,98c1231b1f9c79e4,17
S4,state_dependent_rule,False,801702,0.5,0.25,4,2,387,387,2,0.6666666666666666,1.0,24.5,230.60646356473993,0.7460386004413125,3.063589345113317,0.0017874108946012367,0.9982125891053988,29,0,0,5805.567286265374,5805.567286265374,2902.783643132687,1.2904460409040732,0.650115733563724,0.22720654703089632,0.0005003555742240588,34.75,59.89017959147062,0.09529540111695368,1,9:funding_collapse|10:heatwave:semiwild|18:flood:reserve|39:heatwave:semiwild|70:wildfire:origin,0.016811021983156472,0.05168998612149244,3.0773946422807554e-05,0.00022229439932972998,8.00568918758494e-05,0.0007515631193091249,0.0005237399556393337,98c1231b1f9c79e4,17
S6,rule,False,801702,1.0,0.75,8,6,742,742,0,0.0,0.0,,723.085035174684,0.7776062479883049,5.528472791591308,0.0,1.0,0,0,0,6093.429633080044,6093.429633080045,1015.5716055133407,1.5,0.9618668131442635,0.4994483301083597,0.00012594458438287153,0.0,0.0,0.05238460439010101,3,9:funding_collapse|10:heatwave:semiwild|18:flood:reserve|39:heatwave:semiwild|70:wildfire:origin,0.01600000000000001,0.03543925893877037,0.0,0.0,2.0151133501259446e-05,0.0009343419394233173,0.0,98c1231b1f9c79e4,17
S7,forward_rollout_proxy,False,801702,0.75,0.625,6,5,1148,1148,1,0.3333333333333333,1.0,33.0,463.654788299998,0.7089055555625562,2.6409914998732673,0.05943830865263801,0.940561691347362,2,0,0,5983.226832904943,5983.226832904943,1196.6453665809886,1.3394862814797055,0.6699999999999999,0.409368867825838,0.00037268248306888166,21.5,37.05435571846383,0.17354476413552633,2,9:funding_collapse|10:heatwave:semiwild|18:flood:reserve|39:heatwave:semiwild|70:wildfire:origin,0.01523535934569616,0.04800762648158886,0.04719896773261294,0.0023799969365872965,5.962919729102107e-05,0.0008701648688336489,0.00010633481089789246,98c1231b1f9c79e4,17
S4,state_dependent_rule,False,801703,0.625,0.625,5,5,941,941,1,0.3333333333333333,1.0,21.0,257.1454320513887,0.4929262809809539,3.775094485813304,0.0006059035667938863,0.9993940964332061,16,0,0,5516.594798174065,5516.594798174065,1103.318959634813,0.5783422288967899,0.6699999999999999,0.41347588402689966,0.0004560045614931972,37.5,64.62969020662298,0.13737469584383336,2,17:funding_collapse|19:heatwave:alternative,0.013442037526794747,0.04285017459823037,0.2434984885406439,0.018316886589018342,7.296072983891155e-05,0.0010172261172771556,0.0001754565171130186,98c1231b1f9c79e4,17
S6,rule,False,801703,1.0,0.75,8,6,1158,1158,0,0.0,0.0,,829.4123477885291,0.7871840400210229,6.63020854063026,0.0,1.0,0,0,0,6097.548407229191,6097.548407229193,1016.2580678715318,1.5,0.98,0.5112730192507766,5.1813471502590674e-05,0.0,0.0,0.04735466922237001,2,17:funding_collapse|19:heatwave:alternative,0.01600000000000001,0.025874544434346045,0.0,0.0,8.290155440414507e-06,0.0009331253891906175,0.0,98c1231b1f9c79e4,17
S7,forward_rollout_proxy,False,801703,0.625,0.625,5,5,646,646,1,0.3333333333333333,1.0,22.0,489.90674556916827,0.7280642838029259,2.789541884825908,0.0045275173576113355,0.9954724826423886,6,0,0,5947.345801726785,5947.345801726785,1189.469160345357,1.4012895223822364,0.7687034995918448,0.4129105598506312,0.00013658882758861682,30.25,52.13461676667585,0.13447395521593805,2,17:funding_collapse|19:heatwave:alternative,0.015214358172193474,0.049140520796539564,0.026219038500013895,0.002966913601119518,2.1854212414178692e-05,0.0008893284126504351,0.00011161273600691966,98c1231b1f9c79e4,17
S4,state_dependent_rule,False,801800,0.375,0.375,3,3,643,526,2,0.6666666666666666,1.0,28.0,212.78668337710732,0.6271791335199384,3.0420628945743347,0.0038003497377238423,0.9961996502622762,502,0,0,20989.037400848905,20989.037400848905,6996.345800282968,1.5,0.5575188176012333,0.27474090906295595,0.0008367415858586265,249.25,13.079037148201566,0.09909199178544634,1,36:funding_collapse|52:flood:alternative|86:heatwave:semiwild,0.012220648176280298,0.06778764494251863,0.058805442543627295,0.018044762467272588,0.0001338786537373803,0.0009888317056165274,4.8090244214654496e-05,843698699e49138d,18
S6,rule,False,801800,0.875,0.0,7,0,0,0,2,0.6666666666666666,1.0,60.5,325.3283073119483,0.689748759475744,0.0,,,0,0,0,20939.014261844542,20939.014261844546,20939.014261844542,1.5,0.6699999999999999,0.07278836736118473,0.00031382132549124376,0.0,0.0,0.028941836805923715,1,36:funding_collapse|52:flood:alternative|86:heatwave:semiwild,0.015040000000000012,0.07451536555456356,0.0,0.0,5.021141207859902e-05,0.0008456635576136579,0.0,843698699e49138d,18
S7,forward_rollout_proxy,False,801800,0.875,0.625,7,5,1151,1151,2,0.6666666666666666,1.0,34.0,339.863716637838,0.5189638777953118,4.293039416790812,0.0018371725669171011,0.9981628274330829,90,0,0,20991.134303761628,20991.13430376163,4198.226860752326,1.5,0.6699999999999999,0.42544386275604845,0.0003957488413779527,87.5,4.591437313811985,0.17131734294070156,1,36:funding_collapse|52:flood:alternative|86:heatwave:semiwild,0.013728866117255857,0.04275944868844145,0.20502763096810525,0.01917110077424971,6.331981462047243e-05,0.0009663510408284103,1.1132446671998725e-05,843698699e49138d,18
S4,state_dependent_rule,False,801801,0.5,0.375,4,3,613,495,2,0.6666666666666666,1.0,22.5,222.28359862794423,0.6012182849179772,4.438626049699988,0.0005563239697189767,0.9994436760302811,613,0,0,20930.254327864317,20930.254327864317,6976.751442621439,1.5,0.5012696460364761,0.28373657932835966,0.0007210589241159906,303.25,15.912609890439821,0.10236677113856055,1,2:funding_collapse|18:funding_collapse|44:wildfire:alternative|55:heatwave:alternative|57:flood:semiwild|90:flood:reserve|97:funding_collapse,0.011271513426644867,0.07019551233424227,0.07642043418393789,0.015733302349757967,0.00011536942785855846,0.0009238248082310294,5.256175462105331e-05,843698699e49138d,18
S6,rule,False,801801,0.625,0.0,5,0,0,0,2,0.6666666666666666,1.0,29.0,276.1394916734571,0.64396174080557,0.0,,,0,0,0,20833.41239540327,20833.41239540327,20833.41239540327,1.5,0.6602457661307382,0.07186319964621807,0.0003901316545736199,0.0,0.0,0.02919311516572129,1,2:funding_collapse|18:funding_collapse|44:wildfire:alternative|55:heatwave:alternative|57:flood:semiwild|90:flood:reserve|97:funding_collapse,0.01392000000000001,0.06320128747841183,0.0,0.0,6.24210647317792e-05,0.0009545506512866639,0.0,843698699e49138d,18
S7,forward_rollout_proxy,False,801801,0.625,0.625,5,5,842,842,2,0.6666666666666666,1.0,25.0,249.11271243309727,0.4482340377778541,4.301895528332676,0.0016812584508377755,0.9983187415491622,198,0,0,20858.59174697774,20858.59174697774,4171.718349395548,1.5,0.622848956649008,0.4182522338845661,0.0005381437743109388,119.0,6.2443547467843015,0.1584919146816926,1,2:funding_collapse|18:funding_collapse|44:wildfire:alternative|55:heatwave:alternative|57:flood:semiwild|90:flood:reserve|97:funding_collapse,0.01302722091071095,0.04672983150712523,0.2655955017628455,0.024079354593277053,8.610300388975019e-05,0.0010706297315612836,1.5043714425646063e-05,843698699e49138d,18
S4,state_dependent_rule,False,801802,0.625,0.625,5,5,872,805,2,0.6666666666666666,1.0,22.5,366.6902583071743,0.6387529585028261,3.0871381104902302,0.004587783678319598,0.9954122163216804,616,0,0,21051.498799779158,21051.498799779154,4210.299759955831,1.5,0.4347937366203814,0.3835659935128158,0.0007951160590400828,281.5,14.77130975814941,0.1398261937293767,1,22:flood:semiwild|41:heatwave:semiwild|67:flood:reserve,0.013727985040452428,0.05744132102785244,0.06912356130939784,0.009738547246278543,0.00012721856944641327,0.0009346080448034257,3.7630762499087135e-05,843698699e49138d,18
S6,rule,False,801802,0.625,0.0,5,0,0,0,1,0.3333333333333333,1.0,22.0,287.55846213439594,0.6975102228364081,0.0,,,0,0,0,20999.914021735276,20999.914021735276,20999.914021735276,1.5,0.6699999999999999,0.07376079303095533,7.538067239559778e-05,0.0,0.0,0.03380396515477668,2,22:flood:semiwild|41:heatwave:semiwild|67:flood:reserve,0.015200000000000012,0.07491959685876574,0.0,0.0,1.2060907583295642e-05,0.0008581193972432289,0.0,843698699e49138d,18
S7,forward_rollout_proxy,False,801802,0.75,0.75,6,6,1100,1033,2,0.6666666666666666,1.0,23.5,421.0574556210688,0.5935762431429513,3.8652398569508684,0.003413199488152262,0.9965868005118478,433,0,0,21019.529077406423,21019.529077406423,3503.254846234404,1.5,0.5672630639439467,0.4703637456786942,0.00042733610081702417,176.0,9.23534819692468,0.18742520357395417,1,22:flood:semiwild|41:heatwave:semiwild|67:flood:reserve,0.014048602546075605,0.051495656935404324,0.12585060697637343,0.012162061824427736,6.837377613072386e-05,0.0009222838170960214,1.785133280052799e-05,843698699e49138d,18
S4,state_dependent_rule,False,801803,0.25,0.25,2,2,471,396,3,1.0,1.0,31.666666666666668,247.9695054475846,0.6729072714391507,4.203860710388716,0.0005264393159023144,0.9994735606840977,563,0,0,20964.37470623206,20964.37470623206,10482.18735311603,1.5,0.4386244531052886,0.2142040575812789,0.000651160864128396,251.0,13.17086589447781,0.07901502583431431,0,6:flood:semiwild|20:flood:semiwild|39:wildfire:reserve|51:funding_collapse|73:flood:semiwild,0.012317276034754692,0.056867020325243454,0.02146917446546032,0.007324856429543569,0.00010418573826054335,0.0007145294974548763,4.9274621585897075e-05,843698699e49138d,18
S6,rule,False,801803,0.75,0.0,6,0,0,0,2,0.6666666666666666,1.0,33.0,296.03244423708725,0.6775171282248141,0.0,,,0,0,0,20939.014261844542,20939.014261844546,20939.014261844542,1.5,0.6699999999999999,0.07356081935673885,0.0002826495432823582,0.0,0.0,0.03280409678369431,1,6:flood:semiwild|20:flood:semiwild|39:wildfire:reserve|51:funding_collapse|73:flood:semiwild,0.01472000000000001,0.07056600551249625,0.0,0.0,4.522392692517732e-05,0.0007516423357647187,0.0,843698699e49138d,18
S7,forward_rollout_proxy,False,801803,0.625,0.5,5,4,686,686,3,1.0,1.0,32.0,347.43492581601305,0.7219710690724742,3.615269882550824,0.0012892218539190077,0.998710778146081,175,0,0,20910.071017261824,20910.071017261824,5227.517754315456,1.5,0.5701633610628322,0.344620818288187,0.0002307486272934244,93.25,4.893160337291057,0.13225891678197793,0,6:flood:semiwild|20:flood:semiwild|39:wildfire:reserve|51:funding_collapse|73:flood:semiwild,0.016473859469375348,0.05022543058105465,0.013747132755475679,0.00483227887635946,3.6919780366947904e-05,0.0011380273369211997,1.7361298083964496e-05,843698699e49138d,18
S4,state_dependent_rule,False,801900,0.0,0.0,0,0,0,0,2,0.6666666666666666,1.0,32.5,47.302349483966246,0.2668668885668421,0.0,,,14,0,0,4973.066658096221,4973.066658096221,4973.066658096221,0.745373192736003,0.22857654073181424,0.028373531370605127,0.0010568459465014621,25.5,49.97330723382831,0.02757938648711851,1,25:funding_collapse|32:wildfire:alternative|34:flood:reserve|58:wildfire:alternative|81:flood:reserve,0.005006665919117998,0.037242970002090946,0.0001731128584986388,0.0021913581893127972,0.0001690953514402339,0.0005111684212228809,0.00047880188659832053,5503ceb24cb8ef1b,19
S6,rule,False,801900,0.0,0.0,0,0,0,0,2,0.6666666666666666,1.0,33.0,75.16044264906084,0.3447133431235981,0.0,,,0,0,0,5231.825637796789,5231.82563779679,5231.825637796789,1.168264488534879,0.36000000000000004,0.038215969509178736,0.00012833729844039123,0.0,0.0,0.011079847545893674,1,25:funding_collapse|32:wildfire:alternative|34:flood:reserve|58:wildfire:alternative|81:flood:reserve,0.007840000000000007,0.05371915463959393,0.0,0.0,2.0533967750462596e-05,0.00040696826905756286,0.0,5503ceb24cb8ef1b,19
S7,forward_rollout_proxy,False,801900,0.0,0.0,0,0,0,0,2,0.6666666666666666,1.0,28.5,58.086471443342255,0.31208948373158213,0.0,,,11,0,0,5064.595672138121,5064.595672138123,5064.595672138121,0.8733153180022989,0.2668382012493803,0.0349218094741655,0.010492414848832758,16.25,31.845735001949407,0.04118994674613734,1,25:funding_collapse|32:wildfire:alternative|34:flood:reserve|58:wildfire:alternative|81:flood:reserve,0.005664428191189758,0.04568323013676163,0.0004126880602045994,0.001988135476199475,0.0016787863758132415,0.000566120744897977,0.0012447419812482402,5503ceb24cb8ef1b,19
S4,state_dependent_rule,False,801901,0.0,0.0,0,0,0,0,2,0.6666666666666666,1.0,18.5,36.524619669750884,0.25190594301384656,0.0,,,15,0,0,5053.330954675487,5053.330954675487,5053.330954675487,0.9508057527434131,0.23342157876655398,0.029517306068034176,0.008722656675538237,20.5,40.17461954092079,0.03087574095689388,1,9:heatwave:origin|28:funding_collapse|50:heatwave:alternative|64:funding_collapse|85:flood:reserve|90:heatwave:alternative,0.004050486975173806,0.03873096487419974,0.0003105566062483151,0.0037388340406736935,0.0013956250680861179,0.0008445859748510907,0.0036582429379996366,5503ceb24cb8ef1b,19
S6,rule,False,801901,0.0,0.0,0,0,0,0,2,0.6666666666666666,1.0,20.5,41.1570016210711,0.2435449033832413,0.0,,,0,0,0,5310.707381084064,5310.707381084065,5310.707381084064,1.4057685305528334,0.4309399119561423,0.04480157350432623,0.00013835656872984877,0.0,0.0,0.00853791154356,1,9:heatwave:origin|28:funding_collapse|50:heatwave:alternative|64:funding_collapse|85:flood:reserve|90:heatwave:alternative,0.005600000000000004,0.04104221877738966,0.0,0.0,2.2137050996775804e-05,0.0002907407883722589,0.0,5503ceb24cb8ef1b,19
S7,forward_rollout_proxy,False,801901,0.0,0.0,0,0,0,0,2,0.6666666666666666,1.0,18.5,37.17800332198331,0.25232753078653375,0.0,,,15,0,0,5142.418604868054,5142.418604868054,5142.418604868054,1.0988762525133324,0.27680431211664447,0.034654751354306505,0.0017232437196423322,14.5,28.416194309431784,0.03487160071321027,1,9:heatwave:origin|28:funding_collapse|50:heatwave:alternative|64:funding_collapse|85:flood:reserve|90:heatwave:alternative,0.005462320140837101,0.04176118511024009,0.0001197390488993267,0.0066751978692402405,0.00027571899514277314,0.0008459892965224658,0.0028183123737271242,5503ceb24cb8ef1b,19
S4,state_dependent_rule,False,801902,0.125,0.125,1,1,252,62,2,0.6666666666666666,1.0,28.5,93.36495435211867,0.5946191987016975,3.8651247717589774,0.0016468524792871994,0.9983531475207128,37,0,0,4585.558625879822,4585.558625879821,4585.558625879822,0.0,0.33992111350873616,0.1393064299885577,0.004233349383583666,55.5,108.76543339127338,0.05206535460047142,1,2:heatwave:reserve|13:heatwave:alternative|76:wildfire:semiwild|82:funding_collapse|92:wildfire:semiwild,0.0047668811488919575,0.07714906046463631,0.03849319923030919,0.012636766779603556,0.0006773359013733869,0.0008675334572600603,0.0014106238580363232,5503ceb24cb8ef1b,19
S6,rule,False,801902,0.0,0.0,0,0,0,0,2,0.6666666666666666,1.0,33.0,67.93361126053809,0.3254395827766606,0.0,,,0,0,0,5236.623451256477,5236.623451256479,5236.623451256477,1.298396193715522,0.48577085439041906,0.05057199618436235,0.0001819621846201346,0.0,0.0,0.009974553726602225,1,2:heatwave:reserve|13:heatwave:alternative|76:wildfire:semiwild|82:funding_collapse|92:wildfire:semiwild,0.007360000000000005,0.048420891125104254,0.0,0.0,2.9113949539221543e-05,0.0005504121486960464,0.0,5503ceb24cb8ef1b,19
S7,forward_rollout_proxy,False,801902,0.125,0.0,1,0,0,0,2,0.6666666666666666,1.0,26.5,55.41570659788259,0.35080536506699017,0.0,,,10,0,0,5023.91136273626,5023.91136273626,5023.91136273626,0.9147695664141182,0.36000000000000004,0.04368778459106376,0.00411416471428113,12.5,24.49671923226879,0.03843892295531877,1,2:heatwave:reserve|13:heatwave:alternative|76:wildfire:semiwild|82:funding_collapse|92:wildfire:semiwild,0.005268614130968849,0.04726435256662496,0.0004939398046249677,0.0035573038051535514,0.0006582663542849808,0.0006750643916855219,0.0029017514445267806,5503ceb24cb8ef1b,19
S4,state_dependent_rule,False,801903,0.25,0.125,2,1,401,206,3,1.0,1.0,20.666666666666668,112.52266300054679,0.6177383986944138,1.9996891049954608,0.0015050032394241042,0.9984949967605758,65,0,0,4846.818452042289,4846.818452042289,4846.818452042289,0.38959533456953616,0.36000000000000004,0.12248301004550502,0.0006015474096606693,55.0,107.78556462198263,0.051180594977752014,0,38:heatwave:origin,0.006364943873591235,0.07325082959534222,0.02752520093907314,0.010407462684222808,9.62475855457071e-05,0.000735059987557456,0.0017224741702216294,5503ceb24cb8ef1b,19
S6,rule,False,801903,0.0,0.0,0,0,0,0,3,1.0,1.0,28.333333333333332,62.747625428605744,0.29813150217536477,0.0,,,0,0,0,5380.507676686392,5380.507676686393,5380.507676686392,1.5,0.5497332213168581,0.057000527479699636,5.3475935828877e-05,0.0,0.0,0.010136026740069103,0,38:heatwave:origin,0.006720000000000005,0.04343146240734434,0.0,0.0,8.556149732620321e-06,0.0003084792675583255,0.0,5503ceb24cb8ef1b,19
S7,forward_rollout_proxy,False,801903,0.0,0.0,0,0,0,0,3,1.0,1.0,27.666666666666668,47.75841302545353,0.3156130861721244,0.0,,,10,0,0,5138.75201227255,5138.752012272549,5138.75201227255,1.0956387672883874,0.3946251812725457,0.04660390121011557,0.006089687497126208,13.5,26.456456770850284,0.03570691541430497,0,38:heatwave:origin,0.005174401902273066,0.04256414347113619,0.00019487669020471158,0.0025035469130831956,0.0009743499995401933,0.0007200999345718936,0.0015941519351689703,5503ceb24cb8ef1b,19
S4,state_dependent_rule,False,802000,0.0,0.0,0,0,0,0,1,0.3333333333333333,1.0,35.0,38.30827269663032,0.27893422855306166,0.0,,,26,0,0,7115.078286806379,7115.078286806379,7115.078286806379,0.9650484184302917,0.3471185648206612,0.04086802714234299,0.0009680096897051521,33.5,35.74393727876696,0.030780853301384352,2,35:funding_collapse|55:flood:semiwild|60:funding_collapse|63:wildfire:origin|79:flood:alternative|82:funding_collapse|95:funding_collapse,0.004718926161702527,0.03831782542345528,0.0002709123826964585,0.0024516360086121146,0.00015488155035282437,0.000616525551368119,0.001547144621808977,dd734b3f0ac1319f,20
S6,rule,False,802000,0.0,0.0,0,0,0,0,0,0.0,0.0,,53.69853474959106,0.2974968096657111,0.0,,,0,0,0,7494.487633754419,7494.487633754421,7494.487633754419,1.4264233072478647,0.5165316335444882,0.053908825616979385,0.00018004934369300626,0.0,0.0,0.011278311312652842,3,35:funding_collapse|55:flood:semiwild|60:funding_collapse|63:wildfire:origin|79:flood:alternative|82:funding_collapse|95:funding_collapse,0.006720000000000005,0.044025697687649065,0.0,0.0,2.8807894990881005e-05,0.0003286847516489774,0.0,dd734b3f0ac1319f,20
S7,forward_rollout_proxy,False,802000,0.125,0.125,1,1,286,189,0,0.0,0.0,,97.25444185629561,0.6230346528049165,4.621765171205786,0.0008271955434785617,0.9991728044565215,62,0,0,6399.826708519502,6399.826708519502,6399.826708519502,0.0,0.3652715797739108,0.1505912957027012,0.0010560546094901704,37.75,40.27861588875978,0.057982430066261234,3,35:funding_collapse|55:flood:semiwild|60:funding_collapse|63:wildfire:origin|79:flood:alternative|82:funding_collapse|95:funding_collapse,0.007549979917610039,0.06981727169476966,0.0343327598573424,0.010122348670669457,0.00016896873751842727,0.0007531644261167647,0.0006000225595714998,dd734b3f0ac1319f,20
S4,state_dependent_rule,False,802001,0.0,0.0,0,0,0,0,1,0.3333333333333333,1.0,13.0,35.90988237658192,0.25863476064084234,0.0,,,17,0,0,7179.874850688208,7179.874850688208,7179.874850688208,0.9791957577141013,0.2968108432363093,0.0359395362665173,0.009576096806357216,29.25,31.209258668774137,0.03129225971443186,2,37:heatwave:semiwild|96:flood:alternative,0.004359463843099978,0.03496500062732271,0.0004661497874007631,0.0033968296704711483,0.0015321754890171549,0.0007947033301746415,0.001094014791973864,dd734b3f0ac1319f,20
S6,rule,False,802001,0.125,0.0,1,0,0,0,1,0.3333333333333333,1.0,12.0,49.55624474564824,0.38053140137023184,0.0,,,0,0,0,7558.896087378716,7558.896087378719,7558.896087378716,1.403540386998637,0.46361205559290974,0.04907293803093189,0.0005117003642504497,0.0,0.0,0.013558662358204583,2,37:heatwave:semiwild|96:flood:alternative,0.008800000000000007,0.06667795053067346,0.0,0.0,8.187205828007195e-05,0.00040877604081475177,0.0,dd734b3f0ac1319f,20
S7,forward_rollout_proxy,False,802001,0.0,0.0,0,0,0,0,1,0.3333333333333333,1.0,12.0,39.77487179353914,0.24026080203002606,0.0,,,11,0,0,7406.2211474089145,7406.2211474089145,7406.2211474089145,1.206469961673902,0.32297956440809766,0.03986057222362857,0.006061047705001863,16.25,17.338477038207852,0.03781307891409401,2,37:heatwave:semiwild|96:flood:alternative,0.005097631089337095,0.03279119102292381,0.00021615021266045627,0.006334042852226649,0.0009697676328002982,0.0008174125199244142,0.0004187042554353927,dd734b3f0ac1319f,20
S4,state_dependent_rule,False,802002,0.125,0.125,1,1,79,1,0,0.0,0.0,,71.71812570970778,0.5972361821953942,2.7265181301878547,0.013860200312534956,0.986139799687465,27,0,0,6450.111087054578,6450.111087054578,6450.111087054578,0.0,0.268008144148202,0.12276846088306766,0.003373595690358898,83.75,89.3598431969174,0.06226232583184461,3,8:flood:semiwild|17:wildfire:alternative|47:wildfire:alternative|70:funding_collapse|82:heatwave:reserve,0.004408691757898303,0.08722114642551722,0.024075148981611224,0.004811334315282255,0.0005397753104574236,0.00047304914522089793,0.0013654998487006636,dd734b3f0ac1319f,20
S6,rule,False,802002,0.0,0.0,0,0,0,0,0,0.0,0.0,,61.70909267765617,0.32921859216387517,0.0,,,0,0,0,7401.714056353861,7401.714056353861,7401.714056353861,1.1991842981465437,0.39488677585561555,0.04214892992088891,0.00028741968712898947,0.0,0.0,0.013301261676636738,3,8:flood:semiwild|17:wildfire:alternative|47:wildfire:alternative|70:funding_collapse|82:heatwave:reserve,0.007520000000000006,0.05289378578245446,0.0,0.0,4.5987149940638314e-05,0.00042163490372970126,0.0,dd734b3f0ac1319f,20
S7,forward_rollout_proxy,False,802002,0.25,0.25,2,2,161,2,0,0.0,0.0,,86.11230831277263,0.5692855635216588,2.471550035961233,0.010048306768087196,0.9899516932319128,29,0,0,6433.029163817317,6433.029163817317,3216.5145819086583,0.0,0.29454255902876464,0.18357912951850008,0.0032199692546819613,51.0,54.41614331991388,0.08454686628005649,3,8:flood:semiwild|17:wildfire:alternative|47:wildfire:alternative|70:funding_collapse|82:heatwave:reserve,0.004688185996256508,0.08014599240743918,0.06322596184246629,0.00860456820571278,0.0005151950807491136,0.0005634333740444881,0.0006110699654616434,dd734b3f0ac1319f,20
S4,state_dependent_rule,False,802003,0.125,0.125,1,1,166,0,1,0.3333333333333333,1.0,30.0,90.6320433710824,0.5827747447862807,2.8692211578508955,0.0047191015053312775,0.9952808984946687,18,0,0,6605.864683812202,6605.864683812202,6605.864683812202,0.0,0.18491620085797458,0.1138895891682204,0.009818682197437227,84.0,89.62658899750521,0.052278787519569866,2,3:funding_collapse|22:wildfire:alternative|24:wildfire:alternative|40:wildfire:semiwild|93:heatwave:alternative|99:heatwave:reserve,0.004448823367074445,0.07812078986259474,0.03585766230773821,0.013426869660041136,0.0015709891515899564,0.0008956159161603061,0.0013633760485964976,dd734b3f0ac1319f,20
S6,rule,False,802003,0.0,0.0,0,0,0,0,1,0.3333333333333333,1.0,30.0,54.62125879998297,0.29064081532814745,0.0,,,0,0,0,7391.629669008335,7391.629669008337,7391.629669008335,1.2120164614469804,0.37346802503639576,0.039319671144875314,0.00016289619417933312,0.0,0.0,0.009864343206178659,2,3:funding_collapse|22:wildfire:alternative|24:wildfire:alternative|40:wildfire:semiwild|93:heatwave:alternative|99:heatwave:reserve,0.006560000000000005,0.0425745537558621,0.0,0.0,2.6063391068693295e-05,0.0004985675249217532,0.0,dd734b3f0ac1319f,20
S7,forward_rollout_proxy,False,802003,0.125,0.125,1,1,72,0,0,0.0,0.0,,64.3091594439669,0.6073907419594076,1.0,0.3221529283442276,0.6778470716557724,11,0,0,6702.555405840265,6702.555405840266,6702.555405840265,0.0,0.21015821298700166,0.09858910720809526,0.00873357621765801,39.5,42.14583649287447,0.056616429546975454,3,3:funding_collapse|22:wildfire:alternative|24:wildfire:alternative|40:wildfire:semiwild|93:heatwave:alternative|99:heatwave:reserve,0.004769208472358368,0.07760807383873282,0.01854448397140033,0.012822572799174377,0.0013973721948252816,0.0009303298180408178,0.0015457997064811694,dd734b3f0ac1319f,20
S4,state_dependent_rule,False,802100,0.125,0.125,1,1,172,0,1,0.3333333333333333,1.0,15.0,80.46210667424542,0.4552643501270424,4.641355506746156,0.0,1.0,42,0,0,14266.52682836721,14266.526828367212,14266.52682836721,0.0,0.1182914707341577,0.12455097623648684,0.003669964611471594,170.75,153.31850173329556,0.05029137047804757,2,9:wildfire:alternative|37:heatwave:alternative|39:wildfire:origin|56:funding_collapse|62:wildfire:origin|66:flood:reserve|99:heatwave:reserve,0.0030776083908852486,0.07332041091056034,0.05446353149731961,0.016409311768882672,0.0005871943378354553,0.0009203781784515615,0.0011721197945334483,fb6c1cebe0a4f5d6,21
S6,rule,False,802100,0.0,0.0,0,0,0,0,1,0.3333333333333333,1.0,27.0,65.24107078970547,0.33192320272320325,0.0,,,0,0,0,16572.400364797184,16572.400364797188,16572.400364797184,1.0927518895644794,0.28319897640194164,0.03045473665488631,0.00023356541450777202,0.0,0.0,0.010674195073460738,2,9:wildfire:alternative|37:heatwave:alternative|39:wildfire:origin|56:funding_collapse|62:wildfire:origin|66:flood:reserve|99:heatwave:reserve,0.007520000000000006,0.050192430358522264,0.0,0.0,3.737046632124352e-05,0.0004269964519533604,0.0,fb6c1cebe0a4f5d6,21
S7,forward_rollout_proxy,False,802100,0.125,0.0,1,0,0,0,1,0.3333333333333333,1.0,40.0,44.637666784168104,0.32818736627560663,0.0,,,35,0,0,14695.824759641178,14695.82475964118,14695.824759641178,0.17173447239252773,0.14157140248057418,0.022232426904831855,0.0010693363491077672,48.25,43.324261836787834,0.04037643328387217,2,9:wildfire:alternative|37:heatwave:alternative|39:wildfire:origin|56:funding_collapse|62:wildfire:origin|66:flood:reserve|99:heatwave:reserve,0.0046415477040876885,0.0469586794938773,0.0017701966021684127,0.004501856977785241,0.00017109381585724278,0.0005029575330848216,0.0007324747058244938,fb6c1cebe0a4f5d6,21
S4,state_dependent_rule,False,802101,0.125,0.125,1,1,164,0,3,1.0,1.0,21.333333333333332,74.32421195188545,0.47512833854560116,4.710332749562172,0.0,1.0,59,0,0,14334.613256586774,14334.613256586772,14334.613256586774,0.0,0.11845600346375364,0.12501292289478977,0.007433322299189954,175.0,157.13462842358263,0.049069975263963436,0,2:wildfire:alternative|11:wildfire:alternative|16:heatwave:semiwild|43:funding_collapse|98:heatwave:semiwild,0.0039001785972526074,0.07515050034108518,0.044035049060117064,0.014424646177663265,0.001189331567870393,0.0008168529099005557,0.0014558377885564792,fb6c1cebe0a4f5d6,21
S6,rule,False,802101,0.0,0.0,0,0,0,0,2,0.6666666666666666,1.0,24.5,62.89749608318809,0.32081757321514126,0.0,,,0,0,0,16479.666363823042,16479.666363823042,16479.666363823042,1.113146668198291,0.4385324640240027,0.045910704623736455,0.0003763848090825585,0.0,0.0,0.010287291106680925,1,2:wildfire:alternative|11:wildfire:alternative|16:heatwave:semiwild|43:funding_collapse|98:heatwave:semiwild,0.007200000000000005,0.04505923523816018,0.0,0.0,6.022156945320935e-05,0.00036296997724544785,0.0,fb6c1cebe0a4f5d6,21
S7,forward_rollout_proxy,False,802101,0.125,0.125,1,1,175,0,2,0.6666666666666666,1.0,19.5,72.98531431778726,0.4899431335827989,2.7853569804456573,0.0035828683042896923,0.9964171316957103,60,0,0,14619.699290145827,14619.699290145829,14619.699290145827,0.0,0.1413515786416859,0.10897720041257865,0.004568198265699614,119.5,107.30050340924659,0.053692363719767426,1,2:wildfire:alternative|11:wildfire:alternative|16:heatwave:semiwild|43:funding_collapse|98:heatwave:semiwild,0.004345188643077279,0.07665019141237354,0.037060277872061634,0.013411370044942987,0.0007309117225119384,0.0007673673781628468,0.0011640692684974363,fb6c1cebe0a4f5d6,21
S4,state_dependent_rule,False,802102,0.25,0.25,2,2,209,0,3,1.0,1.0,22.666666666666668,97.69084907489565,0.4421939033621939,3.451448704582204,0.003083344285939355,0.9969166557140606,22,0,0,14314.653635279115,14314.653635279115,7157.326817639558,0.0,0.22979329843793395,0.18602388821759655,0.0038290742256035025,183.75,164.9913598447617,0.08015035663990563,0,45:flood:semiwild|75:heatwave:reserve|90:funding_collapse,0.003472730275768068,0.07705311680204768,0.0792453354766121,0.012099020573137036,0.0006126518760965606,0.0007233723050391091,0.0009531643376050093,fb6c1cebe0a4f5d6,21
S6,rule,False,802102,0.0,0.0,0,0,0,0,3,1.0,1.0,19.0,66.74874401593244,0.33404404516308583,0.0,,,0,0,0,17029.132051810087,17029.132051810095,17029.132051810087,1.3821865913132678,0.461193209540591,0.04849223294914075,0.00013964393131020978,0.0,0.0,0.01186455997540824,0,45:flood:semiwild|75:heatwave:reserve|90:funding_collapse,0.007520000000000006,0.04805051237327595,0.0,0.0,2.234302900963357e-05,0.0004630994346287093,0.0,fb6c1cebe0a4f5d6,21
S7,forward_rollout_proxy,False,802102,0.125,0.125,1,1,208,11,3,1.0,1.0,22.333333333333332,86.08052679239682,0.4930081606055891,4.411092985318108,0.01400462417925815,0.9859953758207418,57,0,0,14649.98866084232,14649.98866084232,14649.98866084232,0.0,0.2794206461388436,0.1395266360514953,0.004302172093067935,111.0,99.66825002867253,0.05611820792214932,0,45:flood:semiwild|75:heatwave:reserve|90:funding_collapse,0.004611003421483674,0.07651482242092496,0.043317633468766006,0.01291799612647796,0.0006883475348908695,0.0008541789643271053,0.0009031475222460471,fb6c1cebe0a4f5d6,21
S4,state_dependent_rule,False,802103,0.375,0.25,3,2,272,0,2,0.6666666666666666,1.0,15.5,100.34421515210174,0.43994019456734174,3.3980728579395683,0.005787348365407313,0.9942126516345927,83,0,0,14483.400642504377,14483.400642504377,7241.700321252189,0.0,0.16443007992002265,0.17825824507520052,0.006137142934991966,212.75,191.03081255495542,0.0766725425190127,1,28:flood:semiwild|44:wildfire:reserve|59:flood:alternative,0.003695793948144368,0.0769110101903903,0.0807546488990917,0.013107798592273933,0.0009819428695987148,0.0007463056564899532,0.0010973265778088093,fb6c1cebe0a4f5d6,21
S6,rule,False,802103,0.0,0.0,0,0,0,0,1,0.3333333333333333,1.0,14.0,64.50612763671093,0.3216933737013368,0.0,,,0,0,0,17003.70306599813,17003.703065998132,17003.70306599813,1.3275399605847131,0.49288080108282967,0.051486471390106314,0.00013763688760806917,0.0,0.0,0.010991956409116727,2,28:flood:semiwild|44:wildfire:reserve|59:flood:alternative,0.007200000000000005,0.04419182401338362,0.0,0.0,2.2021902017291065e-05,0.0003927803832623674,0.0,fb6c1cebe0a4f5d6,21
S7,forward_rollout_proxy,False,802103,0.125,0.125,1,1,34,0,1,0.3333333333333333,1.0,13.0,55.545182326700775,0.5215683233437208,1.9726962457337884,0.007656543242953194,0.9923434567570468,87,0,0,14841.34889674649,14841.348896746491,14841.34889674649,0.0,0.2148062945894534,0.10940156714705382,0.006893970116275076,78.75,70.71058279061224,0.059719876153852956,2,28:flood:semiwild|44:wildfire:reserve|59:flood:alternative,0.004713316091803725,0.07664301067170834,0.010677639504794828,0.014628228689199121,0.0011030352186040119,0.0009188218436527656,0.0012566634248112579,fb6c1cebe0a4f5d6,21
S4,state_dependent_rule,False,802200,0.875,0.875,7,7,1060,1060,0,0.0,0.0,,357.84320919902456,0.4941215256228958,3.8141274530773095,0.04823310069809792,0.9517668993019021,65,0,0,18876.11055472234,18876.11055472234,2696.587222103192,1.5,0.7184483671737434,0.5435369759738552,0.0012174553651779893,143.5,22.423242642045555,0.1990043236285391,3,11:wildfire:alternative|30:funding_collapse|56:wildfire:semiwild|58:funding_collapse|60:heatwave:alternative|71:heatwave:semiwild|75:flood:origin|77:funding_collapse,0.013807788393877744,0.044580218974484394,0.2263442523638869,0.010874309884996327,0.00019479285842847837,0.0008758077155756828,3.730503433342934e-05,ecdb31e4488d5b6c,22
S6,rule,False,802200,1.0,1.0,8,8,1148,1148,0,0.0,0.0,,827.846761715306,0.7833529292062411,5.409448828277702,0.0,1.0,0,0,0,18871.62989108496,18871.62989108496,2358.95373638562,1.5,0.98,0.6146605541275227,5.3810491599343286e-05,0.0,0.0,0.06283032922372842,3,11:wildfire:alternative|30:funding_collapse|56:wildfire:semiwild|58:funding_collapse|60:heatwave:alternative|71:heatwave:semiwild|75:flood:origin|77:funding_collapse,0.01600000000000001,0.029680694181146213,0.0,0.0,8.609678655894924e-06,0.0009577669339567456,0.0,ecdb31e4488d5b6c,22
S7,forward_rollout_proxy,False,802200,1.0,1.0,8,8,859,859,0,0.0,0.0,,673.7433096754966,0.7358736437501201,4.245765933133295,0.0007663379352415177,0.9992336620647585,39,0,0,18859.684481385084,18859.684481385084,2357.4605601731355,1.5,0.8725493210472824,0.6302066687221247,0.00029575677369652156,66.75,10.430323667989832,0.25247038643031755,3,11:wildfire:alternative|30:funding_collapse|56:wildfire:semiwild|58:funding_collapse|60:heatwave:alternative|71:heatwave:semiwild|75:flood:origin|77:funding_collapse,0.0153250743838312,0.04283025012221371,0.021437212898260897,0.0008711342128492617,4.7321083791443446e-05,0.0008027095899389821,1.6526639453388414e-05,ecdb31e4488d5b6c,22
S4,state_dependent_rule,False,802201,0.75,0.625,6,5,1024,1024,0,0.0,0.0,,401.17812715005255,0.5990697317729583,4.599103647985697,0.0018131520891880332,0.9981868479108119,123,0,0,18887.00740712756,18887.00740712756,3777.401481425512,1.5,0.7274494871737437,0.430864593264202,0.0005832995302140087,144.25,22.540437290000494,0.15439304033485354,3,7:funding_collapse|21:funding_collapse|52:wildfire:alternative|80:funding_collapse|83:flood:reserve,0.014473593480677189,0.05002233617233594,0.12533467920246533,0.009578474642884778,9.33279248342414e-05,0.0008618575467639325,3.972809154665922e-05,ecdb31e4488d5b6c,22
S6,rule,False,802201,0.875,0.875,7,7,1200,1200,0,0.0,0.0,,824.6066929334261,0.7868019043610124,5.721338829494762,0.0,1.0,0,0,0,18891.192239230015,18891.192239230015,2698.7417484614307,1.5,0.98,0.5603116332989739,0.00015401696918280943,0.0,0.0,0.05674122502013195,3,7:funding_collapse|21:funding_collapse|52:wildfire:alternative|80:funding_collapse|83:flood:reserve,0.01600000000000001,0.02621042631620579,0.0,0.0,2.464271506924951e-05,0.0009630266077122777,0.0,ecdb31e4488d5b6c,22
S7,forward_rollout_proxy,False,802201,0.75,0.625,6,5,893,893,0,0.0,0.0,,676.3338480204983,0.7610724698559085,6.2833696224315805,0.0001913486416611619,0.9998086513583389,49,0,0,18871.906971384873,18871.906971384873,3774.381394276975,1.5,0.9146214944148706,0.47220825073327893,0.0001929782179544904,29.75,4.6487210355460284,0.18331202533738059,3,7:funding_collapse|21:funding_collapse|52:wildfire:alternative|80:funding_collapse|83:flood:reserve,0.015594070338942619,0.03713416171266649,0.006976288362044665,0.0012134689366701285,3.0876514872718456e-05,0.0009293802139340035,7.81661044582892e-06,ecdb31e4488d5b6c,22
S4,state_dependent_rule,False,802202,0.875,0.75,7,6,812,812,0,0.0,0.0,,205.39578875257948,0.3522745453986804,3.304411781236533,0.017504729706918017,0.982495270293082,380,0,0,19157.919404316523,19157.919404316523,3192.9865673860872,1.5,0.6607758870010475,0.4728530721700369,0.0011735879819506304,150.0,23.438929590988387,0.18115682828783408,3,4:flood:origin|57:wildfire:reserve|72:wildfire:alternative,0.01209004749703848,0.04810021898670813,0.31990467974217984,0.026375818342306578,0.00018777407711210084,0.0010458046545985733,5.769811675695168e-05,ecdb31e4488d5b6c,22
S6,rule,False,802202,0.5,0.5,4,4,819,819,0,0.0,0.0,,509.1726578321089,0.7798157150674527,5.580198055930151,0.0018014888151946086,0.9981985111848054,0,0,0,19021.077450406705,19021.07745040671,4755.269362601676,1.5,0.98,0.38588089469110065,0.00028342258663197235,0.0,0.0,0.035394570658995955,3,4:flood:origin|57:wildfire:reserve|72:wildfire:alternative,0.01600000000000001,0.033638331891495225,0.0,0.0,4.5347613861115576e-05,0.0005006054271908558,0.0,ecdb31e4488d5b6c,22
S7,forward_rollout_proxy,False,802202,0.75,0.75,6,6,1096,1096,0,0.0,0.0,,187.77152673958156,0.31044722082389875,4.449676811677548,0.000512120240621396,0.9994878797593786,106,0,0,19142.513296247922,19142.513296247922,3190.418882707987,1.5,0.8391094562137331,0.5051334577997422,0.0010418461910398338,67.25,10.508453433293129,0.19612872030796663,3,4:flood:origin|57:wildfire:reserve|72:wildfire:alternative,0.012379434941756617,0.037841233095850184,0.37671468810138853,0.02556507158191219,0.00016669539056637342,0.0009957907163580227,3.293376555440171e-05,ecdb31e4488d5b6c,22
S4,state_dependent_rule,False,802203,0.75,0.75,6,6,1063,1043,0,0.0,0.0,,252.18419695093522,0.3960603698811356,4.743312305953484,0.00016877288076941937,0.9998312271192306,107,0,0,18948.397467121864,18948.397467121864,3158.0662445203106,1.5,0.6699999999999999,0.48614014017930013,0.000784564212637095,122.0,19.0636627340039,0.1710350855988264,3,32:heatwave:alternative|34:funding_collapse|38:heatwave:origin|55:funding_collapse,0.013177596109419865,0.03767313998337642,0.31441527122773283,0.017906980901595836,0.00012553027402193521,0.000987028117152066,3.640418608838188e-05,ecdb31e4488d5b6c,22
S6,rule,False,802203,0.75,0.625,6,5,998,998,0,0.0,0.0,,670.9128303112545,0.7820998087117909,5.912281311523413,0.0,1.0,0,0,0,18934.180043552682,18934.180043552682,3786.8360087105366,1.5,0.98,0.44811138966605657,0.0003964123461138409,0.0,0.0,0.04869288275411199,3,32:heatwave:alternative|34:funding_collapse|38:heatwave:origin|55:funding_collapse,0.01600000000000001,0.030815815829171103,0.0,0.0,6.342597537821451e-05,0.0010209494836594362,0.0,ecdb31e4488d5b6c,22
S7,forward_rollout_proxy,False,802203,0.875,0.75,7,6,1200,1200,0,0.0,0.0,,478.2157367112045,0.5936325385263642,3.661002292366229,0.0039054948955320606,0.996094505104468,51,0,0,18913.802531674915,18913.802531674915,3152.3004219458194,1.5,0.821431051859718,0.497625973220977,0.0008504089789265572,110.25,17.227613249376482,0.20686422555671446,3,32:heatwave:alternative|34:funding_collapse|38:heatwave:origin|55:funding_collapse,0.014129582939236869,0.04162583561004294,0.12881947295558768,0.013269291525428703,0.0001360654366282491,0.001006669482496184,2.691381955003345e-05,ecdb31e4488d5b6c,22
S4,state_dependent_rule,False,802300,0.25,0.25,2,2,208,0,3,1.0,1.0,18.0,100.07964753578015,0.5205976201387839,2.8425744996081823,0.012681197244474042,0.987318802755526,43,0,0,17314.739936887127,17314.739936887123,8657.369968443563,1.5,0.2110329403196128,0.176943503511875,0.0024523242845724534,238.25,29.44536892574457,0.07457232241915936,0,8:heatwave:alternative|37:funding_collapse|44:funding_collapse|47:funding_collapse|53:heatwave:semiwild|60:wildfire:alternative|90:flood:reserve|91:wildfire:semiwild,0.0034783990149166864,0.07783347410255496,0.05835350710411306,0.013311604850120411,0.0003923718855315923,0.0008949233400266709,0.00021050378120379207,9dc2af22d666d111,23
S6,rule,False,802300,0.875,0.0,7,0,0,0,2,0.6666666666666666,1.0,45.5,325.61061620065465,0.706524887225272,0.0,,,0,0,0,17579.102200210567,17579.102200210567,17579.102200210567,1.5,0.6357437942268345,0.06965031429930217,0.0002420411229525171,0.0,0.0,0.03037967438309361,1,8:heatwave:alternative|37:funding_collapse|44:funding_collapse|47:funding_collapse|53:heatwave:semiwild|60:wildfire:alternative|90:flood:reserve|91:wildfire:semiwild,0.01536000000000001,0.0740566577006672,0.0,0.0,3.872657967240273e-05,0.0008197284943885671,0.0,9dc2af22d666d111,23
S7,forward_rollout_proxy,False,802300,0.125,0.125,1,1,320,165,3,1.0,1.0,28.666666666666668,152.90556913149751,0.6125160746236289,4.501890442275565,0.004761279629838533,0.9952387203701615,289,0,0,17340.742514581525,17340.742514581525,17340.742514581525,1.5,0.467804723405699,0.16043092051096794,0.0003371658895848125,154.25,19.0637907945272,0.06190771873821187,0,8:heatwave:alternative|37:funding_collapse|44:funding_collapse|47:funding_collapse|53:heatwave:semiwild|60:wildfire:alternative|90:flood:reserve|91:wildfire:semiwild,0.01023715026139463,0.07327403027564416,0.042056011165957016,0.012655234412594639,5.394654233357001e-05,0.0007670416565637469,9.764336934877036e-05,9dc2af22d666d111,23
S4,state_dependent_rule,False,802301,0.25,0.25,2,2,265,44,3,1.0,1.0,22.333333333333332,116.97686690714585,0.512631699739731,4.06501445982512,0.003178103213989413,0.9968218967860106,116,0,0,17612.458355017727,17612.458355017727,8806.229177508863,1.5,0.2924519217180903,0.19697323347496604,0.0008385174398757929,237.75,29.383573817820672,0.07288948352452895,0,21:flood:origin|45:heatwave:origin|49:flood:origin|68:funding_collapse|76:flood:alternative|94:heatwave:reserve,0.003488162343858066,0.0788069849726443,0.07180529020438137,0.01184736998609493,0.0001341627903801269,0.0006923383260064948,0.00017102996016542035,9dc2af22d666d111,23
S6,rule,False,802301,0.25,0.0,2,0,0,0,2,0.6666666666666666,1.0,42.0,126.43759062004912,0.43266353818342135,0.0,,,0,0,0,17688.4419870836,17688.441987083603,17688.4419870836,1.5,0.6444342611870147,0.06707583208888335,0.00018134715025906734,0.0,0.0,0.013162029850909373,1,21:flood:origin|45:heatwave:origin|49:flood:origin|68:funding_collapse|76:flood:alternative|94:heatwave:reserve,0.009760000000000008,0.06341539038399555,0.0,0.0,2.9015544041450774e-05,0.000432055888541755,0.0,9dc2af22d666d111,23
S7,forward_rollout_proxy,False,802301,0.25,0.25,2,2,363,362,3,1.0,1.0,22.333333333333332,163.97001860218163,0.6692650299981661,3.4893051044388894,0.004829287462036359,0.9951707125379636,347,0,0,17546.756580255333,17546.756580255336,8773.378290127666,1.5,0.5136018373210568,0.215813461166086,0.0027036770512027116,141.75,17.51891309642937,0.08530113194795699,0,21:flood:origin|45:heatwave:origin|49:flood:origin|68:funding_collapse|76:flood:alternative|94:heatwave:reserve,0.013332715163555863,0.06557688341194808,0.013630428247227882,0.01226235729656862,0.00043258832819243376,0.0011295721824063664,0.00013248052342507784,9dc2af22d666d111,23
S4,state_dependent_rule,False,802302,0.125,0.125,1,1,336,178,3,1.0,1.0,15.333333333333334,85.75064262518903,0.5486648513509675,1.9974522292993628,0.008095696741317686,0.9919043032586823,160,0,0,17772.913555679097,17772.913555679093,17772.913555679097,1.5,0.3566669004885806,0.1224792208228312,0.0023577237845317195,181.0,22.369829068456543,0.05294004240489757,0,6:wildfire:origin|37:heatwave:reserve|72:heatwave:reserve,0.004152350284545784,0.07455472693300953,0.039045649300974504,0.014069707291821583,0.0003772358055250751,0.0009201114901480287,0.00021070960037732203,9dc2af22d666d111,23
S6,rule,False,802302,0.5,0.0,4,0,0,0,2,0.6666666666666666,1.0,18.5,151.42247389063758,0.6120886415995259,0.0,,,0,0,0,17729.71658343754,17729.71658343754,17729.71658343754,1.5,0.6699999999999999,0.07127830718210589,0.00028974929686711526,0.0,0.0,0.021391535910529443,1,6:wildfire:origin|37:heatwave:reserve|72:heatwave:reserve,0.01360000000000001,0.07908528840254804,0.0,0.0,4.635988749873844e-05,0.0006797101104273485,0.0,9dc2af22d666d111,23
S7,forward_rollout_proxy,False,802302,0.25,0.125,2,1,281,204,3,1.0,1.0,17.0,127.18851907092164,0.6379568683293282,3.203935889632786,0.0009383328240934615,0.9990616671759065,357,0,0,17634.734463831457,17634.734463831457,17634.734463831457,1.5,0.3838612205408974,0.1403215303732694,0.0008208020516156173,152.75,18.87840547075546,0.06823024711425887,0,6:wildfire:origin|37:heatwave:reserve|72:heatwave:reserve,0.01020685534280323,0.06011535753775544,0.02126893238865033,0.01014866988199486,0.00013132832825849875,0.0007567194510023447,0.00015024139328254218,9dc2af22d666d111,23
S4,state_dependent_rule,False,802303,0.125,0.125,1,1,218,81,3,1.0,1.0,23.333333333333332,97.5236940976024,0.5433973520810339,4.730639060322516,0.0011453540787224501,0.9988546459212776,107,0,0,17507.06114191965,17507.06114191965,17507.06114191965,1.5,0.3516523931580602,0.14799291977221243,0.0017308045856050164,202.5,25.027018709184794,0.04635644926590623,0,32:flood:origin|43:wildfire:reserve|96:flood:origin|97:funding_collapse,0.003974798000578197,0.07520790452532991,0.04562035160486509,0.013811863981319753,0.0002769287336968025,0.0009022182517597296,0.00019485914108683693,9dc2af22d666d111,23
S6,rule,False,802303,0.75,0.0,6,0,0,0,1,0.3333333333333333,1.0,69.0,225.66470382400436,0.6192715722084204,0.0,,,0,0,0,17718.740914683476,17718.74091468348,17718.740914683476,1.5,0.6699999999999999,0.07174036123867192,0.00023147049002879522,0.0,0.0,0.02370180619335965,2,32:flood:origin|43:wildfire:reserve|96:flood:origin|97:funding_collapse,0.01376000000000001,0.07998484628263863,0.0,0.0,3.703527840460724e-05,0.0007465462305363451,0.0,9dc2af22d666d111,23
S7,forward_rollout_proxy,False,802303,0.375,0.125,3,1,227,200,1,0.3333333333333333,1.0,14.0,131.95391466082535,0.6811906751725509,2.923631205673759,0.007310903062804747,0.9926890969371952,203,0,0,17497.925499801146,17497.925499801146,17497.925499801146,1.5,0.5013239218886744,0.15357850683749316,0.001078832494558796,104.0,12.853382448173932,0.08979901295944062,2,32:flood:origin|43:wildfire:reserve|96:flood:origin|97:funding_collapse,0.013351225840784542,0.06013041010983899,0.011324036175602719,0.006817058353194647,0.00017261319912940736,0.0008026409864379222,0.0001253908429263311,9dc2af22d666d111,23
S4,state_dependent_rule,False,802400,0.5,0.0,4,0,0,0,2,0.6666666666666666,1.0,27.5,110.72609897392816,0.44861863716612893,0.0,,,25,0,0,4849.457456281414,4849.457456281413,4849.457456281414,0.9406471595094803,0.37977076926379055,0.04854488603362376,0.0004335527489843534,27.75,17.625869254312967,0.05283904553622351,1,5:flood:reserve|7:funding_collapse|9:funding_collapse|17:wildfire:alternative|52:wildfire:origin|96:flood:origin,0.008988697160452785,0.05537550841962279,0.000187732370175027,0.0022571277158732073,6.936843983749653e-05,0.0007696747836403718,0.0003649299364305075,411b85ff63253b48,24
S6,rule,False,802400,0.875,0.625,7,5,597,597,0,0.0,0.0,,590.3726309731678,0.7707871304193177,5.5001599393762115,0.0,1.0,0,0,0,5240.77327655756,5240.77327655756,1048.154655311512,1.5,0.8829735052939686,0.43367452344497287,0.00034331570811200877,0.0,0.0,0.04562786760906934,3,5:flood:reserve|7:funding_collapse|9:funding_collapse|17:wildfire:alternative|52:wildfire:origin|96:flood:origin,0.01600000000000001,0.04217902556676617,0.0,0.0,5.4930513297921404e-05,0.0009789135006183487,0.0,411b85ff63253b48,24
S7,forward_rollout_proxy,False,802400,0.625,0.0,5,0,0,0,0,0.0,0.0,,176.83918350040727,0.6157096632842091,0.0,,,6,0,0,4998.1727392297935,4998.172739229794,4998.1727392297935,1.19629236163604,0.6418916789234436,0.08299788808770418,0.0003950028885178106,10.25,6.510456211052545,0.09404360097679912,3,5:flood:reserve|7:funding_collapse|9:funding_collapse|17:wildfire:alternative|52:wildfire:origin|96:flood:origin,0.013273074677821194,0.06101045895085775,0.0006053481467546086,0.0037863367469087496,6.320046216284969e-05,0.0006893674810190259,0.00016858762746453946,411b85ff63253b48,24
S4,state_dependent_rule,False,802401,0.375,0.25,3,2,151,150,2,0.6666666666666666,1.0,19.5,140.6281095694428,0.6048695490788546,2.9501202452325304,0.004696802115089108,0.9953031978849108,106,0,0,4972.737788104398,4972.737788104398,2486.368894052199,0.9861733408118677,0.5409275714033724,0.21138959460727919,0.0004380750636240196,54.0,34.29898881920364,0.0764781750730832,1,37:flood:origin|46:funding_collapse|67:heatwave:reserve|80:flood:semiwild|100:heatwave:origin,0.014126692137006116,0.0698110845580189,0.034274348187248685,0.020904658819279224,7.009201017984314e-05,0.0013605080504163953,0.0002411650702882311,411b85ff63253b48,24
S6,rule,False,802401,0.875,0.75,7,6,914,914,1,0.3333333333333333,1.0,19.0,663.4266035967458,0.7797835810033823,5.990993488859169,0.0,1.0,0,0,0,5312.0532827436255,5312.053282743626,885.3422137906042,1.5,0.8612237895362619,0.4931921366501767,0.0003680793021085838,0.0,0.0,0.048299114039794075,2,37:flood:origin|46:funding_collapse|67:heatwave:reserve|80:flood:semiwild|100:heatwave:origin,0.01600000000000001,0.03311562400434485,0.0,0.0,5.889268833737342e-05,0.0010419023039354126,0.0,411b85ff63253b48,24
S7,forward_rollout_proxy,False,802401,0.625,0.375,5,3,929,929,2,0.6666666666666666,1.0,18.5,266.3537722162688,0.639496545105764,3.322471390797731,0.021434180722013484,0.9785658192779865,24,0,0,5168.848791188003,5168.848791188003,1722.9495970626676,1.4124691530131703,0.6524367649499688,0.2919412584871608,0.0004011442135134684,23.5,14.926411800949737,0.1236143404209328,1,37:flood:origin|46:funding_collapse|67:heatwave:reserve|80:flood:semiwild|100:heatwave:origin,0.014903124429164827,0.05383208028111569,0.049635189983907875,0.008158601592808427,6.418307416215494e-05,0.0008244833101968349,5.974195875275726e-05,411b85ff63253b48,24
S4,state_dependent_rule,False,802402,0.375,0.125,3,1,309,201,1,0.3333333333333333,1.0,25.0,144.67636193315764,0.6428088195980987,3.5527813953488367,0.046103640386238376,0.9538963596137616,73,0,0,4895.996367257197,4895.996367257198,4895.996367257197,0.5937290179180232,0.36000000000000004,0.14208096002090226,0.0004037170311333162,56.0,35.5693217384334,0.07151573033706934,2,36:wildfire:reserve|53:wildfire:semiwild|57:wildfire:reserve|87:wildfire:reserve|93:heatwave:reserve,0.011794827625641853,0.06966631980473306,0.00961784347256861,0.005118870520062669,6.459472498133058e-05,0.0007631848690602302,0.00039632513738754454,411b85ff63253b48,24
S6,rule,False,802402,0.875,0.875,7,7,1200,1200,1,0.3333333333333333,1.0,20.0,822.8496410102747,0.7852349337823243,5.759691367994852,0.0,1.0,0,0,0,5323.810919502445,5323.810919502447,760.544417071778,1.5,0.8936361691791422,0.5507240093736148,0.0001524886762685124,0.0,0.0,0.050067393878760025,2,36:wildfire:reserve|53:wildfire:semiwild|57:wildfire:reserve|87:wildfire:reserve|93:heatwave:reserve,0.01600000000000001,0.027785624330783062,0.0,0.0,2.4398188202961983e-05,0.0009550436986896746,0.0,411b85ff63253b48,24
S7,forward_rollout_proxy,False,802402,0.5,0.5,4,4,535,535,1,0.3333333333333333,1.0,33.0,316.6839154589675,0.747297394126487,3.0825041448549526,0.0018170938312132242,0.9981829061687868,11,0,0,5233.239360678388,5233.239360678388,1308.309840169597,1.5,0.49572787973655424,0.33478444804355223,0.0002690368569633999,33.75,21.436868012002282,0.14693309310673636,2,36:wildfire:reserve|53:wildfire:semiwild|57:wildfire:reserve|87:wildfire:reserve|93:heatwave:reserve,0.016413071771274795,0.05876471508011247,1.6078305932806294e-06,1.5668125085703642e-05,4.304589711414399e-05,0.0009228984874506412,7.14474809857597e-05,411b85ff63253b48,24
S4,state_dependent_rule,False,802403,0.5,0.5,4,4,228,208,2,0.6666666666666666,1.0,28.5,178.89096995616302,0.5751751962249426,2.7570199973873644,0.0028464336373802764,0.9971535663626198,54,0,0,4917.690833328225,4917.690833328226,1229.4227083320563,0.8760135873647282,0.46614778536619034,0.3229039086114779,0.0003393727002671183,63.0,40.01548695573756,0.11859465050492587,1,4:flood:alternative|66:funding_collapse|72:heatwave:reserve|75:funding_collapse|80:funding_collapse|88:flood:origin|95:heatwave:semiwild,0.013867066137461198,0.07530692521893374,0.064428098462274,0.015154533687558409,5.4299632042738916e-05,0.0010461237769457173,0.0001852438885805645,411b85ff63253b48,24
S6,rule,False,802403,0.875,0.875,7,7,466,466,0,0.0,0.0,,768.6571177446306,0.777724541702887,5.376294397789967,0.0,1.0,0,0,0,5250.763438947923,5250.7634389479235,750.1090627068461,1.5,0.8831881215925059,0.5466285811700564,7.589058524173029e-05,0.0,0.0,0.05398412516453085,3,4:flood:alternative|66:funding_collapse|72:heatwave:reserve|75:funding_collapse|80:funding_collapse|88:flood:origin|95:heatwave:semiwild,0.01600000000000001,0.03529701307547432,0.0,0.0,1.2142493638676846e-05,0.0009663027279997724,0.0,411b85ff63253b48,24
S7,forward_rollout_proxy,False,802403,0.75,0.625,6,5,581,581,1,0.3333333333333333,1.0,22.0,307.6419853465623,0.6249387840082006,2.775596591539867,0.009481885153536642,0.9905181148464633,12,0,0,5095.262446459931,5095.262446459932,1019.0524892919863,1.3359237954374872,0.6535023785711167,0.4087348404744093,0.0002693793508860857,31.75,20.16653509277252,0.17189318350949434,2,4:flood:alternative|66:funding_collapse|72:heatwave:reserve|75:funding_collapse|80:funding_collapse|88:flood:origin|95:heatwave:semiwild,0.014623154623037043,0.057415506815573635,0.062038801999196244,0.009788857514197,4.31006961417737e-05,0.0009281949593456774,4.9455289042610355e-05,411b85ff63253b48,24
S4,state_dependent_rule,False,802500,0.125,0.125,1,1,65,0,3,1.0,1.0,25.333333333333332,48.51615440008035,0.5320481299458072,1.0,0.31935526578323176,0.6806447342167683,13,0,0,3855.854508883221,3855.854508883221,3855.854508883221,0.0,0.05000000000000001,0.08050855259682685,0.001671704296325925,33.25,15.896707242164869,0.04629276298413418,0,31:wildfire:semiwild|33:wildfire:reserve|45:wildfire:alternative|49:heatwave:origin|62:flood:semiwild,0.0047929982467189046,0.07773869248265808,0.018741361092569256,0.015711539973255504,0.00026747268741214797,0.0010848165916474625,0.0005143100363037116,62df6eaa75241b1e,25
S6,rule,False,802500,0.375,0.0,3,0,0,0,2,0.6666666666666666,1.0,24.5,80.76965798990335,0.5147151052554881,0.0,,,0,0,0,4351.3582984211125,4351.358298421114,4351.3582984211125,1.2907882196621379,0.2663946811894777,0.029841982750494947,7.614213197969543e-05,0.0,0.0,0.016012573157735896,1,31:wildfire:semiwild|33:wildfire:reserve|45:wildfire:alternative|49:heatwave:origin|62:flood:semiwild,0.011680000000000008,0.07896031421387036,0.0,0.0,1.2182741116751269e-05,0.0005323977895247954,0.0,62df6eaa75241b1e,25
S7,forward_rollout_proxy,False,802500,0.0,0.0,0,0,0,0,3,1.0,1.0,23.333333333333332,44.22092829078985,0.29071699412841323,0.0,,,8,0,0,4185.183163819294,4185.183163819293,4185.183163819294,0.8992301178607434,0.05000000000000001,0.011715863543188355,0.00029129998886042103,10.5,5.02001281331522,0.03357931771594177,0,31:wildfire:semiwild|33:wildfire:reserve|45:wildfire:alternative|49:heatwave:origin|62:flood:semiwild,0.0063852669055646715,0.044135358849823045,2.280341201194764e-05,0.001699429513550642,4.6607998217667375e-05,0.0009085665687573906,0.00030124753915852835,62df6eaa75241b1e,25
S4,state_dependent_rule,False,802501,0.0,0.0,0,0,0,0,3,1.0,1.0,19.333333333333332,29.748706022653106,0.19705443134692338,0.0,,,12,0,0,4036.0927612134983,4036.0927612134983,4036.0927612134983,0.7596023816143146,0.05000000000000001,0.009993420297787159,0.0008819420164032118,17.75,8.486212136794773,0.024967101488935793,0,6:heatwave:origin|15:funding_collapse|24:heatwave:origin|32:funding_collapse|34:heatwave:alternative|49:funding_collapse|50:funding_collapse|62:wildfire:reserve|72:flood:alternative,0.003985928278521297,0.034998510878963954,0.00024260527835867358,0.0025553198007883782,0.0001411107226245139,0.0005762956785450183,0.0002927511890921646,62df6eaa75241b1e,25
S6,rule,False,802501,0.0,0.0,0,0,0,0,3,1.0,1.0,19.333333333333332,37.20686936003508,0.26704205214643084,0.0,,,0,0,0,4233.312700009854,4233.312700009854,4233.312700009854,1.1398577319872856,0.1650116075761255,0.01804018104820583,7.666640700059722e-05,0.0,0.0,0.007695101452966391,0,6:heatwave:origin|15:funding_collapse|24:heatwave:origin|32:funding_collapse|34:heatwave:alternative|49:funding_collapse|50:funding_collapse|62:wildfire:reserve|72:flood:alternative,0.006240000000000004,0.050082220820628846,0.0,0.0,1.2266625120095557e-05,0.00032346040782035607,0.0,62df6eaa75241b1e,25
S7,forward_rollout_proxy,False,802501,0.0,0.0,0,0,0,0,2,0.6666666666666666,1.0,20.5,32.96518670095021,0.197982967293743,0.0,,,11,0,0,4075.3363621405683,4075.3363621405683,4075.3363621405683,0.8221228811851695,0.05000000000000001,0.010120926963304343,0.008874184072509183,13.0,6.215253959342654,0.02560463481652171,1,6:heatwave:origin|15:funding_collapse|24:heatwave:origin|32:funding_collapse|34:heatwave:alternative|49:funding_collapse|50:funding_collapse|62:wildfire:reserve|72:flood:alternative,0.0039752749909684,0.03357400963002871,0.00021636469577663057,0.0010114960411316135,0.0014198694516014694,0.00040119227384123536,0.0002949178825496838,62df6eaa75241b1e,25
S4,state_dependent_rule,False,802502,0.25,0.25,2,2,237,0,2,0.6666666666666666,1.0,25.0,71.5120679996017,0.4788464559238651,2.59688213775799,0.005122963831989161,0.9948770361680108,7,0,0,3824.500208270699,3824.500208270699,1912.2501041353496,0.0,0.05000000000000001,0.15693338182185504,0.001285326746212613,49.5,23.665774691343195,0.06732280222137563,1,34:wildfire:origin,0.004072727577162852,0.07884207663689527,0.06567711186640818,0.00943217551242069,0.00020565227939401808,0.0006650388593253121,0.00021866913496341615,62df6eaa75241b1e,25
S6,rule,False,802502,0.125,0.0,1,0,0,0,2,0.6666666666666666,1.0,31.5,59.63775357467544,0.355721113608355,0.0,,,0,0,0,4383.499723439112,4383.499723439112,4383.499723439112,1.422092017451668,0.39427367821842724,0.041518597109423114,5.3619302949061666e-05,0.0,0.0,0.010456146437901942,1,34:wildfire:origin,0.008000000000000005,0.05080989128551997,0.0,0.0,8.579088471849867e-06,0.00046041601765318014,0.0,62df6eaa75241b1e,25
S7,forward_rollout_proxy,False,802502,0.0,0.0,0,0,0,0,2,0.6666666666666666,1.0,31.0,42.10286525963336,0.326708159052423,0.0,,,9,0,0,4179.584317715625,4179.584317715625,4179.584317715625,0.9017359909431956,0.05000000000000001,0.010938263730283278,0.0028894758091649285,12.0,5.737157500931681,0.029691318651416387,1,34:wildfire:origin,0.006388468087824978,0.05003756806004253,0.00010097637535718073,0.0016057410424014293,0.00046231612946638856,0.0006951559670640364,0.00025814290375799373,62df6eaa75241b1e,25
S4,state_dependent_rule,False,802503,0.125,0.125,1,1,55,0,3,1.0,1.0,24.666666666666668,56.33670390281239,0.5136391018084835,3.7765293383270917,0.0007655644881016293,0.9992344355118984,8,0,0,3812.1720915601745,3812.1720915601745,3812.1720915601745,0.0,0.05000000000000001,0.10880587419127767,0.002385753753998077,47.0,22.47053354531576,0.04895290404003377,0,19:funding_collapse|36:flood:semiwild|45:funding_collapse|78:funding_collapse|85:wildfire:alternative,0.004260659783651003,0.08514953230154272,0.03046115264196346,0.004591569628417391,0.0003817206006396925,0.0005120766681419573,0.00035899680944997405,62df6eaa75241b1e,25
S6,rule,False,802503,0.375,0.0,3,0,0,0,3,1.0,1.0,34.666666666666664,106.97765910494292,0.5041481987197449,0.0,,,0,0,0,4376.359762721288,4376.3597627212885,4376.359762721288,1.4865547648292687,0.35073016730796974,0.03810980213757352,0.00023836992273344642,0.0,0.0,0.015183927033882699,0,19:funding_collapse|36:flood:semiwild|45:funding_collapse|78:funding_collapse|85:wildfire:alternative,0.011200000000000009,0.06502862669039976,0.0,0.0,3.8139187637351425e-05,0.0005850354022181687,0.0,62df6eaa75241b1e,25
S7,forward_rollout_proxy,False,802503,0.0,0.0,0,0,0,0,3,1.0,1.0,30.666666666666668,53.35328943974791,0.3251260029661983,0.0,,,14,0,0,4185.384399762095,4185.384399762095,4185.384399762095,0.9761335176123096,0.05000000000000001,0.011940775835131957,0.0001550418654343073,16.0,7.649543334575577,0.03470387917565978,0,19:funding_collapse|36:flood:semiwild|45:funding_collapse|78:funding_collapse|85:wildfire:alternative,0.007113186330197063,0.04962396902094596,5.030681853298679e-05,0.00043798637285374524,2.480669846948917e-05,0.00037851064017600756,0.00021091519565546074,62df6eaa75241b1e,25
S4,state_dependent_rule,False,802600,0.375,0.375,3,3,343,0,0,0.0,0.0,,132.18423417499963,0.44841400808983883,3.7811934260974156,0.004701101773918925,0.9952988982260811,92,0,0,22910.468005629,22910.468005629,7636.822668543001,1.5,0.09378319006599439,0.2353653860378169,0.003412198174839773,352.75,595.9986640011186,0.09712566385121649,3,16:wildfire:reserve|79:funding_collapse,0.002985983331121354,0.07616540077333583,0.10965375454733982,0.011821354487904558,0.0005459517079743637,0.0006706088149482036,0.002376439929216995,f6b5ec482c3b36da,26
S6,rule,False,802600,0.75,0.5,6,4,172,172,0,0.0,0.0,,305.57752456723915,0.7481029781751711,3.383325722210116,0.0018039999999999998,0.998196,0,0,0,22762.975643487705,22762.975643487705,5690.743910871926,1.5,0.8418532927451284,0.35143398532264725,0.0002585359024600114,0.0,0.0,0.04207699413016616,3,16:wildfire:reserve|79:funding_collapse,0.01600000000000001,0.06507468385170938,0.0,0.0,4.136574439360182e-05,0.0007809722287259186,0.0,f6b5ec482c3b36da,26
S7,forward_rollout_proxy,False,802600,0.25,0.125,2,1,21,0,0,0.0,0.0,,66.4234337398547,0.5870575837418867,1.9600000000000004,0.07135241281653874,0.9286475871834613,69,0,0,22696.933995151252,22696.933995151252,22696.933995151252,1.5,0.2590161103978013,0.11611446292562776,0.0026084937929254405,78.75,133.05427296977498,0.07181425942923815,3,16:wildfire:reserve|79:funding_collapse,0.006055181833370862,0.07814172070482832,0.007495751489311431,0.0109545007885653,0.0004173590068680704,0.0008714657214895603,0.0025570008881698834,f6b5ec482c3b36da,26
S4,state_dependent_rule,False,802601,0.25,0.25,2,2,274,0,3,1.0,1.0,26.333333333333332,116.08162321260752,0.4875132716751262,4.113211356571972,4.590057199724744e-06,0.9999954099428002,99,0,0,22836.064943874575,22836.064943874575,11418.032471937287,1.5,0.05000000000000001,0.17328072187504537,0.004445348386390645,319.25,539.3977986742939,0.07324304154662828,0,43:flood:reserve|49:funding_collapse|74:heatwave:reserve|76:flood:alternative|95:funding_collapse,0.0039050342667775496,0.07737731882937897,0.07753868619701644,0.012407178577131408,0.0007112557418225032,0.0008173357684095334,0.002766816513296842,f6b5ec482c3b36da,26
S6,rule,False,802601,0.625,0.5,5,4,211,211,2,0.6666666666666666,1.0,18.0,331.5148121125796,0.748207670242565,4.264612994069335,0.0,1.0,0,0,0,22716.29456900207,22716.294569002075,5679.073642250518,1.5,0.7958345773017522,0.3545231495810608,0.0004776166312231279,0.0,0.0,0.03646780955096106,1,43:flood:reserve|49:funding_collapse|74:heatwave:reserve|76:flood:alternative|95:funding_collapse,0.01600000000000001,0.06482543762327365,0.0,0.0,7.641866099570046e-05,0.0008904734731654086,0.0,f6b5ec482c3b36da,26
S7,forward_rollout_proxy,False,802601,0.0,0.0,0,0,0,0,1,0.3333333333333333,1.0,16.0,53.51710492371929,0.3295709277956382,0.0,,,71,0,0,22696.357472656375,22696.357472656375,22696.357472656375,1.5,0.11155074489464063,0.0196330649523683,0.0008512249655264288,54.5,92.08200478543155,0.042389952314521175,2,43:flood:reserve|49:funding_collapse|74:heatwave:reserve|76:flood:alternative|95:funding_collapse,0.006773988256322373,0.043253809538771885,0.0005715268064893083,0.0010639687162912765,0.00013619599448422862,0.0004031835863626298,0.0016427376659096968,f6b5ec482c3b36da,26
S4,state_dependent_rule,False,802602,0.125,0.125,1,1,165,0,2,0.6666666666666666,1.0,14.5,100.47144547145216,0.5107320614355756,4.965347437534197,4.205380660713215e-05,0.9999579461933928,60,0,0,22770.048663427468,22770.048663427468,22770.048663427468,1.5,0.09989749678130543,0.126048434466378,0.00467317144455629,233.75,394.93887373568106,0.050776052064527386,1,23:wildfire:origin|24:heatwave:semiwild|34:funding_collapse|50:funding_collapse|97:wildfire:semiwild,0.003779574951727433,0.07423279765176631,0.0517937737534438,0.014818011919762935,0.0007477074311290061,0.0009971056629695168,0.0025844931595921756,f6b5ec482c3b36da,26
S6,rule,False,802602,0.625,0.125,5,1,1,1,1,0.3333333333333333,1.0,19.0,150.69233261610708,0.7221633913029861,1.0,0.0,1.0,0,0,0,22710.334756990076,22710.33475699008,22710.334756990076,1.5,0.774567039754586,0.1488303526881558,0.0002610054956373076,0.0,0.0,0.025618243563485923,2,23:wildfire:origin|24:heatwave:semiwild|34:funding_collapse|50:funding_collapse|97:wildfire:semiwild,0.01600000000000001,0.09107132289169348,0.0,0.0,4.1760879301969215e-05,0.0007235249260185437,0.0,f6b5ec482c3b36da,26
S7,forward_rollout_proxy,False,802602,0.25,0.125,2,1,203,2,2,0.6666666666666666,1.0,16.5,116.73512484098819,0.5509806581627548,3.8366073922353596,0.007440851628674257,0.9925591483713258,210,0,0,22712.363094969518,22712.363094969518,22712.363094969518,1.5,0.33952070722337596,0.1441592091718942,0.0034383774239072993,188.25,318.06307157536696,0.07795532263601503,1,23:wildfire:origin|24:heatwave:semiwild|34:funding_collapse|50:funding_collapse|97:wildfire:semiwild,0.007199340580963935,0.07895247138936862,0.03309373431482536,0.02453066340118421,0.0005501403878251677,0.0012510993071112974,0.0023770655484790736,f6b5ec482c3b36da,26
S4,state_dependent_rule,False,802603,0.25,0.125,2,1,139,0,1,0.3333333333333333,1.0,24.0,99.50264309202504,0.4964261641130854,5.939440516446357,0.0004812062462396626,0.9995187937537603,62,0,0,22755.571718452113,22755.571718452113,22755.571718452113,1.5,0.057050591162317726,0.1330033077554928,0.005103336809562472,259.0,437.600719989482,0.05826921737398731,2,8:funding_collapse|10:heatwave:alternative|38:funding_collapse|47:heatwave:semiwild|80:flood:semiwild|87:funding_collapse,0.0032083772648284605,0.07336113798330593,0.059093397692707814,0.01403616050912564,0.0008165338895299956,0.0008249028146596042,0.0026941491654519727,f6b5ec482c3b36da,26
S6,rule,False,802603,0.625,0.5,5,4,159,159,1,0.3333333333333333,1.0,33.0,301.6637029076175,0.7473700079159099,2.6887125000255523,0.00092496,0.99907504,0,0,0,22613.472840038823,22613.472840038827,5653.368210009706,1.5,0.8238867710294505,0.34176203706012503,0.00038419360802994574,0.0,0.0,0.03743117478462222,2,8:funding_collapse|10:heatwave:alternative|38:funding_collapse|47:heatwave:semiwild|80:flood:semiwild|87:funding_collapse,0.01600000000000001,0.0657023365465657,0.0,0.0,6.14709772847913e-05,0.0008661845602395965,0.0,f6b5ec482c3b36da,26
S7,forward_rollout_proxy,False,802603,0.25,0.25,2,2,287,0,1,0.3333333333333333,1.0,16.0,129.31172355136354,0.5554916871691559,3.7989922358864208,0.002103570835776269,0.9978964291642237,153,0,0,22546.54390686767,22546.54390686767,11273.271953433836,1.5,0.22443012223875577,0.1903426451458497,0.0029506732460927005,208.0,351.43223844715186,0.0870485528155496,2,8:funding_collapse|10:heatwave:alternative|38:funding_collapse|47:heatwave:semiwild|80:flood:semiwild|87:funding_collapse,0.007431159525498321,0.08002145954923277,0.05208693410761911,0.010247158914489005,0.000472107719374832,0.0007904430849895726,0.002115191471360949,f6b5ec482c3b36da,26
S4,state_dependent_rule,False,802700,0.375,0.375,3,3,305,0,0,0.0,0.0,,140.01861586855398,0.5333472301051102,3.7955358532405925,0.0003377156234248453,0.9996622843765751,58,0,0,21870.777498598472,21870.777498598472,7290.259166199491,1.5,0.05000000000000001,0.23115157498920713,0.0031683190316530337,290.0,573.366437209603,0.097231082284006,3,34:heatwave:reserve|43:funding_collapse|68:flood:alternative|71:wildfire:semiwild|79:funding_collapse|79:flood:alternative|82:funding_collapse|83:wildfire:alternative,0.003236484001739817,0.07788535079098867,0.09318424048869638,0.011498590323472781,0.0005069310450644856,0.0007063580466156316,0.0028511018513195183,b9052d3ba610b61b,27
S6,rule,False,802700,0.5,0.375,4,3,121,121,0,0.0,0.0,,208.6503590093226,0.7408307073739383,3.825458670540874,0.0018058742857142854,0.9981941257142857,0,0,0,21801.111567938606,21801.11156793861,7267.037189312869,1.5,0.5044964159088017,0.26449744407202125,0.0001020408163265306,0.0,0.0,0.0352160788786616,3,34:heatwave:reserve|43:funding_collapse|68:flood:alternative|71:wildfire:semiwild|79:funding_collapse|79:flood:alternative|82:funding_collapse|83:wildfire:alternative,0.01600000000000001,0.07233905014537481,0.0,0.0,1.63265306122449e-05,0.0008139159500747899,0.0,b9052d3ba610b61b,27
S7,forward_rollout_proxy,False,802700,0.25,0.125,2,1,72,0,0,0.0,0.0,,71.0628355328236,0.616862072065585,2.975889781859931,0.009727617112501856,0.9902723828874982,79,0,0,21827.990248601567,21827.99024860157,21827.990248601567,1.5,0.05000000000000001,0.10506750690981939,0.004440118795980484,120.75,238.73792170020533,0.07029304545610035,3,34:heatwave:reserve|43:funding_collapse|68:flood:alternative|71:wildfire:semiwild|79:funding_collapse|79:flood:alternative|82:funding_collapse|83:wildfire:alternative,0.004515810125618062,0.08562239548218989,0.016622933602048726,0.004675613886621936,0.0007104190073568774,0.000534537082393956,0.003987864490856323,b9052d3ba610b61b,27
S4,state_dependent_rule,False,802701,0.375,0.375,3,3,379,0,1,0.3333333333333333,1.0,20.0,140.1905668751697,0.5216607621961115,2.424980920402756,0.0024776004684241904,0.9975223995315758,34,0,0,22075.114677210757,22075.11467721076,7358.371559070252,1.5,0.05000000000000001,0.21660488835652963,0.0034093273338520543,308.25,609.4489802408971,0.09302539576251029,2,1:funding_collapse|2:wildfire:alternative|4:heatwave:semiwild|21:wildfire:semiwild|32:wildfire:origin|63:wildfire:semiwild|66:wildfire:origin,0.0029686687930485112,0.07789565502501411,0.10363138870350318,0.011535873900583358,0.0005454923734163286,0.0006908510137975414,0.0028885122479922754,b9052d3ba610b61b,27
S6,rule,False,802701,0.25,0.0,2,0,0,0,0,0.0,0.0,,105.10573741158291,0.42281803121905226,0.0,,,0,0,0,21881.38002495981,21881.38002495981,21881.38002495981,1.5,0.4109207764067382,0.04414690346073547,0.00010353186986860962,0.0,0.0,0.015274129100308235,3,1:funding_collapse|2:wildfire:alternative|4:heatwave:semiwild|21:wildfire:semiwild|32:wildfire:origin|63:wildfire:semiwild|66:wildfire:origin,0.009440000000000007,0.05694618393974243,0.0,0.0,1.656509917897754e-05,0.00047921974202640735,0.0,b9052d3ba610b61b,27
S7,forward_rollout_proxy,False,802701,0.25,0.25,2,2,272,0,2,0.6666666666666666,1.0,14.5,115.34974715894909,0.5735668596164019,3.303020866664397,0.007941399499553666,0.9920586005004464,47,0,0,21910.23132954638,21910.23132954638,10955.11566477319,1.5,0.05000000000000001,0.16810982281530923,0.002402933812620203,172.75,341.5484552688236,0.08789807074332626,1,1:funding_collapse|2:wildfire:alternative|4:heatwave:semiwild|21:wildfire:semiwild|32:wildfire:origin|63:wildfire:semiwild|66:wildfire:origin,0.004649551665110611,0.0797007819206566,0.060928740404810125,0.011538376054983018,0.0003844694100192323,0.0007930199048336721,0.002528641574151228,b9052d3ba610b61b,27
S4,state_dependent_rule,False,802702,0.375,0.375,3,3,392,0,0,0.0,0.0,,155.56247604212854,0.5103493450760311,3.7922914666135554,0.001410420569443352,0.9985895794305566,45,0,0,21811.24388608863,21811.24388608863,7270.41462869621,1.5,0.05000000000000001,0.23130899210679226,0.002448175795098548,280.0,553.5951807540994,0.09818038720328334,3,2:flood:alternative|12:wildfire:reserve|34:flood:origin|57:funding_collapse|60:wildfire:origin|93:flood:semiwild|97:funding_collapse|99:funding_collapse,0.0030480700101026964,0.07801267241202889,0.11320282696490043,0.011972884223933165,0.0003917081272157677,0.0007146383447972667,0.002209837206767019,b9052d3ba610b61b,27
S6,rule,False,802702,0.375,0.0,3,0,0,0,0,0.0,0.0,,102.46363556630129,0.4034570329173643,0.0,,,0,0,0,21706.773398996018,21706.773398996018,21706.773398996018,1.5,0.35286585995480557,0.038532761697438835,0.00033118015088788464,0.0,0.0,0.016230878509791366,3,2:flood:alternative|12:wildfire:reserve|34:flood:origin|57:funding_collapse|60:wildfire:origin|93:flood:semiwild|97:funding_collapse|99:funding_collapse,0.008960000000000006,0.05182928152695337,0.0,0.0,5.298882414206154e-05,0.0005006967315403709,0.0,b9052d3ba610b61b,27
S7,forward_rollout_proxy,False,802702,0.375,0.25,3,2,326,0,0,0.0,0.0,,131.64936224862757,0.5661145126325803,3.9225736482138585,0.0005403290812140231,0.999459670918786,28,0,0,21657.037872114488,21657.037872114488,10828.518936057244,1.5,0.05000000000000001,0.17741406135270416,0.001487505936612393,161.75,319.80007316776965,0.10344162435282789,3,2:flood:alternative|12:wildfire:reserve|34:flood:origin|57:funding_collapse|60:wildfire:origin|93:flood:semiwild|97:funding_collapse|99:funding_collapse,0.004373471111600753,0.07859559579485952,0.06752448421562941,0.01131971087348804,0.00023800094985798294,0.0007404845747770193,0.0019094861949325568,b9052d3ba610b61b,27
S4,state_dependent_rule,False,802703,0.25,0.25,2,2,239,0,1,0.3333333333333333,1.0,21.0,115.0342830624351,0.5628523545765262,3.778262743560872,0.0006891340730931448,0.9993108659269069,36,0,0,21913.636461432514,21913.636461432514,10956.818230716257,1.5,0.05000000000000001,0.17108561883280085,0.0019533099483663064,227.5,449.79608436270564,0.07901495698596069,2,17:heatwave:reserve|41:funding_collapse|52:flood:semiwild|65:funding_collapse|100:flood:origin,0.003393854122863783,0.07599026556922879,0.06554989355647023,0.013395564031288928,0.0003125295917386091,0.0007981735755360656,0.0030241338955201984,b9052d3ba610b61b,27
S6,rule,False,802703,0.5,0.375,4,3,126,126,1,0.3333333333333333,1.0,16.0,225.74212138420617,0.7401129974500907,4.773315324936395,0.003975757575757575,0.9960242424242425,0,0,0,21846.16134542325,21846.16134542325,7282.05378180775,1.5,0.5664982432469886,0.2797012077608446,0.00012873380914618028,0.0,0.0,0.032841150933908866,2,17:heatwave:reserve|41:funding_collapse|52:flood:semiwild|65:funding_collapse|100:flood:origin,0.01600000000000001,0.07306492120769884,0.0,0.0,2.0597409463388844e-05,0.0008014839327473724,0.0,b9052d3ba610b61b,27
S7,forward_rollout_proxy,False,802703,0.125,0.125,1,1,197,0,1,0.3333333333333333,1.0,21.0,93.85762068858237,0.5986142323243978,3.9380010147133437,0.000377365648335373,0.9996226343516647,42,0,0,21852.05370069349,21852.053700693494,21852.05370069349,1.5,0.05000000000000001,0.11511772819731898,0.002208676696317422,124.5,246.15214287101884,0.07243859025092775,2,17:heatwave:reserve|41:funding_collapse|52:flood:semiwild|65:funding_collapse|100:flood:origin,0.004705090229451352,0.07668036264544532,0.03998515925206532,0.012641730411477592,0.0003533882714107876,0.0008423126901247304,0.002602049682935662,b9052d3ba610b61b,27
S4,state_dependent_rule,False,802800,0.125,0.125,1,1,206,0,2,0.6666666666666666,1.0,18.0,90.84281046335616,0.5016438031292326,4.4792062486806,0.005212720493221319,0.9947872795067787,19,0,0,5852.248508158948,5852.248508158948,5852.248508158948,0.0,0.05000000000000001,0.11618878190065915,0.002492948344939973,69.0,70.48033615387338,0.050733597069265696,1,52:wildfire:semiwild|71:heatwave:semiwild|76:heatwave:alternative|87:funding_collapse|92:funding_collapse|100:heatwave:alternative,0.004929030216193723,0.07619367833646107,0.04949287832116303,0.012437473354036636,0.00039887173519039573,0.0007332716757611611,0.0006443658335479493,f2c625c6f055cca7,28
S6,rule,False,802800,0.5,0.25,4,2,109,109,0,0.0,0.0,,160.35081532785867,0.7355528558535389,2.4175639713408392,0.0,1.0,0,0,0,6745.395748336253,6745.395748336254,3372.6978741681264,1.5,0.49812630800672064,0.19251348558822295,0.00015783694062151366,0.0,0.0,0.030126075370712508,3,52:wildfire:semiwild|71:heatwave:semiwild|76:heatwave:alternative|87:funding_collapse|92:funding_collapse|100:heatwave:alternative,0.01600000000000001,0.07751153491431087,0.0,0.0,2.5253910499442186e-05,0.0009103553216509873,0.0,f2c625c6f055cca7,28
S7,forward_rollout_proxy,False,802800,0.25,0.125,2,1,164,0,0,0.0,0.0,,78.92178522042556,0.5488332801806765,1.9855307839952752,0.011718384945986478,0.9882816150540136,17,0,0,6172.485686086854,6172.485686086854,6172.485686086854,0.34773625812686987,0.06806929120916476,0.09670934467809385,0.0013961821978229231,39.0,39.836711739145805,0.06898553858612305,3,52:wildfire:semiwild|71:heatwave:semiwild|76:heatwave:alternative|87:funding_collapse|92:funding_collapse|100:heatwave:alternative,0.006626273892583346,0.07881977703067615,0.02532403695989537,0.010538396266915233,0.0002233891516516677,0.0007969626885937558,0.00086062041926421,f2c625c6f055cca7,28
S4,state_dependent_rule,False,802801,0.25,0.25,2,2,227,0,3,1.0,1.0,22.0,90.29682619311967,0.49994920992429137,2.941030297297755,0.011303886513903984,0.988696113486096,20,0,0,5706.813977026086,5706.813977026085,2853.406988513043,0.0,0.05000000000000001,0.16134782696100922,0.002236229737364867,75.0,76.60906103681889,0.07218761994015832,0,2:funding_collapse|8:heatwave:reserve|39:heatwave:reserve|44:wildfire:origin|53:heatwave:semiwild|62:wildfire:origin|66:wildfire:semiwild,0.004812897506720781,0.0772652514415752,0.053585308575859324,0.011016264389010426,0.00035779675797837865,0.0007418446413585031,0.0006232699835284775,f2c625c6f055cca7,28
S6,rule,False,802801,0.25,0.0,2,0,0,0,2,0.6666666666666666,1.0,24.0,125.31200362953663,0.4659003452795538,0.0,,,0,0,0,6545.7225189287365,6545.722518928738,6545.7225189287365,1.1468321653658728,0.23783132427001663,0.027058816620773883,0.00022559814983815686,0.0,0.0,0.01637842096886108,1,2:funding_collapse|8:heatwave:reserve|39:heatwave:reserve|44:wildfire:origin|53:heatwave:semiwild|62:wildfire:origin|66:wildfire:semiwild,0.010400000000000006,0.06260209855569404,0.0,0.0,3.6095703974105097e-05,0.0005614604607780201,0.0,f2c625c6f055cca7,28
S7,forward_rollout_proxy,False,802801,0.25,0.0,2,0,0,0,2,0.6666666666666666,1.0,16.0,66.15587214940197,0.48892463294075533,0.0,,,26,0,0,5862.492833140903,5862.492833140903,5862.492833140903,0.004290429998988962,0.05000000000000001,0.018783160932397843,0.0014459776346859583,35.5,36.26162222409427,0.06891580466198921,1,2:funding_collapse|8:heatwave:reserve|39:heatwave:reserve|44:wildfire:origin|53:heatwave:semiwild|62:wildfire:origin|66:wildfire:semiwild,0.006282150533527672,0.07507876668160912,0.0050138855229551384,0.003284787929627299,0.00023135642154975333,0.0007705532174755774,0.0016818215073559936,f2c625c6f055cca7,28
S4,state_dependent_rule,False,802802,0.0,0.0,0,0,0,0,3,1.0,1.0,11.0,8.942170008065611,0.13420335514973877,0.0,,,22,0,0,6261.667206628545,6261.6672066285455,6261.667206628545,0.772946186080288,0.05000000000000001,0.008472859627029697,0.0007602711312970287,21.25,21.705900627098693,0.017364298135148476,0,1:flood:origin|94:flood:origin,0.0021813482997831844,0.026759497917029824,0.0007073878589512454,0.0036625078200740175,0.00012164338100752462,0.0004560776147710579,0.00144633166913971,f2c625c6f055cca7,28
S6,rule,False,802802,0.0,0.0,0,0,0,0,1,0.3333333333333333,1.0,9.0,10.911585753788994,0.2244892979847131,0.0,,,0,0,0,6673.186596899968,6673.186596899969,6673.186596899968,1.4241049143069695,0.42356836413506516,0.0436795345559505,0.000236750992727435,0.0,0.0,0.006613490712219921,2,1:flood:origin|94:flood:origin,0.0052800000000000034,0.04387686071402135,0.0,0.0,3.7880158836389594e-05,0.00021596114242915926,0.0,f2c625c6f055cca7,28
S7,forward_rollout_proxy,False,802802,0.0,0.0,0,0,0,0,1,0.3333333333333333,1.0,9.0,10.079709392081252,0.16987690646546322,0.0,,,18,0,0,6296.557082489247,6296.557082489247,6296.557082489247,0.8508219225465918,0.07255342323111086,0.012759376029735942,0.00048793404485619876,18.5,18.896901722415336,0.02752016853312428,2,1:flood:origin|94:flood:origin,0.003321760246620116,0.03065256226492492,0.000827588532826152,0.0023553071138246815,7.806944717699181e-05,0.0003119106699804111,0.0009304323679187404,f2c625c6f055cca7,28
S4,state_dependent_rule,False,802803,0.125,0.125,1,1,160,0,3,1.0,1.0,15.333333333333334,64.47722689222616,0.4825839799726822,2.4096385542168672,0.0,1.0,22,0,0,5684.891748637017,5684.891748637017,5684.891748637017,0.0,0.05000000000000001,0.09428623266708865,0.00158879644477091,69.25,70.73569969066274,0.044699235624599834,0,4:heatwave:origin|20:heatwave:alternative|49:funding_collapse|68:heatwave:origin|73:flood:alternative,0.0038747632380045902,0.07829015565059345,0.041703456745170835,0.016391031878164278,0.00025420743116334553,0.0009569051777731011,0.000887190788781427,f2c625c6f055cca7,28
S6,rule,False,802803,0.125,0.0,1,0,0,0,2,0.6666666666666666,1.0,11.5,41.03097626237683,0.49638138001305465,0.0,,,0,0,0,6593.450008603073,6593.450008603073,6593.450008603073,1.2728975858052394,0.35611422191451486,0.03779357777097342,0.0004082296467152019,0.0,0.0,0.010910777897609629,1,4:heatwave:origin|20:heatwave:alternative|49:funding_collapse|68:heatwave:origin|73:flood:alternative,0.011200000000000009,0.07284728265996905,0.0,0.0,6.53167434744323e-05,0.0005060205835019067,0.0,f2c625c6f055cca7,28
S7,forward_rollout_proxy,False,802803,0.0,0.0,0,0,0,0,3,1.0,1.0,15.666666666666666,29.700888513224655,0.2277714877395162,0.0,,,19,0,0,6303.308016820953,6303.308016820953,6303.308016820953,0.844354873751612,0.07279741243162467,0.012637420363719076,0.00019232232826460873,18.5,18.896901722415336,0.02678839560278303,0,4:heatwave:origin|20:heatwave:alternative|49:funding_collapse|68:heatwave:origin|73:flood:alternative,0.004532617906936226,0.034795798383565536,0.00022281057291736805,0.0015748609925478178,3.0771572522337394e-05,0.00041120082882919193,0.0010699965455400868,f2c625c6f055cca7,28
S4,state_dependent_rule,False,802900,0.75,0.625,6,5,1097,1097,3,1.0,1.0,50.0,421.6389126999896,0.663252213298779,3.4303966811565774,0.009014445641942714,0.9909855543580572,58,0,0,6086.79148955236,6086.79148955236,1217.358297910472,1.5,0.6793493349834909,0.4112249853792111,0.00025728117023174314,58.25,88.22263044140723,0.1386804253464811,0,25:funding_collapse|38:funding_collapse|66:heatwave:alternative|75:wildfire:reserve,0.014260363066181012,0.05196088835293075,0.06680186106189528,0.009102611982720728,4.116498723707889e-05,0.000954270060341285,0.000190657396869299,2c8d6988f0f4e062,29
S6,rule,False,802900,1.0,1.0,8,8,1200,1200,0,0.0,0.0,,854.3406905009288,0.7874117761344687,5.766123655573536,0.0,1.0,0,0,0,6093.663774617026,6093.663774617026,761.7079718271283,1.5,0.98,0.6154603707838785,2.6595744680851064e-05,0.0,0.0,0.048995671140715936,2,25:funding_collapse|38:funding_collapse|66:heatwave:alternative|75:wildfire:reserve,0.01600000000000001,0.025636032079756774,0.0,0.0,4.25531914893617e-06,0.0009479364666255616,0.0,2c8d6988f0f4e062,29
S7,forward_rollout_proxy,False,802900,0.875,0.875,7,7,368,368,0,0.0,0.0,,678.9482844176081,0.7754878231049444,4.758879910547721,0.001874285714285714,0.9981257142857143,7,0,0,6083.28922109079,6083.28922109079,869.0413172986844,1.5,0.8661469959596614,0.5643272411723161,8.693039339695088e-05,13.0,19.68917074228831,0.18186871235436397,2,25:funding_collapse|38:funding_collapse|66:heatwave:alternative|75:wildfire:reserve,0.015987031589011838,0.03725922707251291,1.5510795395421374e-05,4.0331498702252004e-05,1.390886294351214e-05,0.0009732042057820262,4.101544883675486e-05,2c8d6988f0f4e062,29
S4,state_dependent_rule,False,802901,0.75,0.625,6,5,1140,1140,1,0.3333333333333333,1.0,48.0,450.50752010285055,0.6295315994570757,3.9920880186474648,0.0022191815826760114,0.997780818417324,31,0,0,6084.918567523495,6084.918567523495,1216.983713504699,1.5,0.6792373037943094,0.4169428606460528,0.00027287809208811876,45.75,69.29073549689926,0.139241250400736,2,53:funding_collapse|77:funding_collapse|83:heatwave:alternative|93:heatwave:semiwild,0.013975346409678228,0.04639711027845099,0.10397537139592541,0.008420766801532866,4.3660494734099e-05,0.0008316359360480154,0.00013230532284323106,2c8d6988f0f4e062,29
S6,rule,False,802901,0.875,0.875,7,7,1186,1186,0,0.0,0.0,,863.3489530802674,0.7873890408656419,6.351198479515169,0.0,1.0,0,0,0,6092.469959389489,6092.469959389489,870.3528513413556,1.5,0.98,0.5642952990100532,9.609619996310645e-05,0.0,0.0,0.04516657107450725,2,53:funding_collapse|77:funding_collapse|83:heatwave:alternative|93:heatwave:semiwild,0.01600000000000001,0.025659522221932428,0.0,0.0,1.5375391994097027e-05,0.0009360615204316861,0.0,2c8d6988f0f4e062,29
S7,forward_rollout_proxy,False,802901,0.875,0.875,7,7,594,594,0,0.0,0.0,,712.4195160891765,0.7626242656917449,4.7193634851296,6.566575793761994e-05,0.9999343342420624,7,0,0,6083.035290849218,6083.035290849218,869.0050415498882,1.5,0.8627552914408033,0.5645752336637968,0.0002650460085368341,11.25,17.038705450057197,0.186780348342102,2,53:funding_collapse|77:funding_collapse|83:heatwave:alternative|93:heatwave:semiwild,0.015617923001428408,0.036774519184163815,0.007812907427035342,0.0011196112817117231,4.240736136589347e-05,0.0009178970433012584,2.664907181185773e-05,2c8d6988f0f4e062,29
S4,state_dependent_rule,False,802902,0.875,0.625,7,5,862,862,2,0.6666666666666666,1.0,38.5,473.74334187812485,0.712214752538112,3.574314697430053,0.003575636471088322,0.9964243635289117,133,0,0,6065.462917396088,6065.462917396088,1213.0925834792176,1.5,0.5943395233675078,0.40586402287902534,0.00037342859159152135,72.0,109.04771488036597,0.14718461783986994,1,34:funding_collapse|42:funding_collapse|46:funding_collapse|54:heatwave:reserve|87:flood:semiwild|92:wildfire:reserve,0.015298584526477019,0.05211647764402915,0.027786756295867788,0.0025659992301340423,5.974857465464343e-05,0.0008133649833738249,0.0002000575972531937,2c8d6988f0f4e062,29
S6,rule,False,802902,1.0,1.0,8,8,1186,1186,0,0.0,0.0,,840.7893441677938,0.7873746396802886,5.848265345256338,0.0,1.0,0,0,0,6074.904110999588,6074.904110999588,759.3630138749485,1.5,0.9778572429968085,0.6173567749609461,0.00015398689842607494,0.0,0.0,0.0554419860435095,3,34:funding_collapse|42:funding_collapse|46:funding_collapse|54:heatwave:reserve|87:flood:semiwild|92:wildfire:reserve,0.01600000000000001,0.025674228920413156,0.0,0.0,2.4637903748171993e-05,0.0009264934955498988,0.0,2c8d6988f0f4e062,29
S7,forward_rollout_proxy,False,802902,0.875,0.75,7,6,463,463,0,0.0,0.0,,694.1132016889528,0.7746304176762047,4.580850598088494,0.008619037925078126,0.9913809620749219,20,0,0,6064.735309010351,6064.735309010351,1010.7892181683918,1.5,0.8054713790838285,0.5032483438095356,0.00016134453781512604,12.75,19.310532843398153,0.19696349960133952,3,34:funding_collapse|42:funding_collapse|46:funding_collapse|54:heatwave:reserve|87:flood:semiwild|92:wildfire:reserve,0.015971724893747465,0.037938751546156904,6.228707818061904e-05,4.714405814056351e-05,2.5815126050420165e-05,0.0009459748982059056,3.1652208799430526e-05,2c8d6988f0f4e062,29
S4,state_dependent_rule,False,802903,0.75,0.5,6,4,846,846,3,1.0,1.0,50.0,363.259576269849,0.6385465120891728,3.3977506045738126,0.010494834494475844,0.9895051655055241,52,0,0,6052.533814491286,6052.533814491286,1513.1334536228214,1.5,0.6699999999999999,0.3500487972385678,0.00023455417790765854,51.25,77.62076927248279,0.12035645596414839,0,7:heatwave:alternative|9:heatwave:alternative|26:flood:reserve|44:flood:alternative|52:flood:alternative|59:heatwave:origin|74:funding_collapse|77:funding_collapse,0.013933720464825971,0.04705704245264311,0.09122327499178978,0.011154007263718204,3.752866846522537e-05,0.0008994969704244078,0.0001775148365223694,2c8d6988f0f4e062,29
S6,rule,False,802903,1.0,1.0,8,8,1200,1200,0,0.0,0.0,,842.3671602850133,0.7852500279704799,5.676852349331695,0.0,1.0,0,0,0,6073.830952695648,6073.830952695648,759.228869086956,1.5,0.98,0.6147457379773605,0.00010899910899910902,0.0,0.0,0.04988607242021851,2,7:heatwave:alternative|9:heatwave:alternative|26:flood:reserve|44:flood:alternative|52:flood:alternative|59:heatwave:origin|74:funding_collapse|77:funding_collapse,0.01600000000000001,0.027816127721905223,0.0,0.0,1.743985743985744e-05,0.0009164044501755458,0.0,2c8d6988f0f4e062,29
S7,forward_rollout_proxy,False,802903,0.875,0.875,7,7,540,540,1,0.3333333333333333,1.0,13.0,618.4197649178018,0.746476158421209,3.284763209042111,0.005197698493976975,0.994802301506023,10,0,0,6053.773751218259,6053.773751218259,864.8248216026085,1.5,0.8036229273652381,0.5427057922073111,0.00022371146678072648,25.25,38.242427787906124,0.17872933690183043,2,7:heatwave:alternative|9:heatwave:alternative|26:flood:reserve|44:flood:alternative|52:flood:alternative|59:heatwave:origin|74:funding_collapse|77:funding_collapse,0.015296591382609488,0.04466253225480263,0.012029452394402522,0.0011468636894101626,3.579383468491623e-05,0.0008726831344076164,7.461377173954807e-05,2c8d6988f0f4e062,29
S4,state_dependent_rule,False,803000,0.25,0.125,2,1,179,0,0,0.0,0.0,,80.42933302354149,0.4546168162056641,4.737690374094337,0.0,1.0,28,0,0,14894.634338015905,14894.634338015905,14894.634338015905,1.5,0.07436603524337436,0.12313890334637871,0.0019582268663656884,192.0,21.923399495644745,0.06037698040548953,3,17:heatwave:alternative|39:heatwave:origin|58:wildfire:origin|65:heatwave:semiwild|72:flood:semiwild|77:wildfire:alternative|84:funding_collapse|86:funding_collapse,0.002747060344293316,0.07660556294980121,0.05491521616819516,0.013902014729532725,0.00031331629861851,0.000863082481930677,0.00016711870671750177,cb5d5b1d06932197,30
S6,rule,False,803000,0.0,0.0,0,0,0,0,1,0.3333333333333333,1.0,28.0,33.95190023964917,0.21335164633113124,0.0,,,0,0,0,14266.233605718822,14266.233605718824,14266.233605718822,1.445418081471889,0.10425612074326318,0.012066476664555775,0.0007310802873454304,0.0,0.0,0.00820432295114728,2,17:heatwave:alternative|39:heatwave:origin|58:wildfire:origin|65:heatwave:semiwild|72:flood:semiwild|77:wildfire:alternative|84:funding_collapse|86:funding_collapse,0.0049600000000000035,0.038410607937378966,0.0,0.0,0.00011697284597526886,0.00046077288551455494,0.0,cb5d5b1d06932197,30
S7,forward_rollout_proxy,False,803000,0.125,0.0,1,0,0,0,0,0.0,0.0,,31.896218713550073,0.33374202240706047,0.0,,,21,0,0,14842.782789972347,14842.782789972347,14842.782789972347,1.5,0.08311050362282191,0.017762274263137957,0.0008039062214096483,44.5,5.081204570605156,0.04725611950427884,3,17:heatwave:alternative|39:heatwave:origin|58:wildfire:origin|65:heatwave:semiwild|72:flood:semiwild|77:wildfire:alternative|84:funding_collapse|86:funding_collapse,0.0032157180953379387,0.05324733059504122,0.0021483601446130314,0.008210477329842064,0.00012862499542554373,0.0010637552123818163,0.00023011922190678956,cb5d5b1d06932197,30
S4,state_dependent_rule,False,803001,0.125,0.125,1,1,179,0,0,0.0,0.0,,68.37396930553615,0.45423348845685146,3.27852245983833,0.0,1.0,19,0,0,14812.53209574337,14812.53209574337,14812.53209574337,1.5,0.07474388687145607,0.10594848538316157,0.0018872705041072491,166.5,19.011698000129428,0.04719436048816335,3,5:heatwave:semiwild|50:funding_collapse|50:flood:reserve|71:funding_collapse|74:wildfire:reserve,0.0022992418245353897,0.07488154892264967,0.04815318973616762,0.014722258084867839,0.00030196328065715977,0.0008725476606527311,0.00017546920756094655,cb5d5b1d06932197,30
S6,rule,False,803001,0.0,0.0,0,0,0,0,1,0.3333333333333333,1.0,10.0,31.733160225308858,0.20762322247805642,0.0,,,0,0,0,14387.093526353048,14387.09352635305,14387.093526353048,1.5,0.1490057847898341,0.016387136721837472,5.494505494505495e-05,0.0,0.0,0.007432791214270313,2,5:heatwave:semiwild|50:funding_collapse|50:flood:reserve|71:funding_collapse|74:wildfire:reserve,0.004800000000000003,0.03629842375636902,0.0,0.0,8.791208791208792e-06,0.0002695625567833131,0.0,cb5d5b1d06932197,30
S7,forward_rollout_proxy,False,803001,0.125,0.125,1,1,99,0,0,0.0,0.0,,48.05259021132535,0.48610382579659983,1.9949114593934458,0.016398769874242665,0.9836012301257573,15,0,0,14825.189218508072,14825.189218508072,14825.189218508072,1.5,0.08480011907495606,0.09670041106300242,0.0027813914801976163,93.0,10.61914663070292,0.06010642280786181,3,5:heatwave:semiwild|50:funding_collapse|50:flood:reserve|71:funding_collapse|74:wildfire:reserve,0.0030187436130717066,0.08153967080307145,0.024967494775535462,0.011754828159557675,0.00044502263683161863,0.0007832043241612497,0.00020170990947339905,cb5d5b1d06932197,30
S4,state_dependent_rule,False,803002,0.25,0.125,2,1,155,0,2,0.6666666666666666,1.0,22.0,75.45431812485914,0.4586982921020638,4.266560113656544,0.01149191650007211,0.9885080834999279,23,0,0,14819.236893127812,14819.236893127812,14819.236893127812,1.5,0.07474388687145607,0.1174262374389873,0.002335013241273782,189.75,21.666484657805157,0.05518123807638124,1,34:wildfire:alternative|57:funding_collapse|72:flood:semiwild|76:heatwave:alternative|99:flood:origin,0.0026575921320085693,0.07737496981660916,0.04746952318400723,0.014542139268470694,0.000373602118603805,0.0008914839273583288,0.00017107066023563247,cb5d5b1d06932197,30
S6,rule,False,803002,0.0,0.0,0,0,0,0,2,0.6666666666666666,1.0,20.0,36.789962641801424,0.24600464534269986,0.0,,,0,0,0,14470.986575409708,14470.98657540971,14470.986575409708,1.5,0.10740888176852083,0.012154109985613643,0.00022747013587436446,0.0,0.0,0.007066109043807797,1,34:wildfire:alternative|57:funding_collapse|72:flood:semiwild|76:heatwave:alternative|99:flood:origin,0.005760000000000004,0.046643951196231964,0.0,0.0,3.639522173989832e-05,0.0003550082393282949,0.0,cb5d5b1d06932197,30
S7,forward_rollout_proxy,False,803002,0.0,0.0,0,0,0,0,2,0.6666666666666666,1.0,19.5,29.086318862671305,0.20146113371898872,0.0,,,16,0,0,14519.50071762987,14519.50071762987,14519.50071762987,1.5,0.08389113137706389,0.013265045712764514,0.0008645318201926228,21.5,2.4549640060227174,0.024379662875290618,1,34:wildfire:alternative|57:funding_collapse|72:flood:semiwild|76:heatwave:alternative|99:flood:origin,0.0038808242271726107,0.033294808252592095,9.69116238111054e-05,0.001897554076608311,0.00013832509123081965,0.0004469976176817451,7.223591686578748e-05,cb5d5b1d06932197,30
S4,state_dependent_rule,False,803003,0.25,0.125,2,1,158,0,3,1.0,1.0,20.666666666666668,75.71755579754213,0.45268086462440316,2.856946669718471,9.840871898734175e-05,0.9999015912810126,9,0,0,14888.810255786573,14888.810255786573,14888.810255786573,1.5,0.07474388687145607,0.10306539619534497,0.0011282813305424602,164.5,18.783329255383116,0.053857704055073265,0,38:wildfire:reserve|39:wildfire:origin|53:funding_collapse|63:funding_collapse|63:wildfire:alternative|64:flood:origin|72:wildfire:semiwild|77:wildfire:origin,0.002488311157071209,0.07579052183946916,0.05929513899820447,0.014351400196133535,0.00018052501288679364,0.0008112651814944449,0.0001474917353915876,cb5d5b1d06932197,30
S6,rule,False,803003,0.0,0.0,0,0,0,0,3,1.0,1.0,18.666666666666668,31.270708366653498,0.19492501602590942,0.0,,,0,0,0,14323.224583458545,14323.224583458546,14323.224583458545,1.4769194468894669,0.11598721093205444,0.012771048229001918,0.00021830681740743867,0.0,0.0,0.0058616356789823725,0,38:wildfire:reserve|39:wildfire:origin|53:funding_collapse|63:funding_collapse|63:wildfire:alternative|64:flood:origin|72:wildfire:semiwild|77:wildfire:origin,0.004480000000000003,0.03269056221123648,0.0,0.0,3.492909078519018e-05,0.0002694926720689114,0.0,cb5d5b1d06932197,30
S7,forward_rollout_proxy,False,803003,0.125,0.125,1,1,173,0,3,1.0,1.0,17.666666666666668,69.12303062695844,0.4741052959959737,2.966498166319754,0.0005841317207038773,0.9994158682792961,17,0,0,14842.977741240029,14842.977741240029,14842.977741240029,1.5,0.08480011907495606,0.10359686873140937,0.001377314034208277,106.5,12.160635657740443,0.04600937580358118,0,38:wildfire:reserve|39:wildfire:origin|53:funding_collapse|63:funding_collapse|63:wildfire:alternative|64:flood:origin|72:wildfire:semiwild|77:wildfire:origin,0.0030799131080104718,0.07612058074119074,0.042624626965321204,0.01452017191056419,0.00022037024547332434,0.0008105559927005207,0.00011546735215077096,cb5d5b1d06932197,30
S4,state_dependent_rule,False,803100,0.25,0.25,2,2,252,7,3,1.0,1.0,20.666666666666668,98.24345513189297,0.4531497220719837,3.167978991888069,0.008291693979828952,0.991708306020171,51,0,0,9453.972414362886,9453.972414362886,4726.986207181443,0.0,0.30393867483592535,0.18825895321637953,0.0018322469110737527,141.0,285.7007777795495,0.0684264790695315,0,2:funding_collapse|73:heatwave:semiwild|94:flood:reserve,0.0036570368475662054,0.07891001640115192,0.06954612198791126,0.010770056062881884,0.00029315950577180034,0.0007154469439390129,0.0019421705475068337,a46ccfa4a3d05191,31
S6,rule,False,803100,0.0,0.0,0,0,0,0,3,1.0,1.0,29.0,47.723517781139456,0.25786905373378444,0.0,,,0,0,0,10899.688230551566,10899.688230551566,10899.688230551566,0.9821247259366013,0.3584347541410513,0.03725254648913699,2.5e-05,0.0,0.0,0.007045355375159288,0,2:funding_collapse|73:heatwave:semiwild|94:flood:reserve,0.005920000000000004,0.04294885239956225,0.0,0.0,4e-06,0.00035809386665332135,0.0,a46ccfa4a3d05191,31
S7,forward_rollout_proxy,False,803100,0.125,0.125,1,1,218,21,3,1.0,1.0,22.666666666666668,72.37653235212615,0.5137058967042362,1.9628283495787209,0.00484166986366812,0.9951583301363319,41,0,0,9585.91033574111,9585.91033574111,9585.91033574111,0.0,0.31697210146313465,0.11882398926278362,0.001570931526969064,59.0,119.54855240420859,0.05624247810341474,0,2:funding_collapse|73:heatwave:semiwild|94:flood:reserve,0.004917105860272477,0.08051956009344127,0.02770427554270746,0.012262547137336098,0.0002513490443150502,0.0009743230559072621,0.0023254462666761496,a46ccfa4a3d05191,31
S4,state_dependent_rule,False,803101,0.125,0.125,1,1,89,0,3,1.0,1.0,24.0,52.71225485104978,0.4942797782904674,1.9937075257991446,0.01666196632706725,0.9833380336729327,38,0,0,9740.832891028966,9740.832891028966,9740.832891028966,0.0,0.2427423857117462,0.11034966768573945,0.0016335921866873467,108.0,218.83463829922908,0.049441769282866824,0,50:heatwave:alternative|89:wildfire:origin,0.003667831679988266,0.08642662496211852,0.023155133162874205,0.00579262573858428,0.00026137474986997545,0.00055436226798675,0.004026514090923913,a46ccfa4a3d05191,31
S6,rule,False,803101,0.0,0.0,0,0,0,0,3,1.0,1.0,22.666666666666668,40.47694604998262,0.26287144713693733,0.0,,,0,0,0,10882.744436242208,10882.744436242208,10882.744436242208,0.9162223791937609,0.2964756804939845,0.03133997843790334,0.00021095778007158852,0.0,0.0,0.008462051942524473,0,50:heatwave:alternative|89:wildfire:origin,0.006080000000000005,0.045942275059066034,0.0,0.0,3.3753244811454156e-05,0.0004725245591852116,0.0,a46ccfa4a3d05191,31
S7,forward_rollout_proxy,False,803101,0.125,0.125,1,1,216,8,1,0.3333333333333333,1.0,12.0,71.51486599289701,0.4877906857417881,2.924407672057164,0.004145815549131419,0.9958541844508686,33,0,0,9540.616988824053,9540.616988824053,9540.616988824053,0.0,0.2549687629250115,0.12306769570466058,0.0014435445847250277,70.25,142.34382722704495,0.06038371345793892,2,50:heatwave:alternative|89:wildfire:origin,0.004090711886178858,0.07705608437941065,0.04057686369320665,0.013397324007558185,0.00023096713355600442,0.0008215887517136823,0.0021244522306584526,a46ccfa4a3d05191,31
S4,state_dependent_rule,False,803102,0.125,0.125,1,1,20,6,3,1.0,1.0,23.666666666666668,44.616677725851325,0.5072000661491924,1.0,0.1922604959488144,0.8077395040511857,37,0,0,9377.380027177986,9377.380027177986,9377.380027177986,0.0,0.3037664521320213,0.1071862162478785,0.004493922237966906,85.0,172.23096532809686,0.0527978551733818,0,4:funding_collapse|17:funding_collapse|23:wildfire:origin|43:funding_collapse|52:funding_collapse,0.003582010426897582,0.08592134071600065,0.011179667920045157,0.006386250585905426,0.000719027558074705,0.000679124144360187,0.00479243352340924,a46ccfa4a3d05191,31
S6,rule,False,803102,0.0,0.0,0,0,0,0,3,1.0,1.0,19.666666666666668,38.51668564825964,0.21567663787326385,0.0,,,0,0,0,10807.370415404,10807.370415404002,10807.370415404,0.9826379300179272,0.35779313612896774,0.03713844066220895,0.0005325201553100855,0.0,0.0,0.006795635246560879,0,4:funding_collapse|17:funding_collapse|23:wildfire:origin|43:funding_collapse|52:funding_collapse,0.0049600000000000035,0.0362885249315141,0.0,0.0,8.520322484961368e-05,0.0002896339703725234,0.0,a46ccfa4a3d05191,31
S7,forward_rollout_proxy,False,803102,0.0,0.0,0,0,0,0,3,1.0,1.0,22.666666666666668,36.97461298844211,0.26364163399658297,0.0,,,21,0,0,9865.5658503373,9865.5658503373,9865.5658503373,0.3807182556428207,0.3179725011544837,0.03891917204312061,0.02266897655371836,27.25,55.21522123753697,0.0356096096383612,0,4:funding_collapse|17:funding_collapse|23:wildfire:origin|43:funding_collapse|52:funding_collapse,0.003996440759970246,0.043685665692962596,0.0004209453153449079,0.0022450649472818417,0.003627036248594938,0.0008409367528909177,0.00555644213882014,a46ccfa4a3d05191,31
S4,state_dependent_rule,False,803103,0.25,0.25,2,2,168,0,3,1.0,1.0,21.666666666666668,78.97612156233882,0.458856664291236,2.615482939903102,0.0040973325535936704,0.9959026674464063,42,0,0,9398.55905104795,9398.55905104795,4699.279525523975,0.0,0.10786178969169753,0.16324547204885112,0.001674182735403598,117.25,237.57741982022793,0.06902231840325182,0,5:funding_collapse|25:flood:alternative|34:flood:alternative|57:funding_collapse|93:flood:alternative|94:flood:semiwild,0.003557389872767914,0.07807441098997424,0.06655136850604064,0.011278672858957837,0.00026786923766457563,0.0006992225974624699,0.0019193687603446278,a46ccfa4a3d05191,31
S6,rule,False,803103,0.0,0.0,0,0,0,0,2,0.6666666666666666,1.0,24.5,44.13327942864207,0.2833821491230303,0.0,,,0,0,0,10658.335477210901,10658.335477210905,10658.335477210901,0.753084668368597,0.13949173753567135,0.015584581100128687,0.0002652268617458491,0.0,0.0,0.008177036732807764,1,5:funding_collapse|25:flood:alternative|34:flood:alternative|57:funding_collapse|93:flood:alternative|94:flood:semiwild,0.006560000000000005,0.049902808831949266,0.0,0.0,4.2436297879335854e-05,0.0004126057471412339,0.0,a46ccfa4a3d05191,31
S7,forward_rollout_proxy,False,803103,0.125,0.125,1,1,34,0,1,0.3333333333333333,1.0,34.0,57.61967548823242,0.510012507315233,1.0,0.323385845664678,0.676614154335322,16,0,0,9480.23240312372,9480.23240312372,9480.23240312372,0.0,0.11441106537846792,0.09087084584571037,0.0005130417922139946,45.75,92.70078427953456,0.0658986965393179,2,5:funding_collapse|25:flood:alternative|34:flood:alternative|57:funding_collapse|93:flood:alternative|94:flood:semiwild,0.004398567107897264,0.07903059580831222,0.031432103843944695,0.01352918103234615,8.208668675423913e-05,0.0009840306060827978,0.001928466926302678,a46ccfa4a3d05191,31
S4,state_dependent_rule,False,803200,0.75,0.75,6,6,1176,1176,2,0.6666666666666666,1.0,12.0,222.31886127026576,0.36300253742635946,3.4323423994348663,0.005169008590209955,0.99483099140979,101,0,0,10051.025252311769,10051.025252311769,1675.1708753852947,1.5,0.8973166870487509,0.49310700735206164,0.0025532377903493995,61.25,60.833355201043354,0.15775957326418913,1,5:flood:origin|74:heatwave:semiwild|85:flood:semiwild|91:flood:origin,0.012762134671363166,0.036424671819355485,0.3253001237484835,0.023127514180640348,0.000408518046455904,0.0010347218360866554,0.00021651796992221736,0f976e92e5093277,32
S6,rule,False,803200,0.875,0.75,7,6,982,982,1,0.3333333333333333,1.0,37.0,740.1593622711746,0.7803091615294397,5.820170499902143,0.0,1.0,0,0,0,10023.252668287603,10023.252668287603,1670.5421113812672,1.5,0.98,0.5023313340018208,7.597340930674265e-05,0.0,0.0,0.04314814501399666,2,5:flood:origin|74:heatwave:semiwild|85:flood:semiwild|91:flood:origin,0.01600000000000001,0.032777870316400184,0.0,0.0,1.2155745489078824e-05,0.0009008124086706479,0.0,0f976e92e5093277,32
S7,forward_rollout_proxy,False,803200,0.75,0.625,6,5,1039,1039,2,0.6666666666666666,1.0,11.5,527.6059654552486,0.6155612487219811,4.039197544947706,0.04293919139128735,0.9570608086087127,62,0,0,10032.497109265867,10032.497109265867,2006.4994218531733,1.5,0.9265439339579725,0.4499616599770889,0.0006057323994563292,38.5,38.23810898351296,0.1783264556590732,1,5:flood:origin|74:heatwave:semiwild|85:flood:semiwild|91:flood:origin,0.014071572619346688,0.040019496054664094,0.09947688225629758,0.019589175163871073,9.691718391301269e-05,0.001238544974185899,0.00010387131727376592,0f976e92e5093277,32
S4,state_dependent_rule,False,803201,0.75,0.75,6,6,1200,1200,2,0.6666666666666666,1.0,22.5,616.3868167170119,0.7218890467610187,4.006083515072464,0.011420438958918264,0.9885795610410817,100,0,0,10015.215011298373,10015.215011298373,1669.202501883062,1.5,0.98,0.5032969202200209,0.0006240495442617894,64.0,63.56464869986572,0.1386804253464811,0,25:flood:origin|49:wildfire:reserve|74:flood:alternative,0.015024650435727826,0.043267490700781085,0.025281499107550228,0.0023452448236210544,9.984792708188632e-05,0.0009363385333203829,0.00010570900756583179,0f976e92e5093277,32
S6,rule,False,803201,0.75,0.75,6,6,1062,1062,1,0.3333333333333333,1.0,22.0,762.8050283079833,0.7867786757296226,6.453097003960835,0.0,1.0,0,0,0,10034.582859090166,10034.582859090166,1672.4304765150275,1.5,0.98,0.5080206149091131,0.00010297306187110243,0.0,0.0,0.039948224347523695,1,25:flood:origin|49:wildfire:reserve|74:flood:alternative,0.01600000000000001,0.026226026572859888,0.0,0.0,1.6475689899376387e-05,0.0009788220076180753,0.0,0f976e92e5093277,32
S7,forward_rollout_proxy,False,803201,0.875,0.75,7,6,1188,1188,2,0.6666666666666666,1.0,41.5,770.6106349167292,0.7661431663879276,5.151416440019985,0.0008930715577239473,0.999106928442276,45,0,0,10018.060674522078,10018.060674522078,1669.6767790870128,1.5,0.98,0.5236636884486677,0.00021526462401143845,29.0,28.802731442126653,0.1832476202423391,1,25:flood:origin|49:wildfire:reserve|74:flood:alternative,0.01581625822794595,0.03280344287425695,0.005057889994626941,0.0009199705125522245,3.4442339841830167e-05,0.0009559464776947682,4.082409346748989e-05,0f976e92e5093277,32
S4,state_dependent_rule,False,803202,0.875,0.75,7,6,677,677,1,0.3333333333333333,1.0,25.0,551.3284602596917,0.7098293138717778,3.2812460344356538,0.022080197358095747,0.9779198026419043,20,0,0,9950.660708249596,9950.660708249596,1658.4434513749327,1.5,0.5668041019378615,0.45721684342018026,0.0004603165230413315,50.5,50.156480614737795,0.15111986441018765,2,2:wildfire:reserve|13:flood:semiwild|34:flood:reserve|47:flood:alternative|57:heatwave:semiwild|71:heatwave:origin|72:wildfire:origin|74:funding_collapse|80:heatwave:semiwild|81:wildfire:alternative|82:wildfire:origin|90:wildfire:alternative|99:heatwave:origin|100:wildfire:alternative,0.015216162642221295,0.03992461884139867,0.04327713339016281,0.003655763981043739,7.365064368661303e-05,0.0009342123230859306,0.00014322994318892213,0f976e92e5093277,32
S6,rule,False,803202,1.0,0.625,8,5,685,685,1,0.3333333333333333,1.0,96.0,700.7059463641187,0.7754909581888498,4.732053656000027,0.0,1.0,0,0,0,9997.414966367864,9997.414966367864,1999.4829932735727,1.5,0.8811069594152511,0.42500672303136217,0.00013289476435047424,0.0,0.0,0.04162745264918393,1,2:wildfire:reserve|13:flood:semiwild|34:flood:reserve|47:flood:alternative|57:heatwave:semiwild|71:heatwave:origin|72:wildfire:origin|74:funding_collapse|80:heatwave:semiwild|81:wildfire:alternative|82:wildfire:origin|90:wildfire:alternative|99:heatwave:origin|100:wildfire:alternative,0.01600000000000001,0.037527719037896416,0.0,0.0,2.1263162296075877e-05,0.0009600596109578375,0.0,0f976e92e5093277,32
S7,forward_rollout_proxy,False,803202,0.75,0.75,6,6,306,306,1,0.3333333333333333,1.0,12.0,592.1801631064185,0.7460288029553905,2.9603547349789054,0.0008236416220656009,0.9991763583779344,5,0,0,9969.18285961224,9969.18285961224,1661.53047660204,1.5,0.6836447780442657,0.4677932859031439,0.0005111510983469719,31.25,31.03742612298131,0.16162630374464138,1,2:wildfire:reserve|13:flood:semiwild|34:flood:reserve|47:flood:alternative|57:heatwave:semiwild|71:heatwave:origin|72:wildfire:origin|74:funding_collapse|80:heatwave:semiwild|81:wildfire:alternative|82:wildfire:origin|90:wildfire:alternative|99:heatwave:origin|100:wildfire:alternative,0.015540487139013267,0.041535733673029235,0.010726627041277416,0.004149451665753133,8.17841757355155e-05,0.0010808606878996943,0.00013791396413168636,0f976e92e5093277,32
S4,state_dependent_rule,False,803203,1.0,0.875,8,7,1200,1200,1,0.3333333333333333,1.0,89.0,769.2123794294129,0.7637288922266415,5.405385263410849,9.554050292568099e-08,0.999999904459497,7,0,0,9992.512483562961,9992.512483562961,1427.5017833661373,1.5,0.98,0.5771223383979225,0.00029929932102204336,13.5,13.408168085127922,0.15659242881906976,2,27:heatwave:semiwild|96:heatwave:semiwild|97:funding_collapse,0.015550425888242413,0.030434968754506794,0.008400171074211203,0.0013560284593829958,4.7887891363526966e-05,0.0009669267195662959,2.556483930898695e-05,0f976e92e5093277,32
S6,rule,False,803203,1.0,0.875,8,7,1200,1200,1,0.3333333333333333,1.0,93.0,873.1893817093929,0.7871544532389143,5.4704079195388795,0.0,1.0,0,0,0,10007.156842583312,10007.156842583312,1429.593834654759,1.5,0.98,0.5554022179850499,0.00012274624744648726,0.0,0.0,0.04474069394830562,2,27:heatwave:semiwild|96:heatwave:semiwild|97:funding_collapse,0.01600000000000001,0.025869627316364437,0.0,0.0,1.963939959143796e-05,0.0009562800451297256,0.0,0f976e92e5093277,32
S7,forward_rollout_proxy,False,803203,0.75,0.75,6,6,1200,1200,1,0.3333333333333333,1.0,46.0,812.2712177286413,0.772466900492579,5.881435928073181,0.002808013202417853,0.9971919867975821,0,0,0,9991.107830077715,9991.107830077715,1665.184638346286,1.5,0.98,0.5267744541755864,0.00018700287997691222,3.5,3.476191725773906,0.16230047447427326,1,27:heatwave:semiwild|96:heatwave:semiwild|97:funding_collapse,0.015677808050986248,0.027090737682908865,0.005986297478821907,0.0009665758470412722,2.9920460796305946e-05,0.0009596079761005822,4.344124924907807e-06,0f976e92e5093277,32
S4,state_dependent_rule,False,803300,0.125,0.125,1,1,57,0,3,1.0,1.0,22.333333333333332,58.87038981727239,0.6183776613693283,1.9702850212249852,0.01480179727004466,0.9851982027299553,24,0,0,6457.693681489318,6457.693681489318,6457.693681489318,1.5,0.2825237925691207,0.1140128947944509,0.0009618370521075698,69.25,111.78405044662195,0.049038326626444945,0,64:flood:alternative,0.00396166745805509,0.08719185895857542,0.022904048695398183,0.005095154806258413,0.00015389392833721117,0.0005675467429917054,0.0023965889578193064,fce1a0d94a2e93ff,33
S6,rule,False,803300,0.0,0.0,0,0,0,0,3,1.0,1.0,20.333333333333332,44.46837253667173,0.22645938708949903,0.0,,,0,0,0,6389.844849149484,6389.844849149485,6389.844849149484,1.5,0.36000000000000004,0.037623325935216424,0.0002315824311264474,0.0,0.0,0.008116629676082097,0,64:flood:alternative,0.005120000000000003,0.03367890238147522,0.0,0.0,3.705318898023158e-05,0.00030465734004553926,0.0,fce1a0d94a2e93ff,33
S7,forward_rollout_proxy,False,803300,0.0,0.0,0,0,0,0,3,1.0,1.0,23.333333333333332,41.21284355296708,0.22625822958286473,0.0,,,15,0,0,6402.273769703916,6402.273769703916,6402.273769703916,1.5,0.3049974523475822,0.03656625854334407,0.0002331295849753004,16.0,25.827361836042577,0.03033256654292923,0,64:flood:alternative,0.004768903629307331,0.03446362672874582,5.176065293242934e-05,0.0022882019835644258,3.730073359604807e-05,0.0005478896988251971,0.0014736816049335212,fce1a0d94a2e93ff,33
S4,state_dependent_rule,False,803301,0.125,0.125,1,1,391,200,3,1.0,1.0,23.666666666666668,107.40573957718156,0.6132287548267464,2.2085927680906083,0.006808949027175904,0.9931910509728241,62,0,0,6426.418219834496,6426.418219834495,6426.418219834496,1.5,0.36000000000000004,0.12235189168856443,5.5453149001536104e-05,64.75,104.52010493023495,0.040079820038291726,0,11:heatwave:reserve|35:flood:semiwild|79:funding_collapse|88:funding_collapse,0.005382295357746473,0.0733076115551004,0.04321532289753446,0.012149900406027526,8.872503840245776e-06,0.0007711807350456529,0.0010917330597301567,fce1a0d94a2e93ff,33
S6,rule,False,803301,0.0,0.0,0,0,0,0,3,1.0,1.0,21.333333333333332,40.111118383836526,0.24013009292270904,0.0,,,0,0,0,6314.627976708269,6314.627976708269,6314.627976708269,1.5,0.36000000000000004,0.0374042896931193,0.00013858559626352268,0.0,0.0,0.007021448465596471,0,11:heatwave:reserve|35:flood:semiwild|79:funding_collapse|88:funding_collapse,0.005440000000000004,0.036325158011261384,0.0,0.0,2.2173695402163624e-05,0.0002825753706274078,0.0,fce1a0d94a2e93ff,33
S7,forward_rollout_proxy,False,803301,0.0,0.0,0,0,0,0,2,0.6666666666666666,1.0,21.5,39.12988086212921,0.21098268568121786,0.0,,,8,0,0,6275.487698893099,6275.487698893099,6275.487698893099,1.5,0.36000000000000004,0.04162244139670535,0.00013858559626352268,12.5,20.177626434408264,0.02811220698352673,1,11:heatwave:reserve|35:flood:semiwild|79:funding_collapse|88:funding_collapse,0.004648120794955667,0.03104420784618643,1.7449838497976607e-05,0.00021568089621421677,2.2173695402163624e-05,0.00038537356963125416,0.00039096331835145054,fce1a0d94a2e93ff,33
S4,state_dependent_rule,False,803302,0.125,0.125,1,1,261,110,2,0.6666666666666666,1.0,19.0,86.23802555475675,0.6100683107360725,3.280252323397699,0.0022268073181872616,0.9977731926818127,70,0,0,6426.73229815186,6426.73229815186,6426.73229815186,1.5,0.30649303801347855,0.1288494955983419,0.00025059071461559817,68.75,110.9769453892456,0.04573834281508524,1,15:funding_collapse|64:funding_collapse|96:wildfire:reserve|97:wildfire:alternative,0.005244330633087808,0.07701349892714306,0.0407427091110226,0.016969919274510872,4.009451433849571e-05,0.0008971378013437191,0.001231304189244439,fce1a0d94a2e93ff,33
S6,rule,False,803302,0.0,0.0,0,0,0,0,3,1.0,1.0,23.666666666666668,40.380033908530365,0.2722246096556478,0.0,,,0,0,0,6370.6424898830255,6370.642489883026,6370.6424898830255,1.5,0.3222437245241469,0.03372558428061918,0.00031921135031124444,0.0,0.0,0.007506059141022427,0,15:funding_collapse|64:funding_collapse|96:wildfire:reserve|97:wildfire:alternative,0.006240000000000004,0.044867581811553564,0.0,0.0,5.1073816049799116e-05,0.0003167347167488493,0.0,fce1a0d94a2e93ff,33
S7,forward_rollout_proxy,False,803302,0.125,0.125,1,1,354,166,2,0.6666666666666666,1.0,20.0,98.32365886822748,0.6111643144325611,1.9959226579173701,0.01607624984900998,0.98392375015099,62,0,0,6396.325458039199,6396.325458039199,6396.325458039199,1.5,0.31980855803863467,0.12000310540468759,0.00035965730972909967,48.75,78.69274309419237,0.05906511510825213,1,15:funding_collapse|64:funding_collapse|96:wildfire:reserve|97:wildfire:alternative,0.0053333559204152,0.07719871690577387,0.037199058606103334,0.0120996851243577,5.7545169556655946e-05,0.0007531728139538187,0.001154006206929976,fce1a0d94a2e93ff,33
S4,state_dependent_rule,False,803303,0.125,0.125,1,1,369,178,3,1.0,1.0,24.333333333333332,104.34284282825159,0.6036485022545286,3.485676983334614,0.0,1.0,59,0,0,6423.988889192353,6423.988889192353,6423.988889192353,1.5,0.36000000000000004,0.1353269534216096,0.00029559875218932043,71.0,114.6089181474391,0.041100917941317275,0,29:funding_collapse|47:wildfire:semiwild|52:funding_collapse|79:funding_collapse|88:wildfire:reserve,0.004668783918080765,0.07357804842531772,0.0487579610194694,0.012790368422719673,4.729580035029127e-05,0.0007027921775723837,0.0010027899204767495,fce1a0d94a2e93ff,33
S6,rule,False,803303,0.0,0.0,0,0,0,0,3,1.0,1.0,23.0,43.13692604565034,0.27896765382468725,0.0,,,0,0,0,6352.646551561878,6352.646551561879,6352.646551561878,1.5,0.36000000000000004,0.037458207472178776,0.00016123804893858367,0.0,0.0,0.007291037360893869,0,29:funding_collapse|47:wildfire:semiwild|52:funding_collapse|79:funding_collapse|88:wildfire:reserve,0.006400000000000005,0.0463194339349299,0.0,0.0,2.579808783017339e-05,0.0002871141525526617,0.0,fce1a0d94a2e93ff,33
S7,forward_rollout_proxy,False,803303,0.0,0.0,0,0,0,0,3,1.0,1.0,21.0,36.274011861014266,0.2933098209978132,0.0,,,10,0,0,6404.182043851768,6404.182043851768,6404.182043851768,1.5,0.36000000000000004,0.04148865128932443,0.00016139067059712327,14.75,23.809599192601752,0.027443256446622117,0,29:funding_collapse|47:wildfire:semiwild|52:funding_collapse|79:funding_collapse|88:wildfire:reserve,0.004460754588818518,0.03847463011779213,0.0003815537179445701,0.0031710619908977083,2.5822507295539724e-05,0.000439638177672568,0.0005052006053119384,fce1a0d94a2e93ff,33
S4,state_dependent_rule,False,803400,0.125,0.125,1,1,226,0,1,0.3333333333333333,1.0,16.0,68.54679338703954,0.49258602491309816,2.952369942196532,0.002289350707777318,0.9977106492922226,24,0,0,10281.803370396965,10281.803370396965,10281.803370396965,0.0,0.19722093930364412,0.11524370831915656,0.0011940079695653139,115.75,224.30281131647467,0.04873957483413416,2,5:heatwave:origin|16:heatwave:reserve|20:wildfire:semiwild|27:funding_collapse|27:flood:alternative|31:heatwave:semiwild|47:wildfire:alternative|67:wildfire:semiwild,0.002507986694560914,0.07645762870227638,0.044247438028541725,0.015491337472322245,0.00019104127513045022,0.0008325126700845986,0.0024957427168712447,2c1b630804903af9,34
S6,rule,False,803400,0.0,0.0,0,0,0,0,1,0.3333333333333333,1.0,15.0,42.714526081485474,0.3180240701785624,0.0,,,0,0,0,12464.831220273369,12464.831220273369,12464.831220273369,1.3696812906954536,0.6699999999999999,0.06904302183311503,0.00013624386154030422,0.0,0.0,0.01021510916557522,2,5:heatwave:origin|16:heatwave:reserve|20:wildfire:semiwild|27:funding_collapse|27:flood:alternative|31:heatwave:semiwild|47:wildfire:alternative|67:wildfire:semiwild,0.007200000000000005,0.04787048436000409,0.0,0.0,2.179901784644868e-05,0.00038364644358699,0.0,2c1b630804903af9,34
S7,forward_rollout_proxy,False,803400,0.125,0.125,1,1,19,0,1,0.3333333333333333,1.0,13.0,29.45155762161625,0.5282284102451856,1.0,0.3387639046731551,0.6612360953268449,16,0,0,10340.338803532766,10340.338803532766,10340.338803532766,0.0,0.2546214232941928,0.10175144834964207,0.0005934606752186886,48.25,93.4998759915325,0.05019653010111397,2,5:heatwave:origin|16:heatwave:reserve|20:wildfire:semiwild|27:funding_collapse|27:flood:alternative|31:heatwave:semiwild|47:wildfire:alternative|67:wildfire:semiwild,0.0029302184986390524,0.07552428565991105,0.00932231893531406,0.015077961788626299,9.495370803499017e-05,0.000941897408863226,0.0039591398640333245,2c1b630804903af9,34
S4,state_dependent_rule,False,803401,0.25,0.25,2,2,156,0,2,0.6666666666666666,1.0,16.5,76.90364378293101,0.4783536973794215,2.7158765746473503,0.0003219080183474678,0.9996780919816526,28,0,0,10396.903795255152,10396.903795255152,5198.451897627576,0.0,0.201872239442927,0.17437626145874505,0.00019589411968568436,122.25,236.89864953295037,0.07265135883989414,1,22:flood:semiwild|56:wildfire:semiwild|58:heatwave:alternative|70:wildfire:origin|97:flood:origin,0.003371992474228514,0.07829610607758138,0.07720405483219618,0.012077566895535852,3.13430591497095e-05,0.0007378045834181185,0.0020274739602527646,2c1b630804903af9,34
S6,rule,False,803401,0.5,0.0,4,0,0,0,1,0.3333333333333333,1.0,40.0,117.75674438527726,0.4385898812468538,0.0,,,0,0,0,12750.629216859823,12750.629216859827,12750.629216859823,1.4930708925458682,0.6699999999999999,0.07060491292322398,0.00015917368919277978,0.0,0.0,0.018024564616119936,2,22:flood:semiwild|56:wildfire:semiwild|58:heatwave:alternative|70:wildfire:origin|97:flood:origin,0.009760000000000008,0.057245339201349915,0.0,0.0,2.5467790270844765e-05,0.0006793117615255113,0.0,2c1b630804903af9,34
S7,forward_rollout_proxy,False,803401,0.375,0.375,3,3,225,44,1,0.3333333333333333,1.0,22.0,100.21087905870016,0.48629635758283846,2.2787059497738986,0.0057741889940454245,0.9942258110059545,83,0,0,10570.691382780997,10570.691382780997,3523.563794260332,0.0,0.33140448106156256,0.2459650154544975,0.0002280146808001507,105.25,203.95568804370546,0.10643753925301119,2,22:flood:semiwild|56:wildfire:semiwild|58:heatwave:alternative|70:wildfire:origin|97:flood:origin,0.005008159454296439,0.07898698683482994,0.09292523827586958,0.009899545927232193,3.648234892802411e-05,0.000613333297524637,0.0014469752190336773,2c1b630804903af9,34
S4,state_dependent_rule,False,803402,0.25,0.25,2,2,175,0,0,0.0,0.0,,77.16884018538858,0.4840285551716659,2.8582236762972406,0.0014833081436311183,0.9985166918563689,42,0,0,10426.378781028761,10426.378781028761,5213.189390514381,0.0,0.18966012820181663,0.17469127946211177,0.00034944695240089535,117.25,227.20954321258435,0.07321514939478846,3,33:wildfire:reserve|59:heatwave:alternative|66:wildfire:origin|74:heatwave:reserve|80:flood:reserve|96:flood:origin,0.003246395770103398,0.07861980582840218,0.07337485667914039,0.00994419411588561,5.5911512384143266e-05,0.0006355189098280716,0.0019703677331250322,2c1b630804903af9,34
S6,rule,False,803402,0.375,0.0,3,0,0,0,0,0.0,0.0,,115.05393998898062,0.4315246084391655,0.0,,,0,0,0,12655.151441584452,12655.151441584452,12655.151441584452,1.3780512250734642,0.5657194903630232,0.06038951778160617,0.00024096209474695944,0.0,0.0,0.019087843726519255,3,33:wildfire:reserve|59:heatwave:alternative|66:wildfire:origin|74:heatwave:reserve|80:flood:reserve|96:flood:origin,0.009600000000000008,0.05640027601729381,0.0,0.0,3.855393515951351e-05,0.00043656160838119386,0.0,2c1b630804903af9,34
S7,forward_rollout_proxy,False,803402,0.125,0.125,1,1,175,13,0,0.0,0.0,,69.06486182867879,0.5322513557357162,1.9766991544568513,0.01018951029056325,0.9898104897094367,51,0,0,10570.970744089793,10570.970744089791,10570.970744089793,0.0,0.307600350355307,0.11890021661315553,0.00023046449758904228,59.5,115.30036521235623,0.06061595016528161,3,33:wildfire:reserve|59:heatwave:alternative|66:wildfire:origin|74:heatwave:reserve|80:flood:reserve|96:flood:origin,0.004482702364352972,0.0758737924708382,0.038259535762236674,0.013202621312543352,3.6874319614246764e-05,0.0007955602442935335,0.0015603808821867246,2c1b630804903af9,34
S4,state_dependent_rule,False,803403,0.25,0.25,2,2,202,1,1,0.3333333333333333,1.0,22.0,78.72131230337823,0.45632421981274296,3.0535228650137745,0.00215645015191661,0.9978435498480834,35,0,0,10255.536194277878,10255.536194277878,5127.768097138939,0.0,0.3053970427702403,0.1893470419589687,0.0003276265051891672,118.5,229.63181979267588,0.07886054515903462,2,9:flood:origin|19:flood:origin|21:heatwave:reserve|36:heatwave:semiwild|49:funding_collapse|61:wildfire:reserve|96:flood:semiwild,0.0024537841965425124,0.0781026593245237,0.0890313831805172,0.012142392609659465,5.242024083026676e-05,0.0006801618955125998,0.0016900345805997868,2c1b630804903af9,34
S6,rule,False,803403,0.0,0.0,0,0,0,0,1,0.3333333333333333,1.0,36.0,41.555083196860366,0.24082104137262594,0.0,,,0,0,0,12512.253941993284,12512.253941993285,12512.253941993284,1.3900891588207058,0.6699999999999999,0.06851893341019401,0.00024569419247911486,0.0,0.0,0.00759466705097008,2,9:flood:origin|19:flood:origin|21:heatwave:reserve|36:heatwave:semiwild|49:funding_collapse|61:wildfire:reserve|96:flood:semiwild,0.005600000000000004,0.043738216746346516,0.0,0.0,3.9311070796658375e-05,0.00030143081023089376,0.0,2c1b630804903af9,34
S7,forward_rollout_proxy,False,803403,0.125,0.125,1,1,237,163,0,0.0,0.0,,62.831176623291505,0.5342507547816279,1.9991102252909565,0.008747748705091644,0.9912522512949083,65,0,0,10353.358028976567,10353.358028976567,10353.358028976567,0.0,0.36000000000000004,0.12345506192418845,0.0002864602881210052,49.25,95.43769725560577,0.056069798356394404,3,9:flood:origin|19:flood:origin|21:heatwave:reserve|36:heatwave:semiwild|49:funding_collapse|61:wildfire:reserve|96:flood:semiwild,0.00439677260195368,0.07355152741614956,0.040122281696041685,0.013243994095445038,4.583364609936083e-05,0.000752847918321594,0.001908007230770897,2c1b630804903af9,34
S4,state_dependent_rule,False,803500,0.25,0.25,2,2,266,0,2,0.6666666666666666,1.0,18.0,100.60216736359844,0.5149344880564063,3.6312872794957487,0.0025648128137165,0.9974351871862835,9,0,0,13283.712087778862,13283.712087778862,6641.856043889431,1.5,0.05000000000000001,0.16893042900829233,0.0027226956357917363,182.75,83.57882994721015,0.07558778106667423,1,25:heatwave:semiwild|26:flood:alternative|28:funding_collapse|37:funding_collapse|40:funding_collapse|65:funding_collapse,0.0023797496733153887,0.07679435159420671,0.07618806608191492,0.01333730965768369,0.0004356313017266779,0.0008067715486335268,0.0005756100008420435,5ea52ecc435bcdb8,35
S6,rule,False,803500,0.0,0.0,0,0,0,0,2,0.6666666666666666,1.0,15.5,25.351529672265507,0.23195539521622266,0.0,,,0,0,0,13030.948889918001,13030.948889918003,13030.948889918001,1.5,0.05000000000000001,0.006604661896605743,7.9155672823219e-05,0.0,0.0,0.00802330948302871,1,25:heatwave:semiwild|26:flood:alternative|28:funding_collapse|37:funding_collapse|40:funding_collapse|65:funding_collapse,0.005440000000000004,0.04417133313439496,0.0,0.0,1.266490765171504e-05,0.0006206067417306141,0.0,5ea52ecc435bcdb8,35
S7,forward_rollout_proxy,False,803500,0.125,0.125,1,1,188,0,2,0.6666666666666666,1.0,18.5,75.63795682282739,0.5480530544754945,4.833698030634572,0.0012829158663190128,0.998717084133681,11,0,0,13217.899143815444,13217.899143815444,13217.899143815444,1.5,0.05000000000000001,0.1201364702173918,0.001221212462342379,94.0,42.989931682833074,0.05274744955523036,1,25:heatwave:semiwild|26:flood:alternative|28:funding_collapse|37:funding_collapse|40:funding_collapse|65:funding_collapse,0.0030573393383193344,0.07689865985570955,0.04560768531069621,0.014943558554231436,0.00019539399397478063,0.0009707709051680727,0.0005196917789052231,5ea52ecc435bcdb8,35
S4,state_dependent_rule,False,803501,0.0,0.0,0,0,0,0,3,1.0,1.0,23.0,25.598996695188774,0.2323930480219814,0.0,,,12,0,0,13315.097082275288,13315.097082275288,13315.097082275288,1.5,0.05000000000000001,0.009321826391082182,0.00030494794381489285,34.5,15.778219606997254,0.021609131955410903,0,26:wildfire:reserve|34:heatwave:alternative|54:heatwave:reserve|58:heatwave:alternative|86:funding_collapse,0.002723603287752613,0.035015903313015316,0.0008125931290222306,0.0020220734527576028,4.879167101038286e-05,0.00039735755390931575,0.0008655891853090544,5ea52ecc435bcdb8,35
S6,rule,False,803501,0.0,0.0,0,0,0,0,3,1.0,1.0,23.666666666666668,28.647599300704098,0.18151132372140474,0.0,,,0,0,0,13016.166201660015,13016.166201660017,13016.166201660015,1.5,0.05000000000000001,0.006010307818734071,0.00014462490407109307,0.0,0.0,0.00505153909367035,0,26:wildfire:reserve|34:heatwave:alternative|54:heatwave:reserve|58:heatwave:alternative|86:funding_collapse,0.004160000000000002,0.02989675679196691,0.0,0.0,2.3139984651374887e-05,0.00020877950197699857,0.0,5ea52ecc435bcdb8,35
S7,forward_rollout_proxy,False,803501,0.0,0.0,0,0,0,0,3,1.0,1.0,21.333333333333332,23.759948867081803,0.18049908266441025,0.0,,,14,0,0,13178.149355204223,13178.149355204223,13178.149355204223,1.5,0.05000000000000001,0.009722225670624607,0.001825263157894737,20.25,9.26112889975926,0.02361112835312303,0,26:wildfire:reserve|34:heatwave:alternative|54:heatwave:reserve|58:heatwave:alternative|86:funding_collapse,0.0036728832059734168,0.030053509857216564,9.038606089405057e-05,0.0010823685112406737,0.0002920421052631579,0.00039600466306627424,0.00033613137623680385,5ea52ecc435bcdb8,35
S4,state_dependent_rule,False,803502,0.0,0.0,0,0,0,0,3,1.0,1.0,13.666666666666666,21.51962344535153,0.1854690661435423,0.0,,,15,0,0,13334.120921995898,13334.120921995898,13334.120921995898,1.5,0.05000000000000001,0.008766017004070351,0.0003095940637560648,27.5,12.576841715722448,0.01883008502035175,0,7:funding_collapse|7:wildfire:origin|38:heatwave:reserve|60:funding_collapse|88:heatwave:reserve|98:flood:origin,0.0022958040312325363,0.029095951748054395,0.0006720337467591098,0.0020141907857741557,4.953505020097037e-05,0.00035612510173025865,0.0002839934382129577,5ea52ecc435bcdb8,35
S6,rule,False,803502,0.0,0.0,0,0,0,0,3,1.0,1.0,14.666666666666666,21.119585432891846,0.21386966849444788,0.0,,,0,0,0,13052.96020495193,13052.960204951933,13052.96020495193,1.5,0.05000000000000001,0.0061180701040031895,0.0003241143077786465,0.0,0.0,0.005590350520015942,0,7:funding_collapse|7:wildfire:origin|38:heatwave:reserve|60:funding_collapse|88:heatwave:reserve|98:flood:origin,0.005120000000000003,0.046334623760956956,0.0,0.0,5.185828924458344e-05,0.00022384945535072583,0.0,5ea52ecc435bcdb8,35
S7,forward_rollout_proxy,False,803502,0.0,0.0,0,0,0,0,3,1.0,1.0,15.666666666666666,21.390229179419098,0.17590642160345799,0.0,,,7,0,0,13320.909619687844,13320.909619687844,13320.909619687844,1.5,0.05000000000000001,0.009329957145876835,0.002314904607049276,19.25,8.803789201005715,0.021649785729384162,0,7:funding_collapse|7:wildfire:origin|38:heatwave:reserve|60:funding_collapse|88:heatwave:reserve|98:flood:origin,0.002477378756267147,0.028470533454386687,0.0003400865948479477,0.001273871979791223,0.0003703847371278841,0.00038652821124908227,0.0005373895756824775,5ea52ecc435bcdb8,35
S4,state_dependent_rule,False,803503,0.125,0.125,1,1,47,0,2,0.6666666666666666,1.0,16.5,45.0987428951568,0.5740385623572686,1.95659875996457,0.05578939454384507,0.944210605456155,12,0,0,13278.868614120198,13278.868614120198,13278.868614120198,1.5,0.05000000000000001,0.09023107804374006,0.0018419936022560565,101.25,46.30564449879627,0.04707545222047183,1,9:funding_collapse|26:wildfire:reserve|69:funding_collapse|99:flood:reserve|100:funding_collapse,0.002842793066160942,0.08684968726153112,0.017533145418800036,0.005681491034102875,0.0002947189763609691,0.0005568878149894374,0.0009881821383395343,5ea52ecc435bcdb8,35
S6,rule,False,803503,0.0,0.0,0,0,0,0,2,0.6666666666666666,1.0,16.5,30.665576321509892,0.2196036531141543,0.0,,,0,0,0,13038.71554329414,13038.71554329414,13038.71554329414,1.5,0.05000000000000001,0.006646176921893397,0.00030419928407339036,0.0,0.0,0.008230884609466978,1,9:funding_collapse|26:wildfire:reserve|69:funding_collapse|99:flood:reserve|100:funding_collapse,0.005120000000000003,0.04052828790604748,0.0,0.0,4.867188545174246e-05,0.0002993870943464693,0.0,5ea52ecc435bcdb8,35
S7,forward_rollout_proxy,False,803503,0.0,0.0,0,0,0,0,2,0.6666666666666666,1.0,19.0,29.21055363639796,0.2126907276035128,0.0,,,12,0,0,13239.253642738555,13239.253642738555,13239.253642738555,1.5,0.05000000000000001,0.011573503318992227,0.0005652863041995148,29.5,13.491521113229535,0.03286751659496113,1,9:funding_collapse|26:wildfire:reserve|69:funding_collapse|99:flood:reserve|100:funding_collapse,0.00312448303847327,0.033372731205150365,0.0005887307740135754,0.0027958943585818696,9.044580867192235e-05,0.0007151633734434242,0.0006088886738757676,5ea52ecc435bcdb8,35
S4,state_dependent_rule,False,803600,0.0,0.0,0,0,0,0,3,1.0,1.0,19.666666666666668,48.84058045621736,0.2241851064770593,0.0,,,31,0,0,6706.542309086918,6706.542309086918,6706.542309086918,1.5,0.2637918368771884,0.0321920493527772,0.00033599654160172844,28.25,20.839515566324884,0.029064328325291773,0,15:wildfire:origin,0.0043371321841346264,0.03004402487718887,0.00038614445250425726,0.002036966151342943,5.375944665627656e-05,0.0003918509383114007,0.0007122881930759386,0a936b78f21c824f,36
S6,rule,False,803600,0.5,0.5,4,4,878,878,2,0.6666666666666666,1.0,25.0,446.844284601437,0.7681454590846138,5.0870484299961385,0.0,1.0,0,0,0,6832.468408558029,6832.468408558029,1708.1171021395073,1.5,0.98,0.37940105098788657,0.00021224026981571037,0.0,0.0,0.027652833439625716,0,15:wildfire:origin,0.01600000000000001,0.04478419917564474,0.0,0.0,3.395844317051366e-05,0.0010363832965708173,0.0,0a936b78f21c824f,36
S7,forward_rollout_proxy,False,803600,0.0,0.0,0,0,0,0,2,0.6666666666666666,1.0,21.5,45.97093136991572,0.2837037062428998,0.0,,,19,0,0,6772.469208124708,6772.469208124708,6772.469208124708,1.5,0.6260546217086453,0.07007896359624148,0.00019859918997608753,14.75,10.880809012505917,0.037367507126884726,1,15:wildfire:origin,0.005929512346408987,0.03422488742193052,0.0002292545493189325,0.0017610343040383196,3.1775870396174006e-05,0.0003006977692706891,0.00030693878717616576,0a936b78f21c824f,36
S4,state_dependent_rule,False,803601,0.125,0.0,1,0,0,0,3,1.0,1.0,20.333333333333332,40.91068795202565,0.30143829848230586,0.0,,,44,0,0,6793.748899177767,6793.748899177767,6793.748899177767,1.5,0.18624691950284689,0.027081452588623035,0.000812121411880958,39.5,29.138437694507363,0.04228380319169172,0,12:wildfire:origin|30:heatwave:reserve|40:flood:semiwild|81:flood:origin,0.004838566913593712,0.047918688921448356,0.0035300317475980554,0.012171272640965045,0.0001299394259009533,0.001341566860040773,0.001536228883512144,0a936b78f21c824f,36
S6,rule,False,803601,0.5,0.5,4,4,597,597,2,0.6666666666666666,1.0,19.5,332.7711562767527,0.7571313747552079,3.1995282239379033,0.08478172122222775,0.9152182787777723,0,0,0,6821.087290138122,6821.087290138122,1705.2718225345304,1.5,0.9577793568503568,0.3582098746731238,0.0003935895444413023,0.0,0.0,0.027183283743545308,0,12:wildfire:origin|30:heatwave:reserve|40:flood:semiwild|81:flood:origin,0.01600000000000001,0.055679902773083635,0.0,0.0,6.297432711060836e-05,0.0011257481445978022,0.0,0a936b78f21c824f,36
S7,forward_rollout_proxy,False,803601,0.25,0.125,2,1,23,9,3,1.0,1.0,24.333333333333332,66.85624142525592,0.5991272962215609,1.0,0.3025792074194323,0.6974207925805678,86,0,0,6783.502654995851,6783.502654995851,6783.502654995851,1.5,0.44810612694774293,0.1240098263622559,0.005080504711440169,63.75,47.02722539303399,0.064746068337408,0,12:wildfire:origin|30:heatwave:reserve|40:flood:semiwild|81:flood:origin,0.007522743982647421,0.08923638344189432,0.015454445531868208,0.00543461307678433,0.0008128807538304272,0.0004656709873473479,0.001336279273030589,0a936b78f21c824f,36
S4,state_dependent_rule,False,803602,0.25,0.125,2,1,169,0,2,0.6666666666666666,1.0,30.0,98.06261858669532,0.5806096206779413,1.9943439703931292,0.0037273041844855174,0.9962726958155145,87,0,0,6761.733054080803,6761.733054080803,6761.733054080803,1.5,0.20916872684845722,0.10927019834506568,0.0014452762794474805,86.0,63.44064915766165,0.06079942978144336,1,5:funding_collapse|6:funding_collapse|24:heatwave:origin|30:wildfire:origin|100:flood:reserve,0.0059836554946791805,0.07722307915025685,0.03459721101899922,0.012362392225792607,0.00023124420471159685,0.0007855711863787753,0.0007198747788269396,0a936b78f21c824f,36
S6,rule,False,803602,0.375,0.0,3,0,0,0,2,0.6666666666666666,1.0,54.5,116.98983546315797,0.5391274873686327,0.0,,,0,0,0,6794.858978242253,6794.858978242253,6794.858978242253,1.5,0.9285845167538036,0.09563490081013039,0.00023826725608519224,0.0,0.0,0.013882245673750114,1,5:funding_collapse|6:funding_collapse|24:heatwave:origin|30:wildfire:origin|100:flood:reserve,0.011840000000000009,0.06266698369070073,0.0,0.0,3.812276097363076e-05,0.0005274061796930675,0.0,0a936b78f21c824f,36
S7,forward_rollout_proxy,False,803602,0.25,0.25,2,2,333,333,3,1.0,1.0,27.333333333333332,166.71640831683595,0.6154236512849272,2.4077914027798624,0.0,1.0,19,0,0,6740.000119852001,6740.000119852001,3370.0000599260006,1.5,0.45256969804150965,0.19924860174530243,0.0005859058514181788,19.25,14.200377863778908,0.08706858956676417,0,5:funding_collapse|6:funding_collapse|24:heatwave:origin|30:wildfire:origin|100:flood:reserve,0.013248503006185493,0.05737925304357895,0.09265944636285518,0.009645944351590694,9.37449362269086e-05,0.0006075263455741086,0.00015546105499561846,0a936b78f21c824f,36
S4,state_dependent_rule,False,803603,0.5,0.25,4,2,113,0,3,1.0,1.0,38.666666666666664,135.36170187783992,0.6205810626398328,2.8389709226524364,0.012794923248903554,0.9872050767510965,74,0,0,6669.935341048451,6669.935341048451,3334.9676705242255,1.5,0.10561205036819521,0.16772787346739312,0.00043997690367338934,82.25,60.67434178160081,0.08138479602024627,0,2:heatwave:alternative|8:wildfire:semiwild|15:wildfire:semiwild|46:funding_collapse|47:flood:alternative|49:heatwave:reserve|85:funding_collapse|90:heatwave:origin|96:wildfire:semiwild,0.008900920917344823,0.07656838468792239,0.03444213900382906,0.008283916693692968,7.03963045877423e-05,0.0009314533030035714,0.00045023768377049154,0a936b78f21c824f,36
S6,rule,False,803603,0.875,0.875,7,7,756,756,1,0.3333333333333333,1.0,21.0,737.7144473452469,0.7798142521480955,5.617976593811692,5.689910124730882e-05,0.9999431008987527,0,0,0,6778.111637680337,6778.111637680337,968.3016625257624,1.5,0.8807463183532489,0.5459289935075264,7.615089514066497e-05,0.0,0.0,0.03962297867042315,0,2:heatwave:alternative|8:wildfire:semiwild|15:wildfire:semiwild|46:funding_collapse|47:flood:alternative|49:heatwave:reserve|85:funding_collapse|90:heatwave:origin|96:wildfire:semiwild,0.01600000000000001,0.033177345577398716,0.0,0.0,1.2184143222506396e-05,0.0009962181312833497,0.0,0a936b78f21c824f,36
S7,forward_rollout_proxy,False,803603,0.75,0.5,6,4,65,60,2,0.6666666666666666,1.0,28.0,285.34339905582027,0.7367422910423679,3.448972250770812,0.0,1.0,57,0,0,6692.345859715026,6692.345859715026,1673.0864649287564,1.5,0.3581228858534991,0.3219437341362071,0.0001295812611543532,29.75,21.94603851674922,0.13320861521574523,1,2:heatwave:alternative|8:wildfire:semiwild|15:wildfire:semiwild|46:funding_collapse|47:flood:alternative|49:heatwave:reserve|85:funding_collapse|90:heatwave:origin|96:wildfire:semiwild,0.015831030543733568,0.07273669580849625,0.0007177411414755708,0.0004232362510842453,2.0733001784696512e-05,0.0010362811062792853,0.00010253078686772255,0a936b78f21c824f,36
S4,state_dependent_rule,False,803700,0.625,0.625,5,5,1200,1200,0,0.0,0.0,,483.1293910436447,0.6580328520114762,3.681693517243899,0.0016705372375610008,0.998329462762439,160,0,0,16005.327251551395,16005.327251551395,3201.0654503102787,1.5,0.6137854463501341,0.40871186824069655,0.000534157358155093,111.25,154.3532064575364,0.1463319421662208,3,46:heatwave:reserve|47:funding_collapse|53:heatwave:alternative|93:wildfire:reserve,0.01436633109036738,0.04788456495977154,0.07801427203453498,0.012242956069524651,8.546517730481488e-05,0.0009443869224325288,0.0003055963539530561,aa256c52c8bddcbf,37
S6,rule,False,803700,1.0,1.0,8,8,1100,1100,0,0.0,0.0,,841.5402180241341,0.7866388431842155,4.667277417712189,0.018031216604391227,0.9819687833956088,0,0,0,16050.325890858714,16050.325890858716,2006.2907363573393,1.5,0.9658049425910189,0.6058193342809695,5.2910423213398374e-05,0.0,0.0,0.06283032922372842,3,46:heatwave:reserve|47:funding_collapse|53:heatwave:alternative|93:wildfire:reserve,0.01600000000000001,0.026387426398577336,0.0,0.0,8.46566771414374e-06,0.0009652647494931901,0.0,aa256c52c8bddcbf,37
S7,forward_rollout_proxy,False,803700,0.875,0.875,7,7,735,735,0,0.0,0.0,,544.2573581913268,0.7218086946219308,2.89987476623104,0.051000668027970555,0.9489993319720295,99,0,0,16024.216787872821,16024.21678787282,2289.1738268389745,1.5,0.7056889713009555,0.5382877745872452,6.513600009933556e-05,83.25,115.50475898957218,0.22485064897419613,3,46:heatwave:reserve|47:funding_collapse|53:heatwave:alternative|93:wildfire:reserve,0.01470692440699876,0.04445395762471034,0.03545853221782224,0.0031471659935173387,1.042176001589369e-05,0.0009466512535337721,0.00020027654513405854,aa256c52c8bddcbf,37
S4,state_dependent_rule,False,803701,0.125,0.125,1,1,384,384,0,0.0,0.0,,215.06340942389826,0.7028883434279823,8.459896729776249,0.0,1.0,36,0,0,15977.485498516891,15977.485498516891,15977.485498516891,1.5,0.6699999999999999,0.2184369587145688,0.0017934679428321643,51.75,71.80025558811238,0.0529399570840317,3,2:flood:reserve|9:wildfire:origin|15:wildfire:semiwild|23:heatwave:alternative|63:wildfire:alternative|81:flood:alternative|97:heatwave:origin,0.014595100392013581,0.0400418156375827,0.0416743859793727,0.008851020557639182,0.0002869548708531463,0.0007564290205228617,0.0005798106872948351,aa256c52c8bddcbf,37
S6,rule,False,803701,0.625,0.625,5,5,587,587,0,0.0,0.0,,604.1939748196646,0.7821878288236199,6.024317917793288,0.06757840115073893,0.932421598849261,0,0,0,16053.001491239682,16053.001491239684,3210.6002982479363,1.5,0.86661101006833,0.43648884585185604,0.00013598572567480354,0.0,0.0,0.041672828335450995,3,2:flood:reserve|9:wildfire:origin|15:wildfire:semiwild|23:heatwave:alternative|63:wildfire:alternative|81:flood:alternative|97:heatwave:origin,0.01600000000000001,0.03073126980687492,0.0,0.0,2.1757716107968566e-05,0.0010591436533971751,0.0,aa256c52c8bddcbf,37
S7,forward_rollout_proxy,False,803701,0.5,0.5,4,4,956,956,0,0.0,0.0,,311.3296434905285,0.5285760636822883,3.238878017222147,0.08038563431968629,0.9196143656803137,16,0,0,16013.169036393374,16013.169036393372,4003.2922590983435,1.5,0.6699999999999999,0.35229073233143604,0.0015041442493599917,39.75,55.15092095898492,0.13950976079607275,3,2:flood:reserve|9:wildfire:origin|15:wildfire:semiwild|23:heatwave:alternative|63:wildfire:alternative|81:flood:alternative|97:heatwave:origin,0.013726238795467116,0.035336885824101945,0.21532483075198514,0.020296688899838905,0.00024066307989759867,0.001013831218294982,0.00031468773916140425,aa256c52c8bddcbf,37
S4,state_dependent_rule,False,803702,0.75,0.625,6,5,1200,1200,0,0.0,0.0,,541.1682467335705,0.6561068709987183,3.9978053140323326,0.000780396667790162,0.9992196033322098,138,0,0,15967.709462859846,15967.709462859846,3193.541892571969,1.5,0.6699999999999999,0.4185363443937071,0.0008330971591599127,113.5,157.47495670049778,0.1515414562669191,3,20:funding_collapse|33:heatwave:reserve|97:funding_collapse,0.014764897730235515,0.043410666197485195,0.08633268788843347,0.012225233193839533,0.00013329554546558605,0.0009565516591701434,0.0002871884716934764,aa256c52c8bddcbf,37
S6,rule,False,803702,0.875,0.875,7,7,1116,1116,0,0.0,0.0,,810.9304555226809,0.787202659834278,5.798441293876404,0.0,1.0,0,0,0,16006.688702273941,16006.688702273943,2286.669814610563,1.5,0.9627847732575217,0.5590599072691711,0.00021692692092752027,0.0,0.0,0.05523508502327408,3,20:funding_collapse|33:heatwave:reserve|97:funding_collapse,0.01600000000000001,0.025842322762149202,0.0,0.0,3.470830734840324e-05,0.0009203090962244944,0.0,aa256c52c8bddcbf,37
S7,forward_rollout_proxy,False,803702,0.875,0.875,7,7,1200,1200,0,0.0,0.0,,627.661001034195,0.6946046920958763,3.7984501564026343,0.018457269575880515,0.9815427304241194,53,0,0,15982.976134283606,15982.976134283606,2283.282304897658,1.5,0.7417581314165417,0.551277263890348,0.0007788347869617494,93.75,130.07292679005877,0.2268347459233381,3,20:funding_collapse|33:heatwave:reserve|97:funding_collapse,0.014529536919948018,0.04101516708035087,0.0641216506226352,0.003656122205947921,0.0001246135659138799,0.0007633975182118845,0.00017577639161823095,aa256c52c8bddcbf,37
S4,state_dependent_rule,False,803703,0.75,0.75,6,6,745,744,0,0.0,0.0,,418.8623807735504,0.6272534359238103,3.643804600729309,0.006129560773416611,0.9938704392265834,242,0,0,15909.161706141373,15909.161706141373,2651.526951023562,1.5,0.5760815461060113,0.4655170812864113,0.001100639370465904,180.0,249.7400194369129,0.16985440334258536,3,1:funding_collapse|8:wildfire:reserve|13:flood:semiwild|49:heatwave:alternative|52:wildfire:origin|69:funding_collapse|73:heatwave:reserve|79:heatwave:alternative|81:flood:alternative|86:flood:reserve|99:flood:semiwild,0.014898885271218387,0.055079647593376094,0.10727122642309998,0.011318711249460059,0.0001761022992745445,0.0009347679155504543,0.000439218268777239,aa256c52c8bddcbf,37
S6,rule,False,803703,1.0,0.875,8,7,1054,1054,0,0.0,0.0,,793.251616828862,0.7824167742196813,5.931400268999482,0.0,1.0,0,0,0,16003.797812148783,16003.797812148785,2286.256830306969,1.5,0.9621659244392754,0.5611748491593326,0.00012374417325342367,0.0,0.0,0.059471270127050974,3,1:funding_collapse|8:wildfire:reserve|13:flood:semiwild|49:heatwave:alternative|52:wildfire:origin|69:funding_collapse|73:heatwave:reserve|79:heatwave:alternative|81:flood:alternative|86:flood:reserve|99:flood:semiwild,0.01600000000000001,0.030676773564022847,0.0,0.0,1.9799067720547785e-05,0.0008866531485752706,0.0,aa256c52c8bddcbf,37
S7,forward_rollout_proxy,False,803703,0.875,0.75,7,6,1200,1200,0,0.0,0.0,,541.484471503523,0.7056632195778708,3.300206377304248,0.022126569110206717,0.9778734308897933,156,0,0,15959.104050118825,15959.104050118825,2659.8506750198044,1.5,0.6462284897299397,0.47718363758974225,0.0009310122072150754,108.5,150.53773393836136,0.21029362421852876,3,1:funding_collapse|8:wildfire:reserve|13:flood:semiwild|49:heatwave:alternative|52:wildfire:origin|69:funding_collapse|73:heatwave:reserve|79:heatwave:alternative|81:flood:alternative|86:flood:reserve|99:flood:semiwild,0.015093957400546285,0.048998940304758445,0.0452691830559176,0.004749243896571399,0.00014896195315441209,0.000826738193549069,0.00027302328705079427,aa256c52c8bddcbf,37
S4,state_dependent_rule,False,803800,0.25,0.25,2,2,249,0,1,0.3333333333333333,1.0,24.0,113.5615361710969,0.561920218270006,3.3333633666142997,0.010644241290632211,0.9893557587093678,17,0,0,21420.749577153158,21420.749577153158,10710.374788576579,1.5,0.05000000000000001,0.16474794463097833,0.005953600738155452,260.5,62.49675205031995,0.06957155482417669,2,74:flood:semiwild|95:wildfire:semiwild,0.0026520962340198006,0.075745419893268,0.07215515810935638,0.012605796707935917,0.0009525761181048722,0.0007325011040835972,0.00040095636966056073,93620d9b09c2af65,38
S6,rule,False,803800,0.0,0.0,0,0,0,0,1,0.3333333333333333,1.0,22.0,41.10307838576574,0.29223913281889763,0.0,,,0,0,0,20754.308992084774,20754.308992084774,20754.308992084774,1.465073583204871,0.05000000000000001,0.006720850695334691,2.551020408163265e-05,0.0,0.0,0.008604253476673453,2,74:flood:semiwild|95:wildfire:semiwild,0.006720000000000005,0.04935237417726472,0.0,0.0,4.081632653061225e-06,0.0002844113711845448,0.0,93620d9b09c2af65,38
S7,forward_rollout_proxy,False,803800,0.25,0.125,2,1,119,0,1,0.3333333333333333,1.0,24.0,60.28791100001915,0.6080213673797941,1.0,0.3166876295759972,0.6833123704240027,24,0,0,21106.79066889379,21106.79066889379,21106.79066889379,1.5,0.05000000000000001,0.08400315912748375,0.01020903694420529,106.75,25.610473249027468,0.06376579563741873,2,74:flood:semiwild|95:wildfire:semiwild,0.0034615164524644123,0.07870883556514156,0.01929890592785391,0.013056504335851267,0.001633445911072847,0.0008608150229889585,0.0005359442915682313,93620d9b09c2af65,38
S4,state_dependent_rule,False,803801,0.25,0.25,2,2,259,0,2,0.6666666666666666,1.0,10.5,110.68919158387942,0.5461855334625106,3.808703406717253,3.64656835617203e-06,0.9999963534316438,6,0,0,21323.99243640037,21323.99243640037,10661.996218200185,1.5,0.05000000000000001,0.1700862336103841,0.00486849875197023,236.5,56.738893895971884,0.07249599771605786,1,2:flood:semiwild|4:funding_collapse|7:flood:origin|8:flood:reserve|12:heatwave:semiwild|29:funding_collapse|67:flood:alternative|84:heatwave:reserve|87:funding_collapse|88:wildfire:semiwild|94:funding_collapse,0.0018819454007920552,0.07714373819769864,0.08041210310770239,0.013065820276721889,0.0007789598003152368,0.0007428579977233272,0.000332818565235196,93620d9b09c2af65,38
S6,rule,False,803801,0.0,0.0,0,0,0,0,2,0.6666666666666666,1.0,19.0,25.817750655450265,0.21048397095092217,0.0,,,0,0,0,19897.28973605453,19897.28973605453,19897.28973605453,1.262960042526471,0.05000000000000001,0.005977052689924164,8.190520302609233e-05,0.0,0.0,0.004885263449620814,1,2:flood:semiwild|4:funding_collapse|7:flood:origin|8:flood:reserve|12:heatwave:semiwild|29:funding_collapse|67:flood:alternative|84:heatwave:reserve|87:funding_collapse|88:wildfire:semiwild|94:funding_collapse,0.0049600000000000035,0.04157508393189799,0.0,0.0,1.3104832484174773e-05,0.0002678402846956768,0.0,93620d9b09c2af65,38
S7,forward_rollout_proxy,False,803801,0.125,0.125,1,1,188,0,2,0.6666666666666666,1.0,14.5,94.25140535006538,0.568283377893794,2.9636089216837167,0.0021275718758783533,0.9978724281241217,7,0,0,21276.322261799814,21276.322261799814,21276.322261799814,1.5,0.05000000000000001,0.10235732484577548,0.005736527875193356,165.0,39.585274811143144,0.0573561781446915,1,2:flood:semiwild|4:funding_collapse|7:flood:origin|8:flood:reserve|12:heatwave:semiwild|29:funding_collapse|67:flood:alternative|84:heatwave:reserve|87:funding_collapse|88:wildfire:semiwild|94:funding_collapse,0.002312046430148984,0.07676214512582673,0.05405048944336253,0.015454752735057729,0.0009178444600309374,0.0008344069995904224,0.000304950881859774,93620d9b09c2af65,38
S4,state_dependent_rule,False,803802,0.25,0.25,2,2,229,0,2,0.6666666666666666,1.0,22.5,113.62739405747855,0.5580219697729999,3.5191730071683147,0.0016514227453971171,0.9983485772546029,56,0,0,21292.088488842423,21292.088488842423,10646.044244421211,1.5,0.05000000000000001,0.16731957098344774,0.005205742655984396,269.5,64.65594885820047,0.0731392045588229,1,7:heatwave:alternative|26:flood:alternative|55:wildfire:origin|58:wildfire:semiwild|85:funding_collapse,0.003002607259481637,0.0769343332354084,0.07786960995860254,0.01341064030220609,0.0008329188249575034,0.0007738853903112972,0.00040305817657854056,93620d9b09c2af65,38
S6,rule,False,803802,0.0,0.0,0,0,0,0,2,0.6666666666666666,1.0,22.5,42.35798323689365,0.2721791003313567,0.0,,,0,0,0,20393.949114658113,20393.949114658117,20393.949114658113,1.3745168353056245,0.05000000000000001,0.006828650093430201,0.00043167130001861,0.0,0.0,0.009143250467151,1,7:heatwave:alternative|26:flood:alternative|55:wildfire:origin|58:wildfire:semiwild|85:funding_collapse,0.006240000000000004,0.044969528268023896,0.0,0.0,6.906740800297762e-05,0.0002423039926163257,0.0,93620d9b09c2af65,38
S7,forward_rollout_proxy,False,803802,0.125,0.125,1,1,185,0,2,0.6666666666666666,1.0,17.5,100.30081412990181,0.5899344669848762,4.502697013550849,0.005425702854359192,0.9945742971456408,54,0,0,21227.35695755861,21227.35695755861,21227.35695755861,1.5,0.05000000000000001,0.11797769821159651,0.007870971552396182,190.5,45.70299910013796,0.05850364038044012,1,7:heatwave:alternative|26:flood:alternative|55:wildfire:origin|58:wildfire:semiwild|85:funding_collapse,0.003819021305046121,0.07786351553664114,0.04621482855606373,0.013695863838543742,0.001259355448383388,0.0008383284327731452,0.0003578006609049518,93620d9b09c2af65,38
S4,state_dependent_rule,False,803803,0.25,0.25,2,2,239,0,2,0.6666666666666666,1.0,15.5,92.76029928759318,0.575802176957672,1.9840917782026768,0.16755541235861415,0.8324445876413858,48,0,0,21255.2184056431,21255.2184056431,10627.60920282155,1.5,0.05000000000000001,0.152603307927212,0.0054300049318013735,191.0,45.82295447835361,0.0763119507259261,1,42:flood:alternative|49:flood:reserve|60:funding_collapse|69:flood:origin|91:funding_collapse,0.002997873067574534,0.07588784495227013,0.06054368263067707,0.014230832432326394,0.0008688007890882198,0.0009163289779277719,0.00039614415069737355,93620d9b09c2af65,38
S6,rule,False,803803,0.0,0.0,0,0,0,0,2,0.6666666666666666,1.0,20.0,34.40356113127437,0.2600561718609692,0.0,,,0,0,0,20521.019761807303,20521.019761807314,20521.019761807303,1.420871272210905,0.05000000000000001,0.00664925138589028,0.00010329005576016955,0.0,0.0,0.008246256929451395,1,42:flood:alternative|49:flood:reserve|60:funding_collapse|69:flood:origin|91:funding_collapse,0.005920000000000004,0.0408274806994272,0.0,0.0,1.6526408921627127e-05,0.0002798210306819749,0.0,93620d9b09c2af65,38
S7,forward_rollout_proxy,False,803803,0.125,0.125,1,1,221,0,2,0.6666666666666666,1.0,22.0,87.05870030036539,0.589595240496259,3.856984916686409,0.0006444360875067051,0.9993555639124932,26,0,0,21180.01545779458,21180.01545779458,21180.01545779458,1.5,0.05000000000000001,0.11088377600484446,0.005330611358325251,152.5,36.58639035575352,0.05531963418990184,1,42:flood:alternative|49:flood:reserve|60:funding_collapse|69:flood:origin|91:funding_collapse,0.003183491957199776,0.07548215586916598,0.043833489913034304,0.01447426113364725,0.00085289781733204,0.0008378961009358676,0.0003395450922415744,93620d9b09c2af65,38
S4,state_dependent_rule,False,803900,0.375,0.25,3,2,293,0,0,0.0,0.0,,85.17591647766805,0.4420262296690066,2.9709540636042404,0.0025246947123008573,0.9974753052876991,42,0,0,14114.501896168184,14114.501896168184,7057.250948084092,1.5,0.05000000000000001,0.16423081433650194,0.003731695768472027,172.75,69.56966942376611,0.08510636850229764,3,15:wildfire:semiwild|16:heatwave:alternative|21:heatwave:alternative|47:funding_collapse|94:heatwave:reserve,0.0030146299211797956,0.07678999228910353,0.06760181360463668,0.013097510903095442,0.0005970713229555243,0.0007644295564152919,0.00047606761215080584,0612159166495eaa,39
S6,rule,False,803900,0.0,0.0,0,0,0,0,0,0.0,0.0,,63.12559635211427,0.31516132812947534,0.0,,,0,0,0,13784.49981135676,13784.499811356764,13784.49981135676,1.40464033700058,0.25512534581663066,0.02862082111786632,0.00020568470838591395,0.0,0.0,0.015541432681016248,3,15:wildfire:semiwild|16:heatwave:alternative|21:heatwave:alternative|47:funding_collapse|94:heatwave:reserve,0.0070400000000000055,0.0425240374133152,0.0,0.0,3.290955334174623e-05,0.0004417249038677229,0.0,0612159166495eaa,39
S7,forward_rollout_proxy,False,803900,0.25,0.125,2,1,70,0,0,0.0,0.0,,57.131265640784356,0.49668753156327866,2.4822695035460995,0.004429820020667319,0.9955701799793327,30,0,0,14093.81734308086,14093.817343080858,14093.81734308086,1.5,0.055992762775672056,0.10068119305488865,0.00918945733277225,87.25,35.137213645288526,0.07004610870930228,3,15:wildfire:semiwild|16:heatwave:alternative|21:heatwave:alternative|47:funding_collapse|94:heatwave:reserve,0.0038884268176654917,0.08078878193407694,0.023133579530172376,0.011353582494314379,0.0014703131732435606,0.000824243947507873,0.0007338418247018149,0612159166495eaa,39
S4,state_dependent_rule,False,803901,0.125,0.125,1,1,156,0,0,0.0,0.0,,71.9364666014089,0.448322166679177,2.88,0.002078570855440262,0.9979214291445597,26,0,0,13899.475952921728,13899.475952921726,13899.475952921728,1.5,0.05000000000000001,0.10170728932522374,0.004012880734322551,164.25,66.14655978497012,0.058286446626118676,3,13:heatwave:origin|17:flood:alternative|30:wildfire:semiwild|40:funding_collapse|45:funding_collapse|82:funding_collapse,0.0026381748637179393,0.07730468096106803,0.05028765571973726,0.015526273470934793,0.0006420609174916084,0.0010736742232650795,0.0006446370783831348,0612159166495eaa,39
S6,rule,False,803901,0.0,0.0,0,0,0,0,0,0.0,0.0,,44.629977891991004,0.26570670064181545,0.0,,,0,0,0,13595.365212402694,13595.365212402698,13595.365212402694,1.3818819316390507,0.38180392103445043,0.040228834213793405,0.00023948034034300102,0.0,0.0,0.010242210551741814,3,13:heatwave:origin|17:flood:alternative|30:wildfire:semiwild|40:funding_collapse|45:funding_collapse|82:funding_collapse,0.006240000000000004,0.05100510950415484,0.0,0.0,3.831685445488016e-05,0.0007098729995748575,0.0,0612159166495eaa,39
S7,forward_rollout_proxy,False,803901,0.125,0.125,1,1,138,0,0,0.0,0.0,,62.46375895939842,0.4701080288220875,3.8133760512615136,0.001683586116789017,0.998316413883211,10,0,0,13824.567105042257,13824.567105042257,13824.567105042257,1.5,0.05599081541689316,0.11252981395079585,0.003862226638852661,96.0,38.66100297934325,0.06273485948245706,3,13:heatwave:origin|17:flood:alternative|30:wildfire:semiwild|40:funding_collapse|45:funding_collapse|82:funding_collapse,0.003120917381951995,0.07762398911253218,0.03918610268338741,0.014664321120646478,0.0006179562622164257,0.0008832139373106025,0.0005814400576660306,0612159166495eaa,39
S4,state_dependent_rule,False,803902,0.25,0.25,2,2,272,0,0,0.0,0.0,,96.51692022977849,0.4205760474765052,2.476106764823815,0.0012132450924554074,0.9987867549075445,21,0,0,13786.813124615637,13786.813124615635,6893.406562307819,1.5,0.05000000000000001,0.15791494366933098,0.003961055014972574,196.0,78.93288108282583,0.07826938010546411,3,19:funding_collapse|69:heatwave:origin|88:funding_collapse,0.002806169022702068,0.07634427124376385,0.08370797539083558,0.01358739710018108,0.000633768802395612,0.0007174365495640974,0.0004421553611692043,0612159166495eaa,39
S6,rule,False,803902,0.125,0.0,1,0,0,0,0,0.0,0.0,,59.74153812960332,0.3749768093573026,0.0,,,0,0,0,14028.728807007383,14028.728807007385,14028.728807007383,1.5,0.5293459628491036,0.056186804768517305,0.0004006689936009308,0.0,0.0,0.01626104241803468,3,19:funding_collapse|69:heatwave:origin|88:funding_collapse,0.008480000000000007,0.05599073341907403,0.0,0.0,6.410703897614893e-05,0.00038835018464722793,0.0,0612159166495eaa,39
S7,forward_rollout_proxy,False,803902,0.25,0.25,2,2,276,0,0,0.0,0.0,,81.44038733559027,0.45407374842489445,3.1888653337734345,0.04223693112530404,0.957763068874696,16,0,0,14046.599031800954,14046.599031800954,7023.299515900477,1.5,0.06459348844972007,0.1685874681814951,0.002519297425950249,132.75,53.460918182373064,0.08869732999394359,3,19:funding_collapse|69:heatwave:origin|88:funding_collapse,0.0030600938332450388,0.07629450893745729,0.05671915783391549,0.012675369198476562,0.0004030875881520398,0.0007008276897681554,0.0004178596481925501,0612159166495eaa,39
S4,state_dependent_rule,False,803903,0.375,0.25,3,2,228,0,0,0.0,0.0,,83.04777248505458,0.4360337477959563,2.7980044979764243,0.00024002126582278478,0.9997599787341772,26,0,0,13984.945562310908,13984.945562310908,6992.472781155454,1.5,0.05000000000000001,0.1626941957373453,0.00408695922821388,222.5,89.6049287802487,0.08607075378790527,3,18:funding_collapse|21:heatwave:origin|39:funding_collapse|46:heatwave:origin|47:funding_collapse,0.002771026312698597,0.08154957342588035,0.06979992756335893,0.00907920466454845,0.0006539134765142209,0.0005714462336245196,0.00061215982890944,0612159166495eaa,39
S6,rule,False,803903,0.0,0.0,0,0,0,0,0,0.0,0.0,,48.16289464207071,0.27834594075407637,0.0,,,0,0,0,13881.158390109096,13881.158390109096,13881.158390109096,1.5,0.5169309211621184,0.054111823211928846,0.0004785236263564436,0.0,0.0,0.012093655478585014,3,18:funding_collapse|21:heatwave:origin|39:funding_collapse|46:heatwave:origin|47:funding_collapse,0.006400000000000005,0.04684954281163153,0.0,0.0,7.656378021703099e-05,0.0003279526540751093,0.0,0612159166495eaa,39
S7,forward_rollout_proxy,False,803903,0.125,0.125,1,1,95,0,0,0.0,0.0,,52.66954138200277,0.497780701596996,2.1762720038582106,0.011734792179953324,0.9882652078200467,24,0,0,13977.58628256229,13977.58628256229,13977.58628256229,1.5,0.06330682034421935,0.09816928908384223,0.005085109237563089,105.25,42.38615170391539,0.06912943505419096,3,18:funding_collapse|21:heatwave:origin|39:funding_collapse|46:heatwave:origin|47:funding_collapse,0.003643586298883396,0.0822567003787499,0.017740579902783632,0.012289497347167827,0.0008136174780100945,0.001044944975657891,0.0009249037263189444,0612159166495eaa,39
S4,state_dependent_rule,False,804000,0.875,0.75,7,6,1033,1033,1,0.3333333333333333,1.0,17.0,265.62925962202274,0.44955776699163763,3.8340867884666356,0.0003929098414685239,0.9996070901585314,391,0,0,24599.369476039228,24599.369476039228,4099.894912673205,1.5,0.6326156732328422,0.4739220055520442,0.00018669169198079827,190.75,154.8205426494531,0.17409785172046824,2,30:flood:origin|33:wildfire:alternative|44:funding_collapse|46:wildfire:origin|65:funding_collapse|78:heatwave:alternative,0.013078232034267915,0.054349329186849,0.23484736746555973,0.02048061189631344,2.9870670716927724e-05,0.0009247859351575786,0.0003355650356809198,db7b455bef1c6f2b,40
S6,rule,False,804000,0.125,0.0,1,0,0,0,0,0.0,0.0,,114.07029654034204,0.3587441019078569,0.0,,,0,0,0,24516.608978307664,24516.608978307664,24516.608978307664,1.5,0.6699999999999999,0.06989683346080222,0.00013746115228305045,0.0,0.0,0.014484167304011124,3,30:flood:origin|33:wildfire:alternative|44:funding_collapse|46:wildfire:origin|65:funding_collapse|78:heatwave:alternative,0.008000000000000005,0.04785053219587875,0.0,0.0,2.199378436528807e-05,0.0003833721118990556,0.0,db7b455bef1c6f2b,40
S7,forward_rollout_proxy,False,804000,0.5,0.5,4,4,777,777,1,0.3333333333333333,1.0,13.0,251.46407834403172,0.4875340240277801,4.150774190203548,0.00042330066451489606,0.9995766993354851,132,0,0,24547.576747237566,24547.576747237566,6136.894186809392,1.5,0.6699999999999999,0.3616925758537412,0.00021156476588018075,78.5,63.71382751235681,0.14092416975852873,2,30:flood:origin|33:wildfire:alternative|44:funding_collapse|46:wildfire:origin|65:funding_collapse|78:heatwave:alternative,0.013087769245115084,0.043295620732664616,0.22349625388584687,0.008631359989095783,3.385036254082892e-05,0.0005329559938839515,0.0001716215140679038,db7b455bef1c6f2b,40
S4,state_dependent_rule,False,804001,0.375,0.375,3,3,652,569,2,0.6666666666666666,1.0,30.5,380.06006873901936,0.7011224317102951,5.6999476585115945,0.000639880854924436,0.9993601191450756,637,0,0,24740.872324725024,24740.872324725024,8246.957441575008,1.5,0.42956731986951685,0.2875825942109914,0.00019514344351300873,266.0,215.89653653868692,0.09438192819461871,1,15:flood:reserve|37:flood:reserve|41:heatwave:reserve,0.014317031744208788,0.04844198474410379,0.009230724436351727,0.004080803174301511,3.12229509620814e-05,0.0011343782911371904,0.0005590798213762935,db7b455bef1c6f2b,40
S6,rule,False,804001,0.5,0.0,4,0,0,0,1,0.3333333333333333,1.0,20.0,174.28042070702352,0.5379361918667829,0.0,,,0,0,0,24646.018555656072,24646.018555656072,24646.018555656072,1.5,0.659144887465425,0.0701845017383488,0.00039660374292580403,0.0,0.0,0.02135006495903144,2,15:flood:reserve|37:flood:reserve|41:heatwave:reserve,0.011840000000000009,0.06371213223474813,0.0,0.0,6.345659886812864e-05,0.0006482192996010524,0.0,db7b455bef1c6f2b,40
S7,forward_rollout_proxy,False,804001,0.5,0.5,4,4,736,736,1,0.3333333333333333,1.0,26.0,382.8974624942906,0.7488141591415386,4.339483228517216,0.0022991239535436513,0.9977008760464563,71,0,0,24586.394228440815,24586.394228440815,6146.598557110204,1.5,0.49372086079993277,0.3436810834854052,0.00026783839360022387,75.5,61.278904167935494,0.12957082560119865,2,15:flood:reserve|37:flood:reserve|41:heatwave:reserve,0.017113700606103857,0.04212441962073294,0.00018628931840081832,0.00036492773922917865,4.285414297603581e-05,0.001213949545506289,0.0002298023356319277,db7b455bef1c6f2b,40
S4,state_dependent_rule,False,804002,0.625,0.5,5,4,760,733,2,0.6666666666666666,1.0,11.5,275.445038495636,0.5190063151982219,2.7021797152695437,0.004610661839098007,0.995389338160902,692,0,0,24832.5187065393,24832.5187065393,6208.129676634825,1.5,0.52405148633586,0.3319218380799277,0.0002242483255141483,219.25,177.95231442145527,0.13747446146823097,1,1:flood:origin|27:heatwave:alternative|70:flood:reserve,0.01311061379156685,0.05143593384572707,0.15629638722114145,0.021765119782492487,3.587973208226373e-05,0.0012150610578932262,0.0005577681471700549,db7b455bef1c6f2b,40
S6,rule,False,804002,0.0,0.0,0,0,0,0,2,0.6666666666666666,1.0,10.0,9.535065107282449,0.20041741864647808,0.0,,,0,0,0,24484.135381206484,24484.135381206484,24484.135381206484,1.5,0.6418725580689381,0.0652070642945857,0.00022569704973138447,0.0,0.0,0.005099042438459393,1,1:flood:origin|27:heatwave:alternative|70:flood:reserve,0.004640000000000003,0.03481047841325622,0.0,0.0,3.611152795702152e-05,0.0007959914123086945,0.0,db7b455bef1c6f2b,40
S7,forward_rollout_proxy,False,804002,0.5,0.5,4,4,1067,1067,2,0.6666666666666666,1.0,8.5,272.0059185037815,0.4908347097573775,3.2454152195767674,0.0030655197627342703,0.9969344802372657,291,0,0,24843.976607857054,24843.976607857054,6210.994151964263,1.5,0.5882141986395507,0.3426412833580607,0.00018241333134950158,93.25,75.68553395576139,0.13182855649168995,1,1:flood:origin|27:heatwave:alternative|70:flood:reserve,0.013137754773986267,0.04442564502709866,0.19643022614496414,0.019828592404087287,2.9186133015920254e-05,0.0010855752926857642,0.0003145348752694236,db7b455bef1c6f2b,40
S4,state_dependent_rule,False,804003,0.75,0.375,6,3,695,579,3,1.0,1.0,34.333333333333336,289.15115925355224,0.6113580581773442,5.474471024088488,0.0010554355018712804,0.9989445644981287,665,0,0,24733.643131234014,24733.64313123401,8244.547710411338,1.5,0.5682043679260252,0.30267875214037077,7.853511062250927e-05,302.75,245.72434750784757,0.11181802553441668,0,5:funding_collapse|35:wildfire:reserve|38:flood:alternative|64:wildfire:semiwild,0.012872962281680061,0.06102728979151423,0.06140153667529527,0.01717059314649065,1.2565617699601484e-05,0.0011943550332838243,0.0007222953583851899,db7b455bef1c6f2b,40
S6,rule,False,804003,0.5,0.0,4,0,0,0,3,1.0,1.0,44.0,178.66345257526555,0.5439727382324153,0.0,,,0,0,0,24613.87035231748,24613.870352317485,24613.87035231748,1.5,0.6699999999999999,0.07055153642853737,0.0001327682029978106,0.0,0.0,0.017757682142686936,0,5:funding_collapse|35:wildfire:reserve|38:flood:alternative|64:wildfire:semiwild,0.012000000000000009,0.06592636332151895,0.0,0.0,2.124291247964969e-05,0.0005796555335862711,0.0,db7b455bef1c6f2b,40
S7,forward_rollout_proxy,False,804003,0.5,0.375,4,3,1003,1003,3,1.0,1.0,31.0,330.2604046343811,0.6094793118682267,3.9770451798848625,0.0016915281402187573,0.9983084718597812,249,0,0,24629.10182401423,24629.10182401423,8209.700608004743,1.5,0.63269342242324,0.2927601408708068,0.00010760286746707075,137.5,111.60065328597524,0.10485173414817085,0,5:funding_collapse|35:wildfire:reserve|38:flood:alternative|64:wildfire:semiwild,0.014212698182122323,0.05686648938423382,0.08738939148269834,0.01629353994048457,1.721645879473132e-05,0.0010677451632150963,0.0002931292441648715,db7b455bef1c6f2b,40
S4,state_dependent_rule,False,804100,0.125,0.125,1,1,166,0,3,1.0,1.0,19.666666666666668,83.85054427022011,0.5351927613257543,3.8123962368566686,0.000511415552436236,0.9994885844475637,19,0,0,10053.383887620383,10053.383887620383,10053.383887620383,1.5,0.05000000000000001,0.10847337672834634,0.00390837704700676,122.0,192.4189392871101,0.04549707179889822,0,7:wildfire:semiwild|56:heatwave:origin|76:heatwave:origin|79:wildfire:semiwild|85:wildfire:reserve,0.003100604551951378,0.07524515411507691,0.0533904064512702,0.014902694103489895,0.0006253403275210817,0.0008635436336994822,0.0016512889889056625,de90f73b7548a5be,41
S6,rule,False,804100,0.25,0.0,2,0,0,0,3,1.0,1.0,30.333333333333332,50.87061858324686,0.3700632735124718,0.0,,,0,0,0,9979.972958909235,9979.972958909235,9979.972958909235,1.5,0.0536440628238339,0.007243624775020698,0.00011151158398388317,0.0,0.0,0.009396092463186538,0,7:wildfire:semiwild|56:heatwave:origin|76:heatwave:origin|79:wildfire:semiwild|85:wildfire:reserve,0.008320000000000006,0.05284047458186828,0.0,0.0,1.7841853437421303e-05,0.0003584100522224805,0.0,de90f73b7548a5be,41
S7,forward_rollout_proxy,False,804100,0.125,0.125,1,1,152,0,3,1.0,1.0,19.0,74.2816197350444,0.5531184459239359,2.912024199647089,0.006381387299120653,0.9936186127008794,17,0,0,10013.342230589373,10013.342230589373,10013.342230589373,1.5,0.05000000000000001,0.10042771672662665,0.0043900293174309775,78.5,123.81054700031252,0.05028737365077872,0,7:wildfire:semiwild|56:heatwave:origin|76:heatwave:origin|79:wildfire:semiwild|85:wildfire:reserve,0.003879020997213348,0.07796014314485485,0.037074735981513895,0.013714500593974699,0.0007024046907889562,0.0008831666935732632,0.001714166579082283,de90f73b7548a5be,41
S4,state_dependent_rule,False,804101,0.0,0.0,0,0,0,0,3,1.0,1.0,20.666666666666668,33.58343307011804,0.21831073593086184,0.0,,,19,0,0,9934.980418009769,9934.98041800977,9934.980418009769,1.5,0.05000000000000001,0.009631193636750572,0.05361648186962137,33.25,52.44204697783939,0.02315596818375285,0,75:flood:semiwild|80:wildfire:semiwild|90:funding_collapse|91:funding_collapse|100:funding_collapse,0.003856117393420898,0.034318906933828594,0.00034578566772183316,0.002904234376610366,0.00857863709913942,0.0007424808699019538,0.002412474760361211,de90f73b7548a5be,41
S6,rule,False,804101,0.125,0.0,1,0,0,0,3,1.0,1.0,34.666666666666664,53.88210083296359,0.38298075976435436,0.0,,,0,0,0,9893.102073770879,9893.102073770879,9893.102073770879,1.5,0.1449027080309411,0.016126720920634153,0.00036886986659843453,0.0,0.0,0.008182250587700205,0,75:flood:semiwild|80:wildfire:semiwild|90:funding_collapse|91:funding_collapse|100:funding_collapse,0.008640000000000007,0.05615147609934787,0.0,0.0,5.9019178655749535e-05,0.0003687449576422365,0.0,de90f73b7548a5be,41
S7,forward_rollout_proxy,False,804101,0.125,0.125,1,1,179,0,3,1.0,1.0,21.0,79.46927842188944,0.5561594621708319,4.791535815761927,0.002965019702927143,0.9970349802970728,17,0,0,9912.782513962602,9912.782513962602,9912.782513962602,1.5,0.05000000000000001,0.11980838168421415,0.003239205189127734,78.5,123.81054700031255,0.05321511763297439,0,75:flood:semiwild|80:wildfire:semiwild|90:funding_collapse|91:funding_collapse|100:funding_collapse,0.003683750246680285,0.07645968712785274,0.03946881834618346,0.013397525611375052,0.0005182728302604374,0.0007587431444404409,0.0013951682909687482,de90f73b7548a5be,41
S4,state_dependent_rule,False,804102,0.125,0.125,1,1,169,0,2,0.6666666666666666,1.0,17.5,80.19688969539851,0.5405998533782249,3.331505890586726,0.0,1.0,11,0,0,9955.93294319311,9955.93294319311,9955.93294319311,1.5,0.05000000000000001,0.10360193769066958,0.004436420150505021,114.0,179.80130392402089,0.045184393924011565,1,12:funding_collapse|36:funding_collapse|39:funding_collapse|41:wildfire:origin|70:heatwave:reserve|83:heatwave:origin,0.003131822507144863,0.07514217213710586,0.047429966704385394,0.01445310896734845,0.0007098272240808035,0.0007993128364538266,0.001836619720322717,de90f73b7548a5be,41
S6,rule,False,804102,0.125,0.0,1,0,0,0,2,0.6666666666666666,1.0,19.5,52.61682061416607,0.3573587994904967,0.0,,,0,0,0,9896.497104846121,9896.497104846121,9896.497104846121,1.5,0.05000000000000001,0.007310515773328937,5.46448087431694e-05,0.0,0.0,0.011552578866644679,1,12:funding_collapse|36:funding_collapse|39:funding_collapse|41:wildfire:origin|70:heatwave:reserve|83:heatwave:origin,0.008160000000000006,0.05721039877706996,0.0,0.0,8.743169398907103e-06,0.000562058563034502,0.0,de90f73b7548a5be,41
S7,forward_rollout_proxy,False,804102,0.125,0.125,1,1,65,0,2,0.6666666666666666,1.0,20.5,49.65938840744645,0.5722700906636102,1.9957487009919694,0.02691671359224939,0.9730832864077507,9,0,0,9922.45022498042,9922.45022498042,9922.45022498042,1.5,0.05000000000000001,0.09228583167501889,0.0033969857572308084,72.0,113.55871826780262,0.05539172332549591,1,12:funding_collapse|36:funding_collapse|39:funding_collapse|41:wildfire:origin|70:heatwave:reserve|83:heatwave:origin,0.003651690129381513,0.08710829242398901,0.012927704110903784,0.005269420391128817,0.0005435177211569294,0.0005514435005165513,0.0034626936712141994,de90f73b7548a5be,41
S4,state_dependent_rule,False,804103,0.25,0.25,2,2,254,0,3,1.0,1.0,19.666666666666668,98.30446121403708,0.5295837022335709,3.0842512434152995,0.0030154324275603484,0.9969845675724397,10,0,0,9947.959075522758,9947.959075522756,4973.979537761379,1.5,0.05000000000000001,0.16146136004647355,0.00274458206396645,138.5,218.44281222348152,0.06559423806160272,0,3:heatwave:semiwild|10:funding_collapse|23:funding_collapse|39:wildfire:semiwild|82:funding_collapse,0.003353576143602005,0.07870710983880803,0.06037987594398985,0.012250356839892042,0.00043913313023463197,0.0007026057423036421,0.0016509249049060275,de90f73b7548a5be,41
S6,rule,False,804103,0.125,0.0,1,0,0,0,3,1.0,1.0,32.333333333333336,58.076568496458364,0.38248531821266857,0.0,,,0,0,0,9898.628938332355,9898.628938332356,9898.628938332355,1.5,0.14526040442450958,0.016614525197340562,0.00013321855463513076,0.0,0.0,0.010442423774448014,0,3:heatwave:semiwild|10:funding_collapse|23:funding_collapse|39:wildfire:semiwild|82:funding_collapse,0.008640000000000007,0.05660060289954338,0.0,0.0,2.1314968741620918e-05,0.00045276391904640665,0.0,de90f73b7548a5be,41
S7,forward_rollout_proxy,False,804103,0.125,0.125,1,1,210,0,3,1.0,1.0,24.0,88.92911211028002,0.5478176472298009,2.9466791393826006,0.017262692683638767,0.9827373073163612,10,0,0,9902.673339948858,9902.673339948858,9902.673339948858,1.5,0.05000000000000001,0.10039827254692872,0.0025034451240836288,87.5,138.00538678378786,0.048407405765513487,0,3:heatwave:semiwild|10:funding_collapse|23:funding_collapse|39:wildfire:semiwild|82:funding_collapse,0.004088864294795738,0.07867893667715543,0.0435934001432681,0.013369891131260268,0.0004005512198533805,0.0007765414416186317,0.0013212450555805725,de90f73b7548a5be,41
S4,state_dependent_rule,False,804200,0.25,0.25,2,2,463,359,3,1.0,1.0,20.0,126.23269586274472,0.5548413423036802,3.3620854501713486,0.005480051434480289,0.9945199485655197,222,0,0,10524.570602911743,10524.570602911743,5262.285301455871,1.5,0.49028397103271143,0.2087452792744217,0.0014418451152923362,145.5,86.80612994960357,0.06798013834718533,0,7:wildfire:origin|16:wildfire:origin|17:funding_collapse|29:flood:alternative,0.008177296116923706,0.07362817647222063,0.04275070548974749,0.011650772117158923,0.00023069521844677374,0.0006822994857289543,0.0005359673447159729,801e2355b35a4d41,42
S6,rule,False,804200,0.0,0.0,0,0,0,0,3,1.0,1.0,21.666666666666668,41.495840319129385,0.19713168896818542,0.0,,,0,0,0,10447.480458218155,10447.480458218157,10447.480458218155,1.5,0.6699999999999999,0.06822681043938832,0.00032498678844037184,0.0,0.0,0.006134052196941605,0,7:wildfire:origin|16:wildfire:origin|17:funding_collapse|29:flood:alternative,0.004480000000000003,0.030510848584124402,0.0,0.0,5.199788615045949e-05,0.00022546456153975638,0.0,801e2355b35a4d41,42
S7,forward_rollout_proxy,False,804200,0.25,0.25,2,2,496,496,3,1.0,1.0,20.333333333333332,151.67581853484876,0.5403049574700716,3.4209207874915086,0.0017704069879254324,0.9982295930120746,55,0,0,10515.487143116085,10515.487143116085,5257.743571558042,1.5,0.6117977251458405,0.2249871623226139,0.0004232143694417989,36.0,21.477805348355524,0.08549090966557372,0,7:wildfire:origin|16:wildfire:origin|17:funding_collapse|29:flood:alternative,0.012778775187470994,0.060123082637188616,0.11466988917827138,0.010437541416330775,6.771429911068783e-05,0.0005245488867950517,0.00013171611779324026,801e2355b35a4d41,42
S4,state_dependent_rule,False,804201,0.25,0.25,2,2,243,0,3,1.0,1.0,28.666666666666668,102.51606856294313,0.5321678067708226,2.2769209468865297,0.007112110088959832,0.9928878899110402,60,0,0,10480.59390521605,10480.59390521605,5240.296952608025,1.5,0.24051153173706696,0.17412733598568733,0.001145427080604995,142.0,84.71800998518013,0.07403486671557653,0,25:heatwave:alternative|28:flood:alternative|29:heatwave:alternative|39:wildfire:reserve|73:wildfire:alternative|97:heatwave:alternative|99:funding_collapse,0.005642886854304899,0.07980708306468791,0.04057571532534426,0.010889683261474407,0.0001832683328967992,0.0007966808770703443,0.0007120908561702381,801e2355b35a4d41,42
S6,rule,False,804201,0.5,0.0,4,0,0,0,3,1.0,1.0,47.0,165.66544487825186,0.5135468158648459,0.0,,,0,0,0,10475.16892006442,10475.16892006442,10475.16892006442,1.5,0.6509631923256102,0.06874059389260759,0.00020365867486424856,0.0,0.0,0.01822137330023283,0,25:heatwave:alternative|28:flood:alternative|29:heatwave:alternative|39:wildfire:reserve|73:wildfire:alternative|97:heatwave:alternative|99:funding_collapse,0.011360000000000007,0.0637486399477543,0.0,0.0,3.2585387978279766e-05,0.0006119587994216129,0.0,801e2355b35a4d41,42
S7,forward_rollout_proxy,False,804201,0.375,0.25,3,2,194,12,3,1.0,1.0,29.0,110.31168995262301,0.5534699789328432,2.4287610032290883,0.021101715396575495,0.9788982846034245,76,0,0,10466.286852892155,10466.286852892155,5233.143426446078,1.5,0.42862155924554823,0.19830001919284487,0.0021055061267787416,102.0,60.853781820340565,0.09325126617999568,0,25:heatwave:alternative|28:flood:alternative|29:heatwave:alternative|39:wildfire:reserve|73:wildfire:alternative|97:heatwave:alternative|99:funding_collapse,0.007652993274137329,0.07859560577846508,0.037836589544618396,0.015618192251466951,0.0003368809802845987,0.000939107292380813,0.0005398376547759071,801e2355b35a4d41,42
S4,state_dependent_rule,False,804202,0.5,0.25,4,2,547,350,3,1.0,1.0,28.666666666666668,205.9923682499184,0.6067312355783527,3.773215080126716,0.006172240851061875,0.9938277591489382,347,0,0,10430.968283409018,10430.968283409018,5215.484141704509,1.5,0.38303908779642043,0.20425238067794793,0.0007074040060472177,161.5,96.35182121553939,0.0785816054851936,0,28:funding_collapse|63:funding_collapse|65:funding_collapse|73:wildfire:reserve,0.01050903695817793,0.06703830241835149,0.03125817503797746,0.009620337336611601,0.00011318464096755488,0.0007307218751107096,0.0004657766452762506,801e2355b35a4d41,42
S6,rule,False,804202,0.375,0.0,3,0,0,0,2,0.6666666666666666,1.0,26.5,133.05624946294301,0.5007696600504733,0.0,,,0,0,0,10419.4622742095,10419.4622742095,10419.4622742095,1.5,0.6562177742201976,0.06916676036921963,0.0,0.0,0.0,0.017724914735999353,1,28:funding_collapse|63:funding_collapse|65:funding_collapse|73:wildfire:reserve,0.011040000000000008,0.06045305864280816,0.0,0.0,0.0,0.0004372813067186157,0.0,801e2355b35a4d41,42
S7,forward_rollout_proxy,False,804202,0.25,0.25,2,2,521,411,2,0.6666666666666666,1.0,23.0,246.59385299060142,0.6506153022145966,3.6597829094719208,0.001560264488544104,0.9984397355114559,242,0,0,10406.206031269367,10406.206031269367,5203.103015634683,1.5,0.5029811139995347,0.21573210757138073,0.00016843698261109603,84.5,50.41318199822331,0.0816808353835402,1,28:funding_collapse|63:funding_collapse|65:funding_collapse|73:wildfire:reserve,0.013885221830928907,0.05507523985753344,0.0390053672781945,0.0055620789915769376,2.6949917217775367e-05,0.0005721368957975943,0.0002146462402562464,801e2355b35a4d41,42
S4,state_dependent_rule,False,804203,0.25,0.25,2,2,516,269,2,0.6666666666666666,1.0,18.5,136.95651620258198,0.5145218636900024,4.7108930577904555,0.0013723992888017475,0.9986276007111983,145,0,0,10441.34151002446,10441.34151002446,5220.67075501223,1.5,0.40421076658668315,0.21377789766249908,0.0007234018328462875,156.5,93.36879269493444,0.06873945212963095,1,13:wildfire:reserve|35:heatwave:semiwild|44:funding_collapse|45:heatwave:alternative|53:heatwave:semiwild|87:funding_collapse|91:wildfire:semiwild,0.0055619679224242855,0.07640972638503923,0.0631398416096153,0.008978792930308278,0.00011574429325540602,0.0006533641872421268,0.0005074805655147783,801e2355b35a4d41,42
S6,rule,False,804203,0.5,0.0,4,0,0,0,2,0.6666666666666666,1.0,17.5,153.15964415541998,0.5328398343510312,0.0,,,0,0,0,10439.442123652392,10439.442123652392,10439.442123652392,1.5,0.6699999999999999,0.07108515259870589,0.00035678515887543514,0.0,0.0,0.020425762993529474,1,13:wildfire:reserve|35:heatwave:semiwild|44:funding_collapse|45:heatwave:alternative|53:heatwave:semiwild|87:funding_collapse|91:wildfire:semiwild,0.011840000000000009,0.06883580933653112,0.0,0.0,5.708562542006962e-05,0.0006272706870176598,0.0,801e2355b35a4d41,42
S7,forward_rollout_proxy,False,804203,0.375,0.125,3,1,290,193,1,0.3333333333333333,1.0,24.0,143.7587594225608,0.6239302986427405,3.196989280012165,0.0019319126449820524,0.998068087355018,144,0,0,10408.70096474888,10408.70096474888,10408.70096474888,1.5,0.5240273738872713,0.15549334577410684,0.0006863352719597599,81.75,48.77251631189059,0.07435357792629028,2,13:wildfire:reserve|35:heatwave:semiwild|44:funding_collapse|45:heatwave:alternative|53:heatwave:semiwild|87:funding_collapse|91:wildfire:semiwild,0.010520762703043075,0.0696816398947083,0.02080182950093723,0.007439594518018976,0.00010981364351356156,0.0008562054891196691,0.0004432764627987583,801e2355b35a4d41,42
S4,state_dependent_rule,False,804300,0.125,0.0,1,0,0,0,3,1.0,1.0,16.333333333333332,30.25175503342784,0.4837572243767429,0.0,,,14,0,0,5261.49633256307,5261.49633256307,5261.49633256307,0.08757734900778563,0.13436161082076947,0.020288182148151004,0.0016055412673805277,35.75,40.925758084728976,0.03426010533037028,0,9:heatwave:origin|11:funding_collapse|28:flood:reserve|66:flood:alternative|81:flood:reserve|99:flood:alternative,0.0028056542566664024,0.07044352808324245,0.005817227299959498,0.005827176479682022,0.0002568866027808845,0.0004778605594947538,0.0021392991489536184,b0edc9d8314022c4,43
S6,rule,False,804300,0.0,0.0,0,0,0,0,3,1.0,1.0,18.666666666666668,32.36868987981511,0.17968964435609253,0.0,,,0,0,0,6062.149779523194,6062.149779523196,6062.149779523194,1.2459584478701116,0.2935071336651707,0.030408701273097884,0.00028783893254239173,0.0,0.0,0.005289939532904044,0,9:heatwave:origin|11:funding_collapse|28:flood:reserve|66:flood:alternative|81:flood:reserve|99:flood:alternative,0.004160000000000002,0.031727112284101924,0.0,0.0,4.605422920678269e-05,0.00017718913059876177,0.0,b0edc9d8314022c4,43
S7,forward_rollout_proxy,False,804300,0.0,0.0,0,0,0,0,3,1.0,1.0,17.333333333333332,28.038630084642445,0.2031057956836692,0.0,,,10,0,0,5803.877337608018,5803.877337608018,5803.877337608018,0.8928637785320038,0.21119137482121286,0.025461171101836055,0.02263286519187407,15.0,17.171646748837333,0.021710168098573835,0,9:heatwave:origin|11:funding_collapse|28:flood:reserve|66:flood:alternative|81:flood:reserve|99:flood:alternative,0.003486551679761617,0.032762798232266854,0.00014081256018387857,0.0020600254730082,0.0036212584306998517,0.0005552280863011895,0.001770023119117254,b0edc9d8314022c4,43
S4,state_dependent_rule,False,804301,0.125,0.125,1,1,179,0,3,1.0,1.0,16.0,78.69469496393124,0.5772173937092633,1.9949567274764959,0.01137401608286855,0.9886259839171314,9,0,0,5553.1909170198405,5553.1909170198405,5553.1909170198405,0.3192753158605915,0.15171069806631218,0.10025441599026398,0.003359694702969776,70.5,80.70673971953548,0.044418894544339046,0,22:heatwave:alternative|25:funding_collapse|64:wildfire:alternative|69:flood:alternative|76:heatwave:alternative|79:funding_collapse|86:funding_collapse|96:heatwave:reserve,0.0037337848591393534,0.07848758131184869,0.03468714136270039,0.013899044107158193,0.0005375511524751643,0.000831737551383152,0.0013062099714615148,b0edc9d8314022c4,43
S6,rule,False,804301,0.0,0.0,0,0,0,0,3,1.0,1.0,24.666666666666668,42.61346999694044,0.28834841026996205,0.0,,,0,0,0,6062.528848296833,6062.5288482968335,6062.528848296833,1.2574678842785438,0.3103355130340241,0.032447680811284754,5.4421869446748016e-05,0.0,0.0,0.007070647539411689,0,22:heatwave:alternative|25:funding_collapse|64:wildfire:alternative|69:flood:alternative|76:heatwave:alternative|79:funding_collapse|86:funding_collapse|96:heatwave:reserve,0.006560000000000005,0.045080647682483044,0.0,0.0,8.707499111479683e-06,0.0003022345484434976,0.0,b0edc9d8314022c4,43
S7,forward_rollout_proxy,False,804301,0.0,0.0,0,0,0,0,3,1.0,1.0,20.333333333333332,32.18534594201847,0.23660408528323182,0.0,,,10,0,0,5874.247872726049,5874.247872726049,5874.247872726049,0.9294348546709569,0.17118552036913845,0.02201985591165156,0.0004368257536207224,14.0,16.026870298914844,0.024506519373688578,0,22:heatwave:alternative|25:funding_collapse|64:wildfire:alternative|69:flood:alternative|76:heatwave:alternative|79:funding_collapse|86:funding_collapse|96:heatwave:reserve,0.0044319410999705535,0.03436623331386848,6.399253257659416e-05,0.0014830428687504582,6.989212057931559e-05,0.0003226384005930504,0.0005324283016953711,b0edc9d8314022c4,43
S4,state_dependent_rule,False,804302,0.125,0.125,1,1,191,0,3,1.0,1.0,20.333333333333332,76.3245900692242,0.575983576469707,2.965693846028778,0.0,1.0,8,0,0,5361.003899561266,5361.003899561266,5361.003899561266,0.06309510236307768,0.2295923477646552,0.11767623191372865,0.001096711401898637,54.25,62.10412240829502,0.04405029338487671,0,2:heatwave:reserve|73:heatwave:alternative|87:heatwave:semiwild,0.0036931430336287333,0.07636197172640304,0.045750179286981156,0.013730027972517487,0.00017547382430378196,0.0007492095517570424,0.0007494596618256954,b0edc9d8314022c4,43
S6,rule,False,804302,0.0,0.0,0,0,0,0,2,0.6666666666666666,1.0,27.0,47.85005614121048,0.2945835083848185,0.0,,,0,0,0,6112.532170392633,6112.532170392633,6112.532170392633,1.3371944240672038,0.4343359949046079,0.045138181212398834,0.00010689800118856082,0.0,0.0,0.008522908609690216,1,2:heatwave:reserve|73:heatwave:alternative|87:heatwave:semiwild,0.006720000000000005,0.046930405576568426,0.0,0.0,1.710368019016973e-05,0.00034898235842298114,0.0,b0edc9d8314022c4,43
S7,forward_rollout_proxy,False,804302,0.125,0.125,1,1,167,1,2,0.6666666666666666,1.0,31.0,69.84297399658375,0.582389037119786,3.2837630990227247,0.003284232756820528,0.9967157672431795,12,0,0,5400.601422707428,5400.601422707428,5400.601422707428,0.030610703061222554,0.29208726451083555,0.12823633036018314,0.0010479327744572129,34.5,39.494787522325865,0.04969986459436166,1,2:heatwave:reserve|73:heatwave:alternative|87:heatwave:semiwild,0.004184020961294987,0.077005806213764,0.044068192968518355,0.013165991057863466,0.00016766924391315406,0.0007218269725016964,0.0006257119697010075,b0edc9d8314022c4,43
S4,state_dependent_rule,False,804303,0.125,0.125,1,1,160,4,3,1.0,1.0,21.0,85.82699349772867,0.5747403047536658,3.9763901832867354,0.00030633050866202716,0.999693669491338,20,0,0,5590.575587843766,5590.575587843766,5590.575587843766,0.39554636974642193,0.2937756845097218,0.1339990268216107,0.0010311065519981925,67.25,76.98621625728734,0.04303778268885568,0,8:flood:semiwild|21:funding_collapse|44:heatwave:origin|53:wildfire:origin|54:heatwave:semiwild,0.003838126445973625,0.0776555737487038,0.04189247901797901,0.01370957450810107,0.00016497704831971077,0.0008121259299774044,0.0009176636916751414,b0edc9d8314022c4,43
S6,rule,False,804303,0.0,0.0,0,0,0,0,3,1.0,1.0,24.666666666666668,53.699507557748824,0.2866160139131713,0.0,,,0,0,0,6186.527755028953,6186.527755028953,6186.527755028953,1.4735707013419226,0.5039869369331229,0.05205930203861229,0.0001255163470038462,0.0,0.0,0.008303041726499994,0,8:flood:semiwild|21:funding_collapse|44:heatwave:origin|53:wildfire:origin|54:heatwave:semiwild,0.006560000000000005,0.04674712897137227,0.0,0.0,2.008261552061539e-05,0.00035677449993575335,0.0,b0edc9d8314022c4,43
S7,forward_rollout_proxy,False,804303,0.125,0.125,1,1,82,70,3,1.0,1.0,21.0,46.78128576115572,0.6233413382746935,1.0,0.32788544920532475,0.6721145507946753,29,0,0,5821.154233518915,5821.154233518915,5821.154233518915,0.7924764611064741,0.36000000000000004,0.11203789223519041,0.0022838688740989418,35.5,40.639563972248354,0.04893946117595199,0,8:flood:semiwild|21:funding_collapse|44:heatwave:origin|53:wildfire:origin|54:heatwave:semiwild,0.006083246691300495,0.07791843873683935,0.00596982214989727,0.01141635777088454,0.0003654190198558306,0.0009545144282376938,0.0022013957150177534,b0edc9d8314022c4,43
S4,state_dependent_rule,False,804400,0.875,0.625,7,5,641,641,1,0.3333333333333333,1.0,49.0,492.7264022821893,0.7208577600142891,4.045117864733713,0.0006057494510738373,0.9993942505489262,87,0,0,5994.890291785435,5994.890291785435,1198.9780583570869,1.5,0.8889573480731698,0.4376921485756427,0.00047736364830867434,46.25,44.94050153604513,0.13547617560494263,2,33:funding_collapse|49:wildfire:origin|53:flood:reserve|74:funding_collapse|93:flood:semiwild,0.015227773198538661,0.05082544008821321,0.01118511001067899,0.0018195316158692684,7.637818372938788e-05,0.0007532704182277107,9.59282767693716e-05,061410beed427066,44
S6,rule,False,804400,1.0,0.875,8,7,1200,1200,1,0.3333333333333333,1.0,68.0,796.6406492675274,0.7845511471018812,4.998392622084666,0.0,1.0,0,0,0,6002.561763227577,6002.561763227578,857.5088233182253,1.5,0.98,0.5506761058389276,4.878048780487805e-05,0.0,0.0,0.044710898090404405,1,33:funding_collapse|49:wildfire:origin|53:flood:reserve|74:funding_collapse|93:flood:semiwild,0.01600000000000001,0.02850095858223771,0.0,0.0,7.804878048780489e-06,0.0009400894378324872,0.0,061410beed427066,44
S7,forward_rollout_proxy,False,804400,1.0,0.875,8,7,1021,1021,0,0.0,0.0,,643.7696670710834,0.7649205364186714,4.603098279044548,0.008557235687754204,0.9914427643122458,24,0,0,5994.198167216631,5994.19816721663,856.3140238880902,1.5,0.98,0.5745898602871302,0.00034097843109848864,14.5,14.089454535624945,0.1840443874834236,2,33:funding_collapse|49:wildfire:origin|53:flood:reserve|74:funding_collapse|93:flood:semiwild,0.01568397844988074,0.03656846764738116,0.0031494385339490556,0.0003957800107275605,5.4556548975758174e-05,0.0008943932060062531,2.2467853906115183e-05,061410beed427066,44
S4,state_dependent_rule,False,804401,0.75,0.75,6,6,1039,1039,2,0.6666666666666666,1.0,33.5,443.8616736503723,0.6076060386384953,4.733006240316012,0.0010386317994803354,0.9989613682005196,57,0,0,6018.54615956275,6018.54615956275,1003.0910265937918,1.5,0.8148220161126872,0.4982453695105349,0.0005930564224730451,50.5,49.070169244762795,0.15966552748053017,1,7:funding_collapse|27:flood:origin|30:heatwave:alternative|34:flood:semiwild|72:flood:reserve|75:flood:semiwild|97:wildfire:reserve,0.014583714530381963,0.04819499454595875,0.08954145429684354,0.010963214798757009,9.48890275956872e-05,0.001097682523470049,8.987665546363414e-05,061410beed427066,44
S6,rule,False,804401,0.875,0.875,7,7,1181,1181,0,0.0,0.0,,813.9987080176165,0.785312397231789,5.503536553505896,0.0,1.0,0,0,0,6022.481889693003,6022.481889693003,860.354555670429,1.5,0.9158101337739541,0.5485108508053166,0.0007057342820897558,0.0,0.0,0.04072235946431124,2,7:funding_collapse|27:flood:origin|30:heatwave:alternative|34:flood:semiwild|72:flood:reserve|75:flood:semiwild|97:wildfire:reserve,0.01600000000000001,0.027625065857040287,0.0,0.0,0.00011291748513436094,0.0009496194260366042,0.0,061410beed427066,44
S7,forward_rollout_proxy,False,804401,0.625,0.625,5,5,1084,1084,2,0.6666666666666666,1.0,34.0,693.2104569563946,0.7631775907690667,6.544792104417634,0.0,1.0,29,0,0,6013.430148006738,6013.430148006738,1202.6860296013476,1.5,0.8901962218638362,0.46741592616689853,0.0006770634918711536,16.75,16.275749204946056,0.1584919146816926,1,7:funding_collapse|27:flood:origin|30:heatwave:alternative|34:flood:semiwild|72:flood:reserve|75:flood:semiwild|97:wildfire:reserve,0.01570473659089075,0.03325091374516838,0.0048273137625711,0.0008886090564944153,0.00010833015869938458,0.0009900213235591673,2.3244577316488855e-05,061410beed427066,44
S4,state_dependent_rule,False,804402,0.75,0.75,6,6,792,792,1,0.3333333333333333,1.0,17.0,675.9145168164661,0.7469343227137293,5.697228738294707,0.000506629975599801,0.9994933700244002,10,0,0,6032.236619075809,6032.236619075809,1005.3727698459683,1.5,0.9119532496250131,0.5142193745460785,0.0003010807940783823,19.25,18.704965504191748,0.14275881100315035,1,55:wildfire:semiwild|59:flood:alternative|74:wildfire:origin,0.01556855631378904,0.039122389511344495,0.008394719282576147,0.0013373614002596193,4.817292705254117e-05,0.0008824703734503207,3.143969665001952e-05,061410beed427066,44
S6,rule,False,804402,1.0,0.875,8,7,1171,1171,1,0.3333333333333333,1.0,84.0,845.4335001754989,0.7861085511376008,5.326632786608738,0.0,1.0,0,0,0,6037.522710113835,6037.522710113835,862.5032443019765,1.5,0.98,0.5541530808066125,0.00021808613656805885,0.0,0.0,0.045683764702625605,1,55:wildfire:semiwild|59:flood:alternative|74:wildfire:origin,0.01600000000000001,0.026925866317833023,0.0,0.0,3.489378185088942e-05,0.0009306887627148996,0.0,061410beed427066,44
S7,forward_rollout_proxy,False,804402,1.0,0.875,8,7,1048,1048,1,0.3333333333333333,1.0,76.0,730.5826198999252,0.7807266127565784,5.246082706849971,0.0,1.0,0,0,0,6028.625113532822,6028.625113532821,861.2321590761175,1.5,0.9717569064794565,0.5799335294785458,0.0003435817884851902,4.75,4.615510968566795,0.18273505881050242,1,55:wildfire:semiwild|59:flood:alternative|74:wildfire:origin,0.015991962317391292,0.03182379415278984,1.937754950464292e-05,2.8252643809759183e-05,5.4973086157630425e-05,0.000946574994163309,6.168040362312329e-06,061410beed427066,44
S4,state_dependent_rule,False,804403,0.875,0.75,7,6,998,998,1,0.3333333333333333,1.0,63.0,671.2981667930674,0.7837957172691529,5.678711436361978,0.0,1.0,9,0,0,5994.445153836495,5994.445153836495,999.0741923060824,1.5,0.9551550071450655,0.5182790361791988,0.0003143031764186487,9.5,9.23102193713359,0.14238210550536218,1,2:funding_collapse|21:heatwave:reserve|32:wildfire:alternative|36:funding_collapse|85:flood:reserve,0.0159919899856776,0.028717330460716863,6.094940628960812e-06,3.378533403452374e-05,5.0288508226983796e-05,0.0010441981461252962,1.7749751430030472e-05,061410beed427066,44
S6,rule,False,804403,1.0,1.0,8,8,1200,1200,0,0.0,0.0,,863.7597755606023,0.7871371349343189,6.0527303094506015,0.0,1.0,0,0,0,6004.536070390691,6004.536070390692,750.5670087988364,1.5,0.98,0.6177394204029052,0.00034095906167754946,0.0,0.0,0.04606058654199611,1,2:funding_collapse|21:heatwave:reserve|32:wildfire:alternative|36:funding_collapse|85:flood:reserve,0.01600000000000001,0.025874294520728723,0.0,0.0,5.4553449868407904e-05,0.0009340170950839659,0.0,061410beed427066,44
S7,forward_rollout_proxy,False,804403,0.75,0.625,6,5,1034,1034,2,0.6666666666666666,1.0,14.0,714.601832255226,0.7860514549690023,6.420303366808807,0.011892889861840155,0.9881071101381599,4,0,0,5995.2289525924825,5995.2289525924825,1199.0457905184965,1.5,0.98,0.4768938381975877,0.0002416479788396297,5.5,5.3442758583405,0.16720402264749837,1,2:funding_collapse|21:heatwave:reserve|32:wildfire:alternative|36:funding_collapse|85:flood:reserve,0.015949717785914422,0.02527472129387642,0.00019789521412436493,7.890656905103967e-05,3.866367661434075e-05,0.001055578668628346,9.738088121397602e-06,061410beed427066,44
S4,state_dependent_rule,False,804500,0.25,0.125,2,1,147,19,2,0.6666666666666666,1.0,20.5,84.71241191593303,0.44866153911199746,3.8984304528233813,0.0009684846638043755,0.9990315153361956,110,0,0,20167.92741024709,20167.92741024709,20167.92741024709,1.5,0.30196072729947543,0.13670712223432285,0.0021873755253997654,252.75,237.64449886560976,0.056383724880707496,1,16:flood:origin|22:funding_collapse|56:funding_collapse|61:flood:semiwild|69:wildfire:alternative|94:flood:origin,0.003616724395941149,0.07520368676546624,0.05101254863557518,0.01671251184692878,0.0003499800840639624,0.0010244986751989332,0.0016930476477053289,590670f568f8b437,45
S6,rule,False,804500,0.0,0.0,0,0,0,0,2,0.6666666666666666,1.0,31.0,58.511582386638565,0.2893319330694423,0.0,,,0,0,0,19984.634669759485,19984.63466975949,19984.634669759485,1.5,0.6699999999999999,0.06883859973588835,0.00010540202749618109,0.0,0.0,0.009192998679441818,1,16:flood:origin|22:funding_collapse|56:funding_collapse|61:flood:semiwild|69:wildfire:alternative|94:flood:origin,0.006560000000000005,0.04404880536232922,0.0,0.0,1.6864324399388973e-05,0.0003423972438291372,0.0,590670f568f8b437,45
S7,forward_rollout_proxy,False,804500,0.125,0.125,1,1,296,194,2,0.6666666666666666,1.0,25.0,94.13401527060932,0.5261284864608773,1.9739557518136348,0.012661031120964077,0.9873389688790359,256,0,0,20118.180568050055,20118.180568050055,20118.180568050055,1.5,0.4373870865681153,0.13067131719753433,0.002525856339561182,147.75,138.91978123597934,0.05471525511293214,1,16:flood:origin|22:funding_collapse|56:funding_collapse|61:flood:semiwild|69:wildfire:alternative|94:flood:origin,0.0072093366606348,0.0718856212435746,0.02576703984660484,0.018199778374991784,0.00040413701432978914,0.0011707330335686869,0.001391053555990463,590670f568f8b437,45
S4,state_dependent_rule,False,804501,0.25,0.25,2,2,421,211,2,0.6666666666666666,1.0,19.0,101.16115469029496,0.44377341211104515,3.814286123406367,0.0030596951286869494,0.996940304871313,203,0,0,20313.149224432193,20313.149224432193,10156.574612216096,1.5,0.36000000000000004,0.20132754808037132,0.004370805439114407,245.25,230.5927333206362,0.07342343423153819,1,48:flood:semiwild|52:flood:semiwild|78:wildfire:reserve|88:flood:origin,0.004043586356002537,0.07538566093430928,0.07320798453585653,0.011891254357561543,0.0006993288702583053,0.0007859869314237905,0.0014440032231590092,590670f568f8b437,45
S6,rule,False,804501,0.125,0.0,1,0,0,0,2,0.6666666666666666,1.0,31.0,85.34298164261043,0.3853649438545423,0.0,,,0,0,0,20149.80271872471,20149.80271872471,20149.80271872471,1.5,0.6538072569122978,0.06784028707901194,0.000138468367383652,0.0,0.0,0.012297806938910794,1,48:flood:semiwild|52:flood:semiwild|78:wildfire:reserve|88:flood:origin,0.008640000000000007,0.05377601020236747,0.0,0.0,2.215493878138432e-05,0.00039689100430902543,0.0,590670f568f8b437,45
S7,forward_rollout_proxy,False,804501,0.125,0.125,1,1,349,199,2,0.6666666666666666,1.0,27.0,122.72205914481253,0.5557352598284332,3.023332588676248,0.0005239401022540887,0.9994760598977459,238,0,0,20255.920785229693,20255.920785229693,20255.920785229693,1.5,0.3840242939486321,0.1372067461628763,0.001728419477280668,125.5,117.99954345255773,0.061604954406252944,1,48:flood:semiwild|52:flood:semiwild|78:wildfire:reserve|88:flood:origin,0.008125090342796121,0.06531401209928639,0.028172387357596466,0.012337152203449046,0.00027654711636490695,0.0008639833637497898,0.0009335541386088032,590670f568f8b437,45
S4,state_dependent_rule,False,804502,0.25,0.25,2,2,557,353,3,1.0,1.0,17.333333333333332,102.15579348497872,0.4552832085304147,3.4672445278277273,0.009529822757307852,0.9904701772426922,116,0,0,20129.67654798162,20129.67654798162,10064.83827399081,1.5,0.36000000000000004,0.19634233329981438,0.0031483699885059115,202.5,190.39766971428668,0.06584944010768548,0,12:wildfire:reserve|18:funding_collapse|32:funding_collapse|57:funding_collapse|94:funding_collapse,0.0040663272429713685,0.07203686147443233,0.06449674100622228,0.011880437466479512,0.0005037391981609458,0.0008031972038712582,0.0011801269953132234,590670f568f8b437,45
S6,rule,False,804502,0.125,0.0,1,0,0,0,3,1.0,1.0,29.666666666666668,84.49052687700468,0.3783717498909311,0.0,,,0,0,0,19843.19174949112,19843.19174949113,19843.19174949112,1.5,0.6424741302640261,0.06622399113461812,0.0001291269472955458,0.0,0.0,0.00988289054107747,0,12:wildfire:reserve|18:funding_collapse|32:funding_collapse|57:funding_collapse|94:funding_collapse,0.008480000000000007,0.05248445697762957,0.0,0.0,2.0660311567287333e-05,0.0005431328198720961,0.0,590670f568f8b437,45
S7,forward_rollout_proxy,False,804502,0.125,0.125,1,1,317,192,3,1.0,1.0,25.0,132.20796070057872,0.5588084083727505,4.0632809025110195,0.0014065967484593617,0.9985934032515407,192,0,0,19973.600019822727,19973.600019822727,19973.600019822727,1.5,0.36000000000000004,0.14485454102931775,0.0017728222940921504,132.75,124.8162501460322,0.05985866002103764,0,12:wildfire:reserve|18:funding_collapse|32:funding_collapse|57:funding_collapse|94:funding_collapse,0.008284001895085545,0.06547616793700942,0.028644257825907044,0.0090955271287221,0.0002836515670547442,0.000796916561048506,0.0008698317025085359,590670f568f8b437,45
S4,state_dependent_rule,False,804503,0.25,0.125,2,1,346,193,3,1.0,1.0,17.333333333333332,97.49160243068656,0.4771529942630277,3.9434745371895383,0.0,1.0,162,0,0,20152.527049258602,20152.527049258602,20152.527049258602,1.5,0.36000000000000004,0.1416701170420375,0.0037836395384178733,209.5,196.97931755626206,0.04992685835071048,0,7:flood:reserve|12:funding_collapse|16:funding_collapse|18:heatwave:origin|38:heatwave:semiwild|41:wildfire:semiwild|59:flood:origin|74:funding_collapse,0.004413290849239372,0.07145119635078696,0.0460595145385603,0.012352209076227541,0.00060538232614686,0.0008237427396581955,0.0013525298569436177,590670f568f8b437,45
S6,rule,False,804503,0.0,0.0,0,0,0,0,3,1.0,1.0,24.0,51.28054828705421,0.2854322032448518,0.0,,,0,0,0,19815.47750096326,19815.47750096326,19815.47750096326,1.5,0.6653323242069811,0.06809547050077489,0.0004309818982061797,0.0,0.0,0.007811190400383862,0,7:flood:reserve|12:funding_collapse|16:funding_collapse|18:heatwave:origin|38:heatwave:semiwild|41:wildfire:semiwild|59:flood:origin|74:funding_collapse,0.006560000000000005,0.047833956589093465,0.0,0.0,6.895710371298876e-05,0.00040488306234175527,0.0,590670f568f8b437,45
S7,forward_rollout_proxy,False,804503,0.125,0.125,1,1,167,165,3,1.0,1.0,20.666666666666668,78.74749217017619,0.5756677540133842,1.0,0.3250249015166475,0.6749750984833525,145,0,0,19935.469873725207,19935.469873725207,19935.469873725207,1.5,0.36000000000000004,0.11255154677451715,0.0024390031898799906,82.25,77.33436214321017,0.05150773387258571,0,7:flood:reserve|12:funding_collapse|16:funding_collapse|18:heatwave:origin|38:heatwave:semiwild|41:wildfire:semiwild|59:flood:origin|74:funding_collapse,0.008237024524211062,0.06542569222949031,0.007905398553683855,0.009165686929374334,0.00039024051038079864,0.0008676196909600416,0.0013181300983617042,590670f568f8b437,45
S4,state_dependent_rule,False,804600,0.5,0.5,4,4,1137,1137,2,0.6666666666666666,1.0,32.5,397.09857958737723,0.6467603862534448,4.47153900237435,0.0017528188507132732,0.9982471811492867,41,0,0,7606.620020364644,7606.620020364645,1901.655005091161,0.7125865575933108,0.6769168287152182,0.36074199564383613,0.0009924185018730482,68.25,1.6837948408660355,0.11667461374285384,1,4:heatwave:reserve|32:heatwave:semiwild|37:heatwave:origin|71:wildfire:alternative|79:funding_collapse|86:funding_collapse,0.01486417041014274,0.04801171691575865,0.11253923319360905,0.010728420126160083,0.0001587869602996877,0.001077396606576611,4.722978663961383e-06,51eb4731a1dab970,46
S6,rule,False,804600,0.875,0.875,7,7,1200,1200,1,0.3333333333333333,1.0,29.0,814.7445747981404,0.786820417573091,5.385093267899413,0.0,1.0,0,0,0,8202.065667591192,8202.065667591194,1171.7236667987418,1.5,0.98,0.5557726627164916,0.0002868691320176076,0.0,0.0,0.05085865018748717,2,4:heatwave:reserve|32:heatwave:semiwild|37:heatwave:origin|71:wildfire:alternative|79:funding_collapse|86:funding_collapse,0.01600000000000001,0.026140820888631688,0.0,0.0,4.589906112281722e-05,0.000992862477154815,0.0,51eb4731a1dab970,46
S7,forward_rollout_proxy,False,804600,1.0,0.75,8,6,893,893,0,0.0,0.0,,610.5316983729374,0.7709811781230858,5.338882188828161,0.0003106042974631268,0.9996893957025369,10,0,0,8111.963492749983,8111.963492749983,1351.9939154583305,1.5,0.9277685763324811,0.5236005621743083,0.00025563850713181656,24.0,0.5921036803045401,0.19967441326389296,3,4:heatwave:reserve|32:heatwave:semiwild|37:heatwave:origin|71:wildfire:alternative|79:funding_collapse|86:funding_collapse,0.01593209883020275,0.04190062578033201,0.0004714119922637423,0.0001302592397772537,4.090216114109065e-05,0.000948738194120887,9.909584278140122e-07,51eb4731a1dab970,46
S4,state_dependent_rule,False,804601,0.75,0.625,6,5,1091,1091,0,0.0,0.0,,403.7197607461604,0.7449277737755677,3.672550034258768,0.00531431739605234,0.9946856826039476,140,0,0,7791.607118478627,7791.607118478628,1558.3214236957253,1.1231185343407113,0.7013547341557148,0.41582370481678194,0.0014380664810089453,89.5,2.2080533078023454,0.13856365529311385,3,21:wildfire:reserve|29:funding_collapse|58:funding_collapse|58:heatwave:semiwild|66:flood:reserve,0.016059044131403365,0.05631453623711329,0.0053866974066263075,0.0010687894904856472,0.00023009063696143131,0.0008950037146640276,5.286238619438718e-06,51eb4731a1dab970,46
S6,rule,False,804601,0.875,0.875,7,7,1187,1187,0,0.0,0.0,,850.2042299635459,0.7874929627993066,5.672665473713008,0.0,1.0,0,0,0,8212.322385209523,8212.322385209523,1173.188912172789,1.5,0.98,0.5592862216556089,0.0003067677800087617,0.0,0.0,0.05404783459239414,3,21:wildfire:reserve|29:funding_collapse|58:funding_collapse|58:heatwave:semiwild|66:flood:reserve,0.01600000000000001,0.02547273209283118,0.0,0.0,4.9082844801401864e-05,0.000985222263060969,0.0,51eb4731a1dab970,46
S7,forward_rollout_proxy,False,804601,0.875,0.875,7,7,1189,1189,0,0.0,0.0,,790.8739702954822,0.7827116259521041,5.748377367944481,0.0,1.0,4,0,0,8154.669096461712,8154.669096461713,1164.9527280659588,1.5,0.964103691970886,0.5895177829325315,0.00040427500118699804,8.5,0.2097033867745246,0.2093682002799911,3,21:wildfire:reserve|29:funding_collapse|58:funding_collapse|58:heatwave:semiwild|66:flood:reserve,0.015988320772616034,0.030330900314619887,1.259423455424502e-05,2.9720044714710223e-05,6.46840001899197e-05,0.0009331515686036302,2.985690980401649e-07,51eb4731a1dab970,46
S4,state_dependent_rule,False,804602,0.375,0.25,3,2,341,341,3,1.0,1.0,35.333333333333336,181.40914057511208,0.7357416376381798,2.468824940047962,0.0031233964023163964,0.9968766035976836,59,0,0,7727.139745564366,7727.139745564365,3863.569872782183,1.077036018130076,0.5166458942879567,0.20312084747259415,0.0011343485884516774,42.5,1.048516933872623,0.07134004321659414,0,8:flood:origin|14:flood:reserve|19:flood:semiwild|67:flood:semiwild|72:flood:reserve|82:heatwave:origin|96:wildfire:reserve,0.01650116942681132,0.05258603142418454,0.0003886143293225385,0.0006533297266247003,0.00018149577415226844,0.0013004422342796837,1.0860814035620967e-05,51eb4731a1dab970,46
S6,rule,False,804602,1.0,1.0,8,8,1200,1200,0,0.0,0.0,,813.0426535658169,0.7830952497038759,5.312822401320993,0.0,1.0,0,0,0,8237.142348656771,8237.142348656771,1029.6427935820964,1.5,0.9507302109827326,0.6074493742416036,0.00012055380326280846,0.0,0.0,0.04624064565060252,1,8:flood:origin|14:flood:reserve|19:flood:semiwild|67:flood:semiwild|72:flood:reserve|82:heatwave:origin|96:wildfire:reserve,0.01600000000000001,0.02994882599421586,0.0,0.0,1.9288608522049355e-05,0.000936635693386233,0.0,51eb4731a1dab970,46
S7,forward_rollout_proxy,False,804602,0.625,0.625,5,5,479,479,2,0.6666666666666666,1.0,20.5,397.02898556470706,0.7499801945789263,3.2053600809693976,0.06861709902273204,0.931382900977268,27,0,0,8037.312629503313,8037.3126295033135,1607.4625259006625,1.3147817459123556,0.7774839841205713,0.4174091899097876,0.0006105917858699564,35.5,0.8758200271171325,0.1317859534401823,0,8:flood:origin|14:flood:reserve|19:flood:semiwild|67:flood:semiwild|72:flood:reserve|82:heatwave:origin|96:wildfire:reserve,0.015637571366113732,0.054318388887563955,0.009539710033301854,0.0010493016942156,9.769468573919307e-05,0.0009658589268523796,2.540401070930965e-06,51eb4731a1dab970,46
S4,state_dependent_rule,False,804603,0.875,0.75,7,6,1200,1199,1,0.3333333333333333,1.0,58.0,418.60770708376634,0.6056155297812709,4.511404405391911,0.0021530687526393065,0.9978469312473607,40,0,0,7620.496781174309,7620.496781174309,1270.0827968623848,0.6867371085036149,0.6699999999999999,0.4823355296997645,0.0006642000677969913,77.25,1.905833720980237,0.16360742822922686,2,3:funding_collapse|14:funding_collapse|90:wildfire:origin,0.01432081208175871,0.046097085420123855,0.1595705178701334,0.012574615820960618,0.00010627201084751856,0.0010411496948570286,3.424794714011286e-06,51eb4731a1dab970,46
S6,rule,False,804603,1.0,1.0,8,8,693,693,0,0.0,0.0,,827.0996147352387,0.7826195698084044,5.089840382906302,0.041688093734239755,0.9583119062657602,0,0,0,8222.184471084342,8222.184471084343,1027.7730588855427,1.5,0.9321507468134382,0.6050478906518503,0.0,0.0,0.0,0.054672060707216835,3,3:funding_collapse|14:funding_collapse|90:wildfire:origin,0.01600000000000001,0.030445727277868997,0.0,0.0,0.0,0.0009347029137268077,0.0,51eb4731a1dab970,46
S7,forward_rollout_proxy,False,804603,0.875,0.75,7,6,564,564,0,0.0,0.0,,763.7066081903336,0.7688822153148085,4.867589616472212,0.0011536693625633042,0.9988463306374367,7,0,0,8097.564746500304,8097.564746500304,1349.5941244167172,1.4481387896782691,0.8510856329714255,0.5092739283122931,5.404469185257363e-05,16.25,0.40090353353953223,0.18994734425214183,3,3:funding_collapse|14:funding_collapse|90:wildfire:origin,0.01556343275582842,0.03665092272546738,0.009499415165743647,0.0012860267742157419,8.647150696411779e-06,0.0008892970161362856,6.354274481475296e-07,51eb4731a1dab970,46
S4,state_dependent_rule,False,804700,0.375,0.375,3,3,440,0,2,0.6666666666666666,1.0,21.5,162.14166879713142,0.5336418784392787,3.496879537961379,0.0015662375349756142,0.9984337624650244,86,0,0,18091.340883018718,18091.340883018718,6030.44696100624,0.0,0.05000000000000001,0.22733460395881275,0.003124238182143913,251.0,216.59271808244677,0.09307904289599472,1,1:funding_collapse|38:flood:origin|54:funding_collapse|55:heatwave:semiwild|70:funding_collapse|76:wildfire:origin|99:wildfire:origin,0.0034651252087096224,0.07874670304548409,0.11613834425814185,0.010752334037770333,0.0004998781091430259,0.0006309264511262362,0.0009716176336853171,2797d63816cf6bbf,47
S6,rule,False,804700,1.0,0.875,8,7,515,515,0,0.0,0.0,,696.8759775735496,0.772116220579621,4.09159173577072,0.0,1.0,0,0,0,22596.07687339249,22596.076873392492,3228.0109819132126,1.5,0.8616941315923828,0.5320223153787266,5.16795865633075e-05,0.0,0.0,0.05593492430890527,3,1:funding_collapse|38:flood:origin|54:funding_collapse|55:heatwave:semiwild|70:funding_collapse|76:wildfire:origin|99:wildfire:origin,0.01600000000000001,0.04091887915780286,0.0,0.0,8.2687338501292e-06,0.0009566315287257951,0.0,2797d63816cf6bbf,47
S7,forward_rollout_proxy,False,804700,0.5,0.375,4,3,374,53,2,0.6666666666666666,1.0,21.0,234.58518692532837,0.6117674947933509,4.977678777535495,0.0011947696670230213,0.998805230332977,194,0,0,19116.851221463618,19116.85122146362,6372.283740487873,0.0,0.3407767310338043,0.27938770713047467,0.0016556255733025137,199.75,172.36810931063246,0.1339162312586965,1,1:funding_collapse|38:flood:origin|54:funding_collapse|55:heatwave:semiwild|70:funding_collapse|76:wildfire:origin|99:wildfire:origin,0.009975559461358622,0.07730676199960039,0.09292874532155393,0.01516656083357268,0.00026490009172840215,0.0008476103637271218,0.000555140712043721,2797d63816cf6bbf,47
S4,state_dependent_rule,False,804701,0.25,0.125,2,1,170,0,2,0.6666666666666666,1.0,13.0,107.06027561416141,0.5905437189290685,5.727308759413397,0.00086669670001955,0.9991333032999804,92,0,0,18128.54915466546,18128.54915466546,18128.54915466546,0.0,0.05000000000000001,0.13003975213729263,0.004811252149152208,238.25,205.59049833921503,0.05758332271579324,1,88:heatwave:semiwild|98:wildfire:origin,0.0032646204899019495,0.07511186001802068,0.05354628017615017,0.014814241419857361,0.0007698003438643536,0.0009471002257670631,0.0014279273657601852,2797d63816cf6bbf,47
S6,rule,False,804701,0.875,0.875,7,7,817,817,1,0.3333333333333333,1.0,26.0,789.0897124431544,0.7835882507163362,5.230627575985112,0.0,1.0,0,0,0,22823.978233182366,22823.978233182374,3260.5683190260524,1.5,0.8631588578685833,0.5432705417750887,0.00031787276653753497,0.0,0.0,0.0544919011418964,2,88:heatwave:semiwild|98:wildfire:origin,0.01600000000000001,0.029486252602110765,0.0,0.0,5.085964264600559e-05,0.0008746370389073364,0.0,2797d63816cf6bbf,47
S7,forward_rollout_proxy,False,804701,0.375,0.375,3,3,257,61,0,0.0,0.0,,206.15607543478302,0.642216335203495,3.893217093251908,0.004477785824945014,0.9955222141750549,197,0,0,19625.133333831687,19625.133333831687,6541.711111277229,0.0,0.3710141948364105,0.2679016474380304,0.002573436290529761,177.25,152.9524274108116,0.11559028510935121,3,88:heatwave:semiwild|98:wildfire:origin,0.011233555516335916,0.07736021373425422,0.07891202109510542,0.009022925349239267,0.0004117498064847616,0.0005924922133262913,0.0006143003351805017,2797d63816cf6bbf,47
S4,state_dependent_rule,False,804702,0.25,0.25,2,2,264,0,2,0.6666666666666666,1.0,23.5,133.19591073223614,0.5685379844097223,3.5522380998572203,0.003585007248885134,0.9964149927511149,73,0,0,18337.691611742,18337.691611742,9168.845805871,0.0,0.05000000000000001,0.16817639250362718,0.002457531380895786,246.75,212.92531150136955,0.07577005752527483,1,48:flood:reserve,0.0036071066324960864,0.07697601713021923,0.08423024597799346,0.013522603753483419,0.00039320502094332584,0.0007512606238247097,0.0010878832788473519,2797d63816cf6bbf,47
S6,rule,False,804702,0.875,0.875,7,7,1172,1172,1,0.3333333333333333,1.0,23.0,827.0920705249644,0.7853572769400617,6.227888340573133,0.0,1.0,0,0,0,22812.60046494427,22812.600464944273,3258.942923563467,1.5,0.98,0.5643764212150778,0.00017997704605797916,0.0,0.0,0.05173768904673246,2,48:flood:reserve,0.01600000000000001,0.02766562392161293,0.0,0.0,2.8796327369276666e-05,0.0009483028109562244,0.0,2797d63816cf6bbf,47
S7,forward_rollout_proxy,False,804702,0.5,0.25,4,2,173,0,3,1.0,1.0,30.333333333333332,140.62646461660447,0.6113155178964395,4.20242656449553,0.003176063952133043,0.996823936047867,92,0,0,18933.72347741982,18933.72347741982,9466.86173870991,0.0,0.24995533025836295,0.19946210038011486,0.003239799609650025,152.25,131.3794475221216,0.09971150854661638,0,48:flood:reserve,0.007112566184252238,0.07622808944985734,0.07270923645002168,0.014982005606520648,0.0005183679375440041,0.0008130222963398668,0.0007514142191018988,2797d63816cf6bbf,47
S4,state_dependent_rule,False,804703,0.25,0.25,2,2,134,0,1,0.3333333333333333,1.0,18.0,104.77099973352192,0.5870079713457382,2.734326967862133,0.0006067753720538916,0.9993932246279461,128,0,0,18115.887520552766,18115.887520552766,9057.943760276383,0.0,0.05000000000000001,0.15999886722176151,0.005179726783033537,276.5,238.59715756891046,0.0757779877157009,2,78:funding_collapse|80:heatwave:alternative|99:flood:semiwild,0.0033216339569513923,0.08292239087379122,0.05456500368654718,0.010440394408927758,0.0008287562852853658,0.0006731035261298467,0.0017911451578162024,2797d63816cf6bbf,47
S6,rule,False,804703,1.0,0.875,8,7,1200,1200,0,0.0,0.0,,828.1943157753989,0.7849934731951607,5.107793577920702,0.0,1.0,0,0,0,22754.57285240037,22754.57285240038,3250.6532646286246,1.5,0.98,0.5545796056832794,0.00034449740403438595,0.0,0.0,0.05875834952036202,3,78:funding_collapse|80:heatwave:alternative|99:flood:semiwild,0.01600000000000001,0.02798387795401013,0.0,0.0,5.511958464550174e-05,0.000967529266183743,0.0,2797d63816cf6bbf,47
S7,forward_rollout_proxy,False,804703,0.5,0.5,4,4,347,168,1,0.3333333333333333,1.0,17.0,200.34375706019352,0.6344520288789193,2.8497631211808008,0.00483070148567606,0.9951692985143239,291,0,0,19853.585881729126,19853.585881729126,4963.396470432282,0.1249074395207838,0.3043634857039443,0.3125383037705065,0.002005906242783194,191.25,165.0332961484781,0.1430216199415203,2,78:funding_collapse|80:heatwave:alternative|99:flood:semiwild,0.011314673561149577,0.07789869976686345,0.07794978724199565,0.015967837091901943,0.00032094499884531113,0.0009263189760811408,0.0006652062438612542,2797d63816cf6bbf,47
S4,state_dependent_rule,False,804800,0.625,0.5,5,4,763,763,3,1.0,1.0,39.333333333333336,275.75271066855294,0.5501480295370264,4.003996087581013,0.0,1.0,32,0,0,5827.799080902512,5827.799080902512,1456.949770225628,1.5,0.6699999999999999,0.35544379747199323,0.0005122523794900405,34.25,26.564309590984852,0.11701918298091539,0,12:flood:alternative|39:wildfire:origin|51:flood:alternative,0.01348949715318861,0.04508010612749836,0.2080418747061401,0.019856648005535285,8.196038071840649e-05,0.0009429059355315542,8.238849028574649e-05,1307d3e0f02366ef,48
S6,rule,False,804800,0.875,0.75,7,6,1063,1063,2,0.6666666666666666,1.0,45.0,648.8256110889074,0.7765214816377893,5.054224338170493,0.029264461843086124,0.9707355381569138,0,0,0,5854.746368427809,5854.746368427809,975.7910614046349,1.5,0.9793177493874552,0.4946222309863544,0.0003174491896647119,0.0,0.0,0.04324106332951949,1,12:flood:alternative|39:wildfire:origin|51:flood:alternative,0.01600000000000001,0.036478793027069994,0.0,0.0,5.079187034635391e-05,0.0009489334647943782,0.0,1307d3e0f02366ef,48
S7,forward_rollout_proxy,False,804800,0.875,0.75,7,6,996,996,2,0.6666666666666666,1.0,36.5,313.27737486362906,0.5579552145199469,2.8408692407590865,0.051460337742169404,0.9485396622578306,6,0,0,5830.438225910694,5830.438225910694,971.7397043184491,1.5,0.686473044737336,0.469763353533979,0.0006661850720699282,26.5,20.553407420762003,0.1760367832632725,1,12:flood:alternative|39:wildfire:origin|51:flood:alternative,0.013899154362347576,0.04367451125127915,0.20620749496713206,0.013673305162381957,0.00010658961153118846,0.0009099688146348394,5.687802289195456e-05,1307d3e0f02366ef,48
S4,state_dependent_rule,False,804801,0.625,0.5,5,4,729,729,2,0.6666666666666666,1.0,29.0,343.46912952351187,0.658726976125163,3.2511108491905816,0.0003445654845380329,0.999655434515462,130,0,0,5775.028050446573,5775.028050446573,1443.7570126116432,1.5,0.5545972272638028,0.33823705844781726,0.0009239975087123955,66.0,51.18961848189782,0.12633113614765562,1,8:funding_collapse|18:funding_collapse|41:wildfire:reserve|45:funding_collapse|66:funding_collapse|71:wildfire:semiwild|94:heatwave:reserve|98:heatwave:semiwild,0.014528051172666902,0.056401900424705546,0.0874912575183413,0.012661216864477774,0.00014783960139398323,0.0009052596714633749,0.00013706201156235952,1307d3e0f02366ef,48
S6,rule,False,804801,1.0,0.875,8,7,1145,1145,0,0.0,0.0,,790.4138277235849,0.7862838817795612,5.442859266059971,0.02884761880670792,0.9711523811932921,0,0,0,5797.84411435947,5797.844114359471,828.2634449084957,1.5,0.9240247925573039,0.5513241366675492,0.0003675656061931765,0.0,0.0,0.05371532375609556,3,8:funding_collapse|18:funding_collapse|41:wildfire:reserve|45:funding_collapse|66:funding_collapse|71:wildfire:semiwild|94:heatwave:reserve|98:heatwave:semiwild,0.01600000000000001,0.02669083606479569,0.0,0.0,5.881049699090823e-05,0.0009664716586525328,0.0,1307d3e0f02366ef,48
S7,forward_rollout_proxy,False,804801,0.625,0.5,5,4,442,442,1,0.3333333333333333,1.0,43.0,431.80159321102764,0.7479280775388537,3.7407088706923264,0.003308692455230926,0.9966913075447691,18,0,0,5776.599270460099,5776.5992704600985,1444.1498176150249,1.5,0.703091672547993,0.3625229223487505,0.0004920734442562799,37.5,29.085010501078305,0.1490333319351396,2,8:funding_collapse|18:funding_collapse|41:wildfire:reserve|45:funding_collapse|66:funding_collapse|71:wildfire:semiwild|94:heatwave:reserve|98:heatwave:semiwild,0.01593173362038927,0.05250556554756992,0.00816837168895901,0.0011364149104842335,7.873175108100478e-05,0.0009371129554792614,6.097098951549865e-05,1307d3e0f02366ef,48
S4,state_dependent_rule,False,804802,0.75,0.375,6,3,516,516,3,1.0,1.0,38.666666666666664,274.25995870166605,0.7241879914068806,3.556799284254619,0.0019423560880898938,0.9980576439119101,122,0,0,5805.897363988262,5805.897363988262,1935.2991213294208,1.5,0.3778271999412041,0.26556106504807975,0.0005536670635898515,56.25,43.62751575161746,0.11730176105706554,0,39:funding_collapse|41:wildfire:reserve|53:flood:semiwild|54:heatwave:semiwild|68:flood:reserve|77:flood:reserve|78:wildfire:origin|83:funding_collapse|85:wildfire:reserve,0.015522612085509304,0.05868654759824312,0.021426094375760332,0.0022027701973762435,8.858673017437621e-05,0.000680273272796994,0.00017856600217852622,1307d3e0f02366ef,48
S6,rule,False,804802,0.875,0.875,7,7,219,219,0,0.0,0.0,,672.4858974441129,0.7722165713776148,3.6322751545134153,0.011292571428571428,0.9887074285714286,0,0,0,5827.7954045185215,5827.795404518522,832.542200645503,1.5,0.8269354506903817,0.5198926555164546,0.00010702673410404624,0.0,0.0,0.03563179451141151,1,39:funding_collapse|41:wildfire:reserve|53:flood:semiwild|54:heatwave:semiwild|68:flood:reserve|77:flood:reserve|78:wildfire:origin|83:funding_collapse|85:wildfire:reserve,0.01600000000000001,0.040869851147584374,0.0,0.0,1.71242774566474e-05,0.0008964531973442837,0.0,1307d3e0f02366ef,48
S7,forward_rollout_proxy,False,804802,0.75,0.5,6,4,313,313,3,1.0,1.0,51.0,397.0470109239379,0.7507113276182433,2.3146000824858723,0.0028924638307081503,0.9971075361692918,38,0,0,5806.729270957207,5806.729270957207,1451.6823177393017,1.5,0.48012984726003616,0.323669032628382,0.0002889761936926379,29.75,23.074108330855456,0.13755023538759809,0,39:funding_collapse|41:wildfire:reserve|53:flood:semiwild|54:heatwave:semiwild|68:flood:reserve|77:flood:reserve|78:wildfire:origin|83:funding_collapse|85:wildfire:reserve,0.016350436739450806,0.05558992121844377,0.00021888781348772398,0.00018397154391869817,4.6236190990822064e-05,0.0008651198643026156,6.615934697611941e-05,1307d3e0f02366ef,48
S4,state_dependent_rule,False,804803,0.75,0.75,6,6,1084,1084,2,0.6666666666666666,1.0,22.5,301.87152554733416,0.5039058364911522,4.757907885683555,0.00013878735199193606,0.9998612126480081,18,0,0,5782.814883102299,5782.814883102299,963.8024805170498,1.5,0.6699999999999999,0.485128942428001,0.00033487782609004937,51.5,39.943414421480874,0.16524931785582714,1,24:wildfire:alternative|75:funding_collapse|80:funding_collapse|81:funding_collapse,0.013632441828506934,0.04552989906331477,0.25612684805749375,0.016844726438812255,5.358045217440789e-05,0.0009273038008468029,8.432259538986875e-05,1307d3e0f02366ef,48
S6,rule,False,804803,1.0,1.0,8,8,1200,1200,0,0.0,0.0,,846.9926254269728,0.785533150340396,5.288653484078546,0.0,1.0,0,0,0,5806.742232184115,5806.742232184115,725.8427790230144,1.5,0.9793177493874552,0.6127858099356687,0.00028174251895380227,0.0,0.0,0.059837500780688245,3,24:wildfire:alternative|75:funding_collapse|80:funding_collapse|81:funding_collapse,0.01600000000000001,0.02750707725027743,0.0,0.0,4.5078803032608364e-05,0.0009146936062941313,0.0,1307d3e0f02366ef,48
S7,forward_rollout_proxy,False,804803,0.625,0.625,5,5,449,449,1,0.3333333333333333,1.0,32.0,492.95202988847484,0.706203433535627,4.139318577737987,0.00222015648,0.99777984352,0,0,0,5791.827186806217,5791.827186806217,1158.3654373612433,1.5,0.7904297847227498,0.43588907240814784,0.00037904135243480746,33.25,25.788709310956097,0.17101454079246475,2,24:wildfire:alternative|75:funding_collapse|80:funding_collapse|81:funding_collapse,0.014637044947759652,0.05006949625958873,0.058771660007033,0.0035575765695254474,6.06466163895692e-05,0.0007976004741552504,5.19245678936871e-05,1307d3e0f02366ef,48
S4,state_dependent_rule,False,804900,0.25,0.25,2,2,498,400,3,1.0,1.0,17.333333333333332,204.40914079313097,0.6202380052829836,2.7100811196429517,0.00930532778905368,0.9906946722109463,438,0,0,17540.35594539731,17540.35594539731,8770.177972698655,1.5,0.5246594879038246,0.20716071187980709,0.0029282865033848616,192.0,395.66359823542746,0.07546975946497539,0,6:flood:origin|24:funding_collapse|29:wildfire:origin,0.011035775458570119,0.06531682568890583,0.0444918080760762,0.01090650329842458,0.0004685258405415779,0.0006661626402592561,0.0017605119323816096,2af55f4ed3ec28d7,49
S6,rule,False,804900,0.0,0.0,0,0,0,0,3,1.0,1.0,15.666666666666666,30.31236369174151,0.20072823984456278,0.0,,,0,0,0,17347.465638828773,17347.465638828777,17347.465638828773,1.5,0.6699999999999999,0.06827792739964979,0.0004315607412663219,0.0,0.0,0.006389636998248965,0,6:flood:origin|24:funding_collapse|29:wildfire:origin,0.0046400000000000035,0.03498306588833465,0.0,0.0,6.90497186026115e-05,0.0002796445485000105,0.0,2af55f4ed3ec28d7,49
S7,forward_rollout_proxy,False,804900,0.25,0.25,2,2,615,615,3,1.0,1.0,16.666666666666668,195.643577100723,0.599830967761251,3.8312647022542263,0.0,1.0,198,0,0,17508.856221118895,17508.856221118895,8754.428110559447,1.5,0.593461904823631,0.2259790980372812,0.001836438330315525,76.25,157.13202794505906,0.07910130266187901,0,6:flood:origin|24:funding_collapse|29:wildfire:origin,0.01334596763447658,0.059932070574842324,0.0971120114802701,0.00929180691249722,0.00029383013285048395,0.0005231840086603014,0.000770751813770496,2af55f4ed3ec28d7,49
S4,state_dependent_rule,False,804901,0.375,0.375,3,3,673,539,2,0.6666666666666666,1.0,21.5,257.00192545961687,0.6496006148479906,3.8961589742823812,0.003918547051034146,0.9960814529489659,546,0,0,17514.524050868797,17514.524050868797,5838.174683622932,1.5,0.4604505635899659,0.271953734689526,0.003328531968583791,234.5,483.24538430316557,0.09098544293852782,1,52:heatwave:reserve|55:heatwave:semiwild|81:flood:origin,0.011602605033247908,0.06094271751797475,0.022653074089918665,0.010741647892160804,0.0005325651149734065,0.0012971596987549029,0.0019804348323450376,2af55f4ed3ec28d7,49
S6,rule,False,804901,0.625,0.0,5,0,0,0,2,0.6666666666666666,1.0,42.0,142.88436398842444,0.5194473116072771,0.0,,,0,0,0,17471.45799973846,17471.45799973846,17471.45799973846,1.5,0.6699999999999999,0.07067960269124263,0.0003027558560217334,0.0,0.0,0.018398013456213207,1,52:heatwave:reserve|55:heatwave:semiwild|81:flood:origin,0.011520000000000008,0.06596952753784137,0.0,0.0,4.844093696347736e-05,0.0006147199179181238,0.0,2af55f4ed3ec28d7,49
S7,forward_rollout_proxy,False,804901,0.625,0.375,5,3,554,554,2,0.6666666666666666,1.0,28.5,262.1736028536397,0.7115635997238254,3.804097880975321,0.0013789761778858357,0.9986210238221142,261,0,0,17463.292372278735,17463.292372278735,5821.097457426245,1.5,0.528941767711376,0.28422922401334866,0.0016271916227872038,109.75,226.16708284551123,0.12272034216228916,1,52:heatwave:reserve|55:heatwave:semiwild|81:flood:origin,0.016062982890955584,0.051107474629650824,0.013848751643066738,0.0075262227047877385,0.0002603506596459526,0.0010818620303831871,0.0009886168696311118,2af55f4ed3ec28d7,49
S4,state_dependent_rule,False,804902,0.25,0.125,2,1,200,0,3,1.0,1.0,29.0,172.67106922781696,0.5566247644036214,6.146281499692686,0.00010223675571987981,0.9998977632442801,280,0,0,17462.44882575488,17462.44882575488,17462.44882575488,1.5,0.19963175686030735,0.1526193528587063,0.0037862331411111206,257.5,530.6425861751177,0.07471681087874348,0,14:heatwave:alternative|36:flood:origin|39:flood:alternative|49:funding_collapse|64:wildfire:alternative|76:heatwave:reserve|78:wildfire:alternative,0.007827795300081531,0.07493737259921095,0.06279358980348697,0.021125277336963916,0.0006057973025777793,0.0012255956802759344,0.0021438587656009912,2af55f4ed3ec28d7,49
S6,rule,False,804902,0.25,0.0,2,0,0,0,3,1.0,1.0,38.333333333333336,120.00027118328306,0.4008494427124741,0.0,,,0,0,0,17404.66877504998,17404.66877504998,17404.66877504998,1.5,0.5596422615661036,0.05849903448854753,0.00012949365905030928,0.0,0.0,0.012674041659685796,0,14:heatwave:alternative|36:flood:origin|39:flood:alternative|49:funding_collapse|64:wildfire:alternative|76:heatwave:reserve|78:wildfire:alternative,0.008960000000000006,0.05442808987033669,0.0,0.0,2.071898544804949e-05,0.0005417484317411911,0.0,2af55f4ed3ec28d7,49
S7,forward_rollout_proxy,False,804902,0.375,0.25,3,2,168,0,3,1.0,1.0,32.0,162.7274114845954,0.5603702280796007,3.3229724249797243,0.007723670292072097,0.9922763297079279,113,0,0,17410.792435086096,17410.792435086096,8705.396217543048,1.5,0.309113015755972,0.19647667154063894,0.002721404021480943,126.25,260.1694233188683,0.09917822857622242,0,14:heatwave:alternative|36:flood:origin|39:flood:alternative|49:funding_collapse|64:wildfire:alternative|76:heatwave:reserve|78:wildfire:alternative,0.011015216343989219,0.07298552400389881,0.09434057276495723,0.024663580230277503,0.000435424643436951,0.0012347412942771024,0.0013195272642193667,2af55f4ed3ec28d7,49
S4,state_dependent_rule,False,804903,0.375,0.25,3,2,322,0,2,0.6666666666666666,1.0,28.5,142.50990452768605,0.5285879173439283,4.0874019578760015,0.00017786381035175616,0.9998221361896482,93,0,0,17439.78855688403,17439.788556884025,8719.894278442014,1.5,0.2683666278610252,0.1962761121113458,0.004569213240717475,250.75,516.7325377996534,0.08032714873241634,1,19:flood:alternative|21:heatwave:semiwild|27:funding_collapse|28:heatwave:reserve|31:flood:alternative|83:funding_collapse|86:wildfire:reserve|96:flood:semiwild,0.004674701977950132,0.07643692746202231,0.07080490247260057,0.011370308776474505,0.000731074118514796,0.0007350159047186949,0.002500436774536495,2af55f4ed3ec28d7,49
S6,rule,False,804903,0.5,0.0,4,0,0,0,2,0.6666666666666666,1.0,22.0,133.69085447000379,0.5381125636192529,0.0,,,0,0,0,17353.32243439354,17353.32243439354,17353.32243439354,1.5,0.5658159401364812,0.060269542581152934,0.00029288828928666075,0.0,0.0,0.018439742837524063,1,19:flood:alternative|21:heatwave:semiwild|27:funding_collapse|28:heatwave:reserve|31:flood:alternative|83:funding_collapse|86:wildfire:reserve|96:flood:semiwild,0.012000000000000009,0.07176247494000436,0.0,0.0,4.686212628586572e-05,0.0005780993144569293,0.0,2af55f4ed3ec28d7,49
S7,forward_rollout_proxy,False,804903,0.375,0.125,3,1,257,110,1,0.3333333333333333,1.0,32.0,139.6017854254288,0.5847211075386878,5.459046202165468,0.00560304960087132,0.9943969503991287,180,0,0,17357.267111876245,17357.267111876245,17357.267111876245,1.5,0.3407959464398642,0.16241759970910957,0.003284586444447057,167.75,345.69046147913,0.08748771521734222,2,19:flood:alternative|21:heatwave:semiwild|27:funding_collapse|28:heatwave:reserve|31:flood:alternative|83:funding_collapse|86:wildfire:reserve|96:flood:semiwild,0.006712346290156872,0.0765361906197776,0.03436838048623063,0.010611339336190828,0.0005255338311115293,0.0007830199803331014,0.002266345340793156,2af55f4ed3ec28d7,49
S4,state_dependent_rule,False,805000,0.5,0.5,4,4,1198,1158,3,1.0,1.0,33.666666666666664,291.82125403716566,0.4814434742465241,3.856543746917664,0.0035481363646297677,0.9964518636353702,485,0,0,19901.73339986443,19901.73339986443,4975.433349966108,1.5,0.6227586053695178,0.348863075290333,0.0019736717674665523,206.5,238.24911934541976,0.11510888642102277,0,24:funding_collapse|60:heatwave:alternative|89:funding_collapse,0.013494657240342054,0.05533986486069797,0.13628670484532,0.022260861894242097,0.0003157874827946485,0.0010812203062012346,0.0005328535781521008,d914f11a1c00264b,50
S6,rule,False,805000,0.875,0.0,7,0,0,0,1,0.3333333333333333,1.0,68.0,290.3641005871243,0.6237361638938489,0.0,,,0,0,0,19871.345457059702,19871.345457059702,19871.345457059702,1.5,0.6699999999999999,0.07302693770654782,2.5252525252525256e-05,0.0,0.0,0.030134688532739144,2,24:funding_collapse|60:heatwave:alternative|89:funding_collapse,0.01360000000000001,0.06736211652796849,0.0,0.0,4.04040404040404e-06,0.0007976791741423029,0.0,d914f11a1c00264b,50
S7,forward_rollout_proxy,False,805000,0.75,0.625,6,5,1186,1186,3,1.0,1.0,40.0,274.4977963220413,0.4350805584752732,4.8560699307845905,0.0024880518658362805,0.9975119481341638,50,0,0,19850.99630341902,19850.99630341902,3970.199260683804,1.5,0.6699999999999999,0.42850908224418444,0.0005026084707570807,78.0,89.99240343313673,0.1584919146816926,0,24:funding_collapse|60:heatwave:alternative|89:funding_collapse,0.01398376319045155,0.041805076201781574,0.21866697533827892,0.0167172827734688,8.041735532113291e-05,0.000938310358104676,0.00019990994770043526,d914f11a1c00264b,50
S4,state_dependent_rule,False,805001,0.25,0.25,2,2,446,375,1,0.3333333333333333,1.0,25.0,190.78764062292987,0.592147176044572,3.9300367119222788,0.003987001446201697,0.9960129985537983,383,0,0,19966.333828452138,19966.333828452138,9983.166914226069,1.5,0.5396656399817559,0.2225198331253768,0.0035868714691403712,237.5,274.0153309662818,0.08376451003989206,2,7:heatwave:alternative|34:flood:reserve|47:wildfire:semiwild|65:heatwave:alternative,0.011195516954752294,0.06309412709773103,0.028437527414168315,0.00737962722109869,0.0005738994350624594,0.0007311440150190847,0.0012094336175193891,d914f11a1c00264b,50
S6,rule,False,805001,0.75,0.0,6,0,0,0,0,0.0,0.0,,276.4422048065988,0.6309144841928075,0.0,,,0,0,0,19947.87116369058,19947.87116369058,19947.87116369058,1.5,0.6699999999999999,0.07296518946371948,0.00029041467816721175,0.0,0.0,0.029825947318597435,3,7:heatwave:alternative|34:flood:reserve|47:wildfire:semiwild|65:heatwave:alternative,0.01376000000000001,0.06824522060230272,0.0,0.0,4.646634850675388e-05,0.0008338288563830628,0.0,d914f11a1c00264b,50
S7,forward_rollout_proxy,False,805001,0.5,0.375,4,3,905,905,1,0.3333333333333333,1.0,54.0,319.61363955871656,0.635281637340795,4.910268691719759,0.0005717309721535525,0.9994282690278464,234,0,0,19919.40601381187,19919.40601381187,6639.802004603956,1.5,0.6565910680616825,0.305271940999176,0.0012826321757350996,118.5,136.71922829264997,0.1088007363790506,2,7:heatwave:alternative|34:flood:reserve|47:wildfire:semiwild|65:heatwave:alternative,0.014688446084707587,0.056887867912378584,0.033481938216187376,0.01184356530339647,0.00020522114811761583,0.0012201418823586524,0.00047335149613027554,d914f11a1c00264b,50
S4,state_dependent_rule,False,805002,0.5,0.5,4,4,463,359,1,0.3333333333333333,1.0,21.0,220.6909824217524,0.5098897932741582,3.234622068378721,0.005489205991911569,0.9945107940080884,366,0,0,20064.27186876569,20064.271868765685,5016.067967191422,1.5,0.45880923992153305,0.32765166131538775,0.0013840566907729543,154.25,177.96574653283778,0.12212258319723608,2,13:heatwave:origin|73:wildfire:reserve|93:wildfire:alternative,0.013837025534522214,0.05429580001132483,0.11464497443911748,0.018565426276646882,0.0002214490705236726,0.0010466928045173819,0.0005602957891750292,d914f11a1c00264b,50
S6,rule,False,805002,0.375,0.0,3,0,0,0,1,0.3333333333333333,1.0,15.0,105.19372900306753,0.5816820072223531,0.0,,,0,0,0,19962.599078605064,19962.599078605064,19962.599078605064,1.5,0.6471856069719607,0.06897562631073163,0.00030543523354547447,0.0,0.0,0.021285328067677793,2,13:heatwave:origin|73:wildfire:reserve|93:wildfire:alternative,0.01312000000000001,0.08517098174914778,0.0,0.0,4.886963736727592e-05,0.0005781413911321947,0.0,d914f11a1c00264b,50
S7,forward_rollout_proxy,False,805002,0.875,0.75,7,6,866,863,1,0.3333333333333333,1.0,17.0,202.41815499286324,0.37197543108142916,3.3205293893907686,0.01504268224363392,0.9849573177563661,271,0,0,20036.16022434479,20036.16022434479,3339.360037390798,1.5,0.5504560762988128,0.469039932532324,0.0015015471936036895,117.75,135.85391672117746,0.21644515504267486,2,13:heatwave:origin|73:wildfire:reserve|93:wildfire:alternative,0.013449187723026114,0.049100479911195566,0.2539162942413789,0.017730166334327543,0.00024024755097659038,0.0008705484694109201,0.0003525093362921456,d914f11a1c00264b,50
S4,state_dependent_rule,False,805003,0.5,0.5,4,4,725,725,2,0.6666666666666666,1.0,19.0,348.0047821042566,0.6213328018621999,3.669456666656373,0.00047058420400376925,0.9995294157959962,346,0,0,19936.452236069457,19936.452236069457,4984.113059017364,1.5,0.5129238451175159,0.3357216466608817,0.001337253200421016,152.75,176.23512338989278,0.11367347741283165,1,29:heatwave:semiwild|30:funding_collapse|58:wildfire:reserve,0.015529651389729877,0.04571467336079556,0.062350318651349504,0.01158654153227564,0.0002139605120673626,0.001143245232852726,0.0005220028931855719,d914f11a1c00264b,50
S6,rule,False,805003,0.5,0.0,4,0,0,0,2,0.6666666666666666,1.0,18.0,243.82064875161052,0.6579878334294365,0.0,,,0,0,0,19927.82982975649,19927.829829756494,19927.82982975649,1.5,0.6699999999999999,0.07257805672075382,5.571073867163253e-05,0.0,0.0,0.027890283603769175,1,29:heatwave:semiwild|30:funding_collapse|58:wildfire:reserve,0.01440000000000001,0.07380395945992137,0.0,0.0,8.913718187461205e-06,0.0007992933924547661,0.0,d914f11a1c00264b,50
S7,forward_rollout_proxy,False,805003,0.5,0.375,4,3,1029,1029,1,0.3333333333333333,1.0,17.0,395.38427218990415,0.6065425024241139,5.251799678311072,0.0006183968551842241,0.9993816031448157,220,0,0,19906.689182720427,19906.689182720427,6635.563060906809,1.5,0.6191070898950432,0.3080207882870998,0.0010265637681578432,118.0,136.14235391166832,0.12421041257242342,2,29:heatwave:semiwild|30:funding_collapse|58:wildfire:reserve,0.015126786311385554,0.044102891292522796,0.08098762105917762,0.004888971028102043,0.00016425020290525492,0.0006134050543822025,0.000305833487045044,d914f11a1c00264b,50
S4,state_dependent_rule,False,805100,0.875,0.75,7,6,800,800,1,0.3333333333333333,1.0,23.0,562.8444471464061,0.7120913513235314,5.259938554127449,0.0018175805817555058,0.9981824194182445,11,0,0,3479.0911566948207,3479.0911566948207,579.8485261158035,1.5,0.8913233307324235,0.5154772545172918,0.00023707610800383829,24.25,16.042065008151802,0.18122767951387442,2,16:funding_collapse|21:heatwave:alternative|64:funding_collapse,0.0152192364935589,0.04916172461946949,0.026317902449996083,0.0016756408372634048,3.793217728061413e-05,0.0008892923695120047,2.6667350035159922e-05,86cef195b739c0a4,51
S6,rule,False,805100,0.875,0.875,7,7,1139,1139,1,0.3333333333333333,1.0,24.0,820.1291553658117,0.7877031444407588,6.398882698956032,0.0,1.0,0,0,0,3537.7119694948788,3537.7119694948788,505.3874242135541,1.5,0.98,0.5664445485037499,0.00031220955088134887,0.0,0.0,0.05352860757094799,2,16:funding_collapse|21:heatwave:alternative|64:funding_collapse,0.01600000000000001,0.02528811292164783,0.0,0.0,4.995352814101584e-05,0.0009587891094522931,0.0,86cef195b739c0a4,51
S7,forward_rollout_proxy,False,805100,1.0,1.0,8,8,1200,1200,0,0.0,0.0,,807.8482355720291,0.7835986476340822,4.93077393406934,0.0,1.0,1,0,0,3517.7816477912056,3517.7816477912056,439.7227059739007,1.5,0.98,0.645610188894787,0.00019034109897291557,3.25,2.1499674753193148,0.2415122477704682,3,16:funding_collapse|21:heatwave:alternative|64:funding_collapse,0.015997707006508745,0.029373705279040697,4.781495202580544e-07,4.144147808872076e-06,3.045457583566649e-05,0.000946013330336925,3.5399127937423747e-06,86cef195b739c0a4,51
S4,state_dependent_rule,False,805101,0.625,0.625,5,5,753,753,1,0.3333333333333333,1.0,16.0,470.8311599650491,0.7382456428470329,4.637378994509215,0.004360958775008069,0.9956390412249919,7,0,0,3482.54079984053,3482.54079984053,696.5081599681059,1.5,0.8916593246671577,0.44352392620293296,0.00040316491315610365,13.0,8.59986990127726,0.13367101895562508,2,21:heatwave:alternative|25:funding_collapse|72:funding_collapse|100:funding_collapse,0.015542766276281109,0.04857511167399183,0.011407421169359016,0.001263040950966928,6.450638610497659e-05,0.0008856309935333674,1.6107436893603492e-05,86cef195b739c0a4,51
S6,rule,False,805101,0.875,0.875,7,7,1196,1196,0,0.0,0.0,,841.7066868798631,0.7875325432801941,5.586968454251222,0.0,1.0,0,0,0,3528.727905435646,3528.7279054356463,504.10398649080656,1.5,0.98,0.5577023490648076,0.00040541347935120107,0.0,0.0,0.05041332261147687,3,21:heatwave:alternative|25:funding_collapse|72:funding_collapse|100:funding_collapse,0.01600000000000001,0.0254560944196631,0.0,0.0,6.486615669619218e-05,0.0009464961434466578,0.0,86cef195b739c0a4,51
S7,forward_rollout_proxy,False,805101,0.75,0.75,6,6,1051,1051,1,0.3333333333333333,1.0,31.0,704.0633485064286,0.7861576103241233,5.554799854170777,0.0,1.0,1,0,0,3511.954932425964,3511.9549324259647,585.325822070994,1.5,0.9787707939056562,0.5286736303734196,0.0003378602600332104,0.75,0.49614634045830347,0.188742762205731,2,21:heatwave:alternative|25:funding_collapse|72:funding_collapse|100:funding_collapse,0.015999788918205818,0.026817234089177768,2.4355591637913538e-08,3.16622691292876e-07,5.4057641605313665e-05,0.0009629620268119944,1.236173245018289e-06,86cef195b739c0a4,51
S4,state_dependent_rule,False,805102,0.625,0.5,5,4,866,866,1,0.3333333333333333,1.0,27.0,267.96757797025435,0.6962506585865121,2.3451998829622562,0.16172175380157772,0.8382782461984223,26,0,0,3473.4819231592196,3473.4819231592196,868.3704807898049,1.5,0.7968080051156018,0.3512720554243822,0.00017284592305382378,25.0,16.538211348610126,0.11569628041599747,2,15:heatwave:origin|20:flood:reserve|71:funding_collapse,0.016053022560112692,0.04717490840931644,0.030587734468159482,0.003113401926390697,2.7655347688611804e-05,0.001434363422380304,0.00013978349934731113,86cef195b739c0a4,51
S6,rule,False,805102,1.0,1.0,8,8,1200,1200,0,0.0,0.0,,815.408696221367,0.7844164598371894,5.086991261659116,0.0006328015090348125,0.9993671984909652,0,0,0,3543.9607362646084,3543.9607362646084,442.99509203307605,1.5,0.98,0.6102897840819376,7.601394657232221e-05,0.0,0.0,0.057099357326731756,3,15:heatwave:origin|20:flood:reserve|71:funding_collapse,0.01600000000000001,0.028619650167816348,0.0,0.0,1.2162231451571552e-05,0.0009517277635428297,0.0,86cef195b739c0a4,51
S7,forward_rollout_proxy,False,805102,0.75,0.75,6,6,1032,1032,0,0.0,0.0,,520.7550282464721,0.7403067375681361,3.5641023042493924,0.05596268129720561,0.9440373187027944,6,0,0,3508.8104741805955,3508.8104741805955,584.8017456967659,1.5,0.98,0.5089926262032578,0.00010484945926261836,6.75,4.46531706412473,0.1892580158038193,3,15:heatwave:origin|20:flood:reserve|71:funding_collapse,0.015442325390843212,0.0423690571552081,0.009983212559295495,0.00174555170879298,1.6775913482018934e-05,0.0009894302124722227,1.2315484940118113e-05,86cef195b739c0a4,51
S4,state_dependent_rule,False,805103,0.75,0.75,6,6,916,916,1,0.3333333333333333,1.0,24.0,616.5106185745926,0.7195105142574892,4.703895177378533,0.001051981000170181,0.9989480189998298,14,0,0,3507.6211800568817,3507.6211800568817,584.6035300094803,1.5,0.8941021441929973,0.5071949457549031,0.00016512445715459272,28.5,18.853560937415523,0.1662288978090901,2,57:heatwave:reserve|66:funding_collapse,0.015356579255865753,0.049933047444686525,0.019798276833263767,0.0018119411359445426,2.6419913144734844e-05,0.0008114136944093062,2.8301910235537608e-05,86cef195b739c0a4,51
S6,rule,False,805103,0.875,0.875,7,7,1144,1144,1,0.3333333333333333,1.0,29.0,841.8978629290356,0.7875282500523153,5.1968701812472515,0.0,1.0,0,0,0,3550.147049026541,3550.147049026541,507.16386414664873,1.5,0.98,0.5544166446663662,0.00012422447274083347,0.0,0.0,0.053489714269468316,2,57:heatwave:reserve|66:funding_collapse,0.01600000000000001,0.025479360654631585,0.0,0.0,1.9875915638533356e-05,0.0009725133774147992,0.0,86cef195b739c0a4,51
S7,forward_rollout_proxy,False,805103,0.875,0.875,7,7,1099,1099,1,0.3333333333333333,1.0,25.0,768.5539996126386,0.7851372840867928,5.4593025657407415,0.0,1.0,0,0,0,3538.3045847527433,3538.3045847527433,505.4720835361062,1.5,0.98,0.5891347970729821,8.058332596065941e-05,2.0,1.3230569078888093,0.21395885707787327,2,57:heatwave:reserve|66:funding_collapse,0.015999872279892937,0.02786897969569527,4.2859909402573884e-08,9.429180068566258e-07,1.2893332153705506e-05,0.0009663682647948669,2.4899707624992077e-06,86cef195b739c0a4,51
S4,state_dependent_rule,False,805200,0.75,0.625,6,5,1088,1088,3,1.0,1.0,35.666666666666664,363.88642721077457,0.6469350126748727,3.6345447364371166,0.0005268285834829493,0.999473171416517,204,0,0,7298.107142119044,7298.1071421190445,1459.6214284238088,1.5,0.6220450797631564,0.40753604040998304,0.0008212780527198574,90.0,170.8454754506386,0.1386804253464811,0,6:heatwave:semiwild|36:funding_collapse|45:wildfire:reserve|52:wildfire:semiwild|62:wildfire:reserve|90:funding_collapse|97:funding_collapse,0.014527502698484174,0.058838470489135694,0.07973573859695486,0.012108841842864135,0.00013140448843517718,0.0009338713770500969,0.0004301910118702979,eb00d998aca8fe8c,52
S6,rule,False,805200,1.0,0.875,8,7,568,568,1,0.3333333333333333,1.0,100.0,819.053571783409,0.7808992769606091,5.5257613506126315,0.0,1.0,0,0,0,7371.068378323531,7371.068378323532,1053.009768331933,1.5,0.8780554309729337,0.5460126835832713,0.00016298672429533776,0.0,0.0,0.04599763489925778,2,6:heatwave:semiwild|36:funding_collapse|45:wildfire:reserve|52:wildfire:semiwild|62:wildfire:reserve|90:funding_collapse|97:funding_collapse,0.01600000000000001,0.03212971709718116,0.0,0.0,2.6077875887254047e-05,0.0009449280663226386,0.0,eb00d998aca8fe8c,52
S7,forward_rollout_proxy,False,805200,0.875,0.5,7,4,1180,1180,2,0.6666666666666666,1.0,45.0,487.95049303161585,0.7069743041026268,3.617152243353311,0.0034698213564790647,0.9965301786435209,28,0,0,7336.521080184123,7336.521080184124,1834.1302700460308,1.5,0.6699999999999999,0.35855071104168723,0.0006341312371703881,40.25,76.40589318764665,0.15189594304077036,1,6:heatwave:semiwild|36:funding_collapse|45:wildfire:reserve|52:wildfire:semiwild|62:wildfire:reserve|90:funding_collapse|97:funding_collapse,0.015434361413000634,0.04853901539043438,0.0425559976781571,0.003016612752905051,0.00010146099794726212,0.0008027784236098034,0.00019901451767423775,eb00d998aca8fe8c,52
S4,state_dependent_rule,False,805201,0.5,0.5,4,4,833,833,2,0.6666666666666666,1.0,34.0,334.2300068495486,0.7400465225081354,2.3949096446978837,0.004022696777810071,0.9959773032221899,46,0,0,7289.207709183157,7289.207709183157,1822.3019272957893,1.5,0.6699999999999999,0.33961045891058045,0.0012339504312981013,37.0,70.23647324081801,0.11830681231800792,1,14:funding_collapse|15:wildfire:reserve|28:wildfire:origin,0.01683517391515017,0.04661797408899969,0.0019677300917319146,0.0014144284888424853,0.00019743206900769622,0.0011801641830909938,0.0005851481391566867,eb00d998aca8fe8c,52
S6,rule,False,805201,0.875,0.875,7,7,650,650,0,0.0,0.0,,725.0996885211681,0.7746275811822408,5.878282323907923,0.0,1.0,0,0,0,7409.610470337022,7409.610470337022,1058.5157814767174,1.5,0.8860928024818664,0.5511047625427485,0.00019798033676785465,0.0,0.0,0.04981329527741342,3,14:funding_collapse|15:wildfire:reserve|28:wildfire:origin,0.01600000000000001,0.038393530393427466,0.0,0.0,3.167685388285674e-05,0.0009472115704490762,0.0,eb00d998aca8fe8c,52
S7,forward_rollout_proxy,False,805201,0.75,0.625,6,5,1200,1200,1,0.3333333333333333,1.0,23.0,372.62816657429954,0.5920097695697982,2.6535519905242255,0.000795551609189988,0.99920444839081,10,0,0,7362.938592473933,7362.938592473933,1472.5877184947865,1.5,0.6699999999999999,0.407273800558693,0.0002547560306357945,22.25,42.23679809751896,0.16244140326725365,2,14:funding_collapse|15:wildfire:reserve|28:wildfire:origin,0.014465287874277142,0.04398080539865957,0.14931833284451612,0.014511461630399358,4.076096490172712e-05,0.000961230088610599,0.00022517659994355645,eb00d998aca8fe8c,52
S4,state_dependent_rule,False,805202,0.75,0.625,6,5,1010,1010,3,1.0,1.0,35.333333333333336,320.88325511681506,0.555527842519713,2.6943043391643506,0.14712448544071713,0.8528755145592829,31,0,0,7344.498519992165,7344.498519992165,1468.8997039984329,1.5,0.6699999999999999,0.4029291284609397,0.00018615184481635182,53.25,101.08357297496109,0.1386804253464811,0,26:funding_collapse|42:flood:reserve|46:wildfire:origin|73:flood:alternative|81:wildfire:semiwild|88:heatwave:semiwild,0.013780115195840744,0.04628280205119182,0.17609947210132104,0.019783745156884237,2.978429517061629e-05,0.0012734220815025592,0.00027644211292391133,eb00d998aca8fe8c,52
S6,rule,False,805202,0.875,0.875,7,7,458,458,1,0.3333333333333333,1.0,16.0,676.1336220265915,0.7722733623585342,4.427640062098175,0.0,1.0,0,0,0,7415.706226382813,7415.706226382814,1059.3866037689734,1.5,0.8576526900525226,0.5338682593479329,0.00015384818203390726,0.0,0.0,0.05038294860849417,2,26:funding_collapse|42:flood:reserve|46:wildfire:origin|73:flood:alternative|81:wildfire:semiwild|88:heatwave:semiwild,0.01600000000000001,0.04069064694777551,0.0,0.0,2.4615709125425163e-05,0.0010113749845648968,0.0,eb00d998aca8fe8c,52
S7,forward_rollout_proxy,False,805202,0.75,0.5,6,4,935,935,3,1.0,1.0,36.666666666666664,336.6480159812772,0.6143660986351667,3.408567273095375,0.0,1.0,6,0,0,7380.923693851235,7380.923693851235,1845.2309234628087,1.5,0.6699999999999999,0.35454134615789507,0.0004079438300105904,25.0,47.45707651406624,0.14227836713470676,0,26:funding_collapse|42:flood:reserve|46:wildfire:origin|73:flood:alternative|81:wildfire:semiwild|88:heatwave:semiwild,0.014193698604640663,0.04395938362576475,0.12952067820109833,0.014162290013634457,6.527101280169446e-05,0.0010605183617525982,0.00013906274934648874,eb00d998aca8fe8c,52
S4,state_dependent_rule,False,805203,0.625,0.5,5,4,802,802,3,1.0,1.0,34.333333333333336,320.33302212193723,0.5704383269432227,4.9366555956427245,0.0005567767935276042,0.9994432232064724,17,0,0,7364.9252465255295,7364.9252465255295,1841.2313116313824,1.5,0.6461543282388483,0.3618839019700416,0.00028737522024666556,35.25,66.91447788483337,0.1145095659486478,0,85:heatwave:reserve,0.014002622621705051,0.040138428251698645,0.16843566412506,0.01964917318537225,4.5980035239466486e-05,0.0011283024234220811,0.00023246521706229715,eb00d998aca8fe8c,52
S6,rule,False,805203,1.0,1.0,8,8,702,702,0,0.0,0.0,,822.9636176123169,0.78098770700031,5.169225683748857,0.0,1.0,0,0,0,7436.026883267913,7436.026883267914,929.5033604084891,1.5,0.8860928024818664,0.6001199223924636,5.319148936170213e-05,0.0,0.0,0.04909192653394158,2,85:heatwave:reserve,0.01600000000000001,0.03204252932904652,0.0,0.0,8.51063829787234e-06,0.0009612530323458268,0.0,eb00d998aca8fe8c,52
S7,forward_rollout_proxy,False,805203,0.75,0.5,6,4,958,958,3,1.0,1.0,39.333333333333336,378.90188688447347,0.6443164464849765,4.53261866332307,0.0018747526713049092,0.9981252473286951,26,0,0,7401.6141341683815,7401.614134168382,1850.4035335420954,1.5,0.6699999999999999,0.36591906042826,0.00028601337027313437,35.75,67.8636194151147,0.14296436897514647,0,85:heatwave:reserve,0.014652144388749195,0.0449556536172982,0.10295587794011947,0.010255001425502777,4.576213924370151e-05,0.0009072632931898472,0.00015480052048540529,eb00d998aca8fe8c,52
S4,state_dependent_rule,False,805300,0.375,0.25,3,2,276,0,1,0.3333333333333333,1.0,15.0,107.07297643969025,0.47327928521389284,3.855897920064086,0.0037016539749573003,0.9962983460250427,80,0,0,20226.745411705717,20226.745411705717,10113.372705852858,1.5,0.05429254945472656,0.17264777013638005,0.000590895434075639,244.5,75.65011860206528,0.08079767995133258,2,17:heatwave:alternative|48:flood:origin|74:funding_collapse|77:funding_collapse|78:wildfire:alternative,0.003513873410103793,0.07656106542193346,0.07457766317960185,0.013262851985229354,9.454326945210224e-05,0.0007902751534735463,0.0004431195370151235,a2b4881d3552336a,53
S6,rule,False,805300,0.75,0.625,6,5,471,471,1,0.3333333333333333,1.0,12.0,494.42239388720833,0.7643074778363296,5.283082466944181,0.008190294115555555,0.9918097058844444,0,0,0,20244.27308737791,20244.27308737791,4048.854617475582,1.5,0.8909779865688497,0.43205009931601757,0.00015404389954518487,0.0,0.0,0.044357379948453804,2,17:heatwave:alternative|48:flood:origin|74:funding_collapse|77:funding_collapse|78:wildfire:alternative,0.01600000000000001,0.04866812920967381,0.0,0.0,2.4647023927229582e-05,0.000999745930069425,0.0,a2b4881d3552336a,53
S7,forward_rollout_proxy,False,805300,0.375,0.375,3,3,374,291,1,0.3333333333333333,1.0,17.0,157.01678458534633,0.5693354795694328,3.4965603251459716,0.0041168862624267315,0.9958831137375733,244,0,0,20186.325735687824,20186.325735687824,6728.775245229274,1.5,0.3246380437618471,0.25904906009811635,0.00019958559264399698,142.0,43.93585620242648,0.11434826235235944,2,17:heatwave:alternative|48:flood:origin|74:funding_collapse|77:funding_collapse|78:wildfire:alternative,0.011498455671039425,0.07181101205353763,0.07465295647893681,0.010301348282936693,3.193369482303952e-05,0.0006159229018172788,0.0002229871765027539,a2b4881d3552336a,53
S4,state_dependent_rule,False,805301,0.25,0.25,2,2,262,0,0,0.0,0.0,,107.69123385574376,0.4712720107680103,3.7338764575297008,0.0066513962470166705,0.9933486037529833,49,0,0,20410.12485182425,20410.12485182425,10205.062425912125,1.5,0.10519964864433858,0.17517470099405513,0.000534671238421074,277.25,85.78321219804741,0.07407985777162134,3,24:heatwave:origin|29:wildfire:reserve|32:funding_collapse|35:heatwave:reserve|73:heatwave:semiwild|80:flood:reserve,0.003335904581717002,0.0748320736681972,0.07849103316853101,0.01351181918074651,8.554739814737184e-05,0.0008372786741561518,0.0004558568689502632,a2b4881d3552336a,53
S6,rule,False,805301,0.625,0.625,5,5,520,520,0,0.0,0.0,,423.9569002489989,0.7588326835158177,4.943479500417031,0.00037479659894774117,0.9996252034010522,0,0,0,20302.264274352125,20302.264274352125,4060.4528548704247,1.5,0.9134983036934212,0.4307108097514613,8.021390374331552e-05,0.0,0.0,0.04338092188974441,3,24:heatwave:origin|29:wildfire:reserve|32:funding_collapse|35:heatwave:reserve|73:heatwave:semiwild|80:flood:reserve,0.01600000000000001,0.0541954647115399,0.0,0.0,1.283422459893048e-05,0.0009590175480437092,0.0,a2b4881d3552336a,53
S7,forward_rollout_proxy,False,805301,0.25,0.25,2,2,268,58,0,0.0,0.0,,94.636713400326,0.5252589767855941,2.49102632904077,0.00961392987404288,0.9903860701259571,167,0,0,20266.40833792921,20266.408337929202,10133.204168964605,1.5,0.27903736598011114,0.1836225982271985,0.00013784011007764076,157.5,48.73167149212793,0.0915429916938984,3,24:heatwave:origin|29:wildfire:reserve|32:funding_collapse|35:heatwave:reserve|73:heatwave:semiwild|80:flood:reserve,0.005337070251055849,0.07763995874120264,0.04434802208478992,0.012113865256138133,2.2054417612422524e-05,0.0007814134180919334,0.000440374936541455,a2b4881d3552336a,53
S4,state_dependent_rule,False,805302,0.125,0.125,1,1,147,0,1,0.3333333333333333,1.0,10.0,81.34372066103741,0.5022415818942658,1.99253112033195,0.005517783981906034,0.994482216018094,48,0,0,20258.088788646757,20258.088788646757,20258.088788646757,1.5,0.05428864046242276,0.09250167509527905,0.000259662695580606,185.25,57.317727897883856,0.054487499228586374,2,5:wildfire:semiwild|18:flood:origin|21:flood:reserve|22:wildfire:origin|33:funding_collapse|49:funding_collapse|60:wildfire:origin|62:heatwave:reserve|63:heatwave:semiwild|74:heatwave:origin|77:flood:alternative|86:funding_collapse,0.003436142764309421,0.0759355980948573,0.043243983498267864,0.017226027594688255,4.1546031292896956e-05,0.001075985396755135,0.0005309501672911412,a2b4881d3552336a,53
S6,rule,False,805302,0.0,0.0,0,0,0,0,0,0.0,0.0,,93.78479725080285,0.2623210294964474,0.0,,,0,0,0,20135.189533576693,20135.189533576693,20135.189533576693,1.5,0.6699999999999999,0.06935243164752472,0.00014871729820174087,0.0,0.0,0.011762158237623657,3,5:wildfire:semiwild|18:flood:origin|21:flood:reserve|22:wildfire:origin|33:funding_collapse|49:funding_collapse|60:wildfire:origin|62:heatwave:reserve|63:heatwave:semiwild|74:heatwave:origin|77:flood:alternative|86:funding_collapse,0.005920000000000004,0.03847062280602804,0.0,0.0,2.3794767712278544e-05,0.0003645529298122916,0.0,a2b4881d3552336a,53
S7,forward_rollout_proxy,False,805302,0.125,0.125,1,1,198,0,0,0.0,0.0,,90.57849588271601,0.5153554556649247,3.7892905470713325,0.0003313131313131313,0.9996686868686868,67,0,0,20105.34393514318,20105.34393514318,20105.34393514318,1.5,0.2358015108969025,0.1306913561150658,0.00025406897949033664,136.75,42.31146715268888,0.06484149777331114,3,5:wildfire:semiwild|18:flood:origin|21:flood:reserve|22:wildfire:origin|33:funding_collapse|49:funding_collapse|60:wildfire:origin|62:heatwave:reserve|63:heatwave:semiwild|74:heatwave:origin|77:flood:alternative|86:funding_collapse,0.0038876600331647433,0.0768729445799948,0.03687076777278936,0.013727648439811812,4.0651036718453874e-05,0.0008636111579972876,0.0004240925997840567,a2b4881d3552336a,53
S4,state_dependent_rule,False,805303,0.25,0.125,2,1,144,0,1,0.3333333333333333,1.0,21.0,78.49479627087761,0.5019658599630502,2.71200627779231,0.0003323725525745671,0.9996676274474254,50,0,0,20341.350479463537,20341.350479463537,20341.350479463537,1.5,0.05429254945472656,0.10008366200772327,0.0002793508353526847,170.25,52.676616327205,0.05642172142163754,2,12:funding_collapse|54:flood:alternative|65:funding_collapse|68:flood:semiwild,0.003568573544166008,0.07405944992576313,0.05170757769466793,0.01426193788700481,4.469613365642955e-05,0.0009104870039999398,0.0004508280675836974,a2b4881d3552336a,53
S6,rule,False,805303,0.75,0.625,6,5,917,917,0,0.0,0.0,,682.476277338379,0.7832897951895151,6.031693015006598,0.0,1.0,0,0,0,20263.581406379388,20263.581406379388,4052.7162812758775,1.5,0.9586890442949766,0.44569211618372384,0.00016650538006036727,0.0,0.0,0.04128140802080078,3,12:funding_collapse|54:flood:alternative|65:funding_collapse|68:flood:semiwild,0.01600000000000001,0.029683041571843035,0.0,0.0,2.664086080965877e-05,0.0010005223778322176,0.0,a2b4881d3552336a,53
S7,forward_rollout_proxy,False,805303,0.25,0.25,2,2,267,200,0,0.0,0.0,,124.13071204533668,0.6001066696851548,3.3804867905432436,0.0025700018835014566,0.9974299981164986,193,0,0,20158.601452180093,20158.60145218009,10079.300726090047,1.5,0.43338985934425,0.20741840099277054,0.00014167196333589804,123.25,38.134466739077894,0.08887273576456539,3,12:funding_collapse|54:flood:alternative|65:funding_collapse|68:flood:semiwild,0.012017035452941973,0.07331541368677731,0.048949289283237336,0.010895721312369626,2.2667514133743684e-05,0.0008628984151848914,0.00023750343171426765,a2b4881d3552336a,53
S4,state_dependent_rule,False,805400,0.875,0.625,7,5,679,679,3,1.0,1.0,47.333333333333336,367.09412038919186,0.6029668738372272,3.383397686548311,0.001760878330686249,0.9982391216693137,49,0,0,6915.1814557042935,6915.1814557042935,1383.0362911408588,1.5,0.6699999999999999,0.4098200619347793,6.7230675349396e-05,43.75,57.59806919859879,0.1386804253464811,0,30:heatwave:reserve|31:flood:reserve|38:wildfire:reserve|54:wildfire:origin|89:funding_collapse,0.013383387522107874,0.046900175376966724,0.12117718096838742,0.009482637073128212,1.075690805590336e-05,0.0009386019803086569,0.00014462783046596204,ffd21fa511a29a6c,54
S6,rule,False,805400,1.0,0.875,8,7,1086,1086,1,0.3333333333333333,1.0,65.0,801.348088980116,0.7833250285669133,5.379086797503961,0.0,1.0,0,0,0,6918.253755734419,6918.253755734419,988.321965104917,1.5,0.9710529618871376,0.5540842673079867,4.81079833871712e-05,0.0,0.0,0.04719051572116632,2,30:heatwave:reserve|31:flood:reserve|38:wildfire:reserve|54:wildfire:origin|89:funding_collapse,0.01600000000000001,0.0296849717685305,0.0,0.0,7.697277341947393e-06,0.0009823023872144294,0.0,ffd21fa511a29a6c,54
S7,forward_rollout_proxy,False,805400,0.875,0.625,7,5,931,931,2,0.6666666666666666,1.0,56.5,566.5755416065828,0.7228612788999889,3.950837325179671,0.0019312435111915674,0.9980687564888084,5,0,0,6909.419343683023,6909.419343683022,1381.8838687366047,1.5,0.690060647155469,0.42430836666965677,0.0003456355532131066,37.5,49.369773598798965,0.17271964351156602,1,30:heatwave:reserve|31:flood:reserve|38:wildfire:reserve|54:wildfire:origin|89:funding_collapse,0.014773367356463498,0.04454034950848608,0.028554908102099204,0.0033129335127398607,5.530168851409706e-05,0.0008648452687425611,0.00013725400615868883,ffd21fa511a29a6c,54
S4,state_dependent_rule,False,805401,0.75,0.625,6,5,857,857,3,1.0,1.0,38.666666666666664,311.4025710387445,0.4949715693770794,3.8836006539605537,0.0008996838701751953,0.9991003161298248,9,0,0,6935.1310879674475,6935.1310879674475,1387.0262175934895,1.5,0.6699999999999999,0.4148220916089017,0.0005483319843146816,32.25,42.45800529496711,0.1386804253464811,0,9:flood:semiwild|28:wildfire:origin|40:heatwave:origin|97:wildfire:semiwild,0.013418215458042696,0.038675982581322745,0.24064545825664613,0.018725134879855318,8.773311749034904e-05,0.0010374188456935614,9.312959265395255e-05,ffd21fa511a29a6c,54
S6,rule,False,805401,1.0,0.875,8,7,1173,1173,0,0.0,0.0,,784.3731022577333,0.7831308073213137,5.402053289347068,0.0,1.0,0,0,0,6938.237608920094,6938.237608920095,991.1768012742992,1.5,0.9741530241737473,0.5538631036694815,0.00041015627581677763,0.0,0.0,0.043386341793180634,2,9:flood:semiwild|28:wildfire:origin|40:heatwave:origin|97:wildfire:semiwild,0.01600000000000001,0.02985610078890256,0.0,0.0,6.562500413068442e-05,0.000947466885653083,0.0,ffd21fa511a29a6c,54
S7,forward_rollout_proxy,False,805401,0.875,0.5,7,4,1056,1056,2,0.6666666666666666,1.0,34.5,432.60998546240364,0.6364927845796351,3.520838860248768,0.007537332968420726,0.9924626670315793,5,0,0,6929.45725625661,6929.45725625661,1732.3643140641525,1.5,0.6699999999999999,0.35883695827257506,0.0006861122555188712,34.75,45.74932353488704,0.1581428483504368,1,9:flood:semiwild|28:wildfire:origin|40:heatwave:origin|97:wildfire:semiwild,0.014357852034148298,0.04218490231605827,0.10799030941268047,0.009340303530896887,0.00010977796088301938,0.0009293224545287752,0.0001234551711750874,ffd21fa511a29a6c,54
S4,state_dependent_rule,False,805402,0.625,0.5,5,4,1198,1112,3,1.0,1.0,48.333333333333336,404.3989561966419,0.5668665473477646,4.9007395106496245,0.003231208973785807,0.9967687910262142,87,0,0,6914.384397940468,6914.384397940469,1728.596099485117,1.5,0.6699999999999999,0.3647811007967116,0.0003289330138679641,69.0,90.84038342178998,0.11886852845107689,0,16:heatwave:semiwild|23:wildfire:origin|31:funding_collapse|48:heatwave:alternative|64:flood:origin|66:heatwave:origin,0.013615554050145974,0.04203090087626786,0.16377385689626553,0.016133668175841845,5.262928221887424e-05,0.0012038223077472671,0.0001636094182002611,ffd21fa511a29a6c,54
S6,rule,False,805402,1.0,0.5,8,4,53,53,0,0.0,0.0,,563.4166357020399,0.7594011829185792,2.0578519696166753,0.0028006675862068957,0.9971993324137931,0,0,0,6917.926381807365,6917.926381807366,1729.4815954518413,1.5,0.8447922107867032,0.3384619781531895,0.0002700444169358491,0.0,0.0,0.04202118689176199,2,16:heatwave:semiwild|23:wildfire:origin|31:funding_collapse|48:heatwave:alternative|64:flood:origin|66:heatwave:origin,0.01600000000000001,0.05356888044628728,0.0,0.0,4.320710670973585e-05,0.0009867295284242538,0.0,ffd21fa511a29a6c,54
S7,forward_rollout_proxy,False,805402,0.875,0.75,7,6,1083,1083,2,0.6666666666666666,1.0,55.5,527.9403335116698,0.6650178648803535,2.511573519513562,0.04566304054514734,0.9543369594548526,19,0,0,6914.685005269025,6914.685005269025,1152.4475008781708,1.5,0.6699999999999999,0.4645568276408713,0.000289740871700376,23.25,30.60925963125536,0.17470546222867844,1,16:heatwave:semiwild|23:wildfire:origin|31:funding_collapse|48:heatwave:alternative|64:flood:origin|66:heatwave:origin,0.014282805604381232,0.042409936503793697,0.0813568932145859,0.009149429489818747,4.6358539472060176e-05,0.0009252770587316516,7.455748116572089e-05,ffd21fa511a29a6c,54
S4,state_dependent_rule,False,805403,0.625,0.5,5,4,884,884,3,1.0,1.0,50.0,366.3735096907062,0.5983899243577271,4.350415690908018,0.002188109287445416,0.9978118907125546,27,0,0,6890.047581976429,6890.04758197643,1722.5118954941072,1.5,0.6699999999999999,0.3592299863930864,0.000340065160858769,34.75,45.74932353488704,0.11862914742003093,0,2:flood:semiwild|8:flood:reserve|13:funding_collapse|49:flood:origin|53:funding_collapse|56:wildfire:semiwild|90:heatwave:alternative,0.014277713222745235,0.041658516235681536,0.14362554829049962,0.013196954764205824,5.441042573740304e-05,0.0011759870305466083,0.00012382701468288785,ffd21fa511a29a6c,54
S6,rule,False,805403,0.875,0.75,7,6,1084,1084,0,0.0,0.0,,714.9111546102351,0.7812479201559558,5.570816272950002,0.0,1.0,0,0,0,6899.637217043424,6899.637217043424,1149.9395361739041,1.5,0.9741530241737473,0.49886690399535116,0.0003578161688307444,0.0,0.0,0.04121719424238209,2,2:flood:semiwild|8:flood:reserve|13:funding_collapse|49:flood:origin|53:funding_collapse|56:wildfire:semiwild|90:heatwave:alternative,0.01600000000000001,0.031743081575189465,0.0,0.0,5.725058701291912e-05,0.0009517476818419789,0.0,ffd21fa511a29a6c,54
S7,forward_rollout_proxy,False,805403,1.0,0.625,8,5,1200,1200,1,0.3333333333333333,1.0,89.0,534.618007799261,0.7097503665895454,3.3814306632975004,0.002667216081098276,0.9973327839189017,13,0,0,6891.070310425232,6891.070310425232,1378.2140620850464,1.5,0.6699999999999999,0.4167759333506868,0.00022157291710949857,32.75,43.116268942951095,0.1735581335885588,2,2:flood:semiwild|8:flood:reserve|13:funding_collapse|49:flood:origin|53:funding_collapse|56:wildfire:semiwild|90:heatwave:alternative,0.015396148021863003,0.04192101679848991,0.04841959739331487,0.0021639795138559312,3.545166673751978e-05,0.0008799030984661863,0.00011441513932792652,ffd21fa511a29a6c,54
S4,state_dependent_rule,False,805500,0.25,0.25,2,2,128,0,3,1.0,1.0,23.333333333333332,66.4971631458306,0.4879986847076013,1.499884393063584,0.162581586218213,0.837418413781787,8,0,0,6261.451247982914,6261.451247982913,3130.725623991457,0.0,0.05000000000000001,0.14566590639688973,0.0017871127602168604,59.0,87.26225825268656,0.06583531233126944,0,18:flood:origin|20:flood:semiwild|33:heatwave:semiwild|35:funding_collapse|37:wildfire:origin|49:wildfire:semiwild|97:flood:origin|99:wildfire:alternative,0.003241809322386155,0.07833243977010974,0.0669337359908835,0.012814682096739104,0.00028593804163469766,0.0007927714804822874,0.0013933484810683462,dd853e08989a5913,55
S6,rule,False,805500,0.25,0.0,2,0,0,0,3,1.0,1.0,32.0,82.89186834806895,0.3681749442738395,0.0,,,0,0,0,7556.8062962877375,7556.806296287739,7556.8062962877375,1.5,0.6116838155452843,0.06352538303578742,0.00012630063836002462,0.0,0.0,0.011785007406294935,0,18:flood:origin|20:flood:semiwild|33:heatwave:semiwild|35:funding_collapse|37:wildfire:origin|49:wildfire:semiwild|97:flood:origin|99:wildfire:alternative,0.008320000000000006,0.054599011916427145,0.0,0.0,2.0208102137603944e-05,0.0004858357075956636,0.0,dd853e08989a5913,55
S7,forward_rollout_proxy,False,805500,0.0,0.0,0,0,0,0,3,1.0,1.0,25.333333333333332,41.605561238305,0.28035904300379033,0.0,,,10,0,0,6826.825430174557,6826.825430174557,6826.825430174557,0.6780183801949161,0.05000000000000001,0.011488279137270378,0.0005202879391851016,17.5,25.88287321054263,0.03244139568635188,0,18:flood:origin|20:flood:semiwild|33:heatwave:semiwild|35:funding_collapse|37:wildfire:origin|49:wildfire:semiwild|97:flood:origin|99:wildfire:alternative,0.004649027754061844,0.044263503343310334,0.00032619917172503057,0.008428180106976206,8.324607026961625e-05,0.0019664672585154096,0.003965355872308494,dd853e08989a5913,55
S4,state_dependent_rule,False,805501,0.25,0.25,2,2,267,0,3,1.0,1.0,21.0,92.68980687860265,0.4869907246702407,2.9122202295948245,0.002529518847516215,0.9974704811524838,10,0,0,6159.957357207125,6159.957357207125,3079.9786786035625,0.0,0.05000000000000001,0.16038590140877124,0.001541360407443648,91.5,135.33045135798017,0.06881849556411503,0,4:wildfire:reserve|7:flood:alternative|9:funding_collapse|16:wildfire:reserve|51:flood:semiwild|90:wildfire:origin,0.003106960779999225,0.07798036369606944,0.06645195107848799,0.01124681995247033,0.00024661766519098365,0.0006537676822960301,0.0010462152698981692,dd853e08989a5913,55
S6,rule,False,805501,0.5,0.0,4,0,0,0,3,1.0,1.0,41.0,152.7055184351411,0.5914555055388442,0.0,,,0,0,0,7379.293639065418,7379.293639065419,7379.293639065418,1.5,0.6554693637055867,0.06942656333193181,2.7548209366391185e-05,0.0,0.0,0.01939813480686567,0,4:wildfire:reserve|7:flood:alternative|9:funding_collapse|16:wildfire:reserve|51:flood:semiwild|90:wildfire:origin,0.01296000000000001,0.067175061348037,0.0,0.0,4.407713498622589e-06,0.0007050253996201371,0.0,dd853e08989a5913,55
S7,forward_rollout_proxy,False,805501,0.125,0.125,1,1,164,0,3,1.0,1.0,24.0,65.42856011254474,0.5485084087928347,1.9893491124260354,0.014874452242157641,0.9851255477578423,8,0,0,6313.304418430891,6313.304418430892,6313.304418430891,0.0,0.05000000000000001,0.09251222041502728,0.004542372782566405,43.25,63.96767236319821,0.05684364645383458,0,4:wildfire:reserve|7:flood:alternative|9:funding_collapse|16:wildfire:reserve|51:flood:semiwild|90:wildfire:origin,0.004898442132213964,0.07902005679249134,0.027076698902821064,0.012466271648530926,0.0007267796452106248,0.0008890628509375869,0.0016037306084110525,dd853e08989a5913,55
S4,state_dependent_rule,False,805502,0.25,0.0,2,0,0,0,2,0.6666666666666666,1.0,19.5,32.62013960095125,0.30662099726370606,0.0,,,13,0,0,6343.520296803772,6343.520296803772,6343.520296803772,0.2201715643031048,0.05000000000000001,0.01316903542592158,0.0019291588668976728,33.75,49.91696976318932,0.04084517712960789,1,21:funding_collapse|28:wildfire:alternative|95:funding_collapse,0.0031908560055366538,0.05114750832316476,0.005169548235541292,0.005058088814350618,0.00030866541870362766,0.0006615840677599749,0.00242377776034519,dd853e08989a5913,55
S6,rule,False,805502,0.5,0.0,4,0,0,0,1,0.3333333333333333,1.0,22.0,149.7060168704695,0.6704768169673223,0.0,,,0,0,0,7550.18020815609,7550.180208156092,7550.18020815609,1.5,0.7267901603127719,0.07676850603059836,0.0003110194704147686,0.0,0.0,0.020447449996605856,2,21:funding_collapse|28:wildfire:alternative|95:funding_collapse,0.01472000000000001,0.07761541257030821,0.0,0.0,4.976311526636297e-05,0.0007380073471032408,0.0,dd853e08989a5913,55
S7,forward_rollout_proxy,False,805502,0.125,0.125,1,1,176,0,2,0.6666666666666666,1.0,19.5,66.93910951997161,0.5448480002656244,1.979297124600639,0.03059768045502249,0.9694023195449775,27,0,0,6421.224398205698,6421.224398205698,6421.224398205698,0.0,0.05000000000000001,0.09222747001547946,0.0005717364200170026,48.25,71.36277899478178,0.05592249384736525,1,21:funding_collapse|28:wildfire:alternative|95:funding_collapse,0.004954518654010388,0.07921413762267235,0.024849364807626992,0.013341166298459294,9.147782720272042e-05,0.0009660759551801521,0.00148539057982829,dd853e08989a5913,55
S4,state_dependent_rule,False,805503,0.25,0.25,2,2,185,0,3,1.0,1.0,24.666666666666668,76.95473480392526,0.5095376479608381,1.9733063451184898,0.03329866487679055,0.9667013351232094,13,0,0,6478.467461291302,6478.467461291302,3239.233730645651,0.023879196081148052,0.05000000000000001,0.15198001752358065,0.004504846742745669,93.25,137.9187386790342,0.07373477036197867,0,11:wildfire:semiwild|51:heatwave:alternative|54:heatwave:reserve|84:funding_collapse|97:wildfire:alternative,0.0034581990424206507,0.08051840462185154,0.04122320619655483,0.010494210760330027,0.0007207754788393069,0.0006883971461652188,0.0017248428678989854,dd853e08989a5913,55
S6,rule,False,805503,0.5,0.125,4,1,1,1,3,1.0,1.0,38.666666666666664,175.02610083233168,0.7240891862590395,1.0,0.0690205152,0.9309794848,0,0,0,7595.6944480788725,7595.694448078874,7595.6944480788725,1.5,0.6441299490296273,0.1361217886969537,0.0001856062200889787,0.0,0.0,0.02729396896995486,0,11:wildfire:semiwild|51:heatwave:alternative|54:heatwave:reserve|84:funding_collapse|97:wildfire:alternative,0.01600000000000001,0.0891379291562436,0.0,0.0,2.969699521423659e-05,0.0007431875895026335,0.0,dd853e08989a5913,55
S7,forward_rollout_proxy,False,805503,0.125,0.125,1,1,150,0,3,1.0,1.0,24.666666666666668,74.05717805265854,0.5412726810417954,2.5987525987525983,0.010740870385931677,0.9892591296140684,20,0,0,6918.2654479538,6918.2654479538,6918.2654479538,0.5366911596663683,0.05000000000000001,0.09979426235113797,0.0010223609312139724,46.75,69.1442470053067,0.06278368181805989,0,11:wildfire:semiwild|51:heatwave:alternative|54:heatwave:reserve|84:funding_collapse|97:wildfire:alternative,0.005244480502434878,0.08144235888727148,0.029183451775157833,0.01433547125879578,0.0001635777489942356,0.0008937309286403327,0.0012956440133342546,dd853e08989a5913,55
S4,state_dependent_rule,False,805600,0.25,0.25,2,2,215,0,2,0.6666666666666666,1.0,27.5,92.33409589550081,0.4601988788529671,2.4507891826681414,0.168527887457124,0.831472112542876,47,0,0,10233.006385345236,10233.006385345236,5116.503192672618,0.0,0.22973584162928848,0.17373116514183662,0.003277340550795902,124.25,187.5081556487291,0.06874844576113173,1,42:flood:reserve|74:heatwave:semiwild|86:funding_collapse|94:funding_collapse,0.004012690400293713,0.0773131206456695,0.061665899425260476,0.013294022770860498,0.0005243744881273446,0.0007521969546998471,0.001412652634390924,65d853883f04d1e9,56
S6,rule,False,805600,0.375,0.0,3,0,0,0,2,0.6666666666666666,1.0,44.0,96.4667859229905,0.44721507838393054,0.0,,,0,0,0,12049.41841140426,12049.418411404262,12049.41841140426,1.5,0.6634377370386485,0.06885641757215187,0.00015729332551057468,0.0,0.0,0.012563219341435092,1,42:flood:reserve|74:heatwave:semiwild|86:funding_collapse|94:funding_collapse,0.010080000000000007,0.06501693433564541,0.0,0.0,2.516693208169195e-05,0.0005628203483425675,0.0,65d853883f04d1e9,56
S7,forward_rollout_proxy,False,805600,0.25,0.125,2,1,255,66,2,0.6666666666666666,1.0,30.5,93.9237094554937,0.51484950099602,5.160304737719229,0.00337479865812658,0.9966252013418734,89,0,0,10753.51030346331,10753.51030346331,10753.51030346331,0.24933122084371018,0.3172488987299954,0.15363445536278947,0.0019469416739375434,93.5,141.10271672560265,0.07028259056298819,1,42:flood:reserve|74:heatwave:semiwild|86:funding_collapse|94:funding_collapse,0.006365059832420893,0.0793025073089979,0.032866539402513044,0.013301261641020197,0.0003115106678300069,0.0009286318651132425,0.0015122396048865472,65d853883f04d1e9,56
S4,state_dependent_rule,False,805601,0.125,0.125,1,1,180,0,3,1.0,1.0,25.0,80.08516801609899,0.4688596865836086,3.745664739884393,0.004563035861700696,0.9954369641382993,33,0,0,10101.192019681332,10101.192019681332,10101.192019681332,0.0,0.1041570113734026,0.11419169179586382,0.0022383230941284862,118.0,178.07615586760582,0.05034671629839807,0,29:wildfire:alternative|77:wildfire:alternative,0.0037929487208882345,0.07544417009031784,0.05168297178392231,0.014129325783920904,0.00035813169506055775,0.0008176308089780474,0.0014518547631162974,65d853883f04d1e9,56
S6,rule,False,805601,0.25,0.0,2,0,0,0,2,0.6666666666666666,1.0,23.0,84.69784194682403,0.4015403849060841,0.0,,,0,0,0,12061.297108813313,12061.297108813314,12061.297108813313,1.5,0.6699999999999999,0.06980094709169087,5.376344086021506e-05,0.0,0.0,0.014004735458454364,1,29:wildfire:alternative|77:wildfire:alternative,0.008960000000000006,0.05386671147937183,0.0,0.0,8.602150537634409e-06,0.0004243014640064776,0.0,65d853883f04d1e9,56
S7,forward_rollout_proxy,False,805601,0.125,0.125,1,1,203,0,2,0.6666666666666666,1.0,18.0,87.44314185098159,0.494455665262221,3.494953778305487,0.0027015986900677615,0.9972984013099322,39,0,0,10716.835612283958,10716.835612283958,10716.835612283958,0.07336549039264059,0.1420056191271244,0.11937727172894919,0.0034252314252624393,94.5,142.61183669058238,0.06988586016590938,1,29:wildfire:alternative|77:wildfire:alternative,0.00503286081162161,0.07911538359303476,0.03870134444510068,0.013052984282710494,0.0005480370280419902,0.00085422954807425,0.0014661881270728126,65d853883f04d1e9,56
S4,state_dependent_rule,False,805602,0.25,0.125,2,1,155,0,2,0.6666666666666666,1.0,15.0,76.88794055683795,0.47512267737227054,3.430672568899043,0.0005583540610351325,0.9994416459389649,45,0,0,10369.108429882424,10369.108429882424,10369.108429882424,0.0,0.15592267727518253,0.11705445059546485,0.0027507090820453545,123.0,185.6217556925044,0.054527285894780855,1,30:funding_collapse|48:wildfire:reserve|58:wildfire:alternative,0.0039003840663469273,0.07664890399355088,0.04416656437921195,0.01423422942358363,0.00044011345312725686,0.0009103319817698105,0.001611705418180488,65d853883f04d1e9,56
S6,rule,False,805602,0.25,0.0,2,0,0,0,2,0.6666666666666666,1.0,19.0,90.45268672667169,0.4211992914575044,0.0,,,0,0,0,12065.615172343323,12065.615172343323,12065.615172343323,1.5,0.6247437725874064,0.06534604703525351,0.00027670306693222837,0.0,0.0,0.014358348882564305,1,30:funding_collapse|48:wildfire:reserve|58:wildfire:alternative,0.009440000000000007,0.05852482102876361,0.0,0.0,4.4272490709156535e-05,0.0004916150230229626,0.0,65d853883f04d1e9,56
S7,forward_rollout_proxy,False,805602,0.25,0.125,2,1,227,0,2,0.6666666666666666,1.0,15.0,76.16465513340736,0.5057096261886682,3.860717764291601,0.003131088174294672,0.9968689118257054,48,0,0,10571.153112452723,10571.153112452723,10571.153112452723,0.0,0.23801024306242247,0.13209117555547994,0.001419092962747478,89.25,134.68895687443896,0.06716486803160837,1,30:funding_collapse|48:wildfire:reserve|58:wildfire:alternative,0.0051169486616163395,0.07832536934103491,0.03531072099117774,0.012813185561365993,0.00022705487403959648,0.0008700467287591046,0.001829599244869383,65d853883f04d1e9,56
S4,state_dependent_rule,False,805603,0.25,0.25,2,2,224,0,3,1.0,1.0,22.0,92.01282585921912,0.4564212494482952,2.747233831876849,0.0012243480284845649,0.9987756519715154,31,0,0,10041.419106813379,10041.419106813379,5020.709553406689,0.0,0.12052557055195512,0.1658376810768429,0.003095770307836393,141.25,213.1631950533841,0.06906392851439457,0,4:heatwave:semiwild|16:wildfire:semiwild|19:funding_collapse|26:wildfire:reserve|31:funding_collapse|47:wildfire:alternative|48:funding_collapse|82:funding_collapse,0.003690528012817852,0.07795159874504691,0.062005641348946844,0.011371423631591366,0.000495323249253823,0.0006739848016860981,0.0014600935868949389,65d853883f04d1e9,56
S6,rule,False,805603,0.25,0.0,2,0,0,0,2,0.6666666666666666,1.0,25.0,89.80222171223427,0.4203171532708466,0.0,,,0,0,0,11824.681792170679,11824.681792170679,11824.681792170679,1.4451793244445796,0.6086643522693482,0.06377900996092202,0.00024260177805699424,0.0,0.0,0.014562873669935928,1,4:heatwave:semiwild|16:wildfire:semiwild|19:funding_collapse|26:wildfire:reserve|31:funding_collapse|47:wildfire:alternative|48:funding_collapse|82:funding_collapse,0.009440000000000007,0.05945948726473685,0.0,0.0,3.8816284489119087e-05,0.0004445431799275184,0.0,65d853883f04d1e9,56
S7,forward_rollout_proxy,False,805603,0.25,0.25,2,2,202,0,3,1.0,1.0,25.666666666666668,79.05784970101017,0.5058600166348936,1.8557483731019522,0.15143626125245627,0.8485637387475438,40,0,0,10246.352810139038,10246.352810139038,5123.176405069519,0.0,0.18791711775575018,0.16585771446308684,0.0012983175944216675,82.5,124.50239711082595,0.08004259478246152,0,4:heatwave:semiwild|16:wildfire:semiwild|19:funding_collapse|26:wildfire:reserve|31:funding_collapse|47:wildfire:alternative|48:funding_collapse|82:funding_collapse,0.004803883201015109,0.07920232613728499,0.03167075606103995,0.010920526918950412,0.0002077308151074668,0.0006706980720612807,0.0017550733060004195,65d853883f04d1e9,56
S4,state_dependent_rule,False,805700,0.375,0.25,3,2,331,0,2,0.6666666666666666,1.0,9.5,90.44377794997466,0.4453341244097885,2.897818654359493,0.0018721614609534902,0.9981278385390465,25,0,0,14518.919956079317,14518.919956079317,7259.459978039658,0.0,0.055092084445633904,0.16502022673647357,0.003488206402782837,198.0,58.235321289463975,0.09016415874157623,1,4:flood:origin|13:wildfire:semiwild|31:heatwave:alternative|68:flood:semiwild,0.0019149303662402447,0.07669203145348934,0.08176025758636962,0.015311985623966556,0.0005581130244452537,0.0008896066398928947,0.0004380687892842414,90d803c17d027745,57
S6,rule,False,805700,0.0,0.0,0,0,0,0,2,0.6666666666666666,1.0,13.5,23.204309678227904,0.22510891326098123,0.0,,,0,0,0,17599.687307816566,17599.68730781657,17599.687307816566,1.339008892032528,0.6514004438969967,0.06659034451609157,0.00026182417773149355,0.0,0.0,0.007251500631959483,1,4:flood:origin|13:wildfire:semiwild|31:heatwave:alternative|68:flood:semiwild,0.005120000000000003,0.03505063882994787,0.0,0.0,4.1891868437038965e-05,0.0002785560406338452,0.0,90d803c17d027745,57
S7,forward_rollout_proxy,False,805700,0.125,0.125,1,1,105,0,2,0.6666666666666666,1.0,13.0,38.90669848958193,0.5144562876365822,2.5741302825122574,0.008986554676567666,0.9910134453234324,33,0,0,14595.887005070737,14595.887005070737,14595.887005070737,0.0,0.07261851131303211,0.09936454965601232,0.0009206198164462705,119.0,35.00001633053643,0.05055697849793274,1,4:flood:origin|13:wildfire:semiwild|31:heatwave:alternative|68:flood:semiwild,0.0025537304786726017,0.08709608907778874,0.019131778120921563,0.005864063500724036,0.00014729917063140328,0.0005214099436210168,0.0007360502524646761,90d803c17d027745,57
S4,state_dependent_rule,False,805701,0.25,0.25,2,2,260,0,3,1.0,1.0,21.333333333333332,88.27978947291976,0.4760593975865441,3.119802066231462,0.002867993196713532,0.9971320068032865,24,0,0,14704.23450033763,14704.23450033763,7352.117250168815,0.0,0.055092084445633904,0.16293751237124848,0.000473505532576385,200.5,58.97061575018953,0.06865141632185222,0,53:flood:semiwild,0.0027802927891135256,0.0773744050450787,0.06819396250827053,0.012521082832464508,7.57608852122216e-05,0.0008068093491906622,0.0004162364678352954,90d803c17d027745,57
S6,rule,False,805701,0.125,0.0,1,0,0,0,2,0.6666666666666666,1.0,24.5,63.28439738111781,0.3765988332773854,0.0,,,0,0,0,17816.240989106194,17816.2409891062,17816.240989106194,1.4635275384361972,0.6695658345428606,0.06914742855573935,2.8328611898016997e-05,0.0,0.0,0.010954225507266498,1,53:flood:semiwild,0.008480000000000007,0.0542915306150146,0.0,0.0,4.532577903682719e-06,0.0005251035296962691,0.0,90d803c17d027745,57
S7,forward_rollout_proxy,False,805701,0.25,0.25,2,2,314,0,2,0.6666666666666666,1.0,16.5,74.93526614406585,0.4972543834791437,2.341791683207992,0.01721283987145191,0.982787160128548,28,0,0,15056.874903800017,15056.874903800017,7528.437451900008,0.0,0.11045388684158709,0.16330297856060763,0.003080434639394023,126.75,37.27942915878565,0.08169836522184487,1,53:flood:semiwild,0.0036578896929843254,0.07764683315113861,0.04934913216828039,0.016206199256300687,0.0004928695423030436,0.0009524510731164725,0.00045060559056047,90d803c17d027745,57
S4,state_dependent_rule,False,805702,0.25,0.25,2,2,175,0,1,0.3333333333333333,1.0,19.0,92.48339830566907,0.4632195933433488,3.506374842846039,0.0027766764908375755,0.9972233235091624,34,0,0,14640.155487023503,14640.155487023503,7320.077743511752,0.0,0.055092084445633904,0.1679971387227777,0.0017945389265538838,190.0,55.8823790151422,0.07462090924876941,2,37:flood:alternative|46:wildfire:alternative|61:wildfire:origin,0.0027493060625376235,0.07837021030047892,0.08323337019364412,0.010646381245189341,0.00028712622824862135,0.0006246370054139591,0.0003476137298792949,90d803c17d027745,57
S6,rule,False,805702,0.375,0.0,3,0,0,0,0,0.0,0.0,,85.33535134136255,0.41477386782951087,0.0,,,0,0,0,17502.84000097352,17502.84000097352,17502.84000097352,1.2215166840604643,0.5519586885640483,0.05851389284845093,0.00012794348508634223,0.0,0.0,0.01659011996023052,3,37:flood:alternative|46:wildfire:alternative|61:wildfire:origin,0.009440000000000007,0.06499682966836684,0.0,0.0,2.0470957613814758e-05,0.0004688315445083823,0.0,90d803c17d027745,57
S7,forward_rollout_proxy,False,805702,0.125,0.125,1,1,175,0,1,0.3333333333333333,1.0,24.0,74.56594695616371,0.5088114806285406,2.9258622336868254,0.009916332400606076,0.9900836675993939,22,0,0,14913.261913582115,14913.261913582115,14913.261913582115,0.0,0.07261851131303211,0.10450056677451355,0.001451221914644108,103.5,30.441190674037987,0.058650466531710355,2,37:flood:alternative|46:wildfire:alternative|61:wildfire:origin,0.003540802307201746,0.07612287989909702,0.04096329122813048,0.014423365170583515,0.00023219550634305717,0.0009173426979953763,0.0003525560586594579,90d803c17d027745,57
S4,state_dependent_rule,False,805703,0.25,0.125,2,1,188,0,3,1.0,1.0,23.0,83.23957583695342,0.48716118403010006,3.666390041493776,0.002769988194182127,0.9972300118058178,32,0,0,14615.332708088266,14615.332708088265,14615.332708088266,0.0,0.055092084445633904,0.1095347048141513,0.0016662442400457835,182.25,53.60296618689298,0.05555797977325076,0,14:flood:alternative|30:wildfire:reserve|51:heatwave:alternative|53:flood:origin|69:flood:alternative|85:funding_collapse,0.0026587556651816308,0.07446589160199087,0.05306117949313605,0.015185403114722778,0.0002665990784073254,0.0009809446927482558,0.0004222915942518992,90d803c17d027745,57
S6,rule,False,805703,0.125,0.0,1,0,0,0,3,1.0,1.0,28.333333333333332,65.21728247815633,0.36264137977456296,0.0,,,0,0,0,17184.339470416577,17184.33947041658,17184.339470416577,1.0466913210524804,0.39132005038726847,0.04140843438729518,0.0001849271701523755,0.0,0.0,0.011382146742841666,0,14:flood:alternative|30:wildfire:reserve|51:heatwave:alternative|53:flood:origin|69:flood:alternative|85:funding_collapse,0.008160000000000006,0.05185791105427019,0.0,0.0,2.9588347224380083e-05,0.0006111208239425591,0.0,90d803c17d027745,57
S7,forward_rollout_proxy,False,805703,0.125,0.125,1,1,201,0,3,1.0,1.0,23.0,86.3423344441834,0.5039116365234431,2.9770098003094834,0.0037951347349984635,0.9962048652650015,32,0,0,14751.10799959578,14751.10799959578,14751.10799959578,0.0,0.07191642916517049,0.10460550097796653,0.0006853915176455963,123.75,36.39707580591499,0.0569688002917732,0,14:flood:alternative|30:wildfire:reserve|51:heatwave:alternative|53:flood:origin|69:flood:alternative|85:funding_collapse,0.003649440290789676,0.07741590714074893,0.04731459153292701,0.013563308003154527,0.00010966264282329536,0.0008107769961170143,0.00030786001557271876,90d803c17d027745,57
S4,state_dependent_rule,False,805800,0.125,0.125,1,1,154,0,3,1.0,1.0,16.333333333333332,101.39438260057044,0.5632370289230341,4.924418604651163,0.0003508657347653191,0.9996491342652347,12,0,0,11260.125687273716,11260.125687273716,11260.125687273716,1.5,0.12374197499458457,0.12635474499534388,0.003363654231936933,135.0,183.14204902809877,0.04243180724686893,0,13:flood:reserve|24:flood:origin|33:flood:alternative|55:heatwave:origin,0.0027439694643610875,0.07484644494195698,0.05839344926595344,0.014947750014726322,0.0005381846771099095,0.0008060053176368281,0.0013257879977182816,9f0ca9efe383e050,58
S6,rule,False,805800,0.0,0.0,0,0,0,0,3,1.0,1.0,18.666666666666668,35.32002334345526,0.20955246731830762,0.0,,,0,0,0,10647.46221365886,10647.46221365886,10647.46221365886,1.3755862392239777,0.2533226063114487,0.026561088310979152,5.523809523809524e-05,0.0,0.0,0.006144138399171401,0,13:flood:reserve|24:flood:origin|33:flood:alternative|55:heatwave:origin,0.004800000000000003,0.03441995356161662,0.0,0.0,8.838095238095238e-06,0.00021874102483776398,0.0,9f0ca9efe383e050,58
S7,forward_rollout_proxy,False,805800,0.0,0.0,0,0,0,0,3,1.0,1.0,17.333333333333332,31.887619937148628,0.2989907491461175,0.0,,,10,0,0,10969.610399041057,10969.610399041057,10969.610399041057,1.5,0.15149114762901345,0.021187622277191353,0.0020432639212480757,22.0,29.84537095272719,0.030192537571450045,0,13:flood:reserve|24:flood:origin|33:flood:alternative|55:heatwave:origin,0.0034940905480636618,0.041453692910960446,0.001313151699187068,0.004943543894315889,0.0003269222273996922,0.0006767110062821438,0.0018060527603283943,9f0ca9efe383e050,58
S4,state_dependent_rule,False,805801,0.0,0.0,0,0,0,0,3,1.0,1.0,18.333333333333332,31.282590630802574,0.17054383047647662,0.0,,,20,0,0,10766.761745160507,10766.76174516051,10766.761745160507,1.4130306181305399,0.13639238443980709,0.017217606990577547,0.006067161910185588,25.5,34.59349814975197,0.017891842732984196,0,13:wildfire:origin|26:wildfire:semiwild|32:funding_collapse|50:heatwave:origin|89:wildfire:semiwild,0.002758073147529312,0.027267552566641998,0.00038723555624812367,0.0010096338134297784,0.0009707459056296939,0.00026587909492830107,0.0006563417426327798,9f0ca9efe383e050,58
S6,rule,False,805801,0.0,0.0,0,0,0,0,3,1.0,1.0,22.0,35.915583841320625,0.18374354484948305,0.0,,,0,0,0,10791.748315788513,10791.748315788514,10791.748315788513,1.5,0.35651548155593,0.0366835207192466,0.0001243203470829714,0.0,0.0,0.005159862818267977,0,13:wildfire:origin|26:wildfire:semiwild|32:funding_collapse|50:heatwave:origin|89:wildfire:semiwild,0.004320000000000003,0.03569921916124342,0.0,0.0,1.9891255533275424e-05,0.00031734473374024185,0.0,9f0ca9efe383e050,58
S7,forward_rollout_proxy,False,805801,0.0,0.0,0,0,0,0,3,1.0,1.0,17.333333333333332,33.190778038364265,0.17176961389846454,0.0,,,6,0,0,10636.731279346328,10636.73127934633,10636.731279346328,1.365277541774279,0.19637259613092026,0.02376980375104311,0.0025747001090512538,12.25,16.618445189586733,0.02066272068975542,0,13:wildfire:origin|26:wildfire:semiwild|32:funding_collapse|50:heatwave:origin|89:wildfire:semiwild,0.0029102782859497856,0.027835461581632713,0.00029862577547382665,0.0007581632346879069,0.0004119520174482007,0.00022717506043725476,0.0004295670915937127,9f0ca9efe383e050,58
S4,state_dependent_rule,False,805802,0.125,0.125,1,1,182,0,3,1.0,1.0,20.666666666666668,79.5598891274182,0.5799243724031028,3.064199814986124,0.0011252530539076339,0.9988747469460924,17,0,0,11123.573439312137,11123.573439312137,11123.573439312137,1.5,0.1398693235963682,0.10993705150513622,0.005604401706579966,117.5,159.40141304297484,0.04529060497819083,0,27:funding_collapse|44:funding_collapse|75:funding_collapse|85:flood:origin|95:heatwave:semiwild,0.003078882825983806,0.07616841964066351,0.04414969278446426,0.014826645822365439,0.0008967042730527941,0.0008753020713565118,0.0014762610955351895,9f0ca9efe383e050,58
S6,rule,False,805802,0.0,0.0,0,0,0,0,2,0.6666666666666666,1.0,25.5,42.531112245297166,0.23706536184548163,0.0,,,0,0,0,10842.219248079,10842.219248079002,10842.219248079,1.5,0.35803562849853793,0.03739434466263301,0.00010916458660750054,0.0,0.0,0.007953909063896043,1,27:funding_collapse|44:funding_collapse|75:funding_collapse|85:flood:origin|95:heatwave:semiwild,0.005440000000000004,0.039327437338754344,0.0,0.0,1.7466333857200086e-05,0.00034973448190684866,0.0,9f0ca9efe383e050,58
S7,forward_rollout_proxy,False,805802,0.125,0.125,1,1,176,0,2,0.6666666666666666,1.0,22.0,83.95875637301477,0.5813137626127011,2.7981933152664857,0.003985136713899287,0.9960148632861007,19,0,0,11119.422588112991,11119.422588112991,11119.422588112991,1.5,0.20385554631574487,0.11588120554899012,0.0038341608904686715,93.5,126.84282654909053,0.05631858882375385,1,27:funding_collapse|44:funding_collapse|75:funding_collapse|85:flood:origin|95:heatwave:semiwild,0.0034354508954397233,0.07798589811909948,0.04038130824650113,0.014200387549072446,0.0006134657424749876,0.0008958168964912624,0.0013448816041557188,9f0ca9efe383e050,58
S4,state_dependent_rule,False,805803,0.125,0.125,1,1,139,0,3,1.0,1.0,20.666666666666668,76.07049423583389,0.5787407763104513,3.26423382328096,0.0013115228184474176,0.9986884771815526,18,0,0,11203.97714058648,11203.97714058648,11203.97714058648,1.5,0.14065281466988225,0.1113753647379809,0.004711120369777282,129.5,175.68070628991694,0.04208872519091546,0,9:wildfire:semiwild|34:wildfire:semiwild|73:funding_collapse|98:heatwave:origin,0.0031066676715105473,0.07576371547583073,0.04711558365217686,0.014638764989449892,0.0007537792591643652,0.00085191135195895,0.0017133500537963935,9f0ca9efe383e050,58
S6,rule,False,805803,0.0,0.0,0,0,0,0,3,1.0,1.0,21.666666666666668,38.08965422763107,0.2565670413619964,0.0,,,0,0,0,10922.936279052288,10922.93627905229,10922.936279052288,1.5,0.36000000000000004,0.03746066171766608,0.00016555294166775033,0.0,0.0,0.007303308588330379,0,9:wildfire:semiwild|34:wildfire:semiwild|73:funding_collapse|98:heatwave:origin,0.005920000000000004,0.044283401971787345,0.0,0.0,2.6488470666840054e-05,0.0003030681955494668,0.0,9f0ca9efe383e050,58
S7,forward_rollout_proxy,False,805803,0.125,0.125,1,1,190,0,3,1.0,1.0,21.333333333333332,73.03101205034423,0.5871837996752286,3.68141953905772,0.008122771834765887,0.9918772281652342,11,0,0,11187.437307152417,11187.437307152419,11187.437307152417,1.5,0.20490994846710606,0.1232142744742796,0.004113643273437502,84.0,113.95505272859467,0.048295421184959,0,9:wildfire:semiwild|34:wildfire:semiwild|73:funding_collapse|98:heatwave:origin,0.0034931510021012934,0.07706846845421322,0.03961238026611332,0.01403570965609267,0.0006581829237500002,0.0007752550341208169,0.0013687795417635276,9f0ca9efe383e050,58
S4,state_dependent_rule,False,805900,0.25,0.125,2,1,158,0,0,0.0,0.0,,47.961019164684615,0.4983288903075062,1.9920204277050753,0.006374827126756783,0.9936251728732433,27,0,0,15956.917364574765,15956.917364574765,15956.917364574765,1.5,0.14740786380487295,0.10181500286112419,0.0016142507398499931,151.75,281.4037738687939,0.054520061017930624,3,2:heatwave:origin|51:funding_collapse|93:flood:alternative,0.0017527541371403195,0.08147808413739988,0.04025872474642469,0.012702597216392355,0.0002582801183759989,0.0007447580151912999,0.0038614539532594266,cbfda4c34f7ca7d3,59
S6,rule,False,805900,0.0,0.0,0,0,0,0,0,0.0,0.0,,14.877666437571154,0.14262234693523848,0.0,,,0,0,0,15534.125443672898,15534.125443672905,15534.125443672898,1.5,0.24819300309666117,0.025850160479209315,2.7548209366391185e-05,0.0,0.0,0.005154300847715992,3,2:heatwave:origin|51:funding_collapse|93:flood:alternative,0.003360000000000002,0.028180088020731416,0.0,0.0,4.407713498622589e-06,0.00013315733053149807,0.0,cbfda4c34f7ca7d3,59
S7,forward_rollout_proxy,False,805900,0.125,0.125,1,1,82,0,0,0.0,0.0,,35.89609383554623,0.519067211995129,2.0,0.014300540958494482,0.9856994590415055,35,0,0,15907.07173482873,15907.07173482873,15907.07173482873,1.5,0.17680239484960267,0.10387904166332655,0.004287120444597883,110.5,204.9101615321366,0.04974401089183139,3,2:heatwave:origin|51:funding_collapse|93:flood:alternative,0.002506405619995049,0.08263738529329126,0.022372849737564107,0.013224373214624021,0.0006859392711356614,0.0008903540812340644,0.0044573912190779864,cbfda4c34f7ca7d3,59
S4,state_dependent_rule,False,805901,0.125,0.125,1,1,111,0,0,0.0,0.0,,63.6191219089436,0.527335057952125,2.5119266055045872,0.009146681618112976,0.9908533183818871,43,0,0,15726.184677900537,15726.184677900537,15726.184677900537,1.5,0.14534676081225945,0.10865707910728442,0.0025822313244992074,181.5,336.5718942812922,0.06376568485506291,3,12:heatwave:semiwild|24:funding_collapse|39:wildfire:alternative|41:flood:semiwild|52:funding_collapse|70:flood:reserve|77:heatwave:semiwild|99:funding_collapse,0.003233931587353642,0.08632582948918936,0.027604486126516493,0.006451417639607112,0.00041315701191987306,0.000536992851867512,0.004586119340135604,cbfda4c34f7ca7d3,59
S6,rule,False,805901,0.0,0.0,0,0,0,0,0,0.0,0.0,,37.32390001643526,0.21944915222989667,0.0,,,0,0,0,15604.86876325377,15604.868763253771,15604.86876325377,1.5,0.24754473664417784,0.026942214885833926,8.81495514667082e-05,0.0,0.0,0.010938706107080719,3,12:heatwave:semiwild|24:funding_collapse|39:wildfire:alternative|41:flood:semiwild|52:funding_collapse|70:flood:reserve|77:heatwave:semiwild|99:funding_collapse,0.0049600000000000035,0.03256618923442574,0.0,0.0,1.4103928234673311e-05,0.0003105546074429316,0.0,cbfda4c34f7ca7d3,59
S7,forward_rollout_proxy,False,805901,0.125,0.125,1,1,196,0,0,0.0,0.0,,74.19720996725127,0.5231812651612999,3.919200163231994,0.0019450833504298512,0.9980549166495701,28,0,0,15661.013854331852,15661.013854331852,15661.013854331852,1.5,0.17423599929525493,0.12639824671948288,0.0018453174925059002,120.75,223.91766520366969,0.06766322578818718,3,12:heatwave:semiwild|24:funding_collapse|39:wildfire:alternative|41:flood:semiwild|52:funding_collapse|70:flood:reserve|77:heatwave:semiwild|99:funding_collapse,0.0037229655041827385,0.07718610129628631,0.037638581420475395,0.013989080420773783,0.00029525079880094395,0.0009310764242318896,0.0026331637281045246,cbfda4c34f7ca7d3,59
S4,state_dependent_rule,False,805902,0.375,0.375,3,3,393,0,0,0.0,0.0,,101.93591755440134,0.46602570215120287,3.0179278218406225,0.0072435851017690275,0.992756414898231,30,0,0,15878.577023965117,15878.577023965117,5292.8590079883725,1.5,0.1593210800817761,0.23470845490486306,0.0006959050590209298,207.75,385.24964758643756,0.09923534339139613,3,29:heatwave:reserve|41:flood:alternative|75:heatwave:semiwild|86:heatwave:semiwild,0.003158967941170287,0.07685387822381941,0.09607750028544441,0.01211882798182783,0.00011134480944334876,0.0006841265616109353,0.0022509493375875477,cbfda4c34f7ca7d3,59
S6,rule,False,805902,0.0,0.0,0,0,0,0,0,0.0,0.0,,39.970242289733335,0.2529338099612332,0.0,,,0,0,0,15749.84011916001,15749.840119160013,15749.84011916001,1.5,0.2624487016603872,0.02834413725100735,0.00013157894736842105,0.0,0.0,0.010496335424843137,3,29:heatwave:reserve|41:flood:alternative|75:heatwave:semiwild|86:heatwave:semiwild,0.005760000000000004,0.039745887343921676,0.0,0.0,2.105263157894737e-05,0.0003392500632661663,0.0,cbfda4c34f7ca7d3,59
S7,forward_rollout_proxy,False,805902,0.25,0.125,2,1,187,0,0,0.0,0.0,,88.56106224322893,0.5155739404932017,2.80312625250501,0.0007049135748761376,0.9992950864251239,36,0,0,15846.660419403242,15846.660419403242,15846.660419403242,1.5,0.18865974902463958,0.12071624438355588,0.0007098590885406974,131.25,243.38876652572785,0.08784503478020904,3,29:heatwave:reserve|41:flood:alternative|75:heatwave:semiwild|86:heatwave:semiwild,0.0036241666166957937,0.0765904518261088,0.053357508777882146,0.012868104047315499,0.00011357745416651162,0.0007064400727711673,0.0019081139298480758,cbfda4c34f7ca7d3,59
S4,state_dependent_rule,False,805903,0.5,0.375,4,3,415,1,0,0.0,0.0,,108.57756663165824,0.47054677977347,2.9553360664770802,0.0004367172141592497,0.9995632827858407,36,0,0,15885.308045788383,15885.308045788383,5295.102681929461,1.5,0.24005078850178652,0.24398709196049584,0.0014598547109615273,264.25,490.0227166051317,0.1083932622277318,3,11:flood:semiwild|32:flood:origin|34:flood:semiwild|55:heatwave:origin|67:flood:semiwild,0.002930492775116397,0.07974304477352875,0.08568949927057419,0.010688888856603579,0.0002335767537538444,0.0006480309321941611,0.002789626846752631,cbfda4c34f7ca7d3,59
S6,rule,False,805903,0.0,0.0,0,0,0,0,0,0.0,0.0,,41.78885829938913,0.2519467697884193,0.0,,,0,0,0,15754.125347416775,15754.125347416777,15754.125347416775,1.5,0.3431988899798184,0.036558886586088454,0.0003810868736721354,0.0,0.0,0.011194987940533063,3,11:flood:semiwild|32:flood:origin|34:flood:semiwild|55:heatwave:origin|67:flood:semiwild,0.005760000000000004,0.04080158208783514,0.0,0.0,6.097389978754167e-05,0.00023067422395805633,0.0,cbfda4c34f7ca7d3,59
S7,forward_rollout_proxy,False,805903,0.0,0.0,0,0,0,0,0,0.0,0.0,,36.63247131402764,0.25524468290277985,0.0,,,29,0,0,15821.96867896829,15821.96867896829,15821.96867896829,1.5,0.26924479742818846,0.03591530805360175,0.0003865931972005261,35.75,66.29446402510308,0.04495414155391449,3,11:flood:semiwild|32:flood:origin|34:flood:semiwild|55:heatwave:origin|67:flood:semiwild,0.00385108683549508,0.0387430731685731,0.0004688390642629302,0.0015808256495247525,6.185491155208418e-05,0.0005384664518022098,0.0027728766517783193,cbfda4c34f7ca7d3,59
S4,state_dependent_rule,False,806000,0.375,0.25,3,2,377,377,1,0.3333333333333333,1.0,19.0,256.00329467925616,0.7418851899033233,5.304295180136654,0.0001190628958483717,0.9998809371041516,78,0,0,9501.44405292768,9501.444052927684,4750.72202646384,1.5,0.46959263184788774,0.22922366814375253,0.0004539955643117769,59.5,40.22675769388873,0.08360726578798605,2,24:heatwave:reserve|27:wildfire:semiwild|39:wildfire:reserve|40:funding_collapse|47:flood:origin|89:flood:semiwild,0.01663530208213893,0.049144450202333115,0.00022518755885404278,0.00025027424641861884,7.263929028988431e-05,0.0006304212923998703,0.0001664349281498053,0f886c5010feb185,60
S6,rule,False,806000,0.75,0.25,6,2,2,2,1,0.3333333333333333,1.0,52.0,295.74977811564884,0.7300650239087494,1.0,0.0,1.0,0,0,0,9512.042961218185,9512.042961218185,4756.021480609093,1.5,0.7136261234395924,0.200100341919888,0.00021317256161877882,0.0,0.0,0.0311886478796437,2,24:heatwave:reserve|27:wildfire:semiwild|39:wildfire:reserve|40:funding_collapse|47:flood:origin|89:flood:semiwild,0.01600000000000001,0.08300130405504703,0.0,0.0,3.410760985900461e-05,0.0008995644263445072,0.0,0f886c5010feb185,60
S7,forward_rollout_proxy,False,806000,0.5,0.375,4,3,526,526,1,0.3333333333333333,1.0,12.0,292.54095933484905,0.7483675768735307,2.6662390361986694,0.0003495834528642432,0.9996504165471357,13,0,0,9494.671620938012,9494.671620938014,3164.8905403126705,1.5,0.5459146214977546,0.2726273047278061,0.00018084203377264965,23.75,16.056899079493387,0.11311726108021973,2,24:heatwave:reserve|27:wildfire:semiwild|39:wildfire:reserve|40:funding_collapse|47:flood:origin|89:flood:semiwild,0.01688149721683906,0.04857558501996311,1.716872605308647e-05,6.687082839937198e-05,2.8934725403623947e-05,0.0009382856813495051,9.772624840887693e-05,0f886c5010feb185,60
S4,state_dependent_rule,False,806001,0.5,0.5,4,4,557,557,3,1.0,1.0,18.0,156.46631787209472,0.5300497713432462,3.1603503732279425,0.006153566332744981,0.993846433667255,247,0,0,9522.113615430584,9522.113615430591,2380.528403857646,1.5,0.5589770766964196,0.3353251996120543,0.00044556041133976467,100.5,67.94603610480361,0.11411994105066468,0,6:wildfire:origin|22:funding_collapse|27:flood:alternative|54:wildfire:reserve|59:wildfire:origin|69:funding_collapse,0.01335268442380827,0.06397278610097103,0.11697930578554562,0.02088649610260213,7.128966581436234e-05,0.001196207076538845,0.0003970084910686932,0f886c5010feb185,60
S6,rule,False,806001,0.125,0.0,1,0,0,0,3,1.0,1.0,18.333333333333332,58.79397104194105,0.48823544009774184,0.0,,,0,0,0,9471.57162350364,9471.57162350364,9471.57162350364,1.5,0.6699999999999999,0.06955028583699052,0.00018713660544723214,0.0,0.0,0.012751429184952645,0,6:wildfire:origin|22:funding_collapse|27:flood:alternative|54:wildfire:reserve|59:wildfire:origin|69:funding_collapse,0.010880000000000008,0.06459485389743683,0.0,0.0,2.994185687155714e-05,0.0006597641479497228,0.0,0f886c5010feb185,60
S7,forward_rollout_proxy,False,806001,0.5,0.5,4,4,787,787,3,1.0,1.0,20.333333333333332,197.45670082944946,0.4992404219520393,2.8570472350347234,0.0023342667388714473,0.9976657332611285,114,0,0,9508.124420591199,9508.124420591204,2377.0311051477997,1.5,0.6247403082489144,0.3429988509868328,0.00040280810745969717,45.5,30.761638236503142,0.13477173905797069,0,6:wildfire:origin|22:funding_collapse|27:flood:alternative|54:wildfire:reserve|59:wildfire:origin|69:funding_collapse,0.013295587171761871,0.05536393313642913,0.15390215506715185,0.025270742573515807,6.444929719355155e-05,0.0011357893719169767,0.00015446306903343769,0f886c5010feb185,60
S4,state_dependent_rule,False,806002,0.625,0.5,5,4,773,773,2,0.6666666666666666,1.0,51.0,234.41188685866553,0.47940559049780485,4.3860630327772725,0.0030458241998890783,0.9969541758001109,51,0,0,9494.769337108271,9494.769337108277,2373.692334277068,1.5,0.6667486868723388,0.3590770372094594,0.00030491621081080573,80.25,54.25541688965666,0.11770769097226375,1,5:heatwave:alternative|69:funding_collapse|79:flood:semiwild,0.013511341989954209,0.049811938343237126,0.19695955419183453,0.02056549026829952,4.878659372972892e-05,0.0011719034142812438,0.00014251494063870505,0f886c5010feb185,60
S6,rule,False,806002,0.875,0.375,7,3,94,94,1,0.3333333333333333,1.0,76.0,442.0607397252795,0.7532839660965182,3.64434784517772,0.0,1.0,0,0,0,9491.227909580348,9491.227909580348,3163.7426365267825,1.5,0.7986252392619884,0.2920469854720167,0.0002844451079218824,0.0,0.0,0.03495491547020302,2,5:heatwave:alternative|69:funding_collapse|79:flood:semiwild,0.01600000000000001,0.05971037662336186,0.0,0.0,4.5511217267501176e-05,0.0009601460628522414,0.0,0f886c5010feb185,60
S7,forward_rollout_proxy,False,806002,0.625,0.5,5,4,842,842,1,0.3333333333333333,1.0,30.0,254.0587099768128,0.5437959803120368,4.4437045246631275,0.002560051695688173,0.9974399483043118,22,0,0,9476.1009762335,9476.100976233503,2369.025244058375,1.5,0.6699999999999999,0.3681529569394206,0.00035353656431871556,57.75,39.04361776171555,0.1585795584639466,2,5:heatwave:alternative|69:funding_collapse|79:flood:semiwild,0.01403793575467422,0.0457436117782896,0.1547273747391729,0.015982828106671922,5.6565850290994506e-05,0.001103973383960634,0.00010433730185388655,0f886c5010feb185,60
S4,state_dependent_rule,False,806003,0.625,0.5,5,4,678,669,3,1.0,1.0,40.333333333333336,321.1594365966037,0.6718729058306993,3.4017939976531864,0.001990177098715938,0.998009822901284,254,0,0,9489.551275004505,9489.55127500451,2372.3878187511264,1.5,0.5754465449699494,0.3394645076632564,0.0005142562150730505,111.0,75.04487569784281,0.1145095659486478,0,46:heatwave:semiwild|52:heatwave:reserve|82:funding_collapse|85:heatwave:semiwild|86:funding_collapse,0.01536999984761331,0.05753353007945384,0.03449245728060102,0.00821351776041194,8.228099441168808e-05,0.0008425005634494651,0.0001968081218120145,0f886c5010feb185,60
S6,rule,False,806003,1.0,0.5,8,4,126,126,1,0.3333333333333333,1.0,52.0,468.9670977601417,0.7526597989041908,3.4501130855538893,0.0,1.0,0,0,0,9486.00146822871,9486.00146822871,2371.5003670571773,1.5,0.7984320492920988,0.3484578112700989,0.00048346480525163416,0.0,0.0,0.04556737742675078,2,46:heatwave:semiwild|52:heatwave:reserve|82:funding_collapse|85:heatwave:semiwild|86:funding_collapse,0.01600000000000001,0.06030247011909111,0.0,0.0,7.735436884026147e-05,0.0009603766078781586,0.0,0f886c5010feb185,60
S7,forward_rollout_proxy,False,806003,0.625,0.5,5,4,1113,1113,2,0.6666666666666666,1.0,27.5,377.8328076305239,0.6695395374520297,4.43396948379031,0.0006911722470777098,0.9993088277529223,32,0,0,9470.29876163372,9470.298761633723,2367.57469040843,1.5,0.6437546713175214,0.35988877704363187,0.0004251803376738397,49.25,33.296938091159994,0.13086807536988315,1,46:heatwave:semiwild|52:heatwave:reserve|82:funding_collapse|85:heatwave:semiwild|86:funding_collapse,0.015441789535795346,0.05301503597317864,0.04300127656285615,0.012543380882590455,6.802885402781435e-05,0.0009146205421703763,8.798510193770642e-05,0f886c5010feb185,60
S4,state_dependent_rule,False,806100,0.25,0.25,2,2,268,0,3,1.0,1.0,19.333333333333332,102.42988317516482,0.5617692984919814,4.008512087163773,0.0041832190264292635,0.9958167809735707,15,0,0,13733.794150440175,13733.794150440175,6866.897075220088,1.5,0.05000000000000001,0.1710576153884332,0.002054454413322855,207.75,347.70433323839313,0.06736247258397733,0,6:wildfire:origin|47:wildfire:reserve,0.0035677256566911133,0.07823218308971304,0.06629528498201537,0.013750284740332186,0.00032871270613165667,0.0007691050391778615,0.0023842726683962426,d0ae79faacfd33a6,61
S6,rule,False,806100,0.625,0.5,5,4,753,753,2,0.6666666666666666,1.0,19.5,448.75043051212407,0.7781494653824318,4.416578992776662,0.08269540690606834,0.9173045930939316,0,0,0,13750.787979123927,13750.787979123928,3437.6969947809816,1.5,0.98,0.37306755107806144,0.00010218347926371198,0.0,0.0,0.02950880575147424,0,6:wildfire:origin|47:wildfire:reserve,0.01600000000000001,0.03527358844820803,0.0,0.0,1.6349356682193918e-05,0.0005605968126780148,0.0,d0ae79faacfd33a6,61
S7,forward_rollout_proxy,False,806100,0.25,0.25,2,2,160,11,3,1.0,1.0,20.333333333333332,101.1308787100158,0.5993288574410688,2.450053504759942,0.014546795588726506,0.9854532044112735,81,0,0,13701.321411977133,13701.321411977133,6850.660705988566,1.5,0.2842410369677275,0.18322636975497597,0.0018748216542954323,135.25,226.36347085676377,0.08900865505301889,0,6:wildfire:origin|47:wildfire:reserve,0.007025420629744284,0.07743696143599711,0.0653237046934501,0.013021849133247458,0.0002999714646872692,0.0006772147232844468,0.0017753342128097387,d0ae79faacfd33a6,61
S4,state_dependent_rule,False,806101,0.25,0.125,2,1,176,0,2,0.6666666666666666,1.0,22.5,90.5149198434029,0.5831906250948736,3.7034911525585845,0.0006415353532308155,0.9993584646467691,55,0,0,13622.822617245482,13622.82261724548,13622.822617245482,1.5,0.05000000000000001,0.10917408278294952,0.001848153039553084,146.5,245.19222536425804,0.05444585628681834,1,26:heatwave:reserve|49:funding_collapse|60:funding_collapse|66:funding_collapse|89:flood:semiwild,0.003946241047050398,0.07411757016137124,0.05097834327304091,0.013761139360829663,0.00029570448632849347,0.0008349825716628966,0.0020754697505412528,d0ae79faacfd33a6,61
S6,rule,False,806101,0.875,0.875,7,7,1130,1130,1,0.3333333333333333,1.0,30.0,764.0640081765096,0.7858933477097506,4.895609087762066,0.0003075965575685577,0.9996924034424315,0,0,0,13649.742259064864,13649.742259064864,1949.963179866409,1.5,0.98,0.5510548709394556,0.00038980947201660004,0.0,0.0,0.05174390030917475,2,26:heatwave:reserve|49:funding_collapse|60:funding_collapse|66:funding_collapse|89:flood:semiwild,0.01600000000000001,0.02707912782313393,0.0,0.0,6.236951552265603e-05,0.0009651549515929256,0.0,d0ae79faacfd33a6,61
S7,forward_rollout_proxy,False,806101,0.375,0.25,3,2,136,0,2,0.6666666666666666,1.0,31.5,119.88015753291008,0.6413257430734166,2.493662516518826,0.0035376891457183923,0.9964623108542816,147,0,0,13472.882350756414,13472.882350756414,6736.441175378207,1.5,0.29512431798451416,0.1843083447589489,0.002916731923843702,113.5,189.96121214227497,0.0867964389765461,1,26:heatwave:reserve|49:funding_collapse|60:funding_collapse|66:funding_collapse|89:flood:semiwild,0.008731744398382337,0.07848938320583629,0.03122833122400059,0.00769046041491233,0.00046667710781499215,0.0007646861300645708,0.0015507613507619597,d0ae79faacfd33a6,61
S4,state_dependent_rule,False,806102,0.125,0.125,1,1,183,0,3,1.0,1.0,27.333333333333332,109.08208373440986,0.5812676196125806,5.951483916829572,0.0006287095904106736,0.9993712904095893,43,0,0,13542.220152050617,13542.220152050617,13542.220152050617,1.5,0.05000000000000001,0.13053780447512203,0.0015744305737735817,138.25,231.38447205876238,0.048864826534131475,0,5:heatwave:alternative|11:funding_collapse|13:flood:semiwild|89:flood:alternative,0.004290857385889958,0.07589762489277979,0.051824802704060396,0.013000616649038454,0.0002519088918037731,0.0008139645762507842,0.0016841954793594296,d0ae79faacfd33a6,61
S6,rule,False,806102,0.875,0.875,7,7,1200,1200,1,0.3333333333333333,1.0,27.0,789.7146458519571,0.7845431621737972,5.442098145148044,2.050641287385409e-05,0.9999794935871261,0,0,0,13705.587528758751,13705.587528758751,1957.9410755369645,1.5,0.964785182849805,0.5543376845565751,0.0003056385903996461,0.0,0.0,0.048440924100570756,2,5:heatwave:alternative|11:funding_collapse|13:flood:semiwild|89:flood:alternative,0.01600000000000001,0.028475532585658887,0.0,0.0,4.890217446394337e-05,0.0009324030660802215,0.0,d0ae79faacfd33a6,61
S7,forward_rollout_proxy,False,806102,0.375,0.25,3,2,302,196,2,0.6666666666666666,1.0,26.5,168.70910802173722,0.6706771452288955,4.08514306232941,0.004712773854331795,0.9952872261456682,165,0,0,13501.959881229157,13501.959881229157,6750.9799406145785,1.5,0.3815798986261361,0.2102182883230162,0.0007700050890206056,111.25,186.19546124077627,0.0935443391855424,1,5:heatwave:alternative|11:funding_collapse|13:flood:semiwild|89:flood:alternative,0.01208230160836301,0.07536814525860489,0.03959477079062359,0.00735323255436499,0.0001232008142432969,0.0006359406075778168,0.0010304388562130057,d0ae79faacfd33a6,61
S4,state_dependent_rule,False,806103,0.125,0.125,1,1,163,0,3,1.0,1.0,23.0,94.61193773730137,0.5937407892046661,3.918153664651232,0.0006495671225556898,0.9993504328774443,52,0,0,13499.58105177192,13499.58105177192,13499.58105177192,1.5,0.05000000000000001,0.11115341686689487,0.0021924640000060523,153.25,256.48947806875475,0.05360940110191263,0,1:heatwave:alternative|5:funding_collapse|8:heatwave:alternative|30:heatwave:origin|33:funding_collapse|94:flood:semiwild,0.004460099873810054,0.07639037017662466,0.039029189334069604,0.014098683067322579,0.00035079424000096846,0.000976601622287839,0.0024980578716030603,d0ae79faacfd33a6,61
S6,rule,False,806103,1.0,0.75,8,6,1083,1083,1,0.3333333333333333,1.0,58.0,683.3954036631819,0.7781883438103989,6.098201254456529,0.0,1.0,0,0,0,13595.605612377982,13595.605612377982,2265.9342687296635,1.5,0.98,0.5034344013774821,0.0001648974695649389,0.0,0.0,0.03476194416458396,0,1:heatwave:alternative|5:funding_collapse|8:heatwave:alternative|30:heatwave:origin|33:funding_collapse|94:flood:semiwild,0.01600000000000001,0.03490841140204911,0.0,0.0,2.6383595130390225e-05,0.0008768611924214687,0.0,d0ae79faacfd33a6,61
S7,forward_rollout_proxy,False,806103,0.25,0.25,2,2,251,144,3,1.0,1.0,32.666666666666664,127.67172977304321,0.6765123530121191,2.750665545747513,0.029504184117850454,0.9704958158821495,93,0,0,13391.44898191627,13391.448981916268,6695.724490958135,1.5,0.2747906615008983,0.18318523592731245,0.0009950175691087204,76.25,127.6171138841275,0.0784975715987374,0,1:heatwave:alternative|5:funding_collapse|8:heatwave:alternative|30:heatwave:origin|33:funding_collapse|94:flood:semiwild,0.01229242362892189,0.07328989490589014,0.03944900407375432,0.010495821769854839,0.00015920281105739526,0.0006494429505417665,0.0009892060063153448,d0ae79faacfd33a6,61
S4,state_dependent_rule,False,806200,0.625,0.5,5,4,704,704,3,1.0,1.0,37.0,252.2636521883882,0.5185938004997928,4.0177782619788776,0.0008641540777356936,0.9991358459222643,77,0,0,8119.323801549474,8119.323801549474,2029.8309503873686,1.5,0.6460721565831037,0.3528067755623038,0.0006767248801688386,64.25,92.71710672503862,0.11510888642102277,0,3:funding_collapse|69:flood:reserve|87:heatwave:origin,0.013314442854893532,0.05134025463892861,0.1959386542075512,0.022933042029202405,0.00010827598082701419,0.001021727485853884,0.000275073274263951,376f12d35440a2fa,62
S6,rule,False,806200,1.0,0.875,8,7,172,172,0,0.0,0.0,,769.6572003888318,0.7753239988901949,4.160329372421617,0.0,1.0,0,0,0,8128.394532411674,8128.394532411675,1161.1992189159535,1.5,0.8125581124353909,0.5260647183168622,0.00029093375277599887,0.0,0.0,0.04727806674553455,2,3:funding_collapse|69:flood:reserve|87:heatwave:origin,0.01600000000000001,0.037705513270630736,0.0,0.0,4.654940044415981e-05,0.0009239384387301887,0.0,376f12d35440a2fa,62
S7,forward_rollout_proxy,False,806200,0.75,0.625,6,5,1200,1200,3,1.0,1.0,41.0,446.8498184441352,0.6287353189297524,3.40507588745637,0.001906869526184862,0.9980931304738151,12,0,0,8117.156186586843,8117.1561865868425,1623.4312373173686,1.5,0.6699999999999999,0.41399914181090225,0.00037159507157758913,31.25,45.09586902968803,0.1584919146816926,0,3:funding_collapse|69:flood:reserve|87:heatwave:origin,0.014599524675297057,0.0464747871617632,0.10844402881518468,0.01091045523577936,5.945521145241425e-05,0.001008353311773135,8.788172359794387e-05,376f12d35440a2fa,62
S4,state_dependent_rule,False,806201,0.375,0.375,3,3,732,732,3,1.0,1.0,30.0,268.02971536222515,0.571683821363838,3.383890707545236,0.04743196022313925,0.9525680397768608,11,0,0,8105.671047259948,8105.671047259948,2701.890349086649,1.5,0.6699999999999999,0.28933513799831956,0.0008912661957028721,36.5,52.67197502667564,0.098731154614336,0,44:flood:origin|47:funding_collapse,0.01388026303352835,0.041504346580968535,0.1535175578615819,0.022353879806723816,0.00014260259131245958,0.0011367616826912256,0.00023361610976232517,376f12d35440a2fa,62
S6,rule,False,806201,1.0,0.875,8,7,481,481,0,0.0,0.0,,709.6836164150939,0.7701286549443295,4.57217764713638,0.001874285714285714,0.9981257142857143,0,0,0,8124.475599048323,8124.475599048323,1160.6393712926176,1.5,0.8720012632617481,0.5369588430394672,0.00030438713472574557,0.0,0.0,0.051434701209642476,3,44:flood:origin|47:funding_collapse,0.01600000000000001,0.0428951384432494,0.0,0.0,4.870194155611929e-05,0.0009275046708650705,0.0,376f12d35440a2fa,62
S7,forward_rollout_proxy,False,806201,0.75,0.625,6,5,1200,1200,2,0.6666666666666666,1.0,30.0,431.17074501234526,0.6470686672009801,3.1730067715120387,0.006490265496543242,0.9935097345034568,10,0,0,8108.331797213045,8108.331797213045,1621.666359442609,1.5,0.6699999999999999,0.41233763505896737,0.0006579340017061362,25.0,36.07669522375042,0.16178783671923483,1,44:flood:origin|47:funding_collapse,0.01486499278518389,0.04215058039387989,0.09965607475166113,0.004755813856670018,0.0001052694402729818,0.0006541655584284178,9.645650980926517e-05,376f12d35440a2fa,62
S4,state_dependent_rule,False,806202,0.25,0.25,2,2,676,601,1,0.3333333333333333,1.0,28.0,235.89481484874077,0.644346129662443,4.658321410789609,0.0021985804888398058,0.9978014195111602,187,0,0,8105.2944002364075,8105.2944002364075,4052.6472001182037,1.5,0.6616839804430049,0.24041781917255506,0.0008250262202758249,94.75,136.7306748980141,0.07583103510179223,2,8:flood:reserve|29:heatwave:alternative|59:flood:origin|82:funding_collapse,0.012500728990149406,0.05942472068678053,0.06528444412939764,0.007460528698750406,0.00013200419524413197,0.0006790268281366056,0.0007137023741418552,376f12d35440a2fa,62
S6,rule,False,806202,1.0,0.375,8,3,59,59,0,0.0,0.0,,554.9726938961181,0.7572385448270387,2.6774055964294967,0.0,1.0,0,0,0,8123.427745716455,8123.427745716455,2707.809248572152,1.5,0.7877614211640971,0.2830083365779774,5.305039787798408e-05,0.0,0.0,0.0435406924863635,2,8:flood:reserve|29:heatwave:alternative|59:flood:origin|82:funding_collapse,0.01600000000000001,0.05587508931804627,0.0,0.0,8.488063660477454e-06,0.0008778777912546282,0.0,376f12d35440a2fa,62
S7,forward_rollout_proxy,False,806202,0.75,0.625,6,5,1034,1034,2,0.6666666666666666,1.0,19.0,394.8435695977034,0.654163760702197,3.2148769489414244,0.002915829326211497,0.9970841706737885,16,0,0,8105.532070410049,8105.532070410049,1621.1064140820097,1.5,0.6699999999999999,0.41515184289171747,0.00041986033160335923,39.0,56.27964454905069,0.17376536701151601,1,8:flood:reserve|29:heatwave:alternative|59:flood:origin|82:funding_collapse,0.01481274655770283,0.046417646112736737,0.08798636291781672,0.0076972802951134735,6.717765305653747e-05,0.0008309320194342371,0.00012524674915539874,376f12d35440a2fa,62
S4,state_dependent_rule,False,806203,0.75,0.625,6,5,1200,1111,1,0.3333333333333333,1.0,25.0,382.13589842614186,0.5740668519491365,2.763401634634516,0.007454356974339199,0.9925456430256608,214,0,0,8095.317232689717,8095.317232689717,1619.0634465379433,1.5,0.628836377932295,0.4038139568373663,0.0009419951757876257,93.25,134.56607318458913,0.16023151348895825,2,22:flood:origin|37:funding_collapse|51:heatwave:reserve|78:flood:origin|82:funding_collapse|82:flood:alternative|93:heatwave:origin,0.013377610005522239,0.05655169541701424,0.13455814608184163,0.014966674166816043,0.00015071922812602006,0.0009711448642216151,0.0003389953334616218,376f12d35440a2fa,62
S6,rule,False,806203,1.0,0.625,8,5,22,22,0,0.0,0.0,,649.8192036944585,0.7607869124657511,2.5222222222222217,0.0,1.0,0,0,0,8099.848420135689,8099.84842013569,1619.9696840271376,1.5,0.7215499207140103,0.38988431479515945,0.00010443864229765013,0.0,0.0,0.056285502507681016,3,22:flood:origin|37:funding_collapse|51:heatwave:reserve|78:flood:origin|82:funding_collapse|82:flood:alternative|93:heatwave:origin,0.01600000000000001,0.05226844058229891,0.0,0.0,1.671018276762402e-05,0.0009279367691820969,0.0,376f12d35440a2fa,62
S7,forward_rollout_proxy,False,806203,0.75,0.75,6,6,1200,1200,1,0.3333333333333333,1.0,28.0,331.9160264634387,0.5155494868585381,3.230343024552294,0.036282294421738526,0.9637177055782615,46,0,0,8088.541117711728,8088.541117711728,1348.090186285288,1.5,0.6699999999999999,0.4741071227067864,0.0003458575318350869,43.5,62.773449689325766,0.18651846230631697,2,22:flood:origin|37:funding_collapse|51:heatwave:reserve|78:flood:origin|82:funding_collapse|82:flood:alternative|93:heatwave:origin,0.013855963338615291,0.04458664443344758,0.21340975045949734,0.015102652934760938,5.533720509361391e-05,0.0008378359875580791,0.0001609834722395418,376f12d35440a2fa,62
S4,state_dependent_rule,False,806300,0.875,0.875,7,7,1149,1149,0,0.0,0.0,,250.5131877612798,0.42101599338904255,3.5679349390668427,0.0018663349412882395,0.9981336650587117,35,0,0,6799.2818903675525,6799.2818903675525,971.3259843382218,0.057031373509177585,0.6699999999999999,0.5354764436926726,0.00032851401810407235,52.25,18.368318861912275,0.1952354715100209,3,18:flood:semiwild|40:funding_collapse|65:funding_collapse|84:funding_collapse|85:flood:alternative|87:wildfire:origin|88:funding_collapse,0.013300921724224297,0.04199286997521371,0.3289168742990164,0.01581958635878977,5.2562242896651586e-05,0.0008879814244289222,4.184494728491113e-05,5e6592dac13ea1e8,63
S6,rule,False,806300,1.0,0.75,8,6,171,171,0,0.0,0.0,,763.880188373239,0.7730551429664304,4.191936239582531,0.0,1.0,0,0,0,7752.441719044298,7752.441719044299,1292.0736198407164,1.5,0.7959555502082453,0.47133437496935104,0.00013137281846914938,0.0,0.0,0.06159728776350603,3,18:flood:semiwild|40:funding_collapse|65:funding_collapse|84:funding_collapse|85:flood:alternative|87:wildfire:origin|88:funding_collapse,0.01600000000000001,0.03997961404852329,0.0,0.0,2.10196509550639e-05,0.000944223334091297,0.0,5e6592dac13ea1e8,63
S7,forward_rollout_proxy,False,806300,0.75,0.75,6,6,1200,1200,0,0.0,0.0,,415.9406928600313,0.6073990975836068,3.0162544255142545,0.020886051380022395,0.9791139486199776,16,0,0,7354.968046973931,7354.968046973932,1225.8280078289886,0.7109274678607971,0.6699999999999999,0.47443644070611674,0.00021656821525387025,48.25,16.962131772005097,0.19886948225487083,3,18:flood:semiwild|40:funding_collapse|65:funding_collapse|84:funding_collapse|85:flood:alternative|87:wildfire:origin|88:funding_collapse,0.014643973605466938,0.04334570332975763,0.14495320662331201,0.011058028553621577,3.4650914440619237e-05,0.000907266526143974,3.1650833037397916e-05,5e6592dac13ea1e8,63
S4,state_dependent_rule,False,806301,0.875,0.875,7,7,377,373,0,0.0,0.0,,241.18099291859042,0.43488160619302624,3.5803339021991514,0.0005947883201256514,0.9994052116798744,78,0,0,6822.1251768140855,6822.1251768140855,974.5893109734408,0.012627132493366245,0.5149540944442706,0.5192126397540986,0.00013157894736842105,66.25,23.289973676587326,0.1908194564384003,3,21:funding_collapse|24:flood:semiwild|40:flood:alternative|51:wildfire:alternative|79:heatwave:reserve|85:heatwave:origin|88:flood:semiwild|93:heatwave:reserve|100:heatwave:semiwild,0.013348333621025402,0.0523818935492554,0.3033506184043499,0.01699459421816113,2.105263157894737e-05,0.0009163983195305001,5.039529535898844e-05,5e6592dac13ea1e8,63
S6,rule,False,806301,1.0,0.75,8,6,156,156,0,0.0,0.0,,715.8467309415465,0.7736218084706136,4.329776854581314,0.0076533333333333314,0.9923466666666667,0,0,0,7815.776198576856,7815.7761985768575,1302.629366429476,1.5,0.8027293983163147,0.471738993948449,0.00026653431727802435,0.0,0.0,0.0533414278550218,3,21:funding_collapse|24:flood:semiwild|40:flood:alternative|51:wildfire:alternative|79:heatwave:reserve|85:heatwave:origin|88:flood:semiwild|93:heatwave:reserve|100:heatwave:semiwild,0.01600000000000001,0.0393694262412967,0.0,0.0,4.2645490764483904e-05,0.0009661197973252351,0.0,5e6592dac13ea1e8,63
S7,forward_rollout_proxy,False,806301,0.875,0.875,7,7,1064,1063,1,0.3333333333333333,1.0,21.0,469.2262403336231,0.6282903379198257,3.4193878805320113,0.0007019231913717594,0.9992980768086283,48,0,0,7324.1159639687085,7324.1159639687085,1046.3022805669584,0.6644814541413074,0.5788075443767493,0.5293449608504859,0.00019812053957952468,54.5,19.159299099985038,0.21760163803745453,2,21:funding_collapse|24:flood:semiwild|40:flood:alternative|51:wildfire:alternative|79:heatwave:reserve|85:heatwave:origin|88:flood:semiwild|93:heatwave:reserve|100:heatwave:semiwild,0.014635896349887543,0.04843035592976744,0.12223174554087836,0.0077375534782286514,3.1699286332723945e-05,0.0008099211329907793,3.1120052887951756e-05,5e6592dac13ea1e8,63
S4,state_dependent_rule,False,806302,0.875,0.875,7,7,1048,1048,1,0.3333333333333333,1.0,21.0,251.59735666535028,0.41723581547902716,3.690180941301097,0.08967037550873884,0.9103296244912612,17,0,0,6780.626080496624,6780.626080496625,968.6608686423749,0.032140342560135794,0.6699999999999999,0.5356973782130404,0.0002928658335363123,48.0,16.874245078885917,0.19022784400014725,2,21:wildfire:alternative|26:heatwave:semiwild|69:funding_collapse|80:funding_collapse|95:funding_collapse,0.013286403767641819,0.04011561175660872,0.33379411538743986,0.01699155984739787,4.685853336580998e-05,0.0008951831228811115,3.798163132421533e-05,5e6592dac13ea1e8,63
S6,rule,False,806302,0.875,0.875,7,7,530,530,1,0.3333333333333333,1.0,31.0,793.4938783302626,0.7789975006704632,5.637220105401964,0.0,1.0,0,0,0,7769.35179999933,7769.351799999331,1109.9073999999043,1.5,0.8718671196570563,0.5483372248645,0.00023676771423518484,0.0,0.0,0.05514155922387372,2,21:wildfire:alternative|26:heatwave:semiwild|69:funding_collapse|80:funding_collapse|95:funding_collapse,0.01600000000000001,0.03399623088054722,0.0,0.0,3.788283427762958e-05,0.0009683856147116851,0.0,5e6592dac13ea1e8,63
S7,forward_rollout_proxy,False,806302,0.75,0.625,6,5,1126,1126,0,0.0,0.0,,395.5870857968823,0.6229024754077013,3.5968155961908357,0.0005949180555853313,0.9994050819444147,6,0,0,7401.538753018422,7401.53875301842,1480.3077506036843,0.7483756681988131,0.6699999999999999,0.4199619387823719,0.00023030430425769306,39.0,13.710324126594795,0.17871891410231755,3,21:wildfire:alternative|26:heatwave:semiwild|69:funding_collapse|80:funding_collapse|95:funding_collapse,0.014698024957809063,0.04612818642051963,0.12981571299258335,0.009537608569364362,3.684868868123089e-05,0.0009267434305756055,3.1760721585430494e-05,5e6592dac13ea1e8,63
S4,state_dependent_rule,False,806303,0.75,0.625,6,5,1200,1200,2,0.6666666666666666,1.0,27.5,522.504792788954,0.7316781682832816,3.405455860829902,0.02398350003162905,0.9760164999683709,77,0,0,7309.974753606443,7309.974753606442,1461.9949507212887,0.9505375337047846,0.6699999999999999,0.4141130084007084,0.0001772758894851918,60.75,21.356466427964975,0.1590422489620468,1,19:wildfire:reserve|35:funding_collapse|46:funding_collapse|95:funding_collapse,0.016421005412444418,0.04526750320026273,0.017315105601058253,0.0020391509334199446,2.8364142317630694e-05,0.0008823645011677535,6.612359833082533e-05,5e6592dac13ea1e8,63
S6,rule,False,806303,1.0,1.0,8,8,546,546,0,0.0,0.0,,825.5479855465076,0.7793666207912703,4.964320796622246,0.003684926089904722,0.9963150739100953,0,0,0,7770.056709328502,7770.056709328503,971.2570886660627,1.5,0.878642029163149,0.5989266085133164,0.00018176386328085187,0.0,0.0,0.057095988153894855,3,19:wildfire:reserve|35:funding_collapse|46:funding_collapse|95:funding_collapse,0.01600000000000001,0.033651349172466226,0.0,0.0,2.90822181249363e-05,0.0009529478181382591,0.0,5e6592dac13ea1e8,63
S7,forward_rollout_proxy,False,806303,0.625,0.625,5,5,1200,1200,2,0.6666666666666666,1.0,27.0,459.3513623425364,0.6475706297853805,3.6281203620629023,0.0009286690186683317,0.9990713309813317,41,0,0,7382.14437022026,7382.14437022026,1476.428874044052,0.7781059005952026,0.6699999999999999,0.417903349787096,0.00012661084089655517,46.0,16.171151533932317,0.16686073083233482,1,19:wildfire:reserve|35:funding_collapse|46:funding_collapse|95:funding_collapse,0.014648500588029975,0.04664018123298796,0.1020399791882095,0.00892328232418283,2.025773454344883e-05,0.0008690323910326214,3.206404476310512e-05,5e6592dac13ea1e8,63
S4,state_dependent_rule,False,806400,0.625,0.625,5,5,1182,1182,0,0.0,0.0,,289.31952982551184,0.4177951360790745,5.015508141956417,0.00031249698031836105,0.9996875030196817,100,0,0,19763.54877702045,19763.54877702045,3952.7097554040897,1.5,0.6699999999999999,0.42915010400471304,0.00042817458988638027,93.75,74.36006549893384,0.15372511292574453,3,26:wildfire:origin|31:heatwave:origin|41:flood:origin,0.013308022721543236,0.03668439130507705,0.29384451944236917,0.017796182031991792,6.850793438182086e-05,0.0008879389570806449,0.00015502201980526257,e5579b7559b06662,64
S6,rule,False,806400,0.875,0.25,7,2,82,82,0,0.0,0.0,,319.98988381582313,0.7464894945677094,3.082961698495679,0.0,1.0,0,0,0,19783.97240400079,19783.972404000793,9891.986202000395,1.5,0.8249219605810879,0.23361894518410597,0.00034027758405116897,0.0,0.0,0.03898566070520193,3,26:wildfire:origin|31:heatwave:origin|41:flood:origin,0.01600000000000001,0.06652008144643191,0.0,0.0,5.4444413448187025e-05,0.0009359795724106049,0.0,e5579b7559b06662,64
S7,forward_rollout_proxy,False,806400,0.875,0.75,7,6,1200,1200,0,0.0,0.0,,372.7791125586384,0.5006161486016111,3.80544983239275,0.0223630077814657,0.9776369922185343,21,0,0,19746.352720395927,19746.352720395927,3291.0587867326544,1.5,0.6699999999999999,0.4837351501321813,0.0007780999786142261,53.5,42.43481071139157,0.20590325904126894,3,26:wildfire:origin|31:heatwave:origin|41:flood:origin,0.014194699266734225,0.038286976766552724,0.2230498019343679,0.013635936423704973,0.00012449599657827617,0.0009976530408951632,9.627580540110006e-05,e5579b7559b06662,64
S4,state_dependent_rule,False,806401,0.875,0.875,7,7,1200,1200,0,0.0,0.0,,327.2116438783286,0.4243763193477226,4.562821432011269,0.0007256207915672134,0.9992743792084328,73,0,0,19596.304362333853,19596.304362333853,2799.472051761979,1.5,0.6699999999999999,0.5439381054407515,0.0007399847656755161,129.25,102.51774363453013,0.18779945560319428,3,12:flood:alternative|45:funding_collapse|62:funding_collapse|70:flood:semiwild|85:funding_collapse,0.013611431973506862,0.03770799889340392,0.2934549923783018,0.015465451301495467,0.00011839756250808251,0.0008946467903873235,0.0001715972791334608,e5579b7559b06662,64
S6,rule,False,806401,1.0,0.875,8,7,812,812,0,0.0,0.0,,844.5312319825056,0.7834709625158317,7.059849743260882,0.0,1.0,0,0,0,19604.083822300363,19604.083822300363,2800.583403185766,1.5,0.9197664265264874,0.567712103038437,0.00023716761313894555,0.0,0.0,0.05693481476589739,3,12:flood:alternative|45:funding_collapse|62:funding_collapse|70:flood:semiwild|85:funding_collapse,0.01600000000000001,0.02954507094774793,0.0,0.0,3.7946818102231296e-05,0.0009460197183181561,0.0,e5579b7559b06662,64
S7,forward_rollout_proxy,False,806401,0.875,0.875,7,7,1200,1200,0,0.0,0.0,,569.8496798719714,0.5884971496901829,3.8693484188378133,0.003367545872826051,0.9966324541271739,41,0,0,19600.059878223376,19600.05987822338,2800.008554031911,1.5,0.6699999999999999,0.5427705090808033,0.0005881194778771262,91.0,72.17883691096515,0.21663512446212563,3,12:flood:alternative|45:funding_collapse|62:funding_collapse|70:flood:semiwild|85:funding_collapse,0.014410644783445717,0.03880304089205859,0.1459062953154071,0.009024226330214385,9.409911646034021e-05,0.0008966254833696253,0.0001022065245493097,e5579b7559b06662,64
S4,state_dependent_rule,False,806402,0.875,0.875,7,7,1200,1200,1,0.3333333333333333,1.0,25.0,388.93042243004754,0.45036644072770526,4.039440415078798,0.005877258975191077,0.9941227410248089,133,0,0,19682.832670955057,19682.832670955057,2811.8332387078653,1.5,0.6699999999999999,0.5390032117767678,0.000579304866045841,146.25,116.00170217833681,0.1892940381298993,2,33:funding_collapse|71:flood:alternative|76:wildfire:origin|77:funding_collapse,0.013538417616030385,0.0384476705329762,0.2621335815312734,0.017081233841172088,9.268877856733455e-05,0.0009551654260839879,0.00016545680214212849,e5579b7559b06662,64
S6,rule,False,806402,1.0,0.5,8,4,46,46,0,0.0,0.0,,664.4760501587988,0.7678147835825427,2.500877192982456,0.016399999999999998,0.9836,0,0,0,19675.11557344153,19675.115573441533,4918.778893360382,1.5,0.7997771620414297,0.3403695064335817,0.00015286560461348896,0.0,0.0,0.051915091498070914,3,33:funding_collapse|71:flood:alternative|76:wildfire:origin|77:funding_collapse,0.01600000000000001,0.04524476482229791,0.0,0.0,2.4458496738158235e-05,0.0009159930984206945,0.0,e5579b7559b06662,64
S7,forward_rollout_proxy,False,806402,0.75,0.75,6,6,1200,1200,1,0.3333333333333333,1.0,15.0,549.7849762503453,0.6467215604310163,4.2899915238153605,0.04862647464193285,0.9513735253580672,24,0,0,19651.781601899595,19651.781601899595,3275.2969336499323,1.5,0.6699999999999999,0.48551703765630083,0.00023315511306254002,71.25,56.513649779189706,0.19058561209073582,2,33:funding_collapse|71:flood:alternative|76:wildfire:origin|77:funding_collapse,0.0143925756994615,0.039408332585625636,0.08855957207004757,0.009401589317526772,3.73048180900064e-05,0.0009901441782267039,8.289428167800406e-05,e5579b7559b06662,64
S4,state_dependent_rule,False,806403,0.75,0.75,6,6,1031,1031,1,0.3333333333333333,1.0,18.0,268.80820814273557,0.37896179241294414,4.558138154301399,0.001142703853432829,0.9988572961465672,50,0,0,19745.248613462612,19745.248613462612,3290.8747689104353,1.5,0.6699999999999999,0.48350020778831404,0.00038309936689535375,122.5,97.16381891860698,0.16709413122650013,2,16:funding_collapse|27:flood:alternative|40:heatwave:semiwild|50:flood:alternative,0.013154698419504271,0.03623703385706555,0.33168156316194014,0.019484888142716327,6.129589870325659e-05,0.0010197933263332854,0.00016990353484121166,e5579b7559b06662,64
S6,rule,False,806403,1.0,0.875,8,7,897,897,0,0.0,0.0,,796.4317447145597,0.7841478772064796,5.8763973433939185,0.0,1.0,0,0,0,19733.094450800687,19733.094450800687,2819.013492971527,1.5,0.9227131993304981,0.5569663555859588,0.0,0.0,0.0,0.060905311094848764,3,16:funding_collapse|27:flood:alternative|40:heatwave:semiwild|50:flood:alternative,0.01600000000000001,0.028937130813790745,0.0,0.0,0.0,0.0009149919797301591,0.0,e5579b7559b06662,64
S7,forward_rollout_proxy,False,806403,0.875,0.875,7,7,1200,1200,0,0.0,0.0,,569.398481298853,0.6390901030958505,3.977054573129981,0.026839280540238947,0.973160719459761,28,0,0,19718.240072615557,19718.240072615554,2816.8914389450797,1.5,0.6699999999999999,0.5441996145585082,0.00032180563286626383,98.0,77.73105513488557,0.2183953441360419,3,16:funding_collapse|27:flood:alternative|40:heatwave:semiwild|50:flood:alternative,0.014790404732710023,0.040997534807613,0.10076673901287256,0.006489221928693054,5.148890125860221e-05,0.0009027707635192147,0.00010852476441660657,e5579b7559b06662,64
S4,state_dependent_rule,False,806500,0.375,0.25,3,2,431,358,0,0.0,0.0,,179.2385779865392,0.6177371248343131,4.024834682985907,0.010475557441207022,0.989524442558793,403,0,0,24754.681213289376,24754.681213289376,12377.340606644688,1.5,0.4000032824497142,0.2096097960790136,0.000918900348438576,254.75,67.29702059562977,0.08430560502091536,3,5:heatwave:semiwild|8:wildfire:reserve|11:heatwave:alternative|26:heatwave:semiwild|63:funding_collapse|83:funding_collapse|89:heatwave:reserve,0.008856969570189211,0.06252663455238779,0.0347587777973568,0.007838238750161392,0.00014702405575017216,0.0007165965883194389,0.00033345147518191965,e573a15262c79d65,65
S6,rule,False,806500,1.0,0.25,8,2,3,3,0,0.0,0.0,,556.9975635712025,0.7493823308856647,1.5,0.0,1.0,0,0,0,24734.661434041624,24734.661434041624,12367.330717020812,1.5,0.6469159704134525,0.20262177134925838,0.0006183565289638872,0.0,0.0,0.05215087153956559,3,5:heatwave:semiwild|8:wildfire:reserve|11:heatwave:alternative|26:heatwave:semiwild|63:funding_collapse|83:funding_collapse|89:heatwave:reserve,0.01600000000000001,0.06354459839284586,0.0,0.0,9.893704463422193e-05,0.0009741336768551399,0.0,e573a15262c79d65,65
S7,forward_rollout_proxy,False,806500,0.375,0.375,3,3,767,767,0,0.0,0.0,,301.5770356754476,0.6532146022605916,4.129001775317198,0.0025824623218675255,0.9974175376781325,174,0,0,24659.141536664985,24659.141536664985,8219.713845554996,1.5,0.5821412449725835,0.29238560543852987,0.000520290158920684,84.5,22.322269834467978,0.1206573159404975,3,5:heatwave:semiwild|8:wildfire:reserve|11:heatwave:alternative|26:heatwave:semiwild|63:funding_collapse|83:funding_collapse|89:heatwave:reserve,0.014641114629781541,0.053711468018278294,0.07212779334672954,0.005637252208210565,8.324642542730944e-05,0.0006256669308299008,0.00010412240595098579,e573a15262c79d65,65
S4,state_dependent_rule,False,806501,0.375,0.375,3,3,621,551,1,0.3333333333333333,1.0,13.0,313.54565163533323,0.6501009024288789,3.2951847204272258,0.009645470633598307,0.9903545293664017,697,0,0,24887.021812735267,24887.021812735267,8295.673937578422,1.5,0.45580071039463615,0.26678881449133035,0.0006744067943988256,307.75,81.29797090600617,0.09753448123797229,2,14:flood:reserve|37:funding_collapse|62:wildfire:alternative|68:funding_collapse|99:flood:reserve,0.01142958677202054,0.05490272844130214,0.03038250361192635,0.006362852580676276,0.00010790508710381211,0.000659643681582014,0.00028029870733058023,e573a15262c79d65,65
S6,rule,False,806501,1.0,0.25,8,2,3,3,0,0.0,0.0,,541.5042542477231,0.7495703305322731,1.5,0.0,1.0,0,0,0,24765.539039291998,24765.539039291998,12382.769519645999,1.5,0.6103267936063008,0.19833251433059568,0.00041477895972041526,0.0,0.0,0.04899917484982793,3,14:flood:reserve|37:funding_collapse|62:wildfire:alternative|68:funding_collapse|99:flood:reserve,0.01600000000000001,0.06343820725595141,0.0,0.0,6.636463355526645e-05,0.0009250975782202687,0.0,e573a15262c79d65,65
S7,forward_rollout_proxy,False,806501,0.5,0.5,4,4,1182,1182,0,0.0,0.0,,511.2655668216407,0.6822033317334405,5.175549176776473,0.000517023315600719,0.9994829766843992,69,0,0,24735.489206287843,24735.489206287843,6183.872301571961,1.5,0.5995310060328226,0.3656935496867111,0.000327648237617784,86.25,22.78456536358419,0.14492478657832053,3,14:flood:reserve|37:funding_collapse|62:wildfire:alternative|68:funding_collapse|99:flood:reserve,0.015948683508823742,0.04068743258650085,0.052559604061858105,0.010306911076383027,5.2423718018845446e-05,0.0011820391228113095,7.157696148566552e-05,e573a15262c79d65,65
S4,state_dependent_rule,False,806502,0.25,0.25,2,2,542,365,1,0.3333333333333333,1.0,15.0,252.55479687762255,0.6730479466268381,4.955646657959518,0.0011398146706607896,0.9988601853293392,583,0,0,24944.8843811388,24944.8843811388,12472.4421905694,1.5,0.546056374756112,0.23410636997987072,0.0003591941945713264,267.25,70.59913151788837,0.0872213296233216,2,12:wildfire:reserve|69:flood:alternative|75:wildfire:origin,0.01258673261931475,0.05815516613471775,0.018190053015562802,0.003605827688129987,5.7471071131412215e-05,0.000598716793209948,0.0002858591687237262,e573a15262c79d65,65
S6,rule,False,806502,0.875,0.0,7,0,0,0,0,0.0,0.0,,518.694043124498,0.6702432530041752,0.0,,,0,0,0,24910.505997724933,24910.505997724933,24910.505997724933,1.5,0.6699999999999999,0.0754783965126604,0.00021898172122387368,0.0,0.0,0.04239198256330209,3,12:wildfire:reserve|69:flood:alternative|75:wildfire:origin,0.01424000000000001,0.05338455212956464,0.0,0.0,3.503707539581979e-05,0.0007971577908646687,0.0,e573a15262c79d65,65
S7,forward_rollout_proxy,False,806502,0.625,0.625,5,5,1198,1198,1,0.3333333333333333,1.0,14.0,532.6402607987826,0.6733543547571559,4.3931844143249,0.0024969642563768208,0.9975030357436232,91,0,0,24877.924333027564,24877.924333027564,4975.584866605513,1.5,0.6699999999999999,0.42590143163849253,0.00021109385783298827,96.25,25.42625410139105,0.16859793747621762,2,12:wildfire:reserve|69:flood:alternative|75:wildfire:origin,0.015861680310813638,0.04201692848647707,0.0617965404634057,0.008817822167078139,3.3775017253278126e-05,0.0010901942744524892,6.970854049473778e-05,e573a15262c79d65,65
S4,state_dependent_rule,False,806503,0.5,0.375,4,3,692,531,1,0.3333333333333333,1.0,16.0,333.2595496917891,0.6094750696193995,4.243958981602771,0.0012951599147245467,0.9987048400852755,845,0,0,24719.119950089975,24719.119950089975,8239.706650029992,1.5,0.5301162924563504,0.28556964224552706,0.0002630905690146645,352.5,93.11952800769188,0.10684211591932129,2,6:funding_collapse|16:funding_collapse|20:flood:origin|34:funding_collapse|41:flood:alternative|53:flood:reserve|86:funding_collapse,0.011421161462460392,0.05787408619963442,0.06590475641693758,0.013153141087162925,4.2094491042346325e-05,0.0010937104679005607,0.00022422391051173988,e573a15262c79d65,65
S6,rule,False,806503,0.625,0.0,5,0,0,0,0,0.0,0.0,,186.09530376658702,0.6220860885088166,0.0,,,0,0,0,24639.412332625583,24639.412332625583,24639.412332625583,1.5,0.6699999999999999,0.07275431444246427,0.00020274296881304208,0.0,0.0,0.028771572212321402,3,6:funding_collapse|16:funding_collapse|20:flood:origin|34:funding_collapse|41:flood:alternative|53:flood:reserve|86:funding_collapse,0.01376000000000001,0.07725073488782215,0.0,0.0,3.2438875010086736e-05,0.0006707377283513226,0.0,e573a15262c79d65,65
S7,forward_rollout_proxy,False,806503,0.75,0.75,6,6,1190,1190,1,0.3333333333333333,1.0,24.0,415.4892796188118,0.5418555871999892,3.165659032805411,0.0017233882932246045,0.9982766117067754,156,0,0,24625.72312942089,24625.72312942089,4104.287188236815,1.5,0.6699999999999999,0.47410778544015464,7.712082262210797e-05,89.0,23.51102976648107,0.1897559755605025,2,6:funding_collapse|16:funding_collapse|20:flood:origin|34:funding_collapse|41:flood:alternative|53:flood:reserve|86:funding_collapse,0.014368810544144966,0.04305744885851956,0.1768549209759435,0.015439895063728788,1.2339331619537276e-05,0.000993369612430309,7.247046619543476e-05,e573a15262c79d65,65
S4,state_dependent_rule,False,806600,0.0,0.0,0,0,0,0,3,1.0,1.0,29.0,58.50662075898829,0.3192632216587665,0.0,,,27,0,0,4665.34913048221,4665.34913048221,4665.34913048221,1.171143722808516,0.26625558432351426,0.0336432673380219,0.007161264560851408,27.75,57.5798940304811,0.03508854452835237,0,11:funding_collapse|13:funding_collapse|37:wildfire:semiwild|39:funding_collapse|79:flood:reserve|90:flood:semiwild|100:funding_collapse,0.006192514100448605,0.03928238014842968,0.00021806036840090907,0.0018185938911616964,0.0011458023297362255,0.000642404410282472,0.00266816233650498,389df7c5332afb9f,66
S6,rule,False,806600,0.625,0.0,5,0,0,0,1,0.3333333333333333,1.0,12.0,227.26596842118852,0.7264936183609548,0.0,,,0,0,0,4918.523944570677,4918.5239445706775,4918.523944570677,1.5,0.7435018443399652,0.08014594914469411,0.00023661235993675673,0.0,0.0,0.028978823553487923,2,11:funding_collapse|13:funding_collapse|37:wildfire:semiwild|39:funding_collapse|79:flood:reserve|90:flood:semiwild|100:funding_collapse,0.01584000000000001,0.07851428604391912,0.0,0.0,3.785797758988108e-05,0.0008142376175363385,0.0,389df7c5332afb9f,66
S7,forward_rollout_proxy,False,806600,0.375,0.0,3,0,0,0,2,0.6666666666666666,1.0,30.5,82.16556504711326,0.509417094015508,0.0,,,28,0,0,4751.491079505402,4751.491079505401,4751.491079505402,1.3231290695150657,0.42117875444642117,0.05310948628069671,0.0013371383692725063,24.0,49.798827269605255,0.05495805418027297,1,11:funding_collapse|13:funding_collapse|37:wildfire:semiwild|39:funding_collapse|79:flood:reserve|90:flood:semiwild|100:funding_collapse,0.009453700543182878,0.06547351873289947,0.0006156464370826167,0.0013762340407812996,0.000213942139083601,0.0004986666014701641,0.0025650210665560625,389df7c5332afb9f,66
S4,state_dependent_rule,False,806601,0.125,0.125,1,1,173,0,3,1.0,1.0,23.333333333333332,107.58655239232357,0.5961507074096614,4.696218421465558,0.0005148761947369814,0.999485123805263,37,0,0,4462.63054764976,4462.63054764976,4462.63054764976,0.44899787886961096,0.32818317921829715,0.1465934604317862,0.0038432394305657437,57.75,119.82842811748763,0.05281479147650446,0,35:flood:origin|39:funding_collapse|58:funding_collapse|73:flood:semiwild|87:heatwave:origin,0.006084507780649983,0.07645888680610924,0.03865831061200687,0.012066010497516407,0.0006149183088905192,0.0008786523354966827,0.000958821669707199,389df7c5332afb9f,66
S6,rule,False,806601,0.375,0.0,3,0,0,0,1,0.3333333333333333,1.0,15.0,138.64622083134546,0.5321674690294096,0.0,,,0,0,0,4936.13253942398,4936.132539423981,4936.13253942398,1.5,0.6699999999999999,0.07079423017071534,0.00046180938149756144,0.0,0.0,0.01897115085357678,2,35:flood:origin|39:funding_collapse|58:funding_collapse|73:flood:semiwild|87:heatwave:origin,0.011680000000000008,0.06144059796004189,0.0,0.0,7.388950103960981e-05,0.0005380435095089229,0.0,389df7c5332afb9f,66
S7,forward_rollout_proxy,False,806601,0.125,0.0,1,0,0,0,3,1.0,1.0,33.333333333333336,87.25355439121165,0.5487753836469184,0.0,,,29,0,0,4762.035526366523,4762.035526366524,4762.035526366523,1.2857399905805271,0.4948570567117991,0.06109618609737087,0.00561578364602561,20.5,42.536498292787826,0.0580524021309548,0,35:flood:origin|39:funding_collapse|58:funding_collapse|73:flood:semiwild|87:heatwave:origin,0.007984684400992736,0.06872475509127787,0.001502014977662668,0.006944353193363541,0.0008985253833640975,0.000875744501224968,0.004918027592223939,389df7c5332afb9f,66
S4,state_dependent_rule,False,806602,0.25,0.0,2,0,0,0,2,0.6666666666666666,1.0,24.0,72.56595968154136,0.42429544550198856,0.0,,,23,0,0,4622.92545294027,4622.92545294027,4622.92545294027,0.9198961061394307,0.17831500703312383,0.027028241881332182,0.0010632506180793598,31.0,64.32348522324014,0.04598370589009898,1,42:wildfire:alternative|56:heatwave:reserve|65:heatwave:origin|69:heatwave:reserve|75:funding_collapse|96:heatwave:origin,0.007644545346711443,0.054741925313665056,0.00022015657894412417,0.002607448471652662,0.00017012009889269756,0.0008197920759594657,0.0030717213793399413,389df7c5332afb9f,66
S6,rule,False,806602,0.625,0.0,5,0,0,0,2,0.6666666666666666,1.0,27.0,231.47771986978546,0.6347188029472395,0.0,,,0,0,0,4946.0381939341505,4946.038193934151,4946.0381939341505,1.5,0.5766993724448608,0.06324643565931258,0.00010498687664041995,0.0,0.0,0.027882492074132518,1,42:wildfire:alternative|56:heatwave:reserve|65:heatwave:origin|69:heatwave:reserve|75:funding_collapse|96:heatwave:origin,0.01392000000000001,0.07266186495414592,0.0,0.0,1.6797900262467193e-05,0.0007825341983521308,0.0,389df7c5332afb9f,66
S7,forward_rollout_proxy,False,806602,0.25,0.0,2,0,0,0,2,0.6666666666666666,1.0,25.0,104.68920463749743,0.4664166858307406,0.0,,,18,0,0,4762.886659969184,4762.886659969184,4762.886659969184,1.2003136920550996,0.25550259020291693,0.03701867611385511,0.0013253037594435281,17.75,36.83038266814556,0.05734208546781709,1,42:wildfire:alternative|56:heatwave:reserve|65:heatwave:origin|69:heatwave:reserve|75:funding_collapse|96:heatwave:origin,0.009880187633314897,0.06087118971280356,0.00014957742948714704,0.001066848830695653,0.00021204860151096455,0.0005969726376066915,0.0014654756159983096,389df7c5332afb9f,66
S4,state_dependent_rule,False,806603,0.0,0.0,0,0,0,0,3,1.0,1.0,30.333333333333332,56.517387365472196,0.30038225787384354,0.0,,,12,0,0,4614.2931008080695,4614.2931008080695,4614.2931008080695,1.0008364592687558,0.23338862458404855,0.03029975448829388,0.005840990917915776,24.25,50.31756505366367,0.03480446014944511,0,5:funding_collapse|22:wildfire:origin|23:wildfire:semiwild|32:heatwave:reserve|84:flood:origin,0.005209429457296163,0.041858026235485186,0.0006846091990554215,0.003718835946064859,0.0009345585468665242,0.0006664600335833237,0.0024741324222211964,389df7c5332afb9f,66
S6,rule,False,806603,0.0,0.0,0,0,0,0,3,1.0,1.0,31.333333333333332,86.35370676826648,0.35076022427001413,0.0,,,0,0,0,4908.673863246496,4908.673863246496,4908.673863246496,1.5,0.6699999999999999,0.06927741594505708,0.0002683772570498073,0.0,0.0,0.011387079725285467,0,5:funding_collapse|22:wildfire:origin|23:wildfire:semiwild|32:heatwave:reserve|84:flood:origin,0.007840000000000007,0.047662941157878204,0.0,0.0,4.294036112796917e-05,0.00039389421097968885,0.0,389df7c5332afb9f,66
S7,forward_rollout_proxy,False,806603,0.0,0.0,0,0,0,0,3,1.0,1.0,29.333333333333332,58.66981946209115,0.2524045966982743,0.0,,,7,0,0,4740.88082260139,4740.88082260139,4740.88082260139,1.2627629014362585,0.38946576783639725,0.046099945604601705,0.0008878597797064569,12.75,26.4556269869778,0.03576684410480988,0,5:funding_collapse|22:wildfire:origin|23:wildfire:semiwild|32:heatwave:reserve|84:flood:origin,0.005422856824996978,0.033938693020543635,0.00010589125008179167,0.0014767521870222644,0.00014205756475303312,0.0005001188556261935,0.0016078602271847083,389df7c5332afb9f,66
S4,state_dependent_rule,False,806700,0.25,0.25,2,2,567,374,1,0.3333333333333333,1.0,35.0,169.52845006680673,0.4896924036561748,3.6281734652597892,0.007075761492045438,0.9929242385079545,459,0,0,23562.717493931224,23562.717493931224,11781.358746965612,1.5,0.36000000000000004,0.19881853675558012,0.0046064598375555365,329.75,536.3372040749731,0.07018401051491117,2,1:funding_collapse|48:wildfire:semiwild|91:heatwave:reserve,0.006488509604232076,0.06920177237050652,0.053654307753277244,0.010888783486095838,0.000737033574008886,0.0008042780467663918,0.0021841572779795477,4a4e6bcaeac2a260,67
S6,rule,False,806700,0.25,0.0,2,0,0,0,2,0.6666666666666666,1.0,19.0,110.9852426566453,0.45408110774468946,0.0,,,0,0,0,23418.602076195373,23418.602076195373,23418.602076195373,1.5,0.6003798782194526,0.06318528735793234,0.00015968313529289137,0.0,0.0,0.015736497679935433,1,1:funding_collapse|48:wildfire:semiwild|91:heatwave:reserve,0.010080000000000007,0.05818955575132672,0.0,0.0,2.5549301646862625e-05,0.000523787202336912,0.0,4a4e6bcaeac2a260,67
S7,forward_rollout_proxy,False,806700,0.375,0.25,3,2,486,365,1,0.3333333333333333,1.0,16.0,213.5674866037953,0.5971885654264946,4.04014774020492,0.007855967917545828,0.9921440320824542,579,0,0,23451.376653321993,23451.376653321993,11725.688326660997,1.5,0.4307591208199528,0.21482297883378082,0.0018510899887256786,223.0,362.7087081386472,0.0942279467486816,2,1:funding_collapse|48:wildfire:semiwild|91:heatwave:reserve,0.011428485381172764,0.06196643160761326,0.020444885842177282,0.008433833915253333,0.00029617439819610853,0.000681615116205058,0.001496775370707758,4a4e6bcaeac2a260,67
S4,state_dependent_rule,False,806701,0.375,0.25,3,2,274,30,2,0.6666666666666666,1.0,22.0,110.69274648374599,0.42220441199541964,4.23694278915675,0.009980975075712335,0.9900190249242876,207,0,0,23518.370639996032,23518.370639996032,11759.185319998016,1.5,0.35196583782920426,0.20916842068258237,0.0041608478249293415,332.75,541.2166934221295,0.09551204504047228,1,19:wildfire:semiwild|24:heatwave:alternative|50:funding_collapse|63:flood:semiwild,0.004907379351953421,0.07595929916596386,0.07970318544480606,0.014285271900130186,0.000665735651988695,0.0008664813212288939,0.0024835045972822762,4a4e6bcaeac2a260,67
S6,rule,False,806701,0.5,0.0,4,0,0,0,2,0.6666666666666666,1.0,21.5,108.81786956058336,0.4718012691844271,0.0,,,0,0,0,23394.624321935018,23394.624321935018,23394.624321935018,1.5,0.6699999999999999,0.07089669752146295,0.0001932434921261737,0.0,0.0,0.019483487607314772,1,19:wildfire:semiwild|24:heatwave:alternative|50:funding_collapse|63:flood:semiwild,0.010560000000000007,0.06464665021351143,0.0,0.0,3.091895874018779e-05,0.0007611616433215719,0.0,4a4e6bcaeac2a260,67
S7,forward_rollout_proxy,False,806701,0.375,0.125,3,1,307,197,3,1.0,1.0,26.666666666666668,129.68881556934357,0.5209903040101992,4.176408029423494,0.0005951069906164278,0.9994048930093836,345,0,0,23409.798304373093,23409.79830437309,23409.798304373093,1.5,0.5200621783446513,0.16767601641322832,0.002119952028053518,216.0,351.3232329952817,0.08827859142264119,0,19:wildfire:semiwild|24:heatwave:alternative|50:funding_collapse|63:flood:semiwild,0.00880312831923629,0.07336365143990987,0.03921588427345038,0.014408594031077753,0.0003391923244885629,0.0009031454951167557,0.0018986861983370283,4a4e6bcaeac2a260,67
S4,state_dependent_rule,False,806702,0.375,0.375,3,3,682,535,2,0.6666666666666666,1.0,17.5,154.28368157375945,0.4753992198719399,3.2406166433045693,0.002498529849156643,0.9975014701508433,351,0,0,23547.080953435732,23547.080953435732,7849.026984478577,1.5,0.36000000000000004,0.2560386090829698,0.00392487717136712,240.75,391.57902010932435,0.09441221324962047,1,6:flood:semiwild|7:heatwave:reserve|20:heatwave:origin|43:funding_collapse|67:heatwave:origin|87:heatwave:semiwild|92:wildfire:semiwild,0.005911946239318722,0.06899614197543426,0.061970276577438047,0.010377917382170532,0.0006279803474187393,0.0007583046669061865,0.0019707208626772443,4a4e6bcaeac2a260,67
S6,rule,False,806702,0.0,0.0,0,0,0,0,1,0.3333333333333333,1.0,19.0,70.36925504728003,0.30383251250324866,0.0,,,0,0,0,23325.995182568637,23325.995182568637,23325.995182568637,1.5,0.6699999999999999,0.0693303833441214,7.7720207253886e-05,0.0,0.0,0.011651916720607015,2,6:flood:semiwild|7:heatwave:reserve|20:heatwave:origin|43:funding_collapse|67:heatwave:origin|87:heatwave:semiwild|92:wildfire:semiwild,0.006880000000000005,0.04574252752416005,0.0,0.0,1.2435233160621761e-05,0.000432524739430656,0.0,4a4e6bcaeac2a260,67
S7,forward_rollout_proxy,False,806702,0.25,0.125,2,1,333,202,1,0.3333333333333333,1.0,16.0,129.55406662907583,0.5484415297867862,3.6819404323139753,0.01554927722145744,0.9844507227785425,334,0,0,23483.22697260705,23483.22697260705,23483.22697260705,1.5,0.4227306265939585,0.1494511572323388,0.002871591155854985,150.5,244.78771558236042,0.07054345124901593,2,6:flood:semiwild|7:heatwave:reserve|20:heatwave:origin|43:funding_collapse|67:heatwave:origin|87:heatwave:semiwild|92:wildfire:semiwild,0.008298776599861583,0.06437003912939428,0.02862455410458835,0.008519417678852555,0.00045945458493679777,0.0007515661747577254,0.0017843210425624023,4a4e6bcaeac2a260,67
S4,state_dependent_rule,False,806703,0.25,0.25,2,2,185,2,3,1.0,1.0,21.0,96.8736777819077,0.441823640773648,3.0210298725419307,0.011657423202219594,0.9883425767977804,170,0,0,23449.820095803243,23449.820095803243,11724.910047901622,1.5,0.1973746338857534,0.17671213838972855,0.004578091594530093,313.25,509.5000126656112,0.07132188137866942,0,1:funding_collapse|23:heatwave:alternative|34:wildfire:semiwild|37:funding_collapse|68:flood:reserve|97:flood:alternative,0.004352722317640663,0.07627456696620555,0.0582341946660402,0.013999730449657586,0.0007324946551248144,0.000916969236669701,0.003053964699434199,4a4e6bcaeac2a260,67
S6,rule,False,806703,0.5,0.0,4,0,0,0,3,1.0,1.0,35.0,107.3161322557913,0.4461107088645879,0.0,,,0,0,0,23333.490466527914,23333.490466527917,23333.490466527914,1.5,0.5442775732126378,0.05708907356956787,0.00013276465441819772,0.0,0.0,0.013306581241520399,0,1:funding_collapse|23:heatwave:alternative|34:wildfire:semiwild|37:funding_collapse|68:flood:reserve|97:flood:alternative,0.009920000000000007,0.05796422442474729,0.0,0.0,2.1242344706911636e-05,0.000583824365957939,0.0,4a4e6bcaeac2a260,67
S7,forward_rollout_proxy,False,806703,0.25,0.125,2,1,241,126,3,1.0,1.0,32.666666666666664,88.1679233882879,0.5334817393071064,3.896223250821762,0.03087714881645478,0.9691228511835452,232,0,0,23348.99786085936,23348.99786085936,23348.99786085936,1.5,0.31508024317739336,0.14034711631426028,0.0033623042129228304,147.0,239.09497801067772,0.06813429744151668,0,1:funding_collapse|23:heatwave:alternative|34:wildfire:semiwild|37:funding_collapse|68:flood:reserve|97:flood:alternative,0.008484971818783887,0.0754372997777695,0.020191195825376304,0.014201494822996374,0.0005379686740676529,0.0009544053685306356,0.002297945926696114,4a4e6bcaeac2a260,67
S4,state_dependent_rule,False,806800,0.25,0.25,2,2,312,0,0,0.0,0.0,,118.95679958666824,0.4992210591941466,4.300408901910544,0.00042892214200384676,0.9995710778579961,75,0,0,11722.520930395422,11722.520930395423,5861.260465197711,0.0,0.05000000000000001,0.17614666906778384,0.0013653140886425521,171.75,221.2592255101829,0.07821290024339195,3,53:wildfire:reserve|91:funding_collapse,0.0038213216700423176,0.07685074321902746,0.0769709728577009,0.012688798354584174,0.00021845025418280834,0.0007345725007111818,0.001254086253906866,00c8a867383395ac,68
S6,rule,False,806800,0.875,0.875,7,7,1197,1197,0,0.0,0.0,,798.3162180689889,0.7843899610501532,5.271403214352894,0.00013218495874215737,0.9998678150412579,0,0,0,14461.36500464329,14461.365004643294,2065.9092863776127,1.5,0.98,0.5556183700810065,7.681347150259067e-05,0.0,0.0,0.055771689687387375,3,53:wildfire:reserve|91:funding_collapse,0.01600000000000001,0.0286473550403898,0.0,0.0,1.2290155440414508e-05,0.0009503937540166262,0.0,00c8a867383395ac,68
S7,forward_rollout_proxy,False,806800,0.25,0.25,2,2,334,0,0,0.0,0.0,,132.40772377954772,0.5649874790581648,3.6987912609926195,0.004097472488336133,0.9959025275116639,83,0,0,12385.37183566844,12385.37183566844,6192.68591783422,0.0,0.24268624525481297,0.19251235875242073,0.0016800611281908668,131.75,169.72869264027102,0.09377910808506607,3,53:wildfire:reserve|91:funding_collapse,0.007598389385419845,0.0797506506642829,0.049742692939761905,0.009839830568348529,0.0002688097805105387,0.000678931229885517,0.0010035149644151012,00c8a867383395ac,68
S4,state_dependent_rule,False,806801,0.375,0.375,3,3,396,0,0,0.0,0.0,,127.52478872147528,0.476613672085886,2.8647982645056373,0.002089227822771878,0.9979107721772281,51,0,0,11740.5439494502,11740.5439494502,3913.5146498167337,0.0,0.05000000000000001,0.22305148356753055,0.0010917129470847287,168.5,217.07236971450257,0.1032675046123708,3,65:heatwave:origin|79:flood:semiwild,0.0038813053250042356,0.07871489208189134,0.09996706908253289,0.011746127973277055,0.00017467407153355663,0.0007289516545966937,0.0012564180063032845,00c8a867383395ac,68
S6,rule,False,806801,1.0,0.75,8,6,276,276,0,0.0,0.0,,578.0956293612321,0.7654477343514894,2.944869831430086,0.0,1.0,0,0,0,14495.385964476693,14495.385964476696,2415.8976607461154,1.5,0.894894927899171,0.46781949464259687,2.6809651474530833e-05,0.0,0.0,0.05690651769189464,3,65:heatwave:origin|79:flood:semiwild,0.01600000000000001,0.04761120533407842,0.0,0.0,4.2895442359249335e-06,0.0009367707701963481,0.0,00c8a867383395ac,68
S7,forward_rollout_proxy,False,806801,0.5,0.375,4,3,126,20,0,0.0,0.0,,130.81021124294915,0.5855919655811737,2.338021188417151,0.007687351713609886,0.9923126482863901,135,0,0,12441.968293865903,12441.968293865903,4147.3227646219675,0.0,0.31688630660494993,0.24961916891145053,0.0007944950870128966,119.75,154.26953277929758,0.1290016318339202,3,65:heatwave:origin|79:flood:semiwild,0.011535813331104497,0.08032709081659911,0.051021868144853155,0.02792778796463702,0.00012711921392206347,0.0014001590230138866,0.0009404032807164577,00c8a867383395ac,68
S4,state_dependent_rule,False,806802,0.25,0.25,2,2,271,0,0,0.0,0.0,,111.46270325087536,0.5009888060931768,3.8570129262660835,0.0011784821707381036,0.9988215178292619,80,0,0,11602.861717409192,11602.861717409192,5801.430858704596,0.0,0.05000000000000001,0.17176796394311744,0.002327180460917561,164.0,211.27518476663755,0.07848917340228297,3,7:funding_collapse|13:wildfire:alternative|45:heatwave:reserve|57:wildfire:alternative|58:wildfire:alternative|61:wildfire:reserve|66:wildfire:origin|89:funding_collapse,0.0039057969730436543,0.07654870279607079,0.07743762167519667,0.012756680165393277,0.0003723488737468098,0.0007163414570272277,0.0014361692318112758,00c8a867383395ac,68
S6,rule,False,806802,1.0,0.5,8,4,242,242,0,0.0,0.0,,593.0407989510645,0.7637784709320401,4.6155560674354845,0.0,1.0,0,0,0,14223.606356195525,14223.606356195525,3555.9015890488813,1.4879573364430843,0.8792827358434215,0.37029164152136107,0.00033264606551025225,0.0,0.0,0.05603903631332012,3,7:funding_collapse|13:wildfire:alternative|45:heatwave:reserve|57:wildfire:alternative|58:wildfire:alternative|61:wildfire:reserve|66:wildfire:origin|89:funding_collapse,0.01600000000000001,0.04928484566834495,0.0,0.0,5.3223370481640377e-05,0.0008834600291337598,0.0,00c8a867383395ac,68
S7,forward_rollout_proxy,False,806802,0.25,0.25,2,2,253,0,0,0.0,0.0,,108.00274869044163,0.5631925432409258,2.3219436770041475,0.014118039482839288,0.9858819605171607,56,0,0,12095.95099821537,12095.95099821537,6047.975499107685,0.0,0.051616341432321154,0.16032955835136758,0.0012821119051772392,105.5,135.91178044439164,0.09724243719046989,3,7:funding_collapse|13:wildfire:alternative|45:heatwave:reserve|57:wildfire:alternative|58:wildfire:alternative|61:wildfire:reserve|66:wildfire:origin|89:funding_collapse,0.0071684221137334695,0.07704407918988186,0.05451936087936979,0.011407843808377146,0.00020513790482835825,0.0007630128657045056,0.00108711504961595,00c8a867383395ac,68
S4,state_dependent_rule,False,806803,0.125,0.125,1,1,186,0,0,0.0,0.0,,99.56692129338639,0.5214223110295325,4.33425206715109,0.0003040634854461248,0.9996959365145539,54,0,0,11617.892547613921,11617.892547613921,11617.892547613921,0.0,0.05000000000000001,0.1158017478270093,0.0012022436344016744,142.25,183.25545751862307,0.056046135777491964,3,11:wildfire:reserve|17:funding_collapse|23:funding_collapse|89:flood:reserve,0.003721269705032118,0.07454406712241152,0.05355257365111304,0.01383551891806399,0.00019235898150426797,0.000858396064207212,0.0013683360082306544,00c8a867383395ac,68
S6,rule,False,806803,0.875,0.875,7,7,1169,1169,0,0.0,0.0,,800.7808626350244,0.7835953478850018,5.851263049101272,0.0,1.0,0,0,0,14410.953564436117,14410.953564436119,2058.7076520623023,1.5,0.9592494508456548,0.5592308019183537,0.000151429556825102,0.0,0.0,0.055216131713877716,3,11:wildfire:reserve|17:funding_collapse|23:funding_collapse|89:flood:reserve,0.01600000000000001,0.029443087204064636,0.0,0.0,2.4228729092016323e-05,0.0009373361818411899,0.0,00c8a867383395ac,68
S7,forward_rollout_proxy,False,806803,0.25,0.25,2,2,249,0,0,0.0,0.0,,97.9235739173569,0.5725547816903934,2.455814772117408,0.014741818886507283,0.9852581811134927,68,0,0,12135.191271619666,12135.191271619666,6067.595635809833,0.0,0.16444930574513264,0.17233353295925347,0.0017263560129639067,100.0,128.8263321747789,0.09415227331783058,3,11:wildfire:reserve|17:funding_collapse|23:funding_collapse|89:flood:reserve,0.006378562774884103,0.07978788546769072,0.03388340655444776,0.009972114223994275,0.00027621696207422505,0.0008802019575872114,0.0013636106380501315,00c8a867383395ac,68
S4,state_dependent_rule,False,806900,0.25,0.25,2,2,213,0,3,1.0,1.0,18.666666666666668,87.36391589751612,0.40119269159389626,3.2893461866109,0.0022245787128204655,0.9977754212871796,12,0,0,22508.154973537665,22508.154973537665,11254.077486768832,1.5,0.05856458528081071,0.16429697657609457,0.0009574017125374755,263.0,114.86863099519788,0.06523528090952246,0,12:heatwave:reserve|13:heatwave:origin|47:flood:reserve|59:flood:reserve|69:wildfire:reserve|72:funding_collapse,0.0024405603862355067,0.07754454034734694,0.07954300631049188,0.013018981680321227,0.0001531842740059961,0.0007685679104712657,0.0006482012710422858,1a3bf0bb6c52760e,69
S6,rule,False,806900,0.0,0.0,0,0,0,0,3,1.0,1.0,25.666666666666668,43.642532393229295,0.3279205097382244,0.0,,,0,0,0,22282.625279431406,22282.62527943141,22282.625279431406,1.5,0.4446773770992663,0.04617114274446322,7.866485270545131e-05,0.0,0.0,0.008517025172682949,0,12:heatwave:reserve|13:heatwave:origin|47:flood:reserve|59:flood:reserve|69:wildfire:reserve|72:funding_collapse,0.007520000000000006,0.05436087796424954,0.0,0.0,1.2586376432872211e-05,0.0002860259210931689,0.0,1a3bf0bb6c52760e,69
S7,forward_rollout_proxy,False,806900,0.25,0.25,2,2,276,0,3,1.0,1.0,20.0,80.71199674629102,0.4243909267856759,2.4685047493783068,0.00569577793621149,0.9943042220637885,13,0,0,22462.228088152155,22462.228088152155,11231.114044076077,1.5,0.1695513080358885,0.16959767368636153,0.0007096483665954526,192.5,84.07684968279708,0.07728747694494806,0,12:heatwave:reserve|13:heatwave:origin|47:flood:reserve|59:flood:reserve|69:wildfire:reserve|72:funding_collapse,0.002753523867353102,0.07902835078558457,0.06238067350528609,0.011826550312758755,0.00011354373865527243,0.0007189694613469282,0.0006332041316961276,1a3bf0bb6c52760e,69
S4,state_dependent_rule,False,806901,0.25,0.25,2,2,318,0,3,1.0,1.0,19.0,101.46136046406096,0.38543439121885115,4.383248926612236,0.00028834269374922227,0.9997116573062508,17,0,0,22548.659320169245,22548.659320169245,11274.329660084622,1.5,0.05856458528081071,0.17709591579186018,0.0013802283719384356,323.0,141.07440232490094,0.07453483998828375,0,17:funding_collapse|18:heatwave:reserve|23:flood:origin|27:wildfire:alternative|77:wildfire:semiwild|94:flood:reserve,0.0023351667297388835,0.076952365213252,0.09021728296017535,0.014126403885799521,0.00022083653951014974,0.0007907961974544615,0.0006360654764756013,1a3bf0bb6c52760e,69
S6,rule,False,806901,0.0,0.0,0,0,0,0,2,0.6666666666666666,1.0,32.0,60.202391502552366,0.28986568235966365,0.0,,,0,0,0,22310.4264264356,22310.4264264356,22310.4264264356,1.5,0.5660734679708417,0.05838718102555854,0.00022891177025845402,0.0,0.0,0.008899171142371825,1,17:funding_collapse|18:heatwave:reserve|23:flood:origin|27:wildfire:alternative|77:wildfire:semiwild|94:flood:reserve,0.006560000000000005,0.04347203140965052,0.0,0.0,3.6625883241352644e-05,0.00036566034744449946,0.0,1a3bf0bb6c52760e,69
S7,forward_rollout_proxy,False,806901,0.25,0.25,2,2,307,0,1,0.3333333333333333,1.0,16.0,94.8506768179733,0.40929019954431956,3.3208587603852657,0.0019539419059055505,0.9980460580940944,30,0,0,22405.600074724007,22405.600074724007,11202.800037362003,1.5,0.100016060963949,0.1746624426129505,0.000564693581482013,215.75,94.23158607305704,0.09476124456351473,2,17:funding_collapse|18:heatwave:reserve|23:flood:origin|27:wildfire:alternative|77:wildfire:semiwild|94:flood:reserve,0.0034880553295444337,0.07907809782553366,0.07988446796191313,0.013554284056217012,9.035097303712207e-05,0.0008404994022066287,0.000578104754326601,1a3bf0bb6c52760e,69
S4,state_dependent_rule,False,806902,0.25,0.25,2,2,259,0,3,1.0,1.0,23.333333333333332,99.28743513068197,0.3964936130715902,3.2887714071302963,0.0002622147247248951,0.9997377852752751,23,0,0,22369.40541460554,22369.40541460554,11184.70270730277,1.5,0.058438303560296834,0.16545551229615033,0.0014543459704269431,276.0,120.54654811663353,0.07111983934408848,0,6:wildfire:semiwild|23:heatwave:alternative|52:funding_collapse|58:funding_collapse|68:funding_collapse|84:wildfire:reserve|86:wildfire:alternative,0.002560299443914596,0.07701756472966581,0.08743533881182503,0.01329966870293676,0.00023269535526831097,0.000799877016474079,0.0006081308853440096,1a3bf0bb6c52760e,69
S6,rule,False,806902,0.375,0.0,3,0,0,0,3,1.0,1.0,32.333333333333336,107.3228935756295,0.47038417744306105,0.0,,,0,0,0,22189.36196671962,22189.36196671962,22189.36196671962,1.5,0.6469958583277537,0.06783383964634916,0.00022328959204989348,0.0,0.0,0.01567126906786891,0,6:wildfire:semiwild|23:heatwave:alternative|52:funding_collapse|58:funding_collapse|68:funding_collapse|84:wildfire:reserve|86:wildfire:alternative,0.010560000000000007,0.06625356734214999,0.0,0.0,3.572633472798295e-05,0.0005665288800611043,0.0,1a3bf0bb6c52760e,69
S7,forward_rollout_proxy,False,806902,0.125,0.125,1,1,104,0,3,1.0,1.0,23.0,68.99160695068086,0.46128725787256675,3.3694704049844235,0.010918035881249814,0.9890819641187502,27,0,0,22267.14122562687,22267.14122562687,22267.14122562687,1.5,0.07975812641779934,0.10940300302180753,0.002748092376856383,185.75,81.12870040820546,0.0574124316509168,0,6:wildfire:semiwild|23:heatwave:alternative|52:funding_collapse|58:funding_collapse|68:funding_collapse|84:wildfire:reserve|86:wildfire:alternative,0.003334094020193478,0.08586777980458127,0.031179774718626936,0.005335726804576962,0.00043969478029702125,0.0005287843515904131,0.0009620570763863271,1a3bf0bb6c52760e,69
S4,state_dependent_rule,False,806903,0.25,0.25,2,2,227,0,3,1.0,1.0,21.666666666666668,92.70036897557749,0.40115168281522445,2.7734490814891792,5.177632228150887e-05,0.9999482236777185,13,0,0,22420.631844598134,22420.631844598134,11210.315922299067,1.5,0.05856458528081071,0.15949503788852995,0.0014510185495329015,307.75,134.41376877860137,0.06702044272778539,0,2:flood:reserve|6:funding_collapse|6:flood:alternative|17:funding_collapse|41:heatwave:alternative|62:wildfire:origin,0.002363820727805894,0.07650455355911095,0.07916561369316576,0.012773196602492067,0.00023216296792526414,0.0007976933945984259,0.0007292268970781399,1a3bf0bb6c52760e,69
S6,rule,False,806903,0.375,0.0,3,0,0,0,3,1.0,1.0,34.333333333333336,91.67629034881607,0.47445298920205986,0.0,,,0,0,0,22176.405298398466,22176.40529839847,22176.405298398466,1.5,0.6562197217375378,0.0683818860296251,0.0003019087875957131,0.0,0.0,0.013799569279356532,0,2:flood:reserve|6:funding_collapse|6:flood:alternative|17:funding_collapse|41:heatwave:alternative|62:wildfire:origin,0.010720000000000007,0.07032891620665632,0.0,0.0,4.830540601531408e-05,0.0005497891852688869,0.0,1a3bf0bb6c52760e,69
S7,forward_rollout_proxy,False,806903,0.125,0.125,1,1,191,0,2,0.6666666666666666,1.0,23.5,84.92002191048897,0.44373745124737496,4.31881141233574,0.00010038052843907003,0.9998996194715609,32,0,0,22275.19997636782,22275.19997636782,22275.19997636782,1.5,0.100016060963949,0.12015695690879886,0.001996466628831696,188.75,82.43898897469066,0.05358618344523283,1,2:flood:reserve|6:funding_collapse|6:flood:alternative|17:funding_collapse|41:heatwave:alternative|62:wildfire:origin,0.003406423890767281,0.07666290956489993,0.049316335013749726,0.01434697314064265,0.0003194346606130713,0.0009519337458634235,0.0006163748062953695,1a3bf0bb6c52760e,69
S4,state_dependent_rule,False,807000,0.125,0.125,1,1,168,0,2,0.6666666666666666,1.0,19.0,91.9238819899587,0.5217701926569189,4.458767772511848,0.004530232864812144,0.9954697671351879,27,0,0,9290.652084316984,9290.652084316986,9290.652084316984,1.5,0.1671647116825898,0.12797632390739322,0.0024454349176813634,97.0,106.82548782470433,0.052110875070078805,1,3:heatwave:alternative|30:flood:semiwild|69:wildfire:origin|72:funding_collapse|73:flood:reserve,0.004902009697034339,0.07675233899057597,0.04047654697542659,0.013101710784323022,0.00039126958682901824,0.0008795968946920489,0.0011060193887601592,2440316a9608ed85,70
S6,rule,False,807000,0.625,0.0,5,0,0,0,2,0.6666666666666666,1.0,28.0,379.1551926316764,0.7164068448840291,0.0,,,0,0,0,9308.160609504937,9308.160609504937,9308.160609504937,1.5,0.7237044339862159,0.07956380660064645,0.0005041881853459261,0.0,0.0,0.03596681601012434,1,3:heatwave:alternative|30:flood:semiwild|69:wildfire:origin|72:funding_collapse|73:flood:reserve,0.01536000000000001,0.06385925969929064,0.0,0.0,8.067010965534818e-05,0.0010932253070253545,0.0,2440316a9608ed85,70
S7,forward_rollout_proxy,False,807000,0.5,0.125,4,1,166,36,3,1.0,1.0,27.666666666666668,103.02748750288985,0.5984297524365569,3.40113552209331,0.0031106708368528763,0.9968893291631471,78,0,0,9286.607044588161,9286.607044588161,9286.607044588161,1.5,0.46882615695076524,0.1532972010905957,0.0017513585769328673,71.0,78.19185191292782,0.08076615087293028,0,3:heatwave:alternative|30:flood:semiwild|69:wildfire:origin|72:funding_collapse|73:flood:reserve,0.011175735286890552,0.07301111185675098,0.03218568399509003,0.013421346086275385,0.0002802173723092587,0.0008030423384930692,0.0007332984174161594,2440316a9608ed85,70
S4,state_dependent_rule,False,807001,0.25,0.125,2,1,158,0,1,0.3333333333333333,1.0,28.0,81.27519296129131,0.5201376643106699,3.237872892347601,4.16837365766412e-05,0.9999583162634234,22,0,0,9280.85470135514,9280.85470135514,9280.85470135514,1.5,0.24626222679837684,0.1256922954544687,0.002261620133387521,107.25,118.11374813607769,0.062186719255774965,2,17:flood:reserve|51:flood:reserve|53:funding_collapse|58:funding_collapse|90:wildfire:reserve,0.004978686246092487,0.07781536417018148,0.04069986074553277,0.012276609927219063,0.00036185922134200334,0.0008466515180590467,0.0012731126891665074,2440316a9608ed85,70
S6,rule,False,807001,0.875,0.5,7,4,121,121,1,0.3333333333333333,1.0,22.0,475.67859559457315,0.7567526170372427,4.638322260896384,0.0,1.0,0,0,0,9291.605670119916,9291.605670119918,2322.901417529979,1.5,0.7564835354114082,0.35720155899876793,5.2910052910052905e-05,0.0,0.0,0.05084991424331611,2,17:flood:reserve|51:flood:reserve|53:funding_collapse|58:funding_collapse|90:wildfire:reserve,0.01600000000000001,0.05630121959082066,0.0,0.0,8.465608465608466e-06,0.0009376977634713619,0.0,2440316a9608ed85,70
S7,forward_rollout_proxy,False,807001,0.25,0.125,2,1,208,177,1,0.3333333333333333,1.0,16.0,86.22207878202671,0.6316829881857579,1.0,0.32076440451479754,0.6792355954852025,68,0,0,9264.02691681828,9264.02691681828,9264.02691681828,1.5,0.36000000000000004,0.11570302022870278,0.0014073033582144628,47.25,52.036126801208994,0.06726510114351386,2,17:flood:reserve|51:flood:reserve|53:funding_collapse|58:funding_collapse|90:wildfire:reserve,0.009895664043042755,0.07116138862720957,0.004124464169202802,0.007008473533548935,0.00022516853731431404,0.0008287097718265297,0.0016808975845458778,2440316a9608ed85,70
S4,state_dependent_rule,False,807002,0.125,0.125,1,1,152,0,3,1.0,1.0,23.0,86.93983732833036,0.5124839042432734,5.456778460085026,0.0,1.0,37,0,0,9340.65832378974,9340.65832378974,9340.65832378974,1.5,0.11400187092325091,0.13191801567624448,0.0009390413159660109,110.0,121.1423057805925,0.04850021991534565,0,13:wildfire:semiwild|17:flood:alternative|30:heatwave:origin|31:wildfire:origin|46:wildfire:reserve|63:flood:alternative|81:flood:origin|95:flood:reserve,0.00479073455022721,0.07553966349454876,0.044080948954068756,0.017892258878967313,0.00015024661055456173,0.0010250195351468032,0.001008843648031444,2440316a9608ed85,70
S6,rule,False,807002,0.25,0.0,2,0,0,0,2,0.6666666666666666,1.0,22.0,138.4072906275932,0.3851550496648589,0.0,,,0,0,0,9344.336160591098,9344.336160591098,9344.336160591098,1.5,0.636148058935147,0.06633023397000083,0.00021214253930741867,0.0,0.0,0.01357714038243062,1,13:wildfire:semiwild|17:flood:alternative|30:heatwave:origin|31:wildfire:origin|46:wildfire:reserve|63:flood:alternative|81:flood:origin|95:flood:reserve,0.008480000000000007,0.04573842629344473,0.0,0.0,3.394280628918699e-05,0.0004925812354072842,0.0,2440316a9608ed85,70
S7,forward_rollout_proxy,False,807002,0.25,0.125,2,1,181,0,3,1.0,1.0,27.333333333333332,100.0840084999527,0.5427204198976056,3.4115380610225965,0.003578651704767401,0.9964213482952325,29,0,0,9320.191708061253,9320.191708061253,9320.191708061253,1.5,0.22981594899876498,0.1264769164373903,0.00165065172818616,74.75,82.32170324635707,0.06564970463643921,0,13:wildfire:semiwild|17:flood:alternative|30:heatwave:origin|31:wildfire:origin|46:wildfire:reserve|63:flood:alternative|81:flood:origin|95:flood:reserve,0.0068334728229743616,0.07537852737059833,0.03464593214506001,0.015556431822631618,0.00026410427650978564,0.0009805160919092158,0.0008112544266521875,2440316a9608ed85,70
S4,state_dependent_rule,False,807003,0.25,0.125,2,1,162,0,3,1.0,1.0,27.333333333333332,94.82339074404514,0.5083112813087066,5.215421303656599,0.0,1.0,39,0,0,9352.20247937544,9352.20247937544,9352.20247937544,1.5,0.05273802718137927,0.12441180916295508,0.002470958733347837,114.5,126.09812738070767,0.05366896704125576,0,82:heatwave:alternative|89:flood:reserve|99:flood:alternative,0.004547436485391596,0.07656050368218009,0.04549022703650091,0.013012480616344255,0.0003953533973356538,0.0007676279313064479,0.0010575593012018868,2440316a9608ed85,70
S6,rule,False,807003,0.75,0.625,6,5,125,125,0,0.0,0.0,,506.0193174488549,0.7577066810792406,3.6447632361003848,0.0,1.0,0,0,0,9349.644050547395,9349.644050547395,1869.928810109479,1.5,0.7109285460767559,0.39772683929121094,0.00012703566274994846,0.0,0.0,0.04468176161265727,3,82:heatwave:alternative|89:flood:reserve|99:flood:alternative,0.01600000000000001,0.055294873653004055,0.0,0.0,2.0325706039991753e-05,0.0009781195617155406,0.0,2440316a9608ed85,70
S7,forward_rollout_proxy,False,807003,0.5,0.125,4,1,101,44,1,0.3333333333333333,1.0,14.0,125.57592590581356,0.5884207080014132,4.28793610760824,0.0035462970297029696,0.996453702970297,115,0,0,9332.939902154296,9332.939902154296,9332.939902154296,1.5,0.33615254233621944,0.1524982885676681,0.0009630308104672343,63.5,69.93214924606922,0.09876836628981878,2,82:heatwave:alternative|89:flood:reserve|99:flood:alternative,0.012900138379652456,0.07220910539847672,0.05130306140326112,0.019786488995143455,0.0001540849296747575,0.0009929603313752445,0.00044661416595907647,2440316a9608ed85,70
S4,state_dependent_rule,False,807100,0.125,0.125,1,1,227,0,3,1.0,1.0,21.0,110.67332783346896,0.5310001340171957,4.9399865784680275,0.00025200953592519347,0.9997479904640748,71,0,0,12642.392495092217,12642.392495092217,12642.392495092217,1.5,0.061795845247096685,0.12207509557180628,0.001941281193201862,167.75,128.5874837034959,0.05122822631208166,0,11:wildfire:alternative|17:wildfire:semiwild|25:heatwave:alternative|31:flood:origin|32:heatwave:semiwild|57:heatwave:alternative|60:funding_collapse,0.004356321964726977,0.07644657783278062,0.04791237216730492,0.013424279019310212,0.00031060499091229793,0.0008671167364977389,0.000887459875210908,7ac4ecf16f81361f,71
S6,rule,False,807100,0.75,0.75,6,6,1113,1113,1,0.3333333333333333,1.0,17.0,662.0709067443439,0.7789513930265615,5.060365742750697,0.0004408694384882214,0.9995591305615118,0,0,0,12653.547636194698,12653.547636194698,2108.92460603245,1.5,0.98,0.49485218065465386,0.00030815216012421045,0.0,0.0,0.04374261613573456,2,11:wildfire:alternative|17:wildfire:semiwild|25:heatwave:alternative|31:flood:origin|32:heatwave:semiwild|57:heatwave:alternative|60:funding_collapse,0.01600000000000001,0.0340717079470925,0.0,0.0,4.9304345619873664e-05,0.0009275946807262653,0.0,7ac4ecf16f81361f,71
S7,forward_rollout_proxy,False,807100,0.375,0.375,3,3,506,506,2,0.6666666666666666,1.0,17.0,178.3286328808025,0.5372678285303902,3.16735716046939,0.0,1.0,39,0,0,12611.032536106506,12611.032536106506,4203.677512035502,1.5,0.36479124361587806,0.2592503699112959,0.0016543711935376188,44.0,33.72786457796614,0.11173836972507091,1,11:wildfire:alternative|17:wildfire:semiwild|25:heatwave:alternative|31:flood:origin|32:heatwave:semiwild|57:heatwave:alternative|60:funding_collapse,0.013227688432955284,0.057233492111020585,0.1386083259571255,0.028022693501759,0.0002646993909660191,0.0012996298486146255,0.00019286744841104817,7ac4ecf16f81361f,71
S4,state_dependent_rule,False,807101,0.25,0.25,2,2,181,0,3,1.0,1.0,27.333333333333332,108.68745457353243,0.523574004641991,2.6034627662563135,0.020728063414040987,0.979271936585959,41,0,0,12572.701648827142,12572.701648827144,6286.350824413571,1.5,0.05000000000000001,0.15735163614704062,0.0037280277022278103,166.25,127.43767013833796,0.06908504242238736,0,26:heatwave:alternative|29:wildfire:reserve|33:wildfire:semiwild|53:funding_collapse|74:funding_collapse|81:heatwave:origin|89:wildfire:alternative|91:wildfire:origin|95:funding_collapse,0.0044713924792515805,0.07865955624958137,0.0568182893451872,0.012139001012964522,0.0005964844323564498,0.0008614481773653148,0.0008507772987283752,7ac4ecf16f81361f,71
S6,rule,False,807101,0.875,0.75,7,6,181,181,1,0.3333333333333333,1.0,46.0,658.3496156959452,0.7724190910757054,3.7839380569990113,0.0006833333333333332,0.9993166666666666,0,0,0,12591.100585488884,12591.100585488884,2098.5167642481474,1.5,0.8157170527670159,0.46546263712344293,0.00037742779880181176,0.0,0.0,0.04275775638375591,2,26:heatwave:alternative|29:wildfire:reserve|33:wildfire:semiwild|53:funding_collapse|74:funding_collapse|81:heatwave:origin|89:wildfire:alternative|91:wildfire:origin|95:funding_collapse,0.01600000000000001,0.040573431731206505,0.0,0.0,6.038844780828989e-05,0.0009470887452798887,0.0,7ac4ecf16f81361f,71
S7,forward_rollout_proxy,False,807101,0.25,0.125,2,1,190,5,3,1.0,1.0,42.0,119.98653819621826,0.5829271008182915,4.090188080670746,0.0013620682781473681,0.9986379317218527,109,0,0,12552.317059125586,12552.317059125586,12552.317059125586,1.5,0.2546847009346411,0.13577382995062554,0.001275487668904435,109.75,84.12802585072247,0.06576739525226985,0,26:heatwave:alternative|29:wildfire:reserve|33:wildfire:semiwild|53:funding_collapse|74:funding_collapse|81:heatwave:origin|89:wildfire:alternative|91:wildfire:origin|95:funding_collapse,0.0070022067822017664,0.07631133981830826,0.03178392807410223,0.010324421528411322,0.0002040780270247096,0.0008305702746048519,0.0006469024708590649,7ac4ecf16f81361f,71
S4,state_dependent_rule,False,807102,0.125,0.125,1,1,77,0,3,1.0,1.0,12.333333333333334,32.35440034059316,0.530474040731571,2.9630184907546226,0.019534975286058402,0.9804650247139416,32,0,0,12763.325342303506,12763.325342303506,12763.325342303506,1.5,0.05000000000000001,0.09899157027777904,0.004969596476523257,88.25,67.64736475012522,0.04055692685116398,0,4:wildfire:origin|24:funding_collapse|33:heatwave:reserve|44:heatwave:alternative,0.0020538602921034974,0.0863836193008689,0.017745400400145817,0.006238541924450206,0.0007951354362437213,0.0004738671263996108,0.0017088563244976238,7ac4ecf16f81361f,71
S6,rule,False,807102,0.25,0.25,2,2,403,403,2,0.6666666666666666,1.0,14.0,209.03327781441655,0.7703362419172677,3.3184775536759927,0.16644384617992447,0.8335561538200755,0,0,0,12642.894316425612,12642.894316425612,6321.447158212806,1.5,0.98,0.24752711419260473,0.0002007566505095225,0.0,0.0,0.019211693279224014,1,4:wildfire:origin|24:funding_collapse|33:heatwave:reserve|44:heatwave:alternative,0.01600000000000001,0.04294957582584758,0.0,0.0,3.212106408152361e-05,0.0006820611928033556,0.0,7ac4ecf16f81361f,71
S7,forward_rollout_proxy,False,807102,0.125,0.125,1,1,193,28,3,1.0,1.0,11.666666666666666,63.5839041982794,0.5450998707013196,3.1596403426923403,0.0026265232138236237,0.9973734767861764,80,0,0,12731.912810053527,12731.912810053527,12731.912810053527,1.5,0.36420347800168745,0.1349409232967615,0.0021715485861490973,105.5,80.87022074944164,0.05337086034834675,0,4:wildfire:origin|24:funding_collapse|33:heatwave:reserve|44:heatwave:alternative,0.005714161529836646,0.07623870321552943,0.04073309477983292,0.016835109755048053,0.0003474477737838556,0.0008327352932943909,0.0008949084948219366,7ac4ecf16f81361f,71
S4,state_dependent_rule,False,807103,0.25,0.25,2,2,207,0,3,1.0,1.0,30.0,111.40756323306628,0.5266470803185723,3.7457627252886234,0.0020840191540899182,0.99791598084591,82,0,0,12703.267724893916,12703.267724893916,6351.633862446958,1.5,0.0639452970144598,0.17146554798730418,0.003697222702281787,192.5,147.55940752860198,0.0755669551648597,0,32:wildfire:alternative|67:flood:semiwild,0.004581128516743244,0.07967284070942679,0.05653792596719142,0.010623443259949891,0.0005915556323650861,0.0006764782583161684,0.0009280740685904651,7ac4ecf16f81361f,71
S6,rule,False,807103,0.875,0.875,7,7,1166,1166,1,0.3333333333333333,1.0,33.0,793.9635141219711,0.785441885015116,5.886964177322328,0.0,1.0,0,0,0,12701.624806976653,12701.624806976653,1814.5178295680932,1.5,0.98,0.5585442375073079,0.000195197524994157,0.0,0.0,0.03962297867042315,0,32:wildfire:alternative|67:flood:semiwild,0.01600000000000001,0.027569916900943556,0.0,0.0,3.1231603999065125e-05,0.0009569664799412028,0.0,7ac4ecf16f81361f,71
S7,forward_rollout_proxy,False,807103,0.375,0.375,3,3,484,479,3,1.0,1.0,30.333333333333332,192.8680478308966,0.5558420081142844,3.829773059011204,0.00014174087544385183,0.9998582591245562,61,0,0,12668.235498780576,12668.235498780576,4222.745166260192,1.5,0.45480355028157077,0.27422775343158734,0.0005743387324456979,62.0,47.525627359861396,0.10849833906659094,0,32:wildfire:alternative|67:flood:semiwild,0.013495656100472535,0.060931524881547065,0.12733702320805762,0.021599834987942036,9.189419719131167e-05,0.0011564079834743659,0.00020761457401126583,7ac4ecf16f81361f,71
S4,state_dependent_rule,False,807200,0.625,0.375,5,3,492,463,3,1.0,1.0,37.333333333333336,274.229313361502,0.5577329710031328,5.150243006286879,0.0009229642954532116,0.9990770357045468,329,0,0,18452.09613650154,18452.09613650154,6150.69871216718,1.5,0.5329808862374309,0.2953074879245261,0.0014478934481507383,202.0,262.58495446707803,0.10878484618957103,0,7:flood:semiwild|65:wildfire:semiwild|84:funding_collapse|91:funding_collapse,0.01268314402298433,0.061477941010124854,0.15649324762163339,0.023779881840504967,0.0002316629517041182,0.0010754150548179487,0.0006069896959509702,9190beda4ac1cef3,72
S6,rule,False,807200,1.0,0.875,8,7,1193,1193,1,0.3333333333333333,1.0,54.0,834.8595317985028,0.787294634405566,6.097185969116253,0.0,1.0,0,0,0,18706.967968897086,18706.967968897086,2672.423995556727,1.5,0.98,0.5617502754415222,0.00012583167211885774,0.0,0.0,0.04514207875179834,2,7:flood:semiwild|65:wildfire:semiwild|84:funding_collapse|91:funding_collapse,0.01600000000000001,0.025730942344421234,0.0,0.0,2.0133067539017244e-05,0.0009542901824739651,0.0,9190beda4ac1cef3,72
S7,forward_rollout_proxy,False,807200,0.75,0.75,6,6,1200,1200,2,0.6666666666666666,1.0,26.0,697.6409631164593,0.7050155753717415,5.56602604917605,0.00017527132287332615,0.9998247286771267,15,0,0,18598.62299483797,18598.62299483797,3099.7704991396618,1.5,0.957858392529673,0.5223827964427105,0.000335130695583299,26.5,34.448026204839465,0.16718348348991324,1,7:flood:semiwild|65:wildfire:semiwild|84:funding_collapse|91:funding_collapse,0.014793644347420832,0.03850171399416308,0.06245558754123874,0.003543599100318922,5.362091129332783e-05,0.000841894716825138,6.445326355986144e-05,9190beda4ac1cef3,72
S4,state_dependent_rule,False,807201,0.5,0.375,4,3,537,508,2,0.6666666666666666,1.0,19.0,231.62156115265654,0.5798337351516254,5.257027138229309,0.0001234945249770434,0.9998765054750229,174,0,0,18536.633520386622,18536.633520386622,6178.877840128874,1.5,0.41639211381145325,0.28261692736575206,0.0013240468567753108,121.25,157.61596895610498,0.09828722301156816,1,44:heatwave:semiwild|54:flood:alternative,0.013039674109766182,0.060714878559822466,0.13817586943162577,0.02287137066054542,0.00021184749708404974,0.0010819787525518073,0.0004564424023467477,9190beda4ac1cef3,72
S6,rule,False,807201,0.875,0.875,7,7,1185,1185,0,0.0,0.0,,847.9730841398882,0.7873415575102591,6.3609363522025575,0.0,1.0,0,0,0,18818.14375775391,18818.14375775391,2688.3062511077014,1.5,0.98,0.5656668026061542,5.2910052910052905e-05,0.0,0.0,0.051537195420643125,3,44:heatwave:semiwild|54:flood:alternative,0.01600000000000001,0.025714256064523093,0.0,0.0,8.465608465608466e-06,0.000935720816752329,0.0,9190beda4ac1cef3,72
S7,forward_rollout_proxy,False,807201,0.75,0.625,6,5,1082,1082,1,0.3333333333333333,1.0,26.0,634.2645346554284,0.7596390177254676,5.894659601408188,0.0,1.0,19,0,0,18695.67232949341,18695.67232949341,3739.134465898682,1.5,0.9409544021417123,0.46971861688213135,0.00014894106488870352,21.75,28.27337999831163,0.17713290326939102,2,44:heatwave:semiwild|54:flood:alternative,0.0154690631739324,0.03982362863149608,0.010527745645280466,0.0015924806909687688,2.3830570382192565e-05,0.0009030558574288764,5.152073961605221e-05,9190beda4ac1cef3,72
S4,state_dependent_rule,False,807202,0.75,0.5,6,4,388,102,2,0.6666666666666666,1.0,16.5,246.04069547576094,0.5013909162341726,3.2599204535089794,0.0015807783418890174,0.998419221658111,403,0,0,18440.20593198346,18440.20593198346,4610.051482995865,1.5,0.3129631882613951,0.31563578548574733,0.0013129391900092047,263.75,342.8553551519402,0.13370131062259025,1,8:flood:origin|37:flood:alternative|39:wildfire:semiwild|74:funding_collapse|77:flood:origin|79:flood:reserve|87:wildfire:semiwild,0.00995581968017871,0.07035032478550814,0.1825282349144476,0.02358638412226747,0.00021007027040147278,0.0010431849087116593,0.0008895104931684346,9190beda4ac1cef3,72
S6,rule,False,807202,1.0,0.875,8,7,980,980,0,0.0,0.0,,726.0866090347174,0.7778492230025119,5.296917096550707,0.0,1.0,0,0,0,18736.77181034281,18736.77181034281,2676.68168719183,1.5,0.98,0.555477307984634,0.00010568147967611775,0.0,0.0,0.053790685095634914,3,8:flood:origin|37:flood:alternative|39:wildfire:semiwild|74:funding_collapse|77:flood:origin|79:flood:reserve|87:wildfire:semiwild,0.01600000000000001,0.035188428620911066,0.0,0.0,1.690903674817884e-05,0.0009454393398288552,0.0,9190beda4ac1cef3,72
S7,forward_rollout_proxy,False,807202,0.75,0.75,6,6,1018,1018,2,0.6666666666666666,1.0,14.5,255.62393210552779,0.3761333576781988,4.42366971351449,0.014855925107640425,0.9851440748923596,101,0,0,18606.40873297542,18606.40873297542,3101.0681221625696,1.5,0.7363161709856518,0.4924078894183507,0.0003999151393726541,115.5,150.14139723241348,0.18519787592320291,1,8:flood:origin|37:flood:alternative|39:wildfire:semiwild|74:funding_collapse|77:flood:origin|79:flood:reserve|87:wildfire:semiwild,0.012907270023580336,0.04178593411294797,0.3617346567772515,0.023216332994039156,6.398642229962468e-05,0.001059274900022509,0.0002875211284810992,9190beda4ac1cef3,72
S4,state_dependent_rule,False,807203,0.625,0.625,5,5,669,663,0,0.0,0.0,,217.54545586176656,0.5328309618032826,3.0735548992510915,0.0031447618065114655,0.9968552381934885,170,0,0,18503.824863895992,18503.824863895992,3700.7649727791986,1.5,0.5013629022229259,0.3902764525876493,0.0010444091957567897,121.75,158.26593171468693,0.14077306686422913,3,29:flood:origin|78:heatwave:origin,0.01288628620675962,0.06162192589957524,0.18551106057244726,0.022039105930778694,0.00016710547132108632,0.0010479017331526867,0.0005776856436606563,9190beda4ac1cef3,72
S6,rule,False,807203,0.875,0.875,7,7,1072,1072,0,0.0,0.0,,771.9882458009455,0.7817158443310768,6.057476133834087,0.0,1.0,0,0,0,18810.80305274444,18810.803052744443,2687.257578963491,1.5,0.98,0.5618170860635107,4.9751243781094526e-05,0.0,0.0,0.04746162362584867,2,29:flood:origin|78:heatwave:origin,0.01600000000000001,0.03133059295423101,0.0,0.0,7.960199004975124e-06,0.0009456025156872415,0.0,9190beda4ac1cef3,72
S7,forward_rollout_proxy,False,807203,0.75,0.75,6,6,1200,1200,0,0.0,0.0,,362.8898632742988,0.5216443689502477,3.9445551314290284,0.0030194132358087027,0.9969805867641913,43,0,0,18673.62009561232,18673.62009561232,3112.2700159353867,1.5,0.7810213609029587,0.4933234015442053,0.0006150501722216326,87.25,113.41850137253746,0.19137857069809558,3,29:flood:origin|78:heatwave:origin,0.01403442845406364,0.04042888629729774,0.22999632131809075,0.012647034586374206,9.840802755546119e-05,0.0008436888351813715,0.0002492042531044114,9190beda4ac1cef3,72
S4,state_dependent_rule,False,807300,0.625,0.5,5,4,820,800,1,0.3333333333333333,1.0,18.0,195.173281022482,0.46964361833617213,3.941516148197496,0.0026355297629699565,0.99736447023703,246,0,0,11565.929355411352,11565.929355411352,2891.482338852838,1.5,0.6256883966165337,0.3537954605813267,0.0009443405554006495,126.0,81.79513068763075,0.1340572971884917,2,15:funding_collapse|30:funding_collapse|37:flood:alternative|52:funding_collapse|57:heatwave:semiwild|63:wildfire:origin,0.012467678355041945,0.06065329566191838,0.16077162361014566,0.023983671151145632,0.0001510944888641039,0.0010568225481594118,0.00025998596406469874,b8602d4d5e8fb84a,73
S6,rule,False,807300,0.875,0.625,7,5,504,504,1,0.3333333333333333,1.0,27.0,636.8046158087627,0.7730123207009544,5.087223195934735,0.009544799999999999,0.9904552,0,0,0,11583.898738573387,11583.898738573389,2316.7797477146773,1.5,0.9100825467990363,0.4332487617854239,0.00013333521063302545,0.0,0.0,0.05059137573086432,2,15:funding_collapse|30:funding_collapse|37:flood:alternative|52:funding_collapse|57:heatwave:semiwild|63:wildfire:origin,0.01600000000000001,0.03996072494808863,0.0,0.0,2.133363370128407e-05,0.0010056207172557123,0.0,b8602d4d5e8fb84a,73
S7,forward_rollout_proxy,False,807300,0.75,0.625,6,5,1178,1178,1,0.3333333333333333,1.0,44.0,361.05809347408206,0.5121496105782206,3.7941008264626426,0.024620312551612414,0.9753796874483875,17,0,0,11556.435103293345,11556.435103293343,2311.287020658669,1.5,0.6699999999999999,0.4181292253995021,0.0004742071673668513,51.5,33.43213674930938,0.1596910856743784,2,15:funding_collapse|30:funding_collapse|37:flood:alternative|52:funding_collapse|57:heatwave:semiwild|63:wildfire:origin,0.014239421011880506,0.04069881183769403,0.18099002883415707,0.01438828437467088,7.587314677869618e-05,0.0010938208735582805,6.103258530126278e-05,b8602d4d5e8fb84a,73
S4,state_dependent_rule,False,807301,0.5,0.5,4,4,809,649,2,0.6666666666666666,1.0,26.0,242.85429883071834,0.537404406520992,3.657114585405267,0.06059791625370219,0.9394020837462979,397,0,0,11638.535452246464,11638.535452246464,2909.633863061616,1.5,0.5665775802154511,0.34176009882793656,0.0014234846007827446,172.75,112.1437208435572,0.11765597476169405,1,66:wildfire:reserve|79:funding_collapse|83:heatwave:alternative|87:wildfire:origin,0.012394581863048102,0.06389424965065459,0.09501942490187072,0.020642192242609613,0.00022775753612523916,0.001252722363701871,0.00032758076589182674,b8602d4d5e8fb84a,73
S6,rule,False,807301,1.0,1.0,8,8,762,762,0,0.0,0.0,,834.7865917899481,0.7818104282325868,5.474714624643109,0.0,1.0,0,0,0,11646.874151085512,11646.874151085514,1455.859268885689,1.5,0.919366473935694,0.6082707080640261,0.00023821313231535423,0.0,0.0,0.05793457212012757,3,66:wildfire:reserve|79:funding_collapse|83:heatwave:alternative|87:wildfire:origin,0.01600000000000001,0.031248760920991013,0.0,0.0,3.811410117045668e-05,0.000902696745252051,0.0,b8602d4d5e8fb84a,73
S7,forward_rollout_proxy,False,807301,0.75,0.75,6,6,1200,1200,1,0.3333333333333333,1.0,39.0,377.7015363739874,0.5776569053903157,3.611353339729361,0.05695107752686194,0.9430489224731381,37,0,0,11624.029771744745,11624.029771744747,1937.3382952907907,1.5,0.6699999999999999,0.47874998936631474,0.00036860219103409733,61.25,39.76152186204272,0.19068227984510544,2,66:wildfire:reserve|79:funding_collapse|83:heatwave:alternative|87:wildfire:origin,0.01457399042188269,0.04766928295906924,0.12099727469590793,0.011013138668189894,5.8976350565455584e-05,0.0007751462619694302,7.552943934790443e-05,b8602d4d5e8fb84a,73
S4,state_dependent_rule,False,807302,0.75,0.625,6,5,1095,1095,2,0.6666666666666666,1.0,24.5,211.01829723363846,0.4228943622742417,3.6833128320470343,0.01675376841331489,0.9832462315866851,147,0,0,11677.128005041357,11677.128005041357,2335.4256010082713,1.5,0.6308890133608607,0.4121283261280839,0.0007426610995888135,95.5,61.99551571959316,0.15478148235763736,1,,0.013159555318662287,0.057538676770168336,0.22041516613458417,0.019932446969023104,0.00011882577593421016,0.0009822860384000938,0.00017945526009973772,b8602d4d5e8fb84a,73
S6,rule,False,807302,1.0,0.875,8,7,1168,1168,1,0.3333333333333333,1.0,60.0,850.3886471683795,0.7866452544321243,5.867260373784959,0.0,1.0,0,0,0,11680.737795712013,11680.737795712015,1668.6768279588591,1.5,0.975241983281321,0.5600310394234139,0.00020273549352496718,0.0,0.0,0.05042118678716131,2,,0.01600000000000001,0.026396388234904783,0.0,0.0,3.2437678963994756e-05,0.0009259196540073014,0.0,b8602d4d5e8fb84a,73
S7,forward_rollout_proxy,False,807302,0.875,0.75,7,6,1171,1171,1,0.3333333333333333,1.0,19.0,423.7452015987163,0.5898861840086124,3.6373567666457824,0.0035443262901426096,0.9964556737098574,20,0,0,11668.389274748271,11668.389274748271,1944.7315457913785,1.5,0.6699999999999999,0.4783160493689098,0.00018898001516315466,56.5,36.67797526865981,0.18721240851225984,2,,0.014663210113586757,0.04523987363910047,0.11224346085163217,0.010116846830962069,3.023680242610475e-05,0.001039896805055615,6.889639346139449e-05,b8602d4d5e8fb84a,73
S4,state_dependent_rule,False,807303,0.375,0.125,3,1,278,202,1,0.3333333333333333,1.0,21.0,150.71668754149135,0.62391639819368,3.969388803287108,0.0,1.0,242,0,0,11618.546131973106,11618.546131973106,11618.546131973106,1.5,0.5429196713723641,0.16295689779589412,0.0014274357963650652,115.75,75.14116172296237,0.06360521312893314,2,25:wildfire:reserve|56:funding_collapse|82:wildfire:origin|95:heatwave:origin,0.010855201705643644,0.06215543475467033,0.0232295041592079,0.006373253884859553,0.00022838972741841043,0.0007329042320912166,0.0005093188406714291,b8602d4d5e8fb84a,73
S6,rule,False,807303,1.0,1.0,8,8,275,275,0,0.0,0.0,,784.1073147037359,0.7772164298483473,3.9478341755067192,0.0033619999999999995,0.996638,0,0,0,11646.033927877741,11646.033927877743,1455.7542409847176,1.5,0.8253336590098407,0.5840072579868762,0.00015293140156826088,0.0,0.0,0.05997775165412483,3,25:wildfire:reserve|56:funding_collapse|82:wildfire:origin|95:heatwave:origin,0.01600000000000001,0.035778651284251305,0.0,0.0,2.4469024250921745e-05,0.0009804498431508464,0.0,b8602d4d5e8fb84a,73
S7,forward_rollout_proxy,False,807303,0.625,0.5,5,4,1056,1056,1,0.3333333333333333,1.0,76.0,449.0126925664306,0.7003854313300666,4.069955305005942,0.0003780411664887349,0.9996219588335112,25,0,0,11611.103697528155,11611.103697528155,2902.7759243820387,1.5,0.6699999999999999,0.36098490484219725,0.00033860733250685933,46.25,30.02400630399143,0.14142675896068918,2,25:wildfire:reserve|56:funding_collapse|82:wildfire:origin|95:heatwave:origin,0.015861817621645406,0.044591665765484345,0.03241595231808584,0.0025015207808721605,5.417717320109749e-05,0.0008921609342510712,8.174938355670488e-05,b8602d4d5e8fb84a,73
S4,state_dependent_rule,False,807400,0.875,0.75,7,6,1200,1200,0,0.0,0.0,,684.3308438091221,0.6981646696840107,4.496199146045178,0.02777782892075499,0.972222171079245,172,0,0,21053.206084894606,21053.206084894606,3508.8676808157675,1.5,0.9706114726252869,0.5146754597406695,0.0006017872108113147,95.5,185.78919541333076,0.1757616050884449,3,35:flood:reserve|52:funding_collapse|58:wildfire:reserve|66:heatwave:origin,0.01497793517427481,0.03717535490819169,0.037063260003650594,0.002228623007951838,9.628595372981031e-05,0.0008448121152615052,0.00025640479801112057,0a1c725c3563f56b,74
S6,rule,False,807400,1.0,1.0,8,8,1186,1186,0,0.0,0.0,,847.2211101201199,0.7844533499443587,5.547217714536036,0.0,1.0,0,0,0,21061.32623594886,21061.326235948865,2632.6657794936077,1.5,0.98,0.614946204564345,0.00018225400396379023,0.0,0.0,0.0573701370949233,3,35:flood:reserve|52:funding_collapse|58:wildfire:reserve|66:heatwave:origin,0.01600000000000001,0.02863329315551466,0.0,0.0,2.9160640634206442e-05,0.0008841962594925046,0.0,0a1c725c3563f56b,74
S7,forward_rollout_proxy,False,807400,0.875,0.875,7,7,1200,1200,0,0.0,0.0,,785.3295438950508,0.7476107895370784,6.00255090589389,4.515866198860208e-05,0.9999548413380114,76,0,0,21045.669489493663,21045.669489493663,3006.524212784809,1.5,0.98,0.5926792740390225,0.0004030047940143985,44.75,87.05828790310522,0.2045188249004186,3,35:flood:reserve|52:funding_collapse|58:wildfire:reserve|66:heatwave:origin,0.015514803402192311,0.033298561197612396,0.010556834678312142,0.0013209010502130362,6.448076704230376e-05,0.0008694057137323576,9.766444556296483e-05,0a1c725c3563f56b,74
S4,state_dependent_rule,False,807401,0.75,0.625,6,5,966,966,1,0.3333333333333333,1.0,10.0,658.2887980031624,0.6829020275375002,5.750979545784883,0.001425228049575865,0.9985747719504241,250,0,0,20958.63060742549,20958.63060742549,4191.726121485098,1.5,0.9283591216250023,0.4631602172504511,0.0008101169089853236,115.5,224.69792743706495,0.15782254815051003,2,14:funding_collapse|17:funding_collapse|26:heatwave:reserve|77:wildfire:origin|97:funding_collapse,0.0144740482697433,0.03520125992188703,0.04138558501416506,0.002582319328888797,0.0001296187054376517,0.0007953705636240872,0.0003314285210493433,0a1c725c3563f56b,74
S6,rule,False,807401,0.875,0.875,7,7,1189,1189,1,0.3333333333333333,1.0,14.0,779.6998759512762,0.78526663029107,6.4791419666740415,0.0,1.0,0,0,0,20950.90294805241,20950.90294805241,2992.9861354360587,1.5,0.98,0.5662359752491232,0.0003129548091166808,0.0,0.0,0.04847277791191387,2,14:funding_collapse|17:funding_collapse|26:heatwave:reserve|77:wildfire:origin|97:funding_collapse,0.01600000000000001,0.0277719403037748,0.0,0.0,5.007276945866894e-05,0.0009113566356967672,0.0,0a1c725c3563f56b,74
S7,forward_rollout_proxy,False,807401,0.875,0.875,7,7,1185,1185,1,0.3333333333333333,1.0,11.0,710.0067213531588,0.7569447587509919,4.626334720593697,0.0015642902141993487,0.9984357097858007,36,0,0,20926.391340019127,20926.391340019127,2989.4844771455896,1.5,0.98,0.5814026388101371,0.0005560725317807478,40.0,77.81746404746835,0.2169464580210007,2,14:funding_collapse|17:funding_collapse|26:heatwave:reserve|77:wildfire:origin|97:funding_collapse,0.015543154814966154,0.032155491841155806,0.007300500399304625,0.0006363591975548233,8.897160508491968e-05,0.0009378608119857229,0.00011903771774374384,0a1c725c3563f56b,74
S4,state_dependent_rule,False,807402,0.625,0.5,5,4,1106,1105,2,0.6666666666666666,1.0,36.5,547.9998499727697,0.598381017321436,5.416805874302491,0.00040186727413066124,0.9995981327258694,195,0,0,21019.35984546461,21019.35984546461,5254.839961366152,1.5,0.8390168135740269,0.39033992435201925,0.0009445161725488004,181.75,353.5831022656845,0.1363509212579581,1,13:heatwave:origin|17:flood:semiwild|28:heatwave:reserve|36:funding_collapse|48:funding_collapse|57:flood:reserve|75:wildfire:origin|76:wildfire:semiwild|83:heatwave:origin|95:heatwave:origin,0.014639938097761285,0.044170020357550924,0.09372077758949629,0.013227258200365646,0.00015112258760780793,0.0010200832008815562,0.000535003043973365,0a1c725c3563f56b,74
S6,rule,False,807402,1.0,1.0,8,8,975,975,0,0.0,0.0,,809.617228856427,0.7830422696205177,4.948506674070653,0.0,1.0,0,0,0,20993.748151456613,20993.748151456617,2624.2185189320767,1.5,0.9618104476844201,0.6069670324263812,0.0003300126616006089,0.0,0.0,0.05650460458616334,3,13:heatwave:origin|17:flood:semiwild|28:heatwave:reserve|36:funding_collapse|48:funding_collapse|57:flood:reserve|75:wildfire:origin|76:wildfire:semiwild|83:heatwave:origin|95:heatwave:origin,0.01600000000000001,0.029989143381979142,0.0,0.0,5.2802025856097415e-05,0.0009157849716469182,0.0,0a1c725c3563f56b,74
S7,forward_rollout_proxy,False,807402,0.75,0.625,6,5,984,984,1,0.3333333333333333,1.0,54.0,681.8162005874768,0.7137734556491752,5.909320980551492,0.0002961515228642162,0.9997038484771358,119,0,0,20991.770275033803,20991.7702750338,4198.354055006761,1.5,0.9005464934230218,0.4627197791123703,0.00040409066160638276,72.0,140.07143528544302,0.16160959982276596,2,13:heatwave:origin|17:flood:semiwild|28:heatwave:reserve|36:funding_collapse|48:funding_collapse|57:flood:reserve|75:wildfire:origin|76:wildfire:semiwild|83:heatwave:origin|95:heatwave:origin,0.015215396317682907,0.03770332021202201,0.02745957568913977,0.0016972323029011097,6.465450585702124e-05,0.000850350065253939,0.000197003174030661,0a1c725c3563f56b,74
S4,state_dependent_rule,False,807403,0.875,0.875,7,7,1200,1200,0,0.0,0.0,,618.7446476980285,0.6463860678256914,4.010294262615823,0.004882988408377939,0.995117011591622,45,0,0,21034.376689631506,21034.376689631506,3004.9109556616436,1.5,0.98,0.5691891101355063,0.0006562651704072173,84.25,163.90303364998027,0.18668083754674059,3,11:flood:alternative|39:wildfire:alternative|53:flood:origin|88:funding_collapse,0.014291995079549922,0.03791314158006159,0.06409036814965945,0.007604699300085568,0.00010500242726515478,0.0009430010636635283,0.00026507570622233683,0a1c725c3563f56b,74
S6,rule,False,807403,0.875,0.875,7,7,1184,1184,0,0.0,0.0,,797.5415455404074,0.7847864937534222,5.966081955102259,0.0,1.0,0,0,0,21052.46181816188,21052.46181816188,3007.494545451697,1.5,0.98,0.5621237309467447,0.00027970980201645943,0.0,0.0,0.05356455697861061,3,11:flood:alternative|39:wildfire:alternative|53:flood:origin|88:funding_collapse,0.01600000000000001,0.02819447217979604,0.0,0.0,4.47535683226335e-05,0.0009742804984592792,0.0,0a1c725c3563f56b,74
S7,forward_rollout_proxy,False,807403,0.875,0.875,7,7,1200,1200,0,0.0,0.0,,728.3035134627248,0.7248370803812719,5.444847908378596,0.0005159899422970265,0.9994840100577029,23,0,0,21029.19778104374,21029.19778104374,3004.171111577677,1.5,0.98,0.5889583414951582,0.0003902601963027433,43.5,84.62649215162183,0.21379931205686142,3,11:flood:alternative|39:wildfire:alternative|53:flood:origin|88:funding_collapse,0.015043241332577926,0.034516734783879274,0.01940469204375273,0.0019666776796642333,6.244163140843894e-05,0.0009114945807072282,0.00012238718285443722,0a1c725c3563f56b,74
S4,state_dependent_rule,False,807500,0.25,0.25,2,2,231,0,2,0.6666666666666666,1.0,25.5,109.61322053741162,0.5681404931612632,3.2283609210192825,0.0050406416322434115,0.9949593583677566,57,0,0,15260.4220204216,15260.4220204216,7630.2110102108,1.5,0.05000000000000001,0.1644661378172098,0.00043322280327761053,195.25,392.07851044044935,0.0734126430350848,1,25:flood:semiwild|33:funding_collapse|34:funding_collapse|35:flood:reserve|39:wildfire:alternative|63:funding_collapse|63:heatwave:semiwild|65:flood:alternative|83:wildfire:origin,0.004764548913713758,0.07737316955010408,0.052051802597490655,0.011195071400290031,6.931564852441769e-05,0.0007487482586382227,0.002890308888835711,e49ddebfc09d2647,75
S6,rule,False,807500,0.875,0.875,7,7,772,772,1,0.3333333333333333,1.0,19.0,682.8174158342979,0.7760158914564349,4.59682511013682,0.0004259740259740259,0.999574025974026,0,0,0,15323.176771007098,15323.1767710071,2189.025253001014,1.5,0.8483875750794528,0.5351060305029627,0.00027462510074479046,0.0,0.0,0.05274510946824564,2,25:flood:semiwild|33:funding_collapse|34:funding_collapse|35:flood:reserve|39:wildfire:alternative|63:funding_collapse|63:heatwave:semiwild|65:flood:alternative|83:wildfire:origin,0.01600000000000001,0.0369477487105523,0.0,0.0,4.394001611916648e-05,0.0009924198168937235,0.0,e49ddebfc09d2647,75
S7,forward_rollout_proxy,False,807500,0.5,0.125,4,1,180,0,1,0.3333333333333333,1.0,23.0,113.5793628160938,0.6229685565640437,4.800000000000001,0.0011622323365835868,0.9988377676634164,109,0,0,15186.224683959155,15186.224683959155,15186.224683959155,1.5,0.14455686242584487,0.1334142472944146,0.0010252658917617667,121.25,243.48025296237878,0.07354280525915045,2,25:flood:semiwild|33:funding_collapse|34:funding_collapse|35:flood:reserve|39:wildfire:alternative|63:funding_collapse|63:heatwave:semiwild|65:flood:alternative|83:wildfire:origin,0.008050355507622927,0.0768746764010761,0.030025466036727306,0.008757497831680346,0.00016404254268188268,0.0007582752832220563,0.0019765855423141765,e49ddebfc09d2647,75
S4,state_dependent_rule,False,807501,0.25,0.25,2,2,243,0,2,0.6666666666666666,1.0,17.0,110.00106421014871,0.5559399555283824,3.7311523896057635,0.001208519674676188,0.9987914803253238,62,0,0,15375.55380210902,15375.55380210902,7687.77690105451,1.5,0.05000000000000001,0.1694268774737873,0.00029961488181464867,178.0,357.4390517715748,0.07307676788864816,1,4:heatwave:reserve|20:heatwave:semiwild|25:flood:reserve|66:wildfire:alternative,0.004478360651456198,0.07568476408669979,0.06251343496492369,0.011969034262203148,4.7938381090343785e-05,0.0007273633839334398,0.0024303839332045856,e49ddebfc09d2647,75
S6,rule,False,807501,0.875,0.875,7,7,1127,1127,1,0.3333333333333333,1.0,25.0,720.3146306824968,0.7824865474801086,4.3958210686319195,0.04988717400698171,0.9501128259930183,0,0,0,15406.802186153493,15406.802186153493,2200.9717408790702,1.5,0.9702988913784282,0.5439979936203221,0.00021917808219178083,0.0,0.0,0.04629946898080073,1,4:heatwave:reserve|20:heatwave:semiwild|25:flood:reserve|66:wildfire:alternative,0.01600000000000001,0.03053992755521584,0.0,0.0,3.506849315068493e-05,0.0009384564715251395,0.0,e49ddebfc09d2647,75
S7,forward_rollout_proxy,False,807501,0.25,0.125,2,1,208,0,2,0.6666666666666666,1.0,39.0,126.95292233366581,0.6244921664119797,3.602931379080613,0.004225003947407501,0.9957749960525925,75,0,0,15207.21881440222,15207.21881440222,15207.21881440222,1.5,0.17076251776559284,0.12306365296407873,0.0003437375147677766,95.25,191.2700543890027,0.06854043698356654,1,4:heatwave:reserve|20:heatwave:semiwild|25:flood:reserve|66:wildfire:alternative,0.00824558445499356,0.07795149781200164,0.02783254518795067,0.008656981900496607,5.499800236284425e-05,0.0007208421578091212,0.0015306434008174727,e49ddebfc09d2647,75
S4,state_dependent_rule,False,807502,0.125,0.125,1,1,132,0,2,0.6666666666666666,1.0,26.5,74.54261851968003,0.5831408186416294,3.6254681647940075,0.0013693235656352068,0.9986306764343648,70,0,0,15392.553886407315,15392.553886407315,15392.553886407315,1.5,0.08275402573683775,0.11157533297300926,0.0003884936834892656,168.75,338.86426958681596,0.05397624375692712,1,16:funding_collapse|37:wildfire:origin|95:wildfire:alternative,0.004530692214306378,0.07462990653859025,0.03341258984295209,0.013871280580158627,6.21589893582825e-05,0.000889847872611359,0.0037185788504545546,e49ddebfc09d2647,75
S6,rule,False,807502,0.875,0.625,7,5,975,975,1,0.3333333333333333,1.0,9.0,553.8848045634517,0.7741417947994199,5.330562988250727,0.0,1.0,0,0,0,15420.488731337002,15420.488731337002,3084.0977462674005,1.5,0.9410891571921214,0.43736367024507783,0.00021785326742223293,0.0,0.0,0.04349562321679215,2,16:funding_collapse|37:wildfire:origin|95:wildfire:alternative,0.01600000000000001,0.03881754223256462,0.0,0.0,3.4856522787557276e-05,0.0010058064452280026,0.0,e49ddebfc09d2647,75
S7,forward_rollout_proxy,False,807502,0.25,0.125,2,1,251,94,1,0.3333333333333333,1.0,12.0,123.12103321778277,0.641897047489548,4.793502244540821,0.0032820398518282464,0.9967179601481717,194,0,0,15301.056541171616,15301.056541171616,15301.056541171616,1.5,0.27534951681235786,0.14681784023742617,0.00034886890223632505,130.0,261.05099286688034,0.07548933055391095,2,16:funding_collapse|37:wildfire:origin|95:wildfire:alternative,0.010357683599037555,0.07351759148318203,0.028646215285153688,0.016262094534720713,5.5819024357812e-05,0.0009301317180762749,0.001832879566486527,e49ddebfc09d2647,75
S4,state_dependent_rule,False,807503,0.25,0.25,2,2,182,0,2,0.6666666666666666,1.0,37.0,124.12288370090874,0.5612002139463576,3.5020645777757373,0.0062761487967689725,0.993723851203231,59,0,0,15371.00380160374,15371.00380160374,7685.50190080187,1.5,0.08234048717041152,0.1696999802165267,0.0002818297489015868,207.75,417.17956744688024,0.06972642860864098,1,44:wildfire:alternative|69:wildfire:origin|71:heatwave:alternative|76:heatwave:semiwild|77:funding_collapse,0.004623801564184683,0.07736925920973177,0.05861351641209873,0.01046172177343906,4.509275982425389e-05,0.0006910258918151092,0.0024197649107558354,e49ddebfc09d2647,75
S6,rule,False,807503,0.75,0.75,6,6,936,936,0,0.0,0.0,,639.4800792942666,0.7741585004996507,5.439192275749947,0.0010204174270937861,0.9989795825729062,0,0,0,15418.746434917304,15418.746434917308,2569.791072486217,1.5,0.8970439743579579,0.4884216069224567,0.0002255863428808634,0.0,0.0,0.034126433645806954,2,44:wildfire:alternative|69:wildfire:origin|71:heatwave:alternative|76:heatwave:semiwild|77:funding_collapse,0.01600000000000001,0.038824222320396076,0.0,0.0,3.6093814860938153e-05,0.0009811833650920105,0.0,e49ddebfc09d2647,75
S7,forward_rollout_proxy,False,807503,0.25,0.125,2,1,217,94,3,1.0,1.0,37.333333333333336,137.57970865999312,0.65391929424232,5.831455108359133,0.0059885121468161275,0.9940114878531838,199,0,0,15282.179880910366,15282.179880910366,15282.179880910366,1.5,0.253925792347361,0.15247220472309247,0.0001592982456140351,117.0,234.94589358019226,0.06257537202382528,0,44:wildfire:alternative|69:wildfire:origin|71:heatwave:alternative|76:heatwave:semiwild|77:funding_collapse,0.010124920019071879,0.07722631995261461,0.01903779829675223,0.008737770072818287,2.5487719298245615e-05,0.0007410984861877819,0.0019007564099381487,e49ddebfc09d2647,75
S4,state_dependent_rule,False,807600,0.125,0.125,1,1,188,117,3,1.0,1.0,25.0,78.80734530870335,0.5574428519449406,2.971582310408609,0.0016665236884038542,0.9983334763115962,190,0,0,14496.181677533847,14496.181677533847,14496.181677533847,1.5,0.39086199671612293,0.13508169637570294,0.00432138184367763,155.25,298.8037770961339,0.050148368000022814,0,34:flood:semiwild|48:heatwave:origin|52:heatwave:semiwild|92:funding_collapse,0.005441877719839667,0.08276253891568286,0.016955794803295555,0.005985930815236959,0.0006914210949884209,0.0005214814498139675,0.003809659698111139,2705acbe81fb2950,76
S6,rule,False,807600,0.625,0.0,5,0,0,0,2,0.6666666666666666,1.0,36.5,230.6032842243495,0.6257452612020491,0.0,,,0,0,0,14520.826264002428,14520.826264002428,14520.826264002428,1.5,0.6699999999999999,0.07149161284032246,0.00028471399410219804,0.0,0.0,0.02245806420161234,1,34:flood:semiwild|48:heatwave:origin|52:heatwave:semiwild|92:funding_collapse,0.01376000000000001,0.07342311175806801,0.0,0.0,4.5554239056351684e-05,0.0008260728008265232,0.0,2705acbe81fb2950,76
S7,forward_rollout_proxy,False,807600,0.375,0.375,3,3,709,709,2,0.6666666666666666,1.0,21.0,211.21452532907304,0.5998544374769145,3.099068047864296,0.0027041255546284824,0.9972958744453715,172,0,0,14439.530378691412,14439.530378691412,4813.176792897138,1.5,0.5931253781508128,0.2803805108847211,0.0013289949989923598,85.0,163.59627087388972,0.10663646295498425,1,34:flood:semiwild|48:heatwave:origin|52:heatwave:semiwild|92:funding_collapse,0.013869996380740011,0.0630305985825006,0.07281402922873978,0.013648570909922615,0.0002126391998387776,0.0010527361572441982,0.00070412279267659,2705acbe81fb2950,76
S4,state_dependent_rule,False,807601,0.25,0.25,2,2,499,319,2,0.6666666666666666,1.0,25.0,110.22411854571187,0.5213273269798411,3.6237994430907796,0.004885256761598748,0.9951147432384012,168,0,0,14523.790042248796,14523.790042248796,7261.895021124398,1.5,0.39152083272108934,0.20226690370093592,0.002267307658110446,177.0,340.66517581974676,0.07188412998959587,1,18:wildfire:semiwild|80:funding_collapse,0.005093753478759531,0.07381141604045455,0.0547941206972944,0.012262169368885838,0.0003627692252976713,0.0007562775854936016,0.0022267428685588324,2705acbe81fb2950,76
S6,rule,False,807601,0.75,0.0,6,0,0,0,1,0.3333333333333333,1.0,82.0,262.3586451670056,0.6635470828813282,0.0,,,0,0,0,14520.826264002428,14520.826264002428,14520.826264002428,1.5,0.6699999999999999,0.07292180893748494,0.0002267256202407271,0.0,0.0,0.02960904468742473,2,18:wildfire:semiwild|80:funding_collapse,0.01440000000000001,0.06829682883465532,0.0,0.0,3.627609923851633e-05,0.0007198121847778157,0.0,2705acbe81fb2950,76
S7,forward_rollout_proxy,False,807601,0.25,0.125,2,1,332,332,2,0.6666666666666666,1.0,25.0,154.23681927917306,0.6551690289845382,3.652946245111685,0.0,1.0,114,0,0,14425.128365926132,14425.128365926132,14425.128365926132,1.5,0.5925786074976394,0.16602586323445484,0.002071055013422838,64.0,123.17836865798759,0.06994270016787019,1,18:wildfire:semiwild|80:funding_collapse,0.014284085402601393,0.05884389868057166,0.033775079066051206,0.008907395206959134,0.00033136880214765414,0.0006939502114129327,0.0008976792515403118,2705acbe81fb2950,76
S4,state_dependent_rule,False,807602,0.125,0.125,1,1,282,175,3,1.0,1.0,30.0,87.23278999653552,0.5348871395881324,4.077317473338803,0.0032851687363575134,0.9967148312636425,111,0,0,14443.327065512494,14443.327065512494,14443.327065512494,1.5,0.3896006934195413,0.14654616325511025,0.004173392896173721,149.5,287.73697053701784,0.052814595898840376,0,8:funding_collapse|31:wildfire:semiwild|64:funding_collapse|92:funding_collapse|92:heatwave:semiwild,0.005189413081608679,0.07306723208765596,0.039166801194378355,0.01411785818124773,0.0006677428633877953,0.0008917977924158293,0.00246975977352441,2705acbe81fb2950,76
S6,rule,False,807602,0.75,0.0,6,0,0,0,1,0.3333333333333333,1.0,26.0,275.6988459063341,0.6810517337929326,0.0,,,0,0,0,14440.000813542621,14440.000813542621,14440.000813542621,1.5,0.6699999999999999,0.07384416258872643,0.00019656229387343343,0.0,0.0,0.03422081294363219,2,8:funding_collapse|31:wildfire:semiwild|64:funding_collapse|92:funding_collapse|92:heatwave:semiwild,0.014880000000000011,0.07517673341068874,0.0,0.0,3.144996701974935e-05,0.0007600828293591157,0.0,2705acbe81fb2950,76
S7,forward_rollout_proxy,False,807602,0.25,0.25,2,2,420,418,2,0.6666666666666666,1.0,25.5,183.44418751355997,0.6522963802016529,3.41783225390777,0.005506964682176185,0.9944930353178238,292,0,0,14381.46032162795,14381.46032162795,7190.730160813975,1.5,0.590920755536747,0.22399429536463408,0.0015122065072478627,114.0,219.41146917204028,0.09111948635940839,1,8:funding_collapse|31:wildfire:semiwild|64:funding_collapse|92:funding_collapse|92:heatwave:semiwild,0.013680710729966333,0.06290182331517383,0.020524815682071398,0.01220325352960572,0.00024195304115965798,0.0012550466339206056,0.0011757374365161174,2705acbe81fb2950,76
S4,state_dependent_rule,False,807603,0.125,0.125,1,1,24,0,3,1.0,1.0,23.666666666666668,63.83917187404466,0.5405189512751485,1.9862068965517246,0.0003098134138875273,0.9996901865861125,61,0,0,14486.048194658153,14486.048194658153,14486.048194658153,1.5,0.27638891552259687,0.11482469251466565,0.005176773970382615,132.25,254.53655085966966,0.055368659984443486,0,23:funding_collapse|28:wildfire:semiwild|72:flood:alternative,0.004080259256079278,0.08413087514803191,0.017282591879367502,0.007677194392243617,0.0008282838352612185,0.0005639753717498575,0.003603711715916772,2705acbe81fb2950,76
S6,rule,False,807603,0.75,0.0,6,0,0,0,1,0.3333333333333333,1.0,18.0,288.6355193614665,0.6494600030507985,0.0,,,0,0,0,14524.939094019002,14524.939094019002,14524.939094019002,1.5,0.6699999999999999,0.07342233398412909,0.0005254590680029814,0.0,0.0,0.0321116699206455,2,23:funding_collapse|28:wildfire:semiwild|72:flood:alternative,0.014080000000000011,0.06598941900835627,0.0,0.0,8.407345088047702e-05,0.0007865044899648222,0.0,2705acbe81fb2950,76
S7,forward_rollout_proxy,False,807603,0.375,0.375,3,3,743,603,1,0.3333333333333333,1.0,13.0,189.46267772468255,0.5423810509079376,3.4086662920064708,0.00488285924733525,0.9951171407526648,203,0,0,14436.71744231647,14436.71744231647,4812.239147438823,1.5,0.5930185853653785,0.28433204044705496,0.000993843702118795,115.75,222.77962769003213,0.110967594952262,2,23:funding_collapse|28:wildfire:semiwild|72:flood:alternative,0.012718145670800075,0.06982396381506717,0.10070165638763223,0.02498568639420794,0.0001590149923390072,0.001194941905898107,0.000861458000670303,2705acbe81fb2950,76
S4,state_dependent_rule,False,807700,0.375,0.25,3,2,772,688,2,0.6666666666666666,1.0,11.0,261.4067532458382,0.633677662048184,4.657611685607259,0.0,1.0,505,0,0,15678.631901671957,15678.631901671957,7839.315950835979,1.5,0.6144226043108153,0.237571576027728,0.002040381327086042,187.0,272.2559736081791,0.08526599370286929,1,5:wildfire:origin|18:funding_collapse|23:heatwave:alternative,0.011160956424476289,0.05880615251509087,0.08666500154671365,0.031902083985762955,0.00032646101233376677,0.0015058825909883321,0.000956092418161122,d962c36915ac4d3e,77
S6,rule,False,807700,0.75,0.625,6,5,780,780,1,0.3333333333333333,1.0,17.0,630.8257935098986,0.7817160194063005,5.394339112317445,0.0,1.0,0,0,0,15743.713694830885,15743.713694830887,3148.742738966177,1.5,0.9295987479135633,0.4353133678643383,2.7247956403269754e-05,0.0,0.0,0.03580050974903733,1,5:wildfire:origin|18:funding_collapse|23:heatwave:alternative,0.01600000000000001,0.03120055673669814,0.0,0.0,4.359673024523161e-06,0.0010790641839767893,0.0,d962c36915ac4d3e,77
S7,forward_rollout_proxy,False,807700,0.375,0.375,3,3,744,744,2,0.6666666666666666,1.0,17.0,265.5678160469379,0.5492417280488553,4.290524334064879,0.0012009426935390229,0.998799057306461,25,0,0,15698.14655228057,15698.14655228057,5232.715517426856,1.5,0.6699999999999999,0.3002664241252832,0.00034349480323815363,32.0,46.58925751583814,0.1080559039231721,1,5:wildfire:origin|18:funding_collapse|23:heatwave:alternative,0.01292363972664292,0.03210485644684447,0.2216308787240013,0.03253945147609593,5.495916851810459e-05,0.001272756160463253,0.00024517551565322355,d962c36915ac4d3e,77
S4,state_dependent_rule,False,807701,0.5,0.375,4,3,645,534,2,0.6666666666666666,1.0,18.0,202.78791449163458,0.6539206586889534,3.719887160587323,0.0030626173954526373,0.9969373826045473,368,0,0,15548.316125463272,15548.316125463272,5182.772041821091,1.5,0.3627745912797687,0.2619443419729375,0.0037452314640968234,236.5,344.3237313279913,0.09859005619543673,1,5:flood:alternative|50:flood:reserve|71:wildfire:reserve|90:heatwave:reserve,0.009915789622928595,0.07162031588442008,0.053041887650256046,0.008202127574794868,0.0005992370342554916,0.0006552053089402532,0.0015852085112981432,d962c36915ac4d3e,77
S6,rule,False,807701,0.875,0.875,7,7,856,856,0,0.0,0.0,,824.0435611858222,0.7840362261434629,5.4619998544956045,0.0,1.0,0,0,0,15754.19544132924,15754.195441329242,2250.59934876132,1.5,0.9295987479135633,0.5520460737221942,0.0003767766882482487,0.0,0.0,0.05358100192940897,3,5:flood:alternative|50:flood:reserve|71:wildfire:reserve|90:heatwave:reserve,0.01600000000000001,0.028968707753446322,0.0,0.0,6.02842701197198e-05,0.0009347818329709313,0.0,d962c36915ac4d3e,77
S7,forward_rollout_proxy,False,807701,0.75,0.625,6,5,838,838,1,0.3333333333333333,1.0,15.0,347.74978560740755,0.6406557773399407,3.6946699780683985,0.00044966208581802253,0.999550337914182,235,0,0,15632.75707820737,15632.75707820737,3126.5514156414743,1.5,0.5283834569305061,0.40491526000440164,0.0013177820965647596,111.25,161.97046558240598,0.16940107265333526,2,5:flood:alternative|50:flood:reserve|71:wildfire:reserve|90:heatwave:reserve,0.01436398543705881,0.056587994905738716,0.11199538761726094,0.013169523951655063,0.00021084513545036168,0.0009478072198325837,0.00035341264905425847,d962c36915ac4d3e,77
S4,state_dependent_rule,False,807702,0.25,0.25,2,2,381,380,3,1.0,1.0,23.0,190.19719914891434,0.663505653716337,4.357965861213627,0.004985028579777734,0.9950149714202222,219,0,0,15602.8618849444,15602.8618849444,7801.4309424722,1.5,0.6119805139380031,0.23275872228497635,0.002224384922875553,127.5,185.6290729146677,0.07740506139519879,0,21:heatwave:semiwild|43:heatwave:origin|58:heatwave:alternative|70:funding_collapse|90:funding_collapse,0.012631046325119404,0.06213360499139639,0.09658903482433503,0.009206477932003982,0.00035590158766008844,0.0005578290783523509,0.000804753789310077,d962c36915ac4d3e,77
S6,rule,False,807702,1.0,0.875,8,7,456,456,1,0.3333333333333333,1.0,58.0,597.9201128957002,0.7708112593389456,4.268155919527134,8.530032918955489e-05,0.9999146996708105,0,0,0,15715.285950685326,15715.285950685326,2245.040850097904,1.5,0.8863861013934318,0.5352476014764569,0.00024562929140151075,0.0,0.0,0.05088716070921181,2,21:heatwave:semiwild|43:heatwave:origin|58:heatwave:alternative|70:funding_collapse|90:funding_collapse,0.01600000000000001,0.04213488537903372,0.0,0.0,3.930068662424172e-05,0.0010145545953966324,0.0,d962c36915ac4d3e,77
S7,forward_rollout_proxy,False,807702,0.75,0.625,6,5,1200,1200,3,1.0,1.0,29.333333333333332,435.6184507340017,0.5954692736718435,3.436059624229704,0.04336128327083332,0.9566387167291667,24,0,0,15647.41006351276,15647.410063512758,3129.482012702552,1.5,0.6699999999999999,0.4143089791786356,0.0007268437774763178,64.75,94.27045075470376,0.1584919146816926,0,21:heatwave:semiwild|43:heatwave:origin|58:heatwave:alternative|70:funding_collapse|90:funding_collapse,0.014232509633711043,0.03953593796713921,0.17350207790213892,0.015266407349640082,0.00011629500439621089,0.0010916580686052908,0.0002151223391798073,d962c36915ac4d3e,77
S4,state_dependent_rule,False,807703,0.5,0.375,4,3,784,784,3,1.0,1.0,33.333333333333336,258.1897452416495,0.6475205591817218,3.6960355636322126,0.0014837616823212497,0.9985162383176788,248,0,0,15640.628236940653,15640.62823694065,5213.542745646884,1.5,0.6131977347940828,0.2853783631826707,0.001361717755421115,138.75,202.00810876007964,0.09174117033470124,0,52:flood:semiwild|57:wildfire:origin|64:flood:alternative|97:funding_collapse,0.013385058674379944,0.06134411957467095,0.09923436900456344,0.015648663881292647,0.00021787484086737842,0.000972958157963724,0.0007391216831482215,d962c36915ac4d3e,77
S6,rule,False,807703,0.875,0.625,7,5,321,321,0,0.0,0.0,,570.0790524222865,0.7664647816378737,3.7220634917223405,0.019601935999999997,0.980398064,0,0,0,15762.289259830763,15762.289259830763,3152.4578519661527,1.5,0.8476630175756438,0.4111348465380604,0.0004904217546007143,0.0,0.0,0.03948954931636313,2,52:flood:semiwild|57:wildfire:origin|64:flood:alternative|97:funding_collapse,0.01600000000000001,0.04648571971103992,0.0,0.0,7.846748073611428e-05,0.0009710311703506547,0.0,d962c36915ac4d3e,77
S7,forward_rollout_proxy,False,807703,0.75,0.625,6,5,1200,1200,3,1.0,1.0,33.0,475.95631956320403,0.6090423729568178,4.0957332337667784,0.022845199950362417,0.9771548000496376,5,0,0,15683.772538753747,15683.772538753745,3136.7545077507493,1.5,0.6699999999999999,0.42090571527400633,0.0007425240622075501,56.75,82.62313637574422,0.1584919146816926,0,52:flood:semiwild|57:wildfire:origin|64:flood:alternative|97:funding_collapse,0.014500931420210134,0.04075668661015085,0.15739463010925017,0.014317996449537735,0.00011880384995320803,0.0009710281215987482,0.00015454027180514032,d962c36915ac4d3e,77
S4,state_dependent_rule,False,807800,0.25,0.25,2,2,242,0,2,0.6666666666666666,1.0,18.0,105.4832786063723,0.5369495444280246,3.8859723529913905,0.0013843898296683626,0.9986156101703316,12,0,0,12114.604543851556,12114.604543851556,6057.302271925778,0.0,0.05000000000000001,0.1701461695299636,0.004095661182760932,161.5,256.6950047531693,0.0689322300002484,1,24:flood:alternative,0.0026072708422233658,0.07581733320897309,0.07058275416204894,0.012864022809075771,0.0006553057892417492,0.0006816372824194032,0.0017524256184349935,0729ec9bca48ed87,78
S6,rule,False,807800,0.0,0.0,0,0,0,0,2,0.6666666666666666,1.0,14.0,45.97025766392855,0.3097982511765815,0.0,,,0,0,0,13714.160290325164,13714.160290325166,13714.160290325164,0.6098033380041223,0.08350679035850439,0.010204315306634914,0.00017969104469379047,0.0,0.0,0.009268181353922371,1,24:flood:alternative,0.0070400000000000055,0.047901033576707004,0.0,0.0,2.8750567151006474e-05,0.00043196467956060127,0.0,0729ec9bca48ed87,78
S7,forward_rollout_proxy,False,807800,0.125,0.125,1,1,185,0,2,0.6666666666666666,1.0,16.0,88.86560464507237,0.5681482079040321,4.083641570218351,0.0019201052843014984,0.9980798947156985,27,0,0,12337.262453189102,12337.262453189102,12337.262453189102,0.0,0.05000000000000001,0.11231290709412241,0.0015407027864509284,95.5,151.79178299645622,0.05113245695969445,1,24:flood:alternative,0.003683583957787859,0.07663891343006327,0.04362173548265298,0.013938016286086206,0.0002465124458321486,0.0008223113526310533,0.001571863126741179,0729ec9bca48ed87,78
S4,state_dependent_rule,False,807801,0.375,0.375,3,3,408,0,0,0.0,0.0,,124.86378720892326,0.48898848105649523,2.904736325442762,0.006347669068205592,0.9936523309317944,39,0,0,12058.352809519862,12058.352809519862,4019.4509365066206,0.0,0.05000000000000001,0.2225489159467354,0.0012742446718225328,166.5,264.6422185226174,0.0987577634615388,3,40:funding_collapse|45:flood:semiwild|63:funding_collapse,0.003116558550493392,0.07898939594854607,0.12677722945930223,0.011156619592710937,0.00020387914749160526,0.0006611140303388543,0.001307416267364734,0729ec9bca48ed87,78
S6,rule,False,807801,0.0,0.0,0,0,0,0,1,0.3333333333333333,1.0,13.0,63.71183736451518,0.29604100254846516,0.0,,,0,0,0,13830.878066290135,13830.87806629014,13830.878066290135,0.7505849837572335,0.16678214065305252,0.019220016444241917,0.00018938245497014853,0.0,0.0,0.012709011894683311,2,40:funding_collapse|45:flood:semiwild|63:funding_collapse,0.006720000000000005,0.04548701506968749,0.0,0.0,3.0301192795223762e-05,0.0003216811890521145,0.0,0729ec9bca48ed87,78
S7,forward_rollout_proxy,False,807801,0.125,0.125,1,1,206,0,1,0.3333333333333333,1.0,15.0,88.83716639661625,0.5749696834665019,4.594629709831095,0.0,1.0,33,0,0,12173.240107756421,12173.240107756421,12173.240107756421,0.0,0.05000000000000001,0.11880907450310835,0.0012504788028023075,97.75,155.3680291927078,0.058063887023986974,2,40:funding_collapse|45:flood:semiwild|63:funding_collapse,0.003955613657492915,0.07725940821591272,0.04148259144434422,0.01349944681845507,0.00020007660844836926,0.0008326536323089989,0.0016714426722684366,0729ec9bca48ed87,78
S4,state_dependent_rule,False,807802,0.375,0.375,3,3,392,0,1,0.3333333333333333,1.0,12.0,134.99032087231117,0.4955313603007624,3.2072260060136615,0.007459761146972624,0.9925402388530273,26,0,0,12118.249524007353,12118.249524007353,4039.416508002451,0.0,0.05000000000000001,0.22494228530518187,0.002197769204556015,160.75,255.50292268775218,0.09560012622522628,2,36:funding_collapse|93:funding_collapse,0.0032366645818003655,0.07962487875417203,0.1160047448218451,0.011460190590752074,0.0003516430727289625,0.000673714886559643,0.0013745894588839949,0729ec9bca48ed87,78
S6,rule,False,807802,0.0,0.0,0,0,0,0,1,0.3333333333333333,1.0,22.0,53.08648632635251,0.29507557450976984,0.0,,,0,0,0,13830.84251380916,13830.842513809162,13830.84251380916,0.7516960619707554,0.1667800327254746,0.019115640772265723,7.793873094107512e-05,0.0,0.0,0.012188187498591317,2,36:funding_collapse|93:funding_collapse,0.006720000000000005,0.04639627825567052,0.0,0.0,1.2470196950572019e-05,0.0003956770376090804,0.0,0729ec9bca48ed87,78
S7,forward_rollout_proxy,False,807802,0.25,0.25,2,2,264,0,1,0.3333333333333333,1.0,17.0,87.3318614627961,0.5460042388926967,2.7287015922717988,0.0033510873947884966,0.9966489126052115,16,0,0,12158.577031084867,12158.577031084867,6079.288515542434,0.0,0.05000000000000001,0.16126838430348683,0.0018173417846553614,92.5,147.0234547347874,0.0824068419038442,2,36:funding_collapse|93:funding_collapse,0.003772617009887226,0.07772842586130388,0.07234874154555873,0.012833174310507416,0.00029077468554485774,0.0007260584283514943,0.00133230406332061,0729ec9bca48ed87,78
S4,state_dependent_rule,False,807803,0.25,0.25,2,2,349,0,1,0.3333333333333333,1.0,13.0,134.8547535407487,0.5110759469228641,5.054164074942756,1.5942169819106945e-05,0.9999840578301809,37,0,0,12242.027479440043,12242.027479440043,6121.0137397200215,0.0,0.05000000000000001,0.18271433711826238,0.002602910696207123,180.0,286.0996957001269,0.0733634818441741,2,10:flood:semiwild|40:wildfire:semiwild|47:heatwave:semiwild|49:wildfire:semiwild|76:funding_collapse,0.0031603927165575717,0.07779033851023266,0.09608418636301314,0.013505383903032228,0.00041646571139313985,0.0007555099609635255,0.0014602496885345961,0729ec9bca48ed87,78
S6,rule,False,807803,0.0,0.0,0,0,0,0,1,0.3333333333333333,1.0,22.0,52.01256694536839,0.33559699387055786,0.0,,,0,0,0,13807.120171050647,13807.120171050648,13807.120171050647,0.7171466940106793,0.16537352102361255,0.01880449666015238,0.0001333736187845304,0.0,0.0,0.011335722788955624,2,10:flood:semiwild|40:wildfire:semiwild|47:heatwave:semiwild|49:wildfire:semiwild|76:funding_collapse,0.007680000000000005,0.05474277962290116,0.0,0.0,2.133977900552486e-05,0.0003588867275354512,0.0,0729ec9bca48ed87,78
S7,forward_rollout_proxy,False,807803,0.25,0.25,2,2,206,0,0,0.0,0.0,,98.51451067781247,0.5547854821414038,3.1486810551558757,0.17158086917891227,0.8284191308210878,22,0,0,12297.057796531708,12297.057796531708,6148.528898265854,0.0,0.05000000000000001,0.16535341341624368,0.002225920598245701,110.0,174.83870292785534,0.08183301432342453,3,10:flood:semiwild|40:wildfire:semiwild|47:heatwave:semiwild|49:wildfire:semiwild|76:funding_collapse,0.0037400934733974505,0.07795134306049528,0.05584007291038487,0.012883936843173505,0.00035614729571931207,0.0007393769436816259,0.0014281976840762054,0729ec9bca48ed87,78
S4,state_dependent_rule,False,807900,0.25,0.25,2,2,299,0,0,0.0,0.0,,101.2428756321785,0.45223593772334164,3.7410382898754992,0.0014835769901368145,0.9985164230098632,37,0,0,15381.934372280204,15381.934372280204,7690.967186140102,1.5,0.05000000000000001,0.1706770326627593,0.006258768898106209,203.5,68.32489388844722,0.07883324882002143,3,78:funding_collapse|93:funding_collapse|97:funding_collapse|98:wildfire:alternative,0.003107657202059993,0.07761736876627413,0.07718117401459262,0.012464594667669426,0.0010014030236969941,0.0007844158948549238,0.00040508347147288193,0f97d13fb33cd919,79
S6,rule,False,807900,0.625,0.25,5,2,16,16,0,0.0,0.0,,199.10942284229688,0.734435941441031,2.230769230769231,0.0,1.0,0,0,0,15237.214849482509,15237.21484948251,7618.607424741254,1.5,0.645387651574389,0.20613076945393471,0.0001856175813959455,0.0,0.0,0.03392155994401742,3,78:funding_collapse|93:funding_collapse|97:funding_collapse|98:wildfire:alternative,0.01600000000000001,0.07879320657731999,0.0,0.0,2.969881302335128e-05,0.0007411531686256459,0.0,0f97d13fb33cd919,79
S7,forward_rollout_proxy,False,807900,0.125,0.125,1,1,68,0,0,0.0,0.0,,57.53506880111903,0.5364287074165288,1.9186721991701245,0.06130095799200587,0.9386990420079941,38,0,0,15242.555657009158,15242.555657009158,15242.555657009158,1.5,0.05000000000000001,0.09246149409381986,0.00875208274851532,87.0,29.210151195552367,0.060123860510593055,3,78:funding_collapse|93:funding_collapse|97:funding_collapse|98:wildfire:alternative,0.004976518540391905,0.08400529333570293,0.014890891505166285,0.010292995414206857,0.0014003332397624507,0.0007964530819943964,0.0006683938388496281,0f97d13fb33cd919,79
S4,state_dependent_rule,False,807901,0.375,0.375,3,3,447,0,0,0.0,0.0,,110.24598233357277,0.42853101984813236,2.5177430560106804,0.003741676250279133,0.9962583237497209,35,0,0,15410.669780144237,15410.669780144237,5136.889926714745,1.5,0.05000000000000001,0.2187091341536949,0.007503350744060623,191.5,64.29590751664688,0.09890851796794042,3,32:funding_collapse|90:heatwave:origin,0.0033349915371315253,0.0791210735951035,0.10449412961626528,0.011249297850717576,0.0012005361190497003,0.0006818061372136635,0.00033539774868702625,0f97d13fb33cd919,79
S6,rule,False,807901,0.5,0.125,4,1,17,17,0,0.0,0.0,,181.01224351698866,0.7309407911235691,4.313432835820896,0.0,1.0,0,0,0,15329.330764946137,15329.33076494614,15329.330764946137,1.5,0.696620379191041,0.1752992019222781,0.0002524558069488164,0.0,0.0,0.03126417822482527,3,32:funding_collapse|90:heatwave:origin,0.01600000000000001,0.08223351543273774,0.0,0.0,4.039292911181063e-05,0.0007853005145816293,0.0,0f97d13fb33cd919,79
S7,forward_rollout_proxy,False,807901,0.25,0.25,2,2,295,0,0,0.0,0.0,,92.12571994684636,0.47670434488828883,2.8895022109805835,0.021010097052906577,0.9789899029470934,29,0,0,15341.995363154092,15341.995363154092,7670.997681577046,1.5,0.05000000000000001,0.1658036871104094,0.0034715275052078095,130.5,43.81522679332858,0.09704332500301785,3,32:funding_collapse|90:heatwave:origin,0.004437493666939181,0.07906381618384814,0.07209472472652116,0.011885393422949324,0.0005554444008332496,0.0008466411982494596,0.00032748974112206626,0f97d13fb33cd919,79
S4,state_dependent_rule,False,807902,0.375,0.375,3,3,396,0,0,0.0,0.0,,114.87267534792988,0.39935932564776566,3.106537299112778,0.0034188057832439645,0.9965811942167561,33,0,0,15455.60750086683,15455.60750086683,5151.86916695561,1.5,0.05000000000000001,0.2255609158287201,0.003933280202479596,231.25,77.64192487323545,0.10372771418796148,3,3:funding_collapse|21:flood:reserve|42:heatwave:alternative|62:funding_collapse|99:flood:semiwild,0.003020779126344761,0.0794712977210703,0.12905076240592428,0.01132831318102796,0.0006293248323967355,0.0006719216161790235,0.0003496376871539586,0f97d13fb33cd919,79
S6,rule,False,807902,0.5,0.25,4,2,30,30,0,0.0,0.0,,179.73152173441562,0.7334581414154784,3.2610007543374406,0.010277333333333333,0.9897226666666666,0,0,0,15264.071497643172,15264.071497643174,7632.035748821586,1.5,0.6266880672623447,0.21470782046100007,2.6666666666666667e-05,0.0,0.0,0.03464503095695588,3,3:funding_collapse|21:flood:reserve|42:heatwave:alternative|62:funding_collapse|99:flood:semiwild,0.01600000000000001,0.0796194713515316,0.0,0.0,4.266666666666667e-06,0.0009181205663233578,0.0,0f97d13fb33cd919,79
S7,forward_rollout_proxy,False,807902,0.25,0.125,2,1,65,0,0,0.0,0.0,,65.23676458635389,0.523925186818566,1.0,0.31547355305897107,0.6845264469410289,44,0,0,15323.750175707173,15323.750175707173,15323.750175707173,1.5,0.05000000000000001,0.08684766930444848,0.0033131102587595656,99.0,33.23913756735267,0.07798834652224235,3,3:funding_collapse|21:flood:reserve|42:heatwave:alternative|62:funding_collapse|99:flood:semiwild,0.004376106744185721,0.08163484612695565,0.020353915396271356,0.010540076761357214,0.0005300976414015306,0.0007983407988361797,0.0005970506312307275,0f97d13fb33cd919,79
S4,state_dependent_rule,False,807903,0.25,0.25,2,2,236,0,0,0.0,0.0,,98.8951814101186,0.4575679829286553,3.4597795679531886,0.001075399175288905,0.9989246008247111,41,0,0,15444.42755113332,15444.42755113332,7722.21377556666,1.5,0.05000000000000001,0.16795971278783095,0.006868977332552275,208.0,69.83576377787234,0.0793095855414952,3,16:heatwave:reserve|76:wildfire:alternative|89:wildfire:semiwild|95:wildfire:alternative,0.003328266904971171,0.07867465547506847,0.07168661880214948,0.011573872160823218,0.001099036373208364,0.0006889911738329492,0.0004076129267269069,0f97d13fb33cd919,79
S6,rule,False,807903,0.5,0.25,4,2,32,32,0,0.0,0.0,,196.7749097994184,0.7348488801828801,2.3858657243816257,0.0,1.0,0,0,0,15354.332225591454,15354.332225591455,7677.166112795727,1.5,0.6069094789653554,0.20450321554367143,0.00010554089709762532,0.0,0.0,0.03726805201659816,3,16:heatwave:reserve|76:wildfire:alternative|89:wildfire:semiwild|95:wildfire:alternative,0.01600000000000001,0.07840437412071195,0.0,0.0,1.6886543535620054e-05,0.0007298591528726331,0.0,0f97d13fb33cd919,79
S7,forward_rollout_proxy,False,807903,0.125,0.125,1,1,220,0,0,0.0,0.0,,87.96725086699989,0.49908129983755367,5.342163355408389,0.002105199655259379,0.9978948003447407,34,0,0,15370.908049894848,15370.908049894848,15370.908049894848,1.5,0.05000000000000001,0.12784022366810885,0.004718980850841104,127.0,42.64010576822013,0.06584295057012471,3,16:heatwave:reserve|76:wildfire:alternative|89:wildfire:semiwild|95:wildfire:alternative,0.004365806360670795,0.07780004745858149,0.04186794719533658,0.013112114462148819,0.0007550369361345767,0.0009297193604565248,0.0003620763929073384,0f97d13fb33cd919,79
S4,state_dependent_rule,False,808000,0.625,0.625,5,5,698,657,2,0.6666666666666666,1.0,32.5,264.39069151216495,0.5162267248632976,3.309044228757334,0.004928712654688942,0.995071287345311,252,0,0,18431.82037479715,18431.82037479715,3686.3640749594297,0.763112283362152,0.5377288834045171,0.3959754570733458,0.0018021689601708081,165.5,22.891284141986798,0.13931063222660353,1,7:heatwave:semiwild|24:wildfire:origin|38:heatwave:origin|52:flood:alternative|64:funding_collapse|69:wildfire:reserve|91:funding_collapse|93:wildfire:alternative,0.01368436591113795,0.05731713191489504,0.14864698076033867,0.019651706975735084,0.0002883470336273295,0.0010884289515610576,5.6145860268348696e-05,cced9e3d88e186f1,80
S6,rule,False,808000,0.0,0.0,0,0,0,0,0,0.0,0.0,,91.23746960621592,0.32669259770410014,0.0,,,0,0,0,19771.06716426851,19771.067164268512,19771.06716426851,1.5,0.6026198785525345,0.06271651550395682,0.00033523547744739637,0.0,0.0,0.012272638243516805,3,7:heatwave:semiwild|24:wildfire:origin|38:heatwave:origin|52:flood:alternative|64:funding_collapse|69:wildfire:reserve|91:funding_collapse|93:wildfire:alternative,0.007360000000000005,0.04732218569980144,0.0,0.0,5.363767639158343e-05,0.00037157891970689616,0.0,cced9e3d88e186f1,80
S7,forward_rollout_proxy,False,808000,0.75,0.625,6,5,1025,1008,0,0.0,0.0,,300.66225359656363,0.524628850664121,3.5402146020829726,0.008461939719430944,0.991538060280569,106,0,0,18686.850897234573,18686.850897234573,3737.370179446915,0.8912597981296171,0.5618411845468541,0.4072799886804577,0.0015248270937089233,75.75,10.477430657132928,0.17221862102471305,3,7:heatwave:semiwild|24:wildfire:origin|38:heatwave:origin|52:flood:alternative|64:funding_collapse|69:wildfire:reserve|91:funding_collapse|93:wildfire:alternative,0.014043244561995913,0.05178448833413515,0.15287237415394175,0.0179369436523089,0.0002439723349934278,0.0010036716133870053,3.228334739686996e-05,cced9e3d88e186f1,80
S4,state_dependent_rule,False,808001,0.625,0.625,5,5,799,792,2,0.6666666666666666,1.0,13.0,268.0525481911936,0.38957102192347404,4.530781367867587,0.0007421237038296789,0.9992578762961704,432,0,0,18039.484674830408,18039.484674830408,3607.8969349660815,0.6980192285631709,0.5281660448186337,0.4078755194767046,0.0017216649301675896,174.75,24.170706367445266,0.1425055065808268,1,1:heatwave:origin|37:flood:semiwild|40:wildfire:semiwild|80:heatwave:reserve|95:wildfire:alternative,0.012978665324982762,0.050680954450960485,0.2595708957690379,0.022777174928805294,0.0002754663888268142,0.0009414105032203282,5.507254313753609e-05,cced9e3d88e186f1,80
S6,rule,False,808001,0.125,0.0,1,0,0,0,2,0.6666666666666666,1.0,13.5,33.63094535714484,0.36938224725019225,0.0,,,0,0,0,19926.24094301545,19926.240943015455,19926.24094301545,1.5,0.5786840406208817,0.05989006186092023,0.00029581269849547766,0.0,0.0,0.010108288994160275,1,1:heatwave:origin|37:flood:semiwild|40:wildfire:semiwild|80:heatwave:reserve|95:wildfire:alternative,0.008320000000000006,0.053488910531374126,0.0,0.0,4.733003175927642e-05,0.0003615121866743977,0.0,cced9e3d88e186f1,80
S7,forward_rollout_proxy,False,808001,0.5,0.5,4,4,814,814,2,0.6666666666666666,1.0,13.5,284.39715350020174,0.4646750888253826,4.748442811698159,0.0013182643529898708,0.9986817356470101,221,0,0,18236.66230554981,18236.66230554981,4559.165576387452,0.7902730510958068,0.5512304149765872,0.35553771139969353,0.0014616179831921329,92.75,12.828801233651205,0.13965120892526617,1,1:heatwave:origin|37:flood:semiwild|40:wildfire:semiwild|80:heatwave:reserve|95:wildfire:alternative,0.013275265719365284,0.04683287053874872,0.20640572373499155,0.00986774692618654,0.00023385887731074123,0.0004827495770711361,3.762546792563419e-05,cced9e3d88e186f1,80
S4,state_dependent_rule,False,808002,0.75,0.5,6,4,837,781,2,0.6666666666666666,1.0,32.0,277.45936304009274,0.5411557846735221,3.2966028805081127,0.002327847684157583,0.9976721523158424,623,0,0,17937.9820370849,17937.9820370849,4484.495509271225,0.4002120358539717,0.41032714983467306,0.32768156199526954,0.002645355507186328,266.5,36.86119168483071,0.14341409103360572,1,29:heatwave:alternative|52:flood:reserve|53:wildfire:reserve|60:heatwave:origin|64:funding_collapse|78:funding_collapse|87:wildfire:alternative|100:funding_collapse,0.011367853911475587,0.06396739322600423,0.09327135733099583,0.0183255930284711,0.0004232568811498125,0.0010339614930252742,9.296072531796639e-05,cced9e3d88e186f1,80
S6,rule,False,808002,0.5,0.0,4,0,0,0,1,0.3333333333333333,1.0,34.0,176.1185342154781,0.5687443491561869,0.0,,,0,0,0,19494.076739135715,19494.076739135722,19494.076739135715,1.35629516545534,0.4893814900896835,0.05365801070431665,0.00018133127499882118,0.0,0.0,0.023599308476741472,2,29:heatwave:alternative|52:flood:reserve|53:wildfire:reserve|60:heatwave:origin|64:funding_collapse|78:funding_collapse|87:wildfire:alternative|100:funding_collapse,0.012640000000000009,0.07363788301230474,0.0,0.0,2.901300399981139e-05,0.0006487548275085406,0.0,cced9e3d88e186f1,80
S7,forward_rollout_proxy,False,808002,0.75,0.375,6,3,638,608,1,0.3333333333333333,1.0,22.0,261.24411147513933,0.6201764005994921,3.8359064930804725,0.006700218479167619,0.9932997815208324,312,0,0,18523.206237956423,18523.206237956423,6174.402079318807,0.7352679786359502,0.43346184431586804,0.279560266676426,0.00265989923446078,145.75,20.159544795737627,0.14552508657017216,2,29:heatwave:alternative|52:flood:reserve|53:wildfire:reserve|60:heatwave:origin|64:funding_collapse|78:funding_collapse|87:wildfire:alternative|100:funding_collapse,0.012759980599948208,0.06386379354080314,0.04730368272842313,0.00796465118397755,0.00042558387751372466,0.0007399311809535351,8.636366674057291e-05,cced9e3d88e186f1,80
S4,state_dependent_rule,False,808003,0.75,0.625,6,5,1030,1030,1,0.3333333333333333,1.0,23.0,274.53029929026496,0.4516553004105677,3.8428610729555808,0.00019633700349565674,0.9998036629965044,568,0,0,18556.90857895592,18556.90857895592,3711.3817157911844,0.757664795214871,0.653469021690381,0.4158749002010833,0.0020895236213219898,231.5,32.020134615528356,0.15424693651244692,2,5:funding_collapse|19:flood:alternative|39:wildfire:alternative|70:wildfire:origin|90:wildfire:origin,0.012881915190640445,0.05405116409024197,0.2129959878854616,0.01630985023486862,0.0003343237794115185,0.0009081573444959226,6.361976187483029e-05,cced9e3d88e186f1,80
S6,rule,False,808003,0.5,0.0,4,0,0,0,1,0.3333333333333333,1.0,13.0,175.97673238916684,0.5585637798272155,0.0,,,0,0,0,19720.308776482518,19720.30877648252,19720.308776482518,1.5,0.6699999999999999,0.07168303654574788,0.0003682380873029592,0.0,0.0,0.023415182728739443,2,5:funding_collapse|19:flood:alternative|39:wildfire:alternative|70:wildfire:origin|90:wildfire:origin,0.012320000000000008,0.06747202029441855,0.0,0.0,5.891809396847347e-05,0.0006852817843974555,0.0,cced9e3d88e186f1,80
S7,forward_rollout_proxy,False,808003,0.75,0.75,6,6,1200,1198,1,0.3333333333333333,1.0,11.0,247.68504657378483,0.48890155944993496,2.8336099384468496,0.04912018781648505,0.9508798121835149,272,0,0,18879.833942220605,18879.833942220605,3146.6389903701006,0.8818264055891023,0.6699999999999999,0.4711410611320366,0.001094494704045221,125.5,17.358647491355548,0.19152480873784022,2,5:funding_collapse|19:flood:alternative|39:wildfire:alternative|70:wildfire:origin|90:wildfire:origin,0.013212433479695815,0.050277206046080415,0.19401513549986532,0.012357524686289525,0.0001751191526472353,0.0008086239229612718,4.259716416391178e-05,cced9e3d88e186f1,80
S4,state_dependent_rule,False,808100,0.75,0.75,6,6,1195,1195,1,0.3333333333333333,1.0,22.0,524.0991541677754,0.6526265755835601,4.651308424741544,0.001050011810885337,0.9989499881891146,32,0,0,14584.247210373189,14584.247210373189,2430.7078683955315,1.5,0.8968177781220409,0.5063814230194874,0.0003322612788586867,83.75,145.51556455144285,0.16343280479933933,2,22:funding_collapse|67:heatwave:semiwild|98:funding_collapse,0.014676551321830043,0.04780114428137259,0.07582943771648235,0.00454162246890978,5.316180461738988e-05,0.0008428745205000928,0.00022940665154760076,321a68e7687710e9,81
S6,rule,False,808100,1.0,1.0,8,8,1200,1200,0,0.0,0.0,,866.7772179934791,0.7860239338135565,5.444276419505183,0.0,1.0,0,0,0,14708.999795722853,14708.999795722853,1838.6249744653567,1.5,0.98,0.6144865069737833,0.00012237648382226694,0.0,0.0,0.06021871389365724,3,22:funding_collapse|67:heatwave:semiwild|98:funding_collapse,0.01600000000000001,0.027057005280396996,0.0,0.0,1.9580237411562715e-05,0.0008994806686344203,0.0,321a68e7687710e9,81
S7,forward_rollout_proxy,False,808100,0.875,0.875,7,7,1200,1200,0,0.0,0.0,,776.0409193059195,0.760739378826296,4.468099470044592,0.03285275929867613,0.9671472407013239,0,0,0,14651.75064754375,14651.750647543751,2093.1072353633926,1.5,0.98,0.5795048685454137,0.0001377305981172977,10.75,18.67811724093147,0.21536936922483918,3,22:funding_collapse|67:heatwave:semiwild|98:funding_collapse,0.015550369640347372,0.03131101744715206,0.008820548139016799,0.0013493499517682305,2.2036895698767635e-05,0.0008905365391248884,3.9725090149826104e-05,321a68e7687710e9,81
S4,state_dependent_rule,False,808101,0.75,0.75,6,6,609,608,1,0.3333333333333333,1.0,13.0,498.61574848693186,0.6796226281709964,4.337111793336853,0.0001976180144464575,0.9998023819855535,154,0,0,14627.096056844794,14627.096056844794,2437.8493428074657,1.5,0.665128162343835,0.48023670995090406,0.0006981623429322739,119.25,207.1967889284723,0.16426387891575986,2,26:funding_collapse|64:heatwave:semiwild|69:heatwave:alternative|72:heatwave:reserve|95:heatwave:alternative,0.014833064084925933,0.05364737411958254,0.05029834904168366,0.002581451893080518,0.00011170597486916383,0.0008362080897914918,0.000352753326343338,321a68e7687710e9,81
S6,rule,False,808101,1.0,0.875,8,7,1200,1200,0,0.0,0.0,,852.1777371713279,0.7866149328370815,6.372849311858114,0.0,1.0,0,0,0,14752.034824897328,14752.034824897328,2107.433546413904,1.5,0.9229448312461882,0.5619122514062759,0.00013262599469496023,0.0,0.0,0.060696375815379615,3,26:funding_collapse|64:heatwave:semiwild|69:heatwave:alternative|72:heatwave:reserve|95:heatwave:alternative,0.01600000000000001,0.026393833456922998,0.0,0.0,2.1220159151193638e-05,0.0009700135468438923,0.0,321a68e7687710e9,81
S7,forward_rollout_proxy,False,808101,0.875,0.875,7,7,1200,1200,0,0.0,0.0,,778.5757246328889,0.7548983737242807,5.8738285118131754,0.0003475743069923074,0.9996524256930077,42,0,0,14695.880049441921,14695.88004944192,2099.4114356345603,1.5,0.8675655079497777,0.5832829993849338,0.0001550387596899225,15.25,26.496863992949297,0.22019081735912116,3,26:funding_collapse|64:heatwave:semiwild|69:heatwave:alternative|72:heatwave:reserve|95:heatwave:alternative,0.015480784806626378,0.03222691183282314,0.012545973340609964,0.0013314337675459818,2.48062015503876e-05,0.0009508085052891512,3.921638009834794e-05,321a68e7687710e9,81
S4,state_dependent_rule,False,808102,0.625,0.25,5,2,197,34,2,0.6666666666666666,1.0,24.0,191.05396033427257,0.5938767270502128,1.995191518223682,0.01757930897033918,0.9824206910296608,308,0,0,14559.83904507944,14559.83904507944,7279.91952253972,1.5,0.37018951115647747,0.1894669416303112,0.00309182366160889,212.5,369.21859662306406,0.09998037666213325,1,31:wildfire:reserve|37:flood:origin|51:flood:origin|56:wildfire:alternative|57:funding_collapse|60:wildfire:reserve|71:wildfire:alternative|90:wildfire:origin,0.00855338338029114,0.07416369219333138,0.03148538358715802,0.007655375837479631,0.0004946917858574223,0.0007504421501540448,0.0022329804247240522,321a68e7687710e9,81
S6,rule,False,808102,1.0,0.75,8,6,620,620,0,0.0,0.0,,616.159897054462,0.773084346240733,4.88941590250366,0.0014137575044022724,0.9985862424955977,0,0,0,14732.03498508551,14732.03498508551,2455.339164180918,1.5,0.9258392082259999,0.4889308520892122,0.00016360909545378802,0.0,0.0,0.049763861207878096,3,31:wildfire:reserve|37:flood:origin|51:flood:origin|56:wildfire:alternative|57:funding_collapse|60:wildfire:reserve|71:wildfire:alternative|90:wildfire:origin,0.01600000000000001,0.03987506192016892,0.0,0.0,2.617745527260608e-05,0.001014414383825578,0.0,321a68e7687710e9,81
S7,forward_rollout_proxy,False,808102,0.75,0.375,6,3,696,696,1,0.3333333333333333,1.0,23.0,328.13864918798083,0.6617075114763437,2.6484017688761843,0.0013102967284754437,0.9986897032715245,186,0,0,14659.907999446557,14659.907999446557,4886.635999815519,1.5,0.7014361336987914,0.2962375248945084,0.0017774081103016808,105.0,182.43742421374913,0.15429946917933685,2,31:wildfire:reserve|37:flood:origin|51:flood:origin|56:wildfire:alternative|57:funding_collapse|60:wildfire:reserve|71:wildfire:alternative|90:wildfire:origin,0.014414153001720062,0.05654597045384114,0.04904548849134098,0.005123066144534933,0.0002843852976482689,0.0007938555380905211,0.0007888962575974153,321a68e7687710e9,81
S4,state_dependent_rule,False,808103,0.625,0.5,5,4,613,601,0,0.0,0.0,,457.74092436636454,0.7511026446062482,5.285776190952987,0.0003786596213134101,0.9996213403786866,122,0,0,14503.91083320706,14503.91083320706,3625.977708301765,1.5,0.74462436285798,0.37633095511872655,0.0008145620733034342,101.0,175.48742710084468,0.12005378461699326,3,23:heatwave:reserve|30:heatwave:reserve|81:funding_collapse,0.015976184950492613,0.055225899950154256,0.00020441879284695348,0.00017412852340505463,0.00013032993172854948,0.0009605987686993249,0.00036237440078048155,321a68e7687710e9,81
S6,rule,False,808103,1.0,1.0,8,8,1200,1200,0,0.0,0.0,,870.1097563026956,0.7858635644465337,5.360943283779924,0.0,1.0,0,0,0,14719.435911076242,14719.435911076242,1839.9294888845302,1.5,0.98,0.613780911549385,0.0002443615048857653,0.0,0.0,0.06085739355792879,3,23:heatwave:reserve|30:heatwave:reserve|81:funding_collapse,0.01600000000000001,0.027162643967690275,0.0,0.0,3.909784078172245e-05,0.0009346937449945273,0.0,321a68e7687710e9,81
S7,forward_rollout_proxy,False,808103,0.875,0.875,7,7,1200,1200,0,0.0,0.0,,811.2829520470424,0.7790672991459554,5.647969766034609,0.0,1.0,57,0,0,14632.778076526396,14632.778076526396,2090.3968680751996,1.5,0.98,0.5915604912819197,6.0561747190063e-05,28.75,49.953104249002784,0.21665396810786794,3,23:heatwave:reserve|30:heatwave:reserve|81:funding_collapse,0.015928253621490203,0.031384898571904435,0.0006203268479313094,0.0002030626118924057,9.68987955041008e-06,0.0009334701514487513,7.433439149547066e-05,321a68e7687710e9,81
S4,state_dependent_rule,False,808200,0.25,0.25,2,2,207,0,2,0.6666666666666666,1.0,29.0,121.64681625436536,0.4958255661866929,4.404238945047631,0.00016453383056582618,0.9998354661694342,92,0,0,21016.096080298787,21016.096080298787,10508.048040149393,0.9896554047288962,0.2130120640663072,0.19251342431491014,0.0035917711968874266,326.5,160.67647668290743,0.07334914228901546,1,50:funding_collapse|54:funding_collapse|100:wildfire:reserve,0.0035472138136191543,0.07817539447081241,0.07095815681770733,0.013097062051838885,0.0005746833915019881,0.0008143454616985224,0.0008220060199733425,4cf357e796803041,82
S6,rule,False,808200,0.625,0.0,5,0,0,0,1,0.3333333333333333,1.0,38.0,235.60149435278316,0.6570881748906747,0.0,,,0,0,0,22658.29497703717,22658.294977037174,22658.29497703717,1.5,0.5597632547569492,0.06200710476425256,0.000272378992114679,0.0,0.0,0.030153896442788188,2,50:funding_collapse|54:funding_collapse|100:wildfire:reserve,0.01440000000000001,0.07472001394422194,0.0,0.0,4.3580638738348644e-05,0.0007482305263650534,0.0,4cf357e796803041,82
S7,forward_rollout_proxy,False,808200,0.25,0.25,2,2,300,253,2,0.6666666666666666,1.0,18.5,132.31897886850655,0.5928454004056206,2.5229255105978985,0.006585958172415753,0.9934140418275842,363,0,0,21711.701661637646,21711.701661637646,10855.850830818823,1.370347141360679,0.3790659803216489,0.1931575042729921,0.005530681352705538,207.0,101.86839409911745,0.08760825567424115,1,50:funding_collapse|54:funding_collapse|100:wildfire:reserve,0.007896536625669364,0.07741102015731988,0.023525829867194963,0.006648881407858047,0.0008849090164328865,0.0006630773083999479,0.0008385476481771205,4cf357e796803041,82
S4,state_dependent_rule,False,808201,0.25,0.125,2,1,204,0,0,0.0,0.0,,96.11586864576454,0.5088653349515689,4.718367346938776,0.0004808172448433253,0.9995191827551567,80,0,0,20917.2819206081,20917.2819206081,20917.2819206081,0.8684104784834629,0.10716537043255002,0.12511185678495385,0.0065070036015624924,239.5,117.86222409052482,0.05480823136155546,3,43:heatwave:alternative|45:flood:origin|66:flood:alternative|90:flood:origin,0.003203243728447008,0.07367872860889597,0.05874593296556619,0.014611506772960999,0.0010411205762499993,0.0008552167454127321,0.0007899998934690704,4cf357e796803041,82
S6,rule,False,808201,0.75,0.0,6,0,0,0,0,0.0,0.0,,185.12464671678788,0.5602213305130285,0.0,,,0,0,0,22754.61297515704,22754.61297515704,22754.61297515704,1.5,0.6699999999999999,0.07189108126787909,0.00011372847011144884,0.0,0.0,0.024455406339395497,3,43:heatwave:alternative|45:flood:origin|66:flood:alternative|90:flood:origin,0.012480000000000008,0.0740068047792572,0.0,0.0,1.8196555217831814e-05,0.0006736681524964953,0.0,4cf357e796803041,82
S7,forward_rollout_proxy,False,808201,0.375,0.375,3,3,227,0,0,0.0,0.0,,121.74851196639304,0.5495664352322146,2.678356889972628,0.01554546169602882,0.9844545383039712,166,0,0,21559.47399379402,21559.47399379402,7186.491331264674,1.1488629494299112,0.2996900291721892,0.24845312596310648,0.004736782023444518,226.75,111.58772155543426,0.1147527707308063,3,43:heatwave:alternative|45:flood:origin|66:flood:alternative|90:flood:origin,0.007048547079207572,0.08015495844642069,0.057216588251376745,0.010355287105848406,0.0007578851237511233,0.0006784485159854976,0.0006653330425812592,4cf357e796803041,82
S4,state_dependent_rule,False,808202,0.5,0.375,4,3,295,0,2,0.6666666666666666,1.0,22.5,117.15975771956751,0.4732961214791671,3.109973041297529,0.006849089450548127,0.9931509105494519,67,0,0,20598.90605703005,20598.906057030046,6866.302019010017,0.8105095993976715,0.15016635211805052,0.23517140182230908,0.0045389982054225,250.75,123.39854985678119,0.10152518098764365,1,7:wildfire:alternative|23:heatwave:origin|71:funding_collapse|78:funding_collapse,0.0035185195207293398,0.0790480250282594,0.09759593826178181,0.011964946564485046,0.0007262397128676,0.0007468489295190565,0.0006471070499073893,4cf357e796803041,82
S6,rule,False,808202,0.5,0.0,4,0,0,0,1,0.3333333333333333,1.0,38.0,140.78947129224986,0.5103827279267111,0.0,,,0,0,0,22510.164535086136,22510.164535086136,22510.164535086136,1.5,0.6699999999999999,0.07073853621283667,0.00011019283746556474,0.0,0.0,0.01869268106418342,2,7:wildfire:alternative|23:heatwave:origin|71:funding_collapse|78:funding_collapse,0.011360000000000007,0.06702619414814817,0.0,0.0,1.7630853994490357e-05,0.0005134470711461903,0.0,4cf357e796803041,82
S7,forward_rollout_proxy,False,808202,0.375,0.25,3,2,272,37,1,0.3333333333333333,1.0,27.0,132.74260901469356,0.5427391583488634,3.4809698958254343,0.010343046876873215,0.9896569531231267,238,0,0,21341.275943349974,21341.27594334997,10670.637971674987,1.2104876349325353,0.4209912054829837,0.21044409362098015,0.00354510912347964,227.5,111.95680993985133,0.10517637057213719,2,7:wildfire:alternative|23:heatwave:origin|71:funding_collapse|78:funding_collapse,0.007127191640847827,0.07836176118981068,0.05641398138306635,0.017053597696175333,0.0005672174597567423,0.0009437714329152081,0.0005912640085875099,4cf357e796803041,82
S4,state_dependent_rule,False,808203,0.25,0.25,2,2,232,0,3,1.0,1.0,28.666666666666668,94.12319883426166,0.5097578537343517,2.9760928783912135,0.0013637399758502635,0.9986362600241497,71,0,0,20731.073511209168,20731.073511209168,10365.536755604584,0.8375290134638808,0.1088797754409939,0.1666715789176209,0.004629631571641637,243.5,119.83069547408257,0.06761336294804682,0,10:heatwave:alternative|24:funding_collapse|44:wildfire:alternative|61:funding_collapse|83:wildfire:reserve,0.003489553312913317,0.07988596192077987,0.0561482026730801,0.011131230881087497,0.0007407410514626621,0.0006881872488569186,0.0008607100935116664,4cf357e796803041,82
S6,rule,False,808203,0.625,0.0,5,0,0,0,2,0.6666666666666666,1.0,38.0,228.3397050970768,0.6487285444515242,0.0,,,0,0,0,22550.800767477413,22550.800767477413,22550.800767477413,1.5,0.6598354863966924,0.07203985754490845,0.0001625143092286879,0.0,0.0,0.03028154452619599,1,10:heatwave:alternative|24:funding_collapse|44:wildfire:alternative|61:funding_collapse|83:wildfire:reserve,0.01424000000000001,0.0748527910186587,0.0,0.0,2.6002289476590064e-05,0.0008526622403407186,0.0,4cf357e796803041,82
S7,forward_rollout_proxy,False,808203,0.5,0.25,4,2,196,0,3,1.0,1.0,31.0,129.09914777229895,0.5563949804157097,3.059691141333004,0.0020410043720006663,0.9979589956279993,181,0,0,21290.12500403513,21290.12500403513,10645.062502017565,1.0902600111133824,0.2247108180468861,0.18457889544733047,0.0052919808307784,238.25,117.24707678316304,0.09505451114655915,0,10:heatwave:alternative|24:funding_collapse|44:wildfire:alternative|61:funding_collapse|83:wildfire:reserve,0.008132532155653578,0.0826413931040394,0.05413940460252596,0.011430871523918555,0.0008467169329245441,0.0006509760927794747,0.0006084250219790719,4cf357e796803041,82
S4,state_dependent_rule,False,808300,0.0,0.0,0,0,0,0,2,0.6666666666666666,1.0,33.0,59.2562157208282,0.2704875083780262,0.0,,,14,0,0,3582.5130094570663,3582.5130094570663,3582.5130094570663,0.8451205235692871,0.18811675787846224,0.02547621013902382,0.007048886608758311,16.25,1.4151910851218552,0.03332267175588796,1,1:flood:alternative|7:funding_collapse|24:flood:alternative|28:flood:origin|31:heatwave:origin|34:funding_collapse|59:heatwave:origin|60:wildfire:reserve|62:flood:semiwild|65:funding_collapse|80:heatwave:semiwild|95:funding_collapse|100:wildfire:semiwild,0.005854635753374274,0.037877897611682365,7.064235450571736e-05,0.0011620734834151228,0.00112782185740133,0.0004469702488075821,5.5176447050085984e-05,8e2846c6d9af9fea,83
S6,rule,False,808300,0.625,0.0,5,0,0,0,1,0.3333333333333333,1.0,50.0,222.3531987257692,0.5482383400135816,0.0,,,0,0,0,3885.238004562162,3885.2380045621626,3885.238004562162,1.5,0.755947167520863,0.08024946980472236,0.00048302713607366646,0.0,0.0,0.023273765263180292,2,1:flood:alternative|7:funding_collapse|24:flood:alternative|28:flood:origin|31:heatwave:origin|34:funding_collapse|59:heatwave:origin|60:wildfire:reserve|62:flood:semiwild|65:funding_collapse|80:heatwave:semiwild|95:funding_collapse|100:wildfire:semiwild,0.012000000000000009,0.06163756590643395,0.0,0.0,7.728434177178661e-05,0.0005468097382125214,0.0,8e2846c6d9af9fea,83
S7,forward_rollout_proxy,False,808300,0.625,0.25,5,2,216,212,2,0.6666666666666666,1.0,26.5,151.28416350341288,0.5440410170233732,2.343028132669274,0.00014854659064742498,0.9998514534093526,15,0,0,3570.5138604020667,3570.5138604020667,1785.2569302010334,0.6950322306292489,0.47721405452105164,0.20921565961291688,0.0009629799097359362,21.25,1.850634495928579,0.12781986417059482,1,1:flood:alternative|7:funding_collapse|24:flood:alternative|28:flood:origin|31:heatwave:origin|34:funding_collapse|59:heatwave:origin|60:wildfire:reserve|62:flood:semiwild|65:funding_collapse|80:heatwave:semiwild|95:funding_collapse|100:wildfire:semiwild,0.013274095125073273,0.0689297900899531,0.08304542136464045,0.007805043447795006,0.00015407678555774982,0.0005887551084126349,1.0861582450250736e-05,8e2846c6d9af9fea,83
S4,state_dependent_rule,False,808301,0.25,0.125,2,1,43,2,2,0.6666666666666666,1.0,21.5,85.558528336528,0.5590132354139796,1.998918918918919,0.012512458786855698,0.9874875412131443,39,0,0,3521.574912440489,3521.574912440489,3521.574912440489,0.06448302013025495,0.3324137147532645,0.12129104559353913,0.0008713700816709257,42.5,3.7012689918571606,0.059052424645117424,1,46:heatwave:semiwild|59:heatwave:reserve,0.007604268302893652,0.08684391570266393,0.012683760710264906,0.0035992973646982724,0.0001394192130673481,0.0005182223949156995,6.835354780850891e-05,8e2846c6d9af9fea,83
S6,rule,False,808301,1.0,0.75,8,6,1131,1131,1,0.3333333333333333,1.0,96.0,808.5148284380582,0.7846409125519683,5.998696889977192,0.0,1.0,0,0,0,4008.6543477081523,4008.654347708153,668.1090579513587,1.5,0.9641173714849701,0.5035791415040489,2.5773195876288658e-05,0.0,0.0,0.04840217727889957,2,46:heatwave:semiwild|59:heatwave:reserve,0.01600000000000001,0.028398408175980116,0.0,0.0,4.123711340206186e-06,0.0009565555607110686,0.0,8e2846c6d9af9fea,83
S7,forward_rollout_proxy,False,808301,0.5,0.375,4,3,541,541,3,1.0,1.0,38.333333333333336,197.98952730312837,0.6214230407375854,2.318217874224351,0.005911838977335509,0.9940881610226645,45,0,0,3866.6173170360394,3866.6173170360394,1288.872439012013,1.3504705689130143,0.6129353242659764,0.2760403238570208,0.0003924083780707921,29.0,2.5255717826790014,0.1140730634408983,0,46:heatwave:semiwild|59:heatwave:reserve,0.014645974737894646,0.06526478253317718,0.04318630911702112,0.015225582249943566,6.278534049132672e-05,0.0010732201962565507,1.1009284140787736e-05,8e2846c6d9af9fea,83
S4,state_dependent_rule,False,808302,0.25,0.125,2,1,127,0,1,0.3333333333333333,1.0,25.0,87.08718710927069,0.5524720512123875,1.9939423909012242,0.012712565948513723,0.9872874340514862,14,0,0,3599.813421698844,3599.8134216988437,3599.813421698844,0.5372161973102552,0.11681716500891932,0.10068871595520244,0.0008043481780109081,41.25,3.592408139155478,0.0640878777264913,2,5:heatwave:alternative|32:funding_collapse|47:flood:alternative|48:wildfire:reserve|66:funding_collapse|68:wildfire:reserve|69:wildfire:alternative|93:funding_collapse|94:heatwave:semiwild,0.007347927008081687,0.08614589096046255,0.012969757272386775,0.00789271655689341,0.00012869570848174532,0.0007305759115871609,7.877012857908937e-05,8e2846c6d9af9fea,83
S6,rule,False,808302,0.75,0.75,6,6,1072,1072,1,0.3333333333333333,1.0,35.0,772.5257214103463,0.785188064540093,5.233867338900876,0.0,1.0,0,0,0,3958.0510160409167,3958.051016040917,659.6751693401528,1.5,0.9612728343996674,0.4954712527580811,0.00015531635074477512,0.0,0.0,0.047526479645528,2,5:heatwave:alternative|32:funding_collapse|47:flood:alternative|48:wildfire:reserve|66:funding_collapse|68:wildfire:reserve|69:wildfire:alternative|93:funding_collapse|94:heatwave:semiwild,0.01600000000000001,0.02780485862558341,0.0,0.0,2.4850616119164023e-05,0.0009822262182044468,0.0,8e2846c6d9af9fea,83
S7,forward_rollout_proxy,False,808302,0.75,0.125,6,1,5,1,1,0.3333333333333333,1.0,29.0,139.76060947942267,0.6263196652554761,1.0,0.16630385259956817,0.8336961474004319,33,0,0,3737.0606011955674,3737.0606011955674,3737.0606011955674,0.8800520055939933,0.3993913190460881,0.1318653482472483,0.00034535647612850983,37.75,3.2875977515907713,0.12838108171319734,2,5:heatwave:alternative|32:funding_collapse|47:flood:alternative|48:wildfire:reserve|66:funding_collapse|68:wildfire:reserve|69:wildfire:alternative|93:funding_collapse|94:heatwave:semiwild,0.012488152485688665,0.084216183326067,0.009049090439206549,0.004062357595039988,5.5257036180561574e-05,0.0006535867376540372,0.00011967278302937401,8e2846c6d9af9fea,83
S4,state_dependent_rule,False,808303,0.25,0.125,2,1,131,0,2,0.6666666666666666,1.0,19.5,82.42419558742996,0.5416964612203298,2.68434224933521,0.010413585323277094,0.9895864146767229,39,0,0,3605.336111586462,3605.336111586462,3605.336111586462,0.4202344642779381,0.31384770791747196,0.1272351782692115,0.0006588314814736733,44.0,3.8319020150991765,0.06378492492056101,1,31:wildfire:reserve|35:funding_collapse|45:heatwave:reserve|72:wildfire:origin|91:wildfire:reserve,0.0069413579365142,0.08402290841602887,0.020240579298699185,0.008732904193496607,0.00010541303703578771,0.0009148449425723774,7.141834759438885e-05,8e2846c6d9af9fea,83
S6,rule,False,808303,0.875,0.75,7,6,390,390,0,0.0,0.0,,656.6687413666491,0.7720189722929718,5.040821602144378,0.0015619047619047617,0.9984380952380952,0,0,0,3992.091877635859,3992.0918776358603,665.3486462726431,1.5,0.8414762558668629,0.48246681483769777,0.0001023507491258072,0.0,0.0,0.05205486614783811,3,31:wildfire:reserve|35:funding_collapse|45:heatwave:reserve|72:wildfire:origin|91:wildfire:reserve,0.01600000000000001,0.04102323873483536,0.0,0.0,1.637611986012915e-05,0.0009414128523326514,0.0,8e2846c6d9af9fea,83
S7,forward_rollout_proxy,False,808303,0.5,0.375,4,3,539,539,2,0.6666666666666666,1.0,22.0,263.45982382868016,0.741527276479524,2.8822893543951484,0.005141915827004643,0.9948580841729954,13,0,0,3867.964511547167,3867.964511547167,1289.3215038490557,1.4413623320468472,0.4355858689705467,0.26596965500401015,0.00018358773281053074,20.0,1.741773643226898,0.12419087281501992,1,31:wildfire:reserve|35:funding_collapse|45:heatwave:reserve|72:wildfire:origin|91:wildfire:reserve,0.016808527269057606,0.05704363153779065,1.0558862527642128e-05,3.519518374822204e-05,2.9374037249684918e-05,0.0012599261742160606,1.1646992669298601e-05,8e2846c6d9af9fea,83
S4,state_dependent_rule,False,808400,0.25,0.25,2,2,251,0,0,0.0,0.0,,109.89503445984047,0.49222939371828955,3.387810574219329,0.005419434124852078,0.9945805658751479,19,0,0,20406.410036726054,20406.410036726054,10203.205018363027,0.33293847312419933,0.07308982780695006,0.16771522572848233,0.0043185985010771285,246.75,105.8785648216951,0.07014068602797015,3,89:funding_collapse,0.0028338044463198657,0.07806125302497184,0.0752822086533686,0.012806932002348344,0.0006909757601723408,0.0008212674251657797,0.0006003907332593586,77933d73896c413d,84
S6,rule,False,808400,0.0,0.0,0,0,0,0,1,0.3333333333333333,1.0,9.0,38.27747848828412,0.24958050913421928,0.0,,,0,0,0,21785.400081001382,21785.400081001386,21785.400081001382,0.9988792683334257,0.19029006837167098,0.020687316305340864,8.310249307479225e-05,0.0,0.0,0.008291547340868817,2,89:funding_collapse,0.005760000000000004,0.04316837231121652,0.0,0.0,1.3296398891966757e-05,0.00027782215567220586,0.0,77933d73896c413d,84
S7,forward_rollout_proxy,False,808400,0.125,0.125,1,1,188,0,0,0.0,0.0,,87.36602175248768,0.5180946214187846,3.3186854460093893,0.0014418627489444487,0.9985581372510556,11,0,0,20576.231719108095,20576.231719108095,20576.231719108095,0.39826140403991744,0.09668718599923938,0.11075088479140288,0.0047806380777738475,152.75,65.54387346104934,0.05822655865692525,3,89:funding_collapse,0.003174986728043132,0.07728982964448486,0.0488443237946538,0.014359612702319948,0.0007649020924438153,0.0008706059975113908,0.0005904836931698042,77933d73896c413d,84
S4,state_dependent_rule,False,808401,0.25,0.25,2,2,270,0,2,0.6666666666666666,1.0,16.0,109.36604139668778,0.47399412602473895,3.4886672544613937,0.0021306988569722435,0.9978693011430277,25,0,0,19883.762659649907,19883.762659649907,9941.881329824953,0.19971997587365015,0.07263265824547775,0.1699456854032182,0.003920661078598835,236.0,101.26582086289777,0.07647873517028243,1,37:wildfire:alternative|65:wildfire:alternative|70:funding_collapse|72:flood:semiwild|77:heatwave:semiwild|82:funding_collapse,0.0025341333597445758,0.07533399529299156,0.0965046116047592,0.014292461181986637,0.0006273057725758136,0.0007707640465753848,0.0005354814816488207,77933d73896c413d,84
S6,rule,False,808401,0.0,0.0,0,0,0,0,2,0.6666666666666666,1.0,13.5,39.56627001493783,0.23014488054734472,0.0,,,0,0,0,21578.82766859213,21578.827668592134,21578.82766859213,0.9053863725891138,0.11396381106378822,0.01279941628564577,0.00047418007395494464,0.0,0.0,0.007015175896334735,1,37:wildfire:alternative|65:wildfire:alternative|70:funding_collapse|72:flood:semiwild|77:heatwave:semiwild|82:funding_collapse,0.0052800000000000034,0.03801202690293564,0.0,0.0,7.586881183279114e-05,0.00038722373788683406,0.0,77933d73896c413d,84
S7,forward_rollout_proxy,False,808401,0.25,0.25,2,2,231,0,3,1.0,1.0,19.333333333333332,108.8853143038311,0.5017252400288824,2.9727859337238143,0.006501470879622776,0.9934985291203772,30,0,0,20230.969717185493,20230.969717185493,10115.484858592747,0.3310476566075544,0.08124363412582981,0.16605716246096722,0.0035175435145100966,185.25,79.489378452762,0.07852469855573048,0,37:wildfire:alternative|65:wildfire:alternative|70:funding_collapse|72:flood:semiwild|77:heatwave:semiwild|82:funding_collapse,0.0030856946309248206,0.07786309680504123,0.06882009741910057,0.012404771465601039,0.0005628069623216154,0.0006709169985311867,0.0004464939458050649,77933d73896c413d,84
S4,state_dependent_rule,False,808402,0.125,0.125,1,1,155,0,3,1.0,1.0,20.333333333333332,71.04287290248793,0.523439617494114,3.686512198864509,0.0011131862916129033,0.9988868137083871,43,0,0,20627.749941412192,20627.749941412192,20627.749941412192,0.43403329764785936,0.07350230256348927,0.10944074156360804,0.003559744996226438,156.5,67.15297019086235,0.0448769465930701,0,36:flood:alternative|39:wildfire:alternative|57:heatwave:reserve|95:heatwave:reserve,0.002781223049408974,0.07600121288913987,0.03875638313839251,0.01590369171473647,0.0005695591993962303,0.0009140284977804529,0.0006670039271898288,77933d73896c413d,84
S6,rule,False,808402,0.0,0.0,0,0,0,0,2,0.6666666666666666,1.0,20.0,36.253745482951885,0.24289118024510623,0.0,,,0,0,0,21681.01350528893,21681.01350528893,21681.01350528893,0.8993124153206639,0.11640548268884256,0.012931909182738425,0.000267283556566393,0.0,0.0,0.006456804569270848,1,36:flood:alternative|39:wildfire:alternative|57:heatwave:reserve|95:heatwave:reserve,0.005600000000000004,0.041692979929675154,0.0,0.0,4.276536905062288e-05,0.00027307445616802793,0.0,77933d73896c413d,84
S7,forward_rollout_proxy,False,808402,0.125,0.125,1,1,105,0,3,1.0,1.0,19.333333333333332,54.31594338670324,0.5495106204015027,1.0,0.31202673752044285,0.6879732624795571,24,0,0,20442.76226262099,20442.76226262098,20442.76226262099,0.33971056898473795,0.08161862947280506,0.08465254167174109,0.006758652748917261,112.0,48.058355663748166,0.05120339362230292,0,36:flood:alternative|39:wildfire:alternative|57:heatwave:reserve|95:heatwave:reserve,0.0033853515257324246,0.07858364848687036,0.02186133518858185,0.014741058101124882,0.0010813844398267624,0.0009707277414230707,0.0007700696729399748,77933d73896c413d,84
S4,state_dependent_rule,False,808403,0.25,0.125,2,1,141,0,2,0.6666666666666666,1.0,18.0,81.1749046230479,0.5115952682053555,4.426853707414829,0.0004548711492307311,0.9995451288507693,37,0,0,20181.627198627448,20181.627198627448,20181.627198627448,0.26098417061772233,0.05990522602785727,0.1179788113831009,0.005924712403029239,200.75,86.14031160265569,0.05734875853083443,1,19:funding_collapse|94:flood:alternative|97:heatwave:reserve,0.0024270484036280518,0.07397667424233967,0.05519362890988967,0.014928393541603096,0.0009479539844846778,0.0008827189179338447,0.0006776651013065474,77933d73896c413d,84
S6,rule,False,808403,0.0,0.0,0,0,0,0,2,0.6666666666666666,1.0,19.0,35.07986106970773,0.24274392223000682,0.0,,,0,0,0,21786.15940359363,21786.159403593632,21786.15940359363,0.987063270850182,0.11005011360107812,0.01233211241311855,0.00019871363826605125,0.0,0.0,0.0066355052650536855,1,19:funding_collapse|94:flood:alternative|97:heatwave:reserve,0.005600000000000004,0.04184587388109806,0.0,0.0,3.17941821225682e-05,0.0002784097067724827,0.0,77933d73896c413d,84
S7,forward_rollout_proxy,False,808403,0.25,0.125,2,1,198,0,2,0.6666666666666666,1.0,22.0,90.05987674815506,0.5125733001809386,4.433838498077359,0.0012715322545785856,0.9987284677454215,25,0,0,20100.713625387474,20100.713625387478,20100.713625387474,0.25254129835139477,0.06171660334207646,0.11982152490926187,0.0045996118398919685,153.75,65.97296592233283,0.06530739797140321,1,19:funding_collapse|94:flood:alternative|97:heatwave:reserve,0.0030144378530426795,0.07673179474929887,0.058822099959946736,0.013515348212755152,0.0007359378943827152,0.000778634637865224,0.00047254065198134145,77933d73896c413d,84
S4,state_dependent_rule,False,808500,0.25,0.25,2,2,182,0,1,0.3333333333333333,1.0,13.0,112.0159633288921,0.49529350137681916,3.520495694355734,0.0010369993691477651,0.9989630006308522,123,0,0,11420.880014057375,11420.880014057375,5710.440007028687,0.0,0.2916679828119374,0.1930360999750801,0.0019935916193435897,160.75,335.843940647197,0.08082172375164501,2,97:heatwave:reserve,0.0057600997428053306,0.07525557850722336,0.0579741615176266,0.01377860589277441,0.0003189746590949744,0.0008857447738636927,0.0021283756160614393,3837b239ab01c69e,85
S6,rule,False,808500,0.625,0.375,5,3,68,68,1,0.3333333333333333,1.0,17.0,336.13830455762684,0.7440817050229694,3.1197181368500146,0.002301754385964912,0.9976982456140351,0,0,0,13634.147882083282,13634.147882083316,4544.715960694427,1.5,0.7394545463393505,0.28189301791007926,0.00017534616454944083,0.0,0.0,0.040001909538220214,2,97:heatwave:reserve,0.01600000000000001,0.06910928442436368,0.0,0.0,2.8055386327910527e-05,0.0007809551663389545,0.0,3837b239ab01c69e,85
S7,forward_rollout_proxy,False,808500,0.375,0.375,3,3,619,563,1,0.3333333333333333,1.0,23.0,216.7146146152286,0.5823974580999554,3.246587710828885,0.02118713236748486,0.9788128676325152,253,0,0,12594.926570902666,12594.92657090267,4198.308856967556,0.7213985108910671,0.4954580281920396,0.2743824475434981,0.0006083069132482697,119.75,250.18545500778802,0.1181038380800265,2,97:heatwave:reserve,0.013568311634426929,0.06834267170423686,0.07612181054240696,0.006455764294443547,9.732910611972317e-05,0.000630476211532518,0.0008971982812408632,3837b239ab01c69e,85
S4,state_dependent_rule,False,808501,0.375,0.25,3,2,159,0,1,0.3333333333333333,1.0,34.0,106.64011193286815,0.5164708356651871,2.5734267420365953,0.005875131951707528,0.9941248680482925,151,0,0,11380.626562693422,11380.626562693422,5690.313281346711,0.0,0.2621117387635264,0.18174275165198792,0.0022655087431756567,160.75,335.84394064719714,0.08648655177634668,2,70:flood:reserve|73:wildfire:semiwild|80:funding_collapse|83:funding_collapse,0.0061544483503983075,0.0788795578666891,0.044811866738118225,0.008632990055754252,0.000362481398908105,0.0006617260312467203,0.0023497183880786202,3837b239ab01c69e,85
S6,rule,False,808501,0.75,0.5,6,4,68,68,0,0.0,0.0,,300.8335123944664,0.744177348994913,2.3384401114206126,0.0,1.0,0,0,0,13546.018420584518,13546.018420584547,3386.5046051461295,1.5,0.7842529576123883,0.33424421451507086,0.0001805982120449566,0.0,0.0,0.03717258819812954,3,70:flood:reserve|73:wildfire:semiwild|80:funding_collapse|83:funding_collapse,0.01600000000000001,0.0688158750983275,0.0,0.0,2.8895713927193063e-05,0.0009778801928322543,0.0,3837b239ab01c69e,85
S7,forward_rollout_proxy,False,808501,0.375,0.375,3,3,465,446,1,0.3333333333333333,1.0,50.0,168.10502915036713,0.6144395779001616,2.448935417854928,0.012610388539336131,0.9873896114606638,186,0,0,12512.300159644135,12512.300159644135,4170.766719881379,0.7927497617495954,0.4605251788932912,0.2627526363732826,0.0010464899908959832,97.75,204.222365152495,0.11730382152702079,2,70:flood:reserve|73:wildfire:semiwild|80:funding_collapse|83:funding_collapse,0.014214194506505629,0.0701174559376818,0.0386086557353343,0.01917998281268744,0.0001674383985433573,0.0015269917679148672,0.001019420552475502,3837b239ab01c69e,85
S4,state_dependent_rule,False,808502,0.25,0.25,2,2,164,4,2,0.6666666666666666,1.0,40.5,103.68960043243467,0.4959714058182304,3.810959073593298,0.0058858256797706164,0.9941141743202294,91,0,0,11321.16135802157,11321.16135802157,5660.580679010785,0.0,0.26150619710017675,0.19137559060653944,0.002524097801371936,159.0,332.18778577234417,0.0730769008029439,1,32:heatwave:reserve|46:funding_collapse|61:funding_collapse|67:funding_collapse|71:funding_collapse|92:flood:semiwild,0.005265425153902206,0.07577954985640124,0.05344185763884341,0.010721501612600633,0.00040385564821950965,0.000779252239322327,0.00219030711299052,3837b239ab01c69e,85
S6,rule,False,808502,0.5,0.5,4,4,36,36,1,0.3333333333333333,1.0,24.0,295.627347991454,0.7429604066246515,2.205098389982111,0.005466666666666666,0.9945333333333334,0,0,0,13411.926340946862,13411.926340946888,3352.9815852367155,1.5,0.7933984299790913,0.33319006399481776,0.00016115004492362983,0.0,0.0,0.03399618548543753,2,32:heatwave:reserve|46:funding_collapse|61:funding_collapse|67:funding_collapse|71:funding_collapse|92:flood:semiwild,0.01600000000000001,0.07004022707353474,0.0,0.0,2.5784007187780772e-05,0.0009735822946261609,0.0,3837b239ab01c69e,85
S7,forward_rollout_proxy,False,808502,0.25,0.0,2,0,0,0,1,0.3333333333333333,1.0,28.0,80.68259851851208,0.4400539742787048,0.0,,,39,0,0,12841.560049841106,12841.560049841104,12841.560049841106,1.1902617901689507,0.460539680827017,0.055743356846152274,0.0004200279881891199,32.0,66.85540342588068,0.04844694381725284,2,32:heatwave:reserve|46:funding_collapse|61:funding_collapse|67:funding_collapse|71:funding_collapse|92:flood:semiwild,0.008550719943181843,0.05483476936757471,0.0003179817915027977,0.003218042158370589,6.720447811025918e-05,0.0006773878005670372,0.002394219132623385,3837b239ab01c69e,85
S4,state_dependent_rule,False,808503,0.25,0.125,2,1,130,0,1,0.3333333333333333,1.0,16.0,86.52290906511482,0.519262282234503,3.542976939203354,0.0011989780354059437,0.9988010219645941,84,0,0,11218.43671920213,11218.43671920213,11218.43671920213,0.0,0.22260388171009837,0.12807678837117284,0.0011762588494431561,118.75,248.09622365072894,0.07068315404064734,2,2:flood:alternative|23:funding_collapse|45:flood:origin|71:heatwave:alternative,0.005774447243871347,0.07467974710853068,0.03804099892759802,0.011233321865028996,0.00018820141591090496,0.0007937446990259429,0.0022889952151988325,3837b239ab01c69e,85
S6,rule,False,808503,0.625,0.0,5,0,0,0,1,0.3333333333333333,1.0,19.0,217.2255555830373,0.6278846406356395,0.0,,,0,0,0,13384.581695444911,13384.58169544492,13384.581695444911,1.5,0.7213668749141519,0.07738890756891392,2.6109660574412533e-05,0.0,0.0,0.02626110038749367,2,2:flood:alternative|23:funding_collapse|45:flood:origin|71:heatwave:alternative,0.01376000000000001,0.0714234683839054,0.0,0.0,4.177545691906005e-06,0.0007277134347632982,0.0,3837b239ab01c69e,85
S7,forward_rollout_proxy,False,808503,0.5,0.5,4,4,376,346,2,0.6666666666666666,1.0,30.0,156.18782886087845,0.5543776534760874,2.596662296818309,0.004850535414201012,0.995149464585799,115,0,0,12233.424229440514,12233.424229440514,3058.3560573601285,0.3882813958310908,0.4175797639122467,0.3212569097354745,0.0006466301460508165,100.25,209.44544354514196,0.14266155188033344,1,2:flood:alternative|23:funding_collapse|45:flood:origin|71:heatwave:alternative,0.012928455090574576,0.07311027106088477,0.07862596787029061,0.01919587566916803,0.00010346082336813065,0.0011547944996938312,0.0010978061778365075,3837b239ab01c69e,85
S4,state_dependent_rule,False,808600,0.375,0.375,3,3,733,572,1,0.3333333333333333,1.0,17.0,218.5904639530706,0.6226314721627617,5.069165339569514,0.011251936557220796,0.9887480634427792,418,0,0,16717.408231423615,16717.408231423615,5572.469410474539,0.0,0.36000000000000004,0.2749349601646026,0.0007380334810728587,246.75,93.59131284873753,0.09746653384453731,2,13:flood:reserve|23:funding_collapse|75:flood:reserve|79:wildfire:origin|88:funding_collapse|89:heatwave:origin,0.007557545635554311,0.07017969854474407,0.06192425363139543,0.006849244178009806,0.00011808535697165738,0.0006040351510132245,0.0004014723150676624,193a5fcf292c121e,86
S6,rule,False,808600,1.0,0.375,8,3,6,6,0,0.0,0.0,,684.6609796516982,0.762124025033967,2.0,0.0,1.0,0,0,0,20622.75106001345,20622.751060013452,6874.250353337816,1.5,0.7157113629344137,0.2709532851580992,0.00018168466699394534,0.0,0.0,0.05316074432328908,3,13:flood:reserve|23:funding_collapse|75:flood:reserve|79:wildfire:origin|88:funding_collapse|89:heatwave:origin,0.01600000000000001,0.05080128112636703,0.0,0.0,2.906954671903126e-05,0.0010456242929473124,0.0,193a5fcf292c121e,86
S7,forward_rollout_proxy,False,808600,0.5,0.5,4,4,716,716,1,0.3333333333333333,1.0,25.0,375.2929326049904,0.7484382554102936,3.613855075204585,0.001536238582630877,0.9984637614173691,103,0,0,19713.278394173532,19713.278394173536,4928.319598543383,1.2421700626850736,0.5740576898222903,0.34691891467537583,0.00040433190614558854,72.25,27.40414327587148,0.1418729747055047,2,13:flood:reserve|23:funding_collapse|75:flood:reserve|79:wildfire:origin|88:funding_collapse|89:heatwave:origin,0.016950845738115897,0.047115414748622714,0.00033041545973118896,0.0002784782698380591,6.469310498329417e-05,0.001071592390319395,0.00011121116902554965,193a5fcf292c121e,86
S4,state_dependent_rule,False,808601,0.25,0.25,2,2,504,357,3,1.0,1.0,29.333333333333332,262.1183873070484,0.6485174150044233,5.4459294732975625,0.0025713613427314416,0.9974286386572686,564,0,0,17150.15079357359,17150.15079357359,8575.075396786795,0.0,0.36000000000000004,0.21799510430141913,0.0009192412642080158,287.75,109.1424529776059,0.07517904784221748,0,13:funding_collapse|33:funding_collapse|88:wildfire:reserve|98:flood:reserve,0.009584224505880463,0.07028284101456546,0.06105802193509602,0.009504112368581686,0.00014707860227328255,0.0005981609151377444,0.0003222281183619911,193a5fcf292c121e,86
S6,rule,False,808601,0.875,0.75,7,6,717,717,0,0.0,0.0,,759.712658063424,0.781585667942202,6.351866995141996,0.0,1.0,0,0,0,20679.789720248933,20679.789720248933,3446.631620041489,1.5,0.8467854280222588,0.49489911313736784,0.0002795276878291303,0.0,0.0,0.04600950191860988,3,13:funding_collapse|33:funding_collapse|88:wildfire:reserve|98:flood:reserve,0.01600000000000001,0.03140759093913097,0.0,0.0,4.472443005266085e-05,0.0009620166886143183,0.0,193a5fcf292c121e,86
S7,forward_rollout_proxy,False,808601,0.625,0.625,5,5,798,798,1,0.3333333333333333,1.0,47.0,388.55266382054003,0.5562509444621744,5.085846505274046,0.00021563414839956404,0.9997843658516005,140,0,0,18763.856788159246,18763.856788159246,3752.7713576318492,0.631432861636168,0.5147671984793531,0.41510676274650504,0.0006878786631187345,103.5,39.257146422874705,0.15760788922914626,2,13:funding_collapse|33:funding_collapse|88:wildfire:reserve|98:flood:reserve,0.013852974407782027,0.04288433078316351,0.2104052397535873,0.016786064953307495,0.00011006058609899753,0.0009568158005273851,7.93857322901586e-05,193a5fcf292c121e,86
S4,state_dependent_rule,False,808602,0.625,0.375,5,3,561,495,2,0.6666666666666666,1.0,20.5,241.13129865558997,0.6703897850363651,4.308769584282685,0.009529297300181734,0.9904707026998183,562,0,0,17351.854286493974,17351.854286493974,5783.951428831325,0.0,0.4229234141492439,0.2786937620336564,0.0013309881996744863,253.25,96.05673750331425,0.12281862387952587,1,36:wildfire:semiwild|55:funding_collapse|100:heatwave:alternative,0.01264504467220085,0.06731725241779969,0.05153246586303675,0.01744901855802018,0.0002129581119479178,0.0013055859102810347,0.00035615626151869423,193a5fcf292c121e,86
S6,rule,False,808602,0.875,0.875,7,7,818,818,1,0.3333333333333333,1.0,13.0,781.0736840725539,0.7817271710707087,5.336065109289196,0.0006810212852008046,0.9993189787147992,0,0,0,20730.368306024247,20730.368306024247,2961.4811865748925,1.5,0.8372222260454039,0.5402557577991381,0.00019271739867537694,0.0,0.0,0.04711442050852889,1,36:wildfire:semiwild|55:funding_collapse|100:heatwave:alternative,0.01600000000000001,0.03126541492840865,0.0,0.0,3.08347837880603e-05,0.0009765792170949464,0.0,193a5fcf292c121e,86
S7,forward_rollout_proxy,False,808602,0.625,0.625,5,5,1130,1130,1,0.3333333333333333,1.0,32.0,359.56246822047876,0.5188790896614425,4.661617426614426,0.0008100096420864992,0.9991899903579134,35,0,0,18893.477829275922,18893.477829275922,3778.695565855184,0.6359450572416092,0.5832759135289898,0.4200558883361151,0.00033831739827142016,63.5,24.085302394710553,0.1693106135853591,2,36:wildfire:semiwild|55:funding_collapse|100:heatwave:alternative,0.013734625337204955,0.038808953015637825,0.2531157372682465,0.016974050996056055,5.413078372342723e-05,0.0009306286279988095,5.2365594727409184e-05,193a5fcf292c121e,86
S4,state_dependent_rule,False,808603,0.125,0.125,1,1,314,198,2,0.6666666666666666,1.0,35.5,174.3253868574169,0.6490900611208619,7.233749082905356,0.0,1.0,291,0,0,17009.483929841947,17009.483929841947,17009.483929841947,0.0,0.36000000000000004,0.17432426098336976,0.0016762613223039716,206.0,78.13499674504527,0.04868385077158105,1,15:flood:reserve|23:funding_collapse|34:flood:origin|52:funding_collapse|62:heatwave:semiwild|68:flood:reserve,0.00809361070506235,0.06534772387375325,0.03598774184430105,0.009458250942426562,0.00026820181156863546,0.0007966585937297039,0.0003818275494384187,193a5fcf292c121e,86
S6,rule,False,808603,1.0,0.75,8,6,440,440,0,0.0,0.0,,591.192162658311,0.7654770367550253,4.368018779735475,0.0,1.0,0,0,0,20560.939637352338,20560.939637352338,3426.823272892056,1.5,0.8732048554090944,0.47808308451231146,0.0002796742092578237,0.0,0.0,0.047912055870236496,3,15:flood:reserve|23:funding_collapse|34:flood:origin|52:funding_collapse|62:heatwave:semiwild|68:flood:reserve,0.01600000000000001,0.04751560315882379,0.0,0.0,4.474787348125178e-05,0.0009626122126701857,0.0,193a5fcf292c121e,86
S7,forward_rollout_proxy,False,808603,0.5,0.375,4,3,534,534,2,0.6666666666666666,1.0,41.0,304.580142316573,0.7449662916595129,4.560265633726323,0.002552150880813686,0.9974478491191863,60,0,0,19536.457335722862,19536.457335722862,6512.152445240954,1.1379834934639372,0.5282379290887266,0.2894382463956051,0.0005728744597226168,50.25,19.05962906038119,0.11130898574734611,1,15:flood:reserve|23:funding_collapse|34:flood:origin|52:funding_collapse|62:heatwave:semiwild|68:flood:reserve,0.01686654379987375,0.047079629499296075,0.00020215529723168263,0.00021791817868510534,9.165991355561868e-05,0.001058423727435289,9.418065429473427e-05,193a5fcf292c121e,86
S4,state_dependent_rule,False,808700,0.0,0.0,0,0,0,0,2,0.6666666666666666,1.0,20.5,41.92876761465478,0.29411011351253785,0.0,,,6,0,0,2978.491020764755,2978.491020764755,2978.491020764755,0.0,0.05000000000000001,0.010716968682378425,0.0010651148287472655,11.75,21.24055417701943,0.028584843411892116,1,11:flood:reserve|72:funding_collapse|95:funding_collapse,0.005126643979830179,0.0418507050475952,0.00025655426567513606,0.0024056647660263444,0.00017041837259956248,0.0006417586097344715,0.001742807526430309,3135b61f421d4b48,87
S6,rule,False,808700,1.0,1.0,8,8,1200,1200,0,0.0,0.0,,840.1626071767553,0.7844595594150267,5.429971094135894,3.471587754341463e-05,0.9999652841224566,0,0,0,3649.3659352395375,3649.365935239538,456.1707419049422,1.5,0.98,0.6104633514879215,7.660781146233134e-05,0.0,0.0,0.04081820273281309,1,11:flood:reserve|72:funding_collapse|95:funding_collapse,0.01600000000000001,0.028568424840801233,0.0,0.0,1.2257249833973015e-05,0.0009597584943384922,0.0,3135b61f421d4b48,87
S7,forward_rollout_proxy,False,808700,0.375,0.0,3,0,0,0,3,1.0,1.0,36.333333333333336,77.08399712116464,0.44570505372672575,0.0,,,10,0,0,3289.0758889675976,3289.075888967598,3289.0758889675976,0.5527447575326979,0.09346987379922318,0.01979875530443337,0.00010547733970005582,8.25,14.913580592375352,0.05225883962255526,0,11:flood:reserve|72:funding_collapse|95:funding_collapse,0.009574827714754349,0.060526369850240666,3.548269747266535e-05,0.0005925246708707054,1.6876374352008935e-05,0.0006648086169173896,0.0006291668620609241,3135b61f421d4b48,87
S4,state_dependent_rule,False,808701,0.0,0.0,0,0,0,0,3,1.0,1.0,22.333333333333332,36.994307242174976,0.24264775255079138,0.0,,,9,0,0,3254.2404395218205,3254.2404395218205,3254.2404395218205,0.48509645533299184,0.05000000000000001,0.009617293778215614,0.0037153691010059966,12.25,22.144407546254307,0.023086468891078064,0,5:heatwave:semiwild|59:funding_collapse|72:flood:alternative,0.00528094985780521,0.03605822068230501,6.0970058644246185e-05,0.0002585645498407833,0.0005944590561609595,0.0002817938355700303,0.0004855469103213368,3135b61f421d4b48,87
S6,rule,False,808701,0.75,0.75,6,6,1045,1045,2,0.6666666666666666,1.0,31.0,754.4863930765506,0.7866716957498698,5.9976596683431715,0.0,1.0,0,0,0,3669.2804084323293,3669.28040843233,611.5467347387215,1.5,0.98,0.5039760845530035,0.0002410578037785733,0.0,0.0,0.042497439347858705,1,5:heatwave:semiwild|59:funding_collapse|72:flood:alternative,0.01600000000000001,0.02633243922041647,0.0,0.0,3.8569248604571726e-05,0.0009572957811092099,0.0,3135b61f421d4b48,87
S7,forward_rollout_proxy,False,808701,0.25,0.125,2,1,91,0,3,1.0,1.0,30.0,90.20694053466492,0.5967834340634623,2.774204355108878,0.0,1.0,7,0,0,3168.686546484046,3168.686546484046,3168.686546484046,0.0,0.16623607010795483,0.11282270416050968,0.0042500876694374565,14.25,25.759821023193755,0.06103526799312711,0,5:heatwave:semiwild|59:funding_collapse|72:flood:alternative,0.009139466283973762,0.08228263229365224,0.02600206468695943,0.007833125769496165,0.0006800140271099931,0.0007431002605101193,0.000570623784888034,3135b61f421d4b48,87
S4,state_dependent_rule,False,808702,0.0,0.0,0,0,0,0,3,1.0,1.0,26.333333333333332,41.04177915634786,0.27251854643374546,0.0,,,11,0,0,3072.447713498304,3072.447713498304,3072.447713498304,0.1376731015531874,0.05000000000000001,0.010363996039242502,0.003159174813038039,15.25,27.567527761663516,0.026819980196212498,0,27:funding_collapse|42:funding_collapse|43:heatwave:semiwild|91:heatwave:origin|96:wildfire:semiwild,0.005102898500571825,0.04160581495914963,0.0003208112961585679,0.0006738924981123468,0.0005054679700860863,0.0003366768579696416,0.0005985630438202827,3135b61f421d4b48,87
S6,rule,False,808702,0.875,0.75,7,6,835,835,2,0.6666666666666666,1.0,58.5,733.1362368136976,0.7834108006568485,5.603454143612152,0.0,1.0,0,0,0,3661.2371028545463,3661.237102854547,610.206183809091,1.5,0.9401070669012302,0.49546984386032916,0.0001851167979933145,0.0,0.0,0.03962297867042315,0,27:funding_collapse|42:funding_collapse|43:heatwave:semiwild|91:heatwave:origin|96:wildfire:semiwild,0.01600000000000001,0.02954626558744695,0.0,0.0,2.9618687678930317e-05,0.0010133150680257318,0.0,3135b61f421d4b48,87
S7,forward_rollout_proxy,False,808702,0.125,0.0,1,0,0,0,3,1.0,1.0,32.666666666666664,70.36273616671409,0.43671732038389854,0.0,,,12,0,0,3362.1146403532784,3362.1146403532784,3362.1146403532784,0.7757278031480792,0.20742204735739486,0.029813692640269993,0.003470189701897019,9.75,17.625140700079957,0.045357439522652525,0,27:funding_collapse|42:funding_collapse|43:heatwave:semiwild|91:heatwave:origin|96:wildfire:semiwild,0.009439816831753503,0.05900764735250214,4.946968645741499e-05,0.0009696225299255798,0.000555230352303523,0.0005391737664071339,0.0017262742534899336,3135b61f421d4b48,87
S4,state_dependent_rule,False,808703,0.0,0.0,0,0,0,0,3,1.0,1.0,25.0,39.162363089790084,0.2492948853953477,0.0,,,6,0,0,3254.2044761735497,3254.2044761735497,3254.2044761735497,0.49017125015747687,0.05000000000000001,0.010265902732669911,0.00017110785083080283,11.0,19.88477412316713,0.026329513663349555,0,3:funding_collapse|40:flood:reserve|50:heatwave:alternative|59:funding_collapse|59:flood:semiwild|74:wildfire:semiwild|82:heatwave:semiwild|83:heatwave:alternative|99:flood:alternative,0.005483811689291061,0.038073034997232844,2.3112150556099277e-05,0.00019987041393078317,2.737725613292845e-05,0.00028484304594725496,0.0003764787266634723,3135b61f421d4b48,87
S6,rule,False,808703,0.875,0.875,7,7,1200,1200,1,0.3333333333333333,1.0,24.0,825.023684638308,0.7852349130919287,5.853644341901132,0.0,1.0,0,0,0,3647.9817667580114,3647.9817667580123,521.1402523940017,1.5,0.8711885141715632,0.5473298905702523,9.876543209876543e-05,0.0,0.0,0.03962297867042315,0,3:funding_collapse|40:flood:reserve|50:heatwave:alternative|59:funding_collapse|59:flood:semiwild|74:wildfire:semiwild|82:heatwave:semiwild|83:heatwave:alternative|99:flood:alternative,0.01600000000000001,0.027803295616951797,0.0,0.0,1.580246913580247e-05,0.0009459888219841263,0.0,3135b61f421d4b48,87
S7,forward_rollout_proxy,False,808703,0.25,0.0,2,0,0,0,3,1.0,1.0,30.666666666666668,55.720289784117895,0.4010386806009488,0.0,,,8,0,0,3251.7288964976105,3251.72889649761,3251.7288964976105,0.42128295771209345,0.06739869679118435,0.015545923233803698,0.00020791895585013396,6.5,11.750093800053307,0.044030267773426314,0,3:funding_collapse|40:flood:reserve|50:heatwave:alternative|59:funding_collapse|59:flood:semiwild|74:wildfire:semiwild|82:heatwave:semiwild|83:heatwave:alternative|99:flood:alternative,0.008426542324150967,0.052622808915647044,4.954600381833465e-05,0.0010113236530203064,3.3267032936021435e-05,0.0005378960524272647,0.0004896569341460547,3135b61f421d4b48,87
S4,state_dependent_rule,False,808800,0.625,0.375,5,3,529,525,3,1.0,1.0,33.0,282.54999410287536,0.744477780628457,3.5104989345095046,0.001743861950817496,0.9982561380491825,55,0,0,6701.471472304283,6701.471472304283,2233.823824101428,1.3376231763336115,0.4598114715698218,0.2694551896321944,0.00035859525544328796,50.0,58.44367178008523,0.09809526565058561,0,8:heatwave:reserve|17:flood:semiwild|25:funding_collapse|37:flood:reserve|61:funding_collapse|76:funding_collapse|85:flood:reserve|93:heatwave:semiwild,0.016753767961079972,0.048705242026918484,0.00014366085923408936,0.0002464477844795946,5.737524087092608e-05,0.0012960989503045237,0.00031571182593785813,abacecec29858ab6,88
S6,rule,False,808800,0.875,0.875,7,7,1085,1085,1,0.3333333333333333,1.0,18.0,843.9871826239922,0.7858586206531448,6.168675531363947,0.0,1.0,0,0,0,7008.8697414608305,7008.8697414608305,1001.2671059229758,1.5,0.9566030623811983,0.559021657285844,5.0648817766835924e-05,0.0,0.0,0.03962297867042315,0,8:heatwave:reserve|17:flood:semiwild|25:funding_collapse|37:flood:reserve|61:funding_collapse|76:funding_collapse|85:flood:reserve|93:heatwave:semiwild,0.01600000000000001,0.027159150486335916,0.0,0.0,8.103810842693747e-06,0.0009741250496762564,0.0,abacecec29858ab6,88
S7,forward_rollout_proxy,False,808800,0.625,0.5,5,4,988,988,3,1.0,1.0,44.0,402.4728235978125,0.711895347929713,3.7835125509312393,0.00672413547485127,0.9932758645251487,46,0,0,6901.397592154825,6901.397592154824,1725.3493980387063,1.5,0.6075865784325835,0.35116253410828413,0.000566304570984976,40.0,46.754937424068146,0.13784375377856684,0,8:heatwave:reserve|17:flood:semiwild|25:funding_collapse|37:flood:reserve|61:funding_collapse|76:funding_collapse|85:flood:reserve|93:heatwave:semiwild,0.0156991559022809,0.05205997210409971,0.038618188301718516,0.006713342110238455,9.060873135759616e-05,0.0009073664256847932,0.00011354119892237433,abacecec29858ab6,88
S4,state_dependent_rule,False,808801,0.625,0.5,5,4,721,721,3,1.0,1.0,36.333333333333336,278.0729973989997,0.5369173769418544,4.088897714443005,0.0,1.0,30,0,0,6459.530526412182,6459.530526412182,1614.8826316030454,0.8663531451336076,0.6699999999999999,0.3558703975064855,0.0007187238263333416,47.5,55.52148819108098,0.11490710181027734,0,10:heatwave:alternative|44:wildfire:origin|88:funding_collapse,0.013347007354085944,0.0434914813118487,0.22295312167048378,0.020893355695243677,0.00011499581221333465,0.0010509578919705256,0.00015684537279467688,abacecec29858ab6,88
S6,rule,False,808801,1.0,1.0,8,8,1024,1024,0,0.0,0.0,,786.0108589184819,0.7819799940220967,5.333546289741056,0.008486774284979355,0.9915132257150207,0,0,0,7023.153561379901,7023.1535613799015,877.8941951724876,1.5,0.955180651738189,0.6068766337803141,0.00044515105733549716,0.0,0.0,0.04011552854542315,1,10:heatwave:alternative|44:wildfire:origin|88:funding_collapse,0.01600000000000001,0.031008742554769375,0.0,0.0,7.122416917367954e-05,0.0009400392539599672,0.0,abacecec29858ab6,88
S7,forward_rollout_proxy,False,808801,0.625,0.5,5,4,920,920,3,1.0,1.0,48.666666666666664,358.2981236730935,0.6412667204123527,3.5656564409436537,0.034271775515987715,0.9657282244840123,16,0,0,6751.94740707359,6751.94740707359,1687.9868517683974,1.2451060588569312,0.6699999999999999,0.35455835257227813,0.0007267811985611613,29.75,34.77398470915065,0.13450894081420794,0,10:heatwave:alternative|44:wildfire:origin|88:funding_collapse,0.014254178443786052,0.04386140311597383,0.12441057918515037,0.0099057630595192,0.00011628499176978582,0.0008601260317846405,9.371876822477257e-05,abacecec29858ab6,88
S4,state_dependent_rule,False,808802,0.75,0.75,6,6,470,470,2,0.6666666666666666,1.0,25.0,255.4313952473814,0.5254094978456546,2.8283576564959136,0.05066487838513387,0.9493351216148661,89,0,0,6613.611554112645,6613.611554112645,1102.2685923521074,1.0114935612502232,0.5797054998640494,0.45535538290836647,0.0011447527480709855,59.5,69.5479694183014,0.15800628178501205,1,77:funding_collapse|83:wildfire:reserve,0.013465895316476701,0.052731375558018316,0.22784875738475754,0.0175914037637279,0.00018316043969135765,0.0010299855893086366,0.0002042486235564233,abacecec29858ab6,88
S6,rule,False,808802,0.875,0.875,7,7,1047,1047,0,0.0,0.0,,833.7807681476626,0.786046609166133,5.143310106640155,0.0,1.0,0,0,0,7054.303874562688,7054.303874562689,1007.7576963660983,1.5,0.9561003229413575,0.5497663100927557,0.00014230125333695306,0.0,0.0,0.044865883661091996,2,77:funding_collapse|83:wildfire:reserve,0.01600000000000001,0.026963841278345363,0.0,0.0,2.2768200533912493e-05,0.0009667813549882502,0.0,abacecec29858ab6,88
S7,forward_rollout_proxy,False,808802,0.75,0.5,6,4,806,806,2,0.6666666666666666,1.0,58.5,424.3908545758088,0.7120779136310682,3.659580808381708,0.002005247364725339,0.9979947526352747,38,0,0,6954.067296915402,6954.067296915402,1738.5168242288505,1.5,0.6319845477168088,0.355417015899964,0.0005771448093326738,35.25,41.20278860496007,0.1531137652223299,1,77:funding_collapse|83:wildfire:reserve,0.015255767393904971,0.050283605727089176,0.047517113095025376,0.0028031321090262206,9.234316949322778e-05,0.0007342779387296138,8.912986151002697e-05,abacecec29858ab6,88
S4,state_dependent_rule,False,808803,0.75,0.625,6,5,342,342,3,1.0,1.0,33.0,286.5618486494335,0.5599157392799566,3.7023285226103013,0.004340485155970706,0.9956595148440293,111,0,0,6565.234307870628,6565.234307870628,1313.0468615741256,0.9557369457619086,0.580258561926835,0.4040352264880827,0.0010067371289738374,65.75,76.85342839081203,0.1386804253464811,0,42:flood:origin|50:wildfire:origin|54:funding_collapse|70:flood:reserve|87:flood:reserve|95:flood:semiwild,0.013422990178397159,0.054748992224554295,0.18778053152894564,0.02124696330821273,0.00016107794063581398,0.0011149862213680067,0.00019349632106034113,abacecec29858ab6,88
S6,rule,False,808803,0.875,0.5,7,4,351,351,1,0.3333333333333333,1.0,43.0,505.7416280225131,0.7615292993885536,4.9694522945401545,0.0,1.0,0,0,0,7046.45502413872,7046.4550241387215,1761.61375603468,1.5,0.8780455085774673,0.3694661986318914,0.0002140785204412719,0.0,0.0,0.03483562414371562,1,42:flood:origin|50:wildfire:origin|54:funding_collapse|70:flood:reserve|87:flood:reserve|95:flood:semiwild,0.01600000000000001,0.05147243749189668,0.0,0.0,3.42525632706035e-05,0.000964010556278988,0.0,abacecec29858ab6,88
S7,forward_rollout_proxy,False,808803,0.75,0.25,6,2,585,585,3,1.0,1.0,31.666666666666668,352.6386972576613,0.7049939968774259,4.2697809421351565,0.00575622285138826,0.9942437771486118,27,0,0,6846.754964465078,6846.754964465078,3423.377482232539,1.349091371940668,0.6576831208217783,0.24221684102068441,0.0007236348462578162,23.25,27.17630737773961,0.10625359758577509,0,42:flood:origin|50:wildfire:origin|54:funding_collapse|70:flood:reserve|87:flood:reserve|95:flood:semiwild,0.014802062315341693,0.04975474843018671,0.05715166570213673,0.0034011145792870513,0.00011578157540125063,0.000611108760344519,7.75225719661e-05,abacecec29858ab6,88
S4,state_dependent_rule,False,808900,0.75,0.75,6,6,1200,1200,2,0.6666666666666666,1.0,21.0,313.1203354475198,0.4013599861253267,5.079775765490108,0.000435695032174123,0.9995643049678259,76,0,0,21334.902448121222,21334.902448121222,3555.8170746868705,1.5,0.6699999999999999,0.48699622210327814,0.000541609241523245,158.25,188.16532150801993,0.15849232224188528,1,7:flood:alternative|46:funding_collapse|54:funding_collapse|69:flood:semiwild|70:wildfire:origin|74:flood:origin,0.01335557153875714,0.03785520146000545,0.298638817404086,0.021306255941731148,8.665747864371923e-05,0.001141262425278347,0.0003326420997701108,74c3115a79081594,89
S6,rule,False,808900,0.875,0.5,7,4,223,223,1,0.3333333333333333,1.0,25.0,637.8705017390498,0.7708208105196637,3.6318833033730114,0.007461586485714285,0.9925384135142857,0,0,0,21278.678245573643,21278.678245573643,5319.669561393411,1.5,0.8976046812518019,0.36102197482184234,0.00043549089779569545,0.0,0.0,0.049713368314660146,2,7:flood:alternative|46:funding_collapse|54:funding_collapse|69:flood:semiwild|70:wildfire:origin|74:flood:origin,0.01600000000000001,0.04213538951106791,0.0,0.0,6.967854364731128e-05,0.0009741214256211457,0.0,74c3115a79081594,89
S7,forward_rollout_proxy,False,808900,0.875,0.875,7,7,1200,1200,1,0.3333333333333333,1.0,29.0,557.4164794647925,0.5895029287993723,3.9007299139886706,0.02200793971267692,0.9779920602873231,9,0,0,21304.40172708761,21304.40172708761,3043.485961012516,1.5,0.7492571005931801,0.5491796166100482,0.00044830373106246094,76.25,90.66417545015183,0.2074830370542173,2,7:flood:alternative|46:funding_collapse|54:funding_collapse|69:flood:semiwild|70:wildfire:origin|74:flood:origin,0.014346183339897867,0.03627188114652692,0.1409777264885685,0.008361892831179541,7.172859696999374e-05,0.0010346724829324446,0.0001520940993652541,74c3115a79081594,89
S4,state_dependent_rule,False,808901,0.625,0.625,5,5,971,971,2,0.6666666666666666,1.0,21.5,303.39839938305647,0.49729112466113284,5.454463898941986,0.000561497940582468,0.9994385020594175,70,0,0,21319.71001028524,21319.71001028524,4263.942002057048,1.5,0.6761119772466296,0.43028427970533645,0.0003534429194347514,100.25,119.2010962475766,0.13439221495626807,1,13:funding_collapse|27:wildfire:alternative|63:flood:origin,0.013889357568125878,0.04210118882394083,0.21424729804221154,0.017212274867817144,5.655086710956023e-05,0.0010892733837270447,0.00021884622398377928,74c3115a79081594,89
S6,rule,False,808901,0.75,0.75,6,6,1068,1068,0,0.0,0.0,,702.7035915481806,0.7831014772121471,5.577114388389937,0.001569193552994029,0.998430806447006,0,0,0,21375.28675823333,21375.28675823333,3562.5477930388884,1.5,0.98,0.499412265621907,7.566976380473868e-05,0.0,0.0,0.04070560869003814,2,13:funding_collapse|27:wildfire:alternative|63:flood:origin,0.01600000000000001,0.029928384571395926,0.0,0.0,1.2107162208758191e-05,0.000958031054248291,0.0,74c3115a79081594,89
S7,forward_rollout_proxy,False,808901,0.625,0.625,5,5,1200,1200,0,0.0,0.0,,572.6174911687801,0.7067974318118513,4.614069075794282,0.0009539253843060043,0.999046074615694,42,0,0,21322.532055310694,21322.532055310694,4264.506411062139,1.5,0.8266650992270681,0.43873002474392153,0.0003214101157547822,97.25,115.63398114789852,0.1433641203163596,2,13:funding_collapse|27:wildfire:alternative|63:flood:origin,0.015118173300388305,0.043795446224179635,0.037939187379591684,0.004110378032176957,5.142561852076515e-05,0.000963895172878844,0.0001676611130479957,74c3115a79081594,89
S4,state_dependent_rule,False,808902,0.75,0.75,6,6,1092,1092,1,0.3333333333333333,1.0,42.0,302.68873435751914,0.42453988436737705,4.488265975771116,0.00028120117827148597,0.9997187988217285,80,0,0,21425.05298702941,21425.052987029412,3570.8421645049016,1.5,0.6563609667452602,0.48037983246516475,0.0004394732262571526,118.0,140.30652725400532,0.1618053801646377,2,40:wildfire:alternative|50:heatwave:semiwild|51:flood:alternative|61:flood:origin,0.013504491639806096,0.04024202312972695,0.2807305805297668,0.01826659406104247,7.031571620114442e-05,0.000982933938453953,0.00021334362611244732,74c3115a79081594,89
S6,rule,False,808902,1.0,0.875,8,7,944,944,0,0.0,0.0,,682.4162775675973,0.7743337512383409,4.10114463007701,0.0016673349798526672,0.9983326650201473,0,0,0,21434.351610851143,21434.351610851143,3062.050230121592,1.5,0.9635675585069023,0.5414777285189791,0.0002750485291921756,0.0,0.0,0.05179763183759393,3,40:wildfire:alternative|50:heatwave:semiwild|51:flood:alternative|61:flood:origin,0.01600000000000001,0.03865953176750056,0.0,0.0,4.4007764670748095e-05,0.0009627092294878357,0.0,74c3115a79081594,89
S7,forward_rollout_proxy,False,808902,0.75,0.625,6,5,1161,1161,0,0.0,0.0,,507.4677052851368,0.6323879504063895,5.3483512610440975,0.00013001570396290293,0.9998699842960371,36,0,0,21407.35811350586,21407.35811350586,4281.471622701172,1.5,0.7871958330103365,0.4470838386025492,0.0005458618760376762,84.25,100.17648238262677,0.16815371345537292,3,40:wildfire:alternative|50:heatwave:semiwild|51:flood:alternative|61:flood:origin,0.014641292097320822,0.041113600690029915,0.10291371266953796,0.00798204340938974,8.733790016602819e-05,0.0009494402975693463,0.00018746554771580397,74c3115a79081594,89
S4,state_dependent_rule,False,808903,0.5,0.5,4,4,758,758,3,1.0,1.0,21.0,201.49420044098537,0.37269136167283134,4.68095108029019,0.0012454056965099036,0.9987545943034901,122,0,0,21454.12910032701,21454.12910032701,5363.532275081752,1.5,0.6699999999999999,0.3622579711518818,0.0005815734883864699,74.0,87.98883912539326,0.11724230174489958,0,6:heatwave:origin|16:wildfire:origin|46:wildfire:origin|91:funding_collapse,0.012284300162446058,0.03543570364152345,0.3005528714155316,0.03118741312686284,9.305175814183519e-05,0.0012224339984486835,0.00032459134542273707,74c3115a79081594,89
S6,rule,False,808903,0.5,0.375,4,3,649,649,2,0.6666666666666666,1.0,21.5,250.55235808301856,0.7554650602528864,3.9865499206677337,0.0014068902816920335,0.998593109718308,0,0,0,21321.41990823334,21321.41990823334,7107.139969411113,1.5,0.98,0.31210462189752775,0.00013327693655971565,0.0,0.0,0.02744561345425202,1,6:heatwave:origin|16:wildfire:origin|46:wildfire:origin|91:funding_collapse,0.01600000000000001,0.05788133574390849,0.0,0.0,2.1324309849554506e-05,0.0006322796933556661,0.0,74c3115a79081594,89
S7,forward_rollout_proxy,False,808903,0.5,0.5,4,4,781,781,3,1.0,1.0,25.666666666666668,204.06576679026327,0.37177384247326356,5.193718815357281,0.0008857308216388567,0.9991142691783611,16,0,0,21436.47062829789,21436.47062829789,5359.117657074473,1.5,0.6699999999999999,0.37006605090617306,0.0005687745379897293,31.75,37.75196813825993,0.13064431376300123,0,6:heatwave:origin|16:wildfire:origin|46:wildfire:origin|91:funding_collapse,0.012516657143599402,0.03216104572459226,0.3093983023129752,0.029012377885879556,9.10039260783567e-05,0.0011223880103382112,0.00015445818113388852,74c3115a79081594,89
S4,state_dependent_rule,False,809000,0.75,0.625,6,5,625,625,2,0.6666666666666666,1.0,43.5,343.02082523186095,0.6527395683375105,4.086727257429528,0.00103729496460424,0.9989627050353957,168,0,0,8844.49564515889,8844.49564515889,1768.8991290317779,1.5,0.5391148150458122,0.4010493807836595,0.0009299071215164368,123.5,66.70097804073735,0.12510313352391494,1,30:flood:alternative|89:funding_collapse|96:wildfire:origin,0.014468411335950919,0.061084480751843556,0.06666442559918229,0.013717745205962027,0.00014878513944262993,0.001002344056379152,0.00014800196872886712,3f0adacf31b82417,90
S6,rule,False,809000,0.625,0.625,5,5,418,418,2,0.6666666666666666,1.0,19.0,496.75486431283554,0.7639113899350605,4.878456717282644,0.0,1.0,0,0,0,8834.33026136597,8834.330261365973,1766.866052273194,1.5,0.7434852441377041,0.41149654688720866,0.00019082883623315567,0.0,0.0,0.0355672765030591,1,30:flood:alternative|89:funding_collapse|96:wildfire:origin,0.01600000000000001,0.04901996958715374,0.0,0.0,3.0532613797304905e-05,0.0010381078639884246,0.0,3f0adacf31b82417,90
S7,forward_rollout_proxy,False,809000,0.625,0.625,5,5,476,476,2,0.6666666666666666,1.0,25.5,428.09844580288154,0.7059727373488588,4.2931718762627185,0.0,1.0,70,0,0,8836.42326869544,8836.42326869544,1767.284653739088,1.5,0.612790378841649,0.41457404381307245,0.0007939466276058253,61.5,33.21546679761421,0.14556643583140175,1,30:flood:alternative|89:funding_collapse|96:wildfire:origin,0.015010229736905068,0.05867871257993422,0.03387950669497728,0.0022792961113609696,0.00012703146041693203,0.0007658492184677974,6.594134152995733e-05,3f0adacf31b82417,90
S4,state_dependent_rule,False,809001,0.625,0.625,5,5,671,666,2,0.6666666666666666,1.0,23.0,358.23906514117783,0.6755134598801997,4.383449633034759,0.009479056038979142,0.9905209439610209,158,0,0,8849.662500087243,8849.662500087243,1769.9325000174485,1.5,0.7532681323222713,0.4266269720011973,0.001125194443178336,99.25,53.60382243354806,0.13107831219311317,1,2:heatwave:semiwild|33:wildfire:semiwild|40:funding_collapse,0.014722961341583072,0.0617798066821397,0.052078091318375715,0.008146570202957847,0.00018003111090853378,0.0008047819743665174,0.00011929085344950794,3f0adacf31b82417,90
S6,rule,False,809001,0.5,0.5,4,4,774,774,2,0.6666666666666666,1.0,19.0,489.82794002260505,0.7689298201114996,6.844726465230687,0.0,1.0,0,0,0,8837.207690729616,8837.207690729618,2209.301922682404,1.5,0.9552044813447509,0.3954781141189404,0.00015795286285986545,0.0,0.0,0.03255200666079246,1,2:heatwave:semiwild|33:wildfire:semiwild|40:funding_collapse,0.01600000000000001,0.044075684130120946,0.0,0.0,2.527245805757847e-05,0.0009692233003222947,0.0,3f0adacf31b82417,90
S7,forward_rollout_proxy,False,809001,0.625,0.5,5,4,510,510,1,0.3333333333333333,1.0,32.0,349.89211312184307,0.7499263622520204,4.66605540098513,0.001412256644,0.998587743356,13,0,0,8826.35970489986,8826.35970489986,2206.589926224965,1.5,0.8266444254936367,0.38124006075671607,0.00019187934351227141,24.0,12.96213338443481,0.1345753209875057,2,2:heatwave:semiwild|33:wildfire:semiwild|40:funding_collapse,0.015872926410010337,0.059833418692838786,0.0015192461482159204,0.0002219318970634455,3.0700694961963425e-05,0.0009086225640172849,3.3239645650640514e-05,3f0adacf31b82417,90
S4,state_dependent_rule,False,809002,0.5,0.375,4,3,512,507,2,0.6666666666666666,1.0,19.5,233.1082799269385,0.5892906355100487,4.006312359936586,0.002894685493354119,0.9971053145066459,188,0,0,8842.520666320122,8842.520666320122,2947.506888773374,1.5,0.4947953795528531,0.2770572796412236,0.0011930749901833554,89.75,48.472977968875966,0.09382309043286224,1,24:heatwave:origin|46:flood:origin|53:funding_collapse|70:flood:alternative,0.012955959231561804,0.060253917637641215,0.11752506404602606,0.008636359983565427,0.00019089199842933693,0.0005829769957897238,0.0001730419007965347,3f0adacf31b82417,90
S6,rule,False,809002,0.25,0.0,2,0,0,0,2,0.6666666666666666,1.0,33.0,116.77152483681749,0.47543326745955466,0.0,,,0,0,0,8831.407823327501,8831.407823327503,8831.407823327501,1.5,0.6991145267897051,0.07280527931143663,0.00010153330756345832,0.0,0.0,0.014469133162330524,1,24:heatwave:origin|46:flood:origin|53:funding_collapse|70:flood:alternative,0.010560000000000007,0.06128175158623197,0.0,0.0,1.624532921015333e-05,0.0005087356250033708,0.0,3f0adacf31b82417,90
S7,forward_rollout_proxy,False,809002,0.5,0.375,4,3,537,537,2,0.6666666666666666,1.0,24.5,224.8685697083582,0.5852505751448414,3.7926754927924455,0.00022184603388927633,0.9997781539661107,36,0,0,8828.463071787644,8828.463071787644,2942.821023929215,1.5,0.5683198886960055,0.28497071758228254,0.0013639543282346863,40.5,21.873600086233733,0.10730986892378756,1,24:heatwave:origin|46:flood:origin|53:funding_collapse|70:flood:alternative,0.01347661986963594,0.05374468887634085,0.13625329663295477,0.007351632194902075,0.00021823269251754977,0.0006018005486181511,9.486328239229434e-05,3f0adacf31b82417,90
S4,state_dependent_rule,False,809003,0.625,0.5,5,4,265,243,2,0.6666666666666666,1.0,23.5,260.6290533645633,0.7362986182316733,2.9072777909936027,0.003307282619207731,0.9966927173807922,155,0,0,8842.028028506478,8842.028028506478,2210.5070071266196,1.5,0.37767428854324137,0.3118266416319979,0.0019155085038381598,104.25,56.30426688863862,0.09993217433868866,0,4:funding_collapse|36:heatwave:reserve|43:heatwave:alternative|56:flood:alternative|70:flood:alternative|94:wildfire:reserve,0.01539723512085604,0.06664874670544225,0.0017925219603404218,0.0005472677261263017,0.0003064813606141055,0.0009627916023983488,0.0001915946744135601,3f0adacf31b82417,90
S6,rule,False,809003,0.75,0.625,6,5,876,876,2,0.6666666666666666,1.0,25.5,522.4153411699957,0.7674491304563551,4.750724331194283,0.0,1.0,0,0,0,8840.76024524063,8840.76024524063,1768.152049048126,1.5,0.6388863303107473,0.39970962012853756,0.00018638297872340426,0.0,0.0,0.03531871892759994,0,4:funding_collapse|36:heatwave:reserve|43:heatwave:alternative|56:flood:alternative|70:flood:alternative|94:wildfire:reserve,0.01600000000000001,0.04556897042859943,0.0,0.0,2.9821276595744682e-05,0.0009520778384496867,0.0,3f0adacf31b82417,90
S7,forward_rollout_proxy,False,809003,0.5,0.5,4,4,335,335,2,0.6666666666666666,1.0,26.0,316.65328615957407,0.7524718932145076,4.3125162300733315,0.0,1.0,15,0,0,8829.255434819903,8829.255434819903,2207.3138587049757,1.5,0.451223573817164,0.3350490005069316,0.0003592372247728051,16.75,9.046488924553465,0.10900740412240957,0,4:funding_collapse|36:heatwave:reserve|43:heatwave:alternative|56:flood:alternative|70:flood:alternative|94:wildfire:reserve,0.015986433049232647,0.060424887051958136,1.4069993914418147e-05,3.469518139681173e-05,5.747795596364882e-05,0.0007746363267254838,2.763877304163607e-05,3f0adacf31b82417,90
S4,state_dependent_rule,False,809100,0.0,0.0,0,0,0,0,2,0.6666666666666666,1.0,18.0,23.8488775398864,0.2200093893583944,0.0,,,21,0,0,22460.183894307473,22460.183894307473,22460.183894307473,1.5,0.05000000000000001,0.010394159135619072,0.0005380200860832137,36.0,58.880452929482274,0.02697079567809535,1,7:wildfire:origin|17:wildfire:semiwild|27:flood:reserve|86:funding_collapse|100:heatwave:alternative,0.002301705428747869,0.033606216194288406,0.0015283641600803346,0.0037363634192298083,8.608321377331422e-05,0.0005849497808737191,0.002356977081399188,62ceab4e9314c199,91
S6,rule,False,809100,0.0,0.0,0,0,0,0,1,0.3333333333333333,1.0,16.0,23.385561500724833,0.17851109978494117,0.0,,,0,0,0,21379.801013207216,21379.80101320722,21379.801013207216,1.3715252089659171,0.05000000000000001,0.00600334038894189,0.0,0.0,0.0,0.005016701944709446,2,7:wildfire:origin|17:wildfire:semiwild|27:flood:reserve|86:funding_collapse|100:heatwave:alternative,0.004160000000000002,0.03282714236300558,0.0,0.0,0.0,0.00030175785205328957,0.0,62ceab4e9314c199,91
S7,forward_rollout_proxy,False,809100,0.0,0.0,0,0,0,0,1,0.3333333333333333,1.0,13.0,23.904498636400877,0.2189224841438929,0.0,,,14,0,0,22275.052068101628,22275.052068101628,22275.052068101628,1.5,0.05000000000000001,0.010676837117714846,0.0,27.25,44.56923173134422,0.02838418558857423,2,7:wildfire:origin|17:wildfire:semiwild|27:flood:reserve|86:funding_collapse|100:heatwave:alternative,0.003034712487222469,0.03428773223421488,0.000773312355328912,0.00875412925196081,0.0,0.0008235045369758642,0.002132983222145706,62ceab4e9314c199,91
S4,state_dependent_rule,False,809101,0.375,0.25,3,2,227,0,1,0.3333333333333333,1.0,13.0,116.08747256431538,0.5211826345407949,3.059019553999474,0.006273664482069492,0.9937263355179305,28,0,0,22356.466880794276,22356.466880794276,11178.233440397138,1.5,0.05000000000000001,0.16432152584881496,0.001439420186141583,243.25,397.8519493082376,0.08115665154410108,2,2:heatwave:reserve|19:wildfire:reserve|38:wildfire:reserve|51:flood:alternative|53:heatwave:origin|99:wildfire:alternative,0.002993657135935657,0.0766750047013956,0.07546273165022283,0.013170335990234632,0.0002303072297826532,0.0009039885727488334,0.0021721069427008475,62ceab4e9314c199,91
S6,rule,False,809101,0.125,0.0,1,0,0,0,0,0.0,0.0,,59.42339026089361,0.3947756905098075,0.0,,,0,0,0,21656.460112674395,21656.460112674406,21656.460112674395,1.4306710787801404,0.05000000000000001,0.007408853298716165,0.00036107051516258675,0.0,0.0,0.012044266493580818,3,2:heatwave:reserve|19:wildfire:reserve|38:wildfire:reserve|51:flood:alternative|53:heatwave:origin|99:wildfire:alternative,0.008960000000000006,0.06044933493041399,0.0,0.0,5.7771282426013884e-05,0.0005572032773523611,0.0,62ceab4e9314c199,91
S7,forward_rollout_proxy,False,809101,0.25,0.25,2,2,233,0,1,0.3333333333333333,1.0,13.0,99.12551367223834,0.5509378502746004,3.1939098968537367,0.0010107948242173875,0.9989892051757826,26,0,0,22285.11359962544,22285.11359962544,11142.55679981272,1.5,0.05000000000000001,0.16596992547485628,0.0035381053457589377,139.25,227.75286306751156,0.08265413253159457,2,2:heatwave:reserve|19:wildfire:reserve|38:wildfire:reserve|51:flood:alternative|53:heatwave:origin|99:wildfire:alternative,0.004282364061454621,0.07819713592658606,0.05933063409365092,0.012343319265311115,0.0005660968553214302,0.000849060446374771,0.0017855919921570735,62ceab4e9314c199,91
S4,state_dependent_rule,False,809102,0.125,0.125,1,1,201,0,2,0.6666666666666666,1.0,18.5,101.75816157619676,0.5411748610453047,2.709112854556427,0.004056287762056604,0.9959437122379434,38,0,0,22249.448190381638,22249.448190381638,22249.448190381638,1.5,0.05000000000000001,0.09915418401294167,0.001670907759055984,252.75,413.38984660907323,0.05406527733688694,1,28:funding_collapse|54:funding_collapse|70:wildfire:semiwild|74:heatwave:alternative|79:funding_collapse|80:heatwave:reserve,0.003065344709010518,0.07489370326584234,0.05566873631292304,0.014613441796437794,0.0002673452414489574,0.0009214569739474965,0.0027479260775375375,62ceab4e9314c199,91
S6,rule,False,809102,0.25,0.0,2,0,0,0,1,0.3333333333333333,1.0,16.0,55.1817069846241,0.4341305176150689,0.0,,,0,0,0,21948.86142841769,21948.86142841769,21948.86142841769,1.5,0.05000000000000001,0.007924059333390132,0.00011129272631123504,0.0,0.0,0.014620296666950654,2,28:funding_collapse|54:funding_collapse|70:wildfire:semiwild|74:heatwave:alternative|79:funding_collapse|80:heatwave:reserve,0.009920000000000007,0.0699808811968667,0.0,0.0,1.7806836209797605e-05,0.0005507943518547693,0.0,62ceab4e9314c199,91
S7,forward_rollout_proxy,False,809102,0.125,0.125,1,1,181,0,1,0.3333333333333333,1.0,15.0,93.04990896644657,0.5631475587116294,3.3337742953088427,0.0015542696594630018,0.998445730340537,45,0,0,22141.226383289963,22141.226383289963,22141.226383289963,1.5,0.05000000000000001,0.10694496291743175,0.0018303959978185672,188.75,308.71348584554994,0.06178609982171658,2,28:funding_collapse|54:funding_collapse|70:wildfire:semiwild|74:heatwave:alternative|79:funding_collapse|80:heatwave:reserve,0.0039514017233214585,0.07638278356694497,0.04225438554140861,0.013580349082945536,0.00029286335965097077,0.000861709664833904,0.002522196686223893,62ceab4e9314c199,91
S4,state_dependent_rule,False,809103,0.25,0.25,2,2,237,0,2,0.6666666666666666,1.0,16.5,116.22604658123238,0.5143503511543702,4.520843634625528,0.000930193939614314,0.9990698060603856,54,0,0,22457.560449658136,22457.560449658136,11228.780224829068,1.5,0.05000000000000001,0.1782015848279718,0.0023340367457128914,281.75,460.821322580045,0.0774657424085825,1,4:funding_collapse|23:flood:reserve|56:flood:origin|68:heatwave:origin|74:heatwave:alternative|88:wildfire:origin,0.0028089876046464997,0.07513480339038024,0.08287968144738116,0.01418836144916889,0.0003734458793140625,0.000840577055546949,0.0025525866194028336,62ceab4e9314c199,91
S6,rule,False,809103,0.25,0.0,2,0,0,0,1,0.3333333333333333,1.0,20.0,53.95081122551209,0.3952194634796451,0.0,,,0,0,0,21971.656575980553,21971.656575980556,21971.656575980553,1.5,0.05000000000000001,0.007771561222762621,0.00043836317112369496,0.0,0.0,0.013857806113813095,2,4:funding_collapse|23:flood:reserve|56:flood:origin|68:heatwave:origin|74:heatwave:alternative|88:wildfire:origin,0.008960000000000006,0.06012460570961932,0.0,0.0,7.013810737979119e-05,0.00042579270335595055,0.0,62ceab4e9314c199,91
S7,forward_rollout_proxy,False,809103,0.125,0.125,1,1,185,0,1,0.3333333333333333,1.0,13.0,79.72824453235351,0.5606683069463857,3.808278624680093,0.00014538378378378377,0.9998546162162162,33,0,0,22309.939886903056,22309.939886903056,22309.939886903056,1.5,0.05000000000000001,0.11121449073776507,0.0018257667035089262,165.0,269.8687425934608,0.05940852245482068,2,4:funding_collapse|23:flood:reserve|56:flood:origin|68:heatwave:origin|74:heatwave:alternative|88:wildfire:origin,0.0036147442055112482,0.07531006499808726,0.04018151787167208,0.013959135807798527,0.0002921226725614282,0.0008565505148561051,0.0026719253280193616,62ceab4e9314c199,91
S4,state_dependent_rule,False,809200,0.5,0.25,4,2,575,489,2,0.6666666666666666,1.0,24.0,273.3338873265471,0.6678157045996937,4.444514510630205,0.0016113268925286826,0.9983886731074714,487,0,0,17713.08247626193,17713.08247626193,8856.541238130965,1.5,0.5835321120102966,0.23423282719473437,0.0013559509309557013,206.25,293.2936449638127,0.09467235443701333,1,27:flood:origin|31:heatwave:origin|42:wildfire:reserve,0.013110764098569854,0.060029634397187094,0.054747941335399376,0.009513098789057945,0.0002169521489529122,0.0007249820558344329,0.0009744836152510775,97fea05efaf20282,92
S6,rule,False,809200,0.5,0.0,4,0,0,0,2,0.6666666666666666,1.0,23.5,138.61921032444758,0.5364305511689816,0.0,,,0,0,0,17685.86204852852,17685.86204852852,17685.86204852852,1.5,0.7634548910320627,0.08008440116638268,0.00015738053994824458,0.0,0.0,0.018694560315882118,1,27:flood:origin|31:heatwave:origin|42:wildfire:reserve,0.011840000000000009,0.06529207567039068,0.0,0.0,2.518088639171913e-05,0.0006121922742361381,0.0,97fea05efaf20282,92
S7,forward_rollout_proxy,False,809200,0.75,0.75,6,6,1155,1155,1,0.3333333333333333,1.0,10.0,298.342306513247,0.5374788028936107,3.224855031482425,0.0008819689116807405,0.9991180310883193,134,0,0,17691.431038442803,17691.431038442806,2948.571839740467,1.5,0.6699999999999999,0.4731327501361184,0.0002264113101821675,70.0,99.54208556347596,0.18192099910647042,2,27:flood:origin|31:heatwave:origin|42:wildfire:reserve,0.01349541431159793,0.0500830863631493,0.20139835782767054,0.017950903569106537,3.62258096291468e-05,0.0009539998890963392,0.00029931871548850213,97fea05efaf20282,92
S4,state_dependent_rule,False,809201,0.625,0.625,5,5,678,641,1,0.3333333333333333,1.0,14.0,295.36676692827217,0.6053149259361229,2.8291906963045204,0.007380565629779122,0.9926194343702209,446,0,0,17701.636586267905,17701.636586267905,3540.327317253581,1.5,0.45262968811690846,0.383314862983795,0.0016345739752074125,165.75,235.70143831637318,0.14254993604529498,2,12:flood:origin|17:wildfire:origin|40:funding_collapse|64:heatwave:reserve|98:wildfire:alternative,0.013582689747228148,0.05846166965294405,0.12592198060592966,0.009334550161484908,0.00026153183603318605,0.0006470752962238508,0.0007602238137781208,97fea05efaf20282,92
S6,rule,False,809201,0.125,0.0,1,0,0,0,1,0.3333333333333333,1.0,18.0,59.81862873798186,0.3527894676499292,0.0,,,0,0,0,17591.919018353794,17591.919018353798,17591.919018353794,1.5,0.6655501503381592,0.06880810990235334,0.000387253824848316,0.0,0.0,0.011265474342687045,2,12:flood:origin|17:wildfire:origin|40:funding_collapse|64:heatwave:reserve|98:wildfire:alternative,0.008000000000000005,0.053670763185730476,0.0,0.0,6.196061197573056e-05,0.000477808552364764,0.0,97fea05efaf20282,92
S7,forward_rollout_proxy,False,809201,0.5,0.5,4,4,707,707,1,0.3333333333333333,1.0,17.0,263.09596239651404,0.5423426612094935,3.6371839789390616,0.021663439224329586,0.9783365607756704,125,0,0,17680.538355814835,17680.538355814835,4420.134588953709,1.5,0.5273911634988285,0.34141328326377535,0.0009045115590292272,65.5,93.14295149153824,0.13651163562250934,2,12:flood:origin|17:wildfire:origin|40:funding_collapse|64:heatwave:reserve|98:wildfire:alternative,0.013129349806596444,0.051044685955584784,0.20246442878180035,0.009613431304139016,0.00014472184944467638,0.0005530730772320041,0.0003615533287121635,97fea05efaf20282,92
S4,state_dependent_rule,False,809202,0.25,0.25,2,2,603,529,2,0.6666666666666666,1.0,16.0,241.74046879823842,0.6643122400535613,4.363133235055481,2.5287170519114003e-05,0.9999747128294809,518,0,0,17768.954216382775,17768.954216382775,8884.477108191388,1.5,0.5927286459974935,0.2299452326208305,0.001087099999849961,202.5,287.96103323719797,0.07270517835263166,1,3:wildfire:origin|10:heatwave:semiwild|23:wildfire:reserve|54:heatwave:semiwild|68:wildfire:semiwild|99:heatwave:origin,0.01232511219333446,0.06053351300065052,0.04176362386930549,0.016544008831859688,0.00017393599997599384,0.0012314410365200043,0.0011815554577423852,97fea05efaf20282,92
S6,rule,False,809202,0.5,0.375,4,3,156,156,2,0.6666666666666666,1.0,20.0,165.019049705832,0.7372710511024468,3.156503826993793,0.0,1.0,0,0,0,17646.63857093591,17646.63857093591,5882.212856978636,1.5,0.7596433814856764,0.2820014480145653,5.099919440762974e-05,0.0,0.0,0.028610357980298366,1,3:wildfire:origin|10:heatwave:semiwild|23:wildfire:reserve|54:heatwave:semiwild|68:wildfire:semiwild|99:heatwave:origin,0.01600000000000001,0.07606507095493549,0.0,0.0,8.159871105220759e-06,0.0006557180715125014,0.0,97fea05efaf20282,92
S7,forward_rollout_proxy,False,809202,0.5,0.5,4,4,950,950,2,0.6666666666666666,1.0,19.0,272.09092673512083,0.49945272431930243,3.1845721038910475,0.00019700550246555299,0.9998029944975344,74,0,0,17776.58073851505,17776.58073851505,4444.145184628763,1.5,0.6699999999999999,0.35047579232517573,0.0001472546040010169,47.25,67.19090775534629,0.13315035643132647,1,3:wildfire:origin|10:heatwave:semiwild|23:wildfire:reserve|54:heatwave:semiwild|68:wildfire:semiwild|99:heatwave:origin,0.013049714372120364,0.04754088135103078,0.2311089061673565,0.02609826426483148,2.3560736640162705e-05,0.001046033871951378,0.00037025060328543303,97fea05efaf20282,92
S4,state_dependent_rule,False,809203,0.625,0.625,5,5,878,878,1,0.3333333333333333,1.0,21.0,290.43562922467567,0.4948826733182856,4.625319552271342,0.00017537492037804245,0.999824625079622,159,0,0,17513.97681476978,17513.97681476978,3502.795362953956,1.5,0.6435531777597533,0.4207848487010939,0.0007433571874396986,149.5,212.59345416770927,0.14463167701202578,2,25:funding_collapse|27:funding_collapse|35:wildfire:alternative|52:heatwave:origin|55:funding_collapse|68:wildfire:origin|88:funding_collapse,0.013214275636703354,0.052112137236192145,0.24107067578409638,0.01985622622038086,0.00011893714999035177,0.001054856355283809,0.0004341086201128359,97fea05efaf20282,92
S6,rule,False,809203,0.75,0.0,6,0,0,0,0,0.0,0.0,,342.7649341231794,0.708961184238225,0.0,,,0,0,0,17496.126529682962,17496.126529682966,17496.126529682962,1.5,0.7452617651446646,0.08131216655558822,0.00018462934524640512,0.0,0.0,0.03392995020560885,3,25:funding_collapse|27:funding_collapse|35:wildfire:alternative|52:heatwave:origin|55:funding_collapse|68:wildfire:origin|88:funding_collapse,0.01536000000000001,0.07157457703323851,0.0,0.0,2.9540695239424823e-05,0.0008746980332972426,0.0,97fea05efaf20282,92
S7,forward_rollout_proxy,False,809203,0.625,0.625,5,5,929,929,2,0.6666666666666666,1.0,19.5,333.6737353534547,0.5188522249256102,4.0321501258972,0.0034064310745434215,0.9965935689254566,40,0,0,17495.019822524187,17495.019822524187,3499.0039645048373,1.5,0.6699999999999999,0.41794127366117134,0.0003012191062502135,58.25,82.83323548674966,0.14684886201099664,1,25:funding_collapse|27:funding_collapse|35:wildfire:alternative|52:heatwave:origin|55:funding_collapse|68:wildfire:origin|88:funding_collapse,0.013545195282643372,0.041151348642243034,0.2318811317105013,0.017820646057999632,4.8195057000034164e-05,0.0009632664253758034,0.00015062248795073057,97fea05efaf20282,92
S4,state_dependent_rule,False,809300,0.625,0.625,5,5,1167,1106,2,0.6666666666666666,1.0,23.5,433.4199250330115,0.5660879042274921,4.455610404074388,0.0019603494592723473,0.9980396505407276,168,0,0,15640.569684106684,15640.569684106684,3128.1139368213367,1.1847182594811152,0.6101733921069511,0.4139240514879123,0.0008028415925649367,139.0,174.81427455516095,0.1355030411823664,1,22:funding_collapse|55:flood:semiwild|89:funding_collapse|97:heatwave:reserve,0.014079952807452613,0.04055202231982489,0.1540378137328114,0.014909547154695987,0.0001284546548103898,0.0008972358268047614,0.0003024253165460249,80b0b184c5b0eb53,93
S6,rule,False,809300,0.875,0.875,7,7,987,987,1,0.3333333333333333,1.0,38.0,780.3491833803756,0.7849543862154615,5.194917238091911,0.0018191329374353618,0.9981808670625646,0,0,0,16484.80599908867,16484.80599908867,2354.9722855840955,1.5,0.9127128968284786,0.5462185911938875,0.00026658526658526657,0.0,0.0,0.04624064565060252,1,22:funding_collapse|55:flood:semiwild|89:funding_collapse|97:heatwave:reserve,0.01600000000000001,0.02800975593246847,0.0,0.0,4.2653642653642656e-05,0.0009932042094163182,0.0,80b0b184c5b0eb53,93
S7,forward_rollout_proxy,False,809300,0.625,0.625,5,5,1157,1157,2,0.6666666666666666,1.0,34.0,532.0661072555935,0.678954681304437,4.698329478491719,0.0008239852543066508,0.9991760147456934,24,0,0,16210.317088855956,16210.317088855956,3242.0634177711913,1.5,0.6891003728917736,0.42801190800891376,0.0005690682891922737,76.25,95.89631967504337,0.1543428796740959,1,22:funding_collapse|55:flood:semiwild|89:funding_collapse|97:heatwave:reserve,0.015255553082069271,0.041915600360619774,0.06135137821294141,0.006263586979698601,9.105092627076379e-05,0.0009281874747975578,0.00014576576895077953,80b0b184c5b0eb53,93
S4,state_dependent_rule,False,809301,0.75,0.5,6,4,1195,1195,2,0.6666666666666666,1.0,51.5,477.5704143841644,0.6384940788110065,5.291199232489025,0.0013617831065159559,0.9986382168934841,279,0,0,15866.021270451427,15866.021270451427,3966.5053176128567,1.2977666281175837,0.6392486050105158,0.3667083626397165,0.0007961313761474416,160.0,201.22506423615644,0.12435754906887299,1,38:wildfire:semiwild|52:heatwave:reserve|81:flood:semiwild|94:wildfire:semiwild,0.015005460655847222,0.04999354646658086,0.08080265528140256,0.011762462141778209,0.0001273810201835906,0.0010432886064759748,0.00037905724373222817,80b0b184c5b0eb53,93
S6,rule,False,809301,1.0,1.0,8,8,1160,1160,0,0.0,0.0,,841.715568439218,0.7829872178271101,5.439861780066962,0.00015760797897621537,0.9998423920210238,0,0,0,16571.631087229987,16571.63108722999,2071.4538859037484,1.5,0.9544772574469232,0.6099110981999131,0.000134592038847358,0.0,0.0,0.05032377327275584,2,38:wildfire:semiwild|52:heatwave:reserve|81:flood:semiwild|94:wildfire:semiwild,0.01600000000000001,0.030022402620034652,0.0,0.0,2.1534726215577275e-05,0.0009688448266396625,0.0,80b0b184c5b0eb53,93
S7,forward_rollout_proxy,False,809301,0.875,0.625,7,5,1200,1200,1,0.3333333333333333,1.0,15.0,507.88283977948873,0.7126111970942908,4.245805332800929,0.016749149807669755,0.9832508501923303,109,0,0,16284.429984256558,16284.429984256558,3256.8859968513116,1.5,0.7442290568295465,0.43271508921432117,0.0005272810407343674,107.75,135.5125041965366,0.17292065101678591,2,38:wildfire:semiwild|52:heatwave:reserve|81:flood:semiwild|94:wildfire:semiwild,0.015675148191008025,0.04894083064128358,0.028912457944609723,0.0029691708874399745,8.436496651749876e-05,0.0009073538098397147,0.0002445981596353987,80b0b184c5b0eb53,93
S4,state_dependent_rule,False,809302,0.625,0.625,5,5,565,565,1,0.3333333333333333,1.0,39.0,274.544152167137,0.4446083278351679,5.099514948368196,6.529641459600811e-05,0.999934703585404,140,0,0,15378.087277826822,15378.087277826826,3075.6174555653643,0.9725902193095352,0.5698952105474194,0.417323631054897,0.0011172568609167184,129.5,162.86653636613917,0.14044480258236566,2,34:flood:semiwild|38:funding_collapse|47:flood:alternative|62:funding_collapse|69:wildfire:origin|76:funding_collapse|90:heatwave:reserve|97:flood:semiwild,0.013334135823395283,0.04460796631539395,0.2625611264225739,0.018637431111345294,0.00017876109774667492,0.0009674615129366046,0.00032489730843485333,80b0b184c5b0eb53,93
S6,rule,False,809302,1.0,0.875,8,7,394,394,0,0.0,0.0,,682.0796726327538,0.7723772193536931,4.522421828131426,0.0,1.0,0,0,0,16421.476598876026,16421.476598876026,2345.925228410861,1.5,0.8403483412587773,0.5328578346586132,0.00020397224782532254,0.0,0.0,0.049243911257106296,2,34:flood:semiwild|38:funding_collapse|47:flood:alternative|62:funding_collapse|69:wildfire:origin|76:funding_collapse|90:heatwave:reserve|97:flood:semiwild,0.01600000000000001,0.040630102131824976,0.0,0.0,3.26355596520516e-05,0.0009600429548298897,0.0,80b0b184c5b0eb53,93
S7,forward_rollout_proxy,False,809302,0.75,0.75,6,6,940,940,1,0.3333333333333333,1.0,42.0,473.0883691293756,0.6015166343012629,4.672570471222655,0.0006327860927406292,0.9993672139072594,75,0,0,15959.210677425563,15959.210677425563,2659.8684462375936,1.353124068025832,0.5861690182936147,0.48150763155119747,0.0004700487901216497,103.75,130.48187759063273,0.19332512504804722,2,34:flood:semiwild|38:funding_collapse|47:flood:alternative|62:funding_collapse|69:wildfire:origin|76:funding_collapse|90:heatwave:reserve|97:flood:semiwild,0.014489510129230563,0.04798387567627336,0.12481565261589925,0.009754610859103076,7.520780641946393e-05,0.0009569340233128969,0.00020293764453080068,80b0b184c5b0eb53,93
S4,state_dependent_rule,False,809303,0.625,0.375,5,3,753,652,2,0.6666666666666666,1.0,35.0,357.2442762926307,0.6910938608458017,4.372115123831979,0.007249911826007764,0.9927500881739922,477,0,0,15542.462740035367,15542.462740035367,5180.820913345123,1.1109284308024203,0.5388825331708149,0.28766994344849933,0.0013150648879903463,205.5,258.4484418783136,0.10655269446549014,1,3:wildfire:reserve|15:funding_collapse|51:heatwave:alternative|56:heatwave:origin|69:heatwave:reserve|80:funding_collapse|92:wildfire:origin,0.014269202981987172,0.061118353313346564,0.019111266286714498,0.0038734824755793586,0.0002104103820784553,0.0009522243101594809,0.0006202995378731068,80b0b184c5b0eb53,93
S6,rule,False,809303,0.75,0.625,6,5,240,240,2,0.6666666666666666,1.0,26.0,611.4540786511599,0.7698514927902742,5.052365636134603,0.0,1.0,0,0,0,16420.98439145708,16420.98439145708,3284.1968782914164,1.5,0.8260077948428072,0.4229871840818107,0.00022595335802221998,0.0,0.0,0.04306374118091961,1,3:wildfire:reserve|15:funding_collapse|51:heatwave:alternative|56:heatwave:origin|69:heatwave:reserve|80:funding_collapse|92:wildfire:origin,0.01600000000000001,0.04310586945691453,0.0,0.0,3.61525372835552e-05,0.0010064852155278305,0.0,80b0b184c5b0eb53,93
S7,forward_rollout_proxy,False,809303,0.75,0.625,6,5,1200,1200,1,0.3333333333333333,1.0,65.0,480.80845117514434,0.7107584166378907,4.0915259516826605,0.0008042168002283575,0.9991957831997716,137,0,0,16125.101090374557,16125.101090374557,3225.0202180749116,1.4967519183801243,0.6437639859800102,0.419643681169115,0.000981421972317411,92.0,115.70441193579002,0.16551011527143653,2,3:wildfire:reserve|15:funding_collapse|51:heatwave:alternative|56:heatwave:origin|69:heatwave:reserve|80:funding_collapse|92:wildfire:origin,0.01571502023928352,0.051845624121279625,0.02548480735566292,0.004653501284555765,0.00015702751557078568,0.0009368706198066165,0.00022216895711491154,80b0b184c5b0eb53,93
S4,state_dependent_rule,False,809400,0.5,0.375,4,3,289,0,0,0.0,0.0,,168.95840035396355,0.6102560252279696,3.5215839619950224,0.0020184099542443,0.9979815900457557,129,0,0,11356.669023954979,11356.669023954979,3785.5563413183263,0.5839826954772753,0.09073741784320945,0.2339464061713905,0.002090386942939513,176.25,218.02697071827484,0.10453412383559665,3,15:flood:semiwild|24:flood:reserve|33:funding_collapse|38:funding_collapse|48:heatwave:reserve|68:flood:alternative|75:heatwave:alternative|78:funding_collapse,0.008002095122976833,0.07955575052570354,0.060963582061051076,0.005970801964857517,0.0003344619108703221,0.0007349477182879334,0.0010615249544489475,923318b40f0e644d,94
S6,rule,False,809400,0.75,0.75,6,6,1105,1105,0,0.0,0.0,,678.0529211652839,0.7820506011180447,5.303051248085054,0.0005172412856329549,0.9994827587143671,0,0,0,12303.097059309452,12303.097059309452,2050.5161765515754,1.5,0.8887080312268955,0.48893171236211297,5.14869592875318e-05,0.0,0.0,0.04765198379286432,3,15:flood:semiwild|24:flood:reserve|33:funding_collapse|38:funding_collapse|48:heatwave:reserve|68:flood:alternative|75:heatwave:alternative|78:funding_collapse,0.01600000000000001,0.03093066316308558,0.0,0.0,8.23791348600509e-06,0.0010104978053838136,0.0,923318b40f0e644d,94
S7,forward_rollout_proxy,False,809400,0.625,0.25,5,2,20,5,0,0.0,0.0,,187.85005628864712,0.7227978941650417,1.6810810810810812,0.010804946108291106,0.9891950538917089,70,0,0,11936.262288684675,11936.262288684675,5968.131144342337,1.3332321770397142,0.2926908371735468,0.18314963363488732,0.0007265081404506425,53.75,66.49049461621148,0.1228486955336091,3,15:flood:semiwild|24:flood:reserve|33:funding_collapse|38:funding_collapse|48:heatwave:reserve|68:flood:alternative|75:heatwave:alternative|78:funding_collapse,0.015088695451806933,0.08037323933235482,0.0005441786191262724,0.0008937673988374745,0.0001162413024721028,0.0009872045682807764,0.0007521821990063517,923318b40f0e644d,94
S4,state_dependent_rule,False,809401,0.375,0.25,3,2,155,0,2,0.6666666666666666,1.0,26.5,155.83540002476863,0.6393105895842459,2.491920865075715,0.03323837645003719,0.9667616235499628,177,0,0,11464.141863777488,11464.141863777488,5732.070931888744,0.7409938026565349,0.2706000317179305,0.18234293262806509,0.0034260761713569305,139.0,171.94751165866765,0.08931860402757436,1,5:funding_collapse|43:flood:reserve|47:funding_collapse|87:funding_collapse|95:funding_collapse,0.008153013021677842,0.07899374299490501,0.03367823201397331,0.006964319658507571,0.0005481721874171088,0.0007501712893521374,0.00136657049825782,923318b40f0e644d,94
S6,rule,False,809401,0.875,0.875,7,7,1166,1166,1,0.3333333333333333,1.0,16.0,738.9661396770466,0.7809071604221726,4.572727954441932,0.00015525126190157854,0.9998447487380985,0,0,0,12282.611371433559,12282.61137143356,1754.6587673476513,1.5,0.98,0.5480459509562079,0.00018506124336234797,0.0,0.0,0.05284335705894322,2,5:funding_collapse|43:flood:reserve|47:funding_collapse|87:funding_collapse|95:funding_collapse,0.01600000000000001,0.03204623985606846,0.0,0.0,2.960979893797568e-05,0.0010169899228212069,0.0,923318b40f0e644d,94
S7,forward_rollout_proxy,False,809401,0.625,0.125,5,1,50,18,2,0.6666666666666666,1.0,22.0,198.79521355280534,0.7257227351786112,3.1328320802005014,0.0,1.0,71,0,0,12045.829393354996,12045.829393354998,12045.829393354996,1.5,0.5699506672454976,0.168166223580976,0.0022377563418682104,58.25,72.0571406771036,0.11796418027210609,1,5:funding_collapse|43:flood:reserve|47:funding_collapse|87:funding_collapse|95:funding_collapse,0.015153542259958812,0.0786931495461074,0.0008508844274607263,0.0010749430718803995,0.00035804101469891366,0.0008399084395064341,0.0006472126102212459,923318b40f0e644d,94
S4,state_dependent_rule,False,809402,0.375,0.125,3,1,34,0,3,1.0,1.0,33.0,77.97999813021407,0.6645005622186335,1.993103448275862,0.05653318823557052,0.9434668117644295,93,0,0,11523.05852942708,11523.05852942708,11523.05852942708,0.760517985772566,0.22887093457856408,0.10947513815474538,0.004817466072204271,79.0,97.72556418010596,0.05203505107065172,0,10:wildfire:semiwild|46:flood:semiwild|96:wildfire:origin|99:heatwave:reserve,0.007606126321561801,0.0802352721406852,0.006048546262722775,0.0037415019754408084,0.0007707945715526833,0.000513872723722953,0.0022217665662122217,923318b40f0e644d,94
S6,rule,False,809402,0.625,0.625,5,5,565,565,2,0.6666666666666666,1.0,34.0,627.3610953673999,0.7789927655306205,4.700622135497161,0.0,1.0,0,0,0,12435.903534726649,12435.90353472665,2487.18070694533,1.5,0.7647696162328033,0.4118301688424531,0.0006394135513450251,0.0,0.0,0.035484929321005707,1,10:wildfire:semiwild|46:flood:semiwild|96:wildfire:origin|99:heatwave:reserve,0.01600000000000001,0.03402750893836006,0.0,0.0,0.000102306168215204,0.0008774193628041411,0.0,923318b40f0e644d,94
S7,forward_rollout_proxy,False,809402,0.5,0.375,4,3,430,405,1,0.3333333333333333,1.0,14.0,233.96225113399802,0.6555189376236535,3.8021081381945847,0.10364811718956028,0.8963518828104398,19,0,0,12213.396549666579,12213.396549666579,4071.132183222193,1.5,0.4555842197526046,0.2740477628762183,0.0009579404538689947,49.0,60.61459044082536,0.10859129759505992,2,10:wildfire:semiwild|46:flood:semiwild|96:wildfire:origin|99:heatwave:reserve,0.014361133989262687,0.06077416171657547,0.08369954293218797,0.013185459713011835,0.00015327047261903915,0.0008363271191929476,0.00020848860599551185,923318b40f0e644d,94
S4,state_dependent_rule,False,809403,0.375,0.25,3,2,310,0,2,0.6666666666666666,1.0,23.0,172.60183254785792,0.6140846963649885,3.4343660399869145,0.0026929294553212956,0.9973070705446787,75,0,0,11431.490467962645,11431.490467962643,5715.745233981323,0.7647107420074759,0.24483011757204784,0.18759548531728082,0.0026551592354209057,147.5,182.4622875514641,0.08134406580103441,1,8:wildfire:reserve|35:wildfire:semiwild|38:funding_collapse|72:heatwave:alternative|99:flood:semiwild,0.007547660802810278,0.0757379475439083,0.05343411676018223,0.00860290074148352,0.00042482547766734485,0.0007147676517847885,0.0009468338484467862,923318b40f0e644d,94
S6,rule,False,809403,0.75,0.75,6,6,935,935,1,0.3333333333333333,1.0,18.0,686.3387018789576,0.7817319924608052,5.057708996604902,0.0047148906666666665,0.9952851093333334,0,0,0,12353.815942011755,12353.815942011755,2058.9693236686257,1.5,0.98,0.49534675462514377,0.0002704756754932959,0.0,0.0,0.04634832329547331,2,8:wildfire:reserve|35:wildfire:semiwild|38:funding_collapse|72:heatwave:alternative|99:flood:semiwild,0.01600000000000001,0.031207348428309502,0.0,0.0,4.327610807892734e-05,0.001017383002806764,0.0,923318b40f0e644d,94
S7,forward_rollout_proxy,False,809403,0.5,0.25,4,2,57,42,2,0.6666666666666666,1.0,23.5,189.52918272483643,0.7251921181589482,1.9641819941916747,0.05337483409454545,0.9466251659054545,102,0,0,12057.399991492784,12057.399991492784,6028.699995746392,1.461076488393349,0.5461658483735796,0.20868135282233705,0.0018348391893773667,62.25,77.0052705090077,0.10961474021531163,1,8:wildfire:reserve|35:wildfire:semiwild|38:funding_collapse|72:heatwave:alternative|99:flood:semiwild,0.014846279259748347,0.07797280746733612,0.001086438513555426,0.0015806075389430377,0.00029357427030037866,0.0007238848399504414,0.0007468644687101375,923318b40f0e644d,94
S4,state_dependent_rule,False,809500,0.25,0.25,2,2,118,0,3,1.0,1.0,23.0,89.06365458327231,0.4845193116455476,3.4423717415485036,0.01018354903899352,0.9898164509610065,28,0,0,10231.711421004513,10231.711421004513,5115.855710502256,1.5,0.17807187357063617,0.17933292153487862,0.0032615959237572156,127.25,88.38703461092483,0.07301008381164993,0,26:flood:alternative|34:flood:reserve|42:funding_collapse|63:wildfire:origin|65:flood:origin,0.00452361120734827,0.07866231244937505,0.07009798396300611,0.010223543476559667,0.0005218553478011546,0.0006519474380711197,0.0006351495883812708,0f8dd9a37e5aa355,95
S6,rule,False,809500,0.75,0.0,6,0,0,0,3,1.0,1.0,54.0,294.7876388186181,0.5850405063724133,0.0,,,0,0,0,10224.75511404817,10224.755114048172,10224.75511404817,1.5,0.6699999999999999,0.0711530976517484,0.0002931569276028568,0.0,0.0,0.020765488258742033,0,26:flood:alternative|34:flood:reserve|42:funding_collapse|63:wildfire:origin|65:flood:origin,0.012640000000000009,0.057207527248649484,0.0,0.0,4.690510841645709e-05,0.000765061270520694,0.0,0f8dd9a37e5aa355,95
S7,forward_rollout_proxy,False,809500,0.25,0.125,2,1,75,45,3,1.0,1.0,29.333333333333332,77.8703756354447,0.5670237331161497,3.487290762554246,0.006047708609369175,0.9939522913906308,105,0,0,10209.925014936905,10209.925014936905,10209.925014936905,1.5,0.45328561062419226,0.15093921594521034,0.0026485179247812372,78.75,54.69924538790042,0.07243873628624332,0,26:flood:alternative|34:flood:reserve|42:funding_collapse|63:wildfire:origin|65:flood:origin,0.006914444965561261,0.08333158669613328,0.022163371338417854,0.004410175007592974,0.00042376286796499794,0.000548251207254652,0.0007801979350504485,0f8dd9a37e5aa355,95
S4,state_dependent_rule,False,809501,0.25,0.25,2,2,237,0,3,1.0,1.0,25.666666666666668,102.89295064664994,0.48030328739256517,3.3339194174600872,0.00036373623103944894,0.9996362637689605,42,0,0,10243.29777954685,10243.29777954685,5121.648889773425,1.5,0.16655847949028163,0.17578009426055927,0.004679558396092136,161.75,112.35051354276689,0.06642526068465113,0,10:heatwave:alternative|13:heatwave:reserve|46:wildfire:semiwild|73:flood:reserve,0.004085454611146761,0.07898800783732901,0.06554810795516487,0.010056438786519026,0.0007487293433747418,0.0006182708545466411,0.0007151223463341431,0f8dd9a37e5aa355,95
S6,rule,False,809501,0.75,0.5,6,4,33,33,2,0.6666666666666666,1.0,20.5,387.6237311626112,0.7494056533645527,2.6640845070422534,0.005781,0.994219,0,0,0,10237.81865815897,10237.81865815897,2559.4546645397427,1.5,0.7731203553159599,0.336484834319563,4.9627791563275434e-05,0.0,0.0,0.037659768587722235,1,10:heatwave:alternative|13:heatwave:reserve|46:wildfire:semiwild|73:flood:reserve,0.01600000000000001,0.06363531064023646,0.0,0.0,7.940446650124069e-06,0.0009510955485610409,0.0,0f8dd9a37e5aa355,95
S7,forward_rollout_proxy,False,809501,0.25,0.125,2,1,74,46,2,0.6666666666666666,1.0,23.5,72.20326531551679,0.5871016713452696,1.9487544483985766,0.028551630362211335,0.9714483696377887,76,0,0,10203.440480306126,10203.440480306126,10203.440480306126,1.5,0.33308089076469544,0.12457314160030206,0.005808201186660489,64.75,44.97493509671813,0.07763754019923375,1,10:heatwave:alternative|13:heatwave:reserve|46:wildfire:semiwild|73:flood:reserve,0.007559399251873064,0.083298519031017,0.005970859124556823,0.007744914918221813,0.0009293121898656781,0.0008500588485881701,0.001469007110601095,0f8dd9a37e5aa355,95
S4,state_dependent_rule,False,809502,0.25,0.25,2,2,220,0,3,1.0,1.0,25.0,86.36028712503028,0.5092024450527289,2.367316711922982,0.1404813779471744,0.8595186220528256,36,0,0,10238.638557477034,10238.638557477034,5119.319278738517,1.5,0.17282311331720668,0.16817665552654212,0.006246317771541515,157.5,109.39849077580085,0.07360588537795813,0,29:wildfire:semiwild|92:funding_collapse|98:wildfire:alternative,0.0047188099252482695,0.08331383038514938,0.04010107283566513,0.008582349298115214,0.0009994108434466422,0.0006733478840548901,0.0009981897515368638,0f8dd9a37e5aa355,95
S6,rule,False,809502,0.75,0.375,6,3,57,57,1,0.3333333333333333,1.0,39.0,395.275459128889,0.7495503261633667,3.66998816998817,0.0,1.0,0,0,0,10225.339021698963,10225.339021698963,3408.446340566321,1.5,0.6996758294536402,0.2835768196368745,0.000525880758807588,0.0,0.0,0.04079677495814364,2,29:wildfire:semiwild|92:funding_collapse|98:wildfire:alternative,0.01600000000000001,0.06342413934523616,0.0,0.0,8.41409214092141e-05,0.0009413935699880658,0.0,0f8dd9a37e5aa355,95
S7,forward_rollout_proxy,False,809502,0.25,0.25,2,2,654,508,3,1.0,1.0,25.666666666666668,160.89367082303752,0.5929366389345937,3.0162703909545554,0.010145654677689174,0.9898543453223109,228,0,0,10216.565491498952,10216.565491498952,5108.282745749476,1.5,0.4890962589608294,0.20732491427459726,0.0033880191677875377,100.0,69.4593592227307,0.07876292234484386,0,29:wildfire:semiwild|92:funding_collapse|98:wildfire:alternative,0.011925508439563894,0.07374253028473884,0.04680211342728301,0.006394805353074703,0.000542083066846006,0.0005816320253636561,0.00039788439225365896,0f8dd9a37e5aa355,95
S4,state_dependent_rule,False,809503,0.25,0.25,2,2,257,3,3,1.0,1.0,25.666666666666668,105.15069420558295,0.47914690647142444,2.71328457968601,0.005710450101586611,0.9942895498984133,65,0,0,10277.575544487827,10277.575544487827,5138.787772243913,1.5,0.24360913407281312,0.17831051837436346,0.004374326228666073,151.75,105.40457762049384,0.07158379585111015,0,31:flood:origin|46:flood:reserve|94:flood:semiwild|99:heatwave:semiwild,0.004268322549451611,0.07851735029493485,0.07245763639787108,0.011169562519716814,0.0006998921965865716,0.000694120513848198,0.0006415201619875435,0f8dd9a37e5aa355,95
S6,rule,False,809503,0.5,0.0,4,0,0,0,2,0.6666666666666666,1.0,31.5,154.38008964164663,0.6063800387378955,0.0,,,0,0,0,10254.97523056608,10254.97523056608,10254.97523056608,1.5,0.6699999999999999,0.0712345489212956,0.0005327219755909426,0.0,0.0,0.021172744606478083,1,31:flood:origin|46:flood:reserve|94:flood:semiwild|99:heatwave:semiwild,0.01344000000000001,0.07665627333161779,0.0,0.0,8.523551609455081e-05,0.0006384524143925595,0.0,0f8dd9a37e5aa355,95
S7,forward_rollout_proxy,False,809503,0.375,0.25,3,2,627,392,2,0.6666666666666666,1.0,29.0,149.54794607603262,0.5629425882236336,2.6781287466055947,0.03082734044496244,0.9691726595550375,177,0,0,10233.080138457673,10233.080138457672,5116.540069228837,1.5,0.5078128739662259,0.2079645804406241,0.004263354781753918,94.0,65.29179766936686,0.08951002788972778,1,31:flood:origin|46:flood:reserve|94:flood:semiwild|99:heatwave:semiwild,0.009342107371490726,0.07396798950908842,0.04791801585816173,0.013518049435083796,0.0006821367650806269,0.0008223051321355573,0.00036271495597323263,0f8dd9a37e5aa355,95
S4,state_dependent_rule,False,809600,0.25,0.25,2,2,220,19,2,0.6666666666666666,1.0,18.5,88.0374055448183,0.4324469748905122,3.63035476887609,0.005141546356134994,0.994858453643865,96,0,0,24604.156112569297,24604.156112569297,12302.078056284648,1.5,0.293605633316067,0.1939361726945982,0.001950462611150329,280.25,381.53670047994046,0.07886030837115299,1,9:funding_collapse|49:flood:reserve|68:funding_collapse|87:wildfire:semiwild|100:funding_collapse,0.004069372007701055,0.0752103131960383,0.0691522029995249,0.014871057707793347,0.0003120740177840525,0.0008865596365481046,0.0024054885990456494,9d081c06575abe85,96
S6,rule,False,809600,1.0,0.875,8,7,689,689,0,0.0,0.0,,786.0769888892053,0.7812045278141134,5.896453036557856,0.0,1.0,0,0,0,24566.030373657326,24566.030373657326,3509.432910522475,1.5,0.9111446548079906,0.5548527283803556,0.000274131176036545,0.0,0.0,0.05511866266988982,3,9:funding_collapse|49:flood:reserve|68:funding_collapse|87:wildfire:semiwild|100:funding_collapse,0.01600000000000001,0.03182322100091389,0.0,0.0,4.3860988165847194e-05,0.0009283901968070087,0.0,9d081c06575abe85,96
S7,forward_rollout_proxy,False,809600,0.625,0.625,5,5,1152,1152,2,0.6666666666666666,1.0,21.5,276.2204923617533,0.4741285187290811,3.6265118155280573,0.006090887885316219,0.9939091121146838,170,0,0,24501.705604233808,24501.705604233808,4900.341120846761,1.5,0.653773544592685,0.4154339227241138,0.00043984652213202303,108.5,147.71358430713124,0.1627072505478237,1,9:funding_collapse|49:flood:reserve|68:funding_collapse|87:wildfire:semiwild|100:funding_collapse,0.013936801284937716,0.05266186425115851,0.1648084404089843,0.018965545074105698,7.037544354112371e-05,0.0011802728023933699,0.0004478111468954203,9d081c06575abe85,96
S4,state_dependent_rule,False,809601,0.25,0.125,2,1,191,10,2,0.6666666666666666,1.0,26.0,96.8546425408307,0.4408112005179479,4.505495862665184,0.0,1.0,96,0,0,24671.70808500632,24671.70808500632,24671.70808500632,1.5,0.29471015591892114,0.14273575396640004,0.0018137653070585027,250.5,341.03458865379156,0.059798898739280376,1,25:flood:reserve|38:funding_collapse|67:funding_collapse|78:flood:origin,0.0036614489452776043,0.075239755429726,0.057453581232045414,0.013638375360836168,0.0002902024491293605,0.0008351160251251276,0.0021511140756514794,9d081c06575abe85,96
S6,rule,False,809601,1.0,0.875,8,7,227,227,0,0.0,0.0,,723.6354088002674,0.7719016722796411,4.09311840108952,0.0,1.0,0,0,0,24626.176672170728,24626.176672170728,3518.0252388815325,1.5,0.8394129820118246,0.5303845837366652,0.00021446826154560168,0.0,0.0,0.058810507622937984,3,25:flood:reserve|38:funding_collapse|67:funding_collapse|78:flood:origin,0.01600000000000001,0.041154508356572264,0.0,0.0,3.4314921847296276e-05,0.0009095044419395079,0.0,9d081c06575abe85,96
S7,forward_rollout_proxy,False,809601,0.375,0.25,3,2,541,378,1,0.3333333333333333,1.0,17.0,211.1245828241928,0.6720596470462299,3.5093936950732303,0.0007823586225967689,0.9992176413774032,343,0,0,24601.362330085893,24601.362330085893,12300.681165042946,1.5,0.6181430162758389,0.22685550756889084,0.0008453953475114376,150.75,205.23339017788052,0.08723634495287313,2,25:flood:reserve|38:funding_collapse|67:funding_collapse|78:flood:origin,0.014307805285640525,0.0568333059319522,0.009395112634537047,0.0031785290283103673,0.00013526325560183,0.0005937376311082491,0.001142208166436382,9d081c06575abe85,96
S4,state_dependent_rule,False,809602,0.375,0.375,3,3,313,0,1,0.3333333333333333,1.0,19.0,106.91356284850025,0.3922974732348459,2.8040591864558486,0.012925383859513756,0.9870746161404862,116,0,0,24760.43380741209,24760.43380741209,8253.47793580403,1.5,0.2626884747071169,0.24222875773950123,0.0008514911196512195,370.25,504.06409760106294,0.09584659202115511,2,38:funding_collapse|54:flood:semiwild|58:wildfire:origin|81:heatwave:alternative,0.0032410262075395014,0.07622899839127435,0.09870227064674043,0.0123446058580511,0.00013623857914419512,0.0007072354862315395,0.0021910127473907474,9d081c06575abe85,96
S6,rule,False,809602,1.0,0.375,8,3,64,64,0,0.0,0.0,,521.5102041969635,0.7579164517213638,2.357730598536644,0.0,1.0,0,0,0,24699.648734308812,24699.648734308812,8233.216244769605,1.5,0.8083374958609731,0.2832452779761907,0.00010465402610194534,0.0,0.0,0.0504211120236345,3,38:funding_collapse|54:flood:semiwild|58:wildfire:origin|81:heatwave:alternative,0.01600000000000001,0.05522998564155382,0.0,0.0,1.6744644176311256e-05,0.0008368179929059599,0.0,9d081c06575abe85,96
S7,forward_rollout_proxy,False,809602,0.625,0.625,5,5,929,929,1,0.3333333333333333,1.0,38.0,152.18347372974537,0.3190278650158033,4.742746600376881,0.0,1.0,74,0,0,24667.507122932137,24667.507122932137,4933.501424586428,1.5,0.6699999999999999,0.428424096529781,0.0003439135887252223,87.25,118.78350443131062,0.16373315263006083,2,38:funding_collapse|54:flood:semiwild|58:wildfire:origin|81:heatwave:alternative,0.013041264839991082,0.04136202238672149,0.31244994486020533,0.020157408274127393,5.502617419603558e-05,0.0009020730256973174,0.00037203808302178594,9d081c06575abe85,96
S4,state_dependent_rule,False,809603,0.375,0.25,3,2,211,0,2,0.6666666666666666,1.0,11.5,84.25193772672611,0.39825297224655015,3.560819906168182,0.0037892737570988967,0.9962107262429011,91,0,0,24920.35191093413,24920.35191093413,12460.175955467064,1.5,0.2181057581533047,0.18699466514217217,0.0019224245325701003,308.75,420.3370429016292,0.0853794513257994,1,7:heatwave:origin|18:heatwave:semiwild|19:wildfire:alternative|57:flood:alternative|88:flood:semiwild,0.0035155774360176324,0.07792848067988267,0.08047881476183001,0.01580359711675932,0.00030758792521121597,0.0008138925564814799,0.002401530634996225,9d081c06575abe85,96
S6,rule,False,809603,0.25,0.25,2,2,363,363,2,0.6666666666666666,1.0,18.0,268.9521276288775,0.7724132883566414,4.291956162936555,0.0,1.0,0,0,0,24728.14471229224,24728.14471229224,12364.07235614612,1.5,0.9195583871391934,0.25159464165211454,0.00030129584179841725,0.0,0.0,0.02109620654414822,1,7:heatwave:origin|18:heatwave:semiwild|19:wildfire:alternative|57:flood:alternative|88:flood:semiwild,0.01600000000000001,0.04088239796572566,0.0,0.0,4.820733468774677e-05,0.0006561063429449425,0.0,9d081c06575abe85,96
S7,forward_rollout_proxy,False,809603,0.5,0.5,4,4,833,789,2,0.6666666666666666,1.0,12.5,152.4365988666037,0.29727214464927765,3.975143193199944,0.0,1.0,227,0,0,24853.093214214594,24853.093214214598,6213.2733035536485,1.5,0.6699999999999999,0.3591880323241077,0.0007424718745938461,89.0,121.16598159755468,0.13718300196054117,1,7:heatwave:origin|18:heatwave:semiwild|19:wildfire:alternative|57:flood:alternative|88:flood:semiwild,0.011806871068326294,0.03923907233867549,0.2925240315139044,0.0292338861828746,0.00011879549993501536,0.0011690390295345467,0.00039395112606027937,9d081c06575abe85,96
S4,state_dependent_rule,False,809700,0.0,0.0,0,0,0,0,2,0.6666666666666666,1.0,22.0,34.00564987873217,0.2317303432889605,0.0,,,13,0,0,12978.987882286916,12978.987882286916,12978.987882286916,0.9448040987293596,0.05000000000000001,0.009933868268405865,0.0003053770603059932,28.25,21.1734856404191,0.024669341342029326,1,21:wildfire:semiwild|93:funding_collapse,0.0038948199306146425,0.03441217936162784,0.00021357596693071307,0.003422770073294328,4.88603296489589e-05,0.0010314303778876598,0.0008726258120067813,d99f42aeb8598b19,97
S6,rule,False,809700,0.0,0.0,0,0,0,0,2,0.6666666666666666,1.0,30.5,50.13200342283324,0.28713752062546755,0.0,,,0,0,0,13347.277927171346,13347.277927171348,13347.277927171346,1.2184268779921354,0.17746533228369554,0.019732307354775238,0.00013436825621550988,0.0,0.0,0.009928870632028424,1,21:wildfire:semiwild|93:funding_collapse,0.006560000000000005,0.046154323604081095,0.0,0.0,2.149892099448158e-05,0.00042665684945691673,0.0,d99f42aeb8598b19,97
S7,forward_rollout_proxy,False,809700,0.0,0.0,0,0,0,0,2,0.6666666666666666,1.0,25.5,41.327552688964055,0.267017977307329,0.0,,,15,0,0,13072.634528146233,13072.634528146235,13072.634528146233,0.9924735910269578,0.052076074996447064,0.011915594462323879,0.0008274278165783372,26.25,19.674477807469078,0.03353993481339586,1,21:wildfire:semiwild|93:funding_collapse,0.004369469463221201,0.04089981492514423,0.0006895761016891892,0.0012585788195975923,0.00013238845065253395,0.0003606304614854155,0.000532878108960504,d99f42aeb8598b19,97
S4,state_dependent_rule,False,809701,0.25,0.125,2,1,67,0,3,1.0,1.0,19.0,62.94012566626688,0.5627122375781637,1.995998221431748,0.03032642511452161,0.9696735748854783,20,0,0,12979.346128046927,12979.346128046927,12979.346128046927,0.9816912397455406,0.05000000000000001,0.09295844528158917,0.005626811745286293,153.75,115.23622715803324,0.05874231533635841,0,16:wildfire:reserve|19:wildfire:alternative|37:heatwave:origin,0.00289201120415703,0.08495641532701423,0.026154224953472763,0.006335151214250898,0.0009002898792458068,0.0005376021248008494,0.0015762543854933708,d99f42aeb8598b19,97
S6,rule,False,809701,0.0,0.0,0,0,0,0,3,1.0,1.0,26.333333333333332,43.4491005986548,0.28007743954899433,0.0,,,0,0,0,13044.331919972248,13044.331919972252,13044.331919972248,0.9669722239243936,0.08220156972216619,0.009838277091096392,0.00018434607990041853,0.0,0.0,0.008090600594398862,0,16:wildfire:reserve|19:wildfire:alternative|37:heatwave:origin,0.006400000000000005,0.04523383132477021,0.0,0.0,2.9495372784066963e-05,0.0002592337534513354,0.0,d99f42aeb8598b19,97
S7,forward_rollout_proxy,False,809701,0.125,0.125,1,1,178,0,3,1.0,1.0,23.0,96.53956631535883,0.5472945120317718,3.926146220570012,0.00124667229628444,0.9987533277037156,15,0,0,12965.974430314443,12965.974430314443,12965.974430314443,0.9693467595973906,0.05209242191585528,0.11060867960253698,0.0020648688748938666,127.25,95.37437337144539,0.049439876026256706,0,16:wildfire:reserve|19:wildfire:alternative|37:heatwave:origin,0.003786333590243066,0.07840796610602419,0.04570231330395615,0.013700863376414915,0.0003303790199830186,0.0007912061409513199,0.0008268630914986539,d99f42aeb8598b19,97
S4,state_dependent_rule,False,809702,0.125,0.125,1,1,185,0,3,1.0,1.0,23.666666666666668,90.17854046257688,0.5386100759033713,4.500328731097961,0.003677857387208153,0.9963221426127918,29,0,0,12930.147083949047,12930.147083949047,12930.147083949047,1.0022161641071128,0.05000000000000001,0.11521355129140998,0.001891430503254834,137.0,102.68203655707687,0.04480131990215177,0,1:wildfire:reserve|18:funding_collapse|25:funding_collapse|42:flood:reserve,0.0030355081315856956,0.07463618609101338,0.053753758494260104,0.014488561352839551,0.0003026288805207734,0.0008380335122316802,0.0008287924341368876,d99f42aeb8598b19,97
S6,rule,False,809702,0.0,0.0,0,0,0,0,3,1.0,1.0,29.333333333333332,43.25616920329423,0.3071810091711854,0.0,,,0,0,0,13100.765632869281,13100.765632869281,13100.765632869281,1.0869092235833464,0.17216510881351732,0.018613885247776223,8.145131432802665e-05,0.0,0.0,0.006986871832122453,0,1:wildfire:reserve|18:funding_collapse|25:funding_collapse|42:flood:reserve,0.0070400000000000055,0.05062545301449013,0.0,0.0,1.3032210292484264e-05,0.0003405056040320762,0.0,d99f42aeb8598b19,97
S7,forward_rollout_proxy,False,809702,0.125,0.125,1,1,194,0,3,1.0,1.0,23.333333333333332,101.43345287044731,0.5414529878662102,3.8008483134720263,0.003883723446838251,0.9961162765531617,7,0,0,12996.959982695953,12996.959982695953,12996.959982695953,1.0244026946698923,0.052262003037977754,0.10931177051719065,0.003096460457979734,98.0,73.45138381455122,0.04913543539336307,0,1:wildfire:reserve|18:funding_collapse|25:funding_collapse|42:flood:reserve,0.0036563581843137728,0.07661351767149077,0.05347553559578607,0.013894401660202414,0.0004954336732767574,0.0008307291042009006,0.0005275279024822625,d99f42aeb8598b19,97
S4,state_dependent_rule,False,809703,0.25,0.25,2,2,157,0,3,1.0,1.0,22.333333333333332,87.83809187599938,0.5373463788869386,3.2751926526652326,0.002898583826048453,0.9971014161739515,16,0,0,12860.484726483332,12860.484726483332,6430.242363241666,0.9851687195393579,0.05000000000000001,0.16456338354715475,0.0038028945635191595,158.0,118.42161880305214,0.07155728510251201,0,5:flood:reserve|7:funding_collapse|27:funding_collapse|40:heatwave:semiwild|60:wildfire:alternative|81:flood:alternative|89:heatwave:alternative,0.0031670374912727605,0.08109866875067975,0.05864841273361574,0.009174068759864295,0.0006084631301630657,0.0006317482307383941,0.0010280848690995936,d99f42aeb8598b19,97
S6,rule,False,809703,0.0,0.0,0,0,0,0,3,1.0,1.0,22.333333333333332,47.650336930337886,0.26090573609700507,0.0,,,0,0,0,12961.55564686427,12961.555646864274,12961.55564686427,0.9726802125207917,0.06738356469939304,0.008339394385537416,2.5188916876574308e-05,0.0,0.0,0.008005189577990561,0,5:flood:reserve|7:funding_collapse|27:funding_collapse|40:heatwave:semiwild|60:wildfire:alternative|81:flood:alternative|89:heatwave:alternative,0.005920000000000004,0.0397726364461448,0.0,0.0,4.03022670025189e-06,0.0004975972301499337,0.0,d99f42aeb8598b19,97
S7,forward_rollout_proxy,False,809703,0.25,0.25,2,2,212,0,3,1.0,1.0,19.666666666666668,94.02348462075562,0.5525145913068495,2.3522429695295743,0.003958188613354034,0.9960418113866459,21,0,0,12881.788021455317,12881.788021455317,6440.8940107276585,0.980245860711635,0.05212248262355298,0.15661539209754477,0.0028670894603274855,106.75,80.00954308370763,0.07690357069946868,0,5:flood:reserve|7:funding_collapse|27:funding_collapse|40:heatwave:semiwild|60:wildfire:alternative|81:flood:alternative|89:heatwave:alternative,0.003904984241661499,0.08044465074611583,0.04881149032273167,0.01090879371137708,0.00045873431365239754,0.0007391444938695829,0.000759846028956125,d99f42aeb8598b19,97
S4,state_dependent_rule,False,809800,0.5,0.375,4,3,614,539,3,1.0,1.0,27.0,181.8113797777617,0.6872260844478294,2.912461354491377,0.012245657339076552,0.9877543426609234,238,0,0,9269.804868268282,9269.80486826828,3089.9349560894275,1.5,0.5086196681201129,0.26997937219486035,0.000531725365065366,124.25,124.76689993492147,0.10621395918967615,0,65:flood:semiwild|74:heatwave:reserve,0.013329007245526204,0.06807018773537417,0.03993196980393925,0.019173392915292242,8.507605841045855e-05,0.0011743229855413144,0.0006372738045736315,0f948762dd7c8204,98
S6,rule,False,809800,1.0,0.875,8,7,1168,1168,0,0.0,0.0,,840.8488562802453,0.7869452428267715,5.865552404535145,0.0,1.0,0,0,0,9293.601386883201,9293.601386883201,1327.6573409833145,1.5,0.9705811370438946,0.5596592742331591,0.0005013259379425062,0.0,0.0,0.05097818241709077,2,65:flood:semiwild|74:heatwave:reserve,0.01600000000000001,0.026032155590761982,0.0,0.0,8.021215007080098e-05,0.0009423894323958154,0.0,0f948762dd7c8204,98
S7,forward_rollout_proxy,False,809800,0.75,0.75,6,6,1200,1200,2,0.6666666666666666,1.0,16.5,394.2992933141062,0.5940587182770966,3.488543240047972,0.0025674973477328535,0.9974325026522671,22,0,0,9265.00194422834,9265.00194422834,1544.1669907047233,1.5,0.6699999999999999,0.4762339016340766,0.0009817906682336828,57.0,57.23712914519534,0.18424234616798443,1,65:flood:semiwild|74:heatwave:reserve,0.014201607084262113,0.04293147026186979,0.17143431100636622,0.014343073901287435,0.00015708650691738927,0.0009680913895385918,0.00013582872859146792,0f948762dd7c8204,98
S4,state_dependent_rule,False,809801,0.5,0.25,4,2,219,53,2,0.6666666666666666,1.0,40.5,141.7700274655161,0.6259803738584228,3.0527947429454967,0.023617548306784215,0.9763824516932158,123,0,0,9203.825873417998,9203.825873417998,4601.912936708999,1.5,0.4901369918437713,0.2090562041818984,0.00060446552257983,130.75,131.29394097779462,0.08507278784033145,1,7:wildfire:alternative|40:flood:reserve|56:funding_collapse|60:wildfire:semiwild|98:funding_collapse,0.007332882446327146,0.0790706164642555,0.055712295144935337,0.013904992409434934,9.67144836127728e-05,0.0007526864422430636,0.0006946809491638841,0f948762dd7c8204,98
S6,rule,False,809801,1.0,1.0,8,8,1137,1137,0,0.0,0.0,,857.4495930428446,0.7858498001872622,5.384073029464828,0.0,1.0,0,0,0,9227.575328656225,9227.575328656225,1153.446916082028,1.5,0.9663287189914365,0.6097334959899521,0.00026466194210885053,0.0,0.0,0.04629946898080073,1,7:wildfire:alternative|40:flood:reserve|56:funding_collapse|60:wildfire:semiwild|98:funding_collapse,0.01600000000000001,0.027212769624325627,0.0,0.0,4.234591073741609e-05,0.0008950842776748991,0.0,0f948762dd7c8204,98
S7,forward_rollout_proxy,False,809801,0.625,0.625,5,5,1167,1167,2,0.6666666666666666,1.0,27.5,357.2743757488248,0.5912105542564617,4.150414117011034,0.0029834293529876865,0.9970165706470123,40,0,0,9186.09439808574,9186.094398085741,1837.2188796171479,1.5,0.6699999999999999,0.421547116774808,0.00041812259463654773,52.25,52.46736838309574,0.15896487802348827,1,7:wildfire:alternative|40:flood:reserve|56:funding_collapse|60:wildfire:semiwild|98:funding_collapse,0.0142117074876046,0.04755444421375084,0.17176072125055422,0.012957091343741234,6.689961514184761e-05,0.0008666984595115568,0.00012687674591527022,0f948762dd7c8204,98
S4,state_dependent_rule,False,809802,0.25,0.25,2,2,218,3,3,1.0,1.0,27.0,137.02792528096376,0.6528717267997542,2.965151602608542,0.004422641075318509,0.9955773589246815,116,0,0,9276.098049700877,9276.098049700877,4638.049024850438,1.5,0.38539340382930126,0.19501793611230736,0.0005803075255979977,141.25,141.83762266243582,0.07163539851645905,0,31:heatwave:alternative|61:wildfire:reserve|82:flood:alternative,0.008282447285581139,0.07794903818773986,0.04288484834310853,0.011425991301941605,9.284920409567964e-05,0.0006702588845100253,0.0008411269510577459,0f948762dd7c8204,98
S6,rule,False,809802,0.875,0.875,7,7,1200,1200,1,0.3333333333333333,1.0,46.0,837.1505892945933,0.786787419918783,6.09892360654477,0.0,1.0,0,0,0,9293.32134643469,9293.32134643469,1327.6173352049557,1.5,0.9705811370438946,0.561381701565195,5.2910052910052905e-05,0.0,0.0,0.04792175897678916,2,31:heatwave:alternative|61:wildfire:reserve|82:flood:alternative,0.01600000000000001,0.026263478937278383,0.0,0.0,8.465608465608466e-06,0.0009406355354732895,0.0,0f948762dd7c8204,98
S7,forward_rollout_proxy,False,809802,0.75,0.625,6,5,853,853,2,0.6666666666666666,1.0,26.0,287.4272105852314,0.5771177724692128,3.7061429346983785,0.0014717031174392861,0.9985282968825607,26,0,0,9260.627790852177,9260.627790852177,1852.1255581704354,1.5,0.6699999999999999,0.4176961517601803,7.457163292595702e-05,41.25,41.42160661823345,0.16192361206598269,1,31:heatwave:alternative|61:wildfire:reserve|82:flood:alternative,0.01365623571379061,0.04718363441534862,0.18687550090852306,0.01740117710020068,1.1931461268153125e-05,0.0009635077174706258,0.00010796972514306054,0f948762dd7c8204,98
S4,state_dependent_rule,False,809803,0.375,0.125,3,1,306,126,3,1.0,1.0,29.666666666666668,163.21096531748265,0.6631032422064951,3.8785519012509315,0.0,1.0,146,0,0,9176.419741049289,9176.419741049289,9176.419741049289,1.5,0.524192603059286,0.1635980125996387,0.0006191969236756792,128.0,128.53250053657908,0.08071616640600375,0,8:wildfire:alternative|32:funding_collapse|36:funding_collapse|50:wildfire:semiwild|58:wildfire:origin|68:wildfire:origin|73:wildfire:origin|91:flood:semiwild,0.01014384095951025,0.07674351182753175,0.041651693310377935,0.017003597424789203,9.90715077881087e-05,0.0009412096152730567,0.0007369066352382851,0f948762dd7c8204,98
S6,rule,False,809803,1.0,0.125,8,1,20,20,3,1.0,1.0,84.0,556.6387340841316,0.7565772411225441,3.9215686274509802,0.0,1.0,0,0,0,9226.60670927416,9226.60670927416,9226.60670927416,1.5,0.8120562865541799,0.1835274838649678,0.00014551385679013618,0.0,0.0,0.03428084467520012,0,8:wildfire:alternative|32:funding_collapse|36:funding_collapse|50:wildfire:semiwild|58:wildfire:origin|68:wildfire:origin|73:wildfire:origin|91:flood:semiwild,0.01600000000000001,0.0565282633046812,0.0,0.0,2.3282217086421788e-05,0.0008712133556881716,0.0,0f948762dd7c8204,98
S7,forward_rollout_proxy,False,809803,0.75,0.5,6,4,735,735,2,0.6666666666666666,1.0,34.5,321.0244853338161,0.5664726743786082,4.576475466671203,0.0009767462080731218,0.9990232537919269,8,0,0,9193.940022247636,9193.940022247636,2298.485005561909,1.5,0.6699999999999999,0.36916612760305056,0.00017530925949449058,44.75,44.93616717978055,0.15700686468169262,1,8:wildfire:alternative|32:funding_collapse|36:funding_collapse|50:wildfire:semiwild|58:wildfire:origin|68:wildfire:origin|73:wildfire:origin|91:flood:semiwild,0.01355069622436687,0.04354998265977453,0.20108438545907192,0.018213974373060746,2.804948151911849e-05,0.0009891398030707054,0.00010127700360087077,0f948762dd7c8204,98
S4,state_dependent_rule,False,809900,0.25,0.25,2,2,237,0,3,1.0,1.0,24.0,117.02566985743671,0.5033039665237731,3.5659641365388364,0.0005750839314833372,0.9994249160685167,52,0,0,16469.71980822942,16469.719808229478,8234.85990411471,1.5,0.055013531399613014,0.16750290306218885,0.005762875691427475,239.25,200.80345120584326,0.06920954278419586,0,79:flood:semiwild|93:wildfire:alternative|94:funding_collapse|97:wildfire:semiwild,0.003275931110395101,0.07872644509899135,0.07729688737052111,0.010439166268217129,0.0009220601106283962,0.0006298726990062276,0.0010639427580062194,c74ec0679dee41ca,99
S6,rule,False,809900,0.625,0.0,5,0,0,0,2,0.6666666666666666,1.0,25.0,164.40876114448943,0.611789931868974,0.0,,,0,0,0,16531.68338948628,16531.683389486356,16531.68338948628,1.5,0.6025462543759582,0.06544101321576885,0.0003406968348109073,0.0,0.0,0.025931938890865116,1,79:flood:semiwild|93:wildfire:alternative|94:funding_collapse|97:wildfire:semiwild,0.01360000000000001,0.07930568815232837,0.0,0.0,5.451149356974517e-05,0.0007498684851278498,0.0,c74ec0679dee41ca,99
S7,forward_rollout_proxy,False,809900,0.125,0.125,1,1,156,0,3,1.0,1.0,29.333333333333332,102.79191742765096,0.5497919086833776,4.039840637450199,0.001267475839573666,0.9987325241604263,58,0,0,16331.02650355058,16331.02650355058,16331.02650355058,1.5,0.16594021876680157,0.12557308266537615,0.006209003651191306,133.0,111.62741488140925,0.06165327207097003,0,79:flood:semiwild|93:wildfire:alternative|94:funding_collapse|97:wildfire:semiwild,0.005059390246387831,0.07718283340808646,0.04260460181514381,0.013371488850320568,0.000993440584190609,0.0008103840466545141,0.0008982956252785021,c74ec0679dee41ca,99
S4,state_dependent_rule,False,809901,0.125,0.125,1,1,181,0,3,1.0,1.0,22.0,90.65833731742246,0.5290305805051302,4.707716625952005,0.0016777710057940464,0.998322228994206,31,0,0,16166.140984617883,16166.14098461792,16166.140984617883,1.5,0.09026905038746218,0.12188833637802124,0.0070989353770673416,174.75,146.6683515077163,0.04767132539877485,0,3:flood:reserve|42:heatwave:semiwild|44:funding_collapse|48:flood:semiwild|69:flood:origin|73:heatwave:reserve|83:wildfire:semiwild,0.003302955080228413,0.07452377210367316,0.049651241615346856,0.014282419012112883,0.001135829660330775,0.0009117758722689663,0.0012049441125731271,c74ec0679dee41ca,99
S6,rule,False,809901,0.375,0.0,3,0,0,0,2,0.6666666666666666,1.0,21.0,118.38165266942866,0.561201437125281,0.0,,,0,0,0,16391.131156096813,16391.131156096875,16391.131156096813,1.5,0.6256576794066212,0.0659659021917173,4.938271604938271e-05,0.0,0.0,0.017000671255275882,1,3:flood:reserve|42:heatwave:semiwild|44:funding_collapse|48:flood:semiwild|69:flood:origin|73:heatwave:reserve|83:wildfire:semiwild,0.012480000000000008,0.07320338797517029,0.0,0.0,7.901234567901235e-06,0.0005072736649809563,0.0,c74ec0679dee41ca,99
S7,forward_rollout_proxy,False,809901,0.125,0.125,1,1,195,0,2,0.6666666666666666,1.0,23.0,96.10416276981674,0.5409664766640183,4.441654012381732,0.0009570413302836484,0.9990429586697164,27,0,0,16294.255230371702,16294.255230371702,16294.255230371702,1.5,0.21185834699424766,0.13350333916971063,0.00447694136586093,131.5,110.36845907447606,0.05825482173234278,1,3:flood:reserve|42:heatwave:semiwild|44:funding_collapse|48:flood:semiwild|69:flood:origin|73:heatwave:reserve|83:wildfire:semiwild,0.0041406951057282515,0.07586330763167978,0.04537513047740758,0.013320701192362162,0.0007163106185377486,0.0008076098961318868,0.0009062344221658011,c74ec0679dee41ca,99
S4,state_dependent_rule,False,809902,0.125,0.125,1,1,152,0,3,1.0,1.0,18.666666666666668,87.85121714560196,0.5111950243609298,3.6778096147723653,0.0003701132189999786,0.9996298867810001,48,0,0,16332.69316086313,16332.693160863175,16332.69316086313,1.5,0.09234468032831329,0.11214742424643484,0.005999930716071558,187.5,157.36947586664832,0.04942430032939927,0,8:flood:origin|42:wildfire:reserve|46:flood:semiwild|53:heatwave:origin|55:flood:origin|64:funding_collapse|78:wildfire:reserve|81:flood:origin,0.0027282254581979344,0.07524800001192235,0.055768140475884014,0.016753064641843472,0.0009599889145714492,0.0009189796636903411,0.0012098623632781267,c74ec0679dee41ca,99
S6,rule,False,809902,0.0,0.0,0,0,0,0,3,1.0,1.0,29.333333333333332,38.55828288964364,0.34576737097962296,0.0,,,0,0,0,16431.709220083656,16431.709220083718,16431.709220083656,1.5,0.6699999999999999,0.0686705399152454,5.194805194805195e-05,0.0,0.0,0.00835269957622701,0,8:flood:origin|42:wildfire:reserve|46:flood:semiwild|53:heatwave:origin|55:flood:origin|64:funding_collapse|78:wildfire:reserve|81:flood:origin,0.007840000000000007,0.05277543528975273,0.0,0.0,8.311688311688312e-06,0.0003088820423126195,0.0,c74ec0679dee41ca,99
S7,forward_rollout_proxy,False,809902,0.25,0.125,2,1,169,3,3,1.0,1.0,16.333333333333332,76.333298078174,0.5421773880350567,3.8096571962118184,0.00346391352066455,0.9965360864793354,45,0,0,16378.799544451977,16378.799544451977,16378.799544451977,1.5,0.21353456068504062,0.12971945305383556,0.004194462366272269,136.75,114.77480439874222,0.07009712511606656,0,8:flood:origin|42:wildfire:reserve|46:flood:semiwild|53:heatwave:origin|55:flood:origin|64:funding_collapse|78:wildfire:reserve|81:flood:origin,0.0051386485393039,0.07850442594088554,0.045109755126323786,0.016716554771347255,0.0006711139786035628,0.0009048643028115697,0.0010546979984102762,c74ec0679dee41ca,99
S4,state_dependent_rule,False,809903,0.25,0.125,2,1,191,0,3,1.0,1.0,21.0,95.06853686835223,0.5290517362505017,6.03290888043658,0.0014256178007209712,0.9985743821992791,60,0,0,16427.059348565836,16427.059348565883,16427.059348565836,1.5,0.059600284238508716,0.1333518501144181,0.004000960395674633,190.0,159.46773554487035,0.05406366443100718,0,46:heatwave:semiwild|63:wildfire:alternative|76:heatwave:reserve|83:flood:reserve,0.0036281459610514417,0.07533785488669531,0.051550440290829475,0.014089579766118774,0.0006401536633079416,0.0008840758147226803,0.001235501883652131,c74ec0679dee41ca,99
S6,rule,False,809903,0.375,0.0,3,0,0,0,1,0.3333333333333333,1.0,17.0,127.2089761057109,0.5931475628374209,0.0,,,0,0,0,16581.056383711984,16581.05638371206,16581.056383711984,1.5,0.5193850213551827,0.05554215018284548,0.0003139332803115182,0.0,0.0,0.018018240236636035,2,46:heatwave:semiwild|63:wildfire:alternative|76:heatwave:reserve|83:flood:reserve,0.01312000000000001,0.07362574871722659,0.0,0.0,5.022932484984291e-05,0.0006564591205027568,0.0,c74ec0679dee41ca,99
S7,forward_rollout_proxy,False,809903,0.125,0.125,1,1,157,0,3,1.0,1.0,22.0,91.99092353214175,0.5554816969066834,3.70494513753194,0.003891483447812698,0.9961085165521874,66,0,0,16391.95156756928,16391.95156756928,16391.95156756928,1.5,0.13668859412471993,0.11793332228288084,0.006024889142243286,128.0,107.4308955249653,0.05482505747544727,0,46:heatwave:semiwild|63:wildfire:alternative|76:heatwave:reserve|83:flood:reserve,0.005022911454760682,0.0773040907271888,0.038903073496160775,0.012968427927908987,0.000963982262758926,0.0008630342369798515,0.0011475557607328768,c74ec0679dee41ca,99
S4,state_dependent_rule,False,810000,0.375,0.25,3,2,460,374,3,1.0,1.0,15.666666666666666,139.773490535208,0.5671660156898812,3.370529390630919,0.006789816840499525,0.9932101831595005,405,0,0,20928.990078249324,20928.990078249324,10464.495039124662,1.2104463267574863,0.44749431308089466,0.2055129936107802,0.0015880838219650847,249.0,51.38348755357371,0.07279134198190766,0,1:funding_collapse|3:flood:origin|51:flood:alternative|53:wildfire:reserve|71:funding_collapse|73:funding_collapse|96:funding_collapse,0.008273351186992444,0.06720936865112534,0.06593276503663818,0.012334861979666352,0.00025409341151441363,0.0006587096996245284,0.0002554503090095844,0608699fa2a52204,100
S6,rule,False,810000,0.5,0.5,4,4,450,450,1,0.3333333333333333,1.0,15.0,415.07896111466727,0.7681809608067597,3.3158863603727755,0.08089645836700604,0.919103541632994,0,0,0,22322.481104543996,22322.481104544,5580.620276135999,1.5,0.8771839157722674,0.3523506583818661,0.0,0.0,0.0,0.032367016004557936,2,1:funding_collapse|3:flood:origin|51:flood:alternative|53:wildfire:reserve|71:funding_collapse|73:funding_collapse|96:funding_collapse,0.01600000000000001,0.04501489543703844,0.0,0.0,0.0,0.0008041437562019752,0.0,0608699fa2a52204,100
S7,forward_rollout_proxy,False,810000,0.5,0.5,4,4,924,924,2,0.6666666666666666,1.0,20.0,274.54065987116337,0.5712494378741786,2.5495420243061484,0.00037395163451504345,0.999626048365485,163,0,0,21704.479551505843,21704.479551505843,5426.119887876461,1.5,0.6699999999999999,0.34336377308800675,0.00012792590451361164,67.75,13.980848521102875,0.12934176422472618,1,1:funding_collapse|3:flood:origin|51:flood:alternative|53:wildfire:reserve|71:funding_collapse|73:funding_collapse|96:funding_collapse,0.013582753115948327,0.04582887866485331,0.13990879149454796,0.008885302919592997,2.0468144722177863e-05,0.0005036646525919564,6.597300619062536e-05,0608699fa2a52204,100
S4,state_dependent_rule,False,810001,0.375,0.375,3,3,878,771,1,0.3333333333333333,1.0,22.0,329.26532687725535,0.5892528013843199,5.2570642995858465,0.0008738569937608505,0.9991261430062391,697,0,0,21620.84342952113,21620.84342952113,7206.947809840377,1.4708720770510253,0.5856622740021292,0.300367537587209,0.0014206272601427288,270.75,55.87180423747013,0.10240333595568825,2,50:funding_collapse|55:flood:semiwild|68:wildfire:alternative|73:funding_collapse|98:flood:semiwild,0.012062975661372771,0.06400401559353665,0.08575669066099852,0.015765672914348595,0.00022730036162283657,0.0010483252829695526,0.00012911947787371797,0608699fa2a52204,100
S6,rule,False,810001,1.0,0.875,8,7,667,667,0,0.0,0.0,,782.8438468895407,0.7798756078197872,5.005786983523954,0.0,1.0,0,0,0,22563.287303493253,22563.287303493256,3223.3267576418934,1.5,0.8846415083713915,0.5434977858097076,0.00020275794593247335,0.0,0.0,0.05612882568664483,3,50:funding_collapse|55:flood:semiwild|68:wildfire:alternative|73:funding_collapse|98:flood:semiwild,0.01600000000000001,0.03314544413367037,0.0,0.0,3.2441271349195734e-05,0.0009465067751933919,0.0,0608699fa2a52204,100
S7,forward_rollout_proxy,False,810001,0.75,0.625,6,5,1200,1200,1,0.3333333333333333,1.0,22.0,427.5085633297378,0.560130444298321,3.9523787636237273,0.003372936725329391,0.9966270632746707,32,0,0,22283.47457279357,22283.47457279357,4456.694914558714,1.5,0.6699999999999999,0.4249523938844267,0.0005607386357644832,90.25,18.623934745823384,0.1858930312409472,2,50:funding_collapse|55:flood:semiwild|68:wildfire:alternative|73:funding_collapse|98:flood:semiwild,0.014481102942432267,0.04039441923361947,0.16494274962837555,0.013974299824401333,8.971818172231734e-05,0.0010951958506586013,3.884416846745263e-05,0608699fa2a52204,100
S4,state_dependent_rule,False,810002,0.5,0.375,4,3,913,763,2,0.6666666666666666,1.0,22.5,371.47876853464635,0.6102747423299563,5.120586608323506,0.003939563658845212,0.9960604363411548,872,0,0,21745.901591630496,21745.901591630492,7248.633863876832,1.5,0.5882105874909058,0.299508012844333,0.0012873259022726066,335.75,69.28516444221835,0.10365544006003666,1,18:wildfire:origin|62:flood:semiwild,0.01174917116641893,0.058415232178098284,0.06702776719758212,0.01129688623594346,0.00020597214436361707,0.0009169255595850592,0.00015521182495078074,0608699fa2a52204,100
S6,rule,False,810002,1.0,0.875,8,7,596,596,0,0.0,0.0,,736.7599267267335,0.7788126776546953,5.165567214411902,0.0,1.0,0,0,0,22684.7811221595,22684.781122159504,3240.683017451357,1.5,0.8883703046709536,0.5442251006365693,0.0,0.0,0.0,0.049911990126774164,3,18:wildfire:origin|62:flood:semiwild,0.01600000000000001,0.034222280771386476,0.0,0.0,0.0,0.000965041573918192,0.0,0608699fa2a52204,100
S7,forward_rollout_proxy,False,810002,0.75,0.75,6,6,1049,1049,2,0.6666666666666666,1.0,32.0,225.66300195328049,0.3585264963866453,4.144250308645395,0.0011690053791913273,0.9988309946208087,35,0,0,22286.240722740913,22286.240722740913,3714.3734537901523,1.5,0.6699999999999999,0.4833849847889059,0.0005997012898301923,59.0,12.175203878156015,0.18721240851225984,1,18:wildfire:origin|62:flood:semiwild,0.012896050827315288,0.037329264517932684,0.34996476608274407,0.022004659456004362,9.59522063728308e-05,0.0009989920581705367,3.0347256524892405e-05,0608699fa2a52204,100
S4,state_dependent_rule,False,810003,0.5,0.375,4,3,642,543,2,0.6666666666666666,1.0,9.5,237.14753799643856,0.5496353515243941,4.123016539280049,0.003424378521695176,0.9965756214783048,549,0,0,21272.48693626862,21272.48693626862,7090.828978756206,1.2943766915514021,0.36000000000000004,0.2670891791646848,0.0015552528546873418,261.0,53.85980020675797,0.10554506885942133,1,5:heatwave:origin|23:flood:alternative|72:heatwave:origin|86:flood:reserve|91:flood:reserve|97:flood:origin,0.011911450788080234,0.06259321421609072,0.11521515223188972,0.023258875302452423,0.0002488404567499746,0.0012596832476707968,0.00016623770425406613,0608699fa2a52204,100
S6,rule,False,810003,0.625,0.5,5,4,9,9,1,0.3333333333333333,1.0,16.0,371.08197612044233,0.7481777794398654,1.35,0.029848,0.970152,0,0,0,22592.70828690628,22592.70828690628,5648.17707172657,1.5,0.6002907184684819,0.3066225719447207,0.00020997953939527546,0.0,0.0,0.040467500489362415,2,5:heatwave:origin|23:flood:alternative|72:heatwave:origin|86:flood:reserve|91:flood:reserve|97:flood:origin,0.01600000000000001,0.0647938818921627,0.0,0.0,3.359672630324408e-05,0.0009947419416687733,0.0,0608699fa2a52204,100
S7,forward_rollout_proxy,False,810003,0.625,0.625,5,5,317,317,1,0.3333333333333333,1.0,9.0,203.99391877841634,0.3859008306981147,3.195571704210694,0.00010832220618185583,0.9998916777938182,178,0,0,21956.360606455928,21956.360606455928,4391.272121291186,1.5,0.4897670778464194,0.39525760632769935,0.000829847536329613,74.25,15.322184541577707,0.16537590750475253,2,5:heatwave:origin|23:flood:alternative|72:heatwave:origin|86:flood:reserve|91:flood:reserve|97:flood:origin,0.012690402383148525,0.04181393129706147,0.3219753671760685,0.011831867767272035,0.00013277560581273807,0.000555830114390603,5.71752139856201e-05,0608699fa2a52204,100
S4,state_dependent_rule,False,810100,0.125,0.125,1,1,103,0,0,0.0,0.0,,51.03066105882644,0.4535023408653315,1.9998114985862392,0.004884726522408022,0.995115273477592,5,0,0,3287.7409128730415,3287.7409128730415,3287.7409128730415,0.0,0.13764005352385508,0.09969901493853099,0.0002708578143360752,25.75,39.78450174456258,0.04843447300141546,3,1:heatwave:reserve|46:flood:semiwild|58:heatwave:alternative,0.003845538057313595,0.0782129891512346,0.04745183833595202,0.013634721095726247,4.333725029377203e-05,0.0007628909437613965,0.0009107725875792686,9ae1fd525019cde0,101
S6,rule,False,810100,0.0,0.0,0,0,0,0,0,0.0,0.0,,57.92839853608251,0.2741484693859652,0.0,,,0,0,0,3765.2677959176744,3765.2677959176744,3765.2677959176744,0.8775588883007326,0.38372230394535073,0.040559647485364,0.0002885613611456148,0.0,0.0,0.010937085454144641,3,1:heatwave:reserve|46:flood:semiwild|58:heatwave:alternative,0.006240000000000004,0.04298802763316959,0.0,0.0,4.6169817783298366e-05,0.0002773331630819259,0.0,9ae1fd525019cde0,101
S7,forward_rollout_proxy,False,810100,0.125,0.125,1,1,52,0,0,0.0,0.0,,44.06025887773747,0.4865710252900404,1.0,0.3137676845806906,0.6862323154193094,3,0,0,3295.3381664876415,3295.3381664876415,3295.3381664876415,0.0,0.16980675598006725,0.09575476541861402,0.0002708578143360752,14.5,22.40292331247214,0.06262044910303646,3,1:heatwave:reserve|46:flood:semiwild|58:heatwave:alternative,0.003934941862748953,0.0769672630329171,0.01935117978948369,0.013520549004348494,4.333725029377203e-05,0.0008220695762434669,0.0008264895709473316,9ae1fd525019cde0,101
S4,state_dependent_rule,False,810101,0.0,0.0,0,0,0,0,0,0.0,0.0,,33.48194038059577,0.23603191389457406,0.0,,,7,0,0,3419.216228077982,3419.216228077982,3419.216228077982,0.20351062775553927,0.1405322415218333,0.02056365682027507,0.005862616169255877,12.75,19.699122223035825,0.03255216334045869,3,24:heatwave:alternative|37:wildfire:semiwild|38:funding_collapse|77:funding_collapse,0.003866287164946562,0.03781592447787029,0.0001900878646879725,0.002463554512811038,0.0009380185870809402,0.0005972715432975037,0.0017899927648366122,9ae1fd525019cde0,101
S6,rule,False,810101,0.0,0.0,0,0,0,0,0,0.0,0.0,,55.902970537733296,0.2676176930377907,0.0,,,0,0,0,3820.6176651939345,3820.617665193936,3820.6176651939345,1.0704480622993215,0.48747439617098887,0.05105689867699141,0.0002874843275832236,0.0,0.0,0.011547295299462624,3,24:heatwave:alternative|37:wildfire:semiwild|38:funding_collapse|77:funding_collapse,0.006080000000000005,0.041288652340465325,0.0,0.0,4.599749241331577e-05,0.00036765712933065694,0.0,9ae1fd525019cde0,101
S7,forward_rollout_proxy,False,810101,0.0,0.0,0,0,0,0,0,0.0,0.0,,37.47759454739855,0.22634187706749306,0.0,,,10,0,0,3532.451109386717,3532.451109386717,3532.451109386717,0.40643512536957555,0.20246792992223295,0.02777191284842952,0.00036933365249704176,11.75,18.154093029072232,0.037625599281031125,3,24:heatwave:alternative|37:wildfire:semiwild|38:funding_collapse|77:funding_collapse,0.004564007843668987,0.03982407495689031,8.723102441519128e-05,0.0017824799648398911,5.9093384399526666e-05,0.000484704445144095,0.0013376306953390201,9ae1fd525019cde0,101
S4,state_dependent_rule,False,810102,0.0,0.0,0,0,0,0,0,0.0,0.0,,34.419903213869446,0.21868158928200118,0.0,,,6,0,0,3317.122073572565,3317.1220735725647,3317.122073572565,0.041689710515219004,0.1640347206915676,0.022489722123557526,0.0002666303100919088,13.5,20.857894118508526,0.030431250272003815,3,4:funding_collapse|16:heatwave:reserve|95:wildfire:origin,0.003935927182794487,0.03724771763409723,0.00018385812770672978,0.0021792933610078166,4.2660849614705414e-05,0.0010366751993129608,0.002040574654125056,9ae1fd525019cde0,101
S6,rule,False,810102,0.0,0.0,0,0,0,0,0,0.0,0.0,,56.34552771362399,0.28610567563056766,0.0,,,0,0,0,3780.317810792236,3780.317810792236,3780.317810792236,0.9360748780152636,0.3765877286223656,0.03986213042083569,0.00015082310918265444,0.0,0.0,0.011016787792995598,3,4:funding_collapse|16:heatwave:reserve|95:wildfire:origin,0.006560000000000005,0.047317670819359184,0.0,0.0,2.4131697469224712e-05,0.0002925218526039448,0.0,9ae1fd525019cde0,101
S7,forward_rollout_proxy,False,810102,0.0,0.0,0,0,0,0,0,0.0,0.0,,38.817547173061755,0.21312008954195044,0.0,,,6,0,0,3494.4278412878675,3494.4278412878675,3494.4278412878675,0.37012249299660277,0.25685104158459965,0.03158026361464687,7.9155672823219e-05,10.75,16.609063835108635,0.029475797280934524,3,4:funding_collapse|16:heatwave:reserve|95:wildfire:origin,0.004379578620359457,0.03587391261099413,6.640753544073548e-05,0.0011288331928148076,1.266490765171504e-05,0.00038710381389591987,0.002211172994673192,9ae1fd525019cde0,101
S4,state_dependent_rule,False,810103,0.0,0.0,0,0,0,0,0,0.0,0.0,,29.91771319828058,0.1945497501804887,0.0,,,9,0,0,3474.145539155017,3474.145539155016,3474.145539155017,0.3251873344571355,0.1705347533452666,0.023328305672520575,0.00012885282025098754,14.5,22.40292331247211,0.03137415168996956,3,19:funding_collapse|55:funding_collapse|68:heatwave:reserve|81:funding_collapse|89:heatwave:reserve,0.0038082122860834404,0.03179622465379917,0.00014397514109667,0.000781791821492325,2.0616451240158012e-05,0.00026136470837285456,0.0005856812819810027,9ae1fd525019cde0,101
S6,rule,False,810103,0.0,0.0,0,0,0,0,0,0.0,0.0,,48.47985632972512,0.2733820218958522,0.0,,,0,0,0,3826.824875574765,3826.824875574766,3826.824875574765,1.0680865152930625,0.36000000000000004,0.03838955203667204,5.392755392755393e-05,0.0,0.0,0.011947760183360186,3,19:funding_collapse|55:funding_collapse|68:heatwave:reserve|81:funding_collapse|89:heatwave:reserve,0.006240000000000004,0.04375469426681375,0.0,0.0,8.62840862840863e-06,0.0003146554287056623,0.0,9ae1fd525019cde0,101
S7,forward_rollout_proxy,False,810103,0.0,0.0,0,0,0,0,0,0.0,0.0,,32.8700081201611,0.2564628935173372,0.0,,,3,0,0,3478.536116831532,3478.5361168315326,3478.536116831532,0.3621974018673127,0.25580447378117355,0.03330524419918726,0.00018157490643134775,10.5,16.222806536617735,0.03862398410534953,3,19:funding_collapse|55:funding_collapse|68:heatwave:reserve|81:funding_collapse|89:heatwave:reserve,0.004809378395839965,0.042768193326833896,0.00010569562766617686,0.0016584626299206507,2.9051985029015643e-05,0.00045735455508256985,0.0014254528048732165,9ae1fd525019cde0,101
S4,state_dependent_rule,False,810200,0.5,0.375,4,3,331,242,1,0.3333333333333333,1.0,27.0,237.38222610887607,0.7164874593487874,2.883997920856542,0.012221197597757532,0.9877788024022425,425,0,0,21979.144966937576,21979.144966937576,7326.381655645859,1.5,0.589303390774974,0.27852909438788903,0.0011735563245039082,224.75,54.58171694131345,0.1100438805091309,2,18:flood:reserve|52:heatwave:alternative|61:heatwave:reserve|63:funding_collapse|68:funding_collapse|94:funding_collapse,0.013723976974768898,0.0694603311830524,0.005874113257549643,0.0018201986837516231,0.00018776901192062528,0.0007110034326524105,0.000216894946935863,231a8588b189dd6c,102
S6,rule,False,810200,1.0,1.0,8,8,1181,1181,0,0.0,0.0,,797.3815243746166,0.7866365292319731,5.208892108049014,0.02713163746531047,0.9728683625346896,0,0,0,22038.379233388412,22038.379233388412,2754.7974041735515,1.5,0.98,0.6108899016477689,0.00018682653670038025,0.0,0.0,0.05400490283639365,3,18:flood:reserve|52:heatwave:alternative|61:heatwave:reserve|63:funding_collapse|68:funding_collapse|94:funding_collapse,0.01600000000000001,0.026342299915688767,0.0,0.0,2.9892245872060844e-05,0.00099127860646594,0.0,231a8588b189dd6c,102
S7,forward_rollout_proxy,False,810200,0.5,0.5,4,4,618,618,1,0.3333333333333333,1.0,21.0,500.6287636027005,0.7718917819651884,5.700220509232212,0.0,1.0,7,0,0,21970.221502851247,21970.221502851247,5492.555375712812,1.5,0.9124932181880046,0.3996443351331011,0.00026479943387839005,9.75,2.367838665974667,0.13196404110989254,2,18:flood:reserve|52:heatwave:alternative|61:heatwave:reserve|63:funding_collapse|68:funding_collapse|94:funding_collapse,0.015995514309635476,0.040880088758864,2.1679750685121517e-06,1.3760109378276112e-05,4.236790942054241e-05,0.001146918779123894,7.083758640221613e-06,231a8588b189dd6c,102
S4,state_dependent_rule,False,810201,0.5,0.5,4,4,855,809,0,0.0,0.0,,417.9584333369723,0.6786600111911667,4.247757657737385,0.0022066112793960244,0.997793388720604,566,0,0,22055.965759920986,22055.965759920986,5513.9914399802465,1.5,0.6096004754296271,0.3531263593692271,0.0010413081862250088,264.75,64.29592685300439,0.12344367624445246,3,1:heatwave:reserve|25:flood:semiwild|28:wildfire:semiwild|29:wildfire:origin|43:funding_collapse|52:flood:semiwild|83:wildfire:reserve,0.014619920413284278,0.059772814123741566,0.05563458509820892,0.007593729117475512,0.00016660930979600142,0.0010117686667327622,0.0001534650672954113,231a8588b189dd6c,102
S6,rule,False,810201,1.0,1.0,8,8,1192,1192,0,0.0,0.0,,776.3954321402892,0.78483772828222,4.760277754110267,0.001216298352401177,0.9987837016475988,0,0,0,22148.193920985374,22148.193920985377,2768.5242401231717,1.5,0.98,0.6076494001836267,0.0003174365431344321,0.0,0.0,0.06023311321262025,3,1:heatwave:reserve|25:flood:semiwild|28:wildfire:semiwild|29:wildfire:origin|43:funding_collapse|52:flood:semiwild|83:wildfire:reserve,0.01600000000000001,0.028128452836738274,0.0,0.0,5.078984690150914e-05,0.0009830290341401179,0.0,231a8588b189dd6c,102
S7,forward_rollout_proxy,False,810201,0.75,0.625,6,5,943,943,0,0.0,0.0,,546.0659433515382,0.7050879133690715,4.227731949511578,0.00207536584527874,0.9979246341547212,169,0,0,22068.797938516836,22068.797938516836,4413.759587703367,1.5,0.8203785248319754,0.4411566086523549,0.0004765663045157082,108.5,26.349794385461667,0.17795718337020777,3,1:heatwave:reserve|25:flood:semiwild|28:wildfire:semiwild|29:wildfire:origin|43:funding_collapse|52:flood:semiwild|83:wildfire:reserve,0.01534848992375366,0.051293731141559364,0.04628602398815465,0.007826903848910119,7.625060872251334e-05,0.0010263462270092803,3.909149115064796e-05,231a8588b189dd6c,102
S4,state_dependent_rule,False,810202,0.75,0.75,6,6,557,557,0,0.0,0.0,,325.2595727007108,0.526077517067188,4.182913573388998,0.0008261882225333566,0.9991738117774667,382,0,0,22247.691196899606,22247.691196899603,3707.948532816601,1.5,0.4206981019125316,0.454882157882075,0.000722869593673333,197.5,47.963911438973994,0.16741605978465923,3,40:flood:origin|50:flood:semiwild|69:heatwave:reserve|90:flood:reserve|92:heatwave:reserve,0.013782320223882148,0.051404918215690605,0.21937921645284955,0.01735577720015601,0.00011565913498773328,0.0009812852615908223,9.237833105344058e-05,231a8588b189dd6c,102
S6,rule,False,810202,1.0,0.75,8,6,1136,1136,0,0.0,0.0,,752.0884032825734,0.7797575600275419,5.303201417077363,0.0,1.0,0,0,0,22240.849218377505,22240.849218377505,3706.8082030629175,1.5,0.8339583999694055,0.48409223110998467,0.00019015215117906118,0.0,0.0,0.05082188471135232,3,40:flood:origin|50:flood:semiwild|69:heatwave:reserve|90:flood:reserve|92:heatwave:reserve,0.01600000000000001,0.033211506904536295,0.0,0.0,3.0424344188649785e-05,0.00100050872373337,0.0,231a8588b189dd6c,102
S7,forward_rollout_proxy,False,810202,0.75,0.75,6,6,769,769,0,0.0,0.0,,545.1186449936903,0.6452373416333869,3.820986551099708,0.0005391675150073128,0.9994608324849927,219,0,0,22203.53536023348,22203.535360233484,3700.58922670558,1.5,0.6131428842092673,0.4751532466266959,0.0005320836447490481,143.0,34.72830043429509,0.19064546347386027,3,40:flood:origin|50:flood:semiwild|69:heatwave:reserve|90:flood:reserve|92:heatwave:reserve,0.014976722859038373,0.044168881696838955,0.11101019793774226,0.009090765445969548,8.513338315984772e-05,0.0008567495686477168,4.320820261757332e-05,231a8588b189dd6c,102
S4,state_dependent_rule,False,810203,0.75,0.5,6,4,1136,1091,2,0.6666666666666666,1.0,32.0,467.0135646302005,0.6636519102914923,4.993101578520188,0.0004188051720934459,0.9995811948279065,477,0,0,22134.687229417752,22134.687229417752,5533.671807354438,1.5,0.6614474800827229,0.368427873609421,0.0009143258316858937,263.0,63.870930169367895,0.1367605490797337,1,27:funding_collapse|42:heatwave:reserve|52:funding_collapse|97:heatwave:alternative,0.01443465124338139,0.05870610720936323,0.07423551553925631,0.014064204963402218,0.00014629213306974296,0.001081517150245601,0.00011562128291193242,231a8588b189dd6c,102
S6,rule,False,810203,0.875,0.875,7,7,1150,1150,1,0.3333333333333333,1.0,23.0,831.5496297198666,0.7864246720362614,6.386419546712751,0.0,1.0,0,0,0,22115.13749191888,22115.13749191888,3159.305355988411,1.5,0.9030738399929433,0.558123245996749,0.0002537654507924242,0.0,0.0,0.05100833265163593,2,27:funding_collapse|42:heatwave:reserve|52:funding_collapse|97:heatwave:alternative,0.01600000000000001,0.02657397567295232,0.0,0.0,4.060247212678786e-05,0.0009607498186597922,0.0,231a8588b189dd6c,102
S7,forward_rollout_proxy,False,810203,0.875,0.75,7,6,1187,1187,0,0.0,0.0,,722.705795390022,0.7330620363421846,5.367918491107074,0.00047443502566791917,0.9995255649743321,103,0,0,22110.563326265867,22110.56332626587,3685.093887710978,1.5,0.8382639190008604,0.5128610675475156,0.0004118353932123541,78.75,19.124850763641536,0.1892774536817941,3,27:funding_collapse|42:heatwave:reserve|52:funding_collapse|97:heatwave:alternative,0.015148725683627462,0.04209162363926126,0.03675712909469862,0.002542690961184251,6.589366291397666e-05,0.0008770411011970332,2.439226476062586e-05,231a8588b189dd6c,102
S4,state_dependent_rule,False,810300,1.0,0.875,8,7,1134,1134,1,0.3333333333333333,1.0,76.0,769.3047362663668,0.7743057713286058,5.831600436631858,0.001247222465878393,0.9987527775341216,138,0,0,9815.87338346893,9815.87338346893,1402.267626209847,1.5,0.9288044227854928,0.5773968394992557,0.00014257698619557873,37.5,55.06289547797226,0.16225196427193941,1,23:heatwave:reserve|35:flood:semiwild|65:funding_collapse|79:heatwave:alternative|80:wildfire:reserve,0.015708466626528292,0.031521526051506626,0.004523447163164399,0.0008720929354598748,2.2812317791292597e-05,0.000893235675329047,7.287830350726404e-05,db8de684706f6870,103
S6,rule,False,810300,0.875,0.875,7,7,1174,1174,1,0.3333333333333333,1.0,37.0,878.7805994827897,0.7876550618523381,6.562889923750452,0.0,1.0,0,0,0,9821.24520963335,9821.24520963335,1403.0350299476215,1.5,0.98,0.5666504400530439,0.00016828821731156956,0.0,0.0,0.04635770407769695,1,23:heatwave:reserve|35:flood:semiwild|65:funding_collapse|79:heatwave:alternative|80:wildfire:reserve,0.01600000000000001,0.025371715324397668,0.0,0.0,2.6926114769851134e-05,0.0009462967084941645,0.0,db8de684706f6870,103
S7,forward_rollout_proxy,False,810300,0.875,0.875,7,7,1200,1200,1,0.3333333333333333,1.0,37.0,836.9160038626626,0.7858554456809691,5.56514821100347,0.0,1.0,1,0,0,9806.557036197626,9806.557036197626,1400.9367194568038,1.5,0.98,0.5904499318323696,0.00017926867197723347,2.25,3.303773728678335,0.2152422486116744,2,23:heatwave:reserve|35:flood:semiwild|65:funding_collapse|79:heatwave:alternative|80:wildfire:reserve,0.015998965500732546,0.0271065916793116,2.6205941603314414e-07,3.10349780239523e-06,2.868298751635736e-05,0.0009933692375547788,7.366122846900826e-06,db8de684706f6870,103
S4,state_dependent_rule,False,810301,1.0,1.0,8,8,977,977,0,0.0,0.0,,596.339094417376,0.7352747119995358,3.60330345512814,0.009520590859238143,0.9904794091407618,12,0,0,9823.80163563753,9823.80163563753,1227.9752044546913,1.5,0.8916347030411131,0.6105411080853681,0.0005342222196193088,48.25,70.84759218165763,0.17672301614987657,3,10:wildfire:reserve|36:heatwave:semiwild|53:heatwave:alternative|62:flood:origin|88:wildfire:semiwild,0.015496552594949415,0.04260467951372043,0.02925644827850679,0.0014822040588774025,8.547555513908942e-05,0.0008280866317249627,0.0001075402023163111,db8de684706f6870,103
S6,rule,False,810301,1.0,1.0,8,8,1194,1194,0,0.0,0.0,,819.0536815155215,0.7852760249431904,5.132767289167701,0.026496841872180515,0.9735031581278195,0,0,0,9847.863966379135,9847.863966379135,1230.9829957973918,1.5,0.98,0.6094261309573842,0.00040233247263295885,0.0,0.0,0.05049229032853614,3,10:wildfire:reserve|36:heatwave:semiwild|53:heatwave:alternative|62:flood:origin|88:wildfire:semiwild,0.01600000000000001,0.027692253088644356,0.0,0.0,6.437319562127343e-05,0.0009673487725442137,0.0,db8de684706f6870,103
S7,forward_rollout_proxy,False,810301,0.875,0.75,7,6,1200,1200,0,0.0,0.0,,753.9454914918987,0.7672690217370979,5.537418416217484,0.0007386356671089731,0.999261364332891,38,0,0,9830.148042963232,9830.148042963232,1638.3580071605386,1.5,0.98,0.526882508142086,0.0006411286701356155,24.0,35.24025310590226,0.18004161989955605,3,10:wildfire:reserve|36:heatwave:semiwild|53:heatwave:alternative|62:flood:origin|88:wildfire:semiwild,0.015627896868538594,0.034924383970546716,0.006781013505839505,0.0010567694117557748,0.00010258058722169847,0.0008891633241185717,4.3336007680044636e-05,db8de684706f6870,103
S4,state_dependent_rule,False,810302,0.875,0.625,7,5,1047,1047,1,0.3333333333333333,1.0,24.0,678.9477479407361,0.7762489005775813,6.538609631546139,0.0,1.0,65,0,0,9794.596510260551,9794.596510260551,1958.9193020521102,1.5,0.8933638750397503,0.466758204726309,0.00016607014335951617,30.25,44.417402352230965,0.15392860453436288,2,1:funding_collapse|39:funding_collapse|59:wildfire:reserve|83:wildfire:semiwild|95:flood:alternative,0.015717749156984366,0.02957577461947458,0.004596938876885822,0.000848663774759075,2.6571222937522586e-05,0.0009687551455953667,7.548233746807479e-05,db8de684706f6870,103
S6,rule,False,810302,1.0,1.0,8,8,1200,1200,0,0.0,0.0,,850.200125979548,0.7871863457961352,5.550887868528321,0.00010889973328525541,0.9998911002667148,0,0,0,9797.00940014851,9797.00940014851,1224.6261750185638,1.5,0.9423990433679589,0.6107119495439708,0.0003481204727411361,0.0,0.0,0.05481583260945814,3,1:funding_collapse|39:funding_collapse|59:wildfire:reserve|83:wildfire:semiwild|95:flood:alternative,0.01600000000000001,0.02584222135948257,0.0,0.0,5.569927563858178e-05,0.0009157335687436412,0.0,db8de684706f6870,103
S7,forward_rollout_proxy,False,810302,0.875,0.875,7,7,1200,1200,1,0.3333333333333333,1.0,47.0,828.6006061739038,0.7744074608497068,5.770537533885111,0.0,1.0,36,0,0,9792.235282216605,9792.235282216605,1398.8907546023722,1.5,0.9078095707424767,0.5847454981205338,0.00035600917764038104,12.5,18.35429849265742,0.21254582853717469,2,1:funding_collapse|39:funding_collapse|59:wildfire:reserve|83:wildfire:semiwild|95:flood:alternative,0.0156350453516856,0.02891111369561502,0.006315255569716142,0.001089165053673139,5.6961468422460975e-05,0.000899504350623315,2.2244543085393902e-05,db8de684706f6870,103
S4,state_dependent_rule,False,810303,0.875,0.75,7,6,1037,1037,1,0.3333333333333333,1.0,20.0,565.0068105453852,0.7108608362762426,4.355882823575423,0.0026132177058245613,0.9973867822941754,114,0,0,9781.323964572382,9781.323964572382,1630.2206607620637,1.5,0.8800580176572553,0.5016229104055485,0.00043240632706661287,78.75,115.63208050374173,0.16279140202034392,2,34:wildfire:origin|67:wildfire:alternative|73:funding_collapse|76:funding_collapse|79:heatwave:reserve|81:heatwave:reserve|98:wildfire:semiwild,0.014921120959046474,0.046228960821793244,0.04597301971463701,0.0021379272171677937,6.918501233065807e-05,0.0008287050812092329,0.00016861435043217927,db8de684706f6870,103
S6,rule,False,810303,1.0,1.0,8,8,1187,1187,0,0.0,0.0,,817.1700974493491,0.7861617401878916,5.055822437746745,0.0,1.0,0,0,0,9793.417968597425,9793.417968597425,1224.1772460746781,1.5,0.98,0.6099607040242139,0.00010666666666666667,0.0,0.0,0.05701239823373247,3,34:wildfire:origin|67:wildfire:alternative|73:funding_collapse|76:funding_collapse|79:heatwave:reserve|81:heatwave:reserve|98:wildfire:semiwild,0.01600000000000001,0.026887871245637008,0.0,0.0,1.7066666666666667e-05,0.0009333218998045873,0.0,db8de684706f6870,103
S7,forward_rollout_proxy,False,810303,1.0,0.875,8,7,1170,1170,0,0.0,0.0,,790.4708015902066,0.7645289553806909,5.544031030802123,0.007168894485633388,0.9928311055143666,74,0,0,9791.412643676755,9791.412643676755,1398.773234810965,1.5,0.98,0.5898685962104467,0.00019559714321506613,32.0,46.98700414120301,0.2133914295121279,3,34:wildfire:origin|67:wildfire:alternative|73:funding_collapse|76:funding_collapse|79:heatwave:reserve|81:heatwave:reserve|98:wildfire:semiwild,0.01541651047020936,0.032867837232899905,0.010024583543661876,0.0014916061233965154,3.129554291441059e-05,0.0009080710648547701,6.1009790574618484e-05,db8de684706f6870,103
S4,state_dependent_rule,False,810400,0.125,0.125,1,1,148,0,3,1.0,1.0,22.666666666666668,81.33151017020772,0.5758605520167113,1.990910743501182,0.006826597314117485,0.9931734026858825,10,0,0,3339.2445392856544,3339.2445392856544,3339.2445392856544,0.4430597492072891,0.05012450448502163,0.09049147532112121,0.0010179933832373082,32.75,0.46416995340675427,0.04659958718803613,0,5:flood:semiwild|12:wildfire:alternative|21:wildfire:semiwild|37:flood:origin|96:heatwave:reserve,0.004546314562009564,0.08132730711541608,0.03957379341880841,0.013189610270522584,0.00016287894131796933,0.0008390301144188734,8.74276723066921e-06,80c44b8592f62873,104
S6,rule,False,810400,0.375,0.0,3,0,0,0,2,0.6666666666666666,1.0,29.5,138.80666033989775,0.43312456441838826,0.0,,,0,0,0,3784.5053698077186,3784.5053698077186,3784.5053698077186,1.5,0.6052540880607441,0.06373972183463464,0.0004263782107665496,0.0,0.0,0.01607156514280115,1,5:flood:semiwild|12:wildfire:alternative|21:wildfire:semiwild|37:flood:origin|96:heatwave:reserve,0.009600000000000008,0.05475616085785686,0.0,0.0,6.822051372264794e-05,0.00045105421003237625,0.0,80c44b8592f62873,104
S7,forward_rollout_proxy,False,810400,0.0,0.0,0,0,0,0,3,1.0,1.0,27.333333333333332,49.60053993883578,0.25855878072824223,0.0,,,7,0,0,3550.4419045387444,3550.4419045387444,3550.4419045387444,1.0316089425045458,0.11267393557166684,0.017390723473177903,0.00022993475982586122,7.0,0.09921189843808473,0.030616649580056096,0,5:flood:semiwild|12:wildfire:alternative|21:wildfire:semiwild|37:flood:origin|96:heatwave:reserve,0.005653372451043261,0.03845413022226676,1.859805357040119e-05,0.00047125338572431076,3.6789561572137794e-05,0.0003320720606480795,1.0179057333355462e-05,80c44b8592f62873,104
S4,state_dependent_rule,False,810401,0.25,0.25,2,2,115,0,3,1.0,1.0,19.666666666666668,75.07970210601573,0.5435413401906448,1.966328747284576,0.16699445174148875,0.8330055482585113,8,0,0,3261.4843778537524,3261.4843778537524,1630.7421889268762,0.22751537306963449,0.05000000000000001,0.15037924558532348,0.0007980064024246808,33.0,0.46771323549382826,0.0660797905623886,0,18:funding_collapse|20:funding_collapse|70:funding_collapse|79:wildfire:reserve|96:wildfire:semiwild,0.0036872793012628696,0.07758712613972049,0.07543407045653944,0.01163004087813109,0.00012768102438794895,0.0007285492234774702,6.010706036942462e-06,80c44b8592f62873,104
S6,rule,False,810401,0.625,0.0,5,0,0,0,3,1.0,1.0,40.0,203.82135417627285,0.6872277250462969,0.0,,,0,0,0,3776.178760815791,3776.178760815791,3776.178760815791,1.5,0.6794265939222895,0.07275388564491594,0.00019475661170187137,0.0,0.0,0.024056131263434914,0,18:funding_collapse|20:funding_collapse|70:funding_collapse|79:wildfire:reserve|96:wildfire:semiwild,0.015200000000000012,0.08513433537305592,0.0,0.0,3.1161057872299416e-05,0.0009067785227748932,0.0,80c44b8592f62873,104
S7,forward_rollout_proxy,False,810401,0.0,0.0,0,0,0,0,3,1.0,1.0,23.333333333333332,40.25150288587643,0.30280511453124354,0.0,,,8,0,0,3518.6368353056887,3518.6368353056882,3518.6368353056887,1.0398418354990955,0.1650384630622093,0.022652258657988415,0.00019999392336383852,6.75,0.09566861635101027,0.030742061758837425,0,18:funding_collapse|20:funding_collapse|70:funding_collapse|79:wildfire:reserve|96:wildfire:semiwild,0.005272142078306833,0.04124894528749509,0.00012791679858956836,0.0032723797801171,3.199902773821417e-05,0.0010471259975544996,2.4463230174914318e-05,80c44b8592f62873,104
S4,state_dependent_rule,False,810402,0.25,0.125,2,1,54,0,3,1.0,1.0,16.333333333333332,51.807587600384906,0.5599843803292128,2.0,0.0007863319555193197,0.9992136680444806,6,0,0,3257.0974329298706,3257.0974329298706,3257.0974329298706,0.26523781209185154,0.05000000000000001,0.09151370151348832,0.0018288060710636963,43.5,0.6165310831509553,0.05131850756744162,0,7:flood:origin|12:funding_collapse|65:flood:reserve|92:funding_collapse,0.002473134595534301,0.09042515780053458,0.03790779340525548,0.0063436385091309834,0.00029260897137019145,0.0004985524833438285,1.0918803020483868e-05,80c44b8592f62873,104
S6,rule,False,810402,0.0,0.0,0,0,0,0,3,1.0,1.0,20.666666666666668,31.931858498934357,0.330626268990378,0.0,,,0,0,0,3754.685326034886,3754.685326034886,3754.685326034886,1.5,0.6699999999999999,0.0685578213477506,0.00019901668893563512,0.0,0.0,0.0077891067387530636,0,7:flood:origin|12:funding_collapse|65:flood:reserve|92:funding_collapse,0.007520000000000006,0.05147639165479917,0.0,0.0,3.1842670229701624e-05,0.0004454966845931977,0.0,80c44b8592f62873,104
S7,forward_rollout_proxy,False,810402,0.0,0.0,0,0,0,0,3,1.0,1.0,19.333333333333332,21.813692124593917,0.21185241537736282,0.0,,,4,0,0,3481.938333463639,3481.938333463639,3481.938333463639,0.9666500526999321,0.16052144525376477,0.020662621780917163,0.00020104070186753863,6.0,0.08503877008978691,0.023052386277703417,0,7:flood:origin|12:funding_collapse|65:flood:reserve|92:funding_collapse,0.0034466397906519996,0.03524530070783662,0.00015076888999247958,0.0014367455104177481,3.2166512298806184e-05,0.0003923862030624355,1.2913218701723825e-05,80c44b8592f62873,104
S4,state_dependent_rule,False,810403,0.0,0.0,0,0,0,0,3,1.0,1.0,21.666666666666668,39.708312644800905,0.262276247019633,0.0,,,8,0,0,3388.5159728039907,3388.5159728039907,3388.5159728039907,0.6869929552670822,0.050634377485594316,0.011279061496017442,0.0022326428254128357,15.25,0.2161402073115418,0.03107811873729005,0,9:wildfire:reserve|14:wildfire:semiwild|18:heatwave:alternative|29:wildfire:reserve|50:wildfire:reserve|69:flood:reserve|75:heatwave:origin,0.004206289677478503,0.04157099767634069,0.0005210030110399819,0.005222984475680652,0.00035722285206605365,0.0007900846659920566,9.679958181189306e-06,80c44b8592f62873,104
S6,rule,False,810403,0.625,0.0,5,0,0,0,3,1.0,1.0,45.0,200.55709023958198,0.6033899515385515,0.0,,,0,0,0,3763.1420182813577,3763.142018281358,3763.1420182813577,1.5,0.6276702384933994,0.06713331507061596,0.0002105760613195482,0.0,0.0,0.02183145610638006,0,9:wildfire:reserve|14:wildfire:semiwild|18:heatwave:alternative|29:wildfire:reserve|50:wildfire:reserve|69:flood:reserve|75:heatwave:origin,0.013280000000000009,0.07148279598134778,0.0,0.0,3.369216981112772e-05,0.0007135603102898319,0.0,80c44b8592f62873,104
S7,forward_rollout_proxy,False,810403,0.0,0.0,0,0,0,0,3,1.0,1.0,22.333333333333332,43.87468759742672,0.2828949992667847,0.0,,,4,0,0,3461.826039480913,3461.826039480913,3461.826039480913,0.8169004088020376,0.08247968099951523,0.015187395057575069,0.0002966615078159595,7.0,0.09921189843808473,0.03469713478811773,0,9:wildfire:reserve|14:wildfire:semiwild|18:heatwave:alternative|29:wildfire:reserve|50:wildfire:reserve|69:flood:reserve|75:heatwave:origin,0.005674142877846993,0.041997192568455945,7.596521449944863e-05,0.0011838213892606598,4.746584125055352e-05,0.0004592652685314826,8.353100926437339e-06,80c44b8592f62873,104
S4,state_dependent_rule,False,810500,0.125,0.125,1,1,236,51,3,1.0,1.0,23.0,111.8559682572205,0.5713472840316569,1.998708103064667,0.008877389369262398,0.9911226106307376,40,0,0,4748.6236128610435,4748.6236128610435,4748.6236128610435,1.5,0.4442885506292041,0.13205392350006942,0.00021704725296479947,56.75,34.39983993418675,0.05693993703251176,0,8:funding_collapse|10:funding_collapse|17:wildfire:origin|21:wildfire:semiwild|49:heatwave:origin|60:funding_collapse|63:flood:origin,0.009925152253921828,0.0772551450008952,0.0362996625871239,0.013738697829647054,3.4727560474367914e-05,0.0009048833375390663,0.00042365414692591233,867efdfb969b7e5e,105
S6,rule,False,810500,0.0,0.0,0,0,0,0,3,1.0,1.0,34.333333333333336,61.952184205333424,0.320210560460382,0.0,,,0,0,0,4736.8323476669,4736.8323476669,4736.8323476669,1.5,0.6699999999999999,0.06900793057827903,5.1813471502590674e-05,0.0,0.0,0.010039652891395186,0,8:funding_collapse|10:funding_collapse|17:wildfire:origin|21:wildfire:semiwild|49:heatwave:origin|60:funding_collapse|63:flood:origin,0.007200000000000005,0.045699486227636005,0.0,0.0,8.290155440414507e-06,0.00038166315654164507,0.0,867efdfb969b7e5e,105
S7,forward_rollout_proxy,False,810500,0.25,0.25,2,2,197,197,3,1.0,1.0,25.333333333333332,117.90551168699093,0.5803660443241094,2.8566240217842522,0.009651527182361879,0.9903484728176382,49,0,0,4739.5948988076225,4739.5948988076225,2369.7974494038112,1.5,0.5143868150988397,0.21046100369591636,7.683286020817506e-05,26.0,15.760279088790401,0.08978040984094937,0,8:funding_collapse|10:funding_collapse|17:wildfire:origin|21:wildfire:semiwild|49:heatwave:origin|60:funding_collapse|63:flood:origin,0.01321302319646757,0.0722229044118267,0.060696675616616756,0.023332654119903134,1.2293257633308012e-05,0.0011317472188084226,0.000139228731432702,867efdfb969b7e5e,105
S4,state_dependent_rule,False,810501,0.625,0.25,5,2,238,8,3,1.0,1.0,40.0,148.72649072120603,0.6077426889105851,3.3821921472962835,0.00019298657223047207,0.9998070134277696,71,0,0,4769.116549665894,4769.116549665894,2384.558274832947,1.5,0.3548358098358732,0.19947202894358718,0.0006350023870418147,63.5,38.491450851468855,0.08833263243518501,0,5:funding_collapse|50:flood:semiwild|78:wildfire:semiwild|81:heatwave:origin|83:flood:reserve|96:heatwave:semiwild|99:heatwave:semiwild,0.011317173333357286,0.08257391244745982,0.030386972095340185,0.006048677430657903,0.00010160038192669036,0.0006062862300729777,0.00024090271504519746,867efdfb969b7e5e,105
S6,rule,False,810501,0.5,0.0,4,0,0,0,3,1.0,1.0,49.666666666666664,201.89225536382463,0.6550688668776299,0.0,,,0,0,0,4767.226597693338,4767.226597693338,4767.226597693338,1.5,0.5867267819454285,0.06290514272572888,0.0001807607517553668,0.0,0.0,0.021162322655930134,0,5:funding_collapse|50:flood:semiwild|78:wildfire:semiwild|81:heatwave:origin|83:flood:reserve|96:heatwave:semiwild|99:heatwave:semiwild,0.01440000000000001,0.0767560793117155,0.0,0.0,2.8921720280858682e-05,0.000746132090373887,0.0,867efdfb969b7e5e,105
S7,forward_rollout_proxy,False,810501,0.5,0.25,4,2,82,61,3,1.0,1.0,46.666666666666664,142.06760684754448,0.6773162497049013,1.4668435013262602,0.040914096724214824,0.9590859032757851,57,0,0,4761.189551885853,4761.189551885853,2380.5947759429264,1.5,0.42528215476352843,0.18783360828182175,0.0018320939814191767,34.0,20.609595731495155,0.09068478896103147,0,5:funding_collapse|50:flood:semiwild|78:wildfire:semiwild|81:heatwave:origin|83:flood:reserve|96:heatwave:semiwild|99:heatwave:semiwild,0.014327973740658508,0.0806280425893936,0.008313404969063253,0.003157296656385652,0.0002931350370270683,0.0007154685542677443,0.0002761457143189426,867efdfb969b7e5e,105
S4,state_dependent_rule,False,810502,0.375,0.375,3,3,242,115,2,0.6666666666666666,1.0,26.5,149.74323957265716,0.6142417219506402,1.9300896449048117,0.09821002935339214,0.9017899706466078,95,0,0,4767.388259578566,4767.388259578566,1589.1294198595222,1.5,0.4447597319769536,0.2510913330151978,0.00027047687380964526,65.5,39.70378001214503,0.09282231684227149,1,41:funding_collapse,0.01170211830135487,0.07917084025804226,0.03377511865885188,0.006816399105874957,4.3276299809543244e-05,0.0006554179399803919,0.00022504798460716073,867efdfb969b7e5e,105
S6,rule,False,810502,0.5,0.0,4,0,0,0,3,1.0,1.0,46.666666666666664,196.33211829700653,0.695517394462648,0.0,,,0,0,0,4764.84811461408,4764.84811461408,4764.84811461408,1.5,0.7721140069605523,0.08201837364780193,0.0004535067696459649,0.0,0.0,0.024034864758733423,0,41:funding_collapse,0.015200000000000012,0.07665373213607714,0.0,0.0,7.25610831433544e-05,0.0010563123181319717,0.0,867efdfb969b7e5e,105
S7,forward_rollout_proxy,False,810502,0.5,0.25,4,2,240,240,2,0.6666666666666666,1.0,25.5,151.84288495796875,0.6400651907203475,2.642283777886324,0.007533998753210807,0.9924660012467892,42,0,0,4758.413822776869,4758.413822776869,2379.2069113884345,1.5,0.5273898734055494,0.21194120017920998,0.00045319341646544233,30.0,18.184937410142773,0.10139687529895886,1,41:funding_collapse,0.014042101981298039,0.0743298970715559,0.03899670692715791,0.0050586961235795135,7.251094663447077e-05,0.0006206591217495416,0.0001305494486109493,867efdfb969b7e5e,105
S4,state_dependent_rule,False,810503,0.25,0.125,2,1,299,88,3,1.0,1.0,31.666666666666668,145.9034955237645,0.6041562764672243,5.433720294171276,0.0,1.0,53,0,0,4777.563485769341,4777.563485769341,4777.563485769341,1.5,0.2352888366643894,0.14494354613253643,0.00030560132876883634,66.25,40.1584034473986,0.05413729762192369,0,6:wildfire:semiwild|15:wildfire:alternative|96:wildfire:alternative,0.010392358509821705,0.0771411694717243,0.031461458088776185,0.009110226401837795,4.8896212603013815e-05,0.0007937327655479904,0.00022163656817120165,867efdfb969b7e5e,105
S6,rule,False,810503,0.5,0.125,4,1,3,3,3,1.0,1.0,48.0,156.78927922223363,0.7315728242829759,1.7999999999999998,0.0,1.0,0,0,0,4772.051151165312,4772.051151165313,4772.051151165312,1.5,0.581182892600714,0.13660527927649924,0.0002351917571974068,0.0,0.0,0.021184950082139296,0,6:wildfire:semiwild|15:wildfire:alternative|96:wildfire:alternative,0.01600000000000001,0.0815810970514242,0.0,0.0,3.7630681151585084e-05,0.0008084479844483591,0.0,867efdfb969b7e5e,105
S7,forward_rollout_proxy,False,810503,0.375,0.25,3,2,369,261,3,1.0,1.0,39.666666666666664,158.56765544938796,0.6340940271854155,3.875295836110543,0.0020873283421482787,0.9979126716578517,46,0,0,4764.303400731372,4764.303400731372,2382.151700365686,1.5,0.3180163912650929,0.20107860229415056,0.0005776426584659902,30.75,18.639560845396343,0.09012002403267923,0,6:wildfire:semiwild|15:wildfire:alternative|96:wildfire:alternative,0.013638093009330927,0.07510883565430042,0.044506667455193244,0.00542843810860081,9.242282535455845e-05,0.000640841977054279,0.0001100137632982416,867efdfb969b7e5e,105
S4,state_dependent_rule,False,810600,0.25,0.25,2,2,224,0,2,0.6666666666666666,1.0,23.5,105.82951113168619,0.5035393741205368,3.723335907450035,0.00746846089487661,0.9925315391051234,47,0,0,16256.9749181897,16256.9749181897,8128.48745909485,1.5,0.05000000000000001,0.168866264408789,0.003704661028426729,183.5,92.12063150803732,0.07066452667144316,1,31:flood:alternative|41:funding_collapse|75:funding_collapse|89:wildfire:alternative|93:heatwave:semiwild,0.00381125182069776,0.0771539062942598,0.06504620409986031,0.011629055188148931,0.0005927457645482769,0.0007515240120892091,0.0006046599255296843,81f088d960dcef7a,106
S6,rule,False,810600,0.875,0.875,7,7,1187,1187,0,0.0,0.0,,815.3930409734712,0.7861859351641853,5.32210761797525,0.0,1.0,0,0,0,16264.098784726077,16264.098784726077,2323.4426835322965,1.5,0.98,0.5553343065892001,4.938271604938271e-05,0.0,0.0,0.05181615204723795,3,31:flood:alternative|41:funding_collapse|75:funding_collapse|89:wildfire:alternative|93:heatwave:semiwild,0.01600000000000001,0.026860564496230453,0.0,0.0,7.901234567901235e-06,0.000945599105016357,0.0,81f088d960dcef7a,106
S7,forward_rollout_proxy,False,810600,0.5,0.25,4,2,476,400,1,0.3333333333333333,1.0,25.0,185.87784061088948,0.5961296589971257,3.9016170298280364,0.0013268864517152824,0.9986731135482847,204,0,0,16147.250380419153,16147.250380419153,8073.625190209576,1.5,0.39609294601871897,0.21172018624541164,0.0010841353016011837,93.75,47.06435533448777,0.10297360672629693,2,31:flood:alternative|41:funding_collapse|75:funding_collapse|89:wildfire:alternative|93:heatwave:semiwild,0.01272235095838045,0.056964474212434245,0.09250511950931642,0.008525618038626571,0.0001734616482561894,0.0006664932131267788,0.00021203651540790676,81f088d960dcef7a,106
S4,state_dependent_rule,False,810601,0.125,0.125,1,1,178,0,1,0.3333333333333333,1.0,16.0,99.14725978782664,0.515308980379858,6.614613778705636,0.00035359189897378424,0.9996464081010262,49,0,0,16327.307825493182,16327.307825493182,16327.307825493182,1.5,0.05000000000000001,0.1382215326122582,0.0036002590763935206,210.5,105.67516584436976,0.05412697412600922,2,14:wildfire:alternative|34:heatwave:origin|57:wildfire:origin|90:wildfire:origin|96:heatwave:reserve,0.003869097254990578,0.07470681442038833,0.053864232947895996,0.01395541173811322,0.0005760414522229635,0.0008716005513568417,0.0007010031386014806,81f088d960dcef7a,106
S6,rule,False,810601,0.875,0.875,7,7,886,886,1,0.3333333333333333,1.0,34.0,740.9762421254361,0.7796191887890419,5.2615553017406045,0.0,1.0,0,0,0,16335.01091577653,16335.010915776531,2333.5729879680757,1.5,0.884124522105341,0.5450155934923403,0.00014953162172424102,0.0,0.0,0.05118794132200087,2,14:wildfire:alternative|34:heatwave:origin|57:wildfire:origin|90:wildfire:origin|96:heatwave:reserve,0.01600000000000001,0.03337218353235258,0.0,0.0,2.3925059475878563e-05,0.0009847026191295088,0.0,81f088d960dcef7a,106
S7,forward_rollout_proxy,False,810601,0.625,0.625,5,5,498,493,2,0.6666666666666666,1.0,14.0,195.9102125302414,0.46948133763692595,2.8129356418038833,0.0005753669342971326,0.9994246330657028,21,0,0,16218.936841369785,16218.936841369783,3243.787368273957,1.5,0.28878681025280023,0.3706257980258913,0.0009406132774329458,37.25,18.70023718623648,0.16183880291286223,1,14:wildfire:alternative|34:heatwave:origin|57:wildfire:origin|90:wildfire:origin|96:heatwave:reserve,0.013286988542207476,0.056774390400140186,0.2096372922513563,0.019305188068890897,0.0001504981243892713,0.0009898902613200593,8.480411027803267e-05,81f088d960dcef7a,106
S4,state_dependent_rule,False,810602,0.25,0.25,2,2,244,0,2,0.6666666666666666,1.0,16.5,109.63987801031614,0.49716385774285604,2.8813626970689907,0.0025171937892513267,0.9974828062107487,67,0,0,16210.62461271131,16210.62461271131,8105.312306355655,1.5,0.05000000000000001,0.16103209719771325,0.0023588604299492697,222.0,111.44839343206694,0.07359235113511663,1,27:flood:alternative|35:funding_collapse|45:funding_collapse|51:flood:reserve|79:funding_collapse,0.0038184030562089365,0.07694690140650803,0.07063553201874186,0.01147672313470941,0.00037741766879188316,0.0007829212567604293,0.0006857733661289905,81f088d960dcef7a,106
S6,rule,False,810602,1.0,1.0,8,8,1200,1200,0,0.0,0.0,,859.5392520410087,0.7857319004067711,5.577079543824556,0.001298901867650389,0.9987010981323496,0,0,0,16213.293765941187,16213.29376594119,2026.6617207426484,1.5,0.98,0.6149600569920701,0.000195596816689591,0.0,0.0,0.055946307769122905,3,27:flood:alternative|35:funding_collapse|45:funding_collapse|51:flood:reserve|79:funding_collapse,0.01600000000000001,0.027285118060853635,0.0,0.0,3.129549067033457e-05,0.0009516860417051355,0.0,81f088d960dcef7a,106
S7,forward_rollout_proxy,False,810602,0.5,0.5,4,4,378,258,2,0.6666666666666666,1.0,17.5,175.9541705940245,0.5846541940410287,2.5912441669178783,0.0036659941363874687,0.9963340058636125,203,0,0,16096.108767899292,16096.108767899292,4024.027191974823,1.5,0.3451633241887304,0.3128458718280739,0.0007889263090503807,143.5,72.03983989865598,0.13708548870011017,1,27:flood:alternative|35:funding_collapse|45:funding_collapse|51:flood:reserve|79:funding_collapse,0.011740598734480216,0.075870156040906,0.06210302125948166,0.018868243632297096,0.0001262282094480609,0.0010451730152083165,0.0002987547467629192,81f088d960dcef7a,106
S4,state_dependent_rule,False,810603,0.375,0.375,3,3,363,0,0,0.0,0.0,,119.39914279656125,0.44902701801069417,3.561625950136314,0.0010302268660371987,0.9989697731339628,49,0,0,16389.547441690895,16389.547441690895,5463.1824805636315,1.5,0.05000000000000001,0.22874602614130796,0.0027573319549709474,242.5,121.73979913187486,0.09689883319972403,3,24:flood:reserve|60:heatwave:reserve|78:flood:origin,0.0035559862434725743,0.07736473416325547,0.11928647618458615,0.011190069835143684,0.00044117311279535145,0.0007226880337351768,0.0005448241227261007,81f088d960dcef7a,106
S6,rule,False,810603,1.0,0.875,8,7,987,987,0,0.0,0.0,,762.6272981165495,0.7802992753323325,4.974074892222026,0.0,1.0,0,0,0,16356.984779638628,16356.984779638628,2336.7121113769467,1.5,0.98,0.553204089072564,0.0004848321437527441,0.0,0.0,0.05856670075171884,3,24:flood:reserve|60:heatwave:reserve|78:flood:origin,0.01600000000000001,0.03262878044369733,0.0,0.0,7.757314300043906e-05,0.000994371080970047,0.0,81f088d960dcef7a,106
S7,forward_rollout_proxy,False,810603,0.25,0.25,2,2,174,0,0,0.0,0.0,,111.04217142368411,0.5704489620765224,2.6698536111279836,0.011880718087920005,0.98811928191208,133,0,0,16236.404731224611,16236.404731224611,8118.202365612306,1.5,0.2960550271395842,0.18824738052953788,0.0011677973616005394,111.75,56.10071155870942,0.09721670852149811,3,24:flood:reserve|60:heatwave:reserve|78:flood:origin,0.007327117217070608,0.07612175385617523,0.049243826409219524,0.00901916724224166,0.0001868475778560863,0.0007497966297648406,0.0004342142242222873,81f088d960dcef7a,106
S4,state_dependent_rule,False,810700,0.375,0.375,3,3,199,27,2,0.6666666666666666,1.0,21.0,119.86409680579314,0.5190698859581621,2.8059932264900183,0.015725129292781165,0.9842748707072189,124,0,0,7584.70472396107,7584.70472396107,2528.2349079870232,1.5,0.3263632705583287,0.24861346441689747,0.0020630692444067542,122.25,259.20150031984105,0.09583602548082197,1,18:wildfire:semiwild|36:flood:alternative|50:funding_collapse|70:flood:reserve,0.008142094005720768,0.07956152600995678,0.06999519161654258,0.009706593203200133,0.0003300910791050806,0.0007078277172768858,0.0014377269394045761,1a0c54aafb0b819a,107
S6,rule,False,810700,0.5,0.0,4,0,0,0,2,0.6666666666666666,1.0,23.5,177.8054949841398,0.6261638626959002,0.0,,,0,0,0,7586.019249127675,7586.019249127675,7586.019249127675,1.5,0.6209649706914427,0.06709896424069131,0.00017867847478142342,0.0,0.0,0.025012335857735192,1,18:wildfire:semiwild|36:flood:alternative|50:funding_collapse|70:flood:reserve,0.01376000000000001,0.07300127008172623,0.0,0.0,2.8588555965027743e-05,0.0008462786664087947,0.0,1a0c54aafb0b819a,107
S7,forward_rollout_proxy,False,810700,0.5,0.375,4,3,317,315,2,0.6666666666666666,1.0,22.0,132.4663337135602,0.6275322578709435,1.8772503047335698,0.050253904954903804,0.9497460950450962,109,0,0,7570.599423701996,7570.599423701996,2523.533141233999,1.5,0.4688333232957252,0.25747734714572773,0.0009606646524202825,63.5,134.6363621293246,0.11535755884409743,1,18:wildfire:semiwild|36:flood:alternative|50:funding_collapse|70:flood:reserve,0.013584142442929768,0.07187697731411358,0.03410026550688559,0.006023874134113184,0.0001537063443872452,0.0005871702818665292,0.001135250733124919,1a0c54aafb0b819a,107
S4,state_dependent_rule,False,810701,0.25,0.125,2,1,63,0,1,0.3333333333333333,1.0,28.0,77.51779337946526,0.5667031058108902,1.9954751131221722,0.0469215725754907,0.9530784274245093,81,0,0,7604.212559802597,7604.212559802597,7604.212559802597,1.5,0.22133463459008476,0.1116943140077511,0.0054497168579480705,86.75,183.9323529876992,0.0667804970876045,2,28:heatwave:alternative|39:wildfire:alternative|66:flood:origin|70:flood:semiwild|79:flood:reserve,0.007122326805855199,0.08489650789767257,0.01144925079615295,0.004709845546982893,0.0008719546972716915,0.0005222264309349393,0.003505300786656192,1a0c54aafb0b819a,107
S6,rule,False,810701,0.625,0.0,5,0,0,0,1,0.3333333333333333,1.0,18.0,176.55039067285838,0.5997624903439952,0.0,,,0,0,0,7605.962109755888,7605.962109755889,7605.962109755888,1.5,0.6023016538303411,0.06511931352862296,0.00019544229009754347,0.0,0.0,0.024445740727944257,2,28:heatwave:alternative|39:wildfire:alternative|66:flood:origin|70:flood:semiwild|79:flood:reserve,0.013280000000000009,0.07519432017399458,0.0,0.0,3.127076641560696e-05,0.0006319187155946885,0.0,1a0c54aafb0b819a,107
S7,forward_rollout_proxy,False,810701,0.5,0.375,4,3,94,3,1,0.3333333333333333,1.0,16.0,138.87758525472108,0.5630049030092816,1.876792576948378,0.015075897356322483,0.9849241026436775,91,0,0,7584.758426271761,7584.758426271761,2528.2528087572537,1.5,0.38767457526450944,0.2527375235261228,0.001554437503088093,60.0,127.21546027967678,0.13226070115094019,2,28:heatwave:alternative|39:wildfire:alternative|66:flood:origin|70:flood:semiwild|79:flood:reserve,0.011683142550395719,0.07803397511212488,0.06562578926094784,0.011145818448032736,0.00024871000049409497,0.0008087403630362929,0.0008852237904501221,1a0c54aafb0b819a,107
S4,state_dependent_rule,False,810702,0.0,0.0,0,0,0,0,2,0.6666666666666666,1.0,18.0,42.59756557423599,0.23199447222308955,0.0,,,35,0,0,7613.108839172951,7613.108839172951,7613.108839172951,1.5,0.28369275398063504,0.03367677294903838,0.001558899077373166,34.75,73.67895407864603,0.0265374877548744,1,10:flood:origin|29:heatwave:alternative|32:funding_collapse|37:wildfire:semiwild|52:funding_collapse|60:heatwave:reserve,0.0039011553542531367,0.03632522705043786,0.0013572867563169824,0.002601629982203517,0.0002494238523797066,0.0003379371347127,0.0025080883965481805,1a0c54aafb0b819a,107
S6,rule,False,810702,0.125,0.0,1,0,0,0,1,0.3333333333333333,1.0,17.0,58.322114878849376,0.4091186916689034,0.0,,,0,0,0,7547.147107201389,7547.147107201389,7547.147107201389,1.5,0.6533057574790129,0.06777199221513326,7.371007371007371e-05,0.0,0.0,0.012207082336159877,2,10:flood:origin|29:heatwave:alternative|32:funding_collapse|37:wildfire:semiwild|52:funding_collapse|60:heatwave:reserve,0.009280000000000007,0.06261222299098265,0.0,0.0,1.1793611793611794e-05,0.0003772917283203686,0.0,1a0c54aafb0b819a,107
S7,forward_rollout_proxy,False,810702,0.375,0.125,3,1,221,134,2,0.6666666666666666,1.0,13.5,103.41555411110429,0.5442152258444802,1.898876404494382,0.052104538870033405,0.9478954611299666,56,0,0,7572.936503957025,7572.936503957025,7572.936503957025,1.5,0.4490000189416746,0.1398945453567857,0.0006803391055091937,54.25,115.02397866954111,0.09877889708837204,1,10:flood:origin|29:heatwave:alternative|32:funding_collapse|37:wildfire:semiwild|52:funding_collapse|60:heatwave:reserve,0.010674264639111513,0.07780771320747314,0.06052149429071061,0.010457057618529306,0.000108854256881471,0.0006451758774015322,0.001475331359593682,1a0c54aafb0b819a,107
S4,state_dependent_rule,False,810703,0.375,0.125,3,1,164,2,2,0.6666666666666666,1.0,17.5,97.71371066351723,0.5410804777038956,3.9138533178114088,0.0033351353221880843,0.9966648646778119,114,0,0,7585.9061664175015,7585.9061664175015,7585.9061664175015,1.5,0.39345590056202057,0.15058042355628878,0.002941165511086954,109.75,232.6982794282418,0.07923150160986317,1,39:flood:alternative|49:funding_collapse|91:wildfire:semiwild,0.006309596698253804,0.07829586130509487,0.029638440628615682,0.010787529620496956,0.00047058648177391264,0.0008305796042195469,0.002354205708583036,1a0c54aafb0b819a,107
S6,rule,False,810703,0.625,0.0,5,0,0,0,1,0.3333333333333333,1.0,20.0,176.21822517199223,0.7093575547158453,0.0,,,0,0,0,7586.188535798488,7586.188535798488,7586.188535798488,1.5,0.6699999999999999,0.07232416190896954,0.0002599008101752102,0.0,0.0,0.026620809544847693,2,39:flood:alternative|49:funding_collapse|91:wildfire:semiwild,0.01584000000000001,0.09555955579735918,0.0,0.0,4.158412962803364e-05,0.0009013053571672239,0.0,1a0c54aafb0b819a,107
S7,forward_rollout_proxy,False,810703,0.125,0.125,1,1,212,199,2,0.6666666666666666,1.0,22.0,115.92763748466335,0.6266564432259181,3.42979242979243,0.006252482351085538,0.9937475176489144,66,0,0,7567.753605835237,7567.753605835237,7567.753605835237,1.5,0.5594698026207335,0.15980212503739166,0.0008995217899054989,50.0,106.01288356639724,0.06653610238697007,1,39:flood:alternative|49:funding_collapse|91:wildfire:semiwild,0.013415151973698072,0.07088937923655259,0.0344119596545561,0.009453219505419021,0.0001439234863848798,0.0007169750018597496,0.0010627696300420293,1a0c54aafb0b819a,107
S4,state_dependent_rule,False,810800,0.125,0.125,1,1,212,159,1,0.3333333333333333,1.0,21.0,108.52570031827221,0.629404386339947,1.99982201655246,0.0013989928193583866,0.9986010071806416,134,0,0,4428.610040261381,4428.610040261381,4428.610040261381,1.5,0.4401807353440585,0.13083087796865944,0.00047815372502241037,63.75,33.498726728157294,0.05282292134364497,2,24:flood:semiwild|38:heatwave:origin|40:funding_collapse|44:funding_collapse|54:funding_collapse|57:heatwave:reserve|71:flood:semiwild,0.00951943135737656,0.07603829607155721,0.01063632090119155,0.003101613744152964,7.650459600358566e-05,0.0004810724605534497,0.0004768649625312833,a9440af97b6c5f07,108
S6,rule,False,810800,0.875,0.125,7,1,1,1,0,0.0,0.0,,372.01373106923234,0.740462703686325,1.0,0.0,1.0,0,0,0,4468.647968205049,4468.64796820505,4468.647968205049,1.5,0.721337639833194,0.14569649453712308,0.00020863190386947414,0.0,0.0,0.036563652769018275,3,24:flood:semiwild|38:heatwave:origin|40:funding_collapse|44:funding_collapse|54:funding_collapse|57:heatwave:reserve|71:flood:semiwild,0.01600000000000001,0.07265042384668605,0.0,0.0,3.3381104619115865e-05,0.00085349136236977,0.0,a9440af97b6c5f07,108
S7,forward_rollout_proxy,False,810800,0.375,0.375,3,3,558,558,1,0.3333333333333333,1.0,21.0,191.20091048963928,0.5595776863699976,2.1595511429340015,0.0019496526961282985,0.9980503473038717,21,0,0,4435.954058564712,4435.954058564713,1478.651352854904,1.5,0.6699999999999999,0.2796536695817414,0.00026215994531784005,17.25,9.064361349971966,0.11154079076200707,2,24:flood:semiwild|38:heatwave:origin|40:funding_collapse|44:funding_collapse|54:funding_collapse|57:heatwave:reserve|71:flood:semiwild,0.013371336923184207,0.04971086256597963,0.14298999226281273,0.00822296462071593,4.194559125085441e-05,0.000514816392111253,4.141938434246029e-05,a9440af97b6c5f07,108
S4,state_dependent_rule,False,810801,0.125,0.0,1,0,0,0,1,0.3333333333333333,1.0,17.0,55.0779106693629,0.3386971118807161,0.0,,,22,0,0,4441.140506824517,4441.140506824517,4441.140506824517,1.5,0.50696145423146,0.058117765224130286,0.00010625687918042503,27.0,14.187696026043067,0.037108099004921395,2,18:heatwave:semiwild|57:heatwave:semiwild|86:wildfire:semiwild|88:funding_collapse,0.0062559272015586705,0.046811678776855464,0.0002667094382165016,0.0033683242064248163,1.7001100668868006e-05,0.0007159083953845603,0.00036194799844750517,a9440af97b6c5f07,108
S6,rule,False,810801,1.0,0.875,8,7,292,292,0,0.0,0.0,,753.9262090458313,0.7729791960939884,4.237224486195075,0.0016569472914285711,0.9983430527085714,0,0,0,4495.446416991778,4495.446416991779,642.2066309988255,1.5,0.8211857903764317,0.529991817326293,0.00025081951120989863,0.0,0.0,0.058754967133495456,3,18:heatwave:semiwild|57:heatwave:semiwild|86:wildfire:semiwild|88:funding_collapse,0.01600000000000001,0.040049218627578924,0.0,0.0,4.013112179358379e-05,0.0009314541566391697,0.0,a9440af97b6c5f07,108
S7,forward_rollout_proxy,False,810801,0.5,0.5,4,4,959,959,1,0.3333333333333333,1.0,33.0,235.4543122014662,0.5386033869418737,2.5111505351970655,0.034313248403550864,0.9656867515964491,7,0,0,4460.215365381362,4460.215365381362,1115.0538413453405,1.5,0.6699999999999999,0.34479643880191146,0.00010054793717768402,17.0,8.932993794175275,0.13842466724970393,2,18:heatwave:semiwild|57:heatwave:semiwild|86:wildfire:semiwild|88:funding_collapse,0.01387388977979405,0.04492297712632877,0.16446130045892254,0.019112724490222645,1.6087669948429442e-05,0.0011005879519731241,6.786797607110482e-05,a9440af97b6c5f07,108
S4,state_dependent_rule,False,810802,0.0,0.0,0,0,0,0,3,1.0,1.0,24.333333333333332,44.94406038979248,0.24701687281210608,0.0,,,21,0,0,4402.081803622442,4402.081803622442,4402.081803622442,1.5,0.5023531978730135,0.05663192774045191,2.7548209366391185e-05,21.25,11.166242242719084,0.03198303976575278,0,22:wildfire:origin|51:funding_collapse|57:heatwave:alternative|83:funding_collapse|88:flood:alternative,0.004927591730794706,0.03330984941483637,0.0005426799907200207,0.0031863804874812363,4.407713498622589e-06,0.000543544072377066,0.0003121887982270534,a9440af97b6c5f07,108
S6,rule,False,810802,1.0,0.875,8,7,192,192,0,0.0,0.0,,630.2716185988263,0.7660980768278987,3.410748459653168,0.007809523809523809,0.9921904761904762,0,0,0,4479.288069539295,4479.288069539295,639.8982956484707,1.5,0.8129819539500701,0.5196318170634359,8.366043254059879e-05,0.0,0.0,0.05238068535948607,3,22:wildfire:origin|51:funding_collapse|57:heatwave:alternative|83:funding_collapse|88:flood:alternative,0.01600000000000001,0.04690642916107475,0.0,0.0,1.3385669206495807e-05,0.0009821083418200332,0.0,a9440af97b6c5f07,108
S7,forward_rollout_proxy,False,810802,0.75,0.625,6,5,843,843,1,0.3333333333333333,1.0,19.0,178.8567773776905,0.43432433281197846,2.448216893503944,0.0021156423180900717,0.99788435768191,4,0,0,4449.285173156073,4449.285173156073,889.8570346312147,1.5,0.6699999999999999,0.40576344967063055,5.5827208172418085e-05,14.75,7.750685792005017,0.1651564036779553,2,22:wildfire:origin|51:funding_collapse|57:heatwave:alternative|83:funding_collapse|88:flood:alternative,0.013126759634818519,0.04359011583345421,0.2560466466339211,0.023051862437295564,8.932353307586895e-06,0.0010746867625764961,5.1742265490615305e-05,a9440af97b6c5f07,108
S4,state_dependent_rule,False,810803,0.125,0.125,1,1,175,175,2,0.6666666666666666,1.0,18.0,78.10872270089946,0.6646448064808359,1.981302969528369,0.001956087002699269,0.9980439129973008,38,0,0,4435.426652789543,4435.426652789543,4435.426652789543,1.5,0.39441925495346924,0.12646176726060673,0.0002065550961648189,31.0,16.28957691879019,0.0547840603498806,1,16:funding_collapse|20:wildfire:origin|56:heatwave:reserve,0.01514543226725071,0.06846681985240095,0.004207513396626178,0.03166160411730942,3.304881538637102e-05,0.0030531916675905217,0.00042692350128743057,a9440af97b6c5f07,108
S6,rule,False,810803,0.875,0.75,7,6,171,171,0,0.0,0.0,,553.0376636732592,0.7641230593642782,4.173350033944639,0.015416,0.984584,0,0,0,4492.891432707037,4492.891432707037,748.8152387845062,1.5,0.8117565084924335,0.4705162520112227,0.0001990781602432088,0.0,0.0,0.050535504112664886,3,16:funding_collapse|20:wildfire:origin|56:heatwave:reserve,0.01600000000000001,0.048827646512046234,0.0,0.0,3.18525056389134e-05,0.001017441618036982,0.0,a9440af97b6c5f07,108
S7,forward_rollout_proxy,False,810803,0.5,0.5,4,4,1006,1006,1,0.3333333333333333,1.0,27.0,220.47505583802362,0.508480494316931,2.8067137127952333,0.0014498177591354337,0.9985501822408646,46,0,0,4461.018308054902,4461.018308054902,1115.2545770137256,1.5,0.6699999999999999,0.34709669561588574,0.0003092308874666346,22.0,11.56034491010917,0.13514779243966707,2,16:funding_collapse|20:wildfire:origin|56:heatwave:reserve,0.013430056064089833,0.056391518160910044,0.17101396372125968,0.022621688001258175,4.947694199466153e-05,0.0010925369893622632,6.78969935141159e-05,a9440af97b6c5f07,108
S4,state_dependent_rule,False,810900,0.625,0.625,5,5,967,967,2,0.6666666666666666,1.0,34.0,309.069085072586,0.5221588039753735,4.730466282811316,0.00027537065336332296,0.9997246293466366,41,0,0,9064.796787730842,9064.79678773084,1812.9593575461683,1.5,0.5413105520369385,0.4108527960958258,0.000598543178522019,78.75,44.9160862170742,0.140835390320094,1,36:wildfire:alternative|57:heatwave:alternative|75:heatwave:alternative|91:flood:origin,0.013887114885345447,0.04512616464324901,0.17150323997365163,0.011545647987808317,9.576690856352303e-05,0.0008354971301688567,9.372734170544862e-05,5284d15b179c0acc,109
S6,rule,False,810900,1.0,1.0,8,8,894,894,0,0.0,0.0,,843.705218603611,0.783595629158762,5.767671710724752,0.011251081185714284,0.9887489188142857,0,0,0,9073.38961471537,9073.38961471537,1134.1737018394213,1.5,0.9395622216623384,0.6121432404948934,0.00022237536388783618,0.0,0.0,0.05255150610706074,2,36:wildfire:alternative|57:heatwave:alternative|75:heatwave:alternative|91:flood:origin,0.01600000000000001,0.02942105309841424,0.0,0.0,3.558005822205379e-05,0.0009477376846018817,0.0,5284d15b179c0acc,109
S7,forward_rollout_proxy,False,810900,0.875,0.875,7,7,595,595,0,0.0,0.0,,742.5002160294827,0.7506480579638368,5.568394572187494,0.0,1.0,11,0,0,9064.166461239813,9064.166461239813,1294.880923034259,1.5,0.8527914598234446,0.5721711473495366,0.00042050123371015436,17.75,10.123943242578637,0.18729027822658564,2,36:wildfire:alternative|57:heatwave:alternative|75:heatwave:alternative|91:flood:origin,0.01554695563749565,0.03867088833895906,0.008503787557346733,0.001360213100278739,6.728019739362469e-05,0.0009415596078334348,1.7574915352046308e-05,5284d15b179c0acc,109
S4,state_dependent_rule,False,810901,0.75,0.625,6,5,937,937,2,0.6666666666666666,1.0,18.0,314.593091456785,0.6079132090928635,3.8755270380999405,0.060189269626543696,0.9398107303734563,54,0,0,9004.671270666646,9004.671270666646,1800.9342541333292,1.5,0.7234852193688379,0.41816997165036807,0.000310941526044421,73.5,41.92168046926927,0.12908089666242428,1,19:funding_collapse|31:heatwave:reserve|42:flood:semiwild|72:funding_collapse,0.014521382395738474,0.049815623866889334,0.10354633415334112,0.004751999466176659,4.975064416710734e-05,0.0005721827595053081,0.00010003133426671022,5284d15b179c0acc,109
S6,rule,False,810901,1.0,1.0,8,8,1200,1200,0,0.0,0.0,,860.0885874025754,0.7858960221063804,5.353397593919,0.00012038400427646218,0.9998796159957235,0,0,0,9023.163915913441,9023.163915913441,1127.8954894891801,1.5,0.98,0.6114211578779087,2.7624309392265193e-05,0.0,0.0,0.04943590969359354,2,19:funding_collapse|31:heatwave:reserve|42:flood:semiwild|72:funding_collapse,0.01600000000000001,0.02718382993743894,0.0,0.0,4.419889502762431e-06,0.0009157280666778291,0.0,5284d15b179c0acc,109
S7,forward_rollout_proxy,False,810901,0.625,0.625,5,5,769,769,2,0.6666666666666666,1.0,24.5,649.5665824974394,0.7777514406322864,5.427469188417122,0.0008276439734643933,0.9991723560265356,0,0,0,9004.385299852976,9004.385299852976,1800.8770599705954,1.5,0.9222507518424331,0.45899916811564384,2.7548209366391185e-05,6.25,3.564768747386844,0.15624700523614637,1,19:funding_collapse|31:heatwave:reserve|42:flood:semiwild|72:funding_collapse,0.01597620775663168,0.03417292648719294,0.00013273819524014006,7.444826333180351e-05,4.407713498622589e-06,0.0009998061742726896,4.7490612104162766e-06,5284d15b179c0acc,109
S4,state_dependent_rule,False,810902,0.625,0.625,5,5,937,937,2,0.6666666666666666,1.0,24.0,167.6488047482133,0.3339424766361857,4.029800946410702,4.004340688232297e-05,0.9999599565931176,19,0,0,9009.242203308839,9009.242203308839,1801.8484406617677,1.5,0.6281003505919025,0.41259103376498246,0.0002798353481430601,43.25,24.66819973191695,0.141164946208426,1,23:flood:origin|33:flood:alternative|46:wildfire:semiwild|49:heatwave:alternative|57:funding_collapse|77:funding_collapse,0.013093832985350835,0.03696382115552263,0.33315532481239557,0.02233923985676532,4.477365570288961e-05,0.00099891562049989,7.711254006398846e-05,5284d15b179c0acc,109
S6,rule,False,810902,1.0,0.875,8,7,1181,1181,0,0.0,0.0,,800.2619918953933,0.7840007203355781,5.9527787832129055,0.0002806957596109979,0.999719304240389,0,0,0,9019.601591349141,9019.601591349143,1288.5145130498772,1.5,0.98,0.5617027278981125,0.00031593987079399285,0.0,0.0,0.05212470032991704,3,23:flood:origin|33:flood:alternative|46:wildfire:semiwild|49:heatwave:alternative|57:funding_collapse|77:funding_collapse,0.01600000000000001,0.028999685087695893,0.0,0.0,5.0550379327038844e-05,0.0009490441973991833,0.0,5284d15b179c0acc,109
S7,forward_rollout_proxy,False,810902,0.75,0.75,6,6,1180,1180,1,0.3333333333333333,1.0,31.0,314.32204081889523,0.5135476182251241,3.8124775164129368,0.013868843009813482,0.9861311569901865,9,0,0,9001.888594482958,9001.888594482958,1500.3147657471598,1.5,0.8291437934809824,0.49639824318462655,0.0005620768913508429,58.0,33.08105397574988,0.1892954433619945,2,23:flood:origin|33:flood:alternative|46:wildfire:semiwild|49:heatwave:alternative|57:funding_collapse|77:funding_collapse,0.014021642054782225,0.044817666963577626,0.17775787709455873,0.016118202116414074,8.993230261613486e-05,0.0010426703594141056,6.426619710694211e-05,5284d15b179c0acc,109
S4,state_dependent_rule,False,810903,0.625,0.625,5,5,985,969,3,1.0,1.0,26.0,217.54031051813183,0.38871402350708395,2.9947314267592837,0.04071594666629995,0.9592840533337,173,0,0,9029.980372829008,9029.980372829008,1805.9960745658016,1.5,0.6307804469796401,0.40201144403485306,0.0004184480166175044,84.75,48.338264214565584,0.1386804253464811,0,7:wildfire:origin|39:funding_collapse|46:funding_collapse|84:flood:reserve|87:wildfire:semiwild,0.012722456411452426,0.04269297394349973,0.26224202472006386,0.02522006753806913,6.69516826588007e-05,0.0010724388777961652,0.00012373036824101123,5284d15b179c0acc,109
S6,rule,False,810903,0.75,0.625,6,5,982,982,2,0.6666666666666666,1.0,28.5,655.851746051683,0.7872442112165765,6.1039981593618275,0.0,1.0,0,0,0,9016.31790603856,9016.31790603856,1803.263581207712,1.5,0.98,0.448167811348527,0.00027066320123508326,0.0,0.0,0.03938914877454356,1,7:wildfire:origin|39:funding_collapse|46:funding_collapse|84:flood:reserve|87:wildfire:semiwild,0.01600000000000001,0.025651251640091775,0.0,0.0,4.330611219761332e-05,0.0010612310311341588,0.0,5284d15b179c0acc,109
S7,forward_rollout_proxy,False,810903,0.5,0.5,4,4,774,774,2,0.6666666666666666,1.0,24.5,331.1886480878197,0.6021004440528575,3.898404084073094,0.0,1.0,33,0,0,9012.60139892076,9012.60139892076,2253.15034973019,1.5,0.8644872943100802,0.3761689787015809,0.0006278397877573449,41.0,23.38488298285768,0.12868104214920953,1,7:wildfire:origin|39:funding_collapse|46:funding_collapse|84:flood:reserve|87:wildfire:semiwild,0.014124353548073676,0.04748113193984166,0.09939607024816523,0.0077769188513302145,0.00010045436604117518,0.0006410662032067381,5.800205118145769e-05,5284d15b179c0acc,109
S4,state_dependent_rule,False,811000,0.125,0.125,1,1,53,0,3,1.0,1.0,28.666666666666668,57.60607577893067,0.6307806106072189,1.0,0.32383223111417525,0.6761677688858247,19,0,0,5121.452476240761,5121.452476240761,5121.452476240761,1.5,0.08650440712660483,0.08517369901382524,0.00639769707942166,47.25,57.18566991493886,0.051366291505823745,0,4:heatwave:reserve|6:heatwave:reserve|40:funding_collapse|50:flood:origin|51:flood:reserve|54:wildfire:origin|79:wildfire:origin|93:flood:alternative,0.005327033319144573,0.08783417643054864,0.01064768642144738,0.004242921694384956,0.0010236315327074653,0.0006415319337037758,0.0019613480534910435,dd3b8e36e41b1463,110
S6,rule,False,811000,0.5,0.0,4,0,0,0,2,0.6666666666666666,1.0,30.5,170.44333853009886,0.49078099789435087,0.0,,,0,0,0,5172.387391274921,5172.387391274922,5172.387391274921,1.5,0.6002049079978892,0.06416617817444366,0.0003564774674207868,0.0,0.0,0.020728436873273696,1,4:heatwave:reserve|6:heatwave:reserve|40:funding_collapse|50:flood:origin|51:flood:reserve|54:wildfire:origin|79:wildfire:origin|93:flood:alternative,0.010720000000000007,0.053919430913793726,0.0,0.0,5.70363947873259e-05,0.0006225347970682255,0.0,dd3b8e36e41b1463,110
S7,forward_rollout_proxy,False,811000,0.25,0.0,2,0,0,0,3,1.0,1.0,29.666666666666668,65.44289197062214,0.38003066598698376,0.0,,,17,0,0,5073.385906728758,5073.385906728758,5073.385906728758,1.5,0.1947545010838041,0.028856911250703096,0.00022024948343154512,13.75,16.641332514929303,0.04690730571161343,0,4:heatwave:reserve|6:heatwave:reserve|40:funding_collapse|50:flood:origin|51:flood:reserve|54:wildfire:origin|79:wildfire:origin|93:flood:alternative,0.007830100189813498,0.05156118992371269,4.420491374502112e-05,0.0009169580754486829,3.523991734904722e-05,0.0005533077569370369,0.0003234850749526069,dd3b8e36e41b1463,110
S4,state_dependent_rule,False,811001,0.25,0.125,2,1,113,0,3,1.0,1.0,28.333333333333332,72.65576303648369,0.6264079870510332,2.7466121746612173,0.0007879914701128547,0.9992120085298871,25,0,0,5178.307107487029,5178.307107487029,5178.307107487029,1.5,0.20360350627737345,0.11323091775324691,0.004343411934674342,47.5,57.48823959702852,0.04577222689448695,0,18:funding_collapse|31:heatwave:semiwild|35:flood:semiwild|74:funding_collapse|81:heatwave:reserve,0.005887143105124037,0.07888480739705062,0.026972076229289526,0.012752829398271177,0.0006949459095478948,0.0009026679949096067,0.0008983752704437778,dd3b8e36e41b1463,110
S6,rule,False,811001,0.5,0.5,4,4,17,17,2,0.6666666666666666,1.0,35.5,290.2363221206648,0.7420996986260009,1.9258064516129032,0.008199999999999999,0.9918,0,0,0,5196.746151509368,5196.746151509368,1299.186537877342,1.5,0.7314609561127287,0.3240414828513862,2.8169014084507043e-05,0.0,0.0,0.033186613619921194,1,18:funding_collapse|31:heatwave:semiwild|35:flood:semiwild|74:funding_collapse|81:heatwave:reserve,0.01600000000000001,0.07113768765651095,0.0,0.0,4.507042253521127e-06,0.000758106675234567,0.0,dd3b8e36e41b1463,110
S7,forward_rollout_proxy,False,811001,0.375,0.0,3,0,0,0,3,1.0,1.0,29.666666666666668,73.17222851143293,0.4074165515616964,0.0,,,24,0,0,5160.720863829934,5160.720863829934,5160.720863829934,1.5,0.3813341278983973,0.04764161566025003,0.012225720161147955,19.25,23.29786552090103,0.04754101435205147,0,18:funding_collapse|31:heatwave:semiwild|35:flood:semiwild|74:funding_collapse|81:heatwave:reserve,0.008028767260739218,0.054118854391050436,0.00011301382817168009,0.0027991610984981186,0.0019561152257836726,0.0009861545471559858,0.001597491771379112,dd3b8e36e41b1463,110
S4,state_dependent_rule,False,811002,0.0,0.0,0,0,0,0,2,0.6666666666666666,1.0,10.0,32.66938769255766,0.3090574681526304,0.0,,,11,0,0,5190.734625568054,5190.734625568054,5190.734625568054,1.5,0.20405955762322317,0.027056261554000385,0.0023911760116111856,20.5,24.810713931349127,0.03325152895839033,1,3:funding_collapse|10:flood:origin|33:flood:reserve|81:funding_collapse,0.004165333854399561,0.04537146752144498,0.0003944338873165452,0.004526578978323099,0.00038258816185778965,0.0017726429574559063,0.0030524245097885857,dd3b8e36e41b1463,110
S6,rule,False,811002,0.375,0.0,3,0,0,0,2,0.6666666666666666,1.0,14.5,87.34967374281058,0.6604143829605958,0.0,,,0,0,0,5185.7225367264255,5185.722536726426,5185.7225367264255,1.5,0.717352849955517,0.07605351860473765,0.00018186650719293,0.0,0.0,0.02159116804592977,1,3:funding_collapse|10:flood:origin|33:flood:reserve|81:funding_collapse,0.01472000000000001,0.08777399792643432,0.0,0.0,2.90986411508688e-05,0.0006625204718190539,0.0,dd3b8e36e41b1463,110
S7,forward_rollout_proxy,False,811002,0.125,0.0,1,0,0,0,2,0.6666666666666666,1.0,9.5,38.12093721924054,0.4458599042607157,0.0,,,18,0,0,5182.169499072253,5182.169499072253,5182.169499072253,1.5,0.3943267017889598,0.048300136330360316,0.005295893228037865,19.75,23.903004885080247,0.04433733075732166,1,3:funding_collapse|10:flood:origin|33:flood:reserve|81:funding_collapse,0.005345351477551279,0.059139835302554664,0.000912775177808133,0.007208635241458003,0.0008473429164860584,0.001321772844711089,0.0032551960450985795,dd3b8e36e41b1463,110
S4,state_dependent_rule,False,811003,0.125,0.125,1,1,146,0,3,1.0,1.0,24.0,81.09570383749745,0.6125012833911891,3.6067681895093067,0.00039002894889581354,0.9996099710511042,17,0,0,5199.483214211708,5199.483214211708,5199.483214211708,1.5,0.2448294999973625,0.12665915607866926,0.005374437158378686,50.25,60.816506100014365,0.04929262091919975,0,61:funding_collapse|61:flood:semiwild|65:wildfire:semiwild,0.0051481894751916335,0.07577674365322942,0.03862844901566713,0.012222952735335434,0.0008599099453405898,0.0007926535557683284,0.000792324726491827,dd3b8e36e41b1463,110
S6,rule,False,811003,0.875,0.5,7,4,31,31,2,0.6666666666666666,1.0,39.0,310.7743973444343,0.7425441963210393,1.5563998190863861,0.0016399999999999997,0.99836,0,0,0,5210.463676464255,5210.463676464255,1302.6159191160637,1.5,0.7826569844874584,0.32505613696354896,0.00045011591553519573,0.0,0.0,0.03113220161969637,0,61:funding_collapse|61:flood:semiwild|65:wildfire:semiwild,0.01600000000000001,0.07044793276546736,0.0,0.0,7.201854648563131e-05,0.0009358523670079255,0.0,dd3b8e36e41b1463,110
S7,forward_rollout_proxy,False,811003,0.125,0.0,1,0,0,0,3,1.0,1.0,34.333333333333336,71.60452321257159,0.3909185345770203,0.0,,,19,0,0,5176.5851085382355,5176.5851085382355,5176.5851085382355,1.5,0.5035917507718968,0.059949914163995324,0.00187233321533089,16.0,19.36445965373591,0.047953695434028214,0,61:funding_collapse|61:flood:semiwild|65:wildfire:semiwild,0.008146832449175157,0.050698045620989715,9.451664541580937e-05,0.0015961743821144988,0.0002995733144529424,0.0006622002735775048,0.0009126156996241135,dd3b8e36e41b1463,110
S4,state_dependent_rule,False,811100,0.375,0.25,3,2,515,367,3,1.0,1.0,22.333333333333332,156.08128638788241,0.5347135960659208,3.126405461342137,0.01054034165647406,0.9894596583435259,194,0,0,10887.382159827543,10887.382159827543,5443.691079913771,1.5,0.36000000000000004,0.19435114678990023,0.0033178783419762514,162.5,305.41062473444055,0.07293546088239426,0,32:wildfire:origin|33:heatwave:reserve|40:funding_collapse|74:funding_collapse|90:funding_collapse,0.006546749000845374,0.07061637261758197,0.052358033086447174,0.010281884954736017,0.0005308605347162003,0.0006619588363427601,0.0015327380106313216,80a536b3425e4144,111
S6,rule,False,811100,0.5,0.0,4,0,0,0,2,0.6666666666666666,1.0,47.0,159.83286498950022,0.5003421974013313,0.0,,,0,0,0,10860.550248128482,10860.550248128482,10860.550248128482,1.5,0.6699999999999999,0.0703378209609004,0.00031210792097076655,0.0,0.0,0.01668910480450205,1,32:wildfire:origin|33:heatwave:reserve|40:funding_collapse|74:funding_collapse|90:funding_collapse,0.011040000000000008,0.0607119971298607,0.0,0.0,4.9937267355322654e-05,0.0005558682014524022,0.0,80a536b3425e4144,111
S7,forward_rollout_proxy,False,811100,0.125,0.125,1,1,193,193,1,0.3333333333333333,1.0,32.0,128.21095217907381,0.7241402628445189,2.8904322185147824,0.007361467871201972,0.992638532128798,42,0,0,10804.478921742619,10804.478921742617,10804.478921742619,1.5,0.5308682434858772,0.14946430935627614,0.005130509863695517,34.25,64.37116244402827,0.05611581411270294,2,32:wildfire:origin|33:heatwave:reserve|40:funding_collapse|74:funding_collapse|90:funding_collapse,0.0161224942492627,0.0505949064334703,0.0008071599448636311,0.0017099473970187953,0.0008208815781912826,0.0007830335755932656,0.0008542498823060084,80a536b3425e4144,111
S4,state_dependent_rule,False,811101,0.25,0.125,2,1,370,198,3,1.0,1.0,24.0,109.58232747356084,0.5425305821194101,2.9163648758041836,0.0011400217794698938,0.9988599782205301,177,0,0,10880.024056750859,10880.024056750859,10880.024056750859,1.5,0.35098691702842494,0.13414873858265122,0.0065122830315245996,144.5,271.58052476385626,0.06818199060883447,0,61:wildfire:reserve|75:funding_collapse|82:funding_collapse|87:funding_collapse|91:heatwave:alternative,0.006199720028232574,0.07339385332583571,0.03554154203901423,0.010922936137047359,0.0010419652850439365,0.0007669852775333191,0.0024576932093023705,80a536b3425e4144,111
S6,rule,False,811101,0.75,0.0,6,0,0,0,3,1.0,1.0,48.0,253.495365012763,0.5869238363354139,0.0,,,0,0,0,10863.635851014058,10863.635851014058,10863.635851014058,1.5,0.6699999999999999,0.07177873884193095,0.00018766435572555582,0.0,0.0,0.02389369420965483,0,61:wildfire:reserve|75:funding_collapse|82:funding_collapse|87:funding_collapse|91:heatwave:alternative,0.01280000000000001,0.06354469927433619,0.0,0.0,3.002629691608893e-05,0.0007014380933341269,0.0,80a536b3425e4144,111
S7,forward_rollout_proxy,False,811101,0.25,0.25,2,2,331,331,3,1.0,1.0,24.666666666666668,158.49567483440268,0.6578770776507373,2.8909756591705014,0.004130092757193111,0.9958699072428069,141,0,0,10825.828924515556,10825.828924515556,5412.914462257778,1.5,0.5129987819010242,0.20952004092309834,0.00281935358656354,63.75,119.81493739581906,0.08405203070645448,0,61:wildfire:reserve|75:funding_collapse|82:funding_collapse|87:funding_collapse|91:heatwave:alternative,0.015099356352362283,0.05662362664273963,0.030320053624025078,0.012725478177535549,0.0004510965738501664,0.0014207783562075352,0.0008147305938185425,80a536b3425e4144,111
S4,state_dependent_rule,False,811102,0.25,0.125,2,1,362,204,3,1.0,1.0,26.666666666666668,116.31587765281087,0.5340683638255398,3.4878100713297133,0.0,1.0,201,0,0,10976.079745769113,10976.079745769113,10976.079745769113,1.5,0.36000000000000004,0.14169777312017393,0.0042842236161647375,139.0,261.24354977284435,0.07284836203438391,0,67:heatwave:reserve,0.006182620529942225,0.07071475795159396,0.044350159898949915,0.01287184559327818,0.0006854757785863586,0.0008484257665046053,0.0018606751290494153,80a536b3425e4144,111
S6,rule,False,811102,0.5,0.0,4,0,0,0,3,1.0,1.0,50.666666666666664,235.6223080150482,0.6133352697886088,0.0,,,0,0,0,10960.017983429478,10960.017983429478,10960.017983429478,1.5,0.6699999999999999,0.0710671517778605,0.00037624624624624616,0.0,0.0,0.02033575888930249,0,67:heatwave:reserve,0.01344000000000001,0.06957207136096387,0.0,0.0,6.0199399399399395e-05,0.000792459451027897,0.0,80a536b3425e4144,111
S7,forward_rollout_proxy,False,811102,0.375,0.375,3,3,517,517,3,1.0,1.0,27.0,246.8826931935593,0.6524907548628751,2.6191552923174117,0.011961577605256339,0.9880384223947437,163,0,0,10918.428517227656,10918.428517227656,3639.4761724092186,1.5,0.5106350141244674,0.26739866771960963,0.0018147879057991694,72.5,136.26012488151972,0.10696806691994383,0,67:heatwave:reserve,0.01523965327007266,0.05566130887298069,0.04218355102506608,0.010471576707566354,0.00029036606492786714,0.001060189613634924,0.0005473660612333658,80a536b3425e4144,111
S4,state_dependent_rule,False,811103,0.125,0.125,1,1,185,0,2,0.6666666666666666,1.0,18.5,84.41771672379465,0.514399421119663,2.9249636783180923,0.0024051941171817793,0.9975948058828182,49,0,0,10923.62536048092,10923.62536048092,10923.62536048092,1.5,0.3360839352466238,0.13107979183717824,0.0034590584256019925,131.0,246.20794978591806,0.05985880764667473,1,29:flood:alternative|54:flood:origin|67:heatwave:alternative|77:funding_collapse|94:heatwave:origin,0.005058400247187368,0.07695456691493016,0.042706629599144154,0.016617663943975028,0.0005534493480963188,0.0008933780334358926,0.002251725756390968,80a536b3425e4144,111
S6,rule,False,811103,0.625,0.0,5,0,0,0,2,0.6666666666666666,1.0,12.0,216.93636848341586,0.5175212558410258,0.0,,,0,0,0,10925.426045514936,10925.426045514936,10925.426045514936,1.5,0.6699999999999999,0.07172581568090379,0.0,0.0,0.0,0.023629078404519027,1,29:flood:alternative|54:flood:origin|67:heatwave:alternative|77:funding_collapse|94:heatwave:origin,0.011360000000000007,0.05969920068892205,0.0,0.0,0.0,0.000719543470052052,0.0,80a536b3425e4144,111
S7,forward_rollout_proxy,False,811103,0.375,0.375,3,3,436,436,2,0.6666666666666666,1.0,17.0,163.359253350162,0.5114703933200812,3.5401736047262204,0.002439933164265968,0.9975600668357341,66,0,0,10896.899215611236,10896.899215611236,3632.2997385370786,1.5,0.6051320392123515,0.28583185897796115,0.0009197751637562979,59.75,112.2971374023559,0.10583459504731882,1,29:flood:alternative|54:flood:origin|67:heatwave:alternative|77:funding_collapse|94:heatwave:origin,0.013066299994151695,0.06517038110369928,0.12455020446665394,0.02836733551382379,0.00014716402620100765,0.0012450091228265639,0.0004643282878180036,80a536b3425e4144,111
S4,state_dependent_rule,False,811200,0.125,0.125,1,1,179,0,3,1.0,1.0,19.666666666666668,107.35849024229918,0.5856307770411503,5.561708036799166,0.0,1.0,31,0,0,19540.359827997836,19540.359827997836,19540.359827997836,1.5,0.16824466931066062,0.13943440093115478,0.006250234048073202,225.5,485.2475681759911,0.05371426816048531,0,49:flood:semiwild|66:funding_collapse|88:flood:reserve,0.00233452495094657,0.07393311269061388,0.06226362014162437,0.015644459342517358,0.0010000374476917117,0.0009467333001741319,0.0033101984738858176,69415b0f2b2b944b,112
S6,rule,False,811200,0.0,0.0,0,0,0,0,3,1.0,1.0,20.0,36.18201773907646,0.21353519004038687,0.0,,,0,0,0,18468.036724022517,18468.036724022517,18468.036724022517,1.3946310543519373,0.2495007654017206,0.026307779659038185,0.00014923935256136615,0.0,0.0,0.006788515594330618,0,49:flood:semiwild|66:funding_collapse|88:flood:reserve,0.0049600000000000035,0.03850764783666972,0.0,0.0,2.3878296409818586e-05,0.00027328382653355783,0.0,69415b0f2b2b944b,112
S7,forward_rollout_proxy,False,811200,0.25,0.125,2,1,212,0,3,1.0,1.0,17.666666666666668,102.05856626738621,0.5967648089794033,3.4867339022498056,0.015837531743547167,0.9841624682564528,27,0,0,19426.08645527916,19426.086455279165,19426.08645527916,1.5,0.19284221785411304,0.1236426806110168,0.0045939815300158945,150.5,323.85702443674757,0.06620559901553716,0,49:flood:semiwild|66:funding_collapse|88:flood:reserve,0.0028568768525650858,0.0768073908290028,0.052025537629844444,0.014120156274590042,0.000735037044802543,0.0008451677984509435,0.0028453077520653415,69415b0f2b2b944b,112
S4,state_dependent_rule,False,811201,0.125,0.125,1,1,171,0,2,0.6666666666666666,1.0,21.0,100.51044257504569,0.589805731897258,5.294405214557306,0.0,1.0,18,0,0,19478.18186121439,19478.18186121439,19478.18186121439,1.5,0.16811009337836239,0.13571246275139895,0.004342273032433202,195.25,420.153382201163,0.04853700633994815,1,33:heatwave:origin|82:wildfire:origin|85:flood:reserve|92:funding_collapse|100:funding_collapse,0.0025349949763428404,0.07399903926877237,0.06016201939032051,0.01529471249973154,0.0006947636851893126,0.0008949816867430234,0.0031396460886332837,69415b0f2b2b944b,112
S6,rule,False,811201,0.0,0.0,0,0,0,0,2,0.6666666666666666,1.0,22.0,31.447865349946024,0.2013488673589097,0.0,,,0,0,0,18381.731961132235,18381.73196113224,18381.731961132235,1.3843825792148934,0.24892339851003667,0.026248724437646098,0.00019603157922830054,0.0,0.0,0.006781922933212141,1,33:heatwave:origin|82:wildfire:origin|85:flood:reserve|92:funding_collapse|100:funding_collapse,0.004640000000000003,0.03444122062288632,0.0,0.0,3.136505267652809e-05,0.00023854696552740452,0.0,69415b0f2b2b944b,112
S7,forward_rollout_proxy,False,811201,0.125,0.125,1,1,140,0,2,0.6666666666666666,1.0,22.0,91.72208472163254,0.6024497892073672,5.558706749858197,1.579586989149614e-05,0.9999842041301085,20,0,0,19399.592257897177,19399.592257897177,19399.592257897177,1.5,0.19275099009405552,0.14078139759656957,0.004006096830130037,141.75,305.0281276671692,0.04834615544291033,1,33:heatwave:origin|82:wildfire:origin|85:flood:reserve|92:funding_collapse|100:funding_collapse,0.0029753438483403564,0.07559961218558361,0.04790435122977982,0.014721316356656678,0.000640975492820806,0.0008168372940439532,0.002870741297989355,69415b0f2b2b944b,112
S4,state_dependent_rule,False,811202,0.25,0.25,2,2,292,0,3,1.0,1.0,18.666666666666668,138.9885525814598,0.5522360435874624,4.4515272543997195,0.0011962292088688786,0.9988037707911311,34,0,0,19437.923849537223,19437.923849537226,9718.961924768611,1.5,0.16802296027102237,0.1880963236291874,0.0038997723438171294,287.75,619.2017194795628,0.07139377529043985,0,39:heatwave:reserve|43:flood:origin|49:funding_collapse|66:funding_collapse|80:flood:semiwild,0.0025889527459045836,0.07914437119521962,0.09909485982433519,0.010885945963980076,0.0006239635750107407,0.0006757832777633398,0.0029668966788231606,69415b0f2b2b944b,112
S6,rule,False,811202,0.0,0.0,0,0,0,0,3,1.0,1.0,20.666666666666668,31.267258696214164,0.2584668875827489,0.0,,,0,0,0,18495.232442021657,18495.23244202166,18495.232442021657,1.423816846276709,0.2496827009825906,0.02631777239704524,0.0001708499554762597,0.0,0.0,0.006747511493930886,0,39:heatwave:reserve|43:flood:origin|49:funding_collapse|66:funding_collapse|80:flood:semiwild,0.006080000000000005,0.05057552904461352,0.0,0.0,2.7335992876201552e-05,0.00025024737976133684,0.0,69415b0f2b2b944b,112
S7,forward_rollout_proxy,False,811202,0.125,0.125,1,1,234,1,3,1.0,1.0,16.666666666666668,97.99163402335223,0.5978704315932869,4.426515763945029,0.009334695958680436,0.9906653040413196,23,0,0,19384.14561281494,19384.14561281494,19384.14561281494,1.5,0.19269780249184423,0.12994949712660903,0.0047817054292975105,149.5,321.70515052022427,0.05082279618987147,0,39:heatwave:reserve|43:flood:origin|49:funding_collapse|66:funding_collapse|80:flood:semiwild,0.0030918899195860805,0.07706356144086995,0.04871645132716264,0.014518011353191146,0.0007650728686876017,0.0008352967710288325,0.0027820885212024356,69415b0f2b2b944b,112
S4,state_dependent_rule,False,811203,0.125,0.125,1,1,173,0,1,0.3333333333333333,1.0,15.0,104.89551644053753,0.5922393441520635,4.872049487221227,0.0007303263333551911,0.9992696736666448,16,0,0,19498.01452453939,19498.014524539387,19498.01452453939,1.5,0.14141586253193913,0.1289894937498979,0.005327620714908472,226.75,487.9374105716451,0.04938706312245854,2,25:heatwave:alternative|47:wildfire:origin|67:flood:reserve|74:heatwave:reserve|79:heatwave:origin,0.0028047625675513776,0.07608163503568817,0.05477766966455486,0.014737710162365452,0.0008524193143853555,0.0009268800409343743,0.003576474529314372,69415b0f2b2b944b,112
S6,rule,False,811203,0.0,0.0,0,0,0,0,1,0.3333333333333333,1.0,18.0,33.575907551395815,0.2324430493245216,0.0,,,0,0,0,18391.30462028714,18391.304620287145,18391.30462028714,1.3007682586339127,0.17925225570537448,0.019541632964025144,0.00010666742519057913,0.0,0.0,0.008082036967438467,2,25:heatwave:alternative|47:wildfire:origin|67:flood:reserve|74:heatwave:reserve|79:heatwave:origin,0.005440000000000004,0.04399710186849704,0.0,0.0,1.7066788030492662e-05,0.0003027820189508855,0.0,69415b0f2b2b944b,112
S7,forward_rollout_proxy,False,811203,0.125,0.125,1,1,210,0,1,0.3333333333333333,1.0,15.0,90.20096018424452,0.6005081805102884,4.33032207384132,0.0050280246945400816,0.9949719753054599,24,0,0,19481.833669206564,19481.833669206564,19481.833669206564,1.5,0.15251259131566056,0.12495880880747486,0.00512275339732388,154.75,333.0024885819714,0.05077164468747801,2,25:heatwave:alternative|47:wildfire:origin|67:flood:reserve|74:heatwave:reserve|79:heatwave:origin,0.0028659001008492415,0.07619049522736501,0.04647253297688294,0.014731095743696972,0.0008196405435718203,0.0008523228802207078,0.0030410269284032467,69415b0f2b2b944b,112
S4,state_dependent_rule,False,811300,0.75,0.75,6,6,1115,1115,1,0.3333333333333333,1.0,47.0,776.3401625482193,0.7495113359593808,4.716741408232555,0.002259444104484361,0.9977405558955157,72,0,0,18946.851994837027,18946.851994837027,3157.808665806171,1.3775468000517186,0.9555547643814482,0.5138435013885017,0.0005010815938672248,53.0,95.47107201044408,0.1681030543401565,2,20:funding_collapse,0.015286293016718284,0.03303697078860743,0.027277360617935207,0.0034947122260385304,8.0173055018756e-05,0.0009904838089813146,0.00015962480114973545,59869596a1b2f394,113
S6,rule,False,811300,1.0,1.0,8,8,1200,1200,0,0.0,0.0,,868.1760386531579,0.7870645408705268,6.119671410118887,0.0,1.0,0,0,0,19624.953488153038,19624.953488153038,2453.1191860191298,1.5,0.98,0.6211200429210946,0.0002884643316349171,0.0,0.0,0.0596166440995289,3,20:funding_collapse,0.01600000000000001,0.025971407864047093,0.0,0.0,4.6154293061586736e-05,0.0009178969723644532,0.0,59869596a1b2f394,113
S7,forward_rollout_proxy,False,811300,1.0,0.875,8,7,1200,1200,0,0.0,0.0,,834.4415414719391,0.775400306071069,5.885026927480184,0.0007288961727634763,0.9992711038272365,46,0,0,19413.388165871987,19413.388165871987,2773.341166553141,1.5,0.98,0.5945288385033369,0.0003949985660666229,25.0,45.03352453322834,0.21964284614267562,3,20:funding_collapse,0.015565580981284187,0.028378305071773954,0.009227527602658304,0.0012454111332343022,6.319977057065966e-05,0.0009536193938197287,5.8757678807406443e-05,59869596a1b2f394,113
S4,state_dependent_rule,False,811301,0.75,0.75,6,6,1200,1200,1,0.3333333333333333,1.0,26.0,604.9048035999608,0.6683547513272918,3.7933966293278085,0.011052721821311319,0.9889472781786887,154,0,0,18580.815937681124,18580.815937681124,3096.8026562801874,1.0255256590440986,0.8591642222747508,0.4935499337012626,0.00043525114936051186,125.0,225.1676226661419,0.16099772590254713,2,34:wildfire:alternative|53:heatwave:alternative|56:flood:origin|66:funding_collapse|84:funding_collapse|93:wildfire:semiwild,0.014103675415024754,0.038030368645997445,0.1003603073108552,0.006401744465659867,6.964018389768192e-05,0.0008421639051256018,0.00031579260529638914,59869596a1b2f394,113
S6,rule,False,811301,1.0,0.875,8,7,1146,1146,0,0.0,0.0,,814.886873323384,0.7847473360431652,5.59644588484169,0.0,1.0,0,0,0,19523.0916776711,19523.091677671102,2789.013096810157,1.5,0.98,0.5587433335765274,0.0001669788108732146,0.0,0.0,0.055144373640552795,3,34:wildfire:alternative|53:heatwave:alternative|56:flood:origin|66:funding_collapse|84:funding_collapse|93:wildfire:semiwild,0.01600000000000001,0.028305893478287665,0.0,0.0,2.671660973971434e-05,0.0009200538688076066,0.0,59869596a1b2f394,113
S7,forward_rollout_proxy,False,811301,1.0,0.75,8,6,1157,1157,0,0.0,0.0,,766.1106962575421,0.754365333198877,5.219015580413564,0.0017588617850316961,0.9982411382149683,89,0,0,19191.342462905104,19191.342462905104,3198.5570771508505,1.4425088580991032,0.9556931079378518,0.529125329910537,0.0002975058513288465,61.25,110.33213510640942,0.21932931656308058,3,34:wildfire:alternative|53:heatwave:alternative|56:flood:origin|66:funding_collapse|84:funding_collapse|93:wildfire:semiwild,0.015279511098962495,0.037677023392766004,0.018721661256839706,0.0017354554947040864,4.7600936212615446e-05,0.0008709720195940461,0.00013152073905034462,59869596a1b2f394,113
S4,state_dependent_rule,False,811302,0.75,0.75,6,6,1200,1184,2,0.6666666666666666,1.0,29.5,446.2945006069447,0.5365145632278506,4.840818750422334,0.003872862686937237,0.9961271373130628,210,0,0,17963.47947763494,17963.47947763494,2993.91324627249,0.6804489100687001,0.8038381009660821,0.4979904620492086,0.0009872848976215291,145.25,261.6447775380568,0.15849232224188528,1,28:wildfire:origin|36:heatwave:alternative|40:funding_collapse|40:flood:alternative|44:wildfire:origin|92:wildfire:semiwild|93:funding_collapse,0.013397228024430427,0.03798505057442386,0.22589108799705232,0.015164361817668922,0.00015796558361944453,0.0009539855031003457,0.0003865792127191033,59869596a1b2f394,113
S6,rule,False,811302,1.0,1.0,8,8,1156,1156,0,0.0,0.0,,827.5384534067467,0.7841391858336918,5.3823640306743314,0.002617763189572922,0.997382236810427,0,0,0,19518.674763663937,19518.67476366394,2439.834345457992,1.5,0.98,0.612959541443905,0.000199556277921855,0.0,0.0,0.055679505685808275,3,28:wildfire:origin|36:heatwave:alternative|40:funding_collapse|40:flood:alternative|44:wildfire:origin|92:wildfire:semiwild|93:funding_collapse,0.01600000000000001,0.028897458414413345,0.0,0.0,3.1929004467496806e-05,0.0009314267474278638,0.0,59869596a1b2f394,113
S7,forward_rollout_proxy,False,811302,0.75,0.75,6,6,1200,1200,1,0.3333333333333333,1.0,11.0,689.6477002611111,0.7424314045372148,5.231615708761713,0.0010049021669713764,0.9989950978330286,102,0,0,19001.431504333133,19001.431504333133,3166.905250722189,1.3558496557141864,0.9782931387037749,0.5238722874704256,0.0003254245024228701,52.5,94.57040151977951,0.18113408256215452,2,28:wildfire:origin|36:heatwave:alternative|40:funding_collapse|40:flood:alternative|44:wildfire:origin|92:wildfire:semiwild|93:funding_collapse,0.014970560587914352,0.03818197844214203,0.031074862846225675,0.002424166221287286,5.206792038765922e-05,0.0008897258444269858,0.00013019191339612668,59869596a1b2f394,113
S4,state_dependent_rule,False,811303,0.75,0.75,6,6,1200,1200,1,0.3333333333333333,1.0,37.0,427.2229648413082,0.5646731227315133,4.583957721581094,0.0024482636193326776,0.9975517363806673,236,0,0,17880.914021708424,17880.91402170842,2980.152336951404,0.7202370237030061,0.83911399244348,0.5001499493261528,0.0009695562491743404,161.75,291.3669037299874,0.164494864329969,2,20:flood:alternative|28:wildfire:origin|52:flood:reserve|98:funding_collapse|99:funding_collapse,0.012937803866588453,0.0451067960280397,0.1829648693303348,0.017515219735270867,0.00015512899986789444,0.0010210678960967858,0.00048687960214627534,59869596a1b2f394,113
S6,rule,False,811303,1.0,0.875,8,7,1139,1139,0,0.0,0.0,,777.5853373385689,0.7841358459022547,5.530032694516472,0.03312870489015555,0.9668712951098445,0,0,0,19487.901787357503,19487.90178735751,2783.9859696225003,1.5,0.98,0.5576696886625052,0.0001959329898127471,0.0,0.0,0.05309680858670225,3,20:flood:alternative|28:wildfire:origin|52:flood:reserve|98:funding_collapse|99:funding_collapse,0.01600000000000001,0.028900433155843258,0.0,0.0,3.134927837003954e-05,0.0009323716635318735,0.0,59869596a1b2f394,113
S7,forward_rollout_proxy,False,811303,0.875,0.875,7,7,1200,1200,0,0.0,0.0,,699.2665940140217,0.7573794050703034,4.096744946871693,0.04369617521607574,0.9563038247839243,137,0,0,19115.305003840804,19115.305003840804,2730.7578576915434,1.4442442950116985,0.9792662648897269,0.5747920985253088,0.0004880311409490549,63.75,114.83548755973226,0.21074011283809574,3,20:flood:alternative|28:wildfire:origin|52:flood:reserve|98:funding_collapse|99:funding_collapse,0.015241074830676651,0.03722316074025784,0.01664889913855989,0.0018344728856970632,7.80849825518488e-05,0.0009170600473065893,0.0001597483458182001,59869596a1b2f394,113
S4,state_dependent_rule,False,811400,0.25,0.25,2,2,304,0,3,1.0,1.0,20.666666666666668,100.01275911886647,0.4674269412039734,2.8949319901686,0.0006483946457344061,0.9993516053542656,55,0,0,22289.361544512674,22289.361544512674,11144.680772256337,1.2643586324550973,0.06539528554950975,0.16143577706549217,0.005367466443298338,278.75,293.1925362941796,0.0672346430442761,0,14:wildfire:alternative|20:funding_collapse|52:flood:semiwild|77:wildfire:semiwild,0.002501807917062072,0.07885146215104984,0.08258748482684711,0.01099252351362277,0.000858794630927735,0.0006846956808790462,0.0017268754073543314,61b5a7e886d105d4,114
S6,rule,False,811400,0.0,0.0,0,0,0,0,2,0.6666666666666666,1.0,19.0,35.79399250144142,0.23111025013885264,0.0,,,0,0,0,21810.91800254819,21810.918002548195,21810.91800254819,0.9913374715827414,0.12231700056787458,0.013538586370718128,5.2493438320209976e-05,0.0,0.0,0.006534431569653349,1,14:wildfire:alternative|20:funding_collapse|52:flood:semiwild|77:wildfire:semiwild,0.0052800000000000034,0.03720893903153022,0.0,0.0,8.398950131233596e-06,0.00029241187948588295,0.0,61b5a7e886d105d4,114
S7,forward_rollout_proxy,False,811400,0.25,0.25,2,2,275,0,3,1.0,1.0,17.333333333333332,100.21643300073156,0.48149017973146385,3.242216650727892,0.013496230541333226,0.9865037694586668,27,0,0,22156.792455273873,22156.792455273873,11078.396227636937,1.219768975502558,0.07788397657141975,0.16790530174047139,0.004842880948333218,221.5,232.97631135124948,0.07597368788025234,0,14:wildfire:alternative|20:funding_collapse|52:flood:semiwild|77:wildfire:semiwild,0.003126934216476049,0.07974020822494464,0.07013342056908362,0.011457606239028308,0.0007748609517333152,0.0007273702994022693,0.0015717256500059403,61b5a7e886d105d4,114
S4,state_dependent_rule,False,811401,0.25,0.25,2,2,188,0,3,1.0,1.0,20.333333333333332,88.39346115265002,0.4782865272673188,3.1955128205128203,0.14568088162742868,0.8543191183725714,47,0,0,22338.389429903797,22338.389429903797,11169.194714951898,1.204678484542962,0.06520730477131231,0.16406592395949568,0.005535632979838278,234.0,246.1239587187015,0.06545032638618123,0,3:wildfire:semiwild|93:wildfire:semiwild,0.0023745363071234716,0.07492979031240901,0.06468276996075822,0.01470012273791644,0.0008857012767741246,0.0008944944817697352,0.0016592514514609644,61b5a7e886d105d4,114
S6,rule,False,811401,0.0,0.0,0,0,0,0,1,0.3333333333333333,1.0,20.0,35.95842001987582,0.2565236166840636,0.0,,,0,0,0,22274.850492537364,22274.850492537367,22274.850492537364,1.1618449096129133,0.21056880110675977,0.022707398238771753,0.0005397805092711839,0.0,0.0,0.008252590640478868,2,3:wildfire:semiwild|93:wildfire:semiwild,0.005920000000000004,0.044315562630493736,0.0,0.0,8.636488148338943e-05,0.0002544558039593135,0.0,61b5a7e886d105d4,114
S7,forward_rollout_proxy,False,811401,0.125,0.125,1,1,188,0,3,1.0,1.0,19.333333333333332,81.90071181391822,0.5078216922784697,2.96958494370694,0.008724537387841768,0.9912754626121583,32,0,0,22602.90996150178,22602.90996150178,22602.90996150178,1.2999128936134041,0.08138973091496675,0.10513184894721925,0.00785638281032493,166.75,175.38961588180976,0.055235132093265846,0,3:wildfire:semiwild|93:wildfire:semiwild,0.003364531887959563,0.07842918375403429,0.045288614104197586,0.013512232466195697,0.0012570212496519893,0.000806550003263517,0.0013653210884919274,61b5a7e886d105d4,114
S4,state_dependent_rule,False,811402,0.375,0.25,3,2,328,0,2,0.6666666666666666,1.0,12.0,120.06349557196663,0.44349748721749555,3.2070302946159677,0.004060691713396299,0.9959393082866037,49,0,0,22150.553504754822,22150.553504754822,11075.276752377411,1.1918544330139254,0.06512997396198096,0.16769728051452484,0.005208590221237582,324.25,341.04997271170487,0.08306990086083534,1,18:wildfire:semiwild|43:heatwave:semiwild|58:flood:origin|62:funding_collapse,0.0023525808306158794,0.07690885913472693,0.09759387887516943,0.014233117557107638,0.0008333744353980132,0.0008343257923291703,0.0015572605903765408,61b5a7e886d105d4,114
S6,rule,False,811402,0.0,0.0,0,0,0,0,3,1.0,1.0,23.666666666666668,40.53024867498918,0.24979775428453033,0.0,,,0,0,0,22208.20363020047,22208.203630200474,22208.20363020047,1.1603809530847389,0.2097597249026193,0.022491170406646728,0.0001308936687526766,0.0,0.0,0.007575989581923995,0,18:wildfire:semiwild|43:heatwave:semiwild|58:flood:origin|62:funding_collapse,0.005760000000000004,0.042853916096631084,0.0,0.0,2.0942987000428253e-05,0.00036738663183818034,0.0,61b5a7e886d105d4,114
S7,forward_rollout_proxy,False,811402,0.25,0.125,2,1,205,0,2,0.6666666666666666,1.0,12.5,69.09202228776705,0.5104817949538194,1.9999524104126019,0.02051092684009638,0.9794890731599036,28,0,0,22420.228503927,22420.228503927,22420.228503927,1.3077671224432257,0.08024826402167617,0.09774561624125125,0.008635013280044575,155.0,163.03082735640487,0.06735632867478798,1,18:wildfire:semiwild|43:heatwave:semiwild|58:flood:origin|62:funding_collapse,0.0029523988635774346,0.07914645278514768,0.03604627597011839,0.013765149389257854,0.0013816021248071312,0.0009022632308197976,0.001981632249324547,61b5a7e886d105d4,114
S4,state_dependent_rule,False,811403,0.25,0.125,2,1,166,0,2,0.6666666666666666,1.0,14.0,90.26646682957735,0.48229668956632876,4.565275016567263,0.002247732991205254,0.9977522670087947,43,0,0,22274.968955246168,22274.968955246168,22274.968955246168,1.2266999960927678,0.06501428178775569,0.11988378323650896,0.006446124506493713,232.25,244.28328808725811,0.05739802446030384,1,8:funding_collapse|41:heatwave:reserve|86:funding_collapse|95:heatwave:reserve,0.0025008579555642796,0.07472042297014075,0.060606947898665296,0.016824733288394064,0.0010313799210389947,0.001022465700911562,0.0016139427615984485,61b5a7e886d105d4,114
S6,rule,False,811403,0.0,0.0,0,0,0,0,2,0.6666666666666666,1.0,10.5,35.243355947006464,0.23713481651924462,0.0,,,0,0,0,22063.80983429938,22063.80983429938,22063.80983429938,1.1260541094917003,0.20800682041180452,0.02251126054212482,0.0002711993888464476,0.0,0.0,0.008552892504721838,1,8:funding_collapse|41:heatwave:reserve|86:funding_collapse|95:heatwave:reserve,0.005440000000000004,0.03917838278955105,0.0,0.0,4.339190221543163e-05,0.00040340878898901465,0.0,61b5a7e886d105d4,114
S7,forward_rollout_proxy,False,811403,0.125,0.125,1,1,112,0,2,0.6666666666666666,1.0,11.5,61.287360856333855,0.5156683207297267,1.0,0.3424742097497932,0.6575257902502067,39,0,0,22386.380876938143,22386.380876938143,22386.380876938143,1.291750053182302,0.08003677049552892,0.08514709565558233,0.0077104867728817516,145.5,153.03861535714134,0.054467093030147185,1,8:funding_collapse|41:heatwave:reserve|86:funding_collapse|95:heatwave:reserve,0.0035092009198844426,0.07875640107067182,0.030062923149231504,0.018695368783117675,0.0012336778836610802,0.0012008324681220348,0.002044490624208911,61b5a7e886d105d4,114
S4,state_dependent_rule,False,811500,0.375,0.25,3,2,227,0,2,0.6666666666666666,1.0,23.5,163.9454691883171,0.6201254992882522,4.186441697747163,0.00036939135660984127,0.9996306086433902,174,0,0,13324.626060604316,13324.626060604316,6662.313030302158,1.5,0.23205909437866445,0.19348968395773608,0.0034732160973081788,209.0,236.2802313224946,0.07959678771198986,1,28:heatwave:semiwild|75:funding_collapse|81:wildfire:reserve,0.006672661810052918,0.08008055478657353,0.05174645278256019,0.007701596612349152,0.0005557145755693085,0.0005739379055691897,0.001185150604621074,4b341900b9589550,115
S6,rule,False,811500,0.625,0.5,5,4,167,167,1,0.3333333333333333,1.0,36.0,312.32405211140616,0.7448643776795714,3.3363916600966457,0.0,1.0,0,0,0,13338.23185598058,13338.23185598058,3334.557963995145,1.5,0.8009202461380681,0.34482783926632343,0.00012795784324849037,0.0,0.0,0.03185949025775079,2,28:heatwave:semiwild|75:funding_collapse|81:wildfire:reserve,0.01600000000000001,0.06821396032497748,0.0,0.0,2.0473254919758454e-05,0.0009011887405317322,0.0,4b341900b9589550,115
S7,forward_rollout_proxy,False,811500,0.625,0.25,5,2,109,4,0,0.0,0.0,,133.99335313789763,0.6960919498670884,3.2091156672318997,0.006107461300691892,0.9938925386993082,135,0,0,13298.251432278965,13298.251432278965,6649.125716139482,1.5,0.3746519074298173,0.20468366270876934,0.0017986720672687631,117.25,132.55434029934224,0.1131365764673429,3,28:heatwave:semiwild|75:funding_collapse|81:wildfire:reserve,0.011947945815367879,0.08055752966792787,0.020658266412239973,0.008550394590085851,0.00028778753076300214,0.0007167662510662536,0.0011573157199384811,4b341900b9589550,115
S4,state_dependent_rule,False,811501,0.375,0.125,3,1,149,0,3,1.0,1.0,29.666666666666668,120.85149264399139,0.640133911052697,4.390152264188253,0.002097872727223939,0.997902127272776,146,0,0,13349.06771245148,13349.06771245148,13349.06771245148,1.5,0.1737802079345064,0.12926237237421623,0.003756470725977541,170.75,193.03755740821046,0.05866414469441529,0,50:wildfire:alternative|57:wildfire:origin|79:funding_collapse|85:wildfire:alternative,0.006758223281206827,0.07475559769809474,0.03677625188749727,0.011387215193429903,0.0006010353161564067,0.0008333246872644182,0.001426467938642572,4b341900b9589550,115
S6,rule,False,811501,0.625,0.0,5,0,0,0,1,0.3333333333333333,1.0,16.0,183.01909207622802,0.6104046925896015,0.0,,,0,0,0,13338.23185598058,13338.23185598058,13338.23185598058,1.5,0.5072081785434858,0.05541859055263354,0.00016089531630391338,0.0,0.0,0.023488863491424785,2,50:wildfire:alternative|57:wildfire:origin|79:funding_collapse|85:wildfire:alternative,0.01344000000000001,0.0727008933319498,0.0,0.0,2.574325060862614e-05,0.0006286708278401223,0.0,4b341900b9589550,115
S7,forward_rollout_proxy,False,811501,0.375,0.125,3,1,296,100,2,0.6666666666666666,1.0,11.5,125.92344163827383,0.699680166806035,2.9006157717009873,0.009141872946900668,0.9908581270530993,115,0,0,13297.185697027006,13297.185697027006,13297.185697027006,1.5,0.25065070732573197,0.12377140046420054,0.002230636560085073,97.0,109.6611599917799,0.06725086007308735,1,50:wildfire:alternative|57:wildfire:origin|79:funding_collapse|85:wildfire:alternative,0.01204260325120628,0.07416678607596831,0.023551252936685352,0.00962732611839536,0.0003569018496136118,0.0008052766059970022,0.0009078624098130346,4b341900b9589550,115
S4,state_dependent_rule,False,811502,0.375,0.375,3,3,253,0,1,0.3333333333333333,1.0,13.0,137.15244621772646,0.6024671205833458,2.81621520950406,0.092017336328508,0.907982663671492,132,0,0,13312.267481701698,13312.267481701698,4437.422493900566,1.5,0.23951686569569555,0.24067966947196137,0.0029196393664800975,170.25,192.47229369691246,0.0990791540367559,2,6:flood:alternative|29:wildfire:semiwild|71:funding_collapse,0.0062010146886180735,0.07586937396617915,0.07237338721437837,0.010145269097654857,0.0004671422986368154,0.0007744684843253241,0.0011114792659882536,4b341900b9589550,115
S6,rule,False,811502,0.625,0.375,5,3,135,135,1,0.3333333333333333,1.0,15.0,261.641264976976,0.7450432477891787,3.4794000377079723,0.0,1.0,0,0,0,13298.799691339,13298.799691339002,4432.933230446333,1.5,0.7885226991883408,0.2889089652946566,0.00014124293785310735,0.0,0.0,0.03256347499371391,2,6:flood:alternative|29:wildfire:semiwild|71:funding_collapse,0.01600000000000001,0.06832459601139304,0.0,0.0,2.2598870056497175e-05,0.0006095573293712937,0.0,4b341900b9589550,115
S7,forward_rollout_proxy,False,811502,0.375,0.25,3,2,215,111,1,0.3333333333333333,1.0,29.0,160.15094373157933,0.6787815812974456,2.10180456247872,0.13039895978897256,0.8696010402110275,135,0,0,13258.390772950828,13258.390772950828,6629.195386475414,1.5,0.3808217223446255,0.19299912005283712,0.0015943606951442776,102.0,115.31379710475828,0.10699451096793686,2,6:flood:alternative|29:wildfire:semiwild|71:funding_collapse,0.010759360569365295,0.07439469793308204,0.03623803791534562,0.008944884761979272,0.00025509771122308436,0.0007031038945355126,0.0006705818029203672,4b341900b9589550,115
S4,state_dependent_rule,False,811503,0.375,0.25,3,2,220,0,2,0.6666666666666666,1.0,36.5,135.9975433365602,0.6288923082720267,2.8906915190623943,0.0016226812561390678,0.9983773187438609,137,0,0,13172.100464155938,13172.100464155938,6586.050232077969,1.5,0.3025949353488121,0.1873732683293436,0.0041265337899012025,188.25,212.82178730363464,0.07853429801919205,1,5:funding_collapse|12:funding_collapse|41:wildfire:origin|59:funding_collapse|73:funding_collapse|95:funding_collapse,0.006450672382539468,0.0789856279827793,0.04312712225746654,0.008200173882283298,0.0006602454063841925,0.0006437517212228869,0.001459351740633238,4b341900b9589550,115
S6,rule,False,811503,0.5,0.0,4,0,0,0,1,0.3333333333333333,1.0,22.0,145.18540091652574,0.472153422139994,0.0,,,0,0,0,13188.491904770948,13188.491904770952,13188.491904770948,1.5,0.735199488404877,0.0773894779572167,0.00017349837912939388,0.0,0.0,0.019347645583645025,2,5:funding_collapse|12:funding_collapse|41:wildfire:origin|59:funding_collapse|73:funding_collapse|95:funding_collapse,0.010400000000000006,0.05635089301806158,0.0,0.0,2.775974066070302e-05,0.0005679251012836378,0.0,4b341900b9589550,115
S7,forward_rollout_proxy,False,811503,0.25,0.125,2,1,125,27,1,0.3333333333333333,1.0,27.0,118.05238226685968,0.702147142485611,1.9998720081914756,0.018023871691133887,0.9819761283088662,69,0,0,13134.962623871566,13134.962623871566,13134.962623871566,1.5,0.4228017470928154,0.13404567693120858,0.002396552477662201,72.75,82.24586999383493,0.07758391070006136,2,5:funding_collapse|12:funding_collapse|41:wildfire:origin|59:funding_collapse|73:funding_collapse|95:funding_collapse,0.01145277769470852,0.0774346081401855,0.01392593817797134,0.009643335950519596,0.00038344839642595217,0.0009308953880268052,0.001071606597357911,4b341900b9589550,115
S4,state_dependent_rule,False,811600,0.875,0.625,7,5,1200,1200,0,0.0,0.0,,713.1496598269699,0.6919644118964903,6.3554831228588435,0.0005271442352941175,0.9994728557647059,43,0,0,18001.229824913054,18001.229824913054,3600.245964982611,1.5,0.8763155658910134,0.4626500006091183,0.00014119943013052907,38.5,82.52722419713739,0.151068063957143,3,24:heatwave:semiwild|38:funding_collapse|93:wildfire:semiwild|95:flood:alternative|98:heatwave:semiwild,0.01508898256524663,0.03262172051971577,0.044119468460489045,0.0035387652696832923,2.2591908820884645e-05,0.0009105179363464775,0.00014015175205864884,69110e04026fc4a7,116
S6,rule,False,811600,0.875,0.875,7,7,1170,1170,0,0.0,0.0,,840.874744987613,0.7878387982792922,6.201047568551294,0.0,1.0,0,0,0,18040.77807247072,18040.77807247072,2577.25401035296,1.5,0.9288714057123403,0.5585275944789162,0.00010876070428466932,0.0,0.0,0.04939989111084611,3,24:heatwave:semiwild|38:funding_collapse|93:wildfire:semiwild|95:flood:alternative|98:heatwave:semiwild,0.01600000000000001,0.025197906162200603,0.0,0.0,1.7401712685547094e-05,0.0009458938458221163,0.0,69110e04026fc4a7,116
S7,forward_rollout_proxy,False,811600,0.875,0.75,7,6,1186,1186,0,0.0,0.0,,813.6629487956945,0.7542642042924027,5.93356112225953,0.0005943656367807839,0.9994056343632192,26,0,0,18015.961495800555,18015.961495800555,3002.6602493000923,1.5,0.9020084574625867,0.5281024986676791,0.0003214561489965408,26.0,55.73267088637849,0.2053302084941256,3,24:heatwave:semiwild|38:funding_collapse|93:wildfire:semiwild|95:flood:alternative|98:heatwave:semiwild,0.015664444320816706,0.029332540041159184,0.00886331151892349,0.0013068271442857632,5.1432983839446534e-05,0.0009374346049176288,8.522189140715164e-05,69110e04026fc4a7,116
S4,state_dependent_rule,False,811601,1.0,0.625,8,5,1080,1080,0,0.0,0.0,,664.9958003552451,0.6930400451669345,5.171197343179463,0.0022794577057656208,0.9977205422942343,205,0,0,17788.893999012842,17788.893999012842,3557.7787998025683,1.5,0.907032571585324,0.4557470296231552,0.0002890899503117288,108.0,231.50494060495691,0.16040899516414117,3,27:funding_collapse|53:funding_collapse|55:funding_collapse|62:flood:reserve|66:funding_collapse|67:wildfire:origin|77:funding_collapse|79:heatwave:alternative,0.01475521784918686,0.040604083729506725,0.033443582596755145,0.0023127296577960836,4.625439204987661e-05,0.0009171392269708531,0.00031174773503555355,69110e04026fc4a7,116
S6,rule,False,811601,1.0,1.0,8,8,1200,1200,0,0.0,0.0,,861.292310760375,0.7857355959574785,5.876957146897297,0.0019294117647058822,0.9980705882352942,0,0,0,17830.52211502828,17830.52211502828,2228.815264378535,1.5,0.98,0.617761131811188,0.0001775209154087911,0.0,0.0,0.054957801711075435,3,27:funding_collapse|53:funding_collapse|55:funding_collapse|62:flood:reserve|66:funding_collapse|67:wildfire:origin|77:funding_collapse|79:heatwave:alternative,0.01600000000000001,0.027281154200892953,0.0,0.0,2.8403346465406578e-05,0.0009548464951628949,0.0,69110e04026fc4a7,116
S7,forward_rollout_proxy,False,811601,1.0,0.875,8,7,1200,1200,0,0.0,0.0,,790.8019261698093,0.7444048812525952,5.037353673798307,0.01102098489627817,0.9889790151037219,85,0,0,17806.259872134608,17806.25987213461,2543.751410304944,1.5,0.9767585567386781,0.58428021149166,0.00020845802123070314,36.5,78.24009566741596,0.21240409539904553,3,27:funding_collapse|53:funding_collapse|55:funding_collapse|62:flood:reserve|66:funding_collapse|67:wildfire:origin|77:funding_collapse|79:heatwave:alternative,0.015331895303162339,0.033717351005657904,0.009859029584411077,0.0015925703961040996,3.335328339691251e-05,0.000958741652847216,9.21762902616896e-05,69110e04026fc4a7,116
S4,state_dependent_rule,False,811602,0.75,0.75,6,6,1016,1016,2,0.6666666666666666,1.0,22.5,253.89991895079353,0.33211515576731765,4.69998694221803,0.0005593157961404082,0.9994406842038596,115,0,0,17885.431466310783,17885.43146631078,2980.9052443851306,1.5,0.7816111952615339,0.4943110935924591,0.00024485188352833814,153.0,327.96533252368874,0.15825052322062674,1,8:funding_collapse|9:funding_collapse|16:heatwave:origin|21:heatwave:alternative|30:flood:alternative|62:funding_collapse|97:heatwave:reserve,0.012519258977878036,0.03665616345478932,0.29782468230893744,0.02246954997232984,3.917630136453411e-05,0.0010398459642645842,0.0005173406936744184,69110e04026fc4a7,116
S6,rule,False,811602,0.875,0.875,7,7,1168,1168,1,0.3333333333333333,1.0,23.0,798.6201292679107,0.7844203727729528,6.381205821343621,0.0,1.0,0,0,0,17930.353951090503,17930.353951090507,2561.479135870072,1.5,0.9201202140390213,0.5597284164418597,0.0003807592356788808,0.0,0.0,0.05077168412260686,2,8:funding_collapse|9:funding_collapse|16:heatwave:origin|21:heatwave:alternative|30:flood:alternative|62:funding_collapse|97:heatwave:reserve,0.01600000000000001,0.028547301993443873,0.0,0.0,6.092147770862094e-05,0.0009714037558949248,0.0,69110e04026fc4a7,116
S7,forward_rollout_proxy,False,811602,0.75,0.625,6,5,1045,1045,2,0.6666666666666666,1.0,36.5,540.4260884010223,0.5986876674271254,4.8511790364448135,0.00018261114988880634,0.9998173888501112,40,0,0,17893.082884065574,17893.082884065574,3578.616576813115,1.5,0.8964346037542924,0.4533492662358607,0.0005253901849311698,34.75,74.48885820390971,0.1697200774799164,1,8:funding_collapse|9:funding_collapse|16:heatwave:origin|21:heatwave:alternative|30:flood:alternative|62:funding_collapse|97:heatwave:reserve,0.01422052748502134,0.03543867355109663,0.09294469170222977,0.018770495376371585,8.406242958898718e-05,0.0014183579220472071,0.00015320366858001343,69110e04026fc4a7,116
S4,state_dependent_rule,False,811603,1.0,0.875,8,7,971,958,1,0.3333333333333333,1.0,53.0,408.66215679541574,0.4528566289631557,3.762375132285468,0.017320665312822236,0.9826793346871777,75,0,0,17981.170194815375,17981.170194815375,2568.7385992593395,1.5,0.8136220598481665,0.5448922041054657,0.00022734869838188506,122.75,263.1225135116523,0.16078123398897204,1,11:heatwave:semiwild|17:wildfire:alternative|31:flood:origin|75:wildfire:alternative|81:funding_collapse|96:heatwave:reserve,0.013856068812014281,0.04080639962343186,0.21616362125198915,0.01452914591902276,3.637579174110161e-05,0.0008559627267679726,0.0003791210361603461,69110e04026fc4a7,116
S6,rule,False,811603,1.0,1.0,8,8,1200,1200,0,0.0,0.0,,823.9907133976938,0.784719317748367,5.905942614805082,0.0,1.0,0,0,0,18027.0114902658,18027.011490265802,2253.376436283225,1.5,0.9434164640746031,0.6142546252547586,5.076142131979695e-05,0.0,0.0,0.054267763496237284,3,11:heatwave:semiwild|17:wildfire:alternative|31:flood:origin|75:wildfire:alternative|81:funding_collapse|96:heatwave:reserve,0.01600000000000001,0.02833962871637603,0.0,0.0,8.121827411167512e-06,0.0009329317078456254,0.0,69110e04026fc4a7,116
S7,forward_rollout_proxy,False,811603,1.0,0.75,8,6,1099,1099,1,0.3333333333333333,1.0,53.0,728.8830627425805,0.7288120593593926,6.221225449020122,0.0003505896774193548,0.9996494103225807,51,0,0,17994.12184793641,17994.12184793641,2999.0203079894018,1.5,0.9138094512186918,0.525598224685893,0.00025448820774720137,46.75,100.2116293822382,0.17252512536911252,1,11:heatwave:semiwild|17:wildfire:alternative|31:flood:origin|75:wildfire:alternative|81:funding_collapse|96:heatwave:reserve,0.01529608509723245,0.034067242169640514,0.01972927215398316,0.0015275284537965069,4.071811323955223e-05,0.000884014947735131,0.00015199285345536366,69110e04026fc4a7,116
S4,state_dependent_rule,False,811700,0.25,0.125,2,1,194,0,3,1.0,1.0,24.333333333333332,102.06304021521923,0.5272962056337218,4.017506404782238,9.116726103726642e-05,0.9999088327389627,41,0,0,9591.393564864324,9591.393564864324,9591.393564864324,0.6699942764868875,0.06109505715415111,0.11592651767418734,0.00027322901142573275,111.0,172.84369673842835,0.06695973955474913,0,7:heatwave:semiwild|10:flood:alternative|16:heatwave:reserve|33:wildfire:reserve|39:flood:semiwild|64:wildfire:reserve|76:wildfire:origin|78:flood:origin|86:heatwave:reserve,0.0049776724275450305,0.07578825923755268,0.054663705850910585,0.011104120285301717,4.371664182811724e-05,0.0007089981006599242,0.0011932707500039003,6e00edc30443c4e9,117
S6,rule,False,811700,0.25,0.0,2,0,0,0,3,1.0,1.0,34.666666666666664,96.08035446468682,0.5424466135466628,0.0,,,0,0,0,10058.421878624724,10058.421878624726,10058.421878624724,1.1753704110473222,0.20811577924467584,0.024148668656410202,0.00019641545661176375,0.0,0.0,0.016685453659713093,0,7:heatwave:semiwild|10:flood:alternative|16:heatwave:reserve|33:wildfire:reserve|39:flood:semiwild|64:wildfire:reserve|76:wildfire:origin|78:flood:origin|86:heatwave:reserve,0.01216000000000001,0.07564809788571353,0.0,0.0,3.1426473057882194e-05,0.0005138620945661568,0.0,6e00edc30443c4e9,117
S7,forward_rollout_proxy,False,811700,0.125,0.125,1,1,200,0,3,1.0,1.0,35.666666666666664,96.70062218380754,0.5596440956631364,3.0234315948601664,0.004369840419931575,0.9956301595800684,29,0,0,9675.160298300525,9675.160298300525,9675.160298300525,0.7414911138982944,0.100765847482036,0.10950020607866805,0.0001886277551136808,64.0,99.65762694828301,0.06469652690931398,0,7:heatwave:semiwild|10:flood:alternative|16:heatwave:reserve|33:wildfire:reserve|39:flood:semiwild|64:wildfire:reserve|76:wildfire:origin|78:flood:origin|86:heatwave:reserve,0.006060272793146743,0.07624038362541072,0.03607915802764855,0.011161421906461893,3.018044081818893e-05,0.0007737874305299944,0.0010997938505069708,6e00edc30443c4e9,117
S4,state_dependent_rule,False,811701,0.25,0.25,2,2,187,0,3,1.0,1.0,17.333333333333332,77.29262625271349,0.49893201477731147,1.9506876886950688,0.1517386713438134,0.8482613286561866,49,0,0,9678.63165856921,9678.63165856921,4839.315829284605,0.7745693443513212,0.05413110471211646,0.15211693448803665,0.0005113761370936341,133.75,208.26886881770082,0.07348473564937151,0,3:flood:origin|13:heatwave:alternative|38:flood:semiwild|70:flood:alternative|87:heatwave:reserve,0.003940728864887949,0.07805105468788513,0.054847406913649796,0.015904891987381268,8.182018193498144e-05,0.0008944533031561905,0.0019213123131996191,6e00edc30443c4e9,117
S6,rule,False,811701,0.0,0.0,0,0,0,0,3,1.0,1.0,14.333333333333334,27.982286807702664,0.3413749684081013,0.0,,,0,0,0,10186.466428703407,10186.46642870341,10186.466428703407,1.3352027395188963,0.25489359559324376,0.027244258347628426,0.00015229136231426278,0.0,0.0,0.008774493941520233,0,3:flood:origin|13:heatwave:alternative|38:flood:semiwild|70:flood:alternative|87:heatwave:reserve,0.007840000000000007,0.057129467912900536,0.0,0.0,2.4366617970282043e-05,0.00033119706102795036,0.0,6e00edc30443c4e9,117
S7,forward_rollout_proxy,False,811701,0.125,0.125,1,1,3,0,3,1.0,1.0,14.0,39.43231585122899,0.5486528087716855,1.7999999999999998,0.010962622264820103,0.9890373777351799,63,0,0,9827.13470114574,9827.13470114574,9827.13470114574,0.9175447071995058,0.06460965598798446,0.09263431891243021,0.0003905446113550731,88.0,137.02923705388915,0.05961676656815887,0,3:flood:origin|13:heatwave:alternative|38:flood:semiwild|70:flood:alternative|87:heatwave:reserve,0.005392419303759627,0.08791448689364431,0.013410391519341099,0.009617294200317959,6.248713781681169e-05,0.0005958084481746292,0.003377588366056666,6e00edc30443c4e9,117
S4,state_dependent_rule,False,811702,0.375,0.375,3,3,269,0,1,0.3333333333333333,1.0,27.0,109.74140023455604,0.5261951910845137,2.3280750132954253,0.09768566858671818,0.9023143314132818,88,0,0,9785.861436419385,9785.861436419385,3261.953812139795,0.8777763592177896,0.09370313830375816,0.22104351276320292,0.0003801349764799223,140.5,218.77963415990254,0.09821224399936425,2,6:flood:alternative|31:flood:alternative|46:funding_collapse,0.005170343951342074,0.07824216644033473,0.053972404285501784,0.010140570162276614,6.0821596236787576e-05,0.0006925392973061525,0.001739582876086208,6e00edc30443c4e9,117
S6,rule,False,811702,0.25,0.0,2,0,0,0,1,0.3333333333333333,1.0,44.0,113.62627677391906,0.530850024794301,0.0,,,0,0,0,10209.061357587922,10209.061357587922,10209.061357587922,1.3999782944482932,0.3666812656509209,0.04023808327122685,0.00032799002100652704,0.0,0.0,0.01784978353067377,2,6:flood:alternative|31:flood:alternative|46:funding_collapse,0.011840000000000009,0.07097326959902561,0.0,0.0,5.247840336104433e-05,0.0004842272033122735,0.0,6e00edc30443c4e9,117
S7,forward_rollout_proxy,False,811702,0.375,0.125,3,1,172,0,1,0.3333333333333333,1.0,25.0,101.37691921114731,0.5758094085127715,3.829148330313228,0.0017722019735831181,0.9982277980264169,75,0,0,9834.698849798262,9834.698849798262,9834.698849798262,0.9243601608921335,0.15687162270218072,0.12942842713433259,0.0002091982091982092,80.25,124.96132129062049,0.09599890780491112,2,6:flood:alternative|31:flood:alternative|46:funding_collapse,0.00699187567272082,0.08050642086112234,0.02979846860404284,0.009433657373358805,3.347171347171348e-05,0.0006643430587949107,0.0011940666656396618,6e00edc30443c4e9,117
S4,state_dependent_rule,False,811703,0.25,0.125,2,1,66,0,2,0.6666666666666666,1.0,20.0,84.75696623611859,0.5648254699530308,2.9353099730458223,0.003778002105380006,0.99622199789462,47,0,0,10054.708232772495,10054.708232772495,10054.708232772495,1.1067162321379678,0.20928112610797747,0.11910579265709809,0.0007491515231675226,118.25,184.13303729116353,0.0628729015792106,1,32:funding_collapse|79:wildfire:origin,0.005865663407927312,0.08133692149952536,0.018104784637567487,0.010196801974556548,0.00011986424370680361,0.0008422887841174935,0.0025793699026266602,6e00edc30443c4e9,117
S6,rule,False,811703,0.375,0.0,3,0,0,0,2,0.6666666666666666,1.0,19.5,104.6080847939881,0.47735266491879785,0.0,,,0,0,0,10475.402249949835,10475.402249949837,10475.402249949835,1.5,0.5638609614970026,0.05963982940763234,0.0004232723964015863,0.0,0.0,0.016268666289660408,1,32:funding_collapse|79:wildfire:origin,0.010560000000000007,0.05921650319301776,0.0,0.0,6.77235834242538e-05,0.0006031083047602643,0.0,6e00edc30443c4e9,117
S7,forward_rollout_proxy,False,811703,0.375,0.125,3,1,197,0,2,0.6666666666666666,1.0,22.0,111.19123094368096,0.5598498351646749,3.3873614384219257,0.0037037177532053852,0.9962962822467946,50,0,0,10212.569562078392,10212.569562078394,10212.569562078392,1.2815232608022942,0.30764057556386065,0.1355494087386136,0.0005426784990208793,87.75,136.63994944862242,0.07330868399004141,1,32:funding_collapse|79:wildfire:origin,0.0067250837697469465,0.07866810618520029,0.03520876431016248,0.010726637343932293,8.68285598433407e-05,0.0007990265816233197,0.0012713944541968233,6e00edc30443c4e9,117
S4,state_dependent_rule,False,811800,0.625,0.5,5,4,799,799,1,0.3333333333333333,1.0,19.0,286.0132603134885,0.4945207546200428,5.243184584352008,7.562552081274987e-05,0.9999243744791873,196,0,0,22794.42084470049,22794.42084470049,5698.605211175122,1.5,0.6699999999999999,0.3733043266717474,0.0006148251824088416,165.0,272.39525865307104,0.14436240414113655,2,3:heatwave:alternative|46:flood:reserve|54:flood:alternative,0.013227744220805861,0.04791741059023202,0.21512662808960936,0.02306438931405481,9.837202918541468e-05,0.0011395484159086066,0.000553127400642123,68c58f2d659e1322,118
S6,rule,False,811800,0.875,0.875,7,7,1161,1161,0,0.0,0.0,,871.3072112751115,0.7866311753340792,6.331018363007103,0.0,1.0,0,0,0,22790.744338691904,22790.744338691908,3255.8206198131293,1.5,0.9696993488298622,0.5650240477754704,0.0001327054052552636,0.0,0.0,0.05496964631206591,3,3:heatwave:alternative|46:flood:reserve|54:flood:alternative,0.01600000000000001,0.026401238657396887,0.0,0.0,2.1232864840842173e-05,0.0009463531436831804,0.0,68c58f2d659e1322,118
S7,forward_rollout_proxy,False,811800,0.875,0.625,7,5,1200,1200,0,0.0,0.0,,505.7901272094117,0.6951298755902522,4.471835991004546,0.0021194820772718055,0.9978805179227282,117,0,0,22735.47509916852,22735.47509916852,4547.095019833704,1.5,0.6742687761685161,0.4301517638599864,0.00034596319174110826,104.0,171.6915569692083,0.18378263166544645,3,3:heatwave:alternative|46:flood:reserve|54:flood:alternative,0.015138606313422766,0.04437909734614518,0.05387311531627269,0.005124956539409068,5.535411067857731e-05,0.0010673819629795206,0.0002812822305055941,68c58f2d659e1322,118
S4,state_dependent_rule,False,811801,0.5,0.5,4,4,699,699,1,0.3333333333333333,1.0,18.0,411.93818245347,0.7463611330703773,4.394171051438018,0.0002506892002443676,0.9997493107997556,177,0,0,22628.488062577308,22628.488062577308,5657.122015644327,1.5,0.6400941704744989,0.358543634057426,0.00027964135528225816,119.0,196.45476230130578,0.12796253247797948,2,12:funding_collapse|21:wildfire:reserve|25:heatwave:reserve|38:heatwave:origin|53:funding_collapse|57:funding_collapse|67:heatwave:origin,0.016966399028123254,0.0402011073897113,0.0021137331485175433,0.0009681297069739318,4.474261684516131e-05,0.0010566044306241854,0.000599954665548268,68c58f2d659e1322,118
S6,rule,False,811801,1.0,0.875,8,7,799,799,0,0.0,0.0,,715.1272420065784,0.7769722763315124,5.080460403617885,0.0,1.0,0,0,0,22619.282771456717,22619.282771456717,3231.3261102081024,1.5,0.932583558849385,0.5494091274319453,0.00011050839770346518,0.0,0.0,0.05798083755413952,3,12:funding_collapse|21:wildfire:reserve|25:heatwave:reserve|38:heatwave:origin|53:funding_collapse|57:funding_collapse|67:heatwave:origin,0.01600000000000001,0.03606372923760544,0.0,0.0,1.7681343632554427e-05,0.0009463130872493898,0.0,68c58f2d659e1322,118
S7,forward_rollout_proxy,False,811801,0.75,0.75,6,6,1195,1195,1,0.3333333333333333,1.0,15.0,576.9261782486965,0.7177219331842393,4.356894004848924,0.00042142077406330763,0.9995785792259367,153,0,0,22602.52137259942,22602.52137259942,3767.086895433237,1.5,0.6699999999999999,0.4861913711163037,0.0004535972192192396,113.5,187.37492034620334,0.19061215533907233,2,12:funding_collapse|21:wildfire:reserve|25:heatwave:reserve|38:heatwave:origin|53:funding_collapse|57:funding_collapse|67:heatwave:origin,0.015933283480276565,0.040294782485291926,0.032697268114586044,0.002193629308304464,7.257555507507836e-05,0.0008176511548428022,0.0003640159171391142,68c58f2d659e1322,118
S4,state_dependent_rule,False,811802,0.75,0.75,6,6,1200,1182,2,0.6666666666666666,1.0,26.5,448.2143189139069,0.6147730498599793,3.7508006479115266,0.0020500570537470854,0.9979499429462529,387,0,0,22732.71007741151,22732.71007741151,3788.7850129019184,1.5,0.6458344453279102,0.4717476978097007,0.0003727042915012276,185.0,305.4128657625342,0.16078123398897204,1,31:flood:origin|39:funding_collapse|45:wildfire:reserve|48:flood:reserve|86:wildfire:alternative,0.014739161801989689,0.051177897928036044,0.10846787947411514,0.009879766372238283,5.963268664019641e-05,0.0009334415853195126,0.0005901245769455422,68c58f2d659e1322,118
S6,rule,False,811802,1.0,0.875,8,7,1129,1129,0,0.0,0.0,,752.5141528446587,0.78102531319905,4.87029637408562,0.0,1.0,0,0,0,22745.37899349316,22745.378993493163,3249.3398562133084,1.5,0.9696993488298622,0.5497641929794361,0.00010000188445762169,0.0,0.0,0.0517064717779686,3,31:flood:origin|39:funding_collapse|45:wildfire:reserve|48:flood:reserve|86:wildfire:alternative,0.01600000000000001,0.032040371032874236,0.0,0.0,1.6000301513219468e-05,0.0009183154665625952,0.0,68c58f2d659e1322,118
S7,forward_rollout_proxy,False,811802,0.75,0.75,6,6,1200,1200,1,0.3333333333333333,1.0,50.0,540.7646260545354,0.6556199314753495,3.9772586563724412,0.0006078142791308551,0.9993921857208692,128,0,0,22727.33935555998,22727.33935555998,3787.88989259333,1.5,0.6699999999999999,0.4822019813173533,0.0002449736713889197,102.0,168.38979625826198,0.18964697376814454,2,31:flood:origin|39:funding_collapse|45:wildfire:reserve|48:flood:reserve|86:wildfire:alternative,0.015251458912793708,0.041219379962928654,0.0800830579419528,0.010903818542593188,3.919578742222715e-05,0.0010447692912224872,0.00031424236504582034,68c58f2d659e1322,118
S4,state_dependent_rule,False,811803,0.5,0.5,4,4,1078,1078,2,0.6666666666666666,1.0,10.5,265.44370203356067,0.44401831451556456,2.882400033581261,0.03519856935586207,0.9648014306441379,155,0,0,22691.993828818893,22691.993828818893,5672.998457204723,1.5,0.6699999999999999,0.34471784495031244,0.00039182982662963275,80.0,132.07042843785257,0.1194692230724993,1,1:wildfire:origin|44:funding_collapse|51:flood:alternative|69:funding_collapse|80:funding_collapse|89:funding_collapse|94:flood:semiwild,0.012590472766527234,0.03601920457581834,0.25531690459974815,0.03509565171201088,6.269277226074124e-05,0.001640722139882532,0.0006557481588023939,68c58f2d659e1322,118
S6,rule,False,811803,0.5,0.5,4,4,857,857,1,0.3333333333333333,1.0,16.0,577.3834306393605,0.7839755269755728,5.90082443962988,0.0,1.0,0,0,0,22519.322307490133,22519.322307490133,5629.830576872533,1.5,0.9659332464374882,0.38747149997847957,6.493506493506494e-05,0.0,0.0,0.03434965469215995,2,1:wildfire:origin|44:funding_collapse|51:flood:alternative|69:funding_collapse|80:funding_collapse|89:funding_collapse|94:flood:semiwild,0.01600000000000001,0.028901036335048983,0.0,0.0,1.0389610389610389e-05,0.0011130470789888231,0.0,68c58f2d659e1322,118
S7,forward_rollout_proxy,False,811803,0.5,0.5,4,4,1086,1086,2,0.6666666666666666,1.0,10.5,262.4370960065047,0.3984680369555679,4.747373446791534,0.04303494459592613,0.9569650554040738,122,0,0,22668.053812695787,22668.053812695787,5667.013453173947,1.5,0.6699999999999999,0.36640434571365105,0.00032496770453858086,71.5,118.0379454163307,0.13465305622867854,1,1:wildfire:origin|44:funding_collapse|51:flood:alternative|69:funding_collapse|80:funding_collapse|89:funding_collapse|94:flood:semiwild,0.012361299196136282,0.02995238162613843,0.3114442416481975,0.031080511744141753,5.199483272617294e-05,0.0012170534143438137,0.0003911193791619585,68c58f2d659e1322,118
S4,state_dependent_rule,False,811900,0.625,0.625,5,5,1200,1200,0,0.0,0.0,,296.13916367332484,0.44423733755548284,5.050224936568649,0.0008389574024034901,0.9991610425975965,246,0,0,17928.875916046225,17928.875916046225,3585.775183209245,1.5,0.6549270372633487,0.42557654315308835,0.00016028293160051687,174.0,8.852584548834972,0.14165795030533512,3,49:funding_collapse|57:heatwave:alternative|58:flood:reserve|94:wildfire:origin,0.013795368539291948,0.047960868977867034,0.19836611918207692,0.01772991676167137,2.5645269056082694e-05,0.0009753169070821043,1.7769360626682436e-05,f6915a26bf3062e7,119
S6,rule,False,811900,0.875,0.75,7,6,304,304,0,0.0,0.0,,721.3043721668614,0.7807003497242967,5.114494080790339,0.0,1.0,0,0,0,17962.403716068187,17962.403716068187,2993.733952678031,1.5,0.8161320751860623,0.4812461997815319,2.5e-05,0.0,0.0,0.054940257275111176,3,49:funding_collapse|57:heatwave:alternative|58:flood:reserve|94:wildfire:origin,0.01600000000000001,0.03231825486261943,0.0,0.0,4e-06,0.000977395413083886,0.0,f6915a26bf3062e7,119
S7,forward_rollout_proxy,False,811900,0.875,0.75,7,6,1200,1200,0,0.0,0.0,,510.9350037062917,0.6311375962831246,3.788210975045379,0.010057479876454604,0.9899425201235454,113,0,0,17924.02777536614,17924.02777536614,2987.3379625610232,1.5,0.6699999999999999,0.4867125367797008,8.773853567641481e-05,99.0,5.036815346750928,0.22165213514623483,3,49:funding_collapse|57:heatwave:alternative|58:flood:reserve|94:wildfire:origin,0.01514300386751918,0.045252432065494036,0.06835141496338179,0.008733394324947618,1.403816570822637e-05,0.0008878868889501596,7.730133464816002e-06,f6915a26bf3062e7,119
S4,state_dependent_rule,False,811901,0.5,0.5,4,4,1138,1138,1,0.3333333333333333,1.0,13.0,470.9600451119989,0.6923513159846318,4.548719598275,0.0,1.0,88,0,0,17654.432011715664,17654.432011715664,4413.608002928916,1.5,0.6699999999999999,0.36174219412861414,0.0004335874651651963,88.25,4.489888427785553,0.12127499072932071,2,5:wildfire:reserve|7:funding_collapse|15:funding_collapse|33:funding_collapse|77:heatwave:origin|85:funding_collapse,0.0161050399451788,0.042690942046462635,0.029852629976576114,0.0027892114210779795,6.93739944264314e-05,0.0009445365860322988,1.4679476540371431e-05,f6915a26bf3062e7,119
S6,rule,False,811901,0.875,0.625,7,5,91,91,0,0.0,0.0,,673.7971843031659,0.7701687840210826,3.1675964035964035,0.0,1.0,0,0,0,17806.23849801687,17806.23849801687,3561.2476996033743,1.5,0.8075589193266511,0.404025603882706,0.0002001887119820139,0.0,0.0,0.051718739570383906,3,5:wildfire:reserve|7:funding_collapse|15:funding_collapse|33:funding_collapse|77:heatwave:origin|85:funding_collapse,0.01600000000000001,0.04285825740341877,0.0,0.0,3.2030193917122225e-05,0.0009409283815815783,0.0,f6915a26bf3062e7,119
S7,forward_rollout_proxy,False,811901,0.75,0.75,6,6,1200,1200,0,0.0,0.0,,470.4987985461385,0.6229729075267028,3.6331780291855806,0.05059381048583619,0.9494061895141638,10,0,0,17715.02108794657,17715.02108794657,2952.5035146577616,1.5,0.6699999999999999,0.47867636516512196,0.0003074836417294466,68.25,3.4723499738964745,0.1892229243663306,3,5:wildfire:reserve|7:funding_collapse|15:funding_collapse|33:funding_collapse|77:heatwave:origin|85:funding_collapse,0.015275434865748571,0.043163284278190925,0.08561772416194403,0.00844140431165723,4.919738267671146e-05,0.0010174122030010546,5.090471932864135e-06,f6915a26bf3062e7,119
S4,state_dependent_rule,False,811902,0.75,0.625,6,5,1180,1143,1,0.3333333333333333,1.0,13.0,220.33152268443635,0.34312580856610597,4.097587505375332,0.0007026372791853741,0.9992973627208146,226,0,0,17878.77932788811,17878.779327888114,3575.755865577622,1.5,0.6699999999999999,0.41822507134992964,0.00019591876312070557,148.0,7.529784558779166,0.1449959814808816,2,1:funding_collapse|16:funding_collapse|23:heatwave:alternative|60:flood:semiwild,0.013082239779128292,0.03630892686414123,0.29753716765651567,0.020994817855293838,3.134700209931289e-05,0.001083914367957018,1.3487509973990703e-05,f6915a26bf3062e7,119
S6,rule,False,811902,1.0,0.875,8,7,870,870,0,0.0,0.0,,776.1037999765377,0.7844355626507433,5.352869658893555,0.04884132573622716,0.9511586742637729,0,0,0,17919.084366255105,17919.08436625511,2559.8691951793007,1.5,0.9147525204299206,0.550024604035052,0.000330804603739541,0.0,0.0,0.05635327701562212,3,1:funding_collapse|16:funding_collapse|23:heatwave:alternative|60:flood:semiwild,0.01600000000000001,0.028526506225997856,0.0,0.0,5.292873659832657e-05,0.0009850023866604443,0.0,f6915a26bf3062e7,119
S7,forward_rollout_proxy,False,811902,0.875,0.875,7,7,1200,1200,1,0.3333333333333333,1.0,12.0,410.0500016757328,0.46903985683274385,4.124325212472774,0.0009098221486467037,0.9990901778513533,19,0,0,17903.294152800587,17903.29415280059,2557.613450400084,1.5,0.6699999999999999,0.5451368078562748,0.00029407705168744123,83.0,4.22278458363967,0.21571777865773584,2,1:funding_collapse|16:funding_collapse|23:heatwave:alternative|60:flood:semiwild,0.014058938745392872,0.03998008788864235,0.20324080400779224,0.011315475184154669,4.705232826999061e-05,0.000974478366014455,6.3148165081793485e-06,f6915a26bf3062e7,119
S4,state_dependent_rule,False,811903,0.625,0.625,5,5,923,923,2,0.6666666666666666,1.0,30.0,470.64094237672293,0.6149580377837455,3.8661219496186474,0.0015046247321368513,0.9984953752678631,306,0,0,17805.379115281623,17805.379115281627,3561.0758230563247,1.5,0.5111282167418708,0.39898326754135816,0.0002557188061212206,154.75,7.8732037869667355,0.13979613185492293,1,28:funding_collapse|31:wildfire:reserve|38:flood:semiwild|59:heatwave:origin|60:heatwave:alternative|63:funding_collapse|69:heatwave:semiwild|79:funding_collapse|92:wildfire:reserve|94:heatwave:origin|96:heatwave:reserve,0.015313659620796984,0.048945662165961926,0.07040564884226079,0.010037581347780737,4.0915008979395295e-05,0.0010721221072039413,1.4857656824415661e-05,f6915a26bf3062e7,119
S6,rule,False,811903,0.875,0.5,7,4,33,33,0,0.0,0.0,,583.8395275252531,0.7577765700104173,2.696138211382114,0.009949333333333333,0.9900506666666666,0,0,0,17858.567823925947,17858.567823925947,4464.641955981487,1.5,0.6519988672497931,0.32673768636857004,0.00020018498942917545,0.0,0.0,0.04788208764884795,3,28:funding_collapse|31:wildfire:reserve|38:flood:semiwild|59:heatwave:origin|60:heatwave:alternative|63:funding_collapse|69:heatwave:semiwild|79:funding_collapse|92:wildfire:reserve|94:heatwave:origin|96:heatwave:reserve,0.01600000000000001,0.05528011511830936,0.0,0.0,3.202959830866808e-05,0.0009112852729646398,0.0,f6915a26bf3062e7,119
S7,forward_rollout_proxy,False,811903,0.875,0.75,7,6,682,682,0,0.0,0.0,,429.0040755184407,0.5615792245651368,3.498593108473644,0.0030785003537398595,0.9969214996462601,129,0,0,17815.563250161107,17815.563250161107,2969.260541693518,1.5,0.5352229069661147,0.4677354705562912,0.0002667929412770009,90.25,4.591642273174459,0.2086362438747164,3,28:funding_collapse|31:wildfire:reserve|38:flood:semiwild|59:heatwave:origin|60:heatwave:alternative|63:funding_collapse|69:heatwave:semiwild|79:funding_collapse|92:wildfire:reserve|94:heatwave:origin|96:heatwave:reserve,0.014755290761680213,0.04653206384940713,0.12730972641234606,0.009698141580753798,4.268687060432014e-05,0.000923412299708064,6.725423536878525e-06,f6915a26bf3062e7,119
S4,state_dependent_rule,False,812000,0.875,0.875,7,7,959,959,0,0.0,0.0,,591.4434757537506,0.6381348464553908,4.345640438569208,0.001675062693114983,0.998324937306885,75,0,0,13171.493664297393,13171.493664297393,1881.6419520424847,1.5,0.7623002686096702,0.5527512353695638,0.00039504273242473573,67.75,74.3371309942397,0.19657402061452395,3,45:funding_collapse|78:flood:reserve|94:heatwave:origin,0.014538340703098389,0.04412692576681718,0.09247465587980214,0.004305869946772188,6.320683718795773e-05,0.0008492044638504047,0.00011746055690493261,1c3ed29162711c90,120
S6,rule,False,812000,1.0,1.0,8,8,728,728,0,0.0,0.0,,813.3798949208135,0.7833455319205309,5.1536648382869386,0.008199999999999999,0.9918,0,0,0,13166.405110886099,13166.405110886099,1645.8006388607623,1.5,0.8945499455021325,0.6036149726836573,0.0001983616727547984,0.0,0.0,0.0631166487528731,3,45:funding_collapse|78:flood:reserve|94:heatwave:origin,0.01600000000000001,0.029665398659525985,0.0,0.0,3.1737867640767736e-05,0.000957331552302757,0.0,1c3ed29162711c90,120
S7,forward_rollout_proxy,False,812000,0.875,0.875,7,7,728,728,0,0.0,0.0,,736.2778080085101,0.7393822220534393,4.397674424446211,0.0008342388209425901,0.9991657611790574,30,0,0,13155.348437600323,13155.348437600323,1879.3354910857604,1.5,0.8575372899646888,0.5684490243808675,0.0002718688493077697,29.5,32.36819725948444,0.22484275569968296,3,45:funding_collapse|78:flood:reserve|94:heatwave:origin,0.015302454491745393,0.03237790332289612,0.02404818019833492,0.0016149861338445044,4.349901588924315e-05,0.0009675520652604172,4.840969807100554e-05,1c3ed29162711c90,120
S4,state_dependent_rule,False,812001,0.875,0.875,7,7,948,948,0,0.0,0.0,,680.1840606356419,0.6990629025100362,4.702395677299663,0.0011344458271988647,0.9988655541728011,68,0,0,13086.052329476353,13086.052329476353,1869.4360470680506,1.5,0.8727940823326247,0.5669797745017631,0.00019003506675896375,97.5,106.97963501016045,0.1946320474775201,3,15:flood:semiwild|47:wildfire:reserve|50:heatwave:semiwild|54:funding_collapse|63:funding_collapse|67:flood:alternative|90:funding_collapse,0.01513878425730313,0.04610096799452456,0.042922094174291416,0.0030336895249343547,3.04056106814342e-05,0.0008574341865640506,0.00013363180677690087,1c3ed29162711c90,120
S6,rule,False,812001,1.0,0.875,8,7,1193,1193,0,0.0,0.0,,859.144048965917,0.7870344431108173,6.8077748711076405,0.0,1.0,0,0,0,13090.09438550677,13090.09438550677,1870.0134836438244,1.5,0.98,0.5714354894992991,0.000104023893882846,0.0,0.0,0.05803870394111331,3,15:flood:semiwild|47:wildfire:reserve|50:heatwave:semiwild|54:funding_collapse|63:funding_collapse|67:flood:alternative|90:funding_collapse,0.01600000000000001,0.025963861314902848,0.0,0.0,1.664382302125536e-05,0.000985051751259168,0.0,1c3ed29162711c90,120
S7,forward_rollout_proxy,False,812001,0.875,0.875,7,7,1200,1200,0,0.0,0.0,,796.8116778216569,0.7837200244133924,5.9527298996864575,9.444816029579208e-05,0.9999055518397042,1,0,0,13071.289256398173,13071.289256398173,1867.3270366283105,1.5,0.9680405037131664,0.5956136230239345,0.00018008547081694743,16.0,17.555632411923767,0.22766136827876657,3,15:flood:semiwild|47:wildfire:reserve|50:heatwave:semiwild|54:funding_collapse|63:funding_collapse|67:flood:alternative|90:funding_collapse,0.015987437345764226,0.028570510812024358,8.90416302047103e-05,3.0910370158256023e-05,2.8813675330711593e-05,0.0009644365365842644,2.1091432707402673e-05,1c3ed29162711c90,120
S4,state_dependent_rule,False,812002,0.875,0.875,7,7,915,915,0,0.0,0.0,,624.4328118828078,0.7131239406464246,4.581717810838579,0.023434396895741765,0.9765656031042582,67,0,0,13060.696621175091,13060.696621175091,1865.8138030250132,1.5,0.8722167432387682,0.5659250065793636,0.0006037373238461744,64.75,71.04544991700399,0.19568077073550552,3,2:funding_collapse|6:funding_collapse|23:flood:alternative|35:heatwave:alternative|44:funding_collapse|70:heatwave:reserve|87:funding_collapse,0.01495097021099775,0.046793664513522765,0.028740892584423326,0.002214836773417356,9.65979718153879e-05,0.000903529635458453,0.00010693569933959184,1c3ed29162711c90,120
S6,rule,False,812002,1.0,1.0,8,8,1148,1148,0,0.0,0.0,,835.855896406245,0.7864353140866309,5.068042613130444,0.0,1.0,0,0,0,13063.436754923381,13063.436754923381,1632.9295943654226,1.5,0.98,0.6111974825211232,0.00022693496475773887,0.0,0.0,0.06258528194909341,3,2:funding_collapse|6:funding_collapse|23:flood:alternative|35:heatwave:alternative|44:funding_collapse|70:heatwave:reserve|87:funding_collapse,0.01600000000000001,0.02662508156120692,0.0,0.0,3.630959436123821e-05,0.0009032947578009587,0.0,1c3ed29162711c90,120
S7,forward_rollout_proxy,False,812002,0.75,0.75,6,6,1036,1036,0,0.0,0.0,,715.140265982215,0.785623219089567,5.118212795271762,0.0,1.0,4,0,0,13045.098486317238,13045.098486317238,2174.183081052873,1.5,0.9680405037131664,0.5255368263047152,0.00038555645155500027,3.5,3.840294590108324,0.20025323990340463,3,2:funding_collapse|6:funding_collapse|23:flood:alternative|35:heatwave:alternative|44:funding_collapse|70:heatwave:reserve|87:funding_collapse,0.015996089281746256,0.02716435465908684,3.086964095766711e-06,7.125975734088555e-06,6.168903224880004e-05,0.0010299386679448882,1.3302158080549441e-05,1c3ed29162711c90,120
S4,state_dependent_rule,False,812003,0.875,0.75,7,6,705,705,0,0.0,0.0,,470.6815200778056,0.5552066705135537,4.124722955236023,0.005241239140832218,0.9947587608591678,96,0,0,13131.035231780226,13131.035231780226,2188.505871963371,1.5,0.49981759155481553,0.4642697554559856,0.0003599933121593055,100.0,109.72270257452352,0.17770383374071913,3,11:funding_collapse|16:funding_collapse|48:heatwave:alternative|57:flood:origin|81:heatwave:origin|94:heatwave:reserve|97:flood:reserve,0.013882670595378337,0.04458519831082259,0.1588238429674614,0.008175913457393005,5.7598929945488866e-05,0.000830910153845234,0.00016600472602257065,1c3ed29162711c90,120
S6,rule,False,812003,1.0,0.875,8,7,678,678,0,0.0,0.0,,713.2539649132802,0.7756826594413953,4.8026898987786195,0.0,1.0,0,0,0,13137.296568212283,13137.296568212285,1876.7566526017547,1.5,0.8299817149189828,0.5368975157615818,0.00010660262384400316,0.0,0.0,0.060612226409487054,3,11:funding_collapse|16:funding_collapse|48:heatwave:alternative|57:flood:origin|81:heatwave:origin|94:heatwave:reserve|97:flood:reserve,0.01600000000000001,0.03736427011109098,0.0,0.0,1.7056419815040506e-05,0.0009360140276985829,0.0,1c3ed29162711c90,120
S7,forward_rollout_proxy,False,812003,0.875,0.875,7,7,624,624,0,0.0,0.0,,607.1180946821138,0.7061712631089461,3.3394060213137124,0.0245901959441116,0.9754098040558884,60,0,0,13121.797032433706,13121.797032433706,1874.542433204815,1.5,0.6207552078306363,0.5344460461844265,0.00028403474977051,64.75,71.04544991700402,0.22613232594112884,3,11:funding_collapse|16:funding_collapse|48:heatwave:alternative|57:flood:origin|81:heatwave:origin|94:heatwave:reserve|97:flood:reserve,0.014837826080854018,0.044063302262699694,0.034252848257510536,0.0028209666267871047,4.544555996328159e-05,0.0008226420322358668,0.0001207502675077168,1c3ed29162711c90,120
S4,state_dependent_rule,False,812100,0.5,0.375,4,3,517,216,1,0.3333333333333333,1.0,14.0,208.17271266277334,0.5596743566779437,4.042905955631438,0.0008029644445774384,0.9991970355554226,512,0,0,23651.89546977556,23651.89546977556,7883.965156591854,1.5,0.49243744961199226,0.28259167223225334,0.0032703017787010387,355.5,634.1461390796678,0.12084433857369874,2,54:heatwave:alternative|70:heatwave:semiwild|73:flood:alternative,0.009618709736060053,0.07487913609794941,0.09150374362251494,0.017967896551574127,0.0005232482845921662,0.000995446989411383,0.001949799369086096,411ec0e317ce05be,121
S6,rule,False,812100,0.375,0.0,3,0,0,0,2,0.6666666666666666,1.0,16.5,97.74424617440361,0.4365980624467398,0.0,,,0,0,0,23486.00370096001,23486.003700960013,23486.00370096001,1.5,0.6699999999999999,0.07035542995765685,8.102414519526819e-05,0.0,0.0,0.01677714978828432,1,54:heatwave:alternative|70:heatwave:semiwild|73:flood:alternative,0.009760000000000008,0.0592576189704323,0.0,0.0,1.296386323124291e-05,0.0006713547195968121,0.0,411ec0e317ce05be,121
S7,forward_rollout_proxy,False,812100,0.625,0.5,5,4,741,672,1,0.3333333333333333,1.0,33.0,242.44059801259104,0.5855363345668848,2.796762578754354,0.021314830170750004,0.97868516982925,396,0,0,23561.327151735888,23561.327151735888,5890.331787933972,1.5,0.5713399642703755,0.34296743531516305,0.0021075116829354867,215.75,384.85802955397565,0.16432906550290974,2,54:heatwave:alternative|70:heatwave:semiwild|73:flood:alternative,0.013218973290283051,0.06875011451901045,0.10717325682379542,0.015254093907925115,0.000337201869269678,0.0008939365456608095,0.0011383346228987746,411ec0e317ce05be,121
S4,state_dependent_rule,False,812101,0.25,0.25,2,2,189,28,1,0.3333333333333333,1.0,17.0,98.67213997898718,0.5332986024358877,2.4664183896237315,0.12249674164502704,0.877503258354973,198,0,0,23673.437974717097,23673.437974717097,11836.718987358548,1.5,0.3996059169813546,0.19184230337847474,0.006086175418684678,276.0,492.33286747113453,0.07358763892050973,2,4:heatwave:origin|12:funding_collapse|19:heatwave:semiwild|33:heatwave:alternative|34:wildfire:reserve|50:flood:alternative,0.003625956363883679,0.07521127100239172,0.05942115965771335,0.016384862821577542,0.000973788066989548,0.0008764770061123585,0.003192215147224186,411ec0e317ce05be,121
S6,rule,False,812101,0.0,0.0,0,0,0,0,1,0.3333333333333333,1.0,14.0,25.652933906961117,0.24961229781517724,0.0,,,0,0,0,23140.79994007925,23140.799940079254,23140.79994007925,1.5,0.5945370001611078,0.06098365518788879,0.00010219520951941323,0.0,0.0,0.007649775858890062,2,4:heatwave:origin|12:funding_collapse|19:heatwave:semiwild|33:heatwave:alternative|34:wildfire:reserve|50:flood:alternative,0.005760000000000004,0.043127435082230284,0.0,0.0,1.635123352310612e-05,0.00028391586906936013,0.0,411ec0e317ce05be,121
S7,forward_rollout_proxy,False,812101,0.25,0.125,2,1,204,131,1,0.3333333333333333,1.0,10.0,59.474311214122444,0.583151862512766,2.341397546978733,0.046296072951022546,0.9537039270489774,162,0,0,23533.73075667466,23533.73075667466,23533.73075667466,1.5,0.47813510672227855,0.14223198656891262,0.005776749508588921,133.0,237.24736004949594,0.07377250213448716,2,4:heatwave:origin|12:funding_collapse|19:heatwave:semiwild|33:heatwave:alternative|34:wildfire:reserve|50:flood:alternative,0.00653471102924681,0.07652112156399364,0.022149303650294674,0.024653977961685888,0.0009242799213742271,0.0013363807271051542,0.0036176448401355893,411ec0e317ce05be,121
S4,state_dependent_rule,False,812102,0.625,0.5,5,4,901,725,1,0.3333333333333333,1.0,10.0,351.97297538037935,0.6621849871744263,4.136512180299853,0.00013296512015500075,0.999867034879845,625,0,0,23471.28420774525,23471.28420774525,5867.821051936313,1.5,0.41683002692171794,0.33328742595018523,0.0026429922753416477,299.75,534.698467479973,0.12619650727507453,2,17:funding_collapse|38:funding_collapse|60:heatwave:reserve,0.013345832633615037,0.0563097696824086,0.04176013673306344,0.006493058389908416,0.0004228787640546636,0.0007893132185301361,0.0015280521457282945,411ec0e317ce05be,121
S6,rule,False,812102,0.25,0.0,2,0,0,0,1,0.3333333333333333,1.0,7.0,98.15744945926276,0.4567277296583392,0.0,,,0,0,0,23359.589681915666,23359.58968191567,23359.589681915666,1.5,0.5751232148254021,0.06068780463900562,2.6455026455026453e-05,0.0,0.0,0.015877415782327042,2,17:funding_collapse|38:funding_collapse|60:heatwave:reserve,0.010240000000000006,0.06377073077384553,0.0,0.0,4.232804232804233e-06,0.00045730676358232095,0.0,411ec0e317ce05be,121
S7,forward_rollout_proxy,False,812102,0.5,0.5,4,4,734,734,0,0.0,0.0,,360.6936503818761,0.7072763234141253,4.267410298728821,0.00057216112458034,0.9994278388754196,263,0,0,23403.3183283522,23403.318328352205,5850.82958208805,1.5,0.46153075500032154,0.3420913388353233,0.001730171765239433,125.25,223.42279583608533,0.14132080174001452,3,17:funding_collapse|38:funding_collapse|60:heatwave:reserve,0.015853104014874764,0.050154947668659355,0.01932633445455785,0.007982641396899736,0.00027682748243830935,0.0011501561580636943,0.0007610621231994581,411ec0e317ce05be,121
S4,state_dependent_rule,False,812103,0.5,0.5,4,4,918,729,0,0.0,0.0,,353.7644979327241,0.6542221385751766,3.590169899569752,0.0042116705297101644,0.9957883294702898,744,0,0,23566.792010138175,23566.792010138175,5891.698002534544,1.5,0.36000000000000004,0.320943013366499,0.0036267111860818985,300.0,535.1444211642765,0.12020657185400699,3,19:heatwave:semiwild|32:wildfire:semiwild|57:heatwave:reserve|98:flood:reserve,0.012363829144345606,0.05996913344872141,0.03224021910758493,0.011371574013179217,0.0005802737897731042,0.0009940687525174124,0.0016492630267553052,411ec0e317ce05be,121
S6,rule,False,812103,0.375,0.0,3,0,0,0,0,0.0,0.0,,108.8505532459665,0.4166127013472587,0.0,,,0,0,0,23486.00370096001,23486.003700960013,23486.00370096001,1.5,0.4742000523817224,0.0512925147963935,0.00012159618676649004,0.0,0.0,0.019362547791106258,3,19:heatwave:semiwild|32:wildfire:semiwild|57:heatwave:reserve|98:flood:reserve,0.009280000000000007,0.05499846405601396,0.0,0.0,1.9455389882638408e-05,0.0004893792068447608,0.0,411ec0e317ce05be,121
S7,forward_rollout_proxy,False,812103,0.5,0.5,4,4,709,709,0,0.0,0.0,,336.9316950092187,0.7038375532628999,3.6930545605533327,0.003468377504971887,0.9965316224950281,261,0,0,23509.55915851474,23509.55915851474,5877.389789628685,1.5,0.36000000000000004,0.32574085111238327,0.0013993325004842344,123.75,220.7470737302639,0.13905152753424993,3,19:heatwave:semiwild|32:wildfire:semiwild|57:heatwave:reserve|98:flood:reserve,0.015683314391488345,0.052665178033767746,0.024764807612527022,0.0042502539956764595,0.00022389320007747755,0.0009559720997191422,0.0008575323167215245,411ec0e317ce05be,121
S4,state_dependent_rule,False,812200,0.375,0.25,3,2,383,355,1,0.3333333333333333,1.0,10.0,194.59902186669106,0.641075780910965,3.2012784054258416,0.0041409129095810685,0.9958590870904189,408,0,0,16454.87853254676,16454.87853254676,8227.43926627338,1.5,0.36515614978717464,0.19805748165460893,0.0007147169527145316,232.25,473.9730630477907,0.0851454131081651,2,38:flood:reserve|78:wildfire:origin,0.010148363385786483,0.06454633005795928,0.03696339236607347,0.009164005400062897,0.00011435471243432506,0.0007321040375752427,0.0022488845838948266,1b5cf4b5f3dea694,122
S6,rule,False,812200,0.625,0.0,5,0,0,0,1,0.3333333333333333,1.0,21.0,259.95254850523304,0.6466079227804333,0.0,,,0,0,0,16438.069461298735,16438.06946129874,16438.069461298735,1.5,0.6699999999999999,0.07310606900225364,0.0002221551604067041,0.0,0.0,0.03053034501126827,2,38:flood:reserve|78:wildfire:origin,0.01424000000000001,0.0769879496329467,0.0,0.0,3.554482566507266e-05,0.0008285827609550541,0.0,1b5cf4b5f3dea694,122
S7,forward_rollout_proxy,False,812200,0.5,0.5,4,4,593,593,1,0.3333333333333333,1.0,10.0,284.8709461068018,0.7075732929095464,3.3406933803472727,0.06590457180033615,0.9340954281996638,219,0,0,16414.280398954736,16414.28039895474,4103.570099738684,1.5,0.5443347904661812,0.3414019601970658,0.00043661183267097703,97.75,199.4870480642478,0.14280773673487485,2,38:flood:reserve|78:wildfire:origin,0.015467197429379798,0.04988729218900053,0.020434082013409093,0.008084098848489249,6.985789322735633e-05,0.0012894808055077262,0.000888256413613488,1b5cf4b5f3dea694,122
S4,state_dependent_rule,False,812201,0.375,0.25,3,2,267,18,3,1.0,1.0,21.0,149.1596818505626,0.5684999188143436,3.8078643200500153,3.9688666537622686e-05,0.9999603113334624,173,0,0,16338.132816819594,16338.132816819594,8169.066408409797,1.5,0.4258796705527239,0.208637075547643,0.0009063455537279732,253.25,516.8296155731022,0.07735232645935224,0,14:wildfire:semiwild|15:heatwave:alternative|39:funding_collapse|56:wildfire:origin|86:heatwave:alternative|89:heatwave:origin|90:funding_collapse,0.0058786980617691895,0.07670515933647143,0.07229803506946073,0.01313984435045285,0.0001450152885964757,0.0007124857703814738,0.0022972875663072215,1b5cf4b5f3dea694,122
S6,rule,False,812201,0.75,0.0,6,0,0,0,3,1.0,1.0,44.666666666666664,222.454939347297,0.5326445048453629,0.0,,,0,0,0,16313.360699949682,16313.360699949686,16313.360699949682,1.5,0.6699999999999999,0.07117580436999887,0.00018324414256800796,0.0,0.0,0.020879021849994413,0,14:wildfire:semiwild|15:heatwave:alternative|39:funding_collapse|56:wildfire:origin|86:heatwave:alternative|89:heatwave:origin|90:funding_collapse,0.011680000000000008,0.06088942926660264,0.0,0.0,2.9319062810881274e-05,0.0006567468252236724,0.0,1b5cf4b5f3dea694,122
S7,forward_rollout_proxy,False,812201,0.5,0.5,4,4,819,819,2,0.6666666666666666,1.0,19.0,238.42407561109684,0.5218075042877807,5.0071704494828575,0.08591377977028869,0.9140862202297113,91,0,0,16274.755463110516,16274.755463110516,4068.688865777629,1.5,0.6524472580787943,0.3667952496638321,0.00044701677231299855,78.0,159.18148080830005,0.13239409680562036,1,14:wildfire:semiwild|15:heatwave:alternative|39:funding_collapse|56:wildfire:origin|86:heatwave:alternative|89:heatwave:origin|90:funding_collapse,0.01299608848022897,0.052041224953155434,0.20750018873266754,0.018689451890316396,7.152268357007976e-05,0.0008444100992927235,0.0005532251495461561,1b5cf4b5f3dea694,122
S4,state_dependent_rule,False,812202,0.25,0.25,2,2,512,372,3,1.0,1.0,23.0,192.4178575951335,0.6218949161847396,4.471870926431202,0.011505889517857833,0.9884941104821422,355,0,0,16402.809961508778,16402.809961508778,8201.404980754389,1.5,0.40860661969213824,0.21201504655227627,0.0006259784726247656,201.5,411.2188254214416,0.06967837659375216,0,9:flood:reserve|19:flood:semiwild|72:funding_collapse,0.007989587549147237,0.06289240167974106,0.03945372873331912,0.008640011328218023,0.00010015655561996248,0.0006342416326619743,0.0020274359795251135,1b5cf4b5f3dea694,122
S6,rule,False,812202,0.75,0.0,6,0,0,0,1,0.3333333333333333,1.0,18.0,238.6569358555515,0.6345033378575909,0.0,,,0,0,0,16372.133039790326,16372.133039790328,16372.133039790326,1.5,0.6699999999999999,0.0725576001487062,0.00013297872340425532,0.0,0.0,0.02778800074353107,2,9:flood:reserve|19:flood:semiwild|72:funding_collapse,0.01392000000000001,0.07284122750014858,0.0,0.0,2.1276595744680852e-05,0.0008141580465156769,0.0,1b5cf4b5f3dea694,122
S7,forward_rollout_proxy,False,812202,0.125,0.125,1,1,231,204,1,0.3333333333333333,1.0,40.0,157.36242042130206,0.7080108621183338,5.026943005181346,0.0,1.0,169,0,0,16242.876023523531,16242.876023523531,16242.876023523531,1.5,0.5836925535980714,0.17698176103101831,0.0008764476228387256,73.25,149.4877367847177,0.060465378096988584,2,9:flood:reserve|19:flood:semiwild|72:funding_collapse,0.014036072286196764,0.05242499230455131,0.00683038160918075,0.003191356536863062,0.00014023161965419608,0.0006860062332078261,0.001186802159255977,1b5cf4b5f3dea694,122
S4,state_dependent_rule,False,812203,0.375,0.125,3,1,193,174,2,0.6666666666666666,1.0,24.5,131.85956697259348,0.6176577986001884,6.063649682565521,0.0,1.0,311,0,0,16283.639549678548,16283.639549678548,16283.639549678548,1.5,0.47454491946393523,0.1789175574259265,0.0014478122797937853,243.75,497.4421275259374,0.07288284326938874,1,16:heatwave:alternative|24:funding_collapse|28:funding_collapse|28:heatwave:origin|79:flood:semiwild|99:wildfire:semiwild,0.008059188565926441,0.07888317969480335,0.03535632904796285,0.01265108097514179,0.0002316499647670056,0.0007719952356700034,0.0031524227407636572,1b5cf4b5f3dea694,122
S6,rule,False,812203,0.5,0.0,4,0,0,0,1,0.3333333333333333,1.0,38.0,162.6005758834882,0.523122565961794,0.0,,,0,0,0,16307.974221422139,16307.974221422139,16307.974221422139,1.5,0.6699999999999999,0.07060640983155274,0.0003044323118209953,0.0,0.0,0.018032049157763748,2,16:heatwave:alternative|24:funding_collapse|28:funding_collapse|28:heatwave:origin|79:flood:semiwild|99:wildfire:semiwild,0.011680000000000008,0.0705869280013408,0.0,0.0,4.8709169891359245e-05,0.0004617968669738344,0.0,1b5cf4b5f3dea694,122
S7,forward_rollout_proxy,False,812203,0.625,0.625,5,5,815,815,1,0.3333333333333333,1.0,23.0,219.17912691360175,0.4922517467920944,3.156889859572277,0.00047720129658894943,0.9995227987034111,59,0,0,16277.876084601348,16277.876084601348,3255.5752169202697,1.5,0.6528745240655164,0.4106305368937488,0.00036542336663374255,49.75,101.52921372067858,0.16262092945737183,2,16:heatwave:alternative|24:funding_collapse|28:funding_collapse|28:heatwave:origin|79:flood:semiwild|99:wildfire:semiwild,0.012948729540975104,0.051955473074819576,0.2333610392668325,0.023274436474895722,5.84677386613988e-05,0.0010176973537031773,0.0004440549054706928,1b5cf4b5f3dea694,122
S4,state_dependent_rule,False,812300,0.75,0.5,6,4,407,407,0,0.0,0.0,,342.096089756346,0.6852943152244415,3.7884516941968567,0.01787608495309725,0.9821239150469028,333,0,0,17191.61501153347,17191.61501153347,4297.903752883368,1.5,0.7316351031429815,0.36809595462006184,0.00048700603296394495,159.5,199.76935830778268,0.16023963681897546,3,18:flood:semiwild|54:funding_collapse|67:wildfire:reserve|72:heatwave:reserve,0.01512230047771064,0.06049068495384541,0.02994270565537327,0.007168094456482416,7.792096527423118e-05,0.0009038200974621443,0.00046013089359698916,6a1bc27f0b155b86,123
S6,rule,False,812300,1.0,0.875,8,7,1167,1167,0,0.0,0.0,,834.9815405318276,0.7859816429039138,5.583341012942717,0.002442556379613534,0.9975574436203865,0,0,0,17229.602277944956,17229.60227794496,2461.3717539921367,1.5,0.98,0.5594454926400341,0.00017231248933495286,0.0,0.0,0.05931041255303468,3,18:flood:semiwild|54:funding_collapse|67:wildfire:reserve|72:heatwave:reserve,0.01600000000000001,0.027076958791109492,0.0,0.0,2.7569998293592458e-05,0.0009138283066833047,0.0,6a1bc27f0b155b86,123
S7,forward_rollout_proxy,False,812300,0.75,0.75,6,6,1133,1133,0,0.0,0.0,,730.3652977090476,0.7672297842117827,5.708966060370384,0.0005510905689442157,0.9994489094310558,111,0,0,17192.326994585652,17192.326994585652,2865.387832430942,1.5,0.9248324509148903,0.5273249751072573,0.0001697754558678145,38.25,47.907071819891485,0.20126034706032198,3,18:flood:semiwild|54:funding_collapse|67:wildfire:reserve|72:heatwave:reserve,0.01577296461461343,0.03426274786973988,0.003661635764385638,0.0006714831037814109,2.7164072938850322e-05,0.0009207112449365564,6.737331217270273e-05,6a1bc27f0b155b86,123
S4,state_dependent_rule,False,812301,0.25,0.0,2,0,0,0,0,0.0,0.0,,79.27286705531675,0.4340764396279921,0.0,,,133,0,0,17082.94828480484,17082.94828480484,17082.94828480484,1.5,0.33339935006867627,0.04613913487353449,0.00183075920639325,105.5,132.13584515028887,0.06399599933333433,3,11:heatwave:reserve|18:flood:origin|25:heatwave:reserve|38:flood:alternative|47:funding_collapse|55:funding_collapse|81:flood:reserve|94:funding_collapse|97:wildfire:alternative,0.008501377091573703,0.07107142344575045,0.009347769865464824,0.03538850761886496,0.00029292147302292,0.0016961158366852714,0.00235041110139166,6a1bc27f0b155b86,123
S6,rule,False,812301,0.75,0.75,6,6,1152,1152,0,0.0,0.0,,703.3752440945442,0.7807771703613282,5.948810442640496,0.0,1.0,0,0,0,17100.9620814793,17100.9620814793,2850.160346913217,1.5,0.9443249425579469,0.5014805027879814,0.0003183098140676966,0.0,0.0,0.05029952052890875,3,11:heatwave:reserve|18:flood:origin|25:heatwave:reserve|38:flood:alternative|47:funding_collapse|55:funding_collapse|81:flood:reserve|94:funding_collapse|97:wildfire:alternative,0.01600000000000001,0.032235570932452516,0.0,0.0,5.0929570250831466e-05,0.0009363291359682194,0.0,6a1bc27f0b155b86,123
S7,forward_rollout_proxy,False,812301,0.375,0.25,3,2,643,643,0,0.0,0.0,,189.21638088287918,0.6729997877314058,2.328970672586948,0.012784721744921797,0.9872152782550782,193,0,0,17047.12612996654,17047.12612996654,8523.56306498327,1.5,0.7513229931797162,0.23234106696017975,0.00144183497005538,112.5,140.90315241144555,0.10709530458169318,3,11:heatwave:reserve|18:flood:origin|25:heatwave:reserve|38:flood:alternative|47:funding_collapse|55:funding_collapse|81:flood:reserve|94:funding_collapse|97:wildfire:alternative,0.01421575325105356,0.07038721499247391,0.015585246009815382,0.003812831033152429,0.00023069359520886074,0.0007118363980986117,0.001097255765255503,6a1bc27f0b155b86,123
S4,state_dependent_rule,False,812302,0.75,0.625,6,5,890,884,0,0.0,0.0,,422.58928968162036,0.6244998863248563,4.536876980651631,0.00028668394055105504,0.9997133160594489,111,0,0,17113.321088214685,17113.321088214685,3422.664217642937,1.5,0.8438748463793654,0.44315023833840267,0.0004912404315363119,150.5,188.49710611486708,0.16071991946974895,3,7:funding_collapse|14:funding_collapse|47:funding_collapse,0.014550212040558374,0.05216342910896295,0.0820090226102258,0.007264686447067351,7.85984690458099e-05,0.0009350271804762135,0.0003270267403642972,6a1bc27f0b155b86,123
S6,rule,False,812302,0.875,0.875,7,7,1169,1169,0,0.0,0.0,,832.4511580353604,0.7856487357180966,6.457508166425383,0.0,1.0,0,0,0,17143.15011059438,17143.15011059438,2449.0214443706254,1.5,0.98,0.5677856463170692,0.00031917774992402346,0.0,0.0,0.057302823264077235,3,7:funding_collapse|14:funding_collapse|47:funding_collapse,0.01600000000000001,0.027355706024576112,0.0,0.0,5.106843998784375e-05,0.000944489817339505,0.0,6a1bc27f0b155b86,123
S7,forward_rollout_proxy,False,812302,0.875,0.875,7,7,1200,1200,0,0.0,0.0,,691.7786237367702,0.7636382499343206,4.443393040283847,0.0009011935371762708,0.9990988064628237,22,0,0,17104.819063654333,17104.819063654333,2443.5455805220477,1.5,0.98,0.5807424177638605,0.00035276142040167104,16.25,20.352677570542134,0.2227924368051104,3,7:funding_collapse|14:funding_collapse|47:funding_collapse,0.015708525624616398,0.034349339205141896,0.005237668865967892,0.0005638335734157502,5.644182726426734e-05,0.0009847581060024593,3.749472390936583e-05,6a1bc27f0b155b86,123
S4,state_dependent_rule,False,812303,0.875,0.75,7,6,1069,1069,0,0.0,0.0,,287.2557927053912,0.4592405185003555,3.5484691104623507,0.0006080052167681821,0.9993919947832318,95,0,0,17278.964382046393,17278.964382046393,2879.827397007732,1.5,0.7757865960675542,0.48588280940130035,0.0006001556736354417,136.25,170.64937347608398,0.176597293449607,3,28:heatwave:semiwild|85:heatwave:origin,0.013765568114257186,0.04483623060433451,0.2234160007126701,0.015082797545797898,9.602490778167068e-05,0.0010062978649025163,0.00032638278366273465,6a1bc27f0b155b86,123
S6,rule,False,812303,0.875,0.875,7,7,1015,1015,0,0.0,0.0,,792.7143096434852,0.7828838916573636,5.076987913225163,0.0,1.0,0,0,0,17279.81952597171,17279.81952597171,2468.5456465673874,1.5,0.9766958299677938,0.5534122656596666,0.0003845837173969769,0.0,0.0,0.05611401765317831,3,28:heatwave:semiwild|85:heatwave:origin,0.01600000000000001,0.030078710318798687,0.0,0.0,6.15333947835163e-05,0.0009758646290542196,0.0,6a1bc27f0b155b86,123
S7,forward_rollout_proxy,False,812303,0.625,0.625,5,5,768,768,0,0.0,0.0,,668.8143461629367,0.7473482162764722,6.7222401746176415,0.00049405,0.99950595,56,0,0,17262.30750841673,17262.30750841673,3452.461501683346,1.5,0.9169569428146819,0.4740213841965157,0.0005547571568114352,51.75,64.81545010926492,0.16926644084435535,3,28:heatwave:semiwild|85:heatwave:origin,0.015494784593200745,0.03844070717227503,0.009675847638648639,0.0015106505788860997,8.876114508982962e-05,0.0009345974381966334,0.00011868112811648747,6a1bc27f0b155b86,123
S4,state_dependent_rule,False,812400,0.125,0.125,1,1,17,0,3,1.0,1.0,19.333333333333332,43.277058914065584,0.5159810891505043,1.710059171597633,9.765064992662013e-06,0.9999902349350074,23,0,0,15110.184430544365,15110.184430544365,15110.184430544365,0.0,0.10617539880686534,0.09350560989868496,0.008063731738046793,121.5,255.26355405558687,0.047687391510110505,0,9:flood:semiwild|26:heatwave:reserve|72:funding_collapse|95:funding_collapse|95:heatwave:reserve,0.0023820319511902014,0.08474629616816957,0.017307844959488287,0.0064800768013174226,0.0012901970780874867,0.0005698547459349041,0.004753821469885819,48ac66fc0a48fc09,124
S6,rule,False,812400,0.0,0.0,0,0,0,0,3,1.0,1.0,18.666666666666668,29.595709463352676,0.20687176555227885,0.0,,,0,0,0,17135.826991923615,17135.82699192362,17135.826991923615,0.6647763930880856,0.1859829856636972,0.019811764579261024,0.00020615810329421103,0.0,0.0,0.006067330064456507,0,9:flood:semiwild|26:heatwave:reserve|72:funding_collapse|95:funding_collapse|95:heatwave:reserve,0.004800000000000003,0.03700922527644704,0.0,0.0,3.2985296527073766e-05,0.00028602387474701885,0.0,48ac66fc0a48fc09,124
S7,forward_rollout_proxy,False,812400,0.125,0.125,1,1,126,0,3,1.0,1.0,17.666666666666668,81.2864392154691,0.4835110632810814,5.131221719457015,0.0018854138094563835,0.9981145861905436,25,0,0,15262.49641472215,15262.496414722153,15262.49641472215,0.0,0.11396498073341833,0.129165725004917,0.0057153745611375085,144.25,303.05981623471996,0.05103504868502497,0,9:flood:semiwild|26:heatwave:reserve|72:funding_collapse|95:funding_collapse|95:heatwave:reserve,0.0029428708127492414,0.0770052299032789,0.0519820160447497,0.014800388828811543,0.0009144599297820015,0.0009019213927380927,0.002638469375566353,48ac66fc0a48fc09,124
S4,state_dependent_rule,False,812401,0.25,0.25,2,2,306,0,2,0.6666666666666666,1.0,14.5,94.00615109602285,0.45795640577167646,3.1848893384139165,0.0007027435162842261,0.9992972564837158,20,0,0,15135.866745994974,15135.866745994972,7567.933372997487,0.0,0.10628564374312487,0.16977407279995044,0.002765100856500295,204.75,430.1663596121934,0.07398307520749389,1,13:flood:alternative|16:funding_collapse|16:wildfire:semiwild|48:wildfire:origin|75:funding_collapse|83:wildfire:reserve|86:heatwave:semiwild,0.0022666843283252673,0.07599816144360255,0.07501428142718819,0.015032428966878756,0.0004424161370400473,0.0008433728161669148,0.002788790119037793,48ac66fc0a48fc09,124
S6,rule,False,812401,0.0,0.0,0,0,0,0,2,0.6666666666666666,1.0,17.5,34.260073862382335,0.2383874375186065,0.0,,,0,0,0,16919.601487093976,16919.60148709398,16919.601487093976,0.5671541149033945,0.144672657012933,0.01598620715331132,0.000103359173126615,0.0,0.0,0.007594707260090091,1,13:flood:alternative|16:funding_collapse|16:wildfire:semiwild|48:wildfire:origin|75:funding_collapse|83:wildfire:reserve|86:heatwave:semiwild,0.005600000000000004,0.04616185479755493,0.0,0.0,1.65374677002584e-05,0.00033417021613834334,0.0,48ac66fc0a48fc09,124
S7,forward_rollout_proxy,False,812401,0.25,0.25,2,2,291,0,2,0.6666666666666666,1.0,14.5,99.7638687774279,0.4584511036763191,3.2866454892716677,0.006787323533276773,0.9932126764667232,28,0,0,15431.827463611155,15431.827463611155,7715.913731805577,0.0,0.11414037040474029,0.17299600574603358,0.0022049149257557755,157.25,330.3719660513672,0.08107756906421437,1,13:flood:alternative|16:funding_collapse|16:wildfire:semiwild|48:wildfire:origin|75:funding_collapse|83:wildfire:reserve|86:heatwave:semiwild,0.0026411880304864866,0.0782452812648796,0.07445014877677208,0.013694358363159593,0.00035278638812092413,0.0007238232597084691,0.002076106715490915,48ac66fc0a48fc09,124
S4,state_dependent_rule,False,812402,0.125,0.125,1,1,172,0,2,0.6666666666666666,1.0,11.5,81.77057218798754,0.480279063186509,4.914285714285715,0.0009501554241140324,0.999049844575886,34,0,0,15122.666219288967,15122.666219288967,15122.666219288967,0.0,0.10617539880686537,0.12571766851779914,0.0035835420721084974,184.75,388.14766758658214,0.04853635747127726,1,1:wildfire:alternative|16:heatwave:semiwild|64:flood:alternative|75:funding_collapse|75:flood:origin|80:heatwave:semiwild|90:funding_collapse|90:heatwave:reserve|92:heatwave:semiwild,0.002608623858266344,0.07485273160930953,0.05625072442906458,0.01567962729471124,0.0005733667315373597,0.0009121574141153618,0.0030108172211813105,48ac66fc0a48fc09,124
S6,rule,False,812402,0.0,0.0,0,0,0,0,2,0.6666666666666666,1.0,11.5,33.89217310503618,0.19401312949161867,0.0,,,0,0,0,16955.099764138246,16955.099764138246,16955.099764138246,0.5833065560747187,0.14211498582255339,0.015648132766542307,0.0001582207207207207,0.0,0.0,0.007183170921434839,1,1:wildfire:alternative|16:heatwave:semiwild|64:flood:alternative|75:funding_collapse|75:flood:origin|80:heatwave:semiwild|90:funding_collapse|90:heatwave:reserve|92:heatwave:semiwild,0.004480000000000003,0.033596416552735854,0.0,0.0,2.5315315315315315e-05,0.0002851386403302109,0.0,48ac66fc0a48fc09,124
S7,forward_rollout_proxy,False,812402,0.125,0.125,1,1,176,0,2,0.6666666666666666,1.0,15.5,83.24252677755459,0.49489976126364915,2.4417468075043356,0.006580192784969854,0.9934198072150301,21,0,0,15347.076443382964,15347.076443382964,15347.076443382964,0.0,0.11396498073341833,0.10315225845991716,0.003437301538400694,137.25,288.35327402575604,0.055441461557659805,1,1:wildfire:alternative|16:heatwave:semiwild|64:flood:alternative|75:funding_collapse|75:flood:origin|80:heatwave:semiwild|90:funding_collapse|90:heatwave:reserve|92:heatwave:semiwild,0.003089200523188551,0.07809097207652543,0.04452557696830435,0.01450761643346674,0.0005499682461441113,0.0008512057528737813,0.002756936635303637,48ac66fc0a48fc09,124
S4,state_dependent_rule,False,812403,0.25,0.25,2,2,170,0,3,1.0,1.0,17.0,84.6917638007079,0.47052264849957015,3.274622573687995,0.012184326185849716,0.9878156738141503,18,0,0,15193.181130348772,15193.181130348772,7596.590565174386,0.0,0.10609273244258176,0.16901470351560774,0.006814175220212546,185.0,388.6729012369024,0.06579602267234813,0,7:funding_collapse|36:flood:alternative|39:heatwave:semiwild|45:wildfire:semiwild|69:flood:alternative|75:heatwave:reserve|87:funding_collapse,0.0024576574053570073,0.07589436077794023,0.06445975374012336,0.013787743656877967,0.0010902680352340073,0.0007472564904147079,0.0028438645309929256,48ac66fc0a48fc09,124
S6,rule,False,812403,0.0,0.0,0,0,0,0,3,1.0,1.0,20.333333333333332,29.670444646473566,0.200416055613828,0.0,,,0,0,0,17130.6785971787,17130.678597178707,17130.6785971787,0.630813740029331,0.13820259574346958,0.014935548688491835,0.0002846935304532679,0.0,0.0,0.00557644557072438,0,7:funding_collapse|36:flood:alternative|39:heatwave:semiwild|45:wildfire:semiwild|69:flood:alternative|75:heatwave:reserve|87:funding_collapse,0.004640000000000003,0.03539693151006803,0.0,0.0,4.555096487252285e-05,0.0002014619112314606,0.0,48ac66fc0a48fc09,124
S7,forward_rollout_proxy,False,812403,0.0,0.0,0,0,0,0,3,1.0,1.0,19.0,31.464431535047833,0.26325162208194935,0.0,,,18,0,0,15867.634847409261,15867.634847409261,15867.634847409261,0.1628653144120864,0.1141298424389917,0.01787016369420238,0.02252564604410628,47.0,98.74392626018587,0.032285897251516045,0,7:funding_collapse|36:flood:alternative|39:heatwave:semiwild|45:wildfire:semiwild|69:flood:alternative|75:heatwave:reserve|87:funding_collapse,0.0029070557075475604,0.04544419485082432,0.002302677245842498,0.002502106028679266,0.0036041033670570054,0.0003637488170950246,0.003243799933421696,48ac66fc0a48fc09,124
S4,state_dependent_rule,False,812500,0.25,0.125,2,1,134,0,2,0.6666666666666666,1.0,33.0,89.53918112267792,0.4936897765164953,4.932967032967033,0.0007989162465359633,0.9992010837534641,69,0,0,21985.140282396846,21985.140282396846,21985.140282396846,1.5,0.05413292460851827,0.12170972919130074,0.002431453368037609,208.0,380.7651803111149,0.05358383200389288,1,11:funding_collapse|12:flood:alternative|34:funding_collapse|68:funding_collapse|69:flood:origin|98:wildfire:alternative,0.0037432672690443296,0.07460810081946972,0.050287116755199805,0.013696495738615932,0.00038903253888601755,0.0008291722749528357,0.0027098730435268655,ed41d9ff7d735894,125
S6,rule,False,812500,0.125,0.0,1,0,0,0,2,0.6666666666666666,1.0,16.5,68.03693486673903,0.35128224410788556,0.0,,,0,0,0,21354.49641142962,21354.49641142962,21354.49641142962,1.3227012672137197,0.16260092425825565,0.018717587577493595,0.00027627560805046597,0.0,0.0,0.012287475758340145,1,11:funding_collapse|12:flood:alternative|34:funding_collapse|68:funding_collapse|69:flood:origin|98:wildfire:alternative,0.008000000000000005,0.055246617653169634,0.0,0.0,4.420409728807456e-05,0.00042693414165677617,0.0,ed41d9ff7d735894,125
S7,forward_rollout_proxy,False,812500,0.375,0.25,3,2,231,0,2,0.6666666666666666,1.0,15.0,99.25339380647878,0.4855561603360623,2.7522961183171057,0.004448686478903955,0.995551313521096,54,0,0,22030.746933615435,22030.746933615435,11015.373466807718,1.5,0.05467737064648359,0.16376404530146316,0.0019636271880003214,155.0,283.74328340491735,0.09136673526821856,1,11:funding_collapse|12:flood:alternative|34:funding_collapse|68:funding_collapse|69:flood:origin|98:wildfire:alternative,0.004369323531933897,0.07644340251615105,0.07119386177673931,0.012200169083945066,0.0003141803500800514,0.0007498999084680921,0.0019060169831325877,ed41d9ff7d735894,125
S4,state_dependent_rule,False,812501,0.125,0.125,1,1,185,0,3,1.0,1.0,26.666666666666668,98.70624869577772,0.488022455836889,4.870499501921161,0.0006974911220634045,0.9993025088779366,80,0,0,22082.086301482923,22082.086301482923,22082.086301482923,1.5,0.09076535478200363,0.12326841286756687,0.002358358711076175,263.75,482.82123224546416,0.04618441185077448,0,9:wildfire:semiwild|27:flood:reserve|49:wildfire:semiwild|54:heatwave:alternative|68:wildfire:alternative|80:wildfire:semiwild|85:flood:origin,0.003948588015568631,0.07474458687200487,0.05306982734418265,0.015236813809236851,0.00037733739377218787,0.0009585145285324544,0.003080641826646002,ed41d9ff7d735894,125
S6,rule,False,812501,0.125,0.0,1,0,0,0,3,1.0,1.0,31.333333333333332,66.95309934098677,0.3577897686611618,0.0,,,0,0,0,21620.09525052228,21620.095250522285,21620.09525052228,1.2916549445859071,0.1532094643894731,0.016987399200975885,0.0003765961431916652,0.0,0.0,0.008332263810142872,0,9:wildfire:semiwild|27:flood:reserve|49:wildfire:semiwild|54:heatwave:alternative|68:wildfire:alternative|80:wildfire:semiwild|85:flood:origin,0.008160000000000006,0.05687954068521037,0.0,0.0,6.025538291066644e-05,0.0004104352707173043,0.0,ed41d9ff7d735894,125
S7,forward_rollout_proxy,False,812501,0.0,0.0,0,0,0,0,3,1.0,1.0,24.333333333333332,47.325607188452295,0.29904222082419896,0.0,,,40,0,0,21714.604520478362,21714.604520478362,21714.604520478362,1.2849246822122118,0.09845875732222927,0.016726595357926626,0.0005685309860024153,46.75,85.58063547857991,0.034403598128518495,0,9:wildfire:semiwild|27:flood:reserve|49:wildfire:semiwild|54:heatwave:alternative|68:wildfire:alternative|80:wildfire:semiwild|85:flood:origin,0.005303594638979742,0.04432559239134037,0.0006075583600995033,0.0016292804286141,9.096495776038643e-05,0.0003704999597113811,0.001636479738581667,ed41d9ff7d735894,125
S4,state_dependent_rule,False,812502,0.125,0.125,1,1,121,0,2,0.6666666666666666,1.0,25.5,76.05306838398849,0.4959146578306391,4.282246270839427,0.00020876537756760592,0.9997912346224324,57,0,0,22102.555387851706,22102.555387851706,22102.555387851706,1.5,0.2058567493153892,0.1295049051319668,0.002527786149932963,233.25,426.9878764786901,0.049233837460168,1,38:flood:reserve|69:flood:reserve,0.0032706177085764436,0.07438877957161023,0.03829255459131296,0.013959021511450644,0.0004044457839892741,0.0008730298361112367,0.003555803570494272,ed41d9ff7d735894,125
S6,rule,False,812502,0.0,0.0,0,0,0,0,2,0.6666666666666666,1.0,26.5,51.98642475678356,0.3387220044190159,0.0,,,0,0,0,21791.913137837735,21791.913137837735,21791.913137837735,1.4169430601608284,0.29295962353587485,0.03113690012603359,0.00013286713286713288,0.0,0.0,0.009204688862230508,1,38:flood:reserve|69:flood:reserve,0.007680000000000005,0.051643503770608,0.0,0.0,2.125874125874126e-05,0.0003332330691174343,0.0,ed41d9ff7d735894,125
S7,forward_rollout_proxy,False,812502,0.125,0.125,1,1,137,1,2,0.6666666666666666,1.0,27.0,78.87895134656858,0.5114663196410852,4.135051773518396,0.007076591129915734,0.9929234088700842,46,0,0,22159.55088554526,22159.55088554526,22159.55088554526,1.5,0.23116958667798537,0.13206892001539683,0.00400010683659948,158.5,290.1503898043832,0.056757218062071686,1,38:flood:reserve|69:flood:reserve,0.004349689045584738,0.07637316428860602,0.03695801848705557,0.013436353870724343,0.0006400170938559168,0.0009848257174926358,0.002868517807690753,ed41d9ff7d735894,125
S4,state_dependent_rule,False,812503,0.25,0.25,2,2,178,0,3,1.0,1.0,22.0,90.00691675266789,0.4814769018877809,2.6650034094968014,0.005099968117711787,0.9949000318822883,67,0,0,22258.80562818048,22258.80562818048,11129.40281409024,1.5,0.11161330454122244,0.16399557218375158,0.0027207739310322926,220.75,404.10535362345485,0.06842103817330665,0,8:funding_collapse|53:funding_collapse|84:heatwave:alternative|98:wildfire:semiwild,0.0037094425753046896,0.07670098160215771,0.060400293521687194,0.01150117071529722,0.0004353238289651665,0.0006787929122075336,0.002757645609723447,ed41d9ff7d735894,125
S6,rule,False,812503,0.0,0.0,0,0,0,0,2,0.6666666666666666,1.0,17.5,59.85519371922299,0.34490592243594453,0.0,,,0,0,0,21787.294289389298,21787.2942893893,21787.294289389298,1.4778280477555816,0.2646606371204045,0.028570560193887255,0.0002973449762776934,0.0,0.0,0.010522482409234021,1,8:funding_collapse|53:funding_collapse|84:heatwave:alternative|98:wildfire:semiwild,0.007840000000000007,0.053487740690591895,0.0,0.0,4.7575196204430935e-05,0.000418761677259196,0.0,ed41d9ff7d735894,125
S7,forward_rollout_proxy,False,812503,0.25,0.125,2,1,133,0,2,0.6666666666666666,1.0,19.0,69.05028637428288,0.519365397949866,2.8861151900799484,0.0,1.0,77,0,0,22235.620675103302,22235.620675103306,22235.620675103302,1.5,0.13685833294430486,0.11224694078194565,0.002764747757465479,108.5,198.62029838344213,0.06724977793357839,1,8:funding_collapse|53:funding_collapse|84:heatwave:alternative|98:wildfire:semiwild,0.004769528952772284,0.07638528312685704,0.03297096793176232,0.017733165922775237,0.0004423596411944766,0.0011053032847505033,0.002427128609598867,ed41d9ff7d735894,125
S4,state_dependent_rule,False,812600,0.25,0.25,2,2,234,0,3,1.0,1.0,27.333333333333332,95.85713521447302,0.43984646226421403,2.616362982930477,0.0021887550776954006,0.9978112449223046,37,0,0,10985.561381922034,10985.561381922033,5492.780690961017,0.8993181646201633,0.05000000000000001,0.15881279296924092,0.0009180794778709804,160.0,349.9417924442609,0.07574581569968065,0,3:funding_collapse|38:wildfire:alternative|82:funding_collapse|97:flood:semiwild,0.0037382973781536445,0.07856573548273058,0.07065272569944624,0.010643800426318312,0.00014689271645935688,0.0007411048844333285,0.0022964407317989425,fe7ececda0f75e3f,126
S6,rule,False,812600,0.625,0.5,5,4,349,349,1,0.3333333333333333,1.0,15.0,322.0926784099704,0.7515967633739301,4.818427785697338,0.0,1.0,0,0,0,11860.841268885177,11860.841268885179,2965.210317221294,1.5,0.8111801048970904,0.3610485918846227,0.00021292993322862222,0.0,0.0,0.03373151768970119,2,3:funding_collapse|38:wildfire:alternative|82:funding_collapse|97:flood:semiwild,0.01600000000000001,0.06142756978302601,0.0,0.0,3.4068789316579565e-05,0.0009415980537270667,0.0,fe7ececda0f75e3f,126
S7,forward_rollout_proxy,False,812600,0.125,0.125,1,1,176,0,2,0.6666666666666666,1.0,21.5,87.1713220486883,0.5071214232322856,2.8154880930739865,0.0002458065844061396,0.9997541934155939,55,0,0,11252.314391363561,11252.314391363563,11252.314391363561,1.107714208545537,0.09841929196324777,0.10550388803644334,0.002582628131864541,88.0,192.46798584434364,0.05628538954689348,1,3:funding_collapse|38:wildfire:alternative|82:funding_collapse|97:flood:semiwild,0.0061038512957118166,0.07855708395359816,0.03149923198341973,0.012023114471350847,0.00041322050109832647,0.0009219806571782526,0.0025366407854230033,fe7ececda0f75e3f,126
S4,state_dependent_rule,False,812601,0.25,0.125,2,1,212,0,2,0.6666666666666666,1.0,28.5,69.08604958501871,0.47013526680419515,3.627441485068604,0.0013703324091450368,0.9986296675908549,40,0,0,10998.612823145218,10998.612823145218,10998.612823145218,0.9034543985518438,0.05000000000000001,0.1108988212199971,0.0007102394430245421,129.0,282.1405701581856,0.06687203184655523,1,43:heatwave:alternative|46:heatwave:semiwild|75:funding_collapse|86:funding_collapse,0.003996698400211983,0.07700535848065866,0.041781435085721796,0.012372441728043169,0.00011363831088392677,0.0007381428123159558,0.00294707884980206,fe7ececda0f75e3f,126
S6,rule,False,812601,0.625,0.5,5,4,384,384,1,0.3333333333333333,1.0,24.0,356.7151539551152,0.7517019500105241,4.131380283383354,0.0003082690818002795,0.9996917309181997,0,0,0,11857.167159588718,11857.167159588718,2964.2917898971796,1.5,0.7649871356614342,0.34981946932095714,0.00029465168581383524,0.0,0.0,0.03503476460490095,2,43:heatwave:alternative|46:heatwave:semiwild|75:funding_collapse|86:funding_collapse,0.01600000000000001,0.061419291117174896,0.0,0.0,4.7144269730213636e-05,0.0008316146025707559,0.0,fe7ececda0f75e3f,126
S7,forward_rollout_proxy,False,812601,0.125,0.125,1,1,130,0,2,0.6666666666666666,1.0,36.0,74.1180151895977,0.5200277189009901,2.4714828897338403,0.003398231384615384,0.9966017686153846,29,0,0,11240.497277210043,11240.497277210043,11240.497277210043,1.0860970821753222,0.09799588629570861,0.10270548190434545,0.0005654645643801107,72.5,158.56737470130588,0.05970532188718093,1,43:heatwave:alternative|46:heatwave:semiwild|75:funding_collapse|86:funding_collapse,0.00628559166378086,0.07909888976184115,0.029167741803596797,0.01129316344683286,9.047433030081773e-05,0.0008506098080511907,0.0025205238222055382,fe7ececda0f75e3f,126
S4,state_dependent_rule,False,812602,0.25,0.25,2,2,201,0,2,0.6666666666666666,1.0,18.0,68.19111518549525,0.4385094091535984,1.9947453516572353,0.1677974677304005,0.8322025322695995,47,0,0,10758.265111006578,10758.265111006578,5379.132555503289,0.7521817545106275,0.05000000000000001,0.15201632097665582,0.0007305426391270953,143.75,314.40082914914075,0.07284433730041728,1,10:flood:origin|14:wildfire:alternative|16:heatwave:semiwild|34:flood:reserve|74:funding_collapse|75:heatwave:semiwild,0.0025247226074322565,0.08115681138602544,0.043343627508458375,0.012193134893314764,0.00011688682226033524,0.0007336164709492846,0.0032310736517612315,fe7ececda0f75e3f,126
S6,rule,False,812602,0.0,0.0,0,0,0,0,2,0.6666666666666666,1.0,28.0,51.46815937437772,0.3118930250681446,0.0,,,0,0,0,11635.613330418337,11635.613330418339,11635.613330418337,1.5,0.633345893596987,0.06503757537724196,0.00015829223825987476,0.0,0.0,0.008514930087716312,1,10:flood:origin|14:wildfire:alternative|16:heatwave:semiwild|34:flood:reserve|74:funding_collapse|75:heatwave:semiwild,0.0070400000000000055,0.045860990911629144,0.0,0.0,2.5326758121579966e-05,0.00038065726210469294,0.0,fe7ececda0f75e3f,126
S7,forward_rollout_proxy,False,812602,0.125,0.125,1,1,40,0,2,0.6666666666666666,1.0,21.0,46.93766240383103,0.47393161454887994,2.787456445993031,0.018061550579968482,0.9819384494200315,11,0,0,10871.728943513885,10871.728943513883,10871.728943513885,0.8154298280752953,0.05000000000000001,0.10060106469004228,0.0015687229437229438,77.75,170.04983976588315,0.057382501150559796,1,10:flood:origin|14:wildfire:alternative|16:heatwave:semiwild|34:flood:reserve|74:funding_collapse|75:heatwave:semiwild,0.004432533784785033,0.08885533059039111,0.013847330686569822,0.01206497684893263,0.00025099567099567103,0.0008784818056532126,0.0047510751178671436,fe7ececda0f75e3f,126
S4,state_dependent_rule,False,812603,0.125,0.125,1,1,196,0,2,0.6666666666666666,1.0,27.0,79.700352614549,0.4530345100765794,5.613091759205144,0.0,1.0,26,0,0,10667.04885381089,10667.04885381089,10667.04885381089,0.7635299250662558,0.05000000000000001,0.12654729615230967,0.0009250014754849375,143.25,313.3072610477524,0.04583189280129121,1,10:heatwave:alternative|11:heatwave:reserve|14:funding_collapse|21:flood:semiwild|39:wildfire:reserve|49:funding_collapse|79:funding_collapse|80:funding_collapse|83:flood:semiwild,0.003715194454487579,0.07520098215621002,0.05114533174752545,0.013888119787445313,0.00014800023607758998,0.0008721449299201625,0.00242146660417152,fe7ececda0f75e3f,126
S6,rule,False,812603,0.5,0.5,4,4,264,264,1,0.3333333333333333,1.0,10.0,288.0272319309893,0.7465924131113835,3.3375039957437354,0.0,1.0,0,0,0,11533.140908811163,11533.140908811167,2883.285227202791,1.5,0.6865145091259398,0.3332776547982989,0.00025756009735604976,0.0,0.0,0.03125581964133761,2,10:heatwave:alternative|11:heatwave:reserve|14:funding_collapse|21:flood:semiwild|39:wildfire:reserve|49:funding_collapse|79:funding_collapse|80:funding_collapse|83:flood:semiwild,0.01600000000000001,0.06618464488099197,0.0,0.0,4.120961557696796e-05,0.0011817323920475145,0.0,fe7ececda0f75e3f,126
S7,forward_rollout_proxy,False,812603,0.125,0.125,1,1,173,0,2,0.6666666666666666,1.0,24.5,59.740604267191785,0.5060600531980198,1.9850766067520067,0.047080512744241715,0.9529194872557583,37,0,0,10807.8412810714,10807.8412810714,10807.8412810714,0.8502363877067273,0.05000000000000001,0.09400365781954037,0.0010534641545544255,75.5,165.12878330963576,0.06451445876010144,1,10:heatwave:alternative|11:heatwave:reserve|14:funding_collapse|21:flood:semiwild|39:wildfire:reserve|49:funding_collapse|79:funding_collapse|80:funding_collapse|83:flood:semiwild,0.0049477907732398095,0.07832228657881918,0.015467290487541151,0.012290785640151902,0.00016855426472870807,0.0010193475519659615,0.0039643885442813605,fe7ececda0f75e3f,126
S4,state_dependent_rule,False,812700,1.0,0.875,8,7,1200,1200,0,0.0,0.0,,755.1321799918233,0.7068940896037899,4.892533757711879,0.0026881466314347202,0.9973118533685653,159,0,0,22928.956383360084,22928.956383360084,3275.565197622869,1.5,0.98,0.5773656390206423,0.00047756360456220246,76.75,65.36618541718266,0.18345150721761727,3,22:flood:semiwild|25:wildfire:reserve|33:funding_collapse|42:wildfire:reserve|55:funding_collapse|78:wildfire:semiwild,0.014962068725483453,0.030823407200067123,0.04409665001899257,0.012152147741623496,7.641017672995239e-05,0.0012044807942642472,0.00010461083845813715,2e1a2791029723fe,127
S6,rule,False,812700,1.0,1.0,8,8,1200,1200,0,0.0,0.0,,865.0845750434578,0.7870080743897411,6.074237995672592,0.0,1.0,0,0,0,23121.860152842062,23121.860152842062,2890.232519105258,1.5,0.98,0.6202623678402704,0.00029179623519358134,0.0,0.0,0.05759993941772267,3,22:flood:semiwild|25:wildfire:reserve|33:funding_collapse|42:wildfire:reserve|55:funding_collapse|78:wildfire:semiwild,0.01600000000000001,0.02598338141975938,0.0,0.0,4.668739763097301e-05,0.0009618567928684684,0.0,2e1a2791029723fe,127
S7,forward_rollout_proxy,False,812700,0.875,0.75,7,6,1200,1200,0,0.0,0.0,,805.4499477429101,0.7406826899781558,4.63508742665906,0.0002877624106113661,0.9997122375893887,82,0,0,23037.389098430704,23037.389098430704,3839.5648497384504,1.5,0.98,0.522039559640756,0.0003079852914147038,35.25,30.021603074341233,0.20094342687082722,3,22:flood:semiwild|25:wildfire:reserve|33:funding_collapse|42:wildfire:reserve|55:funding_collapse|78:wildfire:semiwild,0.015234132325997242,0.028921007719792714,0.027490158854422762,0.0017510595849860528,4.927764662635262e-05,0.0009321008611163159,4.34195348961875e-05,2e1a2791029723fe,127
S4,state_dependent_rule,False,812701,0.875,0.75,7,6,847,847,1,0.3333333333333333,1.0,18.0,742.4965472374638,0.7289524503437511,5.113943369949145,0.00013099423929231283,0.9998690057607077,96,0,0,23064.243191504043,23064.243191504043,3844.0405319173406,1.5,0.8682256560348421,0.5107191519419003,0.0003136446976182458,50.75,43.22259166022177,0.17628576319462336,2,64:funding_collapse|69:flood:semiwild|78:heatwave:reserve|82:heatwave:alternative|95:flood:origin,0.015138287905036763,0.03264194350001316,0.033894950434425655,0.0019967563205731008,5.0183151618919335e-05,0.0008365084423888721,6.262363265986043e-05,2e1a2791029723fe,127
S6,rule,False,812701,1.0,1.0,8,8,798,798,0,0.0,0.0,,824.8699197634535,0.7842553063561547,4.688992805223168,0.0,1.0,0,0,0,23197.087067550474,23197.087067550474,2899.6358834438092,1.5,0.9167203880489043,0.6008139218529025,0.00031357044133605645,0.0,0.0,0.06125977497890138,3,64:funding_collapse|69:flood:semiwild|78:heatwave:reserve|82:heatwave:alternative|95:flood:origin,0.01600000000000001,0.028796369801533817,0.0,0.0,5.0171270613769035e-05,0.0008981525716978819,0.0,2e1a2791029723fe,127
S7,forward_rollout_proxy,False,812701,0.875,0.875,7,7,687,687,0,0.0,0.0,,785.8258577871388,0.7795532758884892,4.716203501616185,0.008827589219020217,0.9911724107809797,30,0,0,23152.19570931383,23152.195709313826,3307.4565299019755,1.5,0.8819306889953378,0.5728663243188739,0.00029469111553956216,25.5,21.71775541548089,0.21880610201589087,3,64:funding_collapse|69:flood:semiwild|78:heatwave:reserve|82:heatwave:alternative|95:flood:origin,0.015903526406914944,0.030737536074973485,0.0006569206240977857,0.00015715964483775815,4.715057848632995e-05,0.0008963464266958214,2.902434920376302e-05,2e1a2791029723fe,127
S4,state_dependent_rule,False,812702,0.75,0.75,6,6,1200,1200,1,0.3333333333333333,1.0,24.0,700.991833775121,0.7186450659439361,4.857044744262375,0.0013125155613519643,0.9986874844386481,154,0,0,23093.692608851914,23093.692608851914,3848.9487681419855,1.5,0.8727216349112551,0.5060975207085643,0.0001261431050000849,114.0,97.091141857444,0.16377454887407505,2,22:funding_collapse|61:flood:reserve|75:flood:origin|79:flood:origin|84:heatwave:alternative,0.01483768014705466,0.03752738435002498,0.033471644174877496,0.003222814092830236,2.0182896800013584e-05,0.0009118026320624794,0.00014610740064173732,2e1a2791029723fe,127
S6,rule,False,812702,0.875,0.875,7,7,1175,1175,1,0.3333333333333333,1.0,45.0,833.1993937617127,0.7843706582996443,6.0132798442301,0.0,1.0,0,0,0,23206.045993180032,23206.045993180032,3315.1494275971477,1.5,0.98,0.5627036296097921,0.0001249017586587546,0.0,0.0,0.05410415583745565,2,22:funding_collapse|61:flood:reserve|75:flood:origin|79:flood:origin|84:heatwave:alternative,0.01600000000000001,0.02868019309216314,0.0,0.0,1.9984281385400735e-05,0.0009291643268073322,0.0,2e1a2791029723fe,127
S7,forward_rollout_proxy,False,812702,0.875,0.75,7,6,1034,1034,1,0.3333333333333333,1.0,37.0,725.3030090124782,0.7667726124445337,5.322681310254882,0.00437468252776817,0.9956253174722318,26,0,0,23161.41738827146,23161.417388271457,3860.2362313785766,1.5,0.9409924694460616,0.5254128264004371,0.00016684286476463024,43.75,37.26085487950153,0.20293383176641022,2,22:funding_collapse|61:flood:reserve|75:flood:origin|79:flood:origin|84:heatwave:alternative,0.01570611110513466,0.03542358247116542,0.004941866365832064,0.00045993212848708244,2.6694858362340843e-05,0.0009187092230646982,6.093414278182545e-05,2e1a2791029723fe,127
S4,state_dependent_rule,False,812703,0.875,0.875,7,7,1196,1196,0,0.0,0.0,,672.634280386736,0.663173597570468,5.031124960281618,0.00017832568514566534,0.9998216743148544,45,0,0,22806.874700409313,22806.874700409313,3258.1249572013303,1.5,0.98,0.5799427457194806,0.00013362383017252966,38.75,33.00247146470136,0.18940748058332202,3,20:flood:origin|31:wildfire:semiwild|35:funding_collapse|52:funding_collapse|53:flood:semiwild|92:funding_collapse|97:funding_collapse,0.014597714008722751,0.033233925398428815,0.08770192436709907,0.003922953183402612,2.1379812827604743e-05,0.000858495882619921,5.9810705792368504e-05,2e1a2791029723fe,127
S6,rule,False,812703,0.875,0.875,7,7,1200,1200,0,0.0,0.0,,865.0393046864997,0.7866876723410724,6.061952038878054,0.0,1.0,0,0,0,22990.85017896354,22990.85017896355,3284.407168423363,1.5,0.98,0.5628462429057656,0.00010101010101010102,0.0,0.0,0.05238361258492517,3,20:flood:origin|31:wildfire:semiwild|35:funding_collapse|52:funding_collapse|53:flood:semiwild|92:funding_collapse|97:funding_collapse,0.01600000000000001,0.026344079722730847,0.0,0.0,1.616161616161616e-05,0.0009520863200349893,0.0,2e1a2791029723fe,127
S7,forward_rollout_proxy,False,812703,0.875,0.875,7,7,1200,1200,0,0.0,0.0,,813.5631877447784,0.7404053984107276,6.251816351331804,1.324195257047091e-05,0.9999867580474295,20,0,0,22916.24994874981,22916.24994874981,3273.7499926785445,1.5,0.98,0.5982320146557287,0.00023739919012039483,26.25,22.35651292770092,0.2198192557120538,3,20:flood:origin|31:wildfire:semiwild|35:funding_collapse|52:funding_collapse|53:flood:semiwild|92:funding_collapse|97:funding_collapse,0.015263394964588672,0.03036898529659215,0.025841527999298876,0.0030357886893661134,3.798387041926319e-05,0.0009453269450521869,3.550898140199512e-05,2e1a2791029723fe,127
