policy,engine,oracle,seed,survival_50,survival_100,species_retained_50,species_retained_100,total_abundance,wild_abundance,n_ebd,fraction_ebd,p_ebd,mean_time_to_ebd,lifetime_welfare,mean_individual_welfare,founder_effective,mean_inbreeding,heterozygosity_proxy,successful_reintroductions,refuge_moves,origin_returns,cost,available_budget,cost_per_species_retained,engagement,habitat_integrity,future_option_value,disease_prevalence,quarantine_cost,relocation_burden,biobank_coverage,discovered_latent,events,welfare_burden_predation,welfare_burden_food_insecurity,welfare_burden_crowding,welfare_burden_restriction,welfare_burden_infection,welfare_burden_habituation,welfare_burden_relocation,config_hash,scenario
S2,rule,False,970000,0.375,0.125,3,1,14,0,1,0.3333333333333333,1.0,26.0,58.23519864503896,0.4799897145847563,1.9600000000000004,0.025585062214065517,0.9744149377859345,0,0,0,11348.320943010336,11348.320943010338,11348.320943010336,1.5,0.2082732239719709,0.10744237176627541,0.00038026204681469424,46.75,18.700000000000006,0.05382524684539161,2,1:wildfire:alternative|41:wildfire:alternative|73:heatwave:semiwild|91:wildfire:semiwild,0.0040825729515583335,0.0914138908518032,0.031603251304007776,0.012315042800539373,6.084192749035106e-05,0.0007452097880871859,0.00013281376812603228,44136fa355b3678a,base
S2,rule,False,970001,0.375,0.125,3,1,61,0,2,0.6666666666666666,1.0,24.5,75.15003275622041,0.4903988141456437,2.4658714380384366,0.0,1.0,0,0,0,11343.522535583606,11343.522535583606,11343.522535583606,1.5,0.3568644830082695,0.12694344778069092,0.0003146860555691741,59.25,23.70000000000001,0.051741425497397964,1,,0.004967404651820465,0.09119101640930977,0.036506517796196264,0.01227102472906623,5.034976889106786e-05,0.0008314170303261254,0.00014354384432556667,44136fa355b3678a,base
S2,rule,False,970002,0.375,0.125,3,1,7,0,2,0.6666666666666666,1.0,19.0,76.37217267834642,0.49873144203026176,1.0,0.03765402632309072,0.9623459736769093,0,0,0,11282.572491597759,11282.572491597759,11282.572491597759,1.5,0.35627936258600545,0.11219785968713458,0.00018804801438595755,56.25,22.5,0.051599617142670175,1,53:funding_collapse|98:funding_collapse,0.004830562817041256,0.0935553758073207,0.026468083307884912,0.009987069667107806,3.0087682301753208e-05,0.0006302577395608482,0.00011875341002827387,44136fa355b3678a,base
S2,rule,False,970003,0.25,0.0,2,0,0,0,3,1.0,1.0,34.666666666666664,75.49872290729967,0.4966589472458251,0.0,,,0,0,0,11220.5695973673,11220.5695973673,11220.5695973673,1.5,0.26752493463255256,0.0336380600244576,0.00013081451631580165,49.25,19.700000000000006,0.03442783280601172,0,24:wildfire:alternative|54:heatwave:semiwild|58:funding_collapse|73:funding_collapse|83:funding_collapse,0.005864242905678244,0.08478813355050066,0.017220105255844692,0.010704900091874399,2.093032261052827e-05,0.0006866466064945928,0.00011589002620813175,44136fa355b3678a,base
S2,rule,False,970004,0.125,0.125,1,1,7,0,3,1.0,1.0,26.666666666666668,46.838649225678864,0.46405021732223356,1.0,0.054681377388059386,0.9453186226119407,0,0,0,11411.718543052953,11411.718543052953,11411.718543052953,1.5,0.35751916467997535,0.10922638793298145,0.0005001401419778875,36.0,14.399999999999999,0.03612235732491952,0,11:flood:origin|34:flood:origin,0.0031935238520453394,0.09361213483443857,0.028821000805168542,0.014559301282193621,8.0022422716462e-05,0.0006874443860891513,8.551912654407468e-05,44136fa355b3678a,base
S2,rule,False,970005,0.125,0.125,1,1,1,0,3,1.0,1.0,29.666666666666668,80.64700801000971,0.5144487236362116,1.0,0.092496,0.907504,0,0,0,11279.958377987577,11279.958377987577,11279.958377987577,1.5,0.23792382796234846,0.09741549112147821,0.0003806048385721865,48.0,19.20000000000001,0.036865541626216844,0,44:wildfire:reserve|73:funding_collapse|85:wildfire:reserve,0.005196466771706808,0.08940433954748787,0.019303455613403096,0.011942750314243855,6.089677417154985e-05,0.0006456467850256396,0.00011961354551620089,44136fa355b3678a,base
S2,rule,False,970006,0.125,0.125,1,1,33,0,3,1.0,1.0,13.666666666666666,25.691658442911738,0.4150700157580194,1.9836065573770496,0.0012487554696790353,0.9987512445303209,0,0,0,11528.966781828069,11528.966781828069,11528.966781828069,1.5,0.23895306269822258,0.10614260109097406,0.00034140982069612096,20.25,8.1,0.030806146236906518,0,2:wildfire:origin|17:flood:reserve|98:flood:semiwild,0.0013022143530741661,0.09830619663421382,0.039255418802363044,0.016280947739877687,5.4625571311379355e-05,0.0006891125197846303,8.697105601297253e-05,44136fa355b3678a,base
S2,rule,False,970007,0.25,0.25,2,2,72,0,0,0.0,0.0,,77.62537792382655,0.4702217873359969,2.050174023915366,0.0,1.0,0,0,0,11248.49218704205,11248.492187042051,5624.246093521025,1.5,0.35595219166227077,0.1794219487396779,0.00015513044905103102,47.75,19.100000000000005,0.05412494667148572,3,2:heatwave:semiwild|24:funding_collapse|35:flood:origin|67:funding_collapse|87:flood:origin|89:funding_collapse,0.004395803678805362,0.09192061439928825,0.04814467198804128,0.01125319535701669,2.482087184816496e-05,0.0006925200392881855,0.00010951722392973236,44136fa355b3678a,base
S2,rule,False,970008,0.25,0.125,2,1,35,0,2,0.6666666666666666,1.0,19.0,65.70359094677475,0.4739894183758128,2.765237020316027,0.001019030094963471,0.9989809699050365,0,0,0,11340.701281945101,11340.701281945103,11340.701281945101,1.5,0.3017108926258374,0.12355229891325459,0.0003148156856744438,45.75,18.3,0.04739419723755285,1,1:wildfire:alternative|24:heatwave:origin|29:heatwave:origin|83:wildfire:origin,0.0038706072311358404,0.09297695516761031,0.031934499121587676,0.012873849065303422,5.0370509707911e-05,0.0007824632434841907,0.00011250151038471827,44136fa355b3678a,base
S2,rule,False,970009,0.375,0.125,3,1,30,0,3,1.0,1.0,30.666666666666668,89.25094343269589,0.49848575818134777,3.5999999999999996,0.0,1.0,0,0,0,11269.924761529073,11269.924761529073,11269.924761529073,1.5,0.11990481996274997,0.11367147524355159,0.00011438163866922466,57.25,22.9,0.047154966236382906,0,12:heatwave:alternative|17:heatwave:reserve|65:funding_collapse|67:heatwave:reserve,0.005226213224196467,0.09053555624004575,0.03414889772452792,0.011430476941070224,1.8301062187075947e-05,0.0006965629651523929,0.00011095084044551638,44136fa355b3678a,base
S2,rule,False,970010,0.375,0.125,3,1,42,0,2,0.6666666666666666,1.0,17.5,84.87174920927936,0.4948404827084865,2.9696969696969697,0.0,1.0,0,0,0,11257.30535547946,11257.30535547946,11257.30535547946,1.5,0.23783019546931503,0.11868192001360892,0.00025303122807844125,45.0,18.00000000000001,0.04475965384853856,1,7:flood:reserve|18:funding_collapse|49:funding_collapse|66:wildfire:origin|71:wildfire:reserve|93:wildfire:origin,0.005283310241804951,0.0907969238283073,0.037777908264943025,0.012124183883689119,4.04849964925506e-05,0.0006850997186969208,9.295081235867529e-05,44136fa355b3678a,base
S2,rule,False,970011,0.375,0.25,3,2,38,0,2,0.6666666666666666,1.0,24.5,87.91030164820431,0.4728058537756907,2.4877675840978597,0.0,1.0,0,0,0,11261.895177137532,11261.895177137532,5630.947588568766,1.5,0.2731941620118395,0.17711483024624747,0.00024327704894318812,66.75,26.700000000000003,0.06208869102042469,1,15:heatwave:semiwild|39:flood:alternative|44:funding_collapse|97:funding_collapse,0.00479776586209188,0.09248294214792166,0.049654027967098925,0.011699696042198306,3.89243278309101e-05,0.0007644761360547284,0.00014140805261814518,44136fa355b3678a,base
S2,rule,False,970012,0.375,0.25,3,2,35,0,2,0.6666666666666666,1.0,29.5,94.11111055686237,0.4949611465452892,1.4863481228668942,0.0003257089744250357,0.9996742910255749,0,0,0,11284.519421229012,11284.519421229012,5642.259710614506,1.5,0.19163243950271894,0.15839389944310642,0.0006868570341481377,65.0,26.000000000000004,0.05933587132082796,1,33:funding_collapse|40:heatwave:alternative|59:heatwave:alternative,0.005506950947895583,0.09221609329273495,0.042134478793140036,0.010452411137651345,0.00010989712546370204,0.0007205587418940549,0.00014465850268503862,44136fa355b3678a,base
S2,rule,False,970013,0.375,0.125,3,1,1,0,2,0.6666666666666666,1.0,23.5,71.53086416964,0.4993647842495095,1.0,0.0,1.0,0,0,0,11294.605499110297,11294.605499110297,11294.605499110297,1.5,0.35639487945812576,0.11141113662052057,0.0003920387338795829,45.5,18.200000000000003,0.04760824337353996,1,8:funding_collapse|9:heatwave:semiwild|36:funding_collapse,0.004426456048934726,0.09091818440591398,0.02477772009813251,0.01138822111107184,6.272619742073328e-05,0.000697865367955863,0.0001010880659990753,44136fa355b3678a,base
S2,rule,False,970014,0.125,0.125,1,1,48,0,2,0.6666666666666666,1.0,17.0,68.0052722224969,0.4850219524222392,2.0,0.002469412808402047,0.9975305871915979,0,0,0,11273.783570481526,11273.783570481526,11273.783570481526,1.5,0.2701385848340377,0.11202579317509598,0.00013352585571089196,46.5,18.6,0.043809673458461,1,8:wildfire:semiwild|28:flood:origin|30:flood:alternative|45:funding_collapse|54:funding_collapse|66:wildfire:semiwild|89:heatwave:origin,0.0040419193169149905,0.0906041182412535,0.026364824050003288,0.013000195378308804,2.1364136913742714e-05,0.00078869579844893,0.00010828920251792916,44136fa355b3678a,base
S2,rule,False,970015,0.375,0.25,3,2,70,0,2,0.6666666666666666,1.0,21.5,84.43276228361448,0.479750490808209,2.470737913486005,0.013320325657023228,0.9866796743429768,0,0,0,11277.76866368695,11277.76866368695,5638.884331843475,1.5,0.2635014001091578,0.17526701953142487,0.0002997523003807489,59.75,23.900000000000002,0.05854750192824519,1,9:funding_collapse|46:funding_collapse|80:flood:reserve,0.004880656007265085,0.0909363748312026,0.04555512458768485,0.012049092960655226,4.796036806091982e-05,0.0007498483919787801,0.0001298182201526119,44136fa355b3678a,base
S2,rule,False,970016,0.375,0.0,3,0,0,0,1,0.3333333333333333,1.0,9.0,80.92201675984683,0.412199404889199,0.0,,,0,0,0,11300.838554271248,11300.838554271248,11300.838554271248,1.5,0.2380101326909877,0.0311943056561909,0.0003967753760331719,54.75,21.900000000000006,0.036966461935460646,2,52:heatwave:reserve|69:flood:origin|82:heatwave:reserve|95:heatwave:reserve,0.006060928864037058,0.06463973737261844,0.011464551466819456,0.006373268295354919,6.348406016530753e-05,0.0006532039649647072,0.00012128988546411453,44136fa355b3678a,base
S2,rule,False,970017,0.375,0.125,3,1,15,0,2,0.6666666666666666,1.0,18.0,92.29226618036111,0.4794769608096237,2.528089887640449,0.0,1.0,0,0,0,11324.175166597108,11324.175166597108,11324.175166597108,1.5,0.23242000380994565,0.11597911927922751,0.0006917303276602739,66.75,26.700000000000006,0.05603110010914221,1,18:wildfire:semiwild|64:wildfire:alternative,0.0049274168316799484,0.09146103374352695,0.04565768583430601,0.011616487341969146,0.00011067685242564379,0.0007860789807281015,0.00014168923978345017,44136fa355b3678a,base
S2,rule,False,970018,0.125,0.125,1,1,34,0,3,1.0,1.0,26.0,70.38162540173002,0.46639193254004413,1.993103448275862,0.0,1.0,0,0,0,11336.701932686374,11336.701932686374,11336.701932686374,1.5,0.3567990052204561,0.1192794440131407,0.00018114130863742799,43.0,17.200000000000006,0.03709254504168234,0,17:funding_collapse|18:heatwave:origin,0.003586571797860188,0.09340921819018508,0.03240558042444076,0.014691391488919143,2.898260938198848e-05,0.000794518509328119,8.645640592336251e-05,44136fa355b3678a,base
S2,rule,False,970019,0.125,0.0,1,0,0,0,3,1.0,1.0,24.0,48.28080537970068,0.3042551018448303,0.0,,,0,0,0,11319.868118852984,11319.868118852984,11319.868118852984,1.5,0.2791202614408988,0.033206873244853136,0.0003402148866548427,34.0,13.6,0.026474235503816286,0,11:wildfire:origin|43:heatwave:alternative|58:funding_collapse|90:funding_collapse,0.003273455285100517,0.060412918085304294,0.009175236102852764,0.0030515801752780793,5.4434381864774835e-05,0.0003502967636743702,7.377974539302776e-05,44136fa355b3678a,base
S2,rule,False,970020,0.375,0.125,3,1,26,0,2,0.6666666666666666,1.0,25.0,61.72538226342979,0.4841704114363342,1.0,0.13445411378584612,0.8655458862141538,0,0,0,11319.792858868706,11319.792858868706,11319.792858868706,1.5,0.23808847714999062,0.09933712261375201,0.001495433552749514,51.5,20.6,0.04639137449376468,1,12:heatwave:reserve|56:wildfire:reserve|74:funding_collapse|91:wildfire:reserve,0.00421704952859236,0.08981238847701119,0.0315294860998181,0.012219382577159932,0.0002392693684399222,0.0006876592879020918,0.00014445231466856396,44136fa355b3678a,base
S2,rule,False,970021,0.375,0.125,3,1,30,0,2,0.6666666666666666,1.0,21.5,87.50159399548062,0.4816275305783687,2.7607361963190185,0.0,1.0,0,0,0,11354.613413859868,11354.613413859868,11354.613413859868,1.5,0.11827709962349948,0.10723067875086595,0.00018839608345961066,68.25,27.300000000000004,0.05772803412662907,1,39:wildfire:origin|41:wildfire:reserve|58:heatwave:semiwild|70:heatwave:alternative|82:wildfire:alternative,0.004923553146828478,0.09155883110081556,0.04489926356880849,0.011324678868217676,3.014337335353771e-05,0.0006875199716480269,0.00013701185549051413,44136fa355b3678a,base
S2,rule,False,970022,0.25,0.125,2,1,10,0,3,1.0,1.0,25.0,57.22360192004106,0.4895871776467533,2.0,0.0005381580655916358,0.9994618419344083,0,0,0,11274.213301437809,11274.213301437809,11274.213301437809,1.5,0.1670703202781987,0.10104062104353667,0.00027421805183751487,41.0,16.400000000000006,0.040417945078584,0,34:funding_collapse|49:funding_collapse|64:heatwave:semiwild|89:flood:semiwild|94:wildfire:reserve|97:wildfire:alternative,0.0043639462896600915,0.09000718766210597,0.027728096881232872,0.012494487473233912,4.387488829400238e-05,0.0007121004584271265,0.00013485629825999817,44136fa355b3678a,base
S2,rule,False,970023,0.25,0.125,2,1,44,0,1,0.3333333333333333,1.0,24.0,76.63488035145066,0.4855159460410232,2.072805139186295,0.0,1.0,0,0,0,11324.051487124561,11324.051487124561,11324.051487124561,1.5,0.29458667089305873,0.11605379047266491,0.0002480631528053674,60.75,24.30000000000001,0.04808535995748041,2,79:funding_collapse|79:flood:alternative|95:flood:origin|99:wildfire:origin|100:flood:semiwild,0.004537774920971021,0.09084840171834356,0.03396728384658198,0.013878958986747023,3.969010444885879e-05,0.0008764949792188906,0.0001504718329999388,44136fa355b3678a,base
S2,rule,False,970024,0.125,0.125,1,1,39,0,2,0.6666666666666666,1.0,41.5,75.04716267093954,0.4984678133235871,2.51404958677686,0.0,1.0,0,0,0,11293.44917776298,11293.449177762981,11293.44917776298,1.5,0.07041250828307281,0.09528695588289482,0.00023695663726706483,49.5,19.800000000000004,0.03427604593409465,1,3:heatwave:alternative|8:wildfire:reserve|41:wildfire:origin|43:funding_collapse|51:wildfire:origin|62:heatwave:semiwild|81:heatwave:reserve|96:heatwave:alternative,0.004968375067817785,0.08982347544331037,0.03032504116775408,0.012546761939089357,3.791306196273037e-05,0.0007138885481332191,0.00010742995211539026,44136fa355b3678a,base
S2,rule,False,970025,0.25,0.125,2,1,36,0,2,0.6666666666666666,1.0,26.5,55.71577051446311,0.47677388259636966,3.4285714285714284,0.0,1.0,0,0,0,11316.228810803024,11316.228810803026,11316.228810803024,1.5,0.25574221862448265,0.12422060369027357,0.00040692990771008894,40.25,16.100000000000005,0.040553337710555096,1,18:heatwave:origin|25:heatwave:alternative|50:funding_collapse|52:heatwave:origin|55:heatwave:origin,0.003845477171272329,0.09176221272678735,0.02927869834771436,0.013816568791931052,6.510878523361422e-05,0.0008695996422153357,0.00011965269960268421,44136fa355b3678a,base
S2,rule,False,970026,0.125,0.125,1,1,63,0,1,0.3333333333333333,1.0,50.0,65.57083619197336,0.49395557488877595,1.9994962216624685,0.013902318862365667,0.9860976811376343,0,0,0,11315.818744548038,11315.81874454804,11315.818744548038,1.5,0.23807205081079852,0.10809554248046699,0.0001622222222222222,48.5,19.400000000000016,0.040216875913812254,2,26:funding_collapse|60:flood:semiwild|84:wildfire:reserve,0.004758473733111518,0.0899779608020652,0.029482303914085045,0.012975044621064144,2.5955555555555557e-05,0.0009090821009676972,0.00012876179186621466,44136fa355b3678a,base
S2,rule,False,970027,0.125,0.0,1,0,0,0,3,1.0,1.0,18.0,24.72006547506226,0.404094626223768,0.0,,,0,0,0,11437.046345892906,11437.046345892908,11437.046345892906,1.5,0.16640148827038895,0.022109367871989992,0.00011204481792717087,26.25,10.499999999999996,0.02734609522475547,0,3:heatwave:origin|13:funding_collapse|68:heatwave:origin|74:wildfire:origin|78:flood:alternative|92:wildfire:reserve|94:funding_collapse,0.0016604413171772432,0.08806221637296448,0.022196671250749513,0.015161788115390477,1.792717086834734e-05,0.0007000028407249874,8.367384720640927e-05,44136fa355b3678a,base
S2,rule,False,970028,0.25,0.125,2,1,29,0,3,1.0,1.0,22.333333333333332,65.23511810637004,0.48365412337242447,2.369014084507042,0.0,1.0,0,0,0,11338.56033615958,11338.560336159582,11338.56033615958,1.5,0.10703918352055068,0.09998899929325016,0.00029550683428932985,49.5,19.800000000000004,0.046724700480623285,0,14:heatwave:alternative|22:flood:reserve|24:heatwave:semiwild|35:wildfire:semiwild|74:flood:alternative,0.004210516780826618,0.09163638172835277,0.031691035641998225,0.011160049996142786,4.7281093486292767e-05,0.0006422827175136253,0.00013520139492813983,44136fa355b3678a,base
S2,rule,False,970029,0.25,0.125,2,1,14,0,2,0.6666666666666666,1.0,26.0,72.02857540482209,0.4993045853305345,1.8490566037735847,0.0,1.0,0,0,0,11351.828929980586,11351.828929980586,11351.828929980586,1.5,0.23197184037859384,0.10624518978305075,0.0003357111955884727,54.75,21.90000000000001,0.041537198537277636,1,52:heatwave:alternative|88:wildfire:semiwild,0.004966207235211812,0.09020074568949965,0.027275835384073875,0.0130818466291515,5.371379129415564e-05,0.0008391223954018287,0.00011578228044574751,44136fa355b3678a,base
S2,rule,False,970030,0.125,0.125,1,1,41,0,1,0.3333333333333333,1.0,21.0,73.6555650829352,0.47522190274735715,2.797004991680532,0.0,1.0,0,0,0,11271.89803875735,11271.89803875735,11271.89803875735,1.5,0.13232287046288585,0.10554834434640142,0.0003259863806915862,48.75,19.500000000000007,0.04048003691653754,2,36:wildfire:origin|41:flood:origin|51:funding_collapse|56:flood:reserve|72:funding_collapse|77:heatwave:alternative|80:heatwave:reserve,0.004317780010753423,0.08939635659312872,0.04063278257199458,0.013341767919947504,5.215782091065381e-05,0.0007307093472567075,0.00011650048157299617,44136fa355b3678a,base
S2,rule,False,970031,0.375,0.125,3,1,38,0,2,0.6666666666666666,1.0,19.0,85.38042326823148,0.4942626229734299,3.6464646464646466,0.0,1.0,0,0,0,11348.287081293463,11348.287081293463,11348.287081293463,1.5,0.2496526473150953,0.12654795015595258,5e-05,61.25,24.499999999999996,0.04434019479898289,1,54:heatwave:origin|57:heatwave:origin|77:wildfire:reserve|95:wildfire:semiwild,0.00518491568776305,0.09084161730840579,0.03814307339769731,0.01151945915719429,8e-06,0.000712457507509422,0.00013160008414357725,44136fa355b3678a,base
S2,rule,False,970032,0.25,0.125,2,1,45,0,2,0.6666666666666666,1.0,45.0,77.39000846714045,0.5045020460575617,3.1591263650546026,0.0,1.0,0,0,0,11288.653708824819,11288.653708824819,11288.653708824819,1.5,0.07689688838813868,0.10275116069543007,0.000199270351701656,57.75,23.1,0.036101041030350826,1,25:funding_collapse|25:heatwave:reserve|27:heatwave:reserve|51:funding_collapse|66:flood:alternative|69:wildfire:semiwild|73:heatwave:reserve|80:flood:alternative|96:flood:origin,0.005307963832955373,0.0910767262080669,0.029517112195776272,0.012126671080332427,3.188325627226496e-05,0.0007943237153618764,0.00013554429261587286,44136fa355b3678a,base
S2,rule,False,970033,0.375,0.125,3,1,44,0,2,0.6666666666666666,1.0,20.0,74.07215440924324,0.5185852128539457,2.4631043256997454,3.715526409832501e-05,0.9999628447359017,0,0,0,11334.17820431617,11334.178204316171,11334.17820431617,1.5,0.28341090089723797,0.11763758142368559,0.00013252852993809956,51.5,20.60000000000001,0.0420772403848217,1,100:heatwave:reserve,0.005905158922460656,0.09103592065757095,0.025440775892469323,0.01156380923626062,2.120456479009593e-05,0.0007810989469949596,0.00012381070757516228,44136fa355b3678a,base
S2,rule,False,970034,0.25,0.125,2,1,37,0,2,0.6666666666666666,1.0,18.5,69.42246455862536,0.4806537202776978,1.9869375907111757,0.0,1.0,0,0,0,11328.47256162365,11328.47256162365,11328.47256162365,1.5,0.28156787725244414,0.1137351061677016,0.00038712004107230725,51.25,20.499999999999996,0.047294712676727094,1,20:funding_collapse|96:heatwave:alternative|98:wildfire:origin,0.004363902252997765,0.09067219090969225,0.03627397975745256,0.012742094398515114,6.193920657156915e-05,0.0008212109978462494,0.00014043702966599626,44136fa355b3678a,base
S2,rule,False,970035,0.375,0.125,3,1,20,0,1,0.3333333333333333,1.0,14.0,51.89338245850061,0.4472919698497922,2.8985507246376807,0.0,1.0,0,0,0,11313.118717982785,11313.118717982787,11313.118717982785,1.5,0.0634820945312536,0.10166714056629234,0.00021378121598407732,42.5,17.000000000000007,0.050417119333950794,2,3:heatwave:alternative|11:wildfire:origin|21:funding_collapse|55:funding_collapse|60:wildfire:reserve|71:funding_collapse|74:wildfire:reserve|91:flood:alternative,0.0027188503251256374,0.09449379874200912,0.038224001289086644,0.013737010626344703,3.420499455745238e-05,0.0006524943525450515,0.00010805028034398678,44136fa355b3678a,base
S2,rule,False,970036,0.375,0.125,3,1,36,0,2,0.6666666666666666,1.0,25.0,85.1472900868819,0.49882185341942403,1.975609756097561,0.0,1.0,0,0,0,11289.236695723519,11289.236695723519,11289.236695723519,1.5,0.23796217834232378,0.10942086359635289,0.0001538210955282242,64.0,25.599999999999998,0.04809274100572457,1,21:funding_collapse|30:wildfire:reserve|31:wildfire:reserve|63:flood:reserve|66:wildfire:reserve|79:flood:origin,0.005221894823573421,0.0903666091975337,0.031573814767250546,0.012228982138903333,2.461137528451587e-05,0.0008139102731384148,0.00016236938730374877,44136fa355b3678a,base
S2,rule,False,970037,0.25,0.25,2,2,37,0,3,1.0,1.0,29.333333333333332,71.37653218584362,0.48688712203811135,1.8550295857988166,0.06576560304045896,0.934234396959541,0,0,0,11285.875383939987,11285.875383939987,5642.9376919699935,1.5,0.187756118765539,0.1596453835259882,0.0006983204830831943,55.75,22.3,0.0490973789572306,0,11:wildfire:semiwild|13:funding_collapse|13:wildfire:alternative|27:heatwave:alternative|38:flood:origin|51:funding_collapse|57:heatwave:origin|75:heatwave:alternative|87:flood:semiwild,0.004475837863154858,0.09197067159880712,0.033427283699873314,0.010753088526448542,0.0001117312772933111,0.00066365196641248,0.00013313608896155723,44136fa355b3678a,base
S2,rule,False,970038,0.25,0.125,2,1,61,0,3,1.0,1.0,27.333333333333332,60.50518792126964,0.46268222704566386,2.932230102442868,0.0,1.0,0,0,0,11318.379940933042,11318.379940933042,11318.379940933042,1.5,0.1829337299829282,0.11201636007898205,0.0006281369869438688,43.0,17.200000000000006,0.04075343028130268,0,18:funding_collapse|21:heatwave:origin|59:flood:origin|65:funding_collapse|76:flood:reserve|81:wildfire:semiwild|82:wildfire:alternative|98:flood:reserve,0.0035103412194983663,0.09284926905673249,0.03729820641465594,0.013086229596235297,0.00010050191791101902,0.0007600297855365103,9.326959438231154e-05,44136fa355b3678a,base
S2,rule,False,970039,0.5,0.125,4,1,28,0,3,1.0,1.0,27.333333333333332,75.19048392008594,0.5048628240975779,1.9898477157360408,0.0,1.0,0,0,0,11298.745173914687,11298.745173914689,11298.745173914687,1.5,0.24479111848052434,0.11008478422718374,0.00022089568276422692,64.75,25.900000000000002,0.04728597610885449,0,25:wildfire:semiwild|53:flood:alternative|75:funding_collapse,0.005018016519874752,0.09004394477329798,0.022904861009635073,0.012574920837701889,3.53433092422763e-05,0.000822101898274444,0.0001356717095353104,44136fa355b3678a,base
S2,rule,False,970040,0.375,0.125,3,1,24,0,2,0.6666666666666666,1.0,24.0,93.51567437204581,0.49243110440244675,2.88,0.004736453843262046,0.995263546156738,0,0,0,11285.702629806181,11285.702629806181,11285.702629806181,1.5,0.28639204993800926,0.12417951420133926,0.00029275043951617984,58.0,23.20000000000001,0.052451546037691595,1,4:funding_collapse|53:wildfire:alternative|86:heatwave:semiwild,0.0051559705220963455,0.09068936896795186,0.039070157549818345,0.011797916567719327,4.6840070322588775e-05,0.0007899867512093549,0.00012217361267894092,44136fa355b3678a,base
S2,rule,False,970041,0.375,0.125,3,1,51,0,1,0.3333333333333333,1.0,19.0,73.04464816139172,0.47523590334920457,2.236457437661221,0.0,1.0,0,0,0,11226.531544855883,11226.531544855883,11226.531544855883,1.5,0.07356613812513783,0.09668678625389518,0.0006237893807369201,53.0,21.2,0.053577990323846,2,10:wildfire:reserve|11:heatwave:reserve|20:heatwave:alternative|29:funding_collapse|38:funding_collapse|48:funding_collapse|99:wildfire:alternative,0.004434731545472657,0.09077504415223334,0.04482697756339084,0.011498144699581356,9.980630091790721e-05,0.000694954836944709,0.00011937693976580323,44136fa355b3678a,base
S2,rule,False,970042,0.0,0.0,0,0,0,0,2,0.6666666666666666,1.0,14.5,21.78895390200786,0.2241457244048245,0.0,,,0,0,0,11398.793498048512,11398.793498048512,11398.793498048512,1.5,0.14222548162651008,0.018676671777384427,0.0001813321485711693,22.5,8.999999999999998,0.022270618073667085,1,5:heatwave:origin|9:flood:origin|19:funding_collapse|21:wildfire:alternative|50:wildfire:reserve|52:flood:alternative|72:funding_collapse|89:funding_collapse,0.0016005431576972462,0.05217645237327651,0.005628024089614628,0.006431692054219357,2.9013143771387087e-05,0.00044778527773482767,6.554766801933088e-05,44136fa355b3678a,base
S2,rule,False,970043,0.375,0.125,3,1,14,0,1,0.3333333333333333,1.0,11.0,80.9169919416607,0.4929874778740345,2.0,0.0,1.0,0,0,0,11269.17500508844,11269.17500508844,11269.17500508844,1.5,0.17812084008025533,0.10368747054160289,0.00021029412495536192,66.5,26.6,0.0481269326678868,2,37:funding_collapse|51:flood:alternative|59:wildfire:reserve|64:wildfire:semiwild|75:heatwave:semiwild|81:funding_collapse,0.004864318387082672,0.08993915266579641,0.03445843321200075,0.011979628901783479,3.36470599928579e-05,0.0007411151072412024,0.00013633127517125092,44136fa355b3678a,base
S2,rule,False,970044,0.25,0.125,2,1,42,0,1,0.3333333333333333,1.0,22.0,69.56534453386422,0.4882790250862869,1.982022471910112,0.0,1.0,0,0,0,11324.634248228058,11324.634248228058,11324.634248228058,1.5,0.29163969025348896,0.11327416558099972,0.0004700522469998469,66.0,26.40000000000001,0.0401998591827485,2,1:funding_collapse|37:wildfire:semiwild|46:flood:origin|58:heatwave:origin|78:flood:reserve,0.004784018596387217,0.08902291803392932,0.03647916761337323,0.012739848324917867,7.520835951997549e-05,0.0007699687967422253,0.0001683108512646833,44136fa355b3678a,base
S2,rule,False,970045,0.25,0.125,2,1,22,0,3,1.0,1.0,31.333333333333332,82.32659871237242,0.5185487896128914,2.1228070175438596,0.0,1.0,0,0,0,11289.601849678513,11289.601849678513,11289.601849678513,1.5,0.3563468444235807,0.12045416135038012,0.0005007927657158101,47.25,18.900000000000013,0.036707033662917235,0,82:funding_collapse,0.00574562124347588,0.09021924480131398,0.022987424376191546,0.011471888438752749,8.012684251452963e-05,0.0007085785084360193,0.00010907235794900637,44136fa355b3678a,base
S2,rule,False,970046,0.375,0.125,3,1,31,0,3,1.0,1.0,33.666666666666664,69.61369731117746,0.5108245039482251,1.9492900608519268,0.008951225806451612,0.9910487741935484,0,0,0,11250.70240240703,11250.70240240703,11250.70240240703,1.5,0.13918570989494294,0.09800426740088375,0.000564683229888092,49.25,19.700000000000003,0.041713979014350935,0,14:funding_collapse|19:heatwave:semiwild|53:heatwave:alternative|64:funding_collapse|68:funding_collapse|96:heatwave:reserve|97:flood:alternative,0.005384809297753419,0.091780848402173,0.023858807070874767,0.011615406421018657,9.034931678209472e-05,0.0007648725854768998,0.00012312384522165365,44136fa355b3678a,base
S2,rule,False,970047,0.375,0.375,3,3,48,0,1,0.3333333333333333,1.0,21.0,76.09348493497191,0.47565872362068434,1.623007623007623,0.08606907264652779,0.9139309273534723,0,0,0,11333.270528435309,11333.27052843531,3777.7568428117697,1.5,0.35676606373964576,0.23427712775650114,0.000614477473604386,61.25,24.5,0.06810222576230171,2,65:wildfire:semiwild,0.004650324074001107,0.09294339146618011,0.04636413841884274,0.009732713624820935,9.831639577670177e-05,0.0005707546229714699,0.00014792975143142404,44136fa355b3678a,base
S7,forward_rollout_proxy,False,970000,0.625,0.625,5,5,807,807,0,0.0,0.0,,255.39527719270302,0.5952988858309936,3.547769035197196,0.05644104501976529,0.9435589549802347,22,0,0,11168.642465262647,11168.642465262648,2233.7284930525293,1.5,0.6238371192697532,0.41389292422587526,0.000419079953551603,54.5,21.8,0.1739076097346399,3,1:wildfire:alternative|41:wildfire:alternative|73:heatwave:semiwild|91:wildfire:semiwild,0.014211691920929907,0.050542806778635596,0.1435108924145033,0.015455173100167413,6.705279256825649e-05,0.0009899441110640824,6.428654930759029e-05,44136fa355b3678a,base
S7,forward_rollout_proxy,False,970001,0.75,0.75,6,6,1200,1200,0,0.0,0.0,,367.5538734155841,0.5617328891781632,3.9717931010079854,0.007715735231986892,0.9922842647680131,46,0,0,11238.764897285735,11238.764897285735,1873.1274828809558,1.5,0.7406807295096675,0.48924368295721365,0.0004163226029283771,67.75,27.100000000000023,0.18978839498083505,3,,0.014123850130202002,0.04749061408524859,0.17823939228897398,0.014460892774494945,6.661161646854034e-05,0.0011009799336765198,5.5147764081267216e-05,44136fa355b3678a,base
S7,forward_rollout_proxy,False,970002,0.625,0.5,5,4,1094,1094,0,0.0,0.0,,282.6449795857318,0.6223080572075567,3.40706818235648,0.0020946665932644543,0.9979053334067356,38,0,0,11150.326088881475,11150.326088881477,2787.5815222203687,1.5,0.7388235145331778,0.3625329771654385,0.0003470669860577751,61.25,24.50000000000001,0.14789971944277946,3,53:funding_collapse|98:funding_collapse,0.01448414414374167,0.05033838353074251,0.11997741183605307,0.011587268726970747,5.5530717769244e-05,0.0008645269944254859,8.285056011561246e-05,44136fa355b3678a,base
S7,forward_rollout_proxy,False,970003,0.5,0.5,4,4,778,778,1,0.3333333333333333,1.0,39.0,293.7433489239674,0.5703964936902104,4.556905343844044,0.00013097800492937182,0.9998690219950707,22,0,0,11106.211928010565,11106.211928010565,2776.5529820026413,1.5,0.6818752493509052,0.36507607969347855,0.00015771763574965594,58.75,23.500000000000018,0.13159750659973785,2,24:wildfire:alternative|54:heatwave:semiwild|58:funding_collapse|73:funding_collapse|83:funding_collapse,0.013950263922817457,0.047367787921632626,0.16764981278378588,0.01863587759017609,2.5234821719944946e-05,0.0010188495843775002,5.5199787306159196e-05,44136fa355b3678a,base
S7,forward_rollout_proxy,False,970004,0.75,0.75,6,6,1090,1090,2,0.6666666666666666,1.0,23.0,203.76173317751687,0.42019291191614216,3.4155747291359195,0.009285709780262141,0.9907142902197379,47,0,0,11245.596164774477,11245.596164774477,1874.266027462413,1.5,0.6699999999999999,0.475923650411436,0.0003998513563730956,47.75,19.10000000000001,0.18633951560038395,1,11:flood:origin|34:flood:origin,0.013048917484744514,0.046013591576114704,0.31203102724904325,0.021710182298969788,6.397621701969529e-05,0.000952376410205825,8.410701597777889e-05,44136fa355b3678a,base
S7,forward_rollout_proxy,False,970005,0.625,0.5,5,4,695,695,2,0.6666666666666666,1.0,20.5,324.6352110876807,0.7364048659126666,3.5066976679753705,0.0025730052880237344,0.9974269947119763,113,0,0,11192.862894685137,11192.862894685139,2798.215723671284,1.5,0.5183525892898182,0.3396172467329533,0.000563703985683215,81.25,32.500000000000036,0.13857505562108868,1,44:wildfire:reserve|73:funding_collapse|85:wildfire:reserve,0.01627615590934518,0.06027661643955626,0.0035486354923621195,0.0010092028641658709,9.01926377093144e-05,0.0009177354228669693,0.00011187166807989509,44136fa355b3678a,base
S7,forward_rollout_proxy,False,970006,0.125,0.125,1,1,216,193,2,0.6666666666666666,1.0,14.0,86.88260774237949,0.6917494022298442,1.9621498864496594,0.08966318766323816,0.9103368123367619,142,0,0,11296.487971245713,11296.487971245713,11296.487971245713,1.5,0.5640488895587777,0.14282420595009782,0.0016435994050852344,57.5,23.0,0.05273909064861714,1,2:wildfire:origin|17:flood:reserve|98:flood:semiwild,0.012928424339990825,0.05892176679763603,0.005743434135061388,0.007034425169241438,0.00026297590481363746,0.0007556253843320409,0.0004380497555268049,44136fa355b3678a,base
S7,forward_rollout_proxy,False,970007,0.75,0.75,6,6,963,963,0,0.0,0.0,,235.29797810828836,0.49392345549846894,3.576434162362679,0.0202124172345548,0.9797875827654452,49,0,0,11125.473203530002,11125.473203530004,1854.245533921667,1.5,0.6699999999999999,0.4785158962540718,0.000219807785730479,39.25,15.699999999999994,0.19125777315222497,3,2:heatwave:semiwild|24:funding_collapse|35:flood:origin|67:funding_collapse|87:flood:origin|89:funding_collapse,0.013506652272007787,0.046733149893584916,0.24200381831851595,0.019322042829334984,3.516924571687664e-05,0.001072955559675049,5.795764112296805e-05,44136fa355b3678a,base
S7,forward_rollout_proxy,False,970008,0.5,0.5,4,4,734,734,2,0.6666666666666666,1.0,28.0,232.82727086080348,0.5142762798578208,3.266986678101942,0.0005253238839296018,0.9994746761160704,39,0,0,11206.337776424962,11206.337776424962,2801.5844441062404,1.5,0.6488214351095145,0.35029642141345085,0.0002472533940566599,32.5,12.999999999999995,0.1387220556073998,1,1:wildfire:alternative|24:heatwave:origin|29:heatwave:origin|83:wildfire:origin,0.013093704158329904,0.04700595683237229,0.21497486778031832,0.024147757748479406,3.956054304906558e-05,0.0010907416584856843,5.798481208938512e-05,44136fa355b3678a,base
S7,forward_rollout_proxy,False,970009,0.5,0.25,4,2,28,2,0,0.0,0.0,,170.8367679132213,0.6929530850829438,2.254545454545455,0.03209052177525134,0.9679094782247487,133,0,0,11108.257625200324,11108.257625200324,5554.128812600162,1.5,0.5076073401053631,0.21095205249229515,0.0001776162668346223,78.25,31.3,0.1257293196815214,3,12:heatwave:alternative|17:heatwave:reserve|65:funding_collapse|67:heatwave:reserve,0.0118399871383235,0.07804363947506542,0.004814798149003703,0.002743262427245386,2.8418602693539564e-05,0.0007249266134238931,0.0004772753285137843,44136fa355b3678a,base
S7,forward_rollout_proxy,False,970010,0.5,0.5,4,4,721,721,0,0.0,0.0,,307.4813880198235,0.7431164217551505,3.8810846664208785,0.0038158708735177883,0.9961841291264822,13,0,0,11093.84549871234,11093.84549871234,2773.461374678085,1.5,0.4941029714538429,0.34156668104183174,0.0003208103537050905,38.0,15.199999999999992,0.1417276861611932,3,7:flood:reserve|18:funding_collapse|49:funding_collapse|66:wildfire:origin|71:wildfire:reserve|93:wildfire:origin,0.01674756116452437,0.05735078317614716,9.982092249319642e-06,1.995817873157556e-05,5.13296565928145e-05,0.0007814817594366316,6.225833344932443e-05,44136fa355b3678a,base
S7,forward_rollout_proxy,False,970011,0.75,0.625,6,5,925,925,1,0.3333333333333333,1.0,8.0,287.0468765566321,0.5624037255500967,4.161026108241375,0.0012071897926353087,0.9987928102073647,34,0,0,11144.902094616995,11144.902094616995,2228.980418923399,1.5,0.6886598918425989,0.4261872405051309,0.000280270656780274,61.25,24.500000000000014,0.17230495119228637,2,15:heatwave:semiwild|39:flood:alternative|44:funding_collapse|97:funding_collapse,0.014157774337814172,0.05113578373999213,0.17619894661712412,0.015252017641269251,4.484330508484383e-05,0.0010366699675245438,6.040931543769839e-05,44136fa355b3678a,base
S7,forward_rollout_proxy,False,970012,0.75,0.75,6,6,1075,1075,0,0.0,0.0,,288.56249593649784,0.5318631939264278,4.068038067108186,0.0011867772783492824,0.9988132227216507,65,0,0,11199.971179041668,11199.97117904167,1866.6618631736112,1.5,0.5484146622788549,0.4724411248268547,0.00024377557535946954,70.0,28.00000000000003,0.19709638963943632,3,33:funding_collapse|40:heatwave:alternative|59:heatwave:alternative,0.013735824263051684,0.05155770596246668,0.2065960190196441,0.012561954247379875,3.900409205751513e-05,0.000932101175029506,6.272592559140852e-05,44136fa355b3678a,base
S7,forward_rollout_proxy,False,970013,0.5,0.5,4,4,977,977,0,0.0,0.0,,299.6275587561406,0.6034813587709107,5.002498804014207,5.151401414756857e-05,0.9999484859858524,17,0,0,11155.986480901194,11155.986480901196,2788.9966202252986,1.5,0.738942382765592,0.37787007818689794,0.0002723300803474035,53.5,21.400000000000006,0.14475425935098324,3,8:funding_collapse|9:heatwave:semiwild|36:funding_collapse,0.014382050536629038,0.049226144580015216,0.13668794718413754,0.014813970473758063,4.357281285558456e-05,0.0010416411073887468,5.634963486487939e-05,44136fa355b3678a,base
S7,forward_rollout_proxy,False,970014,0.625,0.5,5,4,774,774,2,0.6666666666666666,1.0,22.0,242.2937592854196,0.5052126257729626,3.9641651430950855,0.0,1.0,11,0,0,11153.036472048469,11153.036472048469,2788.259118012117,1.5,0.6169276720936238,0.3572621618785303,0.00015158227848101265,26.25,10.499999999999993,0.15463871619108532,1,8:wildfire:semiwild|28:flood:origin|30:flood:alternative|45:funding_collapse|54:funding_collapse|66:wildfire:semiwild|89:heatwave:origin,0.013332477987302893,0.0436533389820206,0.22904795315970264,0.023508500145792314,2.4253164556962027e-05,0.0011375371266368452,5.905372975723267e-05,44136fa355b3678a,base
S7,forward_rollout_proxy,False,970015,0.625,0.625,5,5,799,799,0,0.0,0.0,,295.8735470440687,0.5954031291239015,2.7326958671393333,0.027495339985085097,0.9725046600149149,115,0,0,11161.604886603074,11161.604886603074,2232.320977320615,1.5,0.6599435737610188,0.40835244283820776,0.00012050453343207977,78.5,31.400000000000027,0.16890563395356267,3,9:funding_collapse|46:funding_collapse|80:flood:reserve,0.014206636447973476,0.05649492929583774,0.13563132977856726,0.01557275439058289,1.9280725349132766e-05,0.0010427279776854268,7.661739554453392e-05,44136fa355b3678a,base
S7,forward_rollout_proxy,False,970016,0.625,0.375,5,3,515,515,1,0.3333333333333333,1.0,16.0,280.0212370816018,0.7346215819537918,4.148922567556403,0.0014487251566084498,0.9985512748433916,119,0,0,11228.273131143706,11228.273131143706,3742.757710381235,1.5,0.3641108333333334,0.2768023937725607,0.000490226053716004,68.5,27.400000000000016,0.15076042381831667,2,52:heatwave:reserve|69:flood:origin|82:heatwave:reserve|95:heatwave:reserve,0.01615290426468568,0.0608128599537071,0.0041711141429486825,0.0008802007224895138,7.843616859456065e-05,0.0009384404932137523,0.00011708941082811324,44136fa355b3678a,base
S7,forward_rollout_proxy,False,970017,0.625,0.5,5,4,778,778,0,0.0,0.0,,304.99863304786305,0.5950438912272181,4.794470949421561,0.00017980309777336167,0.9998201969022267,30,0,0,11222.151326344861,11222.151326344861,2805.5378315862154,1.5,0.6503070032152575,0.367613432472002,0.0005711030102826426,65.75,26.30000000000002,0.14819011328130322,3,18:wildfire:semiwild|64:wildfire:alternative,0.014093470891038042,0.050166105945756684,0.14413260062173064,0.015496297254000136,9.13764816452228e-05,0.0010095486849455745,6.136460463590106e-05,44136fa355b3678a,base
S7,forward_rollout_proxy,False,970018,0.75,0.625,6,5,827,827,0,0.0,0.0,,223.6418161814961,0.49345372079818567,2.5190594584657777,0.06649392466039918,0.9335060753396008,9,0,0,11203.347167941562,11203.34716794156,2240.669433588312,1.5,0.6699999999999999,0.40839534948455725,0.0007868757001233299,26.75,10.7,0.17477377449949721,3,17:funding_collapse|18:heatwave:origin,0.0131104656527735,0.045846793812942384,0.24264959843542297,0.019013555662630553,0.0001259001120197328,0.0009442117473890488,6.522746714830694e-05,44136fa355b3678a,base
S7,forward_rollout_proxy,False,970019,0.75,0.75,6,6,1010,1010,1,0.3333333333333333,1.0,15.0,201.71986201462747,0.4243749688983504,3.4995658855521277,0.0009205407224353946,0.9990794592775646,57,0,0,11175.341326426898,11175.3413264269,1862.5568877378164,1.5,0.6342541576053168,0.4734309570797321,0.0006990207264898202,48.0,19.200000000000003,0.1875494123183958,2,11:wildfire:origin|43:heatwave:alternative|58:funding_collapse|90:funding_collapse,0.013039208775804365,0.04830937817087505,0.30528114912314597,0.02214632138469186,0.00011184331623837124,0.0010112144521379036,8.465678165616588e-05,44136fa355b3678a,base
S7,forward_rollout_proxy,False,970020,0.5,0.5,4,4,734,734,1,0.3333333333333333,1.0,17.0,273.343744989743,0.7424258049725352,2.5544009563103973,0.06713891981274088,0.9328610801872591,25,0,0,11143.232934379159,11143.23293437916,2785.8082335947897,1.5,0.4360740582886289,0.3221883912724563,0.0003113656769277507,41.25,16.5,0.14018487940244706,2,12:heatwave:reserve|56:wildfire:reserve|74:funding_collapse|91:wildfire:reserve,0.016577810764328613,0.058737506346104265,3.311551947247427e-05,0.00015264518674914582,4.981850830844011e-05,0.0008204256531155604,0.0001092864409934949,44136fa355b3678a,base
S7,forward_rollout_proxy,False,970021,0.625,0.25,5,2,176,147,0,0.0,0.0,,186.7498271469881,0.7149527757941126,2.6134955737801024,0.005781223465532593,0.9942187765344674,152,0,0,11218.365702475565,11218.365702475567,5609.182851237782,1.5,0.4804441703544184,0.21225857452292687,0.0006650399407541678,93.0,37.20000000000004,0.12789600874842008,3,39:wildfire:origin|41:wildfire:reserve|58:heatwave:semiwild|70:heatwave:alternative|82:wildfire:alternative,0.015745177177764736,0.0725029102223587,0.002044052408353087,0.0012122194617234354,0.00010640639052066684,0.0007222061947826701,0.00025179519206234733,44136fa355b3678a,base
S7,forward_rollout_proxy,False,970022,0.5,0.375,4,3,672,672,2,0.6666666666666666,1.0,20.5,293.99282835766553,0.6583764987107642,4.202854923298543,0.022593630747487048,0.977406369252513,51,0,0,11149.02049042413,11149.02049042413,3716.3401634747097,1.5,0.5662018028833024,0.2906013299419522,0.00040061003160923376,61.0,24.400000000000013,0.11601300210318274,1,34:funding_collapse|49:funding_collapse|64:heatwave:semiwild|89:flood:semiwild|94:wildfire:reserve|97:wildfire:alternative,0.014539142149163931,0.05267172922770743,0.08870662439486177,0.004299303324422497,6.409760505747741e-05,0.0005736346720660332,7.228781912261318e-05,44136fa355b3678a,base
S7,forward_rollout_proxy,False,970023,0.75,0.75,6,6,1066,1066,0,0.0,0.0,,282.7056648062995,0.5713870658702952,3.07478343846949,0.05224153719020566,0.9477584628097944,85,0,0,11210.1961834525,11210.196183452501,1868.3660305754165,1.5,0.6419268242674279,0.47205763770602566,0.00016004167585676924,70.5,28.20000000000002,0.1980856044729396,3,79:funding_collapse|79:flood:alternative|95:flood:origin|99:wildfire:origin|100:flood:semiwild,0.01388693534452987,0.05251302744350592,0.1712562518226868,0.009140184765746025,2.5606668137083083e-05,0.000690837130057302,7.49698165018199e-05,44136fa355b3678a,base
S7,forward_rollout_proxy,False,970024,0.5,0.125,4,1,84,16,0,0.0,0.0,,141.61654875424247,0.6803526250481745,1.9121951219512199,0.016277614584398362,0.9837223854156016,168,0,0,11114.118476687652,11114.118476687654,11114.118476687652,1.5,0.391448744971488,0.13723350700826525,0.00015250982881176098,95.25,38.10000000000004,0.11358340645802122,3,3:heatwave:alternative|8:wildfire:reserve|41:wildfire:origin|43:funding_collapse|51:wildfire:origin|62:heatwave:semiwild|81:heatwave:reserve|96:heatwave:alternative,0.01098247133138559,0.07733009319104296,0.011595909107182827,0.003952918844161369,2.440157260988176e-05,0.0005993570911652511,0.0004881432195054844,44136fa355b3678a,base
S7,forward_rollout_proxy,False,970025,0.625,0.625,5,5,911,911,1,0.3333333333333333,1.0,14.0,223.2722394689048,0.47297848374553875,2.871518315997065,0.06512099942840306,0.9348790005715969,36,0,0,11187.611995802956,11187.611995802956,2237.5223991605912,1.5,0.6027490722982093,0.4032495567273101,0.00024510925632701097,47.5,19.00000000000001,0.1650473316875929,2,18:heatwave:origin|25:heatwave:alternative|50:funding_collapse|52:heatwave:origin|55:heatwave:origin,0.013258255119822893,0.04618171319384534,0.26263486017310655,0.019625948625171537,3.921748101232176e-05,0.0010439601920636124,8.071831578016991e-05,44136fa355b3678a,base
S7,forward_rollout_proxy,False,970026,0.625,0.625,5,5,626,626,0,0.0,0.0,,307.07796779409165,0.6156444874275618,4.141326010133301,0.001383981452475525,0.9986160185475245,124,0,0,11196.336321163513,11196.336321163513,2239.2672642327025,1.5,0.6319598365785399,0.4191332395480597,0.00022920763225041334,88.75,35.500000000000036,0.1663699789443634,3,26:funding_collapse|60:flood:semiwild|84:wildfire:reserve,0.014298987331787767,0.058316315209694755,0.11532999695659661,0.014291248482343158,3.667322116006614e-05,0.0010201463836426177,8.059427484370377e-05,44136fa355b3678a,base
S7,forward_rollout_proxy,False,970027,0.625,0.625,5,5,517,517,2,0.6666666666666666,1.0,14.0,221.12121151138894,0.4770462424353138,3.2337160918904075,0.047646869669652765,0.9523531303303472,47,0,0,11227.985620485,11227.985620485,2245.5971240970002,1.5,0.5195878766535863,0.3979834198722375,0.0001947565543071161,46.25,18.5,0.16218735643987384,1,3:heatwave:origin|13:funding_collapse|68:heatwave:origin|74:wildfire:origin|78:flood:alternative|92:wildfire:reserve|94:funding_collapse,0.012541260521670379,0.04712915014169571,0.2629872704064334,0.010831377220998155,3.116104868913858e-05,0.000514245451885761,7.779079724452842e-05,44136fa355b3678a,base
S7,forward_rollout_proxy,False,970028,0.625,0.375,5,3,166,141,0,0.0,0.0,,179.19992066315928,0.7133828507545068,1.972208930007812,0.03949494198411518,0.9605050580158848,106,0,0,11169.39869857633,11169.39869857633,3723.132899525443,1.5,0.5365277889703942,0.26730605178978945,0.0003165657537144241,66.5,26.600000000000005,0.12590591796335934,3,14:heatwave:alternative|22:flood:reserve|24:heatwave:semiwild|35:wildfire:semiwild|74:flood:alternative,0.014055008311650656,0.07542872951076031,0.007567881796748507,0.0032986732538439183,5.0650520594307854e-05,0.0006549645991580643,0.00023919174800585057,44136fa355b3678a,base
S7,forward_rollout_proxy,False,970029,0.625,0.625,5,5,904,904,1,0.3333333333333333,1.0,28.0,300.9062727002488,0.5707931051088047,3.722986911477302,0.0001846778898971448,0.9998153221101028,30,0,0,11220.822764369901,11220.822764369903,2244.16455287398,1.5,0.6495414390249031,0.41642221995429096,0.0004119279793735547,70.75,28.30000000000003,0.1649410346851382,2,52:heatwave:alternative|88:wildfire:semiwild,0.014041210914265492,0.05053927373725914,0.1708418173401014,0.012523320573190309,6.590847669976876e-05,0.0009046055435463218,6.598969610923072e-05,44136fa355b3678a,base
S7,forward_rollout_proxy,False,970030,0.5,0.5,4,4,239,154,0,0.0,0.0,,219.2620513168912,0.6446504463135478,2.5864255097540614,0.00680772319715873,0.9931922768028413,155,0,0,11148.288053736547,11148.288053736545,2787.072013434137,1.5,0.41542291813111404,0.32149208556953796,0.0003082419471717925,85.5,34.20000000000004,0.1454276932944295,3,36:wildfire:origin|41:flood:origin|51:funding_collapse|56:flood:reserve|72:funding_collapse|77:heatwave:alternative|80:heatwave:reserve,0.013779851427312051,0.07081323152194034,0.06386802113856872,0.014264868716431553,4.931871154748681e-05,0.0008978688176035758,0.00014346711782566065,44136fa355b3678a,base
S7,forward_rollout_proxy,False,970031,0.625,0.625,5,5,626,626,0,0.0,0.0,,281.7653460463483,0.6052848662459431,3.166751293511485,0.00258331954058263,0.9974166804594173,131,0,0,11227.249196217217,11227.249196217217,2245.4498392434434,1.5,0.5779274679442071,0.40475115183764504,4.651087849704339e-05,70.0,28.00000000000002,0.1702044605405475,3,54:heatwave:origin|57:heatwave:origin|77:wildfire:reserve|95:wildfire:semiwild,0.01408695688108481,0.059452487551964014,0.12402269811690628,0.013741460175179248,7.441740559526943e-06,0.00105249958850251,6.869011485228562e-05,44136fa355b3678a,base
S7,forward_rollout_proxy,False,970032,0.625,0.25,5,2,168,8,0,0.0,0.0,,200.83773514862852,0.6904601727412237,3.725352949463149,0.004482273368971159,0.9955177266310289,88,0,0,11123.622927850429,11123.622927850429,5561.811463925214,1.5,0.25358780100362416,0.19602097202994298,5.1813471502590674e-05,83.5,33.40000000000002,0.1045433121747454,3,25:funding_collapse|25:heatwave:reserve|27:heatwave:reserve|51:funding_collapse|66:flood:alternative|69:wildfire:semiwild|73:heatwave:reserve|80:flood:alternative|96:flood:origin,0.012892294243448614,0.07608668350310134,0.01517169142056006,0.00351356557444588,8.290155440414507e-06,0.0008315557619628615,0.00018550692847123248,44136fa355b3678a,base
S7,forward_rollout_proxy,False,970033,0.75,0.75,6,6,1166,1166,0,0.0,0.0,,313.06257142292134,0.5588620975701003,3.2773984801418616,0.010432662076434118,0.9895673379235659,77,0,0,11233.08602965021,11233.08602965021,1872.1810049417018,1.5,0.6680197634251238,0.47481169060169415,0.00015706277121808456,75.75,30.300000000000033,0.18867864728881548,3,100:heatwave:reserve,0.01404960836128522,0.048955807117458006,0.18036671059742,0.014675565007197189,2.513004339489353e-05,0.0009897384082642252,7.089354563506874e-05,44136fa355b3678a,base
S7,forward_rollout_proxy,False,970034,0.625,0.625,5,5,1044,1044,1,0.3333333333333333,1.0,19.0,299.5726454318373,0.57780997274559,4.008918409484004,0.0034003548082575316,0.9965996451917425,62,0,0,11193.663885779719,11193.663885779719,2238.732777155944,1.5,0.6082570406608568,0.4153505681616898,0.00025074476949755645,80.0,32.00000000000003,0.16592840000382056,2,20:funding_collapse|96:heatwave:alternative|98:wildfire:origin,0.014237506324845448,0.05090286010780712,0.16042436413185157,0.01474701560509619,4.0119163119609034e-05,0.0009563608609215791,7.85311607145022e-05,44136fa355b3678a,base
S7,forward_rollout_proxy,False,970035,0.625,0.125,5,1,39,0,0,0.0,0.0,,150.28334411401306,0.5817759417150915,1.988235294117647,0.010479179487179486,0.9895208205128205,100,0,0,11114.85282154279,11114.85282154279,11114.85282154279,1.5,0.3404453910696197,0.1403394361672895,0.00010159736903922951,75.25,30.10000000000003,0.15081272059575523,3,3:heatwave:alternative|11:wildfire:origin|21:funding_collapse|55:funding_collapse|60:wildfire:reserve|71:funding_collapse|74:wildfire:reserve|91:flood:alternative,0.010944184967915636,0.07489990070816424,0.10837356444537974,0.014822397095392324,1.625557904627672e-05,0.0008231341261261712,0.00029751422820508506,44136fa355b3678a,base
S7,forward_rollout_proxy,False,970036,0.625,0.375,5,3,496,496,2,0.6666666666666666,1.0,22.5,223.17699405046733,0.7416742956012138,3.115825479059216,0.07396906115391699,0.926030938846083,26,0,0,11162.542532634363,11162.542532634365,3720.847510878121,1.5,0.3879536666666666,0.2650267802272893,0.00010582890070921985,44.5,17.799999999999997,0.13161579385015246,1,21:funding_collapse|30:wildfire:reserve|31:wildfire:reserve|63:flood:reserve|66:wildfire:reserve|79:flood:origin,0.016479721893458057,0.061973643009662294,2.6886229140845522e-05,8.835405289735887e-05,1.6932624113475178e-05,0.0006277172292346757,0.0001323541951786915,44136fa355b3678a,base
S7,forward_rollout_proxy,False,970037,0.5,0.5,4,4,743,729,0,0.0,0.0,,247.1959166769489,0.5432534697300667,4.337284896332855,0.006256505613012476,0.9937434943869875,95,0,0,11117.614965530249,11117.61496553025,2779.403741382562,1.5,0.43925086879536274,0.3403286771032284,0.00047919124352619976,52.75,21.099999999999994,0.14015370630181762,3,11:wildfire:semiwild|13:funding_collapse|13:wildfire:alternative|27:heatwave:alternative|38:flood:origin|51:funding_collapse|57:heatwave:origin|75:heatwave:alternative|87:flood:semiwild,0.013503054185269162,0.04735463311470577,0.19082404998113625,0.020067670914818314,7.667059896419197e-05,0.0010943207880432806,6.569398138892756e-05,44136fa355b3678a,base
S7,forward_rollout_proxy,False,970038,0.625,0.625,5,5,346,343,1,0.3333333333333333,1.0,17.0,214.29452713709657,0.5497261491651139,2.6666565922486685,0.06230919921899112,0.9376908007810089,127,0,0,11178.64931190824,11178.64931190824,2235.729862381648,1.5,0.5086198483669099,0.3922571100322739,0.0005337957943165695,63.25,25.30000000000002,0.16739279636548107,2,18:funding_collapse|21:heatwave:origin|59:flood:origin|65:funding_collapse|76:flood:reserve|81:wildfire:semiwild|82:wildfire:alternative|98:flood:reserve,0.01315306369462995,0.05796723255111879,0.16860040602075466,0.023291704991456767,8.54073270906511e-05,0.0012022085387486483,0.00010087930327993702,44136fa355b3678a,base
S7,forward_rollout_proxy,False,970039,0.875,0.75,7,6,1034,1034,0,0.0,0.0,,274.50267664090427,0.5276323570888461,3.633242599029849,0.056162115988096985,0.943837884011903,33,0,0,11190.914689605477,11190.914689605477,1865.1524482675795,1.5,0.66170141392969,0.4792931163671862,0.00016328978938949613,74.5,29.800000000000022,0.1964527449195933,3,25:wildfire:semiwild|53:flood:alternative|75:funding_collapse,0.013854423449640085,0.04926885951511608,0.21101979639605045,0.015980104473461768,2.612636630231938e-05,0.000968051056423449,6.706754221672214e-05,44136fa355b3678a,base
S7,forward_rollout_proxy,False,970040,0.5,0.5,4,4,780,780,1,0.3333333333333333,1.0,16.0,264.77292985608733,0.5865882516015685,4.523108765206159,0.004066417611948692,0.9959335823880513,22,0,0,11189.08773809629,11189.087738096292,2797.2719345240725,1.5,0.7033561504557988,0.3682688151593917,0.00012913408900195797,55.0,22.00000000000001,0.13851056230875108,2,4:funding_collapse|53:wildfire:alternative|86:heatwave:semiwild,0.014035481573814712,0.048605787834633075,0.1552976364909288,0.01411035899465251,2.0661454240313275e-05,0.0010325091086696163,6.06113906517342e-05,44136fa355b3678a,base
S7,forward_rollout_proxy,False,970041,0.5,0.125,4,1,1,1,0,0.0,0.0,,153.08183839999074,0.7158578597990879,1.0,0.16799595176009915,0.8320040482399008,61,0,0,11024.592984583958,11024.592984583958,11024.592984583958,1.5,0.4499487056629165,0.1353553232795245,0.0017059999359586811,44.0,17.60000000000001,0.12055226356616418,3,10:wildfire:reserve|11:heatwave:reserve|20:heatwave:alternative|29:funding_collapse|38:funding_collapse|48:funding_collapse|99:wildfire:alternative,0.014553011121524231,0.07773247428169269,0.0005465469683774501,0.0009280800222252171,0.00027295998975338903,0.0009496415525337102,0.00044116069879089,44136fa355b3678a,base
S7,forward_rollout_proxy,False,970042,0.5,0.375,4,3,317,299,2,0.6666666666666666,1.0,15.0,155.89717125270184,0.5614710281978144,2.4997038213185436,0.0007844431312413234,0.9992155568687586,106,0,0,11179.830465302975,11179.830465302975,3726.610155100992,1.5,0.5023499435879695,0.2700599709906244,0.00018704259888266173,69.25,27.700000000000017,0.13038969209321005,1,5:heatwave:origin|9:flood:origin|19:funding_collapse|21:wildfire:alternative|50:wildfire:reserve|52:flood:alternative|72:funding_collapse|89:funding_collapse,0.012234750804414924,0.06806058526146533,0.13518773817156748,0.030964744252583047,2.992681582122588e-05,0.0012066919973997676,0.00014529045363378772,44136fa355b3678a,base
S7,forward_rollout_proxy,False,970043,0.625,0.5,5,4,460,430,0,0.0,0.0,,229.25197098408472,0.6712872758824265,2.7803406809998776,0.0007777405434049493,0.999222259456595,183,0,0,11149.406746937457,11149.406746937457,2787.351686734364,1.5,0.6070160517551325,0.34239452369661516,0.0003901287353752142,99.25,39.700000000000045,0.14444755855551555,3,37:funding_collapse|51:flood:alternative|59:wildfire:reserve|64:wildfire:semiwild|75:heatwave:semiwild|81:funding_collapse,0.014086971092826719,0.07271832230510737,0.04494116306998543,0.012873496903342788,6.242059766003428e-05,0.0011063202496452529,0.00014592357557604232,44136fa355b3678a,base
S7,forward_rollout_proxy,False,970044,0.625,0.625,5,5,1104,1101,0,0.0,0.0,,345.1783345737971,0.6027462211514787,3.086853434931181,0.03216290455110574,0.9678370954488943,107,0,0,11190.513431223442,11190.513431223444,2238.1026862446884,1.5,0.6192629810339272,0.4081944767400211,0.00017396677049285748,71.75,28.700000000000028,0.17074822143658258,3,1:funding_collapse|37:wildfire:semiwild|46:flood:origin|58:heatwave:origin|78:flood:reserve,0.014413551890418848,0.055325468552825344,0.1333492776894412,0.010772039278580564,2.783468327885719e-05,0.0010174843144453182,6.872579420449647e-05,44136fa355b3678a,base
S7,forward_rollout_proxy,False,970045,0.5,0.5,4,4,1154,1154,2,0.6666666666666666,1.0,19.5,332.0101211492053,0.6310336170849831,4.181917447765129,0.00539416840022232,0.9946058315997777,46,0,0,11184.04762611196,11184.047626111958,2796.01190652799,1.5,0.7395316668150179,0.3678771572759591,0.0005412097903179002,60.0,24.00000000000001,0.13552408058402993,1,82:funding_collapse,0.014587692179734081,0.04979190394524534,0.11093729099082349,0.011701721330530735,8.659356645086403e-05,0.000948110027427319,6.857889953405729e-05,44136fa355b3678a,base
S7,forward_rollout_proxy,False,970046,0.625,0.5,5,4,601,594,2,0.6666666666666666,1.0,28.0,252.82740789867378,0.6184855446963069,3.7834078749496487,0.0015627875253856815,0.9984372124746144,39,0,0,11127.859631213421,11127.859631213421,2781.9649078033553,1.5,0.5582036474184257,0.3478754344249192,0.00039426752774600316,66.25,26.500000000000018,0.14610495466790088,1,14:funding_collapse|19:heatwave:semiwild|53:heatwave:alternative|64:funding_collapse|68:funding_collapse|96:heatwave:reserve|97:flood:alternative,0.014036438019351762,0.052596103186081294,0.12745435223415533,0.005600378090078869,6.308280443936052e-05,0.0006239464971894037,8.40456958180877e-05,44136fa355b3678a,base
S7,forward_rollout_proxy,False,970047,0.5,0.5,4,4,989,989,0,0.0,0.0,,295.7304368320169,0.6061265374200429,3.775832137586311,0.0017283130641171283,0.9982716869358829,39,0,0,11217.414117819037,11217.414117819037,2804.353529454759,1.5,0.7402323631408665,0.3653215085385648,0.0004513577622210563,58.25,23.300000000000015,0.14269975424307518,3,65:wildfire:semiwild,0.014263782050017923,0.048046043789882725,0.13140223842415769,0.018139342553464718,7.221724195536899e-05,0.0009820729513500583,6.414968099730247e-05,44136fa355b3678a,base
S2,rule,False,970000,0.375,0.125,3,1,14,0,1,0.3333333333333333,1.0,26.0,50.47742756631067,0.41314951869170136,1.9600000000000004,0.025585062214065517,0.9744149377859345,0,0,0,11348.320943010336,11348.320943010338,11348.320943010336,1.5,0.2082732239719709,0.10744237176627541,0.00038026204681469424,46.75,18.700000000000006,0.05382524684539161,2,1:wildfire:alternative|41:wildfire:alternative|73:heatwave:semiwild|91:wildfire:semiwild,0.010206432378895831,0.17774923221183925,0.013168021376669923,0.005131267833558071,6.084192749035106e-05,0.0007452097880871859,0.00013281376812603228,9e4c419fdd9d6856,wild_hazard_heavy
S2,rule,False,970001,0.375,0.125,3,1,61,0,2,0.6666666666666666,1.0,24.5,65.21779820477175,0.4252764248099679,2.4658714380384366,0.0,1.0,0,0,0,11343.522535583606,11343.522535583606,11343.522535583606,1.5,0.3568644830082695,0.12694344778069092,0.0003146860555691741,59.25,23.70000000000001,0.051741425497397964,1,,0.01241851162955117,0.17731586524032428,0.01521104908174845,0.00511292697044426,5.034976889106786e-05,0.0008314170303261254,0.00014354384432556667,9e4c419fdd9d6856,wild_hazard_heavy
S2,rule,False,970002,0.375,0.125,3,1,7,0,2,0.6666666666666666,1.0,19.0,66.26622989906178,0.42439324877764284,1.0,0.03765402632309072,0.9623459736769093,0,0,0,11282.572491597759,11282.572491597759,11282.572491597759,1.5,0.35627936258600545,0.11219785968713458,0.00018804801438595755,56.25,22.5,0.051599617142670175,1,53:funding_collapse|98:funding_collapse,0.012076407042603137,0.1819132307364569,0.01102836804495206,0.004161279027961592,3.0087682301753208e-05,0.0006302577395608482,0.00011875341002827387,9e4c419fdd9d6856,wild_hazard_heavy
S2,rule,False,970003,0.25,0.0,2,0,0,0,3,1.0,1.0,34.666666666666664,65.29105799637995,0.4240744876535598,0.0,,,0,0,0,11220.5695973673,11220.5695973673,11220.5695973673,1.5,0.26752493463255256,0.0336380600244576,0.00013081451631580165,49.25,19.700000000000006,0.03442783280601172,0,24:wildfire:alternative|54:heatwave:semiwild|58:funding_collapse|73:funding_collapse|83:funding_collapse,0.014660607264195604,0.16486581523708438,0.007175043856601956,0.004460375038281001,2.093032261052827e-05,0.0006866466064945928,0.00011589002620813175,9e4c419fdd9d6856,wild_hazard_heavy
S2,rule,False,970004,0.125,0.125,1,1,7,0,3,1.0,1.0,26.666666666666668,40.1581660018488,0.3961536470848236,1.0,0.054681377388059386,0.9453186226119407,0,0,0,11411.718543052953,11411.718543052953,11411.718543052953,1.5,0.35751916467997535,0.10922638793298145,0.0005001401419778875,36.0,14.399999999999999,0.03612235732491952,0,11:flood:origin|34:flood:origin,0.00798380963011335,0.18202359551140776,0.012008750335486913,0.0060663755342473345,8.0022422716462e-05,0.0006874443860891513,8.551912654407468e-05,9e4c419fdd9d6856,wild_hazard_heavy
S2,rule,False,970005,0.125,0.125,1,1,1,0,3,1.0,1.0,29.666666666666668,69.8555961953839,0.4404435451415958,1.0,0.092496,0.907504,0,0,0,11279.958377987577,11279.958377987577,11279.958377987577,1.5,0.23792382796234846,0.09741549112147821,0.0003806048385721865,48.0,19.20000000000001,0.036865541626216844,0,44:wildfire:reserve|73:funding_collapse|85:wildfire:reserve,0.012991166929267016,0.17384177134233705,0.00804310650558463,0.004976145964268272,6.089677417154985e-05,0.0006456467850256396,0.00011961354551620089,9e4c419fdd9d6856,wild_hazard_heavy
S2,rule,False,970006,0.125,0.125,1,1,33,0,3,1.0,1.0,13.666666666666666,21.59516841060659,0.3526681667790688,1.9836065573770496,0.0012487554696790353,0.9987512445303209,0,0,0,11528.966781828069,11528.966781828069,11528.966781828069,1.5,0.23895306269822258,0.10614260109097406,0.00034140982069612096,20.25,8.1,0.030806146236906518,0,2:wildfire:origin|17:flood:reserve|98:flood:semiwild,0.0032555358826854147,0.1911509378998595,0.016356424500984606,0.006783728224949023,5.4625571311379355e-05,0.0006891125197846303,8.697105601297253e-05,9e4c419fdd9d6856,wild_hazard_heavy
S2,rule,False,970007,0.25,0.25,2,2,72,0,0,0.0,0.0,,67.62746545379576,0.41146292416974484,2.050174023915366,0.0,1.0,0,0,0,11248.49218704205,11248.492187042051,5624.246093521025,1.5,0.35595219166227077,0.1794219487396779,0.00015513044905103102,47.75,19.100000000000005,0.05412494667148572,3,2:heatwave:semiwild|24:funding_collapse|35:flood:origin|67:funding_collapse|87:flood:origin|89:funding_collapse,0.0109895091970134,0.17873452799861603,0.020060279995017204,0.0046888313987569555,2.482087184816496e-05,0.0006925200392881855,0.00010951722392973236,9e4c419fdd9d6856,wild_hazard_heavy
S2,rule,False,970008,0.25,0.125,2,1,35,0,2,0.6666666666666666,1.0,19.0,56.737234712653915,0.40651014186871903,2.765237020316027,0.001019030094963471,0.9989809699050365,0,0,0,11340.701281945101,11340.701281945103,11340.701281945101,1.5,0.3017108926258374,0.12355229891325459,0.0003148156856744438,45.75,18.3,0.04739419723755285,1,1:wildfire:alternative|24:heatwave:origin|29:heatwave:origin|83:wildfire:origin,0.009676518077839596,0.1807885239370196,0.013306041300661531,0.005364103777209758,5.0370509707911e-05,0.0007824632434841907,0.00011250151038471827,9e4c419fdd9d6856,wild_hazard_heavy
S2,rule,False,970009,0.375,0.125,3,1,30,0,3,1.0,1.0,30.666666666666668,77.32388897886275,0.4317286037843868,3.5999999999999996,0.0,1.0,0,0,0,11269.924761529073,11269.924761529073,11269.924761529073,1.5,0.11990481996274997,0.11367147524355159,0.00011438163866922466,57.25,22.9,0.047154966236382906,0,12:heatwave:alternative|17:heatwave:reserve|65:funding_collapse|67:heatwave:reserve,0.013065533060491168,0.1760413593556442,0.014228707385219974,0.0047626987254459265,1.8301062187075947e-05,0.0006965629651523929,0.00011095084044551638,9e4c419fdd9d6856,wild_hazard_heavy
S2,rule,False,970010,0.375,0.125,3,1,42,0,2,0.6666666666666666,1.0,17.5,73.82271721355987,0.4302724208168576,2.9696969696969697,0.0,1.0,0,0,0,11257.30535547946,11257.30535547946,11257.30535547946,1.5,0.23783019546931503,0.11868192001360892,0.00025303122807844125,45.0,18.00000000000001,0.04475965384853856,1,7:flood:reserve|18:funding_collapse|49:funding_collapse|66:wildfire:origin|71:wildfire:reserve|93:wildfire:origin,0.013208275604512376,0.17654957411059724,0.015740795110392933,0.005051743284870467,4.04849964925506e-05,0.0006850997186969208,9.295081235867529e-05,9e4c419fdd9d6856,wild_hazard_heavy
S2,rule,False,970011,0.375,0.25,3,2,38,0,2,0.6666666666666666,1.0,24.5,76.68132916147658,0.4140538764038279,2.4877675840978597,0.0,1.0,0,0,0,11261.895177137532,11261.895177137532,5630.947588568766,1.5,0.2731941620118395,0.17711483024624747,0.00024327704894318812,66.75,26.700000000000003,0.06208869102042469,1,15:heatwave:semiwild|39:flood:alternative|44:funding_collapse|97:funding_collapse,0.011994414655229695,0.17982794306540315,0.020689178319624548,0.00487487335091596,3.89243278309101e-05,0.0007644761360547284,0.00014140805261814518,9e4c419fdd9d6856,wild_hazard_heavy
S2,rule,False,970012,0.375,0.25,3,2,35,0,2,0.6666666666666666,1.0,29.5,81.6611816980222,0.4302834289177131,1.4863481228668942,0.0003257089744250357,0.9996742910255749,0,0,0,11284.519421229012,11284.519421229012,5642.259710614506,1.5,0.19163243950271894,0.15839389944310642,0.0006868570341481377,65.0,26.000000000000004,0.05933587132082796,1,33:funding_collapse|40:heatwave:alternative|59:heatwave:alternative,0.013767377369738956,0.17930907029142915,0.017556032830475014,0.004355171307354727,0.00010989712546370204,0.0007205587418940549,0.00014465850268503862,9e4c419fdd9d6856,wild_hazard_heavy
S2,rule,False,970013,0.375,0.125,3,1,1,0,2,0.6666666666666666,1.0,23.5,62.210823893106145,0.4279547250536698,1.0,0.0,1.0,0,0,0,11294.605499110297,11294.605499110297,11294.605499110297,1.5,0.35639487945812576,0.11141113662052057,0.0003920387338795829,45.5,18.200000000000003,0.04760824337353996,1,8:funding_collapse|9:heatwave:semiwild|36:funding_collapse,0.01106614012233681,0.17678535856705457,0.010324050040888565,0.004745092129613266,6.272619742073328e-05,0.000697865367955863,0.0001010880659990753,9e4c419fdd9d6856,wild_hazard_heavy
S2,rule,False,970014,0.125,0.125,1,1,48,0,2,0.6666666666666666,1.0,17.0,58.96598060618501,0.4163514453299761,2.0,0.002469412808402047,0.9975305871915979,0,0,0,11273.783570481526,11273.783570481526,11273.783570481526,1.5,0.2701385848340377,0.11202579317509598,0.00013352585571089196,46.5,18.6,0.043809673458461,1,8:wildfire:semiwild|28:flood:origin|30:flood:alternative|45:funding_collapse|54:funding_collapse|66:wildfire:semiwild|89:heatwave:origin,0.010104798292287472,0.17617467435799244,0.010985343354168042,0.005416748074295332,2.1364136913742714e-05,0.00078869579844893,0.00010828920251792916,9e4c419fdd9d6856,wild_hazard_heavy
S2,rule,False,970015,0.375,0.25,3,2,70,0,2,0.6666666666666666,1.0,21.5,73.48775574563714,0.4201476130265959,2.470737913486005,0.013320325657023228,0.9866796743429768,0,0,0,11277.76866368695,11277.76866368695,5638.884331843475,1.5,0.2635014001091578,0.17526701953142487,0.0002997523003807489,59.75,23.900000000000002,0.05854750192824519,1,9:funding_collapse|46:funding_collapse|80:flood:reserve,0.012201640018162709,0.17682072883844957,0.018981301911535343,0.005020455400273008,4.796036806091982e-05,0.0007498483919787801,0.0001298182201526119,9e4c419fdd9d6856,wild_hazard_heavy
S2,rule,False,970016,0.375,0.0,3,0,0,0,1,0.3333333333333333,1.0,9.0,69.92296424578942,0.3524647656024942,0.0,,,0,0,0,11300.838554271248,11300.838554271248,11300.838554271248,1.5,0.2380101326909877,0.0311943056561909,0.0003967753760331719,54.75,21.900000000000006,0.036966461935460646,2,52:heatwave:reserve|69:flood:origin|82:heatwave:reserve|95:heatwave:reserve,0.015152322160092649,0.12568837822453582,0.004776896444508112,0.0026555284563978833,6.348406016530753e-05,0.0006532039649647072,0.00012128988546411453,9e4c419fdd9d6856,wild_hazard_heavy
S2,rule,False,970017,0.375,0.125,3,1,15,0,2,0.6666666666666666,1.0,18.0,80.49038322142029,0.419115904712711,2.528089887640449,0.0,1.0,0,0,0,11324.175166597108,11324.175166597108,11324.175166597108,1.5,0.23242000380994565,0.11597911927922751,0.0006917303276602739,66.75,26.700000000000006,0.05603110010914221,1,18:wildfire:semiwild|64:wildfire:alternative,0.012318542079199867,0.17784089894574673,0.01902403576429418,0.004840203059153812,0.00011067685242564379,0.0007860789807281015,0.00014168923978345017,9e4c419fdd9d6856,wild_hazard_heavy
S2,rule,False,970018,0.125,0.125,1,1,34,0,3,1.0,1.0,26.0,60.6221516841656,0.4002654912797609,1.993103448275862,0.0,1.0,0,0,0,11336.701932686374,11336.701932686374,11336.701932686374,1.5,0.3567990052204561,0.1192794440131407,0.00018114130863742799,43.0,17.200000000000006,0.03709254504168234,0,17:funding_collapse|18:heatwave:origin,0.008966429494650466,0.18162903536980377,0.01350232517685032,0.006121413120382969,2.898260938198848e-05,0.000794518509328119,8.645640592336251e-05,9e4c419fdd9d6856,wild_hazard_heavy
S2,rule,False,970019,0.125,0.0,1,0,0,0,3,1.0,1.0,24.0,41.10110888643726,0.24942058355441302,0.0,,,0,0,0,11319.868118852984,11319.868118852984,11319.868118852984,1.5,0.2791202614408988,0.033206873244853136,0.0003402148866548427,34.0,13.6,0.026474235503816286,0,11:wildfire:origin|43:heatwave:alternative|58:funding_collapse|90:funding_collapse,0.008183638212751296,0.1174695629436472,0.0038230150428553195,0.0012714917396992,5.4434381864774835e-05,0.0003502967636743702,7.377974539302776e-05,9e4c419fdd9d6856,wild_hazard_heavy
S2,rule,False,970020,0.375,0.125,3,1,26,0,2,0.6666666666666666,1.0,25.0,53.72822685999996,0.4185421991989501,1.0,0.13445411378584612,0.8655458862141538,0,0,0,11319.792858868706,11319.792858868706,11319.792858868706,1.5,0.23808847714999062,0.09933712261375201,0.001495433552749514,51.5,20.6,0.04639137449376468,1,12:heatwave:reserve|56:wildfire:reserve|74:funding_collapse|91:wildfire:reserve,0.010542623821480902,0.17463519981641035,0.013137285874924217,0.005091409407149972,0.0002392693684399222,0.0006876592879020918,0.00014445231466856396,9e4c419fdd9d6856,wild_hazard_heavy
S2,rule,False,970021,0.375,0.125,3,1,30,0,2,0.6666666666666666,1.0,21.5,76.13900194294982,0.4205672712400659,2.7607361963190185,0.0,1.0,0,0,0,11354.613413859868,11354.613413859868,11354.613413859868,1.5,0.11827709962349948,0.10723067875086595,0.00018839608345961066,68.25,27.300000000000004,0.05772803412662907,1,39:wildfire:origin|41:wildfire:reserve|58:heatwave:semiwild|70:heatwave:alternative|82:wildfire:alternative,0.012308882867071191,0.17803106047380798,0.018708026487003548,0.004718616195090699,3.014337335353771e-05,0.0006875199716480269,0.00013701185549051413,9e4c419fdd9d6856,wild_hazard_heavy
S2,rule,False,970022,0.25,0.125,2,1,10,0,3,1.0,1.0,25.0,49.72251165969178,0.42149764407149065,2.0,0.0005381580655916358,0.9994618419344083,0,0,0,11274.213301437809,11274.213301437809,11274.213301437809,1.5,0.1670703202781987,0.10104062104353667,0.00027421805183751487,41.0,16.400000000000006,0.040417945078584,0,34:funding_collapse|49:funding_collapse|64:heatwave:semiwild|89:flood:semiwild|94:wildfire:reserve|97:wildfire:alternative,0.010909865724150227,0.17501397600965013,0.011553373700513696,0.005206036447180797,4.387488829400238e-05,0.0007121004584271265,0.00013485629825999817,9e4c419fdd9d6856,wild_hazard_heavy
S2,rule,False,970023,0.25,0.125,2,1,44,0,1,0.3333333333333333,1.0,24.0,66.43801319558311,0.42081832368946187,2.072805139186295,0.0,1.0,0,0,0,11324.051487124561,11324.051487124561,11324.051487124561,1.5,0.29458667089305873,0.11605379047266491,0.0002480631528053674,60.75,24.30000000000001,0.04808535995748041,2,79:funding_collapse|79:flood:alternative|95:flood:origin|99:wildfire:origin|100:flood:semiwild,0.01134443730242755,0.17664967000788986,0.014153034936075823,0.005782899577811255,3.969010444885879e-05,0.0008764949792188906,0.0001504718329999388,9e4c419fdd9d6856,wild_hazard_heavy
S2,rule,False,970024,0.125,0.125,1,1,39,0,2,0.6666666666666666,1.0,41.5,65.2118778465434,0.4311905201710593,2.51404958677686,0.0,1.0,0,0,0,11293.44917776298,11293.449177762981,11293.44917776298,1.5,0.07041250828307281,0.09528695588289482,0.00023695663726706483,49.5,19.800000000000004,0.03427604593409465,1,3:heatwave:alternative|8:wildfire:reserve|41:wildfire:origin|43:funding_collapse|51:wildfire:origin|62:heatwave:semiwild|81:heatwave:reserve|96:heatwave:alternative,0.01242093766954447,0.17465675780643644,0.012635433819897533,0.005227817474620563,3.791306196273037e-05,0.0007138885481332191,0.00010742995211539026,9e4c419fdd9d6856,wild_hazard_heavy
S2,rule,False,970025,0.25,0.125,2,1,36,0,2,0.6666666666666666,1.0,26.5,48.15567679006546,0.40948026065117743,3.4285714285714284,0.0,1.0,0,0,0,11316.228810803024,11316.228810803026,11316.228810803024,1.5,0.25574221862448265,0.12422060369027357,0.00040692990771008894,40.25,16.100000000000005,0.040553337710555096,1,18:heatwave:origin|25:heatwave:alternative|50:funding_collapse|52:heatwave:origin|55:heatwave:origin,0.00961369292818082,0.1784265247465305,0.01219945764488099,0.0057569036633046,6.510878523361422e-05,0.0008695996422153357,0.00011965269960268421,9e4c419fdd9d6856,wild_hazard_heavy
S2,rule,False,970026,0.125,0.125,1,1,63,0,1,0.3333333333333333,1.0,50.0,56.83440711099386,0.42660546573266184,1.9994962216624685,0.013902318862365667,0.9860976811376343,0,0,0,11315.818744548038,11315.81874454804,11315.818744548038,1.5,0.23807205081079852,0.10809554248046699,0.0001622222222222222,48.5,19.400000000000016,0.040216875913812254,2,26:funding_collapse|60:flood:semiwild|84:wildfire:reserve,0.011896184332778796,0.1749571460040152,0.01228429329753544,0.005406268592110058,2.5955555555555557e-05,0.0009090821009676972,0.00012876179186621466,9e4c419fdd9d6856,wild_hazard_heavy
S2,rule,False,970027,0.125,0.0,1,0,0,0,3,1.0,1.0,18.0,20.74426377091842,0.3402265278593397,0.0,,,0,0,0,11437.046345892906,11437.046345892908,11437.046345892906,1.5,0.16640148827038895,0.022109367871989992,0.00011204481792717087,26.25,10.499999999999996,0.02734609522475547,0,3:heatwave:origin|13:funding_collapse|68:heatwave:origin|74:wildfire:origin|78:flood:alternative|92:wildfire:reserve|94:funding_collapse,0.004151103292943107,0.17123208739187504,0.009248613021145635,0.006317411714746023,1.792717086834734e-05,0.0007000028407249874,8.367384720640927e-05,9e4c419fdd9d6856,wild_hazard_heavy
S2,rule,False,970028,0.25,0.125,2,1,29,0,3,1.0,1.0,22.333333333333332,56.690300276246745,0.41578934319110056,2.369014084507042,0.0,1.0,0,0,0,11338.56033615958,11338.560336159582,11338.56033615958,1.5,0.10703918352055068,0.09998899929325016,0.00029550683428932985,49.5,19.800000000000004,0.046724700480623285,0,14:heatwave:alternative|22:flood:reserve|24:heatwave:semiwild|35:wildfire:semiwild|74:flood:alternative,0.010526291952066542,0.17818185336068568,0.013204598184165932,0.004650020831726161,4.7281093486292767e-05,0.0006422827175136253,0.00013520139492813983,9e4c419fdd9d6856,wild_hazard_heavy
S2,rule,False,970029,0.25,0.125,2,1,14,0,2,0.6666666666666666,1.0,26.0,62.42635331004616,0.4302076625009041,1.8490566037735847,0.0,1.0,0,0,0,11351.828929980586,11351.828929980586,11351.828929980586,1.5,0.23197184037859384,0.10624518978305075,0.0003357111955884727,54.75,21.90000000000001,0.041537198537277636,1,52:heatwave:alternative|88:wildfire:semiwild,0.012415518088029534,0.1753903388406934,0.011364931410030792,0.005450769428813121,5.371379129415564e-05,0.0008391223954018287,0.00011578228044574751,9e4c419fdd9d6856,wild_hazard_heavy
S2,rule,False,970030,0.125,0.125,1,1,41,0,1,0.3333333333333333,1.0,21.0,64.26664685605905,0.41580049484690496,2.797004991680532,0.0,1.0,0,0,0,11271.89803875735,11271.89803875735,11271.89803875735,1.5,0.13232287046288585,0.10554834434640142,0.0003259863806915862,48.75,19.500000000000007,0.04048003691653754,2,36:wildfire:origin|41:flood:origin|51:funding_collapse|56:flood:reserve|72:funding_collapse|77:heatwave:alternative|80:heatwave:reserve,0.010794450026883557,0.17382624893108314,0.016930326071664413,0.005559069966644789,5.215782091065381e-05,0.0007307093472567075,0.00011650048157299617,9e4c419fdd9d6856,wild_hazard_heavy
S2,rule,False,970031,0.375,0.125,3,1,38,0,2,0.6666666666666666,1.0,19.0,74.10736006263186,0.42966019930753313,3.6464646464646466,0.0,1.0,0,0,0,11348.287081293463,11348.287081293463,11348.287081293463,1.5,0.2496526473150953,0.12654795015595258,5e-05,61.25,24.499999999999996,0.04434019479898289,1,54:heatwave:origin|57:heatwave:origin|77:wildfire:reserve|95:wildfire:semiwild,0.012962289219407626,0.1766364780996775,0.015892947249040546,0.004799774648830956,8e-06,0.000712457507509422,0.00013160008414357725,9e4c419fdd9d6856,wild_hazard_heavy
S2,rule,False,970032,0.25,0.125,2,1,45,0,2,0.6666666666666666,1.0,45.0,66.98102149802044,0.43481539913379597,3.1591263650546026,0.0,1.0,0,0,0,11288.653708824819,11288.653708824819,11288.653708824819,1.5,0.07689688838813868,0.10275116069543007,0.000199270351701656,57.75,23.1,0.036101041030350826,1,25:funding_collapse|25:heatwave:reserve|27:heatwave:reserve|51:funding_collapse|66:flood:alternative|69:wildfire:semiwild|73:heatwave:reserve|80:flood:alternative|96:flood:origin,0.013269909582388429,0.17709363429346298,0.012298796748240115,0.0050527796168051775,3.188325627226496e-05,0.0007943237153618764,0.00013554429261587286,9e4c419fdd9d6856,wild_hazard_heavy
S2,rule,False,970033,0.375,0.125,3,1,44,0,2,0.6666666666666666,1.0,20.0,63.93675483044678,0.4453351129520857,2.4631043256997454,3.715526409832501e-05,0.9999628447359017,0,0,0,11334.17820431617,11334.178204316171,11334.17820431617,1.5,0.28341090089723797,0.11763758142368559,0.00013252852993809956,51.5,20.60000000000001,0.0420772403848217,1,100:heatwave:reserve,0.014762897306151636,0.1770142901674987,0.01060032328852889,0.004818253848441925,2.120456479009593e-05,0.0007810989469949596,0.00012381070757516228,9e4c419fdd9d6856,wild_hazard_heavy
S2,rule,False,970034,0.25,0.125,2,1,37,0,2,0.6666666666666666,1.0,18.5,60.24477837310684,0.41706572985225066,1.9869375907111757,0.0,1.0,0,0,0,11328.47256162365,11328.47256162365,11328.47256162365,1.5,0.28156787725244414,0.1137351061677016,0.00038712004107230725,51.25,20.499999999999996,0.047294712676727094,1,20:funding_collapse|96:heatwave:alternative|98:wildfire:origin,0.010909755632494406,0.17630703787995677,0.015114158232271913,0.005309205999381295,6.193920657156915e-05,0.0008212109978462494,0.00014043702966599626,9e4c419fdd9d6856,wild_hazard_heavy
S2,rule,False,970035,0.375,0.125,3,1,20,0,1,0.3333333333333333,1.0,14.0,44.60527105233529,0.38428014138976335,2.8985507246376807,0.0,1.0,0,0,0,11313.118717982785,11313.118717982787,11313.118717982785,1.5,0.0634820945312536,0.10166714056629234,0.00021378121598407732,42.5,17.000000000000007,0.050417119333950794,2,3:heatwave:alternative|11:wildfire:origin|21:funding_collapse|55:funding_collapse|60:wildfire:reserve|71:funding_collapse|74:wildfire:reserve|91:flood:alternative,0.006797125812814094,0.1837379419983506,0.015926667203786115,0.00572375442764362,3.420499455745238e-05,0.0006524943525450515,0.00010805028034398678,9e4c419fdd9d6856,wild_hazard_heavy
S2,rule,False,970036,0.375,0.125,3,1,36,0,2,0.6666666666666666,1.0,25.0,73.77759138916863,0.4311944006927607,1.975609756097561,0.0,1.0,0,0,0,11289.236695723519,11289.236695723519,11289.236695723519,1.5,0.23796217834232378,0.10942086359635289,0.0001538210955282242,64.0,25.599999999999998,0.04809274100572457,1,21:funding_collapse|30:wildfire:reserve|31:wildfire:reserve|63:flood:reserve|66:wildfire:reserve|79:flood:origin,0.01305473705893355,0.17571285121742627,0.013155756153021073,0.005095409224543056,2.461137528451587e-05,0.0008139102731384148,0.00016236938730374877,9e4c419fdd9d6856,wild_hazard_heavy
S2,rule,False,970037,0.25,0.25,2,2,37,0,3,1.0,1.0,29.333333333333332,61.89786132839659,0.4190840591987486,1.8550295857988166,0.06576560304045896,0.934234396959541,0,0,0,11285.875383939987,11285.875383939987,5642.9376919699935,1.5,0.187756118765539,0.1596453835259882,0.0006983204830831943,55.75,22.3,0.0490973789572306,0,11:wildfire:semiwild|13:funding_collapse|13:wildfire:alternative|27:heatwave:alternative|38:flood:origin|51:funding_collapse|57:heatwave:origin|75:heatwave:alternative|87:flood:semiwild,0.011189594657887141,0.17883186144212476,0.013928034874947218,0.0044804535526868925,0.0001117312772933111,0.00066365196641248,0.00013313608896155723,9e4c419fdd9d6856,wild_hazard_heavy
S2,rule,False,970038,0.25,0.125,2,1,61,0,3,1.0,1.0,27.333333333333332,52.30943273110717,0.39911665989141093,2.932230102442868,0.0,1.0,0,0,0,11318.379940933042,11318.379940933042,11318.379940933042,1.5,0.1829337299829282,0.11201636007898205,0.0006281369869438688,43.0,17.200000000000006,0.04075343028130268,0,18:funding_collapse|21:heatwave:origin|59:flood:origin|65:funding_collapse|76:flood:reserve|81:wildfire:semiwild|82:wildfire:alternative|98:flood:reserve,0.008775853048745914,0.18054024538809052,0.01554091933943998,0.005452595665098037,0.00010050191791101902,0.0007600297855365103,9.326959438231154e-05,9e4c419fdd9d6856,wild_hazard_heavy
S2,rule,False,970039,0.5,0.125,4,1,28,0,3,1.0,1.0,27.333333333333332,65.0756883587706,0.4329908353317088,1.9898477157360408,0.0,1.0,0,0,0,11298.745173914687,11298.745173914689,11298.745173914687,1.5,0.24479111848052434,0.11008478422718374,0.00022089568276422692,64.75,25.900000000000002,0.04728597610885449,0,25:wildfire:semiwild|53:flood:alternative|75:funding_collapse,0.01254504129968688,0.1750854481703012,0.00954369208734796,0.005239550349042451,3.53433092422763e-05,0.000822101898274444,0.0001356717095353104,9e4c419fdd9d6856,wild_hazard_heavy
S2,rule,False,970040,0.375,0.125,3,1,24,0,2,0.6666666666666666,1.0,24.0,81.20749976335998,0.42871912116257804,2.88,0.004736453843262046,0.995263546156738,0,0,0,11285.702629806181,11285.702629806181,11285.702629806181,1.5,0.28639204993800926,0.12417951420133926,0.00029275043951617984,58.0,23.20000000000001,0.052451546037691595,1,4:funding_collapse|53:wildfire:alternative|86:heatwave:semiwild,0.012889926305240867,0.17634043965990606,0.01627923231242431,0.004915798569883055,4.6840070322588775e-05,0.0007899867512093549,0.00012217361267894092,9e4c419fdd9d6856,wild_hazard_heavy
S2,rule,False,970041,0.375,0.125,3,1,51,0,1,0.3333333333333333,1.0,19.0,63.767186927060884,0.41570814120728683,2.236457437661221,0.0,1.0,0,0,0,11226.531544855883,11226.531544855883,11226.531544855883,1.5,0.07356613812513783,0.09668678625389518,0.0006237893807369201,53.0,21.2,0.053577990323846,2,10:wildfire:reserve|11:heatwave:reserve|20:heatwave:alternative|29:funding_collapse|38:funding_collapse|48:funding_collapse|99:wildfire:alternative,0.011086828863681644,0.17650703029600923,0.01867790731807952,0.0047908936248255655,9.980630091790721e-05,0.000694954836944709,0.00011937693976580323,9e4c419fdd9d6856,wild_hazard_heavy
S2,rule,False,970042,0.0,0.0,0,0,0,0,2,0.6666666666666666,1.0,14.5,18.187482465204504,0.17950198351075386,0.0,,,0,0,0,11398.793498048512,11398.793498048512,11398.793498048512,1.5,0.14222548162651008,0.018676671777384427,0.0001813321485711693,22.5,8.999999999999998,0.022270618073667085,1,5:heatwave:origin|9:flood:origin|19:funding_collapse|21:wildfire:alternative|50:wildfire:reserve|52:flood:alternative|72:funding_collapse|89:funding_collapse,0.004001357894243115,0.10145421294803764,0.0023450100373394282,0.002679871689258065,2.9013143771387087e-05,0.00044778527773482767,6.554766801933088e-05,9e4c419fdd9d6856,wild_hazard_heavy
S2,rule,False,970043,0.375,0.125,3,1,14,0,1,0.3333333333333333,1.0,11.0,70.43280320478601,0.42783733678653246,2.0,0.0,1.0,0,0,0,11269.17500508844,11269.17500508844,11269.17500508844,1.5,0.17812084008025533,0.10368747054160289,0.00021029412495536192,66.5,26.6,0.0481269326678868,2,37:funding_collapse|51:flood:alternative|59:wildfire:reserve|64:wildfire:semiwild|75:heatwave:semiwild|81:funding_collapse,0.012160795967706672,0.17488168573904825,0.014357680505000314,0.004991512042409784,3.36470599928579e-05,0.0007411151072412024,0.00013633127517125092,9e4c419fdd9d6856,wild_hazard_heavy
S2,rule,False,970044,0.25,0.125,2,1,42,0,1,0.3333333333333333,1.0,22.0,60.596344296786626,0.425736889456998,1.982022471910112,0.0,1.0,0,0,0,11324.634248228058,11324.634248228058,11324.634248228058,1.5,0.29163969025348896,0.11327416558099972,0.0004700522469998469,66.0,26.40000000000001,0.0401998591827485,2,1:funding_collapse|37:wildfire:semiwild|46:flood:origin|58:heatwave:origin|78:flood:reserve,0.011960046490968046,0.17310011839930664,0.015199653172238849,0.005308270135382443,7.520835951997549e-05,0.0007699687967422253,0.0001683108512646833,9e4c419fdd9d6856,wild_hazard_heavy
S2,rule,False,970045,0.25,0.125,2,1,22,0,3,1.0,1.0,31.333333333333332,71.08226493648851,0.4448245590218211,2.1228070175438596,0.0,1.0,0,0,0,11289.601849678513,11289.601849678513,11289.601849678513,1.5,0.3563468444235807,0.12045416135038012,0.0005007927657158101,47.25,18.900000000000013,0.036707033662917235,0,82:funding_collapse,0.01436405310868969,0.17542630933588785,0.009578093490079813,0.004779953516146979,8.012684251452963e-05,0.0007085785084360193,0.00010907235794900637,9e4c419fdd9d6856,wild_hazard_heavy
S2,rule,False,970046,0.375,0.125,3,1,31,0,3,1.0,1.0,33.666666666666664,59.95142438053687,0.4367586688253695,1.9492900608519268,0.008951225806451612,0.9910487741935484,0,0,0,11250.70240240703,11250.70240240703,11250.70240240703,1.5,0.13918570989494294,0.09800426740088375,0.000564683229888092,49.25,19.700000000000003,0.041713979014350935,0,14:funding_collapse|19:heatwave:semiwild|53:heatwave:alternative|64:funding_collapse|68:funding_collapse|96:heatwave:reserve|97:flood:alternative,0.013462023244383548,0.17846276078200274,0.009941169612864486,0.0048397526754244405,9.034931678209472e-05,0.0007648725854768998,0.00012312384522165365,9e4c419fdd9d6856,wild_hazard_heavy
S2,rule,False,970047,0.375,0.375,3,3,48,0,1,0.3333333333333333,1.0,21.0,66.34428803108925,0.4136265314837606,1.623007623007623,0.08606907264652779,0.9139309273534723,0,0,0,11333.270528435309,11333.27052843531,3777.7568428117697,1.5,0.35676606373964576,0.23427712775650114,0.000614477473604386,61.25,24.5,0.06810222576230171,2,65:wildfire:semiwild,0.011625810185002765,0.180723261184239,0.019318391007851144,0.004055297343675392,9.831639577670177e-05,0.0005707546229714699,0.00014792975143142404,9e4c419fdd9d6856,wild_hazard_heavy
S7,forward_rollout_proxy,False,970000,0.625,0.625,5,5,807,807,0,0.0,0.0,,290.529168351815,0.6189766797644455,3.547769035197196,0.05644104501976529,0.9435589549802347,22,0,0,11168.642465262647,11168.642465262648,2233.7284930525293,1.5,0.6238371192697532,0.41389292422587526,0.000419079953551603,54.5,21.8,0.1739076097346399,3,1:wildfire:alternative|41:wildfire:alternative|73:heatwave:semiwild|91:wildfire:semiwild,0.03552922980232471,0.09827767984734698,0.0597962051727097,0.006439655458403087,6.705279256825649e-05,0.0009899441110640824,6.428654930759029e-05,9e4c419fdd9d6856,wild_hazard_heavy
S7,forward_rollout_proxy,False,970001,0.75,0.75,6,6,1200,1200,0,0.0,0.0,,435.35475666069937,0.6081033669671492,3.9717931010079854,0.007715735231986892,0.9922842647680131,46,0,0,11238.764897285735,11238.764897285735,1873.1274828809558,1.5,0.7406807295096675,0.48924368295721365,0.0004163226029283771,67.75,27.100000000000023,0.18978839498083505,3,,0.03530962532550503,0.09234286072131667,0.07426641345373915,0.006025371989372895,6.661161646854034e-05,0.0011009799336765198,5.5147764081267216e-05,9e4c419fdd9d6856,wild_hazard_heavy
S7,forward_rollout_proxy,False,970002,0.625,0.5,5,4,1094,1094,0,0.0,0.0,,315.8022242754446,0.6297860979857846,3.40706818235648,0.0020946665932644543,0.9979053334067356,38,0,0,11150.326088881475,11150.326088881477,2787.5815222203687,1.5,0.7388235145331778,0.3625329771654385,0.0003470669860577751,61.25,24.50000000000001,0.14789971944277946,3,53:funding_collapse|98:funding_collapse,0.03621036035935416,0.09788019019866603,0.04999058826502211,0.004828028636237811,5.5530717769244e-05,0.0008645269944254859,8.285056011561246e-05,9e4c419fdd9d6856,wild_hazard_heavy
S7,forward_rollout_proxy,False,970003,0.5,0.5,4,4,778,778,1,0.3333333333333333,1.0,39.0,336.53869641254454,0.6134015063759197,4.556905343844044,0.00013097800492937182,0.9998690219950707,22,0,0,11106.211928010565,11106.211928010565,2776.5529820026413,1.5,0.6818752493509052,0.36507607969347855,0.00015771763574965594,58.75,23.500000000000018,0.13159750659973785,2,24:wildfire:alternative|54:heatwave:semiwild|58:funding_collapse|73:funding_collapse|83:funding_collapse,0.034875659807043574,0.09210403206984123,0.06985408865991075,0.007764948995906704,2.5234821719944946e-05,0.0010188495843775002,5.5199787306159196e-05,9e4c419fdd9d6856,wild_hazard_heavy
S7,forward_rollout_proxy,False,970004,0.75,0.75,6,6,1090,1090,2,0.6666666666666666,1.0,23.0,346.2930519327999,0.5518446269923687,3.4155747291359195,0.009285709780262141,0.9907142902197379,47,0,0,11245.596164774477,11245.596164774477,1874.266027462413,1.5,0.6699999999999999,0.475923650411436,0.0003998513563730956,47.75,19.10000000000001,0.18633951560038395,1,11:flood:origin|34:flood:origin,0.03262229371186125,0.08947087250911193,0.13001292802043474,0.00904590929123741,6.397621701969529e-05,0.000952376410205825,8.410701597777889e-05,9e4c419fdd9d6856,wild_hazard_heavy
S7,forward_rollout_proxy,False,970005,0.625,0.5,5,4,695,695,2,0.6666666666666666,1.0,20.5,292.0993867256639,0.657721455563709,3.5066976679753705,0.0025730052880237344,0.9974269947119763,113,0,0,11192.862894685137,11192.862894685139,2798.215723671284,1.5,0.5183525892898182,0.3396172467329533,0.000563703985683215,81.25,32.500000000000036,0.13857505562108868,1,44:wildfire:reserve|73:funding_collapse|85:wildfire:reserve,0.040690389773362944,0.11720453196580388,0.001478598121817549,0.00042050119340244656,9.01926377093144e-05,0.0009177354228669693,0.00011187166807989509,9e4c419fdd9d6856,wild_hazard_heavy
S7,forward_rollout_proxy,False,970006,0.125,0.125,1,1,216,193,2,0.6666666666666666,1.0,14.0,79.41798735007741,0.6241621816718225,1.9621498864496594,0.08966318766323816,0.9103368123367619,142,0,0,11296.487971245713,11296.487971245713,11296.487971245713,1.5,0.5640488895587777,0.14282420595009782,0.0016435994050852344,57.5,23.0,0.05273909064861714,1,2:wildfire:origin|17:flood:reserve|98:flood:semiwild,0.03232106084997705,0.11457010210651447,0.0023930975562755793,0.0029310104871839303,0.00026297590481363746,0.0007556253843320409,0.0004380497555268049,9e4c419fdd9d6856,wild_hazard_heavy
S7,forward_rollout_proxy,False,970007,0.75,0.75,6,6,963,963,0,0.0,0.0,,327.2112945446713,0.5819666989716513,3.576434162362679,0.0202124172345548,0.9797875827654452,49,0,0,11125.473203530002,11125.473203530004,1854.245533921667,1.5,0.6699999999999999,0.4785158962540718,0.000219807785730479,39.25,15.699999999999994,0.19125777315222497,3,2:heatwave:semiwild|24:funding_collapse|35:flood:origin|67:funding_collapse|87:flood:origin|89:funding_collapse,0.03376663068001939,0.09087001368197065,0.10083492429938166,0.008050851178889575,3.516924571687664e-05,0.001072955559675049,5.795764112296805e-05,9e4c419fdd9d6856,wild_hazard_heavy
S7,forward_rollout_proxy,False,970008,0.5,0.5,4,4,734,734,2,0.6666666666666666,1.0,28.0,292.55536301609527,0.5897294070593292,3.266986678101942,0.0005253238839296018,0.9994746761160704,39,0,0,11206.337776424962,11206.337776424962,2801.5844441062404,1.5,0.6488214351095145,0.35029642141345085,0.0002472533940566599,32.5,12.999999999999995,0.1387220556073998,1,1:wildfire:alternative|24:heatwave:origin|29:heatwave:origin|83:wildfire:origin,0.03273426039582469,0.09140047161850169,0.08957286157513263,0.010061565728533088,3.956054304906558e-05,0.0010907416584856843,5.798481208938512e-05,9e4c419fdd9d6856,wild_hazard_heavy
S7,forward_rollout_proxy,False,970009,0.5,0.25,4,2,28,2,0,0.0,0.0,,149.7963311560762,0.6058940913184869,2.254545454545455,0.03209052177525134,0.9679094782247487,133,0,0,11108.257625200324,11108.257625200324,5554.128812600162,1.5,0.5076073401053631,0.21095205249229515,0.0001776162668346223,78.25,31.3,0.1257293196815214,3,12:heatwave:alternative|17:heatwave:reserve|65:funding_collapse|67:heatwave:reserve,0.02959996784580875,0.151751521201516,0.0020061658954182104,0.0011430260113522441,2.8418602693539564e-05,0.0007249266134238931,0.0004772753285137843,9e4c419fdd9d6856,wild_hazard_heavy
S7,forward_rollout_proxy,False,970010,0.5,0.5,4,4,721,721,0,0.0,0.0,,276.9610712490864,0.6638479166111861,3.8810846664208785,0.0038158708735177883,0.9961841291264822,13,0,0,11093.84549871234,11093.84549871234,2773.461374678085,1.5,0.4941029714538429,0.34156668104183174,0.0003208103537050905,38.0,15.199999999999992,0.1417276861611932,3,7:flood:reserve|18:funding_collapse|49:funding_collapse|66:wildfire:origin|71:wildfire:reserve|93:wildfire:origin,0.041868902911310915,0.11151541173139723,4.159205103883185e-06,8.31590780482315e-06,5.13296565928145e-05,0.0007814817594366316,6.225833344932443e-05,9e4c419fdd9d6856,wild_hazard_heavy
S7,forward_rollout_proxy,False,970011,0.75,0.625,6,5,925,925,1,0.3333333333333333,1.0,8.0,341.95176874236296,0.6045518863285572,4.161026108241375,0.0012071897926353087,0.9987928102073647,34,0,0,11144.902094616995,11144.902094616995,2228.980418923399,1.5,0.6886598918425989,0.4261872405051309,0.000280270656780274,61.25,24.500000000000014,0.17230495119228637,2,15:heatwave:semiwild|39:flood:alternative|44:funding_collapse|97:funding_collapse,0.03539443584453538,0.09943069060554027,0.07341622775713502,0.006355007350528856,4.484330508484383e-05,0.0010366699675245438,6.040931543769839e-05,9e4c419fdd9d6856,wild_hazard_heavy
S7,forward_rollout_proxy,False,970012,0.75,0.75,6,6,1075,1075,0,0.0,0.0,,366.96524144311604,0.5904082196397291,4.068038067108186,0.0011867772783492824,0.9988132227216507,65,0,0,11199.971179041668,11199.97117904167,1866.6618631736112,1.5,0.5484146622788549,0.4724411248268547,0.00024377557535946954,70.0,28.00000000000003,0.19709638963943632,3,33:funding_collapse|40:heatwave:alternative|59:heatwave:alternative,0.034339560657629165,0.10025109492701852,0.08608167459151836,0.005234147603074949,3.900409205751513e-05,0.000932101175029506,6.272592559140852e-05,9e4c419fdd9d6856,wild_hazard_heavy
S7,forward_rollout_proxy,False,970013,0.5,0.5,4,4,977,977,0,0.0,0.0,,337.007744919081,0.623793042829725,5.002498804014207,5.151401414756857e-05,0.9999484859858524,17,0,0,11155.986480901194,11155.986480901196,2788.9966202252986,1.5,0.738942382765592,0.37787007818689794,0.0002723300803474035,53.5,21.400000000000006,0.14475425935098324,3,8:funding_collapse|9:heatwave:semiwild|36:funding_collapse,0.03595512634157259,0.09571750335002963,0.05695331132672399,0.006172487697399191,4.357281285558456e-05,0.0010416411073887468,5.634963486487939e-05,9e4c419fdd9d6856,wild_hazard_heavy
S7,forward_rollout_proxy,False,970014,0.625,0.5,5,4,774,774,2,0.6666666666666666,1.0,22.0,315.9789011156164,0.5913103530705278,3.9641651430950855,0.0,1.0,11,0,0,11153.036472048469,11153.036472048469,2788.259118012117,1.5,0.6169276720936238,0.3572621618785303,0.00015158227848101265,26.25,10.499999999999993,0.15463871619108532,1,8:wildfire:semiwild|28:flood:origin|30:flood:alternative|45:funding_collapse|54:funding_collapse|66:wildfire:semiwild|89:heatwave:origin,0.03333119496825714,0.08488149246504001,0.0954366471498761,0.009795208394080136,2.4253164556962027e-05,0.0011375371266368452,5.905372975723267e-05,9e4c419fdd9d6856,wild_hazard_heavy
S7,forward_rollout_proxy,False,970015,0.625,0.625,5,5,799,799,0,0.0,0.0,,319.31266939523016,0.6089392347712095,2.7326958671393333,0.027495339985085097,0.9725046600149149,115,0,0,11161.604886603074,11161.604886603074,2232.320977320615,1.5,0.6599435737610188,0.40835244283820776,0.00012050453343207977,78.5,31.400000000000027,0.16890563395356267,3,9:funding_collapse|46:funding_collapse|80:flood:reserve,0.03551659111993368,0.10985125140857332,0.05651305407440303,0.006488647662742871,1.9280725349132766e-05,0.0010427279776854268,7.661739554453392e-05,9e4c419fdd9d6856,wild_hazard_heavy
S7,forward_rollout_proxy,False,970016,0.625,0.375,5,3,515,515,1,0.3333333333333333,1.0,16.0,251.5073804303964,0.6559044581608786,4.148922567556403,0.0014487251566084498,0.9985512748433916,119,0,0,11228.273131143706,11228.273131143706,3742.757710381235,1.5,0.3641108333333334,0.2768023937725607,0.000490226053716004,68.5,27.400000000000016,0.15076042381831667,2,52:heatwave:reserve|69:flood:origin|82:heatwave:reserve|95:heatwave:reserve,0.040382260661714166,0.11824722768776384,0.0017379642262286194,0.0003667503010372975,7.843616859456065e-05,0.0009384404932137523,0.00011708941082811324,9e4c419fdd9d6856,wild_hazard_heavy
S7,forward_rollout_proxy,False,970017,0.625,0.5,5,4,778,778,0,0.0,0.0,,335.2304747374368,0.6196414419249561,4.794470949421561,0.00017980309777336167,0.9998201969022267,30,0,0,11222.151326344861,11222.151326344861,2805.5378315862154,1.5,0.6503070032152575,0.367613432472002,0.0005711030102826426,65.75,26.30000000000002,0.14819011328130322,3,18:wildfire:semiwild|64:wildfire:alternative,0.035233677227595066,0.09754520600563803,0.06005525025905444,0.006456790522500058,9.13764816452228e-05,0.0010095486849455745,6.136460463590106e-05,9e4c419fdd9d6856,wild_hazard_heavy
S7,forward_rollout_proxy,False,970018,0.75,0.625,6,5,827,827,0,0.0,0.0,,306.44685031108196,0.583125112497333,2.5190594584657777,0.06649392466039918,0.9335060753396008,9,0,0,11203.347167941562,11203.34716794156,2240.669433588312,1.5,0.6699999999999999,0.40839534948455725,0.0007868757001233299,26.75,10.7,0.17477377449949721,3,17:funding_collapse|18:heatwave:origin,0.03277616413193365,0.08914654352516571,0.10110399934809289,0.007922314859429397,0.0001259001120197328,0.0009442117473890488,6.522746714830694e-05,9e4c419fdd9d6856,wild_hazard_heavy
S7,forward_rollout_proxy,False,970019,0.75,0.75,6,6,1010,1010,1,0.3333333333333333,1.0,15.0,341.4784638543785,0.5501899897028342,3.4995658855521277,0.0009205407224353946,0.9990794592775646,57,0,0,11175.341326426898,11175.3413264269,1862.5568877378164,1.5,0.6342541576053168,0.4734309570797321,0.0006990207264898202,48.0,19.200000000000003,0.1875494123183958,2,11:wildfire:origin|43:heatwave:alternative|58:funding_collapse|90:funding_collapse,0.03259802193951082,0.09393490199892371,0.12720047880131088,0.009227633910288276,0.00011184331623837124,0.0010112144521379036,8.465678165616588e-05,9e4c419fdd9d6856,wild_hazard_heavy
S7,forward_rollout_proxy,False,970020,0.5,0.5,4,4,734,734,1,0.3333333333333333,1.0,17.0,246.39807247871184,0.6621931376889065,2.5544009563103973,0.06713891981274088,0.9328610801872591,25,0,0,11143.232934379159,11143.23293437916,2785.8082335947897,1.5,0.4360740582886289,0.3221883912724563,0.0003113656769277507,41.25,16.5,0.14018487940244706,2,12:heatwave:reserve|56:wildfire:reserve|74:funding_collapse|91:wildfire:reserve,0.04144452691082151,0.11421181789520278,1.3798133113530944e-05,6.36021611454774e-05,4.981850830844011e-05,0.0008204256531155604,0.0001092864409934949,9e4c419fdd9d6856,wild_hazard_heavy
S7,forward_rollout_proxy,False,970021,0.625,0.25,5,2,176,147,0,0.0,0.0,,164.2530161451508,0.6247595311861158,2.6134955737801024,0.005781223465532593,0.9942187765344674,152,0,0,11218.365702475565,11218.365702475567,5609.182851237782,1.5,0.4804441703544184,0.21225857452292687,0.0006650399407541678,93.0,37.20000000000004,0.12789600874842008,3,39:wildfire:origin|41:wildfire:reserve|58:heatwave:semiwild|70:heatwave:alternative|82:wildfire:alternative,0.039362942944411845,0.1409778809879197,0.000851688503480453,0.000505091442384765,0.00010640639052066684,0.0007222061947826701,0.00025179519206234733,9e4c419fdd9d6856,wild_hazard_heavy
S7,forward_rollout_proxy,False,970022,0.5,0.375,4,3,672,672,2,0.6666666666666666,1.0,20.5,299.210638593875,0.6410757212748774,4.202854923298543,0.022593630747487048,0.977406369252513,51,0,0,11149.02049042413,11149.02049042413,3716.3401634747097,1.5,0.5662018028833024,0.2906013299419522,0.00040061003160923376,61.0,24.400000000000013,0.11601300210318274,1,34:funding_collapse|49:funding_collapse|64:heatwave:semiwild|89:flood:semiwild|94:wildfire:reserve|97:wildfire:alternative,0.03634785537290982,0.10241725127609773,0.03696109349785906,0.001791376385176041,6.409760505747741e-05,0.0005736346720660332,7.228781912261318e-05,9e4c419fdd9d6856,wild_hazard_heavy
S7,forward_rollout_proxy,False,970023,0.75,0.75,6,6,1066,1066,0,0.0,0.0,,335.341434928632,0.606192280500108,3.07478343846949,0.05224153719020566,0.9477584628097944,85,0,0,11210.1961834525,11210.196183452501,1868.3660305754165,1.5,0.6419268242674279,0.47205763770602566,0.00016004167585676924,70.5,28.20000000000002,0.1980856044729396,3,79:funding_collapse|79:flood:alternative|95:flood:origin|99:wildfire:origin|100:flood:semiwild,0.034717338361324686,0.10210866447348377,0.0713567715927862,0.003808410319060844,2.5606668137083083e-05,0.000690837130057302,7.49698165018199e-05,9e4c419fdd9d6856,wild_hazard_heavy
S7,forward_rollout_proxy,False,970024,0.5,0.125,4,1,84,16,0,0.0,0.0,,124.85534212950093,0.5999150907867288,1.9121951219512199,0.016277614584398362,0.9837223854156016,168,0,0,11114.118476687652,11114.118476687654,11114.118476687652,1.5,0.391448744971488,0.13723350700826525,0.00015250982881176098,95.25,38.10000000000004,0.11358340645802122,3,3:heatwave:alternative|8:wildfire:reserve|41:wildfire:origin|43:funding_collapse|51:wildfire:origin|62:heatwave:semiwild|81:heatwave:reserve|96:heatwave:alternative,0.027456178328463966,0.15036407009369462,0.004831628794659512,0.0016470495184005712,2.440157260988176e-05,0.0005993570911652511,0.0004881432195054844,9e4c419fdd9d6856,wild_hazard_heavy
S7,forward_rollout_proxy,False,970025,0.625,0.625,5,5,911,911,1,0.3333333333333333,1.0,14.0,324.1648732280307,0.5741271770706128,2.871518315997065,0.06512099942840306,0.9348790005715969,36,0,0,11187.611995802956,11187.611995802956,2237.5223991605912,1.5,0.6027490722982093,0.4032495567273101,0.00024510925632701097,47.5,19.00000000000001,0.1650473316875929,2,18:heatwave:origin|25:heatwave:alternative|50:funding_collapse|52:heatwave:origin|55:heatwave:origin,0.033145637799557134,0.08979777565469935,0.10943119173879441,0.008177478593821478,3.921748101232176e-05,0.0010439601920636124,8.071831578016991e-05,9e4c419fdd9d6856,wild_hazard_heavy
S7,forward_rollout_proxy,False,970026,0.625,0.625,5,5,626,626,0,0.0,0.0,,318.9061380874662,0.6147318796823277,4.141326010133301,0.001383981452475525,0.9986160185475245,124,0,0,11196.336321163513,11196.336321163513,2239.2672642327025,1.5,0.6319598365785399,0.4191332395480597,0.00022920763225041334,88.75,35.500000000000036,0.1663699789443634,3,26:funding_collapse|60:flood:semiwild|84:wildfire:reserve,0.03574746832946941,0.1133928351299621,0.04805416539858192,0.005954686867642981,3.667322116006614e-05,0.0010201463836426177,8.059427484370377e-05,9e4c419fdd9d6856,wild_hazard_heavy
S7,forward_rollout_proxy,False,970027,0.625,0.625,5,5,517,517,2,0.6666666666666666,1.0,14.0,294.8625219244179,0.5734510320794307,3.2337160918904075,0.047646869669652765,0.9523531303303472,47,0,0,11227.985620485,11227.985620485,2245.5971240970002,1.5,0.5195878766535863,0.3979834198722375,0.0001947565543071161,46.25,18.5,0.16218735643987384,1,3:heatwave:origin|13:funding_collapse|68:heatwave:origin|74:wildfire:origin|78:flood:alternative|92:wildfire:reserve|94:funding_collapse,0.0313531513041759,0.09164001416440833,0.10957802933601389,0.004513073842082565,3.116104868913858e-05,0.000514245451885761,7.779079724452842e-05,9e4c419fdd9d6856,wild_hazard_heavy
S7,forward_rollout_proxy,False,970028,0.625,0.375,5,3,166,141,0,0.0,0.0,,157.6877265086993,0.6274009175286028,1.972208930007812,0.03949494198411518,0.9605050580158848,106,0,0,11169.39869857633,11169.39869857633,3723.132899525443,1.5,0.5365277889703942,0.26730605178978945,0.0003165657537144241,66.5,26.600000000000005,0.12590591796335934,3,14:heatwave:alternative|22:flood:reserve|24:heatwave:semiwild|35:wildfire:semiwild|74:flood:alternative,0.03513752077912665,0.14666697404870063,0.0031532840819785447,0.001374447189101633,5.0650520594307854e-05,0.0006549645991580643,0.00023919174800585057,9e4c419fdd9d6856,wild_hazard_heavy
S7,forward_rollout_proxy,False,970029,0.625,0.625,5,5,904,904,1,0.3333333333333333,1.0,28.0,349.8693956039764,0.608962749546082,3.722986911477302,0.0001846778898971448,0.9998153221101028,30,0,0,11220.822764369901,11220.822764369903,2244.16455287398,1.5,0.6495414390249031,0.41642221995429096,0.0004119279793735547,70.75,28.30000000000003,0.1649410346851382,2,52:heatwave:alternative|88:wildfire:semiwild,0.03510302728566368,0.09827081004467055,0.07118409055837559,0.005218050238829294,6.590847669976876e-05,0.0009046055435463218,6.598969610923072e-05,9e4c419fdd9d6856,wild_hazard_heavy
S7,forward_rollout_proxy,False,970030,0.5,0.5,4,4,239,154,0,0.0,0.0,,206.78235195769878,0.6026790251506087,2.5864255097540614,0.00680772319715873,0.9931922768028413,155,0,0,11148.288053736547,11148.288053736545,2787.072013434137,1.5,0.41542291813111404,0.32149208556953796,0.0003082419471717925,85.5,34.20000000000004,0.1454276932944295,3,36:wildfire:origin|41:flood:origin|51:funding_collapse|56:flood:reserve|72:funding_collapse|77:heatwave:alternative|80:heatwave:reserve,0.03444962856828011,0.13769239462599508,0.02661167547440365,0.005943695298513147,4.931871154748681e-05,0.0008978688176035758,0.00014346711782566065,9e4c419fdd9d6856,wild_hazard_heavy
S7,forward_rollout_proxy,False,970031,0.625,0.625,5,5,626,626,0,0.0,0.0,,293.34139975505485,0.6083672850178441,3.166751293511485,0.00258331954058263,0.9974166804594173,131,0,0,11227.249196217217,11227.249196217217,2245.4498392434434,1.5,0.5779274679442071,0.40475115183764504,4.651087849704339e-05,70.0,28.00000000000002,0.1702044605405475,3,54:heatwave:origin|57:heatwave:origin|77:wildfire:reserve|95:wildfire:semiwild,0.035217392202712035,0.11560205912881896,0.051676124215377595,0.005725608406324689,7.441740559526943e-06,0.00105249958850251,6.869011485228562e-05,9e4c419fdd9d6856,wild_hazard_heavy
S7,forward_rollout_proxy,False,970032,0.625,0.25,5,2,168,8,0,0.0,0.0,,177.156260337952,0.6101618190924304,3.725352949463149,0.004482273368971159,0.9955177266310289,88,0,0,11123.622927850429,11123.622927850429,5561.811463925214,1.5,0.25358780100362416,0.19602097202994298,5.1813471502590674e-05,83.5,33.40000000000002,0.1045433121747454,3,25:funding_collapse|25:heatwave:reserve|27:heatwave:reserve|51:funding_collapse|66:flood:alternative|69:wildfire:semiwild|73:heatwave:reserve|80:flood:alternative|96:flood:origin,0.032230735608621545,0.14794632903380817,0.006321538091900026,0.0014639856560191167,8.290155440414507e-06,0.0008315557619628615,0.00018550692847123248,9e4c419fdd9d6856,wild_hazard_heavy
S7,forward_rollout_proxy,False,970033,0.75,0.75,6,6,1166,1166,0,0.0,0.0,,379.7243555349653,0.6053263057421556,3.2773984801418616,0.010432662076434118,0.9895673379235659,77,0,0,11233.08602965021,11233.08602965021,1872.1810049417018,1.5,0.6680197634251238,0.47481169060169415,0.00015706277121808456,75.75,30.300000000000033,0.18867864728881548,3,100:heatwave:reserve,0.03512402090321304,0.09519184717283498,0.0751527960822583,0.006114818752998833,2.513004339489353e-05,0.0009897384082642252,7.089354563506874e-05,9e4c419fdd9d6856,wild_hazard_heavy
S7,forward_rollout_proxy,False,970034,0.625,0.625,5,5,1044,1044,1,0.3333333333333333,1.0,19.0,354.69974868886703,0.6105620946697241,4.008918409484004,0.0034003548082575316,0.9965996451917425,62,0,0,11193.663885779719,11193.663885779719,2238.732777155944,1.5,0.6082570406608568,0.4153505681616898,0.00025074476949755645,80.0,32.00000000000003,0.16592840000382056,2,20:funding_collapse|96:heatwave:alternative|98:wildfire:origin,0.035593765812113605,0.09897778354295829,0.06684348505493815,0.006144589835456745,4.0119163119609034e-05,0.0009563608609215791,7.85311607145022e-05,9e4c419fdd9d6856,wild_hazard_heavy
S7,forward_rollout_proxy,False,970035,0.625,0.125,5,1,39,0,0,0.0,0.0,,160.20175858262863,0.5664851800487356,1.988235294117647,0.010479179487179486,0.9895208205128205,100,0,0,11114.85282154279,11114.85282154279,11114.85282154279,1.5,0.3404453910696197,0.1403394361672895,0.00010159736903922951,75.25,30.10000000000003,0.15081272059575523,3,3:heatwave:alternative|11:wildfire:origin|21:funding_collapse|55:funding_collapse|60:wildfire:reserve|71:funding_collapse|74:wildfire:reserve|91:flood:alternative,0.027360462419789077,0.1456386958214303,0.04515565185224155,0.0061759987897467995,1.625557904627672e-05,0.0008231341261261712,0.00029751422820508506,9e4c419fdd9d6856,wild_hazard_heavy
S7,forward_rollout_proxy,False,970036,0.625,0.375,5,3,496,496,2,0.6666666666666666,1.0,22.5,199.49615695022135,0.6584912734164233,3.115825479059216,0.07396906115391699,0.926030938846083,26,0,0,11162.542532634363,11162.542532634365,3720.847510878121,1.5,0.3879536666666666,0.2650267802272893,0.00010582890070921985,44.5,17.799999999999997,0.13161579385015246,1,21:funding_collapse|30:wildfire:reserve|31:wildfire:reserve|63:flood:reserve|66:wildfire:reserve|79:flood:origin,0.04119930473364511,0.12050430585212109,1.1202595475352308e-05,3.681418870723287e-05,1.6932624113475178e-05,0.0006277172292346757,0.0001323541951786915,9e4c419fdd9d6856,wild_hazard_heavy
S7,forward_rollout_proxy,False,970037,0.5,0.5,4,4,743,729,0,0.0,0.0,,305.30453402756706,0.6012952388109145,4.337284896332855,0.006256505613012476,0.9937434943869875,95,0,0,11117.614965530249,11117.61496553025,2779.403741382562,1.5,0.43925086879536274,0.3403286771032284,0.00047919124352619976,52.75,21.099999999999994,0.14015370630181762,3,11:wildfire:semiwild|13:funding_collapse|13:wildfire:alternative|27:heatwave:alternative|38:flood:origin|51:funding_collapse|57:heatwave:origin|75:heatwave:alternative|87:flood:semiwild,0.03375763546317287,0.09207845327859454,0.07951002082547344,0.00836152954784096,7.667059896419197e-05,0.0010943207880432806,6.569398138892756e-05,9e4c419fdd9d6856,wild_hazard_heavy
S7,forward_rollout_proxy,False,970038,0.625,0.625,5,5,346,343,1,0.3333333333333333,1.0,17.0,244.57491964982043,0.5871867876375692,2.6666565922486685,0.06230919921899112,0.9376908007810089,127,0,0,11178.64931190824,11178.64931190824,2235.729862381648,1.5,0.5086198483669099,0.3922571100322739,0.0005337957943165695,63.25,25.30000000000002,0.16739279636548107,2,18:funding_collapse|21:heatwave:origin|59:flood:origin|65:funding_collapse|76:flood:reserve|81:wildfire:semiwild|82:wildfire:alternative|98:flood:reserve,0.032882659236574824,0.1127140632938421,0.07025016917531443,0.009704877079773654,8.54073270906511e-05,0.0012022085387486483,0.00010087930327993702,9e4c419fdd9d6856,wild_hazard_heavy
S7,forward_rollout_proxy,False,970039,0.875,0.75,7,6,1034,1034,0,0.0,0.0,,355.0405589596817,0.5927356301017696,3.633242599029849,0.056162115988096985,0.943837884011903,33,0,0,11190.914689605477,11190.914689605477,1865.1524482675795,1.5,0.66170141392969,0.4792931163671862,0.00016328978938949613,74.5,29.800000000000022,0.1964527449195933,3,25:wildfire:semiwild|53:flood:alternative|75:funding_collapse,0.03463605862410015,0.09580056016828131,0.087924915165021,0.006658376863942403,2.612636630231938e-05,0.000968051056423449,6.706754221672214e-05,9e4c419fdd9d6856,wild_hazard_heavy
S7,forward_rollout_proxy,False,970040,0.5,0.5,4,4,780,780,1,0.3333333333333333,1.0,16.0,304.8925333337839,0.6184508936525043,4.523108765206159,0.004066417611948692,0.9959335823880513,22,0,0,11189.08773809629,11189.087738096292,2797.2719345240725,1.5,0.7033561504557988,0.3682688151593917,0.00012913408900195797,55.0,22.00000000000001,0.13851056230875108,2,4:funding_collapse|53:wildfire:alternative|86:heatwave:semiwild,0.03508870393453671,0.09451125412289758,0.06470734853788697,0.005879316247771882,2.0661454240313275e-05,0.0010325091086696163,6.06113906517342e-05,9e4c419fdd9d6856,wild_hazard_heavy
S7,forward_rollout_proxy,False,970041,0.5,0.125,4,1,1,1,0,0.0,0.0,,133.78990561946307,0.6214745387063878,1.0,0.16799595176009915,0.8320040482399008,61,0,0,11024.592984583958,11024.592984583958,11024.592984583958,1.5,0.4499487056629165,0.1353553232795245,0.0017059999359586811,44.0,17.60000000000001,0.12055226356616418,3,10:wildfire:reserve|11:heatwave:reserve|20:heatwave:alternative|29:funding_collapse|38:funding_collapse|48:funding_collapse|99:wildfire:alternative,0.03638252780381058,0.15114647776995796,0.00022772790349060427,0.0003867000092605071,0.00027295998975338903,0.0009496415525337102,0.00044116069879089,9e4c419fdd9d6856,wild_hazard_heavy
S7,forward_rollout_proxy,False,970042,0.5,0.375,4,3,317,299,2,0.6666666666666666,1.0,15.0,165.44294645719253,0.5757617417694513,2.4997038213185436,0.0007844431312413234,0.9992155568687586,106,0,0,11179.830465302975,11179.830465302975,3726.610155100992,1.5,0.5023499435879695,0.2700599709906244,0.00018704259888266173,69.25,27.700000000000017,0.13038969209321005,1,5:heatwave:origin|9:flood:origin|19:funding_collapse|21:wildfire:alternative|50:wildfire:reserve|52:flood:alternative|72:funding_collapse|89:funding_collapse,0.030586877011037288,0.13234002689729366,0.056328224238153146,0.012901976771909608,2.992681582122588e-05,0.0012066919973997676,0.00014529045363378772,9e4c419fdd9d6856,wild_hazard_heavy
S7,forward_rollout_proxy,False,970043,0.625,0.5,5,4,460,430,0,0.0,0.0,,210.01087958754445,0.6152036220505819,2.7803406809998776,0.0007777405434049493,0.999222259456595,183,0,0,11149.406746937457,11149.406746937457,2787.351686734364,1.5,0.6070160517551325,0.34239452369661516,0.0003901287353752142,99.25,39.700000000000045,0.14444755855551555,3,37:funding_collapse|51:flood:alternative|59:wildfire:reserve|64:wildfire:semiwild|75:heatwave:semiwild|81:funding_collapse,0.0352174277320668,0.14139673781548653,0.01872548461249393,0.005363957043059498,6.242059766003428e-05,0.0011063202496452529,0.00014592357557604232,9e4c419fdd9d6856,wild_hazard_heavy
S7,forward_rollout_proxy,False,970044,0.625,0.625,5,5,1104,1101,0,0.0,0.0,,373.8137305885164,0.6129448301361947,3.086853434931181,0.03216290455110574,0.9678370954488943,107,0,0,11190.513431223442,11190.513431223444,2238.1026862446884,1.5,0.6192629810339272,0.4081944767400211,0.00017396677049285748,71.75,28.700000000000028,0.17074822143658258,3,1:funding_collapse|37:wildfire:semiwild|46:flood:origin|58:heatwave:origin|78:flood:reserve,0.03603387972604712,0.10757729996382713,0.05556219903726714,0.004488349699408568,2.783468327885719e-05,0.0010174843144453182,6.872579420449647e-05,9e4c419fdd9d6856,wild_hazard_heavy
S7,forward_rollout_proxy,False,970045,0.5,0.5,4,4,1154,1154,2,0.6666666666666666,1.0,19.5,358.2864828240695,0.6336658156101069,4.181917447765129,0.00539416840022232,0.9946058315997777,46,0,0,11184.04762611196,11184.047626111958,2796.01190652799,1.5,0.7395316668150179,0.3678771572759591,0.0005412097903179002,60.0,24.00000000000001,0.13552408058402993,1,82:funding_collapse,0.036469230449335185,0.09681759100464378,0.04622387124617646,0.0048757172210544715,8.659356645086403e-05,0.000948110027427319,6.857889953405729e-05,9e4c419fdd9d6856,wild_hazard_heavy
S7,forward_rollout_proxy,False,970046,0.625,0.5,5,4,601,594,2,0.6666666666666666,1.0,28.0,271.4432542365115,0.6253720495695616,3.7834078749496487,0.0015627875253856815,0.9984372124746144,39,0,0,11127.859631213421,11127.859631213421,2781.9649078033553,1.5,0.5582036474184257,0.3478754344249192,0.00039426752774600316,66.25,26.500000000000018,0.14610495466790088,1,14:funding_collapse|19:heatwave:semiwild|53:heatwave:alternative|64:funding_collapse|68:funding_collapse|96:heatwave:reserve|97:flood:alternative,0.03509109504837937,0.10227020063960246,0.053105980097564724,0.0023334908708661957,6.308280443936052e-05,0.0006239464971894037,8.40456958180877e-05,9e4c419fdd9d6856,wild_hazard_heavy
S7,forward_rollout_proxy,False,970047,0.5,0.5,4,4,989,989,0,0.0,0.0,,328.9211892351463,0.6265866341137394,3.775832137586311,0.0017283130641171283,0.9982716869358829,39,0,0,11217.414117819037,11217.414117819037,2804.353529454759,1.5,0.7402323631408665,0.3653215085385648,0.0004513577622210563,58.25,23.300000000000015,0.14269975424307518,3,65:wildfire:semiwild,0.0356594551250448,0.09342286292477202,0.05475093267673239,0.007558059397276963,7.221724195536899e-05,0.0009820729513500583,6.414968099730247e-05,9e4c419fdd9d6856,wild_hazard_heavy
S2,rule,False,970000,0.375,0.125,3,1,14,0,1,0.3333333333333333,1.0,26.0,55.579619982635606,0.39352197647723086,1.9600000000000004,0.025585062214065517,0.9744149377859345,0,0,0,11348.320943010336,11348.320943010338,11348.320943010336,1.5,0.2082732239719709,0.10744237176627541,0.00038026204681469424,46.75,18.700000000000006,0.05382524684539161,2,1:wildfire:alternative|41:wildfire:alternative|73:heatwave:semiwild|91:wildfire:semiwild,0.0020412864757791667,0.04062839593413469,0.0790081282600195,0.030787607001348413,6.084192749035106e-05,0.0007452097880871859,0.00013281376812603228,3c3f9d25fe68999a,managed_burden_heavy
S2,rule,False,970001,0.375,0.125,3,1,61,0,2,0.6666666666666666,1.0,24.5,71.86386119637383,0.40362350680670317,2.4658714380384366,0.0,1.0,0,0,0,11343.522535583606,11343.522535583606,11343.522535583606,1.5,0.3568644830082695,0.12694344778069092,0.0003146860555691741,59.25,23.70000000000001,0.051741425497397964,1,,0.0024837023259102324,0.04052934062635982,0.09126629449049066,0.030677561822665553,5.034976889106786e-05,0.0008314170303261254,0.00014354384432556667,3c3f9d25fe68999a,managed_burden_heavy
S2,rule,False,970002,0.375,0.125,3,1,7,0,2,0.6666666666666666,1.0,19.0,74.4810410689599,0.4313436763899164,1.0,0.03765402632309072,0.9623459736769093,0,0,0,11282.572491597759,11282.572491597759,11282.572491597759,1.5,0.35627936258600545,0.11219785968713458,0.00018804801438595755,56.25,22.5,0.051599617142670175,1,53:funding_collapse|98:funding_collapse,0.002415281408520628,0.041580167025475886,0.06617020826971239,0.02496767416776955,3.0087682301753208e-05,0.0006302577395608482,0.00011875341002827387,3c3f9d25fe68999a,managed_burden_heavy
S2,rule,False,970003,0.25,0.0,2,0,0,0,3,1.0,1.0,34.666666666666664,75.94095193347488,0.4547156497077704,0.0,,,0,0,0,11220.5695973673,11220.5695973673,11220.5695973673,1.5,0.26752493463255256,0.0336380600244576,0.00013081451631580165,49.25,19.700000000000006,0.03442783280601172,0,24:wildfire:alternative|54:heatwave:semiwild|58:funding_collapse|73:funding_collapse|83:funding_collapse,0.002932121452839122,0.03768361491133358,0.043050263139611786,0.026762250229685976,2.093032261052827e-05,0.0006866466064945928,0.00011589002620813175,3c3f9d25fe68999a,managed_burden_heavy
S2,rule,False,970004,0.125,0.125,1,1,7,0,3,1.0,1.0,26.666666666666668,44.336011718043444,0.3745432493222671,1.0,0.054681377388059386,0.9453186226119407,0,0,0,11411.718543052953,11411.718543052953,11411.718543052953,1.5,0.35751916467997535,0.10922638793298145,0.0005001401419778875,36.0,14.399999999999999,0.03612235732491952,0,11:flood:origin|34:flood:origin,0.0015967619260226697,0.04160539325975038,0.07205250201292142,0.036398253205483996,8.0022422716462e-05,0.0006874443860891513,8.551912654407468e-05,3c3f9d25fe68999a,managed_burden_heavy
S2,rule,False,970005,0.125,0.125,1,1,1,0,3,1.0,1.0,29.666666666666668,81.74444821884889,0.4555353833992941,1.0,0.092496,0.907504,0,0,0,11279.958377987577,11279.958377987577,11279.958377987577,1.5,0.23792382796234846,0.09741549112147821,0.0003806048385721865,48.0,19.20000000000001,0.036865541626216844,0,44:wildfire:reserve|73:funding_collapse|85:wildfire:reserve,0.002598233385853404,0.03973526202110564,0.04825863903350777,0.029856875785609586,6.089677417154985e-05,0.0006456467850256396,0.00011961354551620089,3c3f9d25fe68999a,managed_burden_heavy
S2,rule,False,970006,0.125,0.125,1,1,33,0,3,1.0,1.0,13.666666666666666,20.962336277923164,0.295771439638538,1.9836065573770496,0.0012487554696790353,0.9987512445303209,0,0,0,11528.966781828069,11528.966781828069,11528.966781828069,1.5,0.23895306269822258,0.10614260109097406,0.00034140982069612096,20.25,8.1,0.030806146236906518,0,2:wildfire:origin|17:flood:reserve|98:flood:semiwild,0.0006511071765370831,0.04369164294853935,0.09813854700590761,0.04070236934969415,5.4625571311379355e-05,0.0006891125197846303,8.697105601297253e-05,3c3f9d25fe68999a,managed_burden_heavy
S2,rule,False,970007,0.25,0.25,2,2,72,0,0,0.0,0.0,,72.24297092174014,0.3647006366956318,2.050174023915366,0.0,1.0,0,0,0,11248.49218704205,11248.492187042051,5624.246093521025,1.5,0.35595219166227077,0.1794219487396779,0.00015513044905103102,47.75,19.100000000000005,0.05412494667148572,3,2:heatwave:semiwild|24:funding_collapse|35:flood:origin|67:funding_collapse|87:flood:origin|89:funding_collapse,0.002197901839402681,0.040853606399683676,0.1203616799701032,0.02813298839254173,2.482087184816496e-05,0.0006925200392881855,0.00010951722392973236,3c3f9d25fe68999a,managed_burden_heavy
S2,rule,False,970008,0.25,0.125,2,1,35,0,2,0.6666666666666666,1.0,19.0,63.98510191079891,0.3857178507036926,2.765237020316027,0.001019030094963471,0.9989809699050365,0,0,0,11340.701281945101,11340.701281945103,11340.701281945101,1.5,0.3017108926258374,0.12355229891325459,0.0003148156856744438,45.75,18.3,0.04739419723755285,1,1:wildfire:alternative|24:heatwave:origin|29:heatwave:origin|83:wildfire:origin,0.0019353036155679202,0.041323091185604496,0.07983624780396917,0.03218462266325851,5.0370509707911e-05,0.0007824632434841907,0.00011250151038471827,3c3f9d25fe68999a,managed_burden_heavy
S2,rule,False,970009,0.375,0.125,3,1,30,0,3,1.0,1.0,30.666666666666668,87.05851997308723,0.4170988233448741,3.5999999999999996,0.0,1.0,0,0,0,11269.924761529073,11269.924761529073,11269.924761529073,1.5,0.11990481996274997,0.11367147524355159,0.00011438163866922466,57.25,22.9,0.047154966236382906,0,12:heatwave:alternative|17:heatwave:reserve|65:funding_collapse|67:heatwave:reserve,0.0026131066120982337,0.04023802499557582,0.08537224431131979,0.02857619235267553,1.8301062187075947e-05,0.0006965629651523929,0.00011095084044551638,3c3f9d25fe68999a,managed_burden_heavy
S2,rule,False,970010,0.375,0.125,3,1,42,0,2,0.6666666666666666,1.0,17.5,81.70937877830814,0.4077375131229916,2.9696969696969697,0.0,1.0,0,0,0,11257.30535547946,11257.30535547946,11257.30535547946,1.5,0.23783019546931503,0.11868192001360892,0.00025303122807844125,45.0,18.00000000000001,0.04475965384853856,1,7:flood:reserve|18:funding_collapse|49:funding_collapse|66:wildfire:origin|71:wildfire:reserve|93:wildfire:origin,0.0026416551209024757,0.04035418836813652,0.09444477066235757,0.030310459709222762,4.04849964925506e-05,0.0006850997186969208,9.295081235867529e-05,3c3f9d25fe68999a,managed_burden_heavy
S2,rule,False,970011,0.375,0.25,3,2,38,0,2,0.6666666666666666,1.0,24.5,81.58511573142889,0.3654014928949305,2.4877675840978597,0.0,1.0,0,0,0,11261.895177137532,11261.895177137532,5630.947588568766,1.5,0.2731941620118395,0.17711483024624747,0.00024327704894318812,66.75,26.700000000000003,0.06208869102042469,1,15:heatwave:semiwild|39:flood:alternative|44:funding_collapse|97:funding_collapse,0.00239888293104594,0.04110352984352072,0.12413506991774728,0.029249240105495743,3.89243278309101e-05,0.0007644761360547284,0.00014140805261814518,3c3f9d25fe68999a,managed_burden_heavy
S2,rule,False,970012,0.375,0.25,3,2,35,0,2,0.6666666666666666,1.0,29.5,90.30752685974866,0.407103607736431,1.4863481228668942,0.0003257089744250357,0.9996742910255749,0,0,0,11284.519421229012,11284.519421229012,5642.259710614506,1.5,0.19163243950271894,0.15839389944310642,0.0006868570341481377,65.0,26.000000000000004,0.05933587132082796,1,33:funding_collapse|40:heatwave:alternative|59:heatwave:alternative,0.0027534754739477916,0.04098493035232667,0.10533619698285003,0.026131027844128366,0.00010989712546370204,0.0007205587418940549,0.00014465850268503862,3c3f9d25fe68999a,managed_burden_heavy
S2,rule,False,970013,0.375,0.125,3,1,1,0,2,0.6666666666666666,1.0,23.5,70.1885905549268,0.4367949993100077,1.0,0.0,1.0,0,0,0,11294.605499110297,11294.605499110297,11294.605499110297,1.5,0.35639487945812576,0.11141113662052057,0.0003920387338795829,45.5,18.200000000000003,0.04760824337353996,1,8:funding_collapse|9:heatwave:semiwild|36:funding_collapse,0.002213228024467363,0.04040808195818392,0.06194430024533136,0.028470552777679577,6.272619742073328e-05,0.000697865367955863,0.0001010880659990753,3c3f9d25fe68999a,managed_burden_heavy
S2,rule,False,970014,0.125,0.125,1,1,48,0,2,0.6666666666666666,1.0,17.0,67.44379507875044,0.4054814912587833,2.0,0.002469412808402047,0.9975305871915979,0,0,0,11273.783570481526,11273.783570481526,11273.783570481526,1.5,0.2701385848340377,0.11202579317509598,0.00013352585571089196,46.5,18.6,0.043809673458461,1,8:wildfire:semiwild|28:flood:origin|30:flood:alternative|45:funding_collapse|54:funding_collapse|66:wildfire:semiwild|89:heatwave:origin,0.0020209596584574952,0.04026849699611258,0.06591206012500823,0.032500488445771955,2.1364136913742714e-05,0.00078869579844893,0.00010828920251792916,3c3f9d25fe68999a,managed_burden_heavy
S2,rule,False,970015,0.375,0.25,3,2,70,0,2,0.6666666666666666,1.0,21.5,79.36973911478492,0.37736396453221643,2.470737913486005,0.013320325657023228,0.9866796743429768,0,0,0,11277.76866368695,11277.76866368695,5638.884331843475,1.5,0.2635014001091578,0.17526701953142487,0.0002997523003807489,59.75,23.900000000000002,0.05854750192824519,1,9:funding_collapse|46:funding_collapse|80:flood:reserve,0.0024403280036325425,0.04041616659164563,0.11388781146921216,0.030122732401638045,4.796036806091982e-05,0.0007498483919787801,0.0001298182201526119,3c3f9d25fe68999a,managed_burden_heavy
S2,rule,False,970016,0.375,0.0,3,0,0,0,1,0.3333333333333333,1.0,9.0,82.85384361450612,0.3908881884261084,0.0,,,0,0,0,11300.838554271248,11300.838554271248,11300.838554271248,1.5,0.2380101326909877,0.0311943056561909,0.0003967753760331719,54.75,21.900000000000006,0.036966461935460646,2,52:heatwave:reserve|69:flood:origin|82:heatwave:reserve|95:heatwave:reserve,0.003030464432018529,0.02872877216560819,0.028661378667048657,0.015933170738387292,6.348406016530753e-05,0.0006532039649647072,0.00012128988546411453,3c3f9d25fe68999a,managed_burden_heavy
S2,rule,False,970017,0.375,0.125,3,1,15,0,2,0.6666666666666666,1.0,18.0,86.76130338870703,0.37690680961363626,2.528089887640449,0.0,1.0,0,0,0,11324.175166597108,11324.175166597108,11324.175166597108,1.5,0.23242000380994565,0.11597911927922751,0.0006917303276602739,66.75,26.700000000000006,0.05603110010914221,1,18:wildfire:semiwild|64:wildfire:alternative,0.0024637084158399742,0.04064934833045639,0.11414421458576501,0.029041218354922873,0.00011067685242564379,0.0007860789807281015,0.00014168923978345017,3c3f9d25fe68999a,managed_burden_heavy
S2,rule,False,970018,0.125,0.125,1,1,34,0,3,1.0,1.0,26.0,68.9326642472567,0.37275366692293943,1.993103448275862,0.0,1.0,0,0,0,11336.701932686374,11336.701932686374,11336.701932686374,1.5,0.3567990052204561,0.1192794440131407,0.00018114130863742799,43.0,17.200000000000006,0.03709254504168234,0,17:funding_collapse|18:heatwave:origin,0.001793285898930094,0.041515208084526606,0.08101395106110192,0.0367284787222978,2.898260938198848e-05,0.000794518509328119,8.645640592336251e-05,3c3f9d25fe68999a,managed_burden_heavy
S2,rule,False,970019,0.125,0.0,1,0,0,0,3,1.0,1.0,24.0,50.00645502626844,0.28201740410079673,0.0,,,0,0,0,11319.868118852984,11319.868118852984,11319.868118852984,1.5,0.2791202614408988,0.033206873244853136,0.0003402148866548427,34.0,13.6,0.026474235503816286,0,11:wildfire:origin|43:heatwave:alternative|58:funding_collapse|90:funding_collapse,0.0016367276425502586,0.026850185815690816,0.022938090257131897,0.007628950438195198,5.4434381864774835e-05,0.0003502967636743702,7.377974539302776e-05,3c3f9d25fe68999a,managed_burden_heavy
S2,rule,False,970020,0.375,0.125,3,1,26,0,2,0.6666666666666666,1.0,25.0,59.09275326447594,0.39850428356844503,1.0,0.13445411378584612,0.8655458862141538,0,0,0,11319.792858868706,11319.792858868706,11319.792858868706,1.5,0.23808847714999062,0.09933712261375201,0.001495433552749514,51.5,20.6,0.04639137449376468,1,12:heatwave:reserve|56:wildfire:reserve|74:funding_collapse|91:wildfire:reserve,0.00210852476429618,0.03991661710089381,0.0788237152495453,0.030548456442899795,0.0002392693684399222,0.0006876592879020918,0.00014445231466856396,3c3f9d25fe68999a,managed_burden_heavy
S2,rule,False,970021,0.375,0.125,3,1,30,0,2,0.6666666666666666,1.0,21.5,82.18043499303576,0.38248686463603315,2.7607361963190185,0.0,1.0,0,0,0,11354.613413859868,11354.613413859868,11354.613413859868,1.5,0.11827709962349948,0.10723067875086595,0.00018839608345961066,68.25,27.300000000000004,0.05772803412662907,1,39:wildfire:origin|41:wildfire:reserve|58:heatwave:semiwild|70:heatwave:alternative|82:wildfire:alternative,0.002461776573414239,0.04069281382258465,0.11224815892202131,0.028311697170544194,3.014337335353771e-05,0.0006875199716480269,0.00013701185549051413,3c3f9d25fe68999a,managed_burden_heavy
S2,rule,False,970022,0.25,0.125,2,1,10,0,3,1.0,1.0,25.0,55.56613751500414,0.40943302753634164,2.0,0.0005381580655916358,0.9994618419344083,0,0,0,11274.213301437809,11274.213301437809,11274.213301437809,1.5,0.1670703202781987,0.10104062104353667,0.00027421805183751487,41.0,16.400000000000006,0.040417945078584,0,34:funding_collapse|49:funding_collapse|64:heatwave:semiwild|89:flood:semiwild|94:wildfire:reserve|97:wildfire:alternative,0.0021819731448300458,0.04000319451649147,0.0693202422030822,0.031236218683084745,4.387488829400238e-05,0.0007121004584271265,0.00013485629825999817,3c3f9d25fe68999a,managed_burden_heavy
S2,rule,False,970023,0.25,0.125,2,1,44,0,1,0.3333333333333333,1.0,24.0,74.27689131266916,0.39913705500154883,2.072805139186295,0.0,1.0,0,0,0,11324.051487124561,11324.051487124561,11324.051487124561,1.5,0.29458667089305873,0.11605379047266491,0.0002480631528053674,60.75,24.30000000000001,0.04808535995748041,2,79:funding_collapse|79:flood:alternative|95:flood:origin|99:wildfire:origin|100:flood:semiwild,0.0022688874604855106,0.04037706743037483,0.08491820961645492,0.03469739746686751,3.969010444885879e-05,0.0008764949792188906,0.0001504718329999388,3c3f9d25fe68999a,managed_burden_heavy
S2,rule,False,970024,0.125,0.125,1,1,39,0,2,0.6666666666666666,1.0,41.5,73.1170915361863,0.42059972279216823,2.51404958677686,0.0,1.0,0,0,0,11293.44917776298,11293.449177762981,11293.44917776298,1.5,0.07041250828307281,0.09528695588289482,0.00023695663726706483,49.5,19.800000000000004,0.03427604593409465,1,3:heatwave:alternative|8:wildfire:reserve|41:wildfire:origin|43:funding_collapse|51:wildfire:origin|62:heatwave:semiwild|81:heatwave:reserve|96:heatwave:alternative,0.0024841875339088925,0.0399215446414712,0.07581260291938521,0.03136690484772334,3.791306196273037e-05,0.0007138885481332191,0.00010742995211539026,3c3f9d25fe68999a,managed_burden_heavy
S2,rule,False,970025,0.25,0.125,2,1,36,0,2,0.6666666666666666,1.0,26.5,54.128835339128,0.3909419672328769,3.4285714285714284,0.0,1.0,0,0,0,11316.228810803024,11316.228810803026,11316.228810803024,1.5,0.25574221862448265,0.12422060369027357,0.00040692990771008894,40.25,16.100000000000005,0.040553337710555096,1,18:heatwave:origin|25:heatwave:alternative|50:funding_collapse|52:heatwave:origin|55:heatwave:origin,0.0019227385856361646,0.04078320565634984,0.07319674586928594,0.03454142197982759,6.510878523361422e-05,0.0008695996422153357,0.00011965269960268421,3c3f9d25fe68999a,managed_burden_heavy
S2,rule,False,970026,0.125,0.125,1,1,63,0,1,0.3333333333333333,1.0,50.0,63.576312314836976,0.4135793922645722,1.9994962216624685,0.013902318862365667,0.9860976811376343,0,0,0,11315.818744548038,11315.81874454804,11315.818744548038,1.5,0.23807205081079852,0.10809554248046699,0.0001622222222222222,48.5,19.400000000000016,0.040216875913812254,2,26:funding_collapse|60:flood:semiwild|84:wildfire:reserve,0.002379236866555759,0.039990204800917785,0.07370575978521261,0.03243761155266031,2.5955555555555557e-05,0.0009090821009676972,0.00012876179186621466,3c3f9d25fe68999a,managed_burden_heavy
S2,rule,False,970027,0.125,0.0,1,0,0,0,3,1.0,1.0,18.0,22.954162228967096,0.31386670953362655,0.0,,,0,0,0,11437.046345892906,11437.046345892908,11437.046345892906,1.5,0.16640148827038895,0.022109367871989992,0.00011204481792717087,26.25,10.499999999999996,0.02734609522475547,0,3:heatwave:origin|13:funding_collapse|68:heatwave:origin|74:wildfire:origin|78:flood:alternative|92:wildfire:reserve|94:funding_collapse,0.0008302206585886216,0.03913876283242861,0.05549167812687383,0.03790447028847613,1.792717086834734e-05,0.0007000028407249874,8.367384720640927e-05,3c3f9d25fe68999a,managed_burden_heavy
S2,rule,False,970028,0.25,0.125,2,1,29,0,3,1.0,1.0,22.333333333333332,63.020945433511,0.40084192694428167,2.369014084507042,0.0,1.0,0,0,0,11338.56033615958,11338.560336159582,11338.56033615958,1.5,0.10703918352055068,0.09998899929325016,0.00029550683428932985,49.5,19.800000000000004,0.046724700480623285,0,14:heatwave:alternative|22:flood:reserve|24:heatwave:semiwild|35:wildfire:semiwild|74:flood:alternative,0.002105258390413309,0.04072728076815674,0.0792275891049956,0.02790012499035694,4.7281093486292767e-05,0.0006422827175136253,0.00013520139492813983,3c3f9d25fe68999a,managed_burden_heavy
S2,rule,False,970029,0.25,0.125,2,1,14,0,2,0.6666666666666666,1.0,26.0,69.93976665615551,0.4240604907462,1.8490566037735847,0.0,1.0,0,0,0,11351.828929980586,11351.828929980586,11351.828929980586,1.5,0.23197184037859384,0.10624518978305075,0.0003357111955884727,54.75,21.90000000000001,0.041537198537277636,1,52:heatwave:alternative|88:wildfire:semiwild,0.002483103617605906,0.04008922030644421,0.06818958846018472,0.032704616572878695,5.371379129415564e-05,0.0008391223954018287,0.00011578228044574751,3c3f9d25fe68999a,managed_burden_heavy
S2,rule,False,970030,0.125,0.125,1,1,41,0,1,0.3333333333333333,1.0,21.0,69.49337142791646,0.37315316108759844,2.797004991680532,0.0,1.0,0,0,0,11271.89803875735,11271.89803875735,11271.89803875735,1.5,0.13232287046288585,0.10554834434640142,0.0003259863806915862,48.75,19.500000000000007,0.04048003691653754,2,36:wildfire:origin|41:flood:origin|51:funding_collapse|56:flood:reserve|72:funding_collapse|77:heatwave:alternative|80:heatwave:reserve,0.0021588900053767113,0.039731714041390455,0.10158195642998645,0.03335441979986871,5.215782091065381e-05,0.0007307093472567075,0.00011650048157299617,3c3f9d25fe68999a,managed_burden_heavy
S2,rule,False,970031,0.375,0.125,3,1,38,0,2,0.6666666666666666,1.0,19.0,82.13146947092503,0.40844258816389084,3.6464646464646466,0.0,1.0,0,0,0,11348.287081293463,11348.287081293463,11348.287081293463,1.5,0.2496526473150953,0.12654795015595258,5e-05,61.25,24.499999999999996,0.04434019479898289,1,54:heatwave:origin|57:heatwave:origin|77:wildfire:reserve|95:wildfire:semiwild,0.002592457843881525,0.040374052137069155,0.0953576834942433,0.0287986478929857,8e-06,0.000712457507509422,0.00013160008414357725,3c3f9d25fe68999a,managed_burden_heavy
S2,rule,False,970032,0.25,0.125,2,1,45,0,2,0.6666666666666666,1.0,45.0,75.79619006491053,0.43271128997344455,3.1591263650546026,0.0,1.0,0,0,0,11288.653708824819,11288.653708824819,11288.653708824819,1.5,0.07689688838813868,0.10275116069543007,0.000199270351701656,57.75,23.1,0.036101041030350826,1,25:funding_collapse|25:heatwave:reserve|27:heatwave:reserve|51:funding_collapse|66:flood:alternative|69:wildfire:semiwild|73:heatwave:reserve|80:flood:alternative|96:flood:origin,0.0026539819164776864,0.040478544981362975,0.07379278048944068,0.030316677700831022,3.188325627226496e-05,0.0007943237153618764,0.00013554429261587286,3c3f9d25fe68999a,managed_burden_heavy
S2,rule,False,970033,0.375,0.125,3,1,44,0,2,0.6666666666666666,1.0,20.0,73.38369588295281,0.45644567880111375,2.4631043256997454,3.715526409832501e-05,0.9999628447359017,0,0,0,11334.17820431617,11334.178204316171,11334.17820431617,1.5,0.28341090089723797,0.11763758142368559,0.00013252852993809956,51.5,20.60000000000001,0.0420772403848217,1,100:heatwave:reserve,0.002952579461230328,0.04046040918114257,0.06360193973117333,0.028909523090651507,2.120456479009593e-05,0.0007810989469949596,0.00012381070757516228,3c3f9d25fe68999a,managed_burden_heavy
S2,rule,False,970034,0.25,0.125,2,1,37,0,2,0.6666666666666666,1.0,18.5,66.44071040110148,0.3890269489339579,1.9869375907111757,0.0,1.0,0,0,0,11328.47256162365,11328.47256162365,11328.47256162365,1.5,0.28156787725244414,0.1137351061677016,0.00038712004107230725,51.25,20.499999999999996,0.047294712676727094,1,20:funding_collapse|96:heatwave:alternative|98:wildfire:origin,0.0021819511264988827,0.04029875151541871,0.09068494939363139,0.03185523599628774,6.193920657156915e-05,0.0008212109978462494,0.00014043702966599626,3c3f9d25fe68999a,managed_burden_heavy
S2,rule,False,970035,0.375,0.125,3,1,20,0,1,0.3333333333333333,1.0,14.0,48.29304561576577,0.34313521611968745,2.8985507246376807,0.0,1.0,0,0,0,11313.118717982785,11313.118717982787,11313.118717982785,1.5,0.0634820945312536,0.10166714056629234,0.00021378121598407732,42.5,17.000000000000007,0.050417119333950794,2,3:heatwave:alternative|11:wildfire:origin|21:funding_collapse|55:funding_collapse|60:wildfire:reserve|71:funding_collapse|74:wildfire:reserve|91:flood:alternative,0.0013594251625628187,0.04199724388533729,0.09556000322271671,0.034342526565861724,3.420499455745238e-05,0.0006524943525450515,0.00010805028034398678,3c3f9d25fe68999a,managed_burden_heavy
S2,rule,False,970036,0.375,0.125,3,1,36,0,2,0.6666666666666666,1.0,25.0,83.39557950196166,0.4175644088987292,1.975609756097561,0.0,1.0,0,0,0,11289.236695723519,11289.236695723519,11289.236695723519,1.5,0.23796217834232378,0.10942086359635289,0.0001538210955282242,64.0,25.599999999999998,0.04809274100572457,1,21:funding_collapse|30:wildfire:reserve|31:wildfire:reserve|63:flood:reserve|66:wildfire:reserve|79:flood:origin,0.0026109474117867104,0.04016293742112602,0.07893453691812641,0.030572455347258297,2.461137528451587e-05,0.0008139102731384148,0.00016236938730374877,3c3f9d25fe68999a,managed_burden_heavy
S2,rule,False,970037,0.25,0.25,2,2,37,0,3,1.0,1.0,29.333333333333332,69.0978734591929,0.40515661353328963,1.8550295857988166,0.06576560304045896,0.934234396959541,0,0,0,11285.875383939987,11285.875383939987,5642.9376919699935,1.5,0.187756118765539,0.1596453835259882,0.0006983204830831943,55.75,22.3,0.0490973789572306,0,11:wildfire:semiwild|13:funding_collapse|13:wildfire:alternative|27:heatwave:alternative|38:flood:origin|51:funding_collapse|57:heatwave:origin|75:heatwave:alternative|87:flood:semiwild,0.002237918931577429,0.04087585404391427,0.08356820924968328,0.02688272131612134,0.0001117312772933111,0.00066365196641248,0.00013313608896155723,3c3f9d25fe68999a,managed_burden_heavy
S2,rule,False,970038,0.25,0.125,2,1,61,0,3,1.0,1.0,27.333333333333332,57.0496424299269,0.3640039734127085,2.932230102442868,0.0,1.0,0,0,0,11318.379940933042,11318.379940933042,11318.379940933042,1.5,0.1829337299829282,0.11201636007898205,0.0006281369869438688,43.0,17.200000000000006,0.04075343028130268,0,18:funding_collapse|21:heatwave:origin|59:flood:origin|65:funding_collapse|76:flood:reserve|81:wildfire:semiwild|82:wildfire:alternative|98:flood:reserve,0.0017551706097491831,0.04126634180299213,0.09324551603663986,0.03271557399058819,0.00010050191791101902,0.0007600297855365103,9.326959438231154e-05,3c3f9d25fe68999a,managed_burden_heavy
S2,rule,False,970039,0.5,0.125,4,1,28,0,3,1.0,1.0,27.333333333333332,74.53367484791845,0.43611492979582084,1.9898477157360408,0.0,1.0,0,0,0,11298.745173914687,11298.745173914689,11298.745173914687,1.5,0.24479111848052434,0.11008478422718374,0.00022089568276422692,64.75,25.900000000000002,0.04728597610885449,0,25:wildfire:semiwild|53:flood:alternative|75:funding_collapse,0.002509008259937376,0.04001953101035457,0.05726215252408775,0.031437302094254674,3.53433092422763e-05,0.000822101898274444,0.0001356717095353104,3c3f9d25fe68999a,managed_burden_heavy
S2,rule,False,970040,0.375,0.125,3,1,24,0,2,0.6666666666666666,1.0,24.0,90.68283191265247,0.40425858393792424,2.88,0.004736453843262046,0.995263546156738,0,0,0,11285.702629806181,11285.702629806181,11285.702629806181,1.5,0.28639204993800926,0.12417951420133926,0.00029275043951617984,58.0,23.20000000000001,0.052451546037691595,1,4:funding_collapse|53:wildfire:alternative|86:heatwave:semiwild,0.0025779852610481727,0.04030638620797854,0.09767539387454587,0.029494791419298293,4.6840070322588775e-05,0.0007899867512093549,0.00012217361267894092,3c3f9d25fe68999a,managed_burden_heavy
S2,rule,False,970041,0.375,0.125,3,1,51,0,1,0.3333333333333333,1.0,19.0,67.90672112267812,0.3744740310040448,2.236457437661221,0.0,1.0,0,0,0,11226.531544855883,11226.531544855883,11226.531544855883,1.5,0.07356613812513783,0.09668678625389518,0.0006237893807369201,53.0,21.2,0.053577990323846,2,10:wildfire:reserve|11:heatwave:reserve|20:heatwave:alternative|29:funding_collapse|38:funding_collapse|48:funding_collapse|99:wildfire:alternative,0.0022173657727363287,0.04034446406765926,0.1120674439084771,0.02874536174895341,9.980630091790721e-05,0.000694954836944709,0.00011937693976580323,3c3f9d25fe68999a,managed_burden_heavy
S2,rule,False,970042,0.0,0.0,0,0,0,0,2,0.6666666666666666,1.0,14.5,22.52425939451957,0.20825784292964802,0.0,,,0,0,0,11398.793498048512,11398.793498048512,11398.793498048512,1.5,0.14222548162651008,0.018676671777384427,0.0001813321485711693,22.5,8.999999999999998,0.022270618073667085,1,5:heatwave:origin|9:flood:origin|19:funding_collapse|21:wildfire:alternative|50:wildfire:reserve|52:flood:alternative|72:funding_collapse|89:funding_collapse,0.0008002715788486231,0.023189534388122914,0.01407006022403656,0.016079230135548385,2.9013143771387087e-05,0.00044778527773482767,6.554766801933088e-05,3c3f9d25fe68999a,managed_burden_heavy
S2,rule,False,970043,0.375,0.125,3,1,14,0,1,0.3333333333333333,1.0,11.0,77.83488421649295,0.4092302595036199,2.0,0.0,1.0,0,0,0,11269.17500508844,11269.17500508844,11269.17500508844,1.5,0.17812084008025533,0.10368747054160289,0.00021029412495536192,66.5,26.6,0.0481269326678868,2,37:funding_collapse|51:flood:alternative|59:wildfire:reserve|64:wildfire:semiwild|75:heatwave:semiwild|81:funding_collapse,0.002432159193541336,0.03997295674035391,0.08614608303000193,0.02994907225445867,3.36470599928579e-05,0.0007411151072412024,0.00013633127517125092,3c3f9d25fe68999a,managed_burden_heavy
S2,rule,False,970044,0.25,0.125,2,1,42,0,1,0.3333333333333333,1.0,22.0,65.71461209184393,0.39656031122333,1.982022471910112,0.0,1.0,0,0,0,11324.634248228058,11324.634248228058,11324.634248228058,1.5,0.29163969025348896,0.11327416558099972,0.0004700522469998469,66.0,26.40000000000001,0.0401998591827485,2,1:funding_collapse|37:wildfire:semiwild|46:flood:origin|58:heatwave:origin|78:flood:reserve,0.0023920092981936083,0.03956574134841296,0.09119791903343315,0.031849620812294616,7.520835951997549e-05,0.0007699687967422253,0.0001683108512646833,3c3f9d25fe68999a,managed_burden_heavy
S2,rule,False,970045,0.25,0.125,2,1,22,0,3,1.0,1.0,31.333333333333332,83.02096921012873,0.45716009738908653,2.1228070175438596,0.0,1.0,0,0,0,11289.601849678513,11289.601849678513,11289.601849678513,1.5,0.3563468444235807,0.12045416135038012,0.0005007927657158101,47.25,18.900000000000013,0.036707033662917235,0,82:funding_collapse,0.00287281062173794,0.04009744213391724,0.0574685609404789,0.02867972109688183,8.012684251452963e-05,0.0007085785084360193,0.00010907235794900637,3c3f9d25fe68999a,managed_burden_heavy
S2,rule,False,970046,0.375,0.125,3,1,31,0,3,1.0,1.0,33.666666666666664,69.29410686117015,0.44846046534698863,1.9492900608519268,0.008951225806451612,0.9910487741935484,0,0,0,11250.70240240703,11250.70240240703,11250.70240240703,1.5,0.13918570989494294,0.09800426740088375,0.000564683229888092,49.25,19.700000000000003,0.041713979014350935,0,14:funding_collapse|19:heatwave:semiwild|53:heatwave:alternative|64:funding_collapse|68:funding_collapse|96:heatwave:reserve|97:flood:alternative,0.0026924046488767095,0.040791488178743486,0.05964701767718695,0.029038516052546606,9.034931678209472e-05,0.0007648725854768998,0.00012312384522165365,3c3f9d25fe68999a,managed_burden_heavy
S2,rule,False,970047,0.375,0.375,3,3,48,0,1,0.3333333333333333,1.0,21.0,70.3882397634519,0.37530732407479334,1.623007623007623,0.08606907264652779,0.9139309273534723,0,0,0,11333.270528435309,11333.27052843531,3777.7568428117697,1.5,0.35676606373964576,0.23427712775650114,0.000614477473604386,61.25,24.5,0.06810222576230171,2,65:wildfire:semiwild,0.0023251620370005536,0.04130817398496891,0.11591034604710673,0.024331784062052338,9.831639577670177e-05,0.0005707546229714699,0.00014792975143142404,3c3f9d25fe68999a,managed_burden_heavy
S7,forward_rollout_proxy,False,970000,0.625,0.625,5,5,807,807,0,0.0,0.0,,170.70803880927994,0.47342834328124617,3.547769035197196,0.05644104501976529,0.9435589549802347,22,0,0,11168.642465262647,11168.642465262648,2233.7284930525293,1.5,0.6238371192697532,0.41389292422587526,0.000419079953551603,54.5,21.8,0.1739076097346399,3,1:wildfire:alternative|41:wildfire:alternative|73:heatwave:semiwild|91:wildfire:semiwild,0.007105845960464954,0.022463469679393597,0.3587772310362583,0.038637932750418526,6.705279256825649e-05,0.0009899441110640824,6.428654930759029e-05,3c3f9d25fe68999a,managed_burden_heavy
S7,forward_rollout_proxy,False,970001,0.75,0.75,6,6,1200,1200,0,0.0,0.0,,253.72277651439322,0.4348719253354798,3.9717931010079854,0.007715735231986892,0.9922842647680131,46,0,0,11238.764897285735,11238.764897285735,1873.1274828809558,1.5,0.7406807295096675,0.48924368295721365,0.0004163226029283771,67.75,27.100000000000023,0.18978839498083505,3,,0.007061925065101001,0.0211069395934438,0.44559848072243496,0.036152231936237365,6.661161646854034e-05,0.0011009799336765198,5.5147764081267216e-05,3c3f9d25fe68999a,managed_burden_heavy
S7,forward_rollout_proxy,False,970002,0.625,0.5,5,4,1094,1094,0,0.0,0.0,,200.28371794869415,0.5223208367199352,3.40706818235648,0.0020946665932644543,0.9979053334067356,38,0,0,11150.326088881475,11150.326088881477,2787.5815222203687,1.5,0.7388235145331778,0.3625329771654385,0.0003470669860577751,61.25,24.50000000000001,0.14789971944277946,3,53:funding_collapse|98:funding_collapse,0.007242072071870835,0.02237261490255224,0.2999435295901326,0.028968171817426863,5.5530717769244e-05,0.0008645269944254859,8.285056011561246e-05,3c3f9d25fe68999a,managed_burden_heavy
S7,forward_rollout_proxy,False,970003,0.5,0.5,4,4,778,778,1,0.3333333333333333,1.0,39.0,186.88212632776273,0.41767940377090435,4.556905343844044,0.00013097800492937182,0.9998690219950707,22,0,0,11106.211928010565,11106.211928010565,2776.5529820026413,1.5,0.6818752493509052,0.36507607969347855,0.00015771763574965594,58.75,23.500000000000018,0.13159750659973785,2,24:wildfire:alternative|54:heatwave:semiwild|58:funding_collapse|73:funding_collapse|83:funding_collapse,0.0069751319614087285,0.021052350187392276,0.41912453195946464,0.04658969397544025,2.5234821719944946e-05,0.0010188495843775002,5.5199787306159196e-05,3c3f9d25fe68999a,managed_burden_heavy
S7,forward_rollout_proxy,False,970004,0.75,0.75,6,6,1090,1090,2,0.6666666666666666,1.0,23.0,70.4361964657979,0.2519102362820828,3.4155747291359195,0.009285709780262141,0.9907142902197379,47,0,0,11245.596164774477,11245.596164774477,1874.266027462413,1.5,0.6699999999999999,0.475923650411436,0.0003998513563730956,47.75,19.10000000000001,0.18633951560038395,1,11:flood:origin|34:flood:origin,0.006524458742372257,0.020450485144939884,0.780077568122608,0.054275455747424435,6.397621701969529e-05,0.000952376410205825,8.410701597777889e-05,3c3f9d25fe68999a,managed_burden_heavy
S7,forward_rollout_proxy,False,970005,0.625,0.5,5,4,695,695,2,0.6666666666666666,1.0,20.5,335.3438905980542,0.7641245133128314,3.5066976679753705,0.0025730052880237344,0.9974269947119763,113,0,0,11192.862894685137,11192.862894685139,2798.215723671284,1.5,0.5183525892898182,0.3396172467329533,0.000563703985683215,81.25,32.500000000000036,0.13857505562108868,1,44:wildfire:reserve|73:funding_collapse|85:wildfire:reserve,0.00813807795467259,0.02678960730646946,0.0088715887309053,0.0025230071604146766,9.01926377093144e-05,0.0009177354228669693,0.00011187166807989509,3c3f9d25fe68999a,managed_burden_heavy
S7,forward_rollout_proxy,False,970006,0.125,0.125,1,1,216,193,2,0.6666666666666666,1.0,14.0,87.03659426901457,0.6725266464513531,1.9621498864496594,0.08966318766323816,0.9103368123367619,142,0,0,11296.487971245713,11296.487971245713,11296.487971245713,1.5,0.5640488895587777,0.14282420595009782,0.0016435994050852344,57.5,23.0,0.05273909064861714,1,2:wildfire:origin|17:flood:reserve|98:flood:semiwild,0.006464212169995412,0.026187451910060458,0.014358585337653473,0.01758606292310359,0.00026297590481363746,0.0007556253843320409,0.0004380497555268049,3c3f9d25fe68999a,managed_burden_heavy
S7,forward_rollout_proxy,False,970007,0.75,0.75,6,6,963,963,0,0.0,0.0,,117.20895671458307,0.3332085952917017,3.576434162362679,0.0202124172345548,0.9797875827654452,49,0,0,11125.473203530002,11125.473203530004,1854.245533921667,1.5,0.6699999999999999,0.4785158962540718,0.000219807785730479,39.25,15.699999999999994,0.19125777315222497,3,2:heatwave:semiwild|24:funding_collapse|35:flood:origin|67:funding_collapse|87:flood:origin|89:funding_collapse,0.0067533261360038935,0.020770288841593296,0.6050095457962898,0.048305107073337454,3.516924571687664e-05,0.001072955559675049,5.795764112296805e-05,3c3f9d25fe68999a,managed_burden_heavy
S7,forward_rollout_proxy,False,970008,0.5,0.5,4,4,734,734,2,0.6666666666666666,1.0,28.0,97.49208006157683,0.2861218481032904,3.266986678101942,0.0005253238839296018,0.9994746761160704,39,0,0,11206.337776424962,11206.337776424962,2801.5844441062404,1.5,0.6488214351095145,0.35029642141345085,0.0002472533940566599,32.5,12.999999999999995,0.1387220556073998,1,1:wildfire:alternative|24:heatwave:origin|29:heatwave:origin|83:wildfire:origin,0.006546852079164952,0.02089153636994325,0.537437169450796,0.060369394371198516,3.956054304906558e-05,0.0010907416584856843,5.798481208938512e-05,3c3f9d25fe68999a,managed_burden_heavy
S7,forward_rollout_proxy,False,970009,0.5,0.25,4,2,28,2,0,0.0,0.0,,179.9093313667969,0.7038293909406499,2.254545454545455,0.03209052177525134,0.9679094782247487,133,0,0,11108.257625200324,11108.257625200324,5554.128812600162,1.5,0.5076073401053631,0.21095205249229515,0.0001776162668346223,78.25,31.3,0.1257293196815214,3,12:heatwave:alternative|17:heatwave:reserve|65:funding_collapse|67:heatwave:reserve,0.00591999356916175,0.034686061988917966,0.012036995372509258,0.0068581560681134635,2.8418602693539564e-05,0.0007249266134238931,0.0004772753285137843,3c3f9d25fe68999a,managed_burden_heavy
S7,forward_rollout_proxy,False,970010,0.5,0.5,4,4,721,721,0,0.0,0.0,,322.7137534481976,0.7831229264685744,3.8810846664208785,0.0038158708735177883,0.9961841291264822,13,0,0,11093.84549871234,11093.84549871234,2773.461374678085,1.5,0.4941029714538429,0.34156668104183174,0.0003208103537050905,38.0,15.199999999999992,0.1417276861611932,3,7:flood:reserve|18:funding_collapse|49:funding_collapse|66:wildfire:origin|71:wildfire:reserve|93:wildfire:origin,0.008373780582262185,0.025489236967176532,2.4955230623299108e-05,4.989544682893888e-05,5.13296565928145e-05,0.0007814817594366316,6.225833344932443e-05,3c3f9d25fe68999a,managed_burden_heavy
S7,forward_rollout_proxy,False,970011,0.75,0.625,6,5,925,925,1,0.3333333333333333,1.0,8.0,198.50037797694102,0.4502578023736132,4.161026108241375,0.0012071897926353087,0.9987928102073647,34,0,0,11144.902094616995,11144.902094616995,2228.980418923399,1.5,0.6886598918425989,0.4261872405051309,0.000280270656780274,61.25,24.500000000000014,0.17230495119228637,2,15:heatwave:semiwild|39:flood:alternative|44:funding_collapse|97:funding_collapse,0.007078887168907086,0.02272701499555206,0.44049736654281035,0.03813004410317314,4.484330508484383e-05,0.0010366699675245438,6.040931543769839e-05,3c3f9d25fe68999a,managed_burden_heavy
S7,forward_rollout_proxy,False,970012,0.75,0.75,6,6,1075,1075,0,0.0,0.0,,201.80494946034756,0.4256689888457244,4.068038067108186,0.0011867772783492824,0.9988132227216507,65,0,0,11199.971179041668,11199.97117904167,1866.6618631736112,1.5,0.5484146622788549,0.4724411248268547,0.00024377557535946954,70.0,28.00000000000003,0.19709638963943632,3,33:funding_collapse|40:heatwave:alternative|59:heatwave:alternative,0.006867912131525842,0.02291453598331853,0.5164900475491102,0.03140488561844969,3.900409205751513e-05,0.000932101175029506,6.272592559140852e-05,3c3f9d25fe68999a,managed_burden_heavy
S7,forward_rollout_proxy,False,970013,0.5,0.5,4,4,977,977,0,0.0,0.0,,204.05505690760282,0.4831084083100222,5.002498804014207,5.151401414756857e-05,0.9999484859858524,17,0,0,11155.986480901194,11155.986480901196,2788.9966202252986,1.5,0.738942382765592,0.37787007818689794,0.0002723300803474035,53.5,21.400000000000006,0.14475425935098324,3,8:funding_collapse|9:heatwave:semiwild|36:funding_collapse,0.007191025268314519,0.02187828648000675,0.34171986796034376,0.03703492618439515,4.357281285558456e-05,0.0010416411073887468,5.634963486487939e-05,3c3f9d25fe68999a,managed_burden_heavy
S7,forward_rollout_proxy,False,970014,0.625,0.5,5,4,774,774,2,0.6666666666666666,1.0,22.0,105.25893513737984,0.30066060612609985,3.9641651430950855,0.0,1.0,11,0,0,11153.036472048469,11153.036472048469,2788.259118012117,1.5,0.6169276720936238,0.3572621618785303,0.00015158227848101265,26.25,10.499999999999993,0.15463871619108532,1,8:wildfire:semiwild|28:flood:origin|30:flood:alternative|45:funding_collapse|54:funding_collapse|66:wildfire:semiwild|89:heatwave:origin,0.006666238993651446,0.01940148399200915,0.5726198828992566,0.05877125036448084,2.4253164556962027e-05,0.0011375371266368452,5.905372975723267e-05,3c3f9d25fe68999a,managed_burden_heavy
S7,forward_rollout_proxy,False,970015,0.625,0.625,5,5,799,799,0,0.0,0.0,,198.1044306397241,0.4533737872670517,2.7326958671393333,0.027495339985085097,0.9725046600149149,115,0,0,11161.604886603074,11161.604886603074,2232.320977320615,1.5,0.6599435737610188,0.40835244283820776,0.00012050453343207977,78.5,31.400000000000027,0.16890563395356267,3,9:funding_collapse|46:funding_collapse|80:flood:reserve,0.007103318223986738,0.02510885746481677,0.33907832444641817,0.03893188597645722,1.9280725349132766e-05,0.0010427279776854268,7.661739554453392e-05,3c3f9d25fe68999a,managed_burden_heavy
S7,forward_rollout_proxy,False,970016,0.625,0.375,5,3,515,515,1,0.3333333333333333,1.0,16.0,288.0190524477045,0.7592559046567628,4.148922567556403,0.0014487251566084498,0.9985512748433916,119,0,0,11228.273131143706,11228.273131143706,3742.757710381235,1.5,0.3641108333333334,0.2768023937725607,0.000490226053716004,68.5,27.400000000000016,0.15076042381831667,2,52:heatwave:reserve|69:flood:origin|82:heatwave:reserve|95:heatwave:reserve,0.00807645213234284,0.02702793775720315,0.010427785357371712,0.002200501806223784,7.843616859456065e-05,0.0009384404932137523,0.00011708941082811324,3c3f9d25fe68999a,managed_burden_heavy
S7,forward_rollout_proxy,False,970017,0.625,0.5,5,4,778,778,0,0.0,0.0,,210.6414899429887,0.45972034894546193,4.794470949421561,0.00017980309777336167,0.9998201969022267,30,0,0,11222.151326344861,11222.151326344861,2805.5378315862154,1.5,0.6503070032152575,0.367613432472002,0.0005711030102826426,65.75,26.30000000000002,0.14819011328130322,3,18:wildfire:semiwild|64:wildfire:alternative,0.007046735445519021,0.022296047087002988,0.3603315015543267,0.038740743135000366,9.13764816452228e-05,0.0010095486849455745,6.136460463590106e-05,3c3f9d25fe68999a,managed_burden_heavy
S7,forward_rollout_proxy,False,970018,0.75,0.625,6,5,827,827,0,0.0,0.0,,86.64439310034554,0.28565868424113044,2.5190594584657777,0.06649392466039918,0.9335060753396008,9,0,0,11203.347167941562,11203.34716794156,2240.669433588312,1.5,0.6699999999999999,0.40839534948455725,0.0007868757001233299,26.75,10.7,0.17477377449949721,3,17:funding_collapse|18:heatwave:origin,0.00655523282638675,0.020376352805752163,0.6066239960885573,0.04753388915657638,0.0001259001120197328,0.0009442117473890488,6.522746714830694e-05,3c3f9d25fe68999a,managed_burden_heavy
S7,forward_rollout_proxy,False,970019,0.75,0.75,6,6,1010,1010,1,0.3333333333333333,1.0,15.0,77.70216159121077,0.27114890115540335,3.4995658855521277,0.0009205407224353946,0.9990794592775646,57,0,0,11175.341326426898,11175.3413264269,1862.5568877378164,1.5,0.6342541576053168,0.4734309570797321,0.0006990207264898202,48.0,19.200000000000003,0.1875494123183958,2,11:wildfire:origin|43:heatwave:alternative|58:funding_collapse|90:funding_collapse,0.006519604387902183,0.021470834742611144,0.7632028728078651,0.05536580346172964,0.00011184331623837124,0.0010112144521379036,8.465678165616588e-05,3c3f9d25fe68999a,managed_burden_heavy
S7,forward_rollout_proxy,False,970020,0.5,0.5,4,4,734,734,1,0.3333333333333333,1.0,17.0,286.6327037255083,0.7821596938668911,2.5544009563103973,0.06713891981274088,0.9328610801872591,25,0,0,11143.232934379159,11143.23293437916,2785.8082335947897,1.5,0.4360740582886289,0.3221883912724563,0.0003113656769277507,41.25,16.5,0.14018487940244706,2,12:heatwave:reserve|56:wildfire:reserve|74:funding_collapse|91:wildfire:reserve,0.008288905382164306,0.026105558376046348,8.278879868118566e-05,0.0003816129668728646,4.981850830844011e-05,0.0008204256531155604,0.0001092864409934949,3c3f9d25fe68999a,managed_burden_heavy
S7,forward_rollout_proxy,False,970021,0.625,0.25,5,2,176,147,0,0.0,0.0,,195.57086032338898,0.7446724747528526,2.6134955737801024,0.005781223465532593,0.9942187765344674,152,0,0,11218.365702475565,11218.365702475567,5609.182851237782,1.5,0.4804441703544184,0.21225857452292687,0.0006650399407541678,93.0,37.20000000000004,0.12789600874842008,3,39:wildfire:origin|41:wildfire:reserve|58:heatwave:semiwild|70:heatwave:alternative|82:wildfire:alternative,0.007872588588882368,0.03222351565438165,0.005110131020882718,0.0030305486543085887,0.00010640639052066684,0.0007222061947826701,0.00025179519206234733,3c3f9d25fe68999a,managed_burden_heavy
S7,forward_rollout_proxy,False,970022,0.5,0.375,4,3,672,672,2,0.6666666666666666,1.0,20.5,213.43314571662523,0.5417370189291283,4.202854923298543,0.022593630747487048,0.977406369252513,51,0,0,11149.02049042413,11149.02049042413,3716.3401634747097,1.5,0.5662018028833024,0.2906013299419522,0.00040061003160923376,61.0,24.400000000000013,0.11601300210318274,1,34:funding_collapse|49:funding_collapse|64:heatwave:semiwild|89:flood:semiwild|94:wildfire:reserve|97:wildfire:alternative,0.0072695710745819654,0.023409657434536622,0.22176656098715444,0.01074825831105624,6.409760505747741e-05,0.0005736346720660332,7.228781912261318e-05,3c3f9d25fe68999a,managed_burden_heavy
S7,forward_rollout_proxy,False,970023,0.75,0.75,6,6,1066,1066,0,0.0,0.0,,203.83952865604647,0.45698775594134344,3.07478343846949,0.05224153719020566,0.9477584628097944,85,0,0,11210.1961834525,11210.196183452501,1868.3660305754165,1.5,0.6419268242674279,0.47205763770602566,0.00016004167585676924,70.5,28.20000000000002,0.1980856044729396,3,79:funding_collapse|79:flood:alternative|95:flood:origin|99:wildfire:origin|100:flood:semiwild,0.006943467672264935,0.023339123308224866,0.4281406295567171,0.022850461914365065,2.5606668137083083e-05,0.000690837130057302,7.49698165018199e-05,3c3f9d25fe68999a,managed_burden_heavy
S7,forward_rollout_proxy,False,970024,0.5,0.125,4,1,84,16,0,0.0,0.0,,145.4308521176151,0.659594873106787,1.9121951219512199,0.016277614584398362,0.9837223854156016,168,0,0,11114.118476687652,11114.118476687654,11114.118476687652,1.5,0.391448744971488,0.13723350700826525,0.00015250982881176098,95.25,38.10000000000004,0.11358340645802122,3,3:heatwave:alternative|8:wildfire:reserve|41:wildfire:origin|43:funding_collapse|51:wildfire:origin|62:heatwave:semiwild|81:heatwave:reserve|96:heatwave:alternative,0.005491235665692795,0.034368930307130195,0.028989772767957063,0.009882297110403426,2.440157260988176e-05,0.0005993570911652511,0.0004881432195054844,3c3f9d25fe68999a,managed_burden_heavy
S7,forward_rollout_proxy,False,970025,0.625,0.625,5,5,911,911,1,0.3333333333333333,1.0,14.0,88.94076615113148,0.29309002622387903,2.871518315997065,0.06512099942840306,0.9348790005715969,36,0,0,11187.611995802956,11187.611995802956,2237.5223991605912,1.5,0.6027490722982093,0.4032495567273101,0.00024510925632701097,47.5,19.00000000000001,0.1650473316875929,2,18:heatwave:origin|25:heatwave:alternative|50:funding_collapse|52:heatwave:origin|55:heatwave:origin,0.0066291275599114465,0.020525205863931265,0.6565871504327663,0.04906487156292884,3.921748101232176e-05,0.0010439601920636124,8.071831578016991e-05,3c3f9d25fe68999a,managed_burden_heavy
S7,forward_rollout_proxy,False,970026,0.625,0.625,5,5,626,626,0,0.0,0.0,,222.73389498366316,0.4870052961654174,4.141326010133301,0.001383981452475525,0.9986160185475245,124,0,0,11196.336321163513,11196.336321163513,2239.2672642327025,1.5,0.6319598365785399,0.4191332395480597,0.00022920763225041334,88.75,35.500000000000036,0.1663699789443634,3,26:funding_collapse|60:flood:semiwild|84:wildfire:reserve,0.007149493665893883,0.0259183623154199,0.28832499239149156,0.03572812120585789,3.667322116006614e-05,0.0010201463836426177,8.059427484370377e-05,3c3f9d25fe68999a,managed_burden_heavy
S7,forward_rollout_proxy,False,970027,0.625,0.625,5,5,517,517,2,0.6666666666666666,1.0,14.0,40.42356770805475,0.1820628233757746,3.2337160918904075,0.047646869669652765,0.9523531303303472,47,0,0,11227.985620485,11227.985620485,2245.5971240970002,1.5,0.5195878766535863,0.3979834198722375,0.0001947565543071161,46.25,18.5,0.16218735643987384,1,3:heatwave:origin|13:funding_collapse|68:heatwave:origin|74:wildfire:origin|78:flood:alternative|92:wildfire:reserve|94:funding_collapse,0.0062706302608351895,0.020946288951864747,0.6574681760160831,0.027078443052495373,3.116104868913858e-05,0.000514245451885761,7.779079724452842e-05,3c3f9d25fe68999a,managed_burden_heavy
S7,forward_rollout_proxy,False,970028,0.625,0.375,5,3,166,141,0,0.0,0.0,,186.45729803106076,0.720216778463313,1.972208930007812,0.03949494198411518,0.9605050580158848,106,0,0,11169.39869857633,11169.39869857633,3723.132899525443,1.5,0.5365277889703942,0.26730605178978945,0.0003165657537144241,66.5,26.600000000000005,0.12590591796335934,3,14:heatwave:alternative|22:flood:reserve|24:heatwave:semiwild|35:wildfire:semiwild|74:flood:alternative,0.007027504155825328,0.03352387978256015,0.01891970449187127,0.008246683134609795,5.0650520594307854e-05,0.0006549645991580643,0.00023919174800585057,3c3f9d25fe68999a,managed_burden_heavy
S7,forward_rollout_proxy,False,970029,0.625,0.625,5,5,904,904,1,0.3333333333333333,1.0,28.0,210.28502414826983,0.4520394679815945,3.722986911477302,0.0001846778898971448,0.9998153221101028,30,0,0,11220.822764369901,11220.822764369903,2244.16455287398,1.5,0.6495414390249031,0.41642221995429096,0.0004119279793735547,70.75,28.30000000000003,0.1649410346851382,2,52:heatwave:alternative|88:wildfire:semiwild,0.007020605457132746,0.02246189943878184,0.42710454335025355,0.031308301432975756,6.590847669976876e-05,0.0009046055435463218,6.598969610923072e-05,3c3f9d25fe68999a,managed_burden_heavy
S7,forward_rollout_proxy,False,970030,0.5,0.5,4,4,239,154,0,0.0,0.0,,178.63015737737086,0.53508480130809,2.5864255097540614,0.00680772319715873,0.9931922768028413,155,0,0,11148.288053736547,11148.288053736545,2787.072013434137,1.5,0.41542291813111404,0.32149208556953796,0.0003082419471717925,85.5,34.20000000000004,0.1454276932944295,3,36:wildfire:origin|41:flood:origin|51:funding_collapse|56:flood:reserve|72:funding_collapse|77:heatwave:alternative|80:heatwave:reserve,0.006889925713656026,0.0314725473430846,0.15967005284642188,0.035662171791078875,4.931871154748681e-05,0.0008978688176035758,0.00014346711782566065,3c3f9d25fe68999a,managed_burden_heavy
S7,forward_rollout_proxy,False,970031,0.625,0.625,5,5,626,626,0,0.0,0.0,,196.4441763362941,0.45455115294577353,3.166751293511485,0.00258331954058263,0.9974166804594173,131,0,0,11227.249196217217,11227.249196217217,2245.4498392434434,1.5,0.5779274679442071,0.40475115183764504,4.651087849704339e-05,70.0,28.00000000000002,0.1702044605405475,3,54:heatwave:origin|57:heatwave:origin|77:wildfire:reserve|95:wildfire:semiwild,0.007043478440542405,0.02642332780087291,0.31005674529226573,0.03435365043794813,7.441740559526943e-06,0.00105249958850251,6.869011485228562e-05,3c3f9d25fe68999a,managed_burden_heavy
S7,forward_rollout_proxy,False,970032,0.625,0.25,5,2,168,8,0,0.0,0.0,,206.5874665243781,0.6908269833492509,3.725352949463149,0.004482273368971159,0.9955177266310289,88,0,0,11123.622927850429,11123.622927850429,5561.811463925214,1.5,0.25358780100362416,0.19602097202994298,5.1813471502590674e-05,83.5,33.40000000000002,0.1045433121747454,3,25:funding_collapse|25:heatwave:reserve|27:heatwave:reserve|51:funding_collapse|66:flood:alternative|69:wildfire:semiwild|73:heatwave:reserve|80:flood:alternative|96:flood:origin,0.006446147121724307,0.03381630377915615,0.03792922855140015,0.008783913936114699,8.290155440414507e-06,0.0008315557619628615,0.00018550692847123248,3c3f9d25fe68999a,managed_burden_heavy
S7,forward_rollout_proxy,False,970033,0.75,0.75,6,6,1166,1166,0,0.0,0.0,,206.69727945234368,0.433468981320644,3.2773984801418616,0.010432662076434118,0.9895673379235659,77,0,0,11233.08602965021,11233.08602965021,1872.1810049417018,1.5,0.6680197634251238,0.47481169060169415,0.00015706277121808456,75.75,30.300000000000033,0.18867864728881548,3,100:heatwave:reserve,0.00702480418064261,0.021758136496648012,0.4509167764935498,0.03668891251799299,2.513004339489353e-05,0.0009897384082642252,7.089354563506874e-05,3c3f9d25fe68999a,managed_burden_heavy
S7,forward_rollout_proxy,False,970034,0.625,0.625,5,5,1044,1044,1,0.3333333333333333,1.0,19.0,205.10015067785628,0.46467450735555965,4.008918409484004,0.0034003548082575316,0.9965996451917425,62,0,0,11193.663885779719,11193.663885779719,2238.732777155944,1.5,0.6082570406608568,0.4153505681616898,0.00025074476949755645,80.0,32.00000000000003,0.16592840000382056,2,20:funding_collapse|96:heatwave:alternative|98:wildfire:origin,0.007118753162422724,0.02262349338124762,0.40106091032962865,0.03686753901274046,4.0119163119609034e-05,0.0009563608609215791,7.85311607145022e-05,3c3f9d25fe68999a,managed_burden_heavy
S7,forward_rollout_proxy,False,970035,0.625,0.125,5,1,39,0,0,0.0,0.0,,81.21337691611619,0.40734907132434367,1.988235294117647,0.010479179487179486,0.9895208205128205,100,0,0,11114.85282154279,11114.85282154279,11114.85282154279,1.5,0.3404453910696197,0.1403394361672895,0.00010159736903922951,75.25,30.10000000000003,0.15081272059575523,3,3:heatwave:alternative|11:wildfire:origin|21:funding_collapse|55:funding_collapse|60:wildfire:reserve|71:funding_collapse|74:wildfire:reserve|91:flood:alternative,0.005472092483957818,0.03328884475918409,0.27093391111344944,0.03705599273848079,1.625557904627672e-05,0.0008231341261261712,0.00029751422820508506,3c3f9d25fe68999a,managed_burden_heavy
S7,forward_rollout_proxy,False,970036,0.625,0.375,5,3,496,496,2,0.6666666666666666,1.0,22.5,234.9687221950995,0.7834515360556544,3.115825479059216,0.07396906115391699,0.926030938846083,26,0,0,11162.542532634363,11162.542532634365,3720.847510878121,1.5,0.3879536666666666,0.2650267802272893,0.00010582890070921985,44.5,17.799999999999997,0.13161579385015246,1,21:funding_collapse|30:wildfire:reserve|31:wildfire:reserve|63:flood:reserve|66:wildfire:reserve|79:flood:origin,0.008239860946729028,0.027543841337627682,6.721557285211385e-05,0.00022088513224339715,1.6932624113475178e-05,0.0006277172292346757,0.0001323541951786915,3c3f9d25fe68999a,managed_burden_heavy
S7,forward_rollout_proxy,False,970037,0.5,0.5,4,4,743,729,0,0.0,0.0,,131.75242342646425,0.3739073931697859,4.337284896332855,0.006256505613012476,0.9937434943869875,95,0,0,11117.614965530249,11117.61496553025,2779.403741382562,1.5,0.43925086879536274,0.3403286771032284,0.00047919124352619976,52.75,21.099999999999994,0.14015370630181762,3,11:wildfire:semiwild|13:funding_collapse|13:wildfire:alternative|27:heatwave:alternative|38:flood:origin|51:funding_collapse|57:heatwave:origin|75:heatwave:alternative|87:flood:semiwild,0.006751527092634581,0.0210465036065359,0.4770601249528406,0.05016917728704575,7.667059896419197e-05,0.0010943207880432806,6.569398138892756e-05,3c3f9d25fe68999a,managed_burden_heavy
S7,forward_rollout_proxy,False,970038,0.625,0.625,5,5,346,343,1,0.3333333333333333,1.0,17.0,102.05578048054842,0.3209106460731246,2.6666565922486685,0.06230919921899112,0.9376908007810089,127,0,0,11178.64931190824,11178.64931190824,2235.729862381648,1.5,0.5086198483669099,0.3922571100322739,0.0005337957943165695,63.25,25.30000000000002,0.16739279636548107,2,18:funding_collapse|21:heatwave:origin|59:flood:origin|65:funding_collapse|76:flood:reserve|81:wildfire:semiwild|82:wildfire:alternative|98:flood:reserve,0.006576531847314975,0.0257632144671639,0.42150101505188675,0.058229262478641935,8.54073270906511e-05,0.0012022085387486483,0.00010087930327993702,3c3f9d25fe68999a,managed_burden_heavy
S7,forward_rollout_proxy,False,970039,0.875,0.75,7,6,1034,1034,0,0.0,0.0,,170.81647561618084,0.4016795539853736,3.633242599029849,0.056162115988096985,0.943837884011903,33,0,0,11190.914689605477,11190.914689605477,1865.1524482675795,1.5,0.66170141392969,0.4792931163671862,0.00016328978938949613,74.5,29.800000000000022,0.1964527449195933,3,25:wildfire:semiwild|53:flood:alternative|75:funding_collapse,0.0069272117248200425,0.021897270895607147,0.527549490990126,0.03995026118365442,2.612636630231938e-05,0.000968051056423449,6.706754221672214e-05,3c3f9d25fe68999a,managed_burden_heavy
S7,forward_rollout_proxy,False,970040,0.5,0.5,4,4,780,780,1,0.3333333333333333,1.0,16.0,170.0338816993323,0.4525436091730899,4.523108765206159,0.004066417611948692,0.9959335823880513,22,0,0,11189.08773809629,11189.087738096292,2797.2719345240725,1.5,0.7033561504557988,0.3682688151593917,0.00012913408900195797,55.0,22.00000000000001,0.13851056230875108,2,4:funding_collapse|53:wildfire:alternative|86:heatwave:semiwild,0.007017740786907356,0.021602572370948033,0.388244091227322,0.03527589748663128,2.0661454240313275e-05,0.0010325091086696163,6.06113906517342e-05,3c3f9d25fe68999a,managed_burden_heavy
S7,forward_rollout_proxy,False,970041,0.5,0.125,4,1,1,1,0,0.0,0.0,,162.69506131771067,0.7555630192255985,1.0,0.16799595176009915,0.8320040482399008,61,0,0,11024.592984583958,11024.592984583958,11024.592984583958,1.5,0.4499487056629165,0.1353553232795245,0.0017059999359586811,44.0,17.60000000000001,0.12055226356616418,3,10:wildfire:reserve|11:heatwave:reserve|20:heatwave:alternative|29:funding_collapse|38:funding_collapse|48:funding_collapse|99:wildfire:alternative,0.0072765055607621155,0.03454776634741899,0.0013663674209436249,0.002320200055563043,0.00027295998975338903,0.0009496415525337102,0.00044116069879089,3c3f9d25fe68999a,managed_burden_heavy
S7,forward_rollout_proxy,False,970042,0.5,0.375,4,3,317,299,2,0.6666666666666666,1.0,15.0,66.45307088819716,0.2877745360648915,2.4997038213185436,0.0007844431312413234,0.9992155568687586,106,0,0,11179.830465302975,11179.830465302975,3726.610155100992,1.5,0.5023499435879695,0.2700599709906244,0.00018704259888266173,69.25,27.700000000000017,0.13038969209321005,1,5:heatwave:origin|9:flood:origin|19:funding_collapse|21:wildfire:alternative|50:wildfire:reserve|52:flood:alternative|72:funding_collapse|89:funding_collapse,0.006117375402207462,0.030249149005095694,0.33796934542891877,0.07741186063145762,2.992681582122588e-05,0.0012066919973997676,0.00014529045363378772,3c3f9d25fe68999a,managed_burden_heavy
S7,forward_rollout_proxy,False,970043,0.625,0.5,5,4,460,430,0,0.0,0.0,,205.33077419518696,0.5930351573503073,2.7803406809998776,0.0007777405434049493,0.999222259456595,183,0,0,11149.406746937457,11149.406746937457,2787.351686734364,1.5,0.6070160517551325,0.34239452369661516,0.0003901287353752142,99.25,39.700000000000045,0.14444755855551555,3,37:funding_collapse|51:flood:alternative|59:wildfire:reserve|64:wildfire:semiwild|75:heatwave:semiwild|81:funding_collapse,0.007043485546413359,0.0323192543578255,0.11235290767496359,0.032183742258356976,6.242059766003428e-05,0.0011063202496452529,0.00014592357557604232,3c3f9d25fe68999a,managed_burden_heavy
S7,forward_rollout_proxy,False,970044,0.625,0.625,5,5,1104,1101,0,0.0,0.0,,252.9981073271812,0.4903129517535399,3.086853434931181,0.03216290455110574,0.9678370954488943,107,0,0,11190.513431223442,11190.513431223444,2238.1026862446884,1.5,0.6192629810339272,0.4081944767400211,0.00017396677049285748,71.75,28.700000000000028,0.17074822143658258,3,1:funding_collapse|37:wildfire:semiwild|46:flood:origin|58:heatwave:origin|78:flood:reserve,0.007206775945209424,0.024589097134589046,0.33337319422360295,0.02693009819645141,2.783468327885719e-05,0.0010174843144453182,6.872579420449647e-05,3c3f9d25fe68999a,managed_burden_heavy
S7,forward_rollout_proxy,False,970045,0.5,0.5,4,4,1154,1154,2,0.6666666666666666,1.0,19.5,251.5546252745962,0.5315170764148983,4.181917447765129,0.00539416840022232,0.9946058315997777,46,0,0,11184.04762611196,11184.047626111958,2796.01190652799,1.5,0.7395316668150179,0.3678771572759591,0.0005412097903179002,60.0,24.00000000000001,0.13552408058402993,1,82:funding_collapse,0.0072938460898670406,0.022129735086775723,0.27734322747705875,0.029254303326326826,8.659356645086403e-05,0.000948110027427319,6.857889953405729e-05,3c3f9d25fe68999a,managed_burden_heavy
S7,forward_rollout_proxy,False,970046,0.625,0.5,5,4,601,594,2,0.6666666666666666,1.0,28.0,164.98809065576899,0.47430644879658573,3.7834078749496487,0.0015627875253856815,0.9984372124746144,39,0,0,11127.859631213421,11127.859631213421,2781.9649078033553,1.5,0.5582036474184257,0.3478754344249192,0.00039426752774600316,66.25,26.500000000000018,0.14610495466790088,1,14:funding_collapse|19:heatwave:semiwild|53:heatwave:alternative|64:funding_collapse|68:funding_collapse|96:heatwave:reserve|97:flood:alternative,0.007018219009675881,0.02337604586048057,0.31863588058538833,0.014000945225197174,6.308280443936052e-05,0.0006239464971894037,8.40456958180877e-05,3c3f9d25fe68999a,managed_burden_heavy
S7,forward_rollout_proxy,False,970047,0.5,0.5,4,4,989,989,0,0.0,0.0,,199.75052642846566,0.46953785576417056,3.775832137586311,0.0017283130641171283,0.9982716869358829,39,0,0,11217.414117819037,11217.414117819037,2804.353529454759,1.5,0.7402323631408665,0.3653215085385648,0.0004513577622210563,58.25,23.300000000000015,0.14269975424307518,3,65:wildfire:semiwild,0.0071318910250089615,0.0213537972399479,0.3285055960603944,0.0453483563836618,7.221724195536899e-05,0.0009820729513500583,6.414968099730247e-05,3c3f9d25fe68999a,managed_burden_heavy
S2,rule,False,970000,0.375,0.125,3,1,14,0,1,0.3333333333333333,1.0,26.0,60.81148933162944,0.5095106654693009,1.9600000000000004,0.025585062214065517,0.9744149377859345,0,0,0,11348.320943010336,11348.320943010338,11348.320943010336,1.5,0.2082732239719709,0.10744237176627541,0.00038026204681469424,46.75,18.700000000000006,0.05382524684539161,2,1:wildfire:alternative|41:wildfire:alternative|73:heatwave:semiwild|91:wildfire:semiwild,0.004899087541869998,0.060942593901202144,0.031603251304007776,0.012315042800539373,4.56314456177633e-05,0.0008942517457046234,0.00013281376812603228,ed2419ea1f880584,equal_component_weights
S2,rule,False,970001,0.375,0.125,3,1,61,0,2,0.6666666666666666,1.0,24.5,78.45617730241798,0.5196486427212074,2.4658714380384366,0.0,1.0,0,0,0,11343.522535583606,11343.522535583606,11343.522535583606,1.5,0.3568644830082695,0.12694344778069092,0.0003146860555691741,59.25,23.70000000000001,0.051741425497397964,1,,0.00596088558218456,0.06079401093953979,0.036506517796196264,0.01227102472906623,3.776232666830089e-05,0.0009977004363913502,0.00014354384432556667,ed2419ea1f880584,equal_component_weights
S2,rule,False,970002,0.375,0.125,3,1,7,0,2,0.6666666666666666,1.0,19.0,79.56019334979561,0.5288319251086236,1.0,0.03765402632309072,0.9623459736769093,0,0,0,11282.572491597759,11282.572491597759,11282.572491597759,1.5,0.35627936258600545,0.11219785968713458,0.00018804801438595755,56.25,22.5,0.051599617142670175,1,53:funding_collapse|98:funding_collapse,0.005796675380449507,0.06237025053821398,0.026468083307884912,0.009987069667107806,2.2565761726314903e-05,0.0007563092874730183,0.00011875341002827387,ed2419ea1f880584,equal_component_weights
S2,rule,False,970003,0.25,0.0,2,0,0,0,3,1.0,1.0,34.666666666666664,78.46941838689321,0.5236167131075435,0.0,,,0,0,0,11220.5695973673,11220.5695973673,11220.5695973673,1.5,0.26752493463255256,0.0336380600244576,0.00013081451631580165,49.25,19.700000000000006,0.03442783280601172,0,24:wildfire:alternative|54:heatwave:semiwild|58:funding_collapse|73:funding_collapse|83:funding_collapse,0.007037091486813891,0.056525422367000484,0.017220105255844692,0.010704900091874399,1.56977419578962e-05,0.0008239759277935116,0.00011589002620813175,ed2419ea1f880584,equal_component_weights
S2,rule,False,970004,0.125,0.125,1,1,7,0,3,1.0,1.0,26.666666666666668,49.12126647750297,0.49449807422509856,1.0,0.054681377388059386,0.9453186226119407,0,0,0,11411.718543052953,11411.718543052953,11411.718543052953,1.5,0.35751916467997535,0.10922638793298145,0.0005001401419778875,36.0,14.399999999999999,0.03612235732491952,0,11:flood:origin|34:flood:origin,0.003832228622454407,0.0624080898896258,0.028821000805168542,0.014559301282193621,6.001681703734649e-05,0.0008249332633069817,8.551912654407468e-05,ed2419ea1f880584,equal_component_weights
S2,rule,False,970005,0.125,0.125,1,1,1,0,3,1.0,1.0,29.666666666666668,83.68416940767764,0.5430969716342373,1.0,0.092496,0.907504,0,0,0,11279.958377987577,11279.958377987577,11279.958377987577,1.5,0.23792382796234846,0.09741549112147821,0.0003806048385721865,48.0,19.20000000000001,0.036865541626216844,0,44:wildfire:reserve|73:funding_collapse|85:wildfire:reserve,0.0062357601260481675,0.05960289303165868,0.019303455613403096,0.011942750314243855,4.567258062866238e-05,0.000774776142030767,0.00011961354551620089,ed2419ea1f880584,equal_component_weights
S2,rule,False,970006,0.125,0.125,1,1,33,0,3,1.0,1.0,13.666666666666666,27.501982850327575,0.44745413898768005,1.9836065573770496,0.0012487554696790353,0.9987512445303209,0,0,0,11528.966781828069,11528.966781828069,11528.966781828069,1.5,0.23895306269822258,0.10614260109097406,0.00034140982069612096,20.25,8.1,0.030806146236906518,0,2:wildfire:origin|17:flood:reserve|98:flood:semiwild,0.0015626572236889992,0.06553746442280929,0.039255418802363044,0.016280947739877687,4.096917848353451e-05,0.0008269350237415561,8.697105601297253e-05,ed2419ea1f880584,equal_component_weights
S2,rule,False,970007,0.25,0.25,2,2,72,0,0,0.0,0.0,,81.17802908417984,0.49985053261010326,2.050174023915366,0.0,1.0,0,0,0,11248.49218704205,11248.492187042051,5624.246093521025,1.5,0.35595219166227077,0.1794219487396779,0.00015513044905103102,47.75,19.100000000000005,0.05412494667148572,3,2:heatwave:semiwild|24:funding_collapse|35:flood:origin|67:funding_collapse|87:flood:origin|89:funding_collapse,0.005274964414566435,0.06128040959952551,0.04814467198804128,0.01125319535701669,1.861565388612372e-05,0.000831024047145823,0.00010951722392973236,ed2419ea1f880584,equal_component_weights
S2,rule,False,970008,0.25,0.125,2,1,35,0,2,0.6666666666666666,1.0,19.0,68.54208780222098,0.5040637152975189,2.765237020316027,0.001019030094963471,0.9989809699050365,0,0,0,11340.701281945101,11340.701281945103,11340.701281945101,1.5,0.3017108926258374,0.12355229891325459,0.0003148156856744438,45.75,18.3,0.04739419723755285,1,1:wildfire:alternative|24:heatwave:origin|29:heatwave:origin|83:wildfire:origin,0.004644728677363007,0.061984636778406904,0.031934499121587676,0.012873849065303422,3.777788228093325e-05,0.0009389558921810284,0.00011250151038471827,ed2419ea1f880584,equal_component_weights
S2,rule,False,970009,0.375,0.125,3,1,30,0,3,1.0,1.0,30.666666666666668,93.00652856693978,0.5274842969557064,3.5999999999999996,0.0,1.0,0,0,0,11269.924761529073,11269.924761529073,11269.924761529073,1.5,0.11990481996274997,0.11367147524355159,0.00011438163866922466,57.25,22.9,0.047154966236382906,0,12:heatwave:alternative|17:heatwave:reserve|65:funding_collapse|67:heatwave:reserve,0.006271455869035756,0.06035703749336386,0.03414889772452792,0.011430476941070224,1.372579664030696e-05,0.0008358755581828718,0.00011095084044551638,ed2419ea1f880584,equal_component_weights
S2,rule,False,970010,0.375,0.125,3,1,42,0,2,0.6666666666666666,1.0,17.5,88.4760381368145,0.5239225632416119,2.9696969696969697,0.0,1.0,0,0,0,11257.30535547946,11257.30535547946,11257.30535547946,1.5,0.23783019546931503,0.11868192001360892,0.00025303122807844125,45.0,18.00000000000001,0.04475965384853856,1,7:flood:reserve|18:funding_collapse|49:funding_collapse|66:wildfire:origin|71:wildfire:reserve|93:wildfire:origin,0.006339972290165941,0.060531282552204926,0.037777908264943025,0.012124183883689119,3.0363747369412943e-05,0.0008221196624363049,9.295081235867529e-05,ed2419ea1f880584,equal_component_weights
S2,rule,False,970011,0.375,0.25,3,2,38,0,2,0.6666666666666666,1.0,24.5,91.94764622613542,0.5025307838406597,2.4877675840978597,0.0,1.0,0,0,0,11261.895177137532,11261.895177137532,5630.947588568766,1.5,0.2731941620118395,0.17711483024624747,0.00024327704894318812,66.75,26.700000000000003,0.06208869102042469,1,15:heatwave:semiwild|39:flood:alternative|44:funding_collapse|97:funding_collapse,0.0057573190345102535,0.06165529476528109,0.049654027967098925,0.011699696042198306,2.919324587318257e-05,0.0009173713632656732,0.00014140805261814518,ed2419ea1f880584,equal_component_weights
S2,rule,False,970012,0.375,0.25,3,2,35,0,2,0.6666666666666666,1.0,29.5,98.25283385108906,0.5244818166529424,1.4863481228668942,0.0003257089744250357,0.9996742910255749,0,0,0,11284.519421229012,11284.519421229012,5642.259710614506,1.5,0.19163243950271894,0.15839389944310642,0.0006868570341481377,65.0,26.000000000000004,0.05933587132082796,1,33:funding_collapse|40:heatwave:alternative|59:heatwave:alternative,0.006608341137474701,0.06147739552849,0.042134478793140036,0.010452411137651345,8.242284409777652e-05,0.0008646704902728663,0.00014465850268503862,ed2419ea1f880584,equal_component_weights
S2,rule,False,970013,0.375,0.125,3,1,1,0,2,0.6666666666666666,1.0,23.5,74.41378113213437,0.528661662984125,1.0,0.0,1.0,0,0,0,11294.605499110297,11294.605499110297,11294.605499110297,1.5,0.35639487945812576,0.11141113662052057,0.0003920387338795829,45.5,18.200000000000003,0.04760824337353996,1,8:funding_collapse|9:heatwave:semiwild|36:funding_collapse,0.005311747258721669,0.06061212293727598,0.02477772009813251,0.01138822111107184,4.704464806554996e-05,0.000837438441547037,0.0001010880659990753,ed2419ea1f880584,equal_component_weights
S2,rule,False,970014,0.125,0.125,1,1,48,0,2,0.6666666666666666,1.0,17.0,70.7007792129753,0.5142625431804793,2.0,0.002469412808402047,0.9975305871915979,0,0,0,11273.783570481526,11273.783570481526,11273.783570481526,1.5,0.2701385848340377,0.11202579317509598,0.00013352585571089196,46.5,18.6,0.043809673458461,1,8:wildfire:semiwild|28:flood:origin|30:flood:alternative|45:funding_collapse|54:funding_collapse|66:wildfire:semiwild|89:heatwave:origin,0.004850303180297988,0.060402745494169095,0.026364824050003288,0.013000195378308804,1.6023102685307034e-05,0.0009464349581387161,0.00010828920251792916,ed2419ea1f880584,equal_component_weights
S2,rule,False,970015,0.375,0.25,3,2,70,0,2,0.6666666666666666,1.0,21.5,88.22482009822161,0.5089485049641096,2.470737913486005,0.013320325657023228,0.9866796743429768,0,0,0,11277.76866368695,11277.76866368695,5638.884331843475,1.5,0.2635014001091578,0.17526701953142487,0.0002997523003807489,59.75,23.900000000000002,0.05854750192824519,1,9:funding_collapse|46:funding_collapse|80:flood:reserve,0.0058567872087181005,0.06062424988746845,0.04555512458768485,0.012049092960655226,3.5970276045689856e-05,0.0008998180703745359,0.0001298182201526119,ed2419ea1f880584,equal_component_weights
S2,rule,False,970016,0.375,0.0,3,0,0,0,1,0.3333333333333333,1.0,9.0,83.94336361128862,0.43241902846264624,0.0,,,0,0,0,11300.838554271248,11300.838554271248,11300.838554271248,1.5,0.2380101326909877,0.0311943056561909,0.0003967753760331719,54.75,21.900000000000006,0.036966461935460646,2,52:heatwave:reserve|69:flood:origin|82:heatwave:reserve|95:heatwave:reserve,0.00727311463684447,0.043093158248412304,0.011464551466819456,0.006373268295354919,4.7613045123980635e-05,0.0007838447579576484,0.00012128988546411453,ed2419ea1f880584,equal_component_weights
S2,rule,False,970017,0.375,0.125,3,1,15,0,2,0.6666666666666666,1.0,18.0,96.38171068535408,0.5088489421080908,2.528089887640449,0.0,1.0,0,0,0,11324.175166597108,11324.175166597108,11324.175166597108,1.5,0.23242000380994565,0.11597911927922751,0.0006917303276602739,66.75,26.700000000000006,0.05603110010914221,1,18:wildfire:semiwild|64:wildfire:alternative,0.0059129001980159366,0.060974022495684635,0.04565768583430601,0.011616487341969146,8.300763931923286e-05,0.0009432947768737215,0.00014168923978345017,ed2419ea1f880584,equal_component_weights
S2,rule,False,970018,0.125,0.125,1,1,34,0,3,1.0,1.0,26.0,73.44182400597184,0.4966593661943466,1.993103448275862,0.0,1.0,0,0,0,11336.701932686374,11336.701932686374,11336.701932686374,1.5,0.3567990052204561,0.1192794440131407,0.00018114130863742799,43.0,17.200000000000006,0.03709254504168234,0,17:funding_collapse|18:heatwave:origin,0.004303886157432223,0.06227281212679015,0.03240558042444076,0.014691391488919143,2.1736957036491353e-05,0.0009534222111937424,8.645640592336251e-05,ed2419ea1f880584,equal_component_weights
S2,rule,False,970019,0.125,0.0,1,0,0,0,3,1.0,1.0,24.0,50.2641343475257,0.32368159939230956,0.0,,,0,0,0,11319.868118852984,11319.868118852984,11319.868118852984,1.5,0.2791202614408988,0.033206873244853136,0.0003402148866548427,34.0,13.6,0.026474235503816286,0,11:wildfire:origin|43:heatwave:alternative|58:funding_collapse|90:funding_collapse,0.003928146342120621,0.04027527872353622,0.009175236102852764,0.0030515801752780793,4.082578639858112e-05,0.0004203561164092441,7.377974539302776e-05,ed2419ea1f880584,equal_component_weights
S2,rule,False,970020,0.375,0.125,3,1,26,0,2,0.6666666666666666,1.0,25.0,64.35855750482536,0.5131867498408156,1.0,0.13445411378584612,0.8655458862141538,0,0,0,11319.792858868706,11319.792858868706,11319.792858868706,1.5,0.23808847714999062,0.09933712261375201,0.001495433552749514,51.5,20.6,0.04639137449376468,1,12:heatwave:reserve|56:wildfire:reserve|74:funding_collapse|91:wildfire:reserve,0.005060459434310832,0.05987492565134085,0.0315294860998181,0.012219382577159932,0.00017945202632994165,0.0008251911454825099,0.00014445231466856396,ed2419ea1f880584,equal_component_weights
S2,rule,False,970021,0.375,0.125,3,1,30,0,2,0.6666666666666666,1.0,21.5,91.45413383924631,0.5110324621649502,2.7607361963190185,0.0,1.0,0,0,0,11354.613413859868,11354.613413859868,11354.613413859868,1.5,0.11827709962349948,0.10723067875086595,0.00018839608345961066,68.25,27.300000000000004,0.05772803412662907,1,39:wildfire:origin|41:wildfire:reserve|58:heatwave:semiwild|70:heatwave:alternative|82:wildfire:alternative,0.005908263776194173,0.06103922073387703,0.04489926356880849,0.011324678868217676,2.2607530015153283e-05,0.0008250239659776324,0.00013701185549051413,ed2419ea1f880584,equal_component_weights
S2,rule,False,970022,0.25,0.125,2,1,10,0,3,1.0,1.0,25.0,59.59920742899316,0.5185853329065776,2.0,0.0005381580655916358,0.9994618419344083,0,0,0,11274.213301437809,11274.213301437809,11274.213301437809,1.5,0.1670703202781987,0.10104062104353667,0.00027421805183751487,41.0,16.400000000000006,0.040417945078584,0,34:funding_collapse|49:funding_collapse|64:heatwave:semiwild|89:flood:semiwild|94:wildfire:reserve|97:wildfire:alternative,0.005236735547592111,0.060004791774737345,0.027728096881232872,0.012494487473233912,3.2906166220501786e-05,0.0008545205501125516,0.00013485629825999817,ed2419ea1f880584,equal_component_weights
S2,rule,False,970023,0.25,0.125,2,1,44,0,1,0.3333333333333333,1.0,24.0,79.9043798203798,0.5147258151598789,2.072805139186295,0.0,1.0,0,0,0,11324.051487124561,11324.051487124561,11324.051487124561,1.5,0.29458667089305873,0.11605379047266491,0.0002480631528053674,60.75,24.30000000000001,0.04808535995748041,2,79:funding_collapse|79:flood:alternative|95:flood:origin|99:wildfire:origin|100:flood:semiwild,0.005445329905165222,0.06056560114556246,0.03396728384658198,0.013878958986747023,2.9767578336644093e-05,0.001051793975062668,0.0001504718329999388,ed2419ea1f880584,equal_component_weights
S2,rule,False,970024,0.125,0.125,1,1,39,0,2,0.6666666666666666,1.0,41.5,78.14484341034986,0.5272819973469912,2.51404958677686,0.0,1.0,0,0,0,11293.44917776298,11293.449177762981,11293.44917776298,1.5,0.07041250828307281,0.09528695588289482,0.00023695663726706483,49.5,19.800000000000004,0.03427604593409465,1,3:heatwave:alternative|8:wildfire:reserve|41:wildfire:origin|43:funding_collapse|51:wildfire:origin|62:heatwave:semiwild|81:heatwave:reserve|96:heatwave:alternative,0.005962050081381337,0.05988231696220701,0.03032504116775408,0.012546761939089357,2.8434796472047775e-05,0.0008566662577598627,0.00010742995211539026,ed2419ea1f880584,equal_component_weights
S2,rule,False,970025,0.25,0.125,2,1,36,0,2,0.6666666666666666,1.0,26.5,58.11076343943133,0.5064345486722431,3.4285714285714284,0.0,1.0,0,0,0,11316.228810803024,11316.228810803026,11316.228810803024,1.5,0.25574221862448265,0.12422060369027357,0.00040692990771008894,40.25,16.100000000000005,0.040553337710555096,1,18:heatwave:origin|25:heatwave:alternative|50:funding_collapse|52:heatwave:origin|55:heatwave:origin,0.004614572605526794,0.06117480848452495,0.02927869834771436,0.013816568791931052,4.8831588925210675e-05,0.0010435195706584026,0.00011965269960268421,ed2419ea1f880584,equal_component_weights
S2,rule,False,970026,0.125,0.125,1,1,63,0,1,0.3333333333333333,1.0,50.0,68.3453657032976,0.5228212062115369,1.9994962216624685,0.013902318862365667,0.9860976811376343,0,0,0,11315.818744548038,11315.81874454804,11315.818744548038,1.5,0.23807205081079852,0.10809554248046699,0.0001622222222222222,48.5,19.400000000000016,0.040216875913812254,2,26:funding_collapse|60:flood:semiwild|84:wildfire:reserve,0.00571016847973382,0.05998530720137689,0.029482303914085045,0.012975044621064144,1.9466666666666664e-05,0.0010908985211612364,0.00012876179186621466,ed2419ea1f880584,equal_component_weights
S2,rule,False,970027,0.125,0.0,1,0,0,0,3,1.0,1.0,18.0,26.149336310526824,0.43298109130922624,0.0,,,0,0,0,11437.046345892906,11437.046345892908,11437.046345892906,1.5,0.16640148827038895,0.022109367871989992,0.00011204481792717087,26.25,10.499999999999996,0.02734609522475547,0,3:heatwave:origin|13:funding_collapse|68:heatwave:origin|74:wildfire:origin|78:flood:alternative|92:wildfire:reserve|94:funding_collapse,0.001992529580612691,0.05870814424864313,0.022196671250749513,0.015161788115390477,1.3445378151260504e-05,0.0008400034088699854,8.367384720640927e-05,ed2419ea1f880584,equal_component_weights
S2,rule,False,970028,0.25,0.125,2,1,29,0,3,1.0,1.0,22.333333333333332,67.98692279800728,0.5132408443222454,2.369014084507042,0.0,1.0,0,0,0,11338.56033615958,11338.560336159582,11338.56033615958,1.5,0.10703918352055068,0.09998899929325016,0.00029550683428932985,49.5,19.800000000000004,0.046724700480623285,0,14:heatwave:alternative|22:flood:reserve|24:heatwave:semiwild|35:wildfire:semiwild|74:flood:alternative,0.005052620136991941,0.061090921152235154,0.031691035641998225,0.011160049996142786,3.546082011471959e-05,0.0007707392610163498,0.00013520139492813983,ed2419ea1f880584,equal_component_weights
S2,rule,False,970029,0.25,0.125,2,1,14,0,2,0.6666666666666666,1.0,26.0,75.0995190041163,0.5282238630820685,1.8490566037735847,0.0,1.0,0,0,0,11351.828929980586,11351.828929980586,11351.828929980586,1.5,0.23197184037859384,0.10624518978305075,0.0003357111955884727,54.75,21.90000000000001,0.041537198537277636,1,52:heatwave:alternative|88:wildfire:semiwild,0.005959448682254176,0.06013383045966651,0.027275835384073875,0.0130818466291515,4.028534347061673e-05,0.0010069468744821949,0.00011578228044574751,ed2419ea1f880584,equal_component_weights
S2,rule,False,970030,0.125,0.125,1,1,41,0,1,0.3333333333333333,1.0,21.0,76.86099196553113,0.5040240298620254,2.797004991680532,0.0,1.0,0,0,0,11271.89803875735,11271.89803875735,11271.89803875735,1.5,0.13232287046288585,0.10554834434640142,0.0003259863806915862,48.75,19.500000000000007,0.04048003691653754,2,36:wildfire:origin|41:flood:origin|51:funding_collapse|56:flood:reserve|72:funding_collapse|77:heatwave:alternative|80:heatwave:reserve,0.005181336012904108,0.0595975710620859,0.04063278257199458,0.013341767919947504,3.9118365682990345e-05,0.0008768512167080489,0.00011650048157299617,ed2419ea1f880584,equal_component_weights
S2,rule,False,970031,0.375,0.125,3,1,38,0,2,0.6666666666666666,1.0,19.0,89.07578084212538,0.5233656874371772,3.6464646464646466,0.0,1.0,0,0,0,11348.287081293463,11348.287081293463,11348.287081293463,1.5,0.2496526473150953,0.12654795015595258,5e-05,61.25,24.499999999999996,0.04434019479898289,1,54:heatwave:origin|57:heatwave:origin|77:wildfire:reserve|95:wildfire:semiwild,0.006221898825315658,0.060561078205603865,0.03814307339769731,0.01151945915719429,5.999999999999999e-06,0.0008549490090113074,0.00013160008414357725,ed2419ea1f880584,equal_component_weights
S2,rule,False,970032,0.25,0.125,2,1,45,0,2,0.6666666666666666,1.0,45.0,80.64269012679694,0.5336484680979886,3.1591263650546026,0.0,1.0,0,0,0,11288.653708824819,11288.653708824819,11288.653708824819,1.5,0.07689688838813868,0.10275116069543007,0.000199270351701656,57.75,23.1,0.036101041030350826,1,25:funding_collapse|25:heatwave:reserve|27:heatwave:reserve|51:funding_collapse|66:flood:alternative|69:wildfire:semiwild|73:heatwave:reserve|80:flood:alternative|96:flood:origin,0.006369556599546449,0.060717817472044626,0.029517112195776272,0.012126671080332427,2.391244220419872e-05,0.0009531884584342512,0.00013554429261587286,ed2419ea1f880584,equal_component_weights
S2,rule,False,970033,0.375,0.125,3,1,44,0,2,0.6666666666666666,1.0,20.0,77.1512042488764,0.5475985693071088,2.4631043256997454,3.715526409832501e-05,0.9999628447359017,0,0,0,11334.17820431617,11334.178204316171,11334.17820431617,1.5,0.28341090089723797,0.11763758142368559,0.00013252852993809956,51.5,20.60000000000001,0.0420772403848217,1,100:heatwave:reserve,0.007086190706952785,0.06069061377171402,0.025440775892469323,0.01156380923626062,1.5903423592571948e-05,0.0009373187363939507,0.00012381070757516228,ed2419ea1f880584,equal_component_weights
S2,rule,False,970034,0.25,0.125,2,1,37,0,2,0.6666666666666666,1.0,18.5,72.44688474576839,0.5098562460657362,1.9869375907111757,0.0,1.0,0,0,0,11328.47256162365,11328.47256162365,11328.47256162365,1.5,0.28156787725244414,0.1137351061677016,0.00038712004107230725,51.25,20.499999999999996,0.047294712676727094,1,20:funding_collapse|96:heatwave:alternative|98:wildfire:origin,0.005236682703597317,0.060448127273128184,0.03627397975745256,0.012742094398515114,4.6454404928676865e-05,0.0009854531974154992,0.00014043702966599626,ed2419ea1f880584,equal_component_weights
S2,rule,False,970035,0.375,0.125,3,1,20,0,1,0.3333333333333333,1.0,14.0,54.48968153422079,0.47812418507690024,2.8985507246376807,0.0,1.0,0,0,0,11313.118717982785,11313.118717982787,11313.118717982785,1.5,0.0634820945312536,0.10166714056629234,0.00021378121598407732,42.5,17.000000000000007,0.050417119333950794,2,3:heatwave:alternative|11:wildfire:origin|21:funding_collapse|55:funding_collapse|60:wildfire:reserve|71:funding_collapse|74:wildfire:reserve|91:flood:alternative,0.003262620390150764,0.06299586582800608,0.038224001289086644,0.013737010626344703,2.5653745918089282e-05,0.0007829932230540618,0.00010805028034398678,ed2419ea1f880584,equal_component_weights
S2,rule,False,970036,0.375,0.125,3,1,36,0,2,0.6666666666666666,1.0,25.0,88.67601275626055,0.5277430483097476,1.975609756097561,0.0,1.0,0,0,0,11289.236695723519,11289.236695723519,11289.236695723519,1.5,0.23796217834232378,0.10942086359635289,0.0001538210955282242,64.0,25.599999999999998,0.04809274100572457,1,21:funding_collapse|30:wildfire:reserve|31:wildfire:reserve|63:flood:reserve|66:wildfire:reserve|79:flood:origin,0.006266273788288101,0.060244406131689174,0.031573814767250546,0.012228982138903333,1.8458531463386905e-05,0.000976692327766098,0.00016236938730374877,ed2419ea1f880584,equal_component_weights
S2,rule,False,970037,0.25,0.25,2,2,37,0,3,1.0,1.0,29.333333333333332,74.42847633287568,0.5165440474244566,1.8550295857988166,0.06576560304045896,0.934234396959541,0,0,0,11285.875383939987,11285.875383939987,5642.9376919699935,1.5,0.187756118765539,0.1596453835259882,0.0006983204830831943,55.75,22.3,0.0490973789572306,0,11:wildfire:semiwild|13:funding_collapse|13:wildfire:alternative|27:heatwave:alternative|38:flood:origin|51:funding_collapse|57:heatwave:origin|75:heatwave:alternative|87:flood:semiwild,0.005371005435785826,0.06131378106587138,0.033427283699873314,0.010753088526448542,8.379845796998332e-05,0.0007963823596949756,0.00013313608896155723,ed2419ea1f880584,equal_component_weights
S2,rule,False,970038,0.25,0.125,2,1,61,0,3,1.0,1.0,27.333333333333332,63.32588329074442,0.49280303467637887,2.932230102442868,0.0,1.0,0,0,0,11318.379940933042,11318.379940933042,11318.379940933042,1.5,0.1829337299829282,0.11201636007898205,0.0006281369869438688,43.0,17.200000000000006,0.04075343028130268,0,18:funding_collapse|21:heatwave:origin|59:flood:origin|65:funding_collapse|76:flood:reserve|81:wildfire:semiwild|82:wildfire:alternative|98:flood:reserve,0.004212409463398037,0.061899512704488374,0.03729820641465594,0.013086229596235297,7.537643843326427e-05,0.0009120357426438115,9.326959438231154e-05,ed2419ea1f880584,equal_component_weights
S2,rule,False,970039,0.5,0.125,4,1,28,0,3,1.0,1.0,27.333333333333332,78.24441649877312,0.5337182844990249,1.9898477157360408,0.0,1.0,0,0,0,11298.745173914687,11298.745173914689,11298.745173914687,1.5,0.24479111848052434,0.11008478422718374,0.00022089568276422692,64.75,25.900000000000002,0.04728597610885449,0,25:wildfire:semiwild|53:flood:alternative|75:funding_collapse,0.0060216198238497,0.06002929651553206,0.022904861009635073,0.012574920837701889,2.6507481931707224e-05,0.000986522277929333,0.0001356717095353104,ed2419ea1f880584,equal_component_weights
S2,rule,False,970040,0.375,0.125,3,1,24,0,2,0.6666666666666666,1.0,24.0,97.47144091118285,0.52148341262135,2.88,0.004736453843262046,0.995263546156738,0,0,0,11285.702629806181,11285.702629806181,11285.702629806181,1.5,0.28639204993800926,0.12417951420133926,0.00029275043951617984,58.0,23.20000000000001,0.052451546037691595,1,4:funding_collapse|53:wildfire:alternative|86:heatwave:semiwild,0.0061871646265156165,0.06045957931196792,0.039070157549818345,0.011797916567719327,3.5130052741941576e-05,0.0009479841014512257,0.00012217361267894092,ed2419ea1f880584,equal_component_weights
S2,rule,False,970041,0.375,0.125,3,1,51,0,1,0.3333333333333333,1.0,19.0,76.36089372115474,0.5044932656986948,2.236457437661221,0.0,1.0,0,0,0,11226.531544855883,11226.531544855883,11226.531544855883,1.5,0.07356613812513783,0.09668678625389518,0.0006237893807369201,53.0,21.2,0.053577990323846,2,10:wildfire:reserve|11:heatwave:reserve|20:heatwave:alternative|29:funding_collapse|38:funding_collapse|48:funding_collapse|99:wildfire:alternative,0.005321677854567188,0.060516696101488875,0.04482697756339084,0.011498144699581356,7.485472568843041e-05,0.000833945804333651,0.00011937693976580323,ed2419ea1f880584,equal_component_weights
S2,rule,False,970042,0.0,0.0,0,0,0,0,2,0.6666666666666666,1.0,14.5,22.83789256214021,0.24113546279477302,0.0,,,0,0,0,11398.793498048512,11398.793498048512,11398.793498048512,1.5,0.14222548162651008,0.018676671777384427,0.0001813321485711693,22.5,8.999999999999998,0.022270618073667085,1,5:heatwave:origin|9:flood:origin|19:funding_collapse|21:wildfire:alternative|50:wildfire:reserve|52:flood:alternative|72:funding_collapse|89:funding_collapse,0.0019206517892366949,0.03478430158218436,0.005628024089614628,0.006431692054219357,2.175985782854031e-05,0.0005373423332817928,6.554766801933088e-05,ed2419ea1f880584,equal_component_weights
S2,rule,False,970043,0.375,0.125,3,1,14,0,1,0.3333333333333333,1.0,11.0,84.36387507269534,0.5218545204954335,2.0,0.0,1.0,0,0,0,11269.17500508844,11269.17500508844,11269.17500508844,1.5,0.17812084008025533,0.10368747054160289,0.00021029412495536192,66.5,26.6,0.0481269326678868,2,37:funding_collapse|51:flood:alternative|59:wildfire:reserve|64:wildfire:semiwild|75:heatwave:semiwild|81:funding_collapse,0.0058371820644992035,0.05995943511053097,0.03445843321200075,0.011979628901783479,2.5235294994643433e-05,0.0008893381286894429,0.00013633127517125092,ed2419ea1f880584,equal_component_weights
S2,rule,False,970044,0.25,0.125,2,1,42,0,1,0.3333333333333333,1.0,22.0,72.60063596134734,0.5168613357088505,1.982022471910112,0.0,1.0,0,0,0,11324.634248228058,11324.634248228058,11324.634248228058,1.5,0.29163969025348896,0.11327416558099972,0.0004700522469998469,66.0,26.40000000000001,0.0401998591827485,2,1:funding_collapse|37:wildfire:semiwild|46:flood:origin|58:heatwave:origin|78:flood:reserve,0.005740822315664661,0.05934861202261966,0.03647916761337323,0.012739848324917867,5.6406269639981616e-05,0.0009239625560906713,0.0001683108512646833,ed2419ea1f880584,equal_component_weights
S2,rule,False,970045,0.25,0.125,2,1,22,0,3,1.0,1.0,31.333333333333332,85.55054619269147,0.5473510629735757,2.1228070175438596,0.0,1.0,0,0,0,11289.601849678513,11289.601849678513,11289.601849678513,1.5,0.3563468444235807,0.12045416135038012,0.0005007927657158101,47.25,18.900000000000013,0.036707033662917235,0,82:funding_collapse,0.00689474549217105,0.06014616320087605,0.022987424376191546,0.011471888438752749,6.009513188589723e-05,0.0008502942101232232,0.00010907235794900637,ed2419ea1f880584,equal_component_weights
S2,rule,False,970046,0.375,0.125,3,1,31,0,3,1.0,1.0,33.666666666666664,72.51185381664261,0.5402107710348317,1.9492900608519268,0.008951225806451612,0.9910487741935484,0,0,0,11250.70240240703,11250.70240240703,11250.70240240703,1.5,0.13918570989494294,0.09800426740088375,0.000564683229888092,49.25,19.700000000000003,0.041713979014350935,0,14:funding_collapse|19:heatwave:semiwild|53:heatwave:alternative|64:funding_collapse|68:funding_collapse|96:heatwave:reserve|97:flood:alternative,0.006461771157304102,0.06118723226811538,0.023858807070874767,0.011615406421018657,6.776198758657105e-05,0.0009178471025722796,0.00012312384522165365,ed2419ea1f880584,equal_component_weights
S2,rule,False,970047,0.375,0.375,3,3,48,0,1,0.3333333333333333,1.0,21.0,79.61077050440251,0.5056202174689605,1.623007623007623,0.08606907264652779,0.9139309273534723,0,0,0,11333.270528435309,11333.27052843531,3777.7568428117697,1.5,0.35676606373964576,0.23427712775650114,0.000614477473604386,61.25,24.5,0.06810222576230171,2,65:wildfire:semiwild,0.005580388888801327,0.061962260977453366,0.04636413841884274,0.009732713624820935,7.373729683252632e-05,0.0006849055475657641,0.00014792975143142404,ed2419ea1f880584,equal_component_weights
S7,forward_rollout_proxy,False,970000,0.625,0.625,5,5,807,807,0,0.0,0.0,,260.9081934656575,0.6091229240822824,3.547769035197196,0.05644104501976529,0.9435589549802347,22,0,0,11168.642465262647,11168.642465262648,2233.7284930525293,1.5,0.6238371192697532,0.41389292422587526,0.000419079953551603,54.5,21.8,0.1739076097346399,3,1:wildfire:alternative|41:wildfire:alternative|73:heatwave:semiwild|91:wildfire:semiwild,0.017054030305115864,0.03369520451909038,0.1435108924145033,0.015455173100167413,5.0289594426192356e-05,0.0011879329332768987,6.428654930759029e-05,ed2419ea1f880584,equal_component_weights
S7,forward_rollout_proxy,False,970001,0.75,0.75,6,6,1200,1200,0,0.0,0.0,,375.32266935217876,0.5745347807645874,3.9717931010079854,0.007715735231986892,0.9922842647680131,46,0,0,11238.764897285735,11238.764897285735,1873.1274828809558,1.5,0.7406807295096675,0.48924368295721365,0.0004163226029283771,67.75,27.100000000000023,0.18978839498083505,3,,0.016948620156242405,0.0316604093901657,0.17823939228897398,0.014460892774494945,4.995871235140526e-05,0.001321175920411824,5.5147764081267216e-05,ed2419ea1f880584,equal_component_weights
S7,forward_rollout_proxy,False,970002,0.625,0.5,5,4,1094,1094,0,0.0,0.0,,287.9567609811794,0.6360316668362799,3.40706818235648,0.0020946665932644543,0.9979053334067356,38,0,0,11150.326088881475,11150.326088881477,2787.5815222203687,1.5,0.7388235145331778,0.3625329771654385,0.0003470669860577751,61.25,24.50000000000001,0.14789971944277946,3,53:funding_collapse|98:funding_collapse,0.01738097297249,0.03355892235382837,0.11997741183605307,0.011587268726970747,4.1648038326933e-05,0.0010374323933105825,8.285056011561246e-05,ed2419ea1f880584,equal_component_weights
S7,forward_rollout_proxy,False,970003,0.5,0.5,4,4,778,778,1,0.3333333333333333,1.0,39.0,300.03266375526664,0.5831982423347455,4.556905343844044,0.00013097800492937182,0.9998690219950707,22,0,0,11106.211928010565,11106.211928010565,2776.5529820026413,1.5,0.6818752493509052,0.36507607969347855,0.00015771763574965594,58.75,23.500000000000018,0.13159750659973785,2,24:wildfire:alternative|54:heatwave:semiwild|58:funding_collapse|73:funding_collapse|83:funding_collapse,0.016740316707380933,0.031578525281088406,0.16764981278378588,0.01863587759017609,1.8926116289958713e-05,0.0012226195012530008,5.5199787306159196e-05,ed2419ea1f880584,equal_component_weights
S7,forward_rollout_proxy,False,970004,0.75,0.75,6,6,1090,1090,2,0.6666666666666666,1.0,23.0,209.64237813029715,0.432746511050112,3.4155747291359195,0.009285709780262141,0.9907142902197379,47,0,0,11245.596164774477,11245.596164774477,1874.266027462413,1.5,0.6699999999999999,0.475923650411436,0.0003998513563730956,47.75,19.10000000000001,0.18633951560038395,1,11:flood:origin|34:flood:origin,0.01565870098169339,0.030675727717409798,0.31203102724904325,0.021710182298969788,4.798216276477146e-05,0.0011428516922469896,8.410701597777889e-05,ed2419ea1f880584,equal_component_weights
S7,forward_rollout_proxy,False,970005,0.625,0.5,5,4,695,695,2,0.6666666666666666,1.0,20.5,331.2528455328563,0.7530808412855035,3.5066976679753705,0.0025730052880237344,0.9974269947119763,113,0,0,11192.862894685137,11192.862894685139,2798.215723671284,1.5,0.5183525892898182,0.3396172467329533,0.000563703985683215,81.25,32.500000000000036,0.13857505562108868,1,44:wildfire:reserve|73:funding_collapse|85:wildfire:reserve,0.01953138709121421,0.040184410959704174,0.0035486354923621195,0.0010092028641658709,6.764447828198581e-05,0.0011012825074403633,0.00011187166807989509,ed2419ea1f880584,equal_component_weights
S7,forward_rollout_proxy,False,970006,0.125,0.125,1,1,216,193,2,0.6666666666666666,1.0,14.0,88.39066090154083,0.7087189251937283,1.9621498864496594,0.08966318766323816,0.9103368123367619,142,0,0,11296.487971245713,11296.487971245713,11296.487971245713,1.5,0.5640488895587777,0.14282420595009782,0.0016435994050852344,57.5,23.0,0.05273909064861714,1,2:wildfire:origin|17:flood:reserve|98:flood:semiwild,0.015514109207988997,0.03928117786509069,0.005743434135061388,0.007034425169241438,0.0001972319286102281,0.0009067504611984492,0.0004380497555268049,ed2419ea1f880584,equal_component_weights
S7,forward_rollout_proxy,False,970007,0.75,0.75,6,6,963,963,0,0.0,0.0,,241.06741821515433,0.5065940428747564,3.576434162362679,0.0202124172345548,0.9797875827654452,49,0,0,11125.473203530002,11125.473203530004,1854.245533921667,1.5,0.6699999999999999,0.4785158962540718,0.000219807785730479,39.25,15.699999999999994,0.19125777315222497,3,2:heatwave:semiwild|24:funding_collapse|35:flood:origin|67:funding_collapse|87:flood:origin|89:funding_collapse,0.016207982726409324,0.031155433262389946,0.24200381831851595,0.019322042829334984,2.6376934287657476e-05,0.001287546671610058,5.795764112296805e-05,ed2419ea1f880584,equal_component_weights
S7,forward_rollout_proxy,False,970008,0.5,0.5,4,4,734,734,2,0.6666666666666666,1.0,28.0,238.20053131754634,0.5271179331076776,3.266986678101942,0.0005253238839296018,0.9994746761160704,39,0,0,11206.337776424962,11206.337776424962,2801.5844441062404,1.5,0.6488214351095145,0.35029642141345085,0.0002472533940566599,32.5,12.999999999999995,0.1387220556073998,1,1:wildfire:alternative|24:heatwave:origin|29:heatwave:origin|83:wildfire:origin,0.015712444989995862,0.031337304554914895,0.21497486778031832,0.024147757748479406,2.967040728679918e-05,0.0013088899901828204,5.798481208938512e-05,ed2419ea1f880584,equal_component_weights
S7,forward_rollout_proxy,False,970009,0.5,0.25,4,2,28,2,0,0.0,0.0,,175.7178846591425,0.7164617534749567,2.254545454545455,0.03209052177525134,0.9679094782247487,133,0,0,11108.257625200324,11108.257625200324,5554.128812600162,1.5,0.5076073401053631,0.21095205249229515,0.0001776162668346223,78.25,31.3,0.1257293196815214,3,12:heatwave:alternative|17:heatwave:reserve|65:funding_collapse|67:heatwave:reserve,0.014207984565988199,0.05202909298337696,0.004814798149003703,0.002743262427245386,2.1313952020154666e-05,0.000869911936108672,0.0004772753285137843,ed2419ea1f880584,equal_component_weights
S7,forward_rollout_proxy,False,970010,0.5,0.5,4,4,721,721,0,0.0,0.0,,313.12459501657725,0.7587403733098894,3.8810846664208785,0.0038158708735177883,0.9961841291264822,13,0,0,11093.84549871234,11093.84549871234,2773.461374678085,1.5,0.4941029714538429,0.34156668104183174,0.0003208103537050905,38.0,15.199999999999992,0.1417276861611932,3,7:flood:reserve|18:funding_collapse|49:funding_collapse|66:wildfire:origin|71:wildfire:reserve|93:wildfire:origin,0.02009707339742925,0.03823385545076477,9.982092249319642e-06,1.995817873157556e-05,3.849724244461086e-05,0.0009377781113239571,6.225833344932443e-05,ed2419ea1f880584,equal_component_weights
S7,forward_rollout_proxy,False,970011,0.75,0.625,6,5,925,925,1,0.3333333333333333,1.0,8.0,293.9934385128383,0.5764213087619648,4.161026108241375,0.0012071897926353087,0.9987928102073647,34,0,0,11144.902094616995,11144.902094616995,2228.980418923399,1.5,0.6886598918425989,0.4261872405051309,0.000280270656780274,61.25,24.500000000000014,0.17230495119228637,2,15:heatwave:semiwild|39:flood:alternative|44:funding_collapse|97:funding_collapse,0.01698932920537699,0.034090522493328106,0.17619894661712412,0.015252017641269251,3.3632478813632866e-05,0.0012440039610294518,6.040931543769839e-05,ed2419ea1f880584,equal_component_weights
S7,forward_rollout_proxy,False,970012,0.75,0.75,6,6,1075,1075,0,0.0,0.0,,296.4455267860953,0.546125261849315,4.068038067108186,0.0011867772783492824,0.9988132227216507,65,0,0,11199.971179041668,11199.97117904167,1866.6618631736112,1.5,0.5484146622788549,0.4724411248268547,0.00024377557535946954,70.0,28.00000000000003,0.19709638963943632,3,33:funding_collapse|40:heatwave:alternative|59:heatwave:alternative,0.016482989115662008,0.034371803974977785,0.2065960190196441,0.012561954247379875,2.9253069043136347e-05,0.0011185214100354075,6.272592559140852e-05,ed2419ea1f880584,equal_component_weights
S7,forward_rollout_proxy,False,970013,0.5,0.5,4,4,977,977,0,0.0,0.0,,305.5123111118886,0.6168162285053258,5.002498804014207,5.151401414756857e-05,0.9999484859858524,17,0,0,11155.986480901194,11155.986480901196,2788.9966202252986,1.5,0.738942382765592,0.37787007818689794,0.0002723300803474035,53.5,21.400000000000006,0.14475425935098324,3,8:funding_collapse|9:heatwave:semiwild|36:funding_collapse,0.01725846064395485,0.03281742972001014,0.13668794718413754,0.014813970473758063,3.2679609641688426e-05,0.0012499693288664973,5.634963486487939e-05,ed2419ea1f880584,equal_component_weights
S7,forward_rollout_proxy,False,970014,0.625,0.5,5,4,774,774,2,0.6666666666666666,1.0,22.0,247.27261263072472,0.5168757990353208,3.9641651430950855,0.0,1.0,11,0,0,11153.036472048469,11153.036472048469,2788.259118012117,1.5,0.6169276720936238,0.3572621618785303,0.00015158227848101265,26.25,10.499999999999993,0.15463871619108532,1,8:wildfire:semiwild|28:flood:origin|30:flood:alternative|45:funding_collapse|54:funding_collapse|66:wildfire:semiwild|89:heatwave:origin,0.015998973584763442,0.02910222598801373,0.22904795315970264,0.023508500145792314,1.8189873417721518e-05,0.0013650445519642143,5.905372975723267e-05,ed2419ea1f880584,equal_component_weights
S7,forward_rollout_proxy,False,970015,0.625,0.625,5,5,799,799,0,0.0,0.0,,303.87247270933216,0.6111897195187195,2.7326958671393333,0.027495339985085097,0.9725046600149149,115,0,0,11161.604886603074,11161.604886603074,2232.320977320615,1.5,0.6599435737610188,0.40835244283820776,0.00012050453343207977,78.5,31.400000000000027,0.16890563395356267,3,9:funding_collapse|46:funding_collapse|80:flood:reserve,0.01704796373756817,0.03766328619722515,0.13563132977856726,0.01557275439058289,1.4460544011849573e-05,0.001251273573222512,7.661739554453392e-05,ed2419ea1f880584,equal_component_weights
S7,forward_rollout_proxy,False,970016,0.625,0.375,5,3,515,515,1,0.3333333333333333,1.0,16.0,286.0051665348765,0.7514938753622628,4.148922567556403,0.0014487251566084498,0.9985512748433916,119,0,0,11228.273131143706,11228.273131143706,3742.757710381235,1.5,0.3641108333333334,0.2768023937725607,0.000490226053716004,68.5,27.400000000000016,0.15076042381831667,2,52:heatwave:reserve|69:flood:origin|82:heatwave:reserve|95:heatwave:reserve,0.019383485117622806,0.040541906635804724,0.0041711141429486825,0.0008802007224895138,5.8827126445920484e-05,0.0011261285918565027,0.00011708941082811324,ed2419ea1f880584,equal_component_weights
S7,forward_rollout_proxy,False,970017,0.625,0.5,5,4,778,778,0,0.0,0.0,,311.74291030681815,0.6087681667476849,4.794470949421561,0.00017980309777336167,0.9998201969022267,30,0,0,11222.151326344861,11222.151326344861,2805.5378315862154,1.5,0.6503070032152575,0.367613432472002,0.0005711030102826426,65.75,26.30000000000002,0.14819011328130322,3,18:wildfire:semiwild|64:wildfire:alternative,0.01691216506924563,0.033444070630504454,0.14413260062173064,0.015496297254000136,6.85323612339171e-05,0.0012114584219346891,6.136460463590106e-05,ed2419ea1f880584,equal_component_weights
S7,forward_rollout_proxy,False,970018,0.75,0.625,6,5,827,827,0,0.0,0.0,,228.5648675118486,0.5059565249504723,2.5190594584657777,0.06649392466039918,0.9335060753396008,9,0,0,11203.347167941562,11203.34716794156,2240.669433588312,1.5,0.6699999999999999,0.40839534948455725,0.0007868757001233299,26.75,10.7,0.17477377449949721,3,17:funding_collapse|18:heatwave:origin,0.015732558783328167,0.030564529208628257,0.24264959843542297,0.019013555662630553,9.44250840147996e-05,0.0011330540968668584,6.522746714830694e-05,ed2419ea1f880584,equal_component_weights
S7,forward_rollout_proxy,False,970019,0.75,0.75,6,6,1010,1010,1,0.3333333333333333,1.0,15.0,207.93590055944912,0.43769597113878,3.4995658855521277,0.0009205407224353946,0.9990794592775646,57,0,0,11175.341326426898,11175.3413264269,1862.5568877378164,1.5,0.6342541576053168,0.4734309570797321,0.0006990207264898202,48.0,19.200000000000003,0.1875494123183958,2,11:wildfire:origin|43:heatwave:alternative|58:funding_collapse|90:funding_collapse,0.01564705053096522,0.03220625211391671,0.30528114912314597,0.02214632138469186,8.388248717877845e-05,0.0012134573425654845,8.465678165616588e-05,ed2419ea1f880584,equal_component_weights
S7,forward_rollout_proxy,False,970020,0.5,0.5,4,4,734,734,1,0.3333333333333333,1.0,17.0,278.32764253213,0.7585377810981585,2.5544009563103973,0.06713891981274088,0.9328610801872591,25,0,0,11143.232934379159,11143.23293437916,2785.8082335947897,1.5,0.4360740582886289,0.3221883912724563,0.0003113656769277507,41.25,16.5,0.14018487940244706,2,12:heatwave:reserve|56:wildfire:reserve|74:funding_collapse|91:wildfire:reserve,0.01989337291719433,0.03915833756406953,3.311551947247427e-05,0.00015264518674914582,3.736388123133008e-05,0.0009845107837386728,0.0001092864409934949,ed2419ea1f880584,equal_component_weights
S7,forward_rollout_proxy,False,970021,0.625,0.25,5,2,176,147,0,0.0,0.0,,191.79773322260445,0.7358535374580196,2.6134955737801024,0.005781223465532593,0.9942187765344674,152,0,0,11218.365702475565,11218.365702475567,5609.182851237782,1.5,0.4804441703544184,0.21225857452292687,0.0006650399407541678,93.0,37.20000000000004,0.12789600874842008,3,39:wildfire:origin|41:wildfire:reserve|58:heatwave:semiwild|70:heatwave:alternative|82:wildfire:alternative,0.018894212613317682,0.048335273481572474,0.002044052408353087,0.0012122194617234354,7.980479289050013e-05,0.0008666474337392041,0.00025179519206234733,ed2419ea1f880584,equal_component_weights
S7,forward_rollout_proxy,False,970022,0.5,0.375,4,3,672,672,2,0.6666666666666666,1.0,20.5,299.896225794609,0.6729272108236853,4.202854923298543,0.022593630747487048,0.977406369252513,51,0,0,11149.02049042413,11149.02049042413,3716.3401634747097,1.5,0.5662018028833024,0.2906013299419522,0.00040061003160923376,61.0,24.400000000000013,0.11601300210318274,1,34:funding_collapse|49:funding_collapse|64:heatwave:semiwild|89:flood:semiwild|94:wildfire:reserve|97:wildfire:alternative,0.017446970578996707,0.03511448615180492,0.08870662439486177,0.004299303324422497,4.807320379310805e-05,0.0006883616064792393,7.228781912261318e-05,ed2419ea1f880584,equal_component_weights
S7,forward_rollout_proxy,False,970023,0.75,0.75,6,6,1066,1066,0,0.0,0.0,,289.9627913309366,0.5859822555235809,3.07478343846949,0.05224153719020566,0.9477584628097944,85,0,0,11210.1961834525,11210.196183452501,1868.3660305754165,1.5,0.6419268242674279,0.47205763770602566,0.00016004167585676924,70.5,28.20000000000002,0.1980856044729396,3,79:funding_collapse|79:flood:alternative|95:flood:origin|99:wildfire:origin|100:flood:semiwild,0.016664322413435847,0.03500868496233729,0.1712562518226868,0.009140184765746025,1.920500110281231e-05,0.0008290045560687622,7.49698165018199e-05,ed2419ea1f880584,equal_component_weights
S7,forward_rollout_proxy,False,970024,0.5,0.125,4,1,84,16,0,0.0,0.0,,145.74693677222854,0.7038190574871643,1.9121951219512199,0.016277614584398362,0.9837223854156016,168,0,0,11114.118476687652,11114.118476687654,11114.118476687652,1.5,0.391448744971488,0.13723350700826525,0.00015250982881176098,95.25,38.10000000000004,0.11358340645802122,3,3:heatwave:alternative|8:wildfire:reserve|41:wildfire:origin|43:funding_collapse|51:wildfire:origin|62:heatwave:semiwild|81:heatwave:reserve|96:heatwave:alternative,0.013178965597662701,0.051553395460695296,0.011595909107182827,0.003952918844161369,1.8301179457411316e-05,0.0007192285093983012,0.0004881432195054844,ed2419ea1f880584,equal_component_weights
S7,forward_rollout_proxy,False,970025,0.625,0.625,5,5,911,911,1,0.3333333333333333,1.0,14.0,228.76496331061037,0.48552174945136317,2.871518315997065,0.06512099942840306,0.9348790005715969,36,0,0,11187.611995802956,11187.611995802956,2237.5223991605912,1.5,0.6027490722982093,0.4032495567273101,0.00024510925632701097,47.5,19.00000000000001,0.1650473316875929,2,18:heatwave:origin|25:heatwave:alternative|50:funding_collapse|52:heatwave:origin|55:heatwave:origin,0.01590990614378745,0.03078780879589691,0.26263486017310655,0.019625948625171537,2.9413110759241315e-05,0.001252752230476335,8.071831578016991e-05,ed2419ea1f880584,equal_component_weights
S7,forward_rollout_proxy,False,970026,0.625,0.625,5,5,626,626,0,0.0,0.0,,315.3520148397436,0.6320286007263306,4.141326010133301,0.001383981452475525,0.9986160185475245,124,0,0,11196.336321163513,11196.336321163513,2239.2672642327025,1.5,0.6319598365785399,0.4191332395480597,0.00022920763225041334,88.75,35.500000000000036,0.1663699789443634,3,26:funding_collapse|60:flood:semiwild|84:wildfire:reserve,0.017158784798145314,0.03887754347312986,0.11532999695659661,0.014291248482343158,2.7504915870049596e-05,0.0012241756603711415,8.059427484370377e-05,ed2419ea1f880584,equal_component_weights
S7,forward_rollout_proxy,False,970027,0.625,0.625,5,5,517,517,2,0.6666666666666666,1.0,14.0,226.61979807959477,0.49015264821667354,3.2337160918904075,0.047646869669652765,0.9523531303303472,47,0,0,11227.985620485,11227.985620485,2245.5971240970002,1.5,0.5195878766535863,0.3979834198722375,0.0001947565543071161,46.25,18.5,0.16218735643987384,1,3:heatwave:origin|13:funding_collapse|68:heatwave:origin|74:wildfire:origin|78:flood:alternative|92:wildfire:reserve|94:funding_collapse,0.015049512626004444,0.03141943342779713,0.2629872704064334,0.010831377220998155,2.3370786516853933e-05,0.0006170945422629126,7.779079724452842e-05,ed2419ea1f880584,equal_component_weights
S7,forward_rollout_proxy,False,970028,0.625,0.375,5,3,166,141,0,0.0,0.0,,184.2866635953656,0.7355964286394139,1.972208930007812,0.03949494198411518,0.9605050580158848,106,0,0,11169.39869857633,11169.39869857633,3723.132899525443,1.5,0.5365277889703942,0.26730605178978945,0.0003165657537144241,66.5,26.600000000000005,0.12590591796335934,3,14:heatwave:alternative|22:flood:reserve|24:heatwave:semiwild|35:wildfire:semiwild|74:flood:alternative,0.016866009973980786,0.05028581967384019,0.007567881796748507,0.0032986732538439183,3.7987890445730884e-05,0.0007859575189896763,0.00023919174800585057,ed2419ea1f880584,equal_component_weights
S7,forward_rollout_proxy,False,970029,0.625,0.625,5,5,904,904,1,0.3333333333333333,1.0,28.0,308.08736208319283,0.5846668435155035,3.722986911477302,0.0001846778898971448,0.9998153221101028,30,0,0,11220.822764369901,11220.822764369903,2244.16455287398,1.5,0.6495414390249031,0.41642221995429096,0.0004119279793735547,70.75,28.30000000000003,0.1649410346851382,2,52:heatwave:alternative|88:wildfire:semiwild,0.016849453097118584,0.033692849158172763,0.1708418173401014,0.012523320573190309,4.943135752482656e-05,0.0010855266522555864,6.598969610923072e-05,ed2419ea1f880584,equal_component_weights
S7,forward_rollout_proxy,False,970030,0.5,0.5,4,4,239,154,0,0.0,0.0,,226.12826097580054,0.6653316424497647,2.5864255097540614,0.00680772319715873,0.9931922768028413,155,0,0,11148.288053736547,11148.288053736545,2787.072013434137,1.5,0.41542291813111404,0.32149208556953796,0.0003082419471717925,85.5,34.20000000000004,0.1454276932944295,3,36:wildfire:origin|41:flood:origin|51:funding_collapse|56:flood:reserve|72:funding_collapse|77:heatwave:alternative|80:heatwave:reserve,0.016535821712774457,0.04720882101462691,0.06386802113856872,0.014264868716431553,3.69890336606151e-05,0.0010774425811242903,0.00014346711782566065,ed2419ea1f880584,equal_component_weights
S7,forward_rollout_proxy,False,970031,0.625,0.625,5,5,626,626,0,0.0,0.0,,289.7053824658815,0.6220763312378205,3.166751293511485,0.00258331954058263,0.9974166804594173,131,0,0,11227.249196217217,11227.249196217217,2245.4498392434434,1.5,0.5779274679442071,0.40475115183764504,4.651087849704339e-05,70.0,28.00000000000002,0.1702044605405475,3,54:heatwave:origin|57:heatwave:origin|77:wildfire:reserve|95:wildfire:semiwild,0.01690434825730176,0.03963499170130938,0.12402269811690628,0.013741460175179248,5.581305419645207e-06,0.001262999506203011,6.869011485228562e-05,ed2419ea1f880584,equal_component_weights
S7,forward_rollout_proxy,False,970032,0.625,0.25,5,2,168,8,0,0.0,0.0,,206.8008968470038,0.7130797031133683,3.725352949463149,0.004482273368971159,0.9955177266310289,88,0,0,11123.622927850429,11123.622927850429,5561.811463925214,1.5,0.25358780100362416,0.19602097202994298,5.1813471502590674e-05,83.5,33.40000000000002,0.1045433121747454,3,25:funding_collapse|25:heatwave:reserve|27:heatwave:reserve|51:funding_collapse|66:flood:alternative|69:wildfire:semiwild|73:heatwave:reserve|80:flood:alternative|96:flood:origin,0.015470753092138346,0.05072445566873423,0.01517169142056006,0.00351356557444588,6.2176165803108806e-06,0.0009978669143554338,0.00018550692847123248,ed2419ea1f880584,equal_component_weights
S7,forward_rollout_proxy,False,970033,0.75,0.75,6,6,1166,1166,0,0.0,0.0,,320.16019564503745,0.5721791130995252,3.2773984801418616,0.010432662076434118,0.9895673379235659,77,0,0,11233.08602965021,11233.08602965021,1872.1810049417018,1.5,0.6680197634251238,0.47481169060169415,0.00015706277121808456,75.75,30.300000000000033,0.18867864728881548,3,100:heatwave:reserve,0.016859530033542264,0.03263720474497201,0.18036671059742,0.014675565007197189,1.8847532546170147e-05,0.0011876860899170693,7.089354563506874e-05,ed2419ea1f880584,equal_component_weights
S7,forward_rollout_proxy,False,970034,0.625,0.625,5,5,1044,1044,1,0.3333333333333333,1.0,19.0,306.3969761299416,0.5917488491351522,4.008918409484004,0.0034003548082575316,0.9965996451917425,62,0,0,11193.663885779719,11193.663885779719,2238.732777155944,1.5,0.6082570406608568,0.4153505681616898,0.00025074476949755645,80.0,32.00000000000003,0.16592840000382056,2,20:funding_collapse|96:heatwave:alternative|98:wildfire:origin,0.017085007589814537,0.03393524007187141,0.16042436413185157,0.01474701560509619,3.0089372339706775e-05,0.0011476330331058934,7.85311607145022e-05,ed2419ea1f880584,equal_component_weights
S7,forward_rollout_proxy,False,970035,0.625,0.125,5,1,39,0,0,0.0,0.0,,155.57363600542573,0.6043931753604328,1.988235294117647,0.010479179487179486,0.9895208205128205,100,0,0,11114.85282154279,11114.85282154279,11114.85282154279,1.5,0.3404453910696197,0.1403394361672895,0.00010159736903922951,75.25,30.10000000000003,0.15081272059575523,3,3:heatwave:alternative|11:wildfire:origin|21:funding_collapse|55:funding_collapse|60:wildfire:reserve|71:funding_collapse|74:wildfire:reserve|91:flood:alternative,0.01313302196149875,0.04993326713877612,0.10837356444537974,0.014822397095392324,1.219168428470754e-05,0.0009877609513514055,0.00029751422820508506,ed2419ea1f880584,equal_component_weights
S7,forward_rollout_proxy,False,970036,0.625,0.375,5,3,496,496,2,0.6666666666666666,1.0,22.5,227.90481786998265,0.7589149219359242,3.115825479059216,0.07396906115391699,0.926030938846083,26,0,0,11162.542532634363,11162.542532634365,3720.847510878121,1.5,0.3879536666666666,0.2650267802272893,0.00010582890070921985,44.5,17.799999999999997,0.13161579385015246,1,21:funding_collapse|30:wildfire:reserve|31:wildfire:reserve|63:flood:reserve|66:wildfire:reserve|79:flood:origin,0.01977566627214967,0.041315762006441534,2.6886229140845522e-05,8.835405289735887e-05,1.2699468085106383e-05,0.0007532606750816107,0.0001323541951786915,ed2419ea1f880584,equal_component_weights
S7,forward_rollout_proxy,False,970037,0.5,0.5,4,4,743,729,0,0.0,0.0,,252.5109210792668,0.5561380400900471,4.337284896332855,0.006256505613012476,0.9937434943869875,95,0,0,11117.614965530249,11117.61496553025,2779.403741382562,1.5,0.43925086879536274,0.3403286771032284,0.00047919124352619976,52.75,21.099999999999994,0.14015370630181762,3,11:wildfire:semiwild|13:funding_collapse|13:wildfire:alternative|27:heatwave:alternative|38:flood:origin|51:funding_collapse|57:heatwave:origin|75:heatwave:alternative|87:flood:semiwild,0.016203665022322986,0.03156975540980388,0.19082404998113625,0.020067670914818314,5.750294922314398e-05,0.0013131849456519368,6.569398138892756e-05,ed2419ea1f880584,equal_component_weights
S7,forward_rollout_proxy,False,970038,0.625,0.625,5,5,346,343,1,0.3333333333333333,1.0,17.0,220.64867783117603,0.566198857400584,2.6666565922486685,0.06230919921899112,0.9376908007810089,127,0,0,11178.64931190824,11178.64931190824,2235.729862381648,1.5,0.5086198483669099,0.3922571100322739,0.0005337957943165695,63.25,25.30000000000002,0.16739279636548107,2,18:funding_collapse|21:heatwave:origin|59:flood:origin|65:funding_collapse|76:flood:reserve|81:wildfire:semiwild|82:wildfire:alternative|98:flood:reserve,0.015783676433555917,0.038644821700745846,0.16860040602075466,0.023291704991456767,6.405549531798834e-05,0.0014426502464983777,0.00010087930327993702,ed2419ea1f880584,equal_component_weights
S7,forward_rollout_proxy,False,970039,0.875,0.75,7,6,1034,1034,0,0.0,0.0,,281.5805652022508,0.5410973469509144,3.633242599029849,0.056162115988096985,0.943837884011903,33,0,0,11190.914689605477,11190.914689605477,1865.1524482675795,1.5,0.66170141392969,0.4792931163671862,0.00016328978938949613,74.5,29.800000000000022,0.1964527449195933,3,25:wildfire:semiwild|53:flood:alternative|75:funding_collapse,0.016625308139568088,0.03284590634341075,0.21101979639605045,0.015980104473461768,1.9594774726739537e-05,0.001161661267708139,6.706754221672214e-05,ed2419ea1f880584,equal_component_weights
S7,forward_rollout_proxy,False,970040,0.5,0.5,4,4,780,780,1,0.3333333333333333,1.0,16.0,270.3320341051614,0.5997817481068429,4.523108765206159,0.004066417611948692,0.9959335823880513,22,0,0,11189.08773809629,11189.087738096292,2797.2719345240725,1.5,0.7033561504557988,0.3682688151593917,0.00012913408900195797,55.0,22.00000000000001,0.13851056230875108,2,4:funding_collapse|53:wildfire:alternative|86:heatwave:semiwild,0.01684257788857764,0.032403858556422055,0.1552976364909288,0.01411035899465251,1.549609068023496e-05,0.0012390109304035394,6.06113906517342e-05,ed2419ea1f880584,equal_component_weights
S7,forward_rollout_proxy,False,970041,0.5,0.125,4,1,1,1,0,0.0,0.0,,157.47602602974806,0.738736394022279,1.0,0.16799595176009915,0.8320040482399008,61,0,0,11024.592984583958,11024.592984583958,11024.592984583958,1.5,0.4499487056629165,0.1353553232795245,0.0017059999359586811,44.0,17.60000000000001,0.12055226356616418,3,10:wildfire:reserve|11:heatwave:reserve|20:heatwave:alternative|29:funding_collapse|38:funding_collapse|48:funding_collapse|99:wildfire:alternative,0.017463613345829073,0.051821649521128464,0.0005465469683774501,0.0009280800222252171,0.00020471999231504176,0.0011395698630404525,0.00044116069879089,ed2419ea1f880584,equal_component_weights
S7,forward_rollout_proxy,False,970042,0.5,0.375,4,3,317,299,2,0.6666666666666666,1.0,15.0,161.44313287447716,0.5814770830952287,2.4997038213185436,0.0007844431312413234,0.9992155568687586,106,0,0,11179.830465302975,11179.830465302975,3726.610155100992,1.5,0.5023499435879695,0.2700599709906244,0.00018704259888266173,69.25,27.700000000000017,0.13038969209321005,1,5:heatwave:origin|9:flood:origin|19:funding_collapse|21:wildfire:alternative|50:wildfire:reserve|52:flood:alternative|72:funding_collapse|89:funding_collapse,0.014681700965297893,0.04537372350764354,0.13518773817156748,0.030964744252583047,2.2445111865919407e-05,0.0014480303968797206,0.00014529045363378772,ed2419ea1f880584,equal_component_weights
S7,forward_rollout_proxy,False,970043,0.625,0.5,5,4,460,430,0,0.0,0.0,,236.25666752655135,0.692503663531716,2.7803406809998776,0.0007777405434049493,0.999222259456595,183,0,0,11149.406746937457,11149.406746937457,2787.351686734364,1.5,0.6070160517551325,0.34239452369661516,0.0003901287353752142,99.25,39.700000000000045,0.14444755855551555,3,37:funding_collapse|51:flood:alternative|59:wildfire:reserve|64:wildfire:semiwild|75:heatwave:semiwild|81:funding_collapse,0.016904365311392066,0.048478881536738225,0.04494116306998543,0.012873496903342788,4.6815448245025704e-05,0.0013275842995743028,0.00014592357557604232,ed2419ea1f880584,equal_component_weights
S7,forward_rollout_proxy,False,970044,0.625,0.625,5,5,1104,1101,0,0.0,0.0,,353.78914213695543,0.6181087954322674,3.086853434931181,0.03216290455110574,0.9678370954488943,107,0,0,11190.513431223442,11190.513431223444,2238.1026862446884,1.5,0.6192629810339272,0.4081944767400211,0.00017396677049285748,71.75,28.700000000000028,0.17074822143658258,3,1:funding_collapse|37:wildfire:semiwild|46:flood:origin|58:heatwave:origin|78:flood:reserve,0.017296262268502605,0.03688364570188358,0.1333492776894412,0.010772039278580564,2.0876012459142894e-05,0.0012209811773343825,6.872579420449647e-05,ed2419ea1f880584,equal_component_weights
S7,forward_rollout_proxy,False,970045,0.5,0.5,4,4,1154,1154,2,0.6666666666666666,1.0,19.5,338.23217491300596,0.6445454063502458,4.181917447765129,0.00539416840022232,0.9946058315997777,46,0,0,11184.04762611196,11184.047626111958,2796.01190652799,1.5,0.7395316668150179,0.3678771572759591,0.0005412097903179002,60.0,24.00000000000001,0.13552408058402993,1,82:funding_collapse,0.01750523061568089,0.033194602630163585,0.11093729099082349,0.011701721330530735,6.494517483814801e-05,0.001137732032912783,6.857889953405729e-05,ed2419ea1f880584,equal_component_weights
S7,forward_rollout_proxy,False,970046,0.625,0.5,5,4,601,594,2,0.6666666666666666,1.0,28.0,258.6109944307274,0.633101272889469,3.7834078749496487,0.0015627875253856815,0.9984372124746144,39,0,0,11127.859631213421,11127.859631213421,2781.9649078033553,1.5,0.5582036474184257,0.3478754344249192,0.00039426752774600316,66.25,26.500000000000018,0.14610495466790088,1,14:funding_collapse|19:heatwave:semiwild|53:heatwave:alternative|64:funding_collapse|68:funding_collapse|96:heatwave:reserve|97:flood:alternative,0.01684372562322211,0.035064068790720854,0.12745435223415533,0.005600378090078869,4.731210332952038e-05,0.0007487357966272843,8.40456958180877e-05,ed2419ea1f880584,equal_component_weights
S7,forward_rollout_proxy,False,970047,0.5,0.5,4,4,989,989,0,0.0,0.0,,301.39485005475996,0.6191107686602187,3.775832137586311,0.0017283130641171283,0.9982716869358829,39,0,0,11217.414117819037,11217.414117819037,2804.353529454759,1.5,0.7402323631408665,0.3653215085385648,0.0004513577622210563,58.25,23.300000000000015,0.14269975424307518,3,65:wildfire:semiwild,0.017116538460021508,0.032030695859921854,0.13140223842415769,0.018139342553464718,5.416293146652674e-05,0.0011784875416200697,6.414968099730247e-05,ed2419ea1f880584,equal_component_weights
